{
"type": "FeatureCollection",
"name": "303246_SITIO_SAO_MARTINHO_30-03-2026_03-07-2026_07h42m",
"crs": { "type": "name", "properties": { "name": "urn:ogc:def:crs:OGC:1.3:CRS84" } },
"features": [
{ "type": "Feature", "properties": { "CHAVE": "3032464", "FAZENDA": "303246", "NOME_FAZ": "SITIO SAO MARTINHO", "ZONA": 999.0, "TALHAO": 4.0, "AREA_TOTAL": 10.925317967120186, "TIPO_GEO": "TALHAO", "DATA_INICI": null, "DATA_FINAL": null, "HORA_INICI": null, "HORA_FINAL": null, "CLASSE": null, "PILOTO": null, "AERONAVE": null, "AREA_HA": null }, "geometry": { "type": "Polygon", "coordinates": [ [ [ -50.272649188021703, -21.593659325226309 ], [ -50.272672770168498, -21.593675858383389 ], [ -50.272696342044703, -21.593692407054512 ], [ -50.272719919603396, -21.593708950058694 ], [ -50.272743519312705, -21.593725465386207 ], [ -50.272767157640303, -21.593741931027491 ], [ -50.272790851054403, -21.593758324972896 ], [ -50.2728146160227, -21.593774625212806 ], [ -50.272838469013401, -21.593790809737392 ], [ -50.2728624264942, -21.5938068565371 ], [ -50.272886499240499, -21.593822751170002 ], [ -50.272910675155302, -21.593838509601493 ], [ -50.272934936397803, -21.593854155432588 ], [ -50.272959265127398, -21.593869712264695 ], [ -50.272983643502997, -21.593885203698896 ], [ -50.273008053684201, -21.593900653336387 ], [ -50.27303247783, -21.593916084778488 ], [ -50.273056898099803, -21.593931521626388 ], [ -50.273081296652897, -21.593946987481303 ], [ -50.2731056556485, -21.593962505944596 ], [ -50.2731299572458, -21.593978100617399 ], [ -50.273154183604298, -21.593993795101103 ], [ -50.273178320547501, -21.594009608122192 ], [ -50.2732023705221, -21.594025536293692 ], [ -50.2732263406862, -21.594041569960908 ], [ -50.273250238198102, -21.594057699468792 ], [ -50.273274070216097, -21.594073915162102 ], [ -50.273297843898703, -21.594090207385893 ], [ -50.2733215664041, -21.594106566485099 ], [ -50.273345244890606, -21.594122982804592 ], [ -50.2733688865167, -21.594139446689297 ], [ -50.2733924984406, -21.594155948484101 ], [ -50.2734160878206, -21.594172478533906 ], [ -50.273439661815097, -21.594189027183713 ], [ -50.273463227536901, -21.594205584844484 ], [ -50.273486790264997, -21.594222144602202 ], [ -50.273510352858203, -21.594238703071589 ], [ -50.273533918010003, -21.594255257109189 ], [ -50.273557488413601, -21.594271803571491 ], [ -50.273581066762198, -21.5942883393149 ], [ -50.273604655749303, -21.594304861195898 ], [ -50.273628258068101, -21.594321366071 ], [ -50.273651876411897, -21.594337850796503 ], [ -50.273675513473997, -21.594354312229001 ], [ -50.273699172000207, -21.594370747110087 ], [ -50.273722855075803, -21.594387151437296 ], [ -50.273746565921698, -21.594403520911193 ], [ -50.273770307759101, -21.594419851231791 ], [ -50.2737940838092, -21.594436138098999 ], [ -50.2738178972931, -21.594452377212697 ], [ -50.273841751432201, -21.594468564272784 ], [ -50.2738656494476, -21.5944846949793 ], [ -50.273889594560501, -21.594500765031999 ], [ -50.273913589992098, -21.594516770130795 ], [ -50.273937638963602, -21.594532705975787 ], [ -50.273961744696102, -21.594548568266593 ], [ -50.273985910411, -21.59456435270339 ], [ -50.274010139329299, -21.594580054985894 ], [ -50.274034434672302, -21.594595670814098 ], [ -50.274058799661205, -21.594611195887801 ], [ -50.274083237517097, -21.594626625907001 ], [ -50.274107748650401, -21.594641960146998 ], [ -50.274132312402202, -21.5946572246825 ], [ -50.274156898553798, -21.594672457748391 ], [ -50.274181476838898, -21.59468769764009 ], [ -50.274206016991201, -21.5947029826532 ], [ -50.274230488744301, -21.594718351083088 ], [ -50.274254861831899, -21.594733841225398 ], [ -50.274279105987702, -21.594749491375598 ], [ -50.274303190945503, -21.594765339829301 ], [ -50.274327086442099, -21.594781424878001 ], [ -50.274350773737702, -21.594797770612889 ], [ -50.2743643633668, -21.594807361967298 ], [ -50.274371605353203, -21.594796202257804 ], [ -50.274378837394003, -21.594785087868278 ], [ -50.274386418039001, -21.594773476282306 ], [ -50.274394434439003, -21.594761243200498 ], [ -50.274402969327198, -21.594748283674992 ], [ -50.274412031001901, -21.594734818774498 ], [ -50.2744215658809, -21.594721340601005 ], [ -50.274431518501501, -21.594708349493601 ], [ -50.274441833401298, -21.594696345791196 ], [ -50.274452455118002, -21.594685829832592 ], [ -50.274463328189299, -21.594677301956789 ], [ -50.274474397153305, -21.594671262502803 ], [ -50.274485606548303, -21.594668211809587 ], [ -50.274502332122701, -21.594668861035899 ], [ -50.274524337363204, -21.594684248587797 ], [ -50.274538425979799, -21.594702389921093 ], [ -50.274549219983101, -21.594720168035188 ], [ -50.274557849795499, -21.594744658879101 ], [ -50.274562486775807, -21.594766875672502 ], [ -50.274566572171508, -21.594790722699294 ], [ -50.274569031077696, -21.594803827830603 ], [ -50.2745717085702, -21.594817037860199 ], [ -50.274574448268204, -21.5948303196101 ], [ -50.274577093075102, -21.594843639846701 ], [ -50.2745794858944, -21.594856965336394 ], [ -50.274581469629403, -21.594870262845699 ], [ -50.274582887183399, -21.594883499141002 ], [ -50.274583581459801, -21.59489664098869 ], [ -50.274583395361702, -21.594909655155295 ], [ -50.274582171792197, -21.594922508407198 ], [ -50.274578599601, -21.594941209052603 ], [ -50.274570558291302, -21.594960880253009 ], [ -50.274581560168102, -21.594969174017699 ], [ -50.274604608344802, -21.594986418364201 ], [ -50.274627755419502, -21.595003556853303 ], [ -50.274651011527801, -21.595020576799392 ], [ -50.274674371539298, -21.595037483203093 ], [ -50.2746978296747, -21.595054281817102 ], [ -50.27472138015451, -21.595070978393704 ], [ -50.274745017199507, -21.595087578685593 ], [ -50.274768735030101, -21.595104088445201 ], [ -50.274792527867099, -21.595120513425098 ], [ -50.274816389931097, -21.595136859377789 ], [ -50.274840315442702, -21.595153132055799 ], [ -50.274864298622603, -21.595169337211683 ], [ -50.274888333691301, -21.595185480597994 ], [ -50.274912414869497, -21.595201567967308 ], [ -50.274936536377901, -21.595217605072094 ], [ -50.274960692436998, -21.595233597664901 ], [ -50.274984877267507, -21.595249551498309 ], [ -50.275009085090097, -21.5952654723249 ], [ -50.275033310125401, -21.595281365897197 ], [ -50.275057546593999, -21.595297237967699 ], [ -50.275081788716598, -21.595313094289196 ], [ -50.275106030713701, -21.595328940613999 ], [ -50.275130266806201, -21.595344782694799 ], [ -50.275154491214501, -21.595360626284183 ], [ -50.275178698159301, -21.595376477134696 ], [ -50.275202881861297, -21.595392340998998 ], [ -50.275227036541203, -21.595408223629502 ], [ -50.2752511564195, -21.595424130778994 ], [ -50.275275235716897, -21.595440068200002 ], [ -50.275299268654202, -21.595456041644994 ], [ -50.275323249451802, -21.595472056866704 ], [ -50.275347172330605, -21.595488119617809 ], [ -50.275371031511, -21.59550423565069 ], [ -50.275394821213901, -21.595520410718095 ], [ -50.275418535659803, -21.595536650572605 ], [ -50.275442169069301, -21.595552960966906 ], [ -50.275465715663302, -21.595569347653491 ], [ -50.275489169662201, -21.5955858163851 ], [ -50.2755125252868, -21.595602372914293 ], [ -50.275535776757799, -21.595619022993795 ], [ -50.275558918295701, -21.595635772376003 ], [ -50.2755819441212, -21.595652626813802 ], [ -50.275604848455103, -21.5956695920597 ], [ -50.275627625517906, -21.59568667386629 ], [ -50.275650269530303, -21.595703877986402 ], [ -50.275672782091199, -21.595721203561006 ], [ -50.275695243670597, -21.595738579054789 ], [ -50.275717782528403, -21.595755890108105 ], [ -50.275740527592802, -21.595773021762405 ], [ -50.275763607791802, -21.595789859058979 ], [ -50.275787152053603, -21.595806287039299 ], [ -50.275811289306098, -21.595822190744496 ], [ -50.275836148477609, -21.595837455215605 ], [ -50.275861858496, -21.595851965493896 ], [ -50.275888548289203, -21.595865606620201 ], [ -50.275916188441997, -21.595878395180595 ], [ -50.275943511321401, -21.595891376421903 ], [ -50.275970583158397, -21.595907199951 ], [ -50.275986461923999, -21.595905757187413 ], [ -50.275991041259999, -21.595905341929395 ], [ -50.275995620639698, -21.595904927596699 ], [ -50.276000200068303, -21.59590451429219 ], [ -50.276004779551698, -21.595904102118695 ], [ -50.276009359095099, -21.595903691179291 ], [ -50.276018722477502, -21.595902853713792 ], [ -50.276032428162502, -21.595901641787904 ], [ -50.276046145041299, -21.595900445595902 ], [ -50.276059865600899, -21.595899268621292 ], [ -50.276073594220598, -21.595898113281493 ], [ -50.276087326705898, -21.5958969827137 ], [ -50.276101062460398, -21.595895879749403 ], [ -50.276114801142803, -21.595894807201791 ], [ -50.276128542567797, -21.595893767875097 ], [ -50.276142279655403, -21.595892765080396 ], [ -50.276156012556797, -21.595891801505697 ], [ -50.276169760460597, -21.595890878674606 ], [ -50.276183511041097, -21.595890000258603 ], [ -50.276197262713602, -21.595889169164401 ], [ -50.276211019551099, -21.595888387927999 ], [ -50.276224778336903, -21.595887659504999 ], [ -50.276238540011498, -21.595886986624198 ], [ -50.276252304708599, -21.595886372065191 ], [ -50.276266072339006, -21.595885818621898 ], [ -50.276279843252297, -21.595885329071802 ], [ -50.276293617613099, -21.595884906187703 ], [ -50.276307360110998, -21.595884553658703 ], [ -50.276322673025902, -21.595884241146301 ], [ -50.276340817048101, -21.59588396482761 ], [ -50.276357901607803, -21.595883747514094 ], [ -50.276367085887202, -21.59588362924779 ], [ -50.2763716779681, -21.595883567738497 ], [ -50.276376270005599, -21.595883503548304 ], [ -50.276380881225798, -21.595883435557507 ], [ -50.2763854747217, -21.595883363460594 ], [ -50.276390068460003, -21.5958832857667 ], [ -50.276394664752701, -21.595883201743703 ], [ -50.27639926286141, -21.595883110864598 ], [ -50.2764038613279, -21.595883012616405 ], [ -50.2764084586859, -21.595882906488605 ], [ -50.2764130534608, -21.595882791972507 ], [ -50.2764176441693, -21.595882668562194 ], [ -50.276422232273497, -21.59588253566859 ], [ -50.2764268221284, -21.595882393252793 ], [ -50.276431413863897, -21.595882241922308 ], [ -50.276436005186397, -21.595882081858395 ], [ -50.276440596096201, -21.595881913170601 ], [ -50.276445186596703, -21.595881735968106 ], [ -50.2764497766914, -21.595881550360492 ], [ -50.276454366383803, -21.595881356457198 ], [ -50.276458955677199, -21.595881154367707 ], [ -50.276463544575002, -21.595880944201912 ], [ -50.276468133080307, -21.595880726069186 ], [ -50.276472721196399, -21.595880500079499 ], [ -50.276477308926403, -21.595880266342693 ], [ -50.276481896273403, -21.595880024968501 ], [ -50.276486483242998, -21.595879776066901 ], [ -50.276491069839402, -21.595879519748397 ], [ -50.276495656057897, -21.595879256123798 ], [ -50.276500241895199, -21.595878985302402 ], [ -50.2765048273547, -21.595878707393098 ], [ -50.276509412440198, -21.595878422504999 ], [ -50.276513997155, -21.595878130747288 ], [ -50.276518581502799, -21.595877832228997 ], [ -50.276523165486999, -21.595877527059397 ], [ -50.276527749110997, -21.595877215347894 ], [ -50.276532332378402, -21.595876897203699 ], [ -50.276536915292404, -21.595876572736302 ], [ -50.276541497856499, -21.595876242055301 ], [ -50.276546080074098, -21.595875905270191 ], [ -50.276550661948399, -21.595875562490608 ], [ -50.276555243482697, -21.595875213826403 ], [ -50.276559824680398, -21.595874859387212 ], [ -50.276564405544697, -21.595874499283003 ], [ -50.2765689860789, -21.595874133623692 ], [ -50.276573566286203, -21.595873762519293 ], [ -50.276578146169904, -21.595873386079806 ], [ -50.2765827257331, -21.595873004415392 ], [ -50.27658730497911, -21.595872617636399 ], [ -50.276591883917298, -21.595872225852393 ], [ -50.276596462551403, -21.595871829175195 ], [ -50.276601040869998, -21.595871427716297 ], [ -50.276605618868302, -21.595871021584991 ], [ -50.276610196549697, -21.5958706108899 ], [ -50.276614773917508, -21.595870195739693 ], [ -50.276619331998802, -21.595869778 ], [ -50.276623909237699, -21.595869354237387 ], [ -50.276628486172797, -21.595868926344906 ], [ -50.276633062807299, -21.595868494431489 ], [ -50.276637639144802, -21.595868058606097 ], [ -50.276642215188303, -21.595867618978005 ], [ -50.2766467909412, -21.595867175656302 ], [ -50.276651366406803, -21.595866728750405 ], [ -50.276655941588409, -21.595866278369495 ], [ -50.2766605164894, -21.595865824623008 ], [ -50.276665091112903, -21.595865367620405 ], [ -50.276669665462499, -21.595864907471405 ], [ -50.2766742395414, -21.595864444285397 ], [ -50.2766788133532, -21.595863978172098 ], [ -50.276683386900899, -21.595863509241298 ], [ -50.276687960188099, -21.595863037602896 ], [ -50.276692533218203, -21.595862563366587 ], [ -50.2766971059946, -21.595862086642597 ], [ -50.276701678520702, -21.595861607540588 ], [ -50.276706250800103, -21.595861126170988 ], [ -50.276715394632198, -21.595860157069101 ], [ -50.276719966191997, -21.595859669557395 ], [ -50.2767291086166, -21.595858689164309 ], [ -50.276738250139097, -21.595857702347985 ], [ -50.276747391003703, -21.595856709983298 ], [ -50.276756530555197, -21.595855713083797 ], [ -50.2767656687667, -21.595854712516605 ], [ -50.276774805761598, -21.595853709122601 ], [ -50.2767793738414, -21.5958532066287 ], [ -50.276783941663403, -21.595852703743791 ], [ -50.276788509242998, -21.595852200573589 ], [ -50.276797643736899, -21.595851193798797 ], [ -50.276802210682199, -21.595850690405292 ], [ -50.2768067774469, -21.595850187148699 ], [ -50.276811344046806, -21.595849684134805 ], [ -50.276815910497, -21.595849181469301 ], [ -50.276820476813398, -21.595848679258097 ], [ -50.2768250430112, -21.595848177607103 ], [ -50.276829609106009, -21.595847676622391 ], [ -50.2768341751134, -21.5958471764101 ], [ -50.276838741048998, -21.595846677076295 ], [ -50.2768433069281, -21.595846178727093 ], [ -50.276847872766403, -21.595845681468997 ], [ -50.276852438579603, -21.595845185408198 ], [ -50.276857004382897, -21.595844690651305 ], [ -50.27686633858, -21.595843682068498 ], [ -50.276880002871799, -21.59584222022 ], [ -50.2768934761962, -21.595840796087501 ], [ -50.276907273746602, -21.595839356977201 ], [ -50.276920963743599, -21.595837948538279 ], [ -50.276934654940803, -21.595836560399096 ], [ -50.2769483480592, -21.595835193456399 ], [ -50.276962043779299, -21.5958338486119 ], [ -50.276975742820305, -21.595832526763797 ], [ -50.276989445854099, -21.595831228815189 ], [ -50.2770031535889, -21.595829955666485 ], [ -50.277016866348099, -21.595828708253304 ], [ -50.2770305857224, -21.595827487392899 ], [ -50.277044311277599, -21.595826294084294 ], [ -50.277058044231403, -21.595825129181701 ], [ -50.277071785427303, -21.595823993572999 ], [ -50.277085535742401, -21.595822888143296 ], [ -50.2770992960576, -21.595821813778109 ], [ -50.277113067224803, -21.595820771365503 ], [ -50.277126850102, -21.59581976179339 ], [ -50.2771422622411, -21.595818671590308 ], [ -50.277159633934197, -21.595817494753494 ], [ -50.277177432256501, -21.595816312249692 ], [ -50.27718664132, -21.595815698830901 ], [ -50.277195850726997, -21.595815079862103 ], [ -50.277200455343802, -21.595814767032088 ], [ -50.277205059902101, -21.595814451301695 ], [ -50.277209663845298, -21.595814132226092 ], [ -50.277214286860797, -21.595813807873395 ], [ -50.277218891521301, -21.595813480347207 ], [ -50.277223495171, -21.595813147897303 ], [ -50.277228097693303, -21.595812809999888 ], [ -50.2772326989707, -21.59581246613309 ], [ -50.277237298885801, -21.595812115776496 ], [ -50.277241897321197, -21.595811758411202 ], [ -50.277246494158803, -21.595811393519995 ], [ -50.277251089280803, -21.595811020587298 ], [ -50.277255682569198, -21.595810639098904 ], [ -50.277260273906101, -21.595810248542396 ], [ -50.277264863173698, -21.595809848406699 ], [ -50.277269450254011, -21.59580943818229 ], [ -50.2772740350295, -21.5958090173614 ], [ -50.277278617382699, -21.595808585437393 ], [ -50.277283197196702, -21.595808141905298 ], [ -50.277287774354598, -21.595807686261796 ], [ -50.277292348740097, -21.595807218004794 ], [ -50.277296920237397, -21.595806736633698 ], [ -50.277301488731503, -21.595806241649182 ], [ -50.277306054107598, -21.595805732553792 ], [ -50.277310616240108, -21.59580520885229 ], [ -50.277315174781698, -21.595804670074905 ], [ -50.277319729440201, -21.595804115698396 ], [ -50.277324280195003, -21.595803545178793 ], [ -50.277328826981794, -21.5958029579913 ], [ -50.277333369678701, -21.595802353620002 ], [ -50.277337908165002, -21.595801731550104 ], [ -50.277342442321299, -21.595801091268292 ], [ -50.277346972029903, -21.595800432262394 ], [ -50.277351497174898, -21.595799754021801 ], [ -50.277356017641601, -21.595799056036796 ], [ -50.277360533317598, -21.595798337798893 ], [ -50.277365044091908, -21.595797598800694 ], [ -50.277369549796902, -21.595796838545699 ], [ -50.277374050230101, -21.595796056532304 ], [ -50.277378545259197, -21.595795252243288 ], [ -50.277383034781103, -21.595794425162008 ], [ -50.277387518675603, -21.595793574776305 ], [ -50.277391996810699, -21.595792700577299 ], [ -50.277396464482898, -21.595791802972798 ], [ -50.2774009241069, -21.595790879920205 ], [ -50.277405384845402, -21.595789929412991 ], [ -50.277409846873702, -21.595788952626389 ], [ -50.2774143040957, -21.595787952059911 ], [ -50.277418750482603, -21.595786930221902 ], [ -50.277423185159201, -21.595785888430804 ], [ -50.277427615990099, -21.595784827053098 ], [ -50.277432046616198, -21.595783748280294 ], [ -50.2774364739075, -21.595782655028401 ], [ -50.277440898741098, -21.595781549276495 ], [ -50.277445322003402, -21.595780433026992 ], [ -50.277449744588097, -21.595779308306806 ], [ -50.277454150438601, -21.595778181521297 ], [ -50.277463019591401, -21.595775903404089 ], [ -50.277467456149097, -21.595774763594108 ], [ -50.277477217921501, -21.595772261776087 ], [ -50.277490111243303, -21.595769019882596 ], [ -50.277503308697803, -21.595765825357702 ], [ -50.2775166818953, -21.595762773508604 ], [ -50.277531840252699, -21.595759589105903 ], [ -50.277543533705298, -21.595757454195191 ], [ -50.277548063982202, -21.595756606395298 ], [ -50.277552555869903, -21.595755691243301 ], [ -50.277556996712697, -21.595754663548089 ], [ -50.277561396318397, -21.595753466641597 ], [ -50.277565739493902, -21.595752058113096 ], [ -50.277569902312997, -21.5957504716751 ], [ -50.277573972074102, -21.595748693217701 ], [ -50.277577955745201, -21.595746733949191 ], [ -50.277581858185691, -21.595744605961197 ], [ -50.2775856850485, -21.595742321071992 ], [ -50.277589438706798, -21.5957398945215 ], [ -50.277593120192897, -21.595737341103405 ], [ -50.277596738275797, -21.595734669773499 ], [ -50.277600307138499, -21.595731886306506 ], [ -50.2776038366002, -21.595729000685697 ], [ -50.277607324828402, -21.595726032654191 ], [ -50.277610770796798, -21.595722998628599 ], [ -50.277614184244101, -21.595719906337298 ], [ -50.2776175769175, -21.595716762631891 ], [ -50.277620955037001, -21.595713580522595 ], [ -50.277624320066998, -21.595710376046888 ], [ -50.277627662602697, -21.595707175270107 ], [ -50.277613984336199, -21.595674083226303 ], [ -50.277603370157301, -21.595648368862189 ], [ -50.2775927664389, -21.595622650022605 ], [ -50.2775821698201, -21.595596927865603 ], [ -50.277571568119797, -21.595571207106005 ], [ -50.277560945570897, -21.595545493904297 ], [ -50.277550286395901, -21.595519794425297 ], [ -50.277539574817197, -21.59549411483361 ], [ -50.2775287950574, -21.595468461293912 ], [ -50.277517931338899, -21.595442839971092 ], [ -50.2775069678842, -21.595417257029688 ], [ -50.277495888915901, -21.595391718634591 ], [ -50.277484680573899, -21.595366230202988 ], [ -50.2774733480774, -21.595340789715895 ], [ -50.277461907583401, -21.595315390890892 ], [ -50.2774503753785, -21.595290027395293 ], [ -50.277438767749302, -21.59526469289629 ], [ -50.277427100982202, -21.595239381061095 ], [ -50.277415391363903, -21.595214085556805 ], [ -50.277403655180898, -21.595188800050696 ], [ -50.2773919087198, -21.595163518209993 ], [ -50.277380168266902, -21.595138233701899 ], [ -50.277368450108902, -21.595112940193598 ], [ -50.2773567705323, -21.595087631352381 ], [ -50.2773451457874, -21.595062300859606 ], [ -50.277333585302799, -21.595036945066795 ], [ -50.277322083683202, -21.59501156612799 ], [ -50.277310633586801, -21.59498616695879 ], [ -50.277299227672302, -21.59496075047489 ], [ -50.277287858598207, -21.594935319592004 ], [ -50.277276519022998, -21.594909877225799 ], [ -50.277265201605097, -21.594884426292005 ], [ -50.277253899003199, -21.594858969706202 ], [ -50.277242603875706, -21.594833510384092 ], [ -50.277231308881198, -21.594808051241397 ], [ -50.277220006678199, -21.594782595193792 ], [ -50.277208689925303, -21.594757145156894 ], [ -50.277197351281004, -21.594731704046389 ], [ -50.277185983403797, -21.594706274777995 ], [ -50.277174578952398, -21.594680860267307 ], [ -50.277163130585201, -21.594655463429998 ], [ -50.277151630960802, -21.594630087181706 ], [ -50.277140072737801, -21.594604734438203 ], [ -50.277128448594702, -21.594579408107002 ], [ -50.277116755724599, -21.594554109288701 ], [ -50.277105001550503, -21.594528834988296 ], [ -50.277093194903898, -21.594503581647405 ], [ -50.277081344616498, -21.594478345707095 ], [ -50.277069459519801, -21.594453123608993 ], [ -50.277057548445391, -21.594427911794298 ], [ -50.277045620224897, -21.594402706704301 ], [ -50.277033683689901, -21.59437750478051 ], [ -50.277021747671803, -21.594352302464301 ], [ -50.277009821002309, -21.594327096196896 ], [ -50.276997912512797, -21.594301882419689 ], [ -50.276986031035001, -21.594276657574202 ], [ -50.276974185400398, -21.594251418101603 ], [ -50.276962384440502, -21.594226160443405 ], [ -50.276950636986804, -21.594200881040905 ], [ -50.276938951066903, -21.594175576683092 ], [ -50.276927326127499, -21.594150247867397 ], [ -50.276915756423797, -21.594124897335796 ], [ -50.276904236138201, -21.594099527861097 ], [ -50.276892759556098, -21.59407414216 ], [ -50.276881323044506, -21.594048741806397 ], [ -50.276869924906698, -21.594023327311596 ], [ -50.276858563519198, -21.593997899146395 ], [ -50.276847237258998, -21.5939724577816 ], [ -50.2768359445027, -21.593947003688292 ], [ -50.276824683627105, -21.593921537337092 ], [ -50.276813453008799, -21.593896059199 ], [ -50.276802251024797, -21.593870569744894 ], [ -50.276791076051602, -21.593845069445496 ], [ -50.276779926465998, -21.593819558771795 ], [ -50.276768800644803, -21.593794038194591 ], [ -50.276757696964808, -21.593768508184692 ], [ -50.276746613802601, -21.593742969213103 ], [ -50.276735549535097, -21.593717421750597 ], [ -50.276724502538897, -21.593691866267996 ], [ -50.276713471190902, -21.593666303236194 ], [ -50.276702453867799, -21.59364073312609 ], [ -50.276691448946302, -21.593615156408493 ], [ -50.276680454803198, -21.593589573554191 ], [ -50.276669469815303, -21.593563985034208 ], [ -50.276658492359303, -21.593538391319182 ], [ -50.276647520696002, -21.593512792968905 ], [ -50.2766365515633, -21.59348719170751 ], [ -50.276625580626202, -21.593461590080299 ], [ -50.2766146035272, -21.593435990649393 ], [ -50.276603615908897, -21.593410395977109 ], [ -50.276592613414003, -21.593384808625498 ], [ -50.276581591684803, -21.593359231156793 ], [ -50.276570546364098, -21.593333666133287 ], [ -50.276559473094501, -21.593308116117186 ], [ -50.276548367518402, -21.593282583670696 ], [ -50.276537225278503, -21.593257071356007 ], [ -50.276526042017302, -21.593231581735303 ], [ -50.276514813377503, -21.593206117370791 ], [ -50.276503535001702, -21.593180680824698 ], [ -50.276492202532403, -21.593155274659289 ], [ -50.276480811641598, -21.593129901405799 ], [ -50.276469359740702, -21.593104561766403 ], [ -50.2764578469246, -21.593079253621696 ], [ -50.2764462735176, -21.593053974611095 ], [ -50.276434639843707, -21.593028722373997 ], [ -50.276422946227299, -21.593003494549702 ], [ -50.276411192992498, -21.592978288777598 ], [ -50.276399380463502, -21.592953102697091 ], [ -50.276387508964504, -21.592927933947703 ], [ -50.27637557881971, -21.59290278016859 ], [ -50.276363590353398, -21.592877638999298 ], [ -50.276351543889703, -21.592852508079197 ], [ -50.276339439752803, -21.592827385047499 ], [ -50.276327278266997, -21.592802267543803 ], [ -50.276315059756399, -21.592777153207404 ], [ -50.2763027845454, -21.592752039677695 ], [ -50.276290452957902, -21.5927269245941 ], [ -50.276278065318401, -21.592701805595897 ], [ -50.276265621950898, -21.592676680322505 ], [ -50.276253123179707, -21.592651546413389 ], [ -50.276240569931602, -21.592626401731899 ], [ -50.276227984459105, -21.592601252070502 ], [ -50.276215415560799, -21.592576113091912 ], [ -50.276202913697801, -21.5925510010767 ], [ -50.276190529330798, -21.592525932305492 ], [ -50.276178312920997, -21.592500923059191 ], [ -50.276166314929, -21.592475989618293 ], [ -50.276154585710501, -21.592451148286006 ], [ -50.276142833390999, -21.5924264882503 ], [ -50.276129663049197, -21.592402333615397 ], [ -50.276113457957102, -21.592379055723303 ], [ -50.276092608827199, -21.592357025044905 ], [ -50.276071347495403, -21.592334837728899 ], [ -50.276069293181401, -21.592334616965697 ], [ -50.276050583694897, -21.592334737826999 ], [ -50.276032232336199, -21.592338148661799 ], [ -50.27601431945471, -21.592344226984007 ], [ -50.275996917775402, -21.592352175153597 ], [ -50.2759800988674, -21.592361200185998 ], [ -50.275959294818001, -21.592378033472603 ], [ -50.275944525666802, -21.592388923949596 ], [ -50.2759310162443, -21.592397256015989 ], [ -50.275914493134799, -21.592409770439584 ], [ -50.2758979781363, -21.592420653318207 ], [ -50.275884702992499, -21.5924257080949 ], [ -50.275873238009098, -21.592434063085996 ], [ -50.2758582971884, -21.592444754743902 ], [ -50.275838902365699, -21.592458320100597 ], [ -50.275812738585003, -21.592476245639197 ], [ -50.275797486366301, -21.592486726923688 ], [ -50.275782293390407, -21.592497292211604 ], [ -50.275767214965597, -21.592507996560897 ], [ -50.275752275714297, -21.592518860301187 ], [ -50.275737415539403, -21.592529807882602 ], [ -50.275722559847502, -21.592540747348597 ], [ -50.275707634044899, -21.592551586742797 ], [ -50.275692563538001, -21.592562234108801 ], [ -50.275677273733301, -21.592572597489898 ], [ -50.275661700822397, -21.592582596495912 ], [ -50.275645845385505, -21.592592219787694 ], [ -50.2756297317964, -21.592601481542985 ], [ -50.275613384466801, -21.592610395980198 ], [ -50.275596827808698, -21.592618977317798 ], [ -50.275580086233902, -21.592627239774295 ], [ -50.275563181946303, -21.592635195472401 ], [ -50.275546122911202, -21.592642843020599 ], [ -50.275528911444198, -21.592650175664296 ], [ -50.275511549846399, -21.592657186635787 ], [ -50.275494040418998, -21.592663869166888 ], [ -50.275476385463207, -21.592670216489903 ], [ -50.275458587280099, -21.592676221836697 ], [ -50.275440648808903, -21.592681877785498 ], [ -50.275422577776702, -21.592687172004688 ], [ -50.275404384086201, -21.592692089932388 ], [ -50.275386077651, -21.592696616995198 ], [ -50.275367668384902, -21.592700738619897 ], [ -50.275349166201401, -21.592704440233188 ], [ -50.275330581014202, -21.592707707261802 ], [ -50.275311922738403, -21.592710525196289 ], [ -50.2752932018075, -21.592712904929691 ], [ -50.275274429963297, -21.592714921405101 ], [ -50.275248856626909, -21.592717284353402 ], [ -50.275217928395399, -21.592719640098501 ], [ -50.275199072333301, -21.592721052292692 ], [ -50.27518022225, -21.592722505840705 ], [ -50.275161380506603, -21.592724018591305 ], [ -50.275142548468402, -21.592725601426398 ], [ -50.275123727500599, -21.592727265228188 ], [ -50.275104918968204, -21.592729020878799 ], [ -50.275086124236701, -21.592730879260394 ], [ -50.275067344671001, -21.592732851254986 ], [ -50.275048581636398, -21.592734947744788 ], [ -50.275029836498099, -21.592737179611902 ], [ -50.275011110548597, -21.592739557164297 ], [ -50.274992401929602, -21.592742065833189 ], [ -50.274973704492297, -21.592744657170805 ], [ -50.274955011782403, -21.592747280316903 ], [ -50.274936318962503, -21.592749897458102 ], [ -50.274917625713996, -21.592752507237904 ], [ -50.274898932501799, -21.592755114618999 ], [ -50.274880239790399, -21.592757724563899 ], [ -50.274861548044498, -21.592760342035398 ], [ -50.274842857728999, -21.592762971996002 ], [ -50.274824169308303, -21.592765619408304 ], [ -50.274805483308803, -21.592768289499098 ], [ -50.274786802734504, -21.592770998100598 ], [ -50.274768133853897, -21.592773775021495 ], [ -50.274749483158701, -21.592776651025101 ], [ -50.274730857140597, -21.592779656874797 ], [ -50.274712262291096, -21.592782823333707 ], [ -50.274693705100198, -21.592786181148895 ], [ -50.274675191045503, -21.592789751682201 ], [ -50.274656722900197, -21.592793531217293 ], [ -50.274638302990397, -21.592797511893888 ], [ -50.274619933642398, -21.592801685851793 ], [ -50.274601617182498, -21.592806045230592 ], [ -50.274583354352202, -21.592810579383894 ], [ -50.274565137268702, -21.592815262502189 ], [ -50.274546955129502, -21.592820063642989 ], [ -50.274528797130003, -21.592824951859299 ], [ -50.274510652465402, -21.592829896204595 ], [ -50.274492510331001, -21.592834865731888 ], [ -50.274474359922202, -21.592839829494597 ], [ -50.274456190434101, -21.592844756545798 ], [ -50.274438014588902, -21.592849678908397 ], [ -50.274419974264902, -21.592854974295793 ], [ -50.274402255430701, -21.5928611384305 ], [ -50.274384986566602, -21.592868504184104 ], [ -50.274367859058401, -21.592876166276795 ], [ -50.274344176899199, -21.592884944067997 ], [ -50.274313378955299, -21.592889655603191 ], [ -50.2742948503669, -21.592893197392005 ], [ -50.274276727107399, -21.592898089686102 ], [ -50.274258894755398, -21.592903953185601 ], [ -50.274241229157902, -21.592910377995807 ], [ -50.274223606161698, -21.592916954221405 ], [ -50.274205901614103, -21.5929232719674 ], [ -50.2741880002404, -21.592928950851103 ], [ -50.274169890537799, -21.592933955439694 ], [ -50.274151628219997, -21.592938473738396 ], [ -50.2741332701329, -21.592942697516602 ], [ -50.2741148731225, -21.592946818543595 ], [ -50.274096494034701, -21.59295102858901 ], [ -50.274078189715297, -21.592955519422198 ], [ -50.274060014594198, -21.592960468986803 ], [ -50.274042002608297, -21.592965937934494 ], [ -50.274024177364403, -21.592971927791595 ], [ -50.2740065623899, -21.5929784396325 ], [ -50.273989181212599, -21.592985474531396 ], [ -50.273972057360005, -21.5929930335626 ], [ -50.273955214359901, -21.593001117800302 ], [ -50.273938649839302, -21.593009687190996 ], [ -50.273922246868999, -21.593018519773899 ], [ -50.2739058568582, -21.593027343312492 ], [ -50.273889331215301, -21.593035885568501 ], [ -50.2738725216457, -21.593043874820303 ], [ -50.273855338638811, -21.593051141642697 ], [ -50.273837821835798, -21.593057741362198 ], [ -50.2738200280467, -21.593063759182698 ], [ -50.273802014081703, -21.5930692803082 ], [ -50.273783836750802, -21.593074389942593 ], [ -50.273765552863999, -21.593079173289905 ], [ -50.273747216620002, -21.593083712553991 ], [ -50.273728851423002, -21.593088054556706 ], [ -50.273710460599197, -21.593092223050899 ], [ -50.273692047130602, -21.593096241393994 ], [ -50.273673613999101, -21.593100132943306 ], [ -50.2736551641867, -21.593103921056397 ], [ -50.273636700675297, -21.593107629090589 ], [ -50.273618226446999, -21.593111280403388 ], [ -50.273599744483498, -21.593114898352102 ], [ -50.273581257766899, -21.593118506294097 ], [ -50.273562768981698, -21.5931221254578 ], [ -50.273544277722301, -21.593125754948105 ], [ -50.273525781751403, -21.5931293807534 ], [ -50.2735072788075, -21.593132988689792 ], [ -50.2734887666292, -21.593136564573697 ], [ -50.273470242955, -21.593140094221297 ], [ -50.273451705523499, -21.593143563448784 ], [ -50.273433152073203, -21.593146958072602 ], [ -50.273414580342802, -21.593150263908804 ], [ -50.273395988070703, -21.593153466773607 ], [ -50.273372058544098, -21.59315743906831 ], [ -50.273340108362397, -21.593162535477799 ], [ -50.273321477819103, -21.593165524776698 ], [ -50.273302862545698, -21.593168581171405 ], [ -50.273284272900398, -21.593171755020308 ], [ -50.27326571924111, -21.593175096680699 ], [ -50.273247208092201, -21.593178638368588 ], [ -50.273228732509203, -21.593182348559097 ], [ -50.273210282591108, -21.593186181735405 ], [ -50.273191848436902, -21.593190092380688 ], [ -50.273173420145604, -21.593194034978005 ], [ -50.273154987816199, -21.593197964010706 ], [ -50.2731365415478, -21.5932018339617 ], [ -50.273118071439399, -21.593205599314402 ], [ -50.273099567590201, -21.593209214551891 ], [ -50.273081020099298, -21.593212634157197 ], [ -50.273062419065702, -21.593215812613593 ], [ -50.273043755122004, -21.593218706648791 ], [ -50.2730250415269, -21.593221368231692 ], [ -50.273006322078601, -21.593223977880992 ], [ -50.272987642735899, -21.593226725210005 ], [ -50.272969049457402, -21.593229799832294 ], [ -50.272950588117503, -21.593233391022206 ], [ -50.2729322837409, -21.593237604129495 ], [ -50.272914113271405, -21.593242350962399 ], [ -50.272896046897401, -21.593247516137492 ], [ -50.272878054807499, -21.593252984271604 ], [ -50.272860107190098, -21.593258639981308 ], [ -50.2728421742341, -21.593264367883307 ], [ -50.272824226127902, -21.593270052593994 ], [ -50.2728062330605, -21.593275578730307 ], [ -50.272788165220597, -21.593280830908597 ], [ -50.272769992797002, -21.593285693745489 ], [ -50.272751685985199, -21.593290051882597 ], [ -50.272733233784997, -21.5932938615484 ], [ -50.272714685231399, -21.593297307523386 ], [ -50.2726961013148, -21.593300620100997 ], [ -50.272677543025203, -21.593304029574693 ], [ -50.2726590713525, -21.593307766238198 ], [ -50.2726407472868, -21.593312060384896 ], [ -50.272622598279199, -21.593317013866198 ], [ -50.272604501175202, -21.593322151756304 ], [ -50.272586290563297, -21.593326837298005 ], [ -50.272567848621101, -21.593330620583298 ], [ -50.272549255842797, -21.593333830365491 ], [ -50.272530644372999, -21.593336998195188 ], [ -50.272512146328197, -21.593340655504015 ], [ -50.272493830179798, -21.593345060525493 ], [ -50.272475565044601, -21.593349615754398 ], [ -50.272457186381303, -21.593353580847609 ], [ -50.2724386334895, -21.593356693589381 ], [ -50.272419940694199, -21.593359129298708 ], [ -50.2724011458224, -21.59336107941941 ], [ -50.272382286700797, -21.593362735395203 ], [ -50.272363401155999, -21.593364288669896 ], [ -50.272344527014603, -21.593365930687291 ], [ -50.272325702103203, -21.593367852891387 ], [ -50.272306963607299, -21.593370243411595 ], [ -50.272288322898603, -21.593373156828694 ], [ -50.272269757278501, -21.593376471464996 ], [ -50.272257920240001, -21.5933787615194 ], [ -50.272274196860906, -21.593392037162193 ], [ -50.272296512543299, -21.593410101357698 ], [ -50.2723189865129, -21.593427978761998 ], [ -50.272341705328799, -21.593445561146911 ], [ -50.272364734394699, -21.593462766434804 ], [ -50.272388045103497, -21.593479628756899 ], [ -50.272411582742897, -21.593496214513404 ], [ -50.272435292599702, -21.593512590105902 ], [ -50.2724591199607, -21.593528821935699 ], [ -50.272483010112801, -21.593544976404495 ], [ -50.272506908342798, -21.593561119913808 ], [ -50.272530761332497, -21.593577317189201 ], [ -50.272554546771602, -21.593593595702504 ], [ -50.272578272771199, -21.593609946375789 ], [ -50.272601948720201, -21.593626358596094 ], [ -50.2726255840074, -21.593642821750596 ], [ -50.272649188021703, -21.593659325226309 ] ] ] } },
{ "type": "Feature", "properties": { "CHAVE": "3032461", "FAZENDA": "303246", "NOME_FAZ": "SITIO SAO MARTINHO", "ZONA": 999.0, "TALHAO": 1.0, "AREA_TOTAL": 4.9335089622763704, "TIPO_GEO": "TALHAO", "DATA_INICI": null, "DATA_FINAL": null, "HORA_INICI": null, "HORA_FINAL": null, "CLASSE": null, "PILOTO": null, "AERONAVE": null, "AREA_HA": null }, "geometry": { "type": "Polygon", "coordinates": [ [ [ -50.2746260669051, -21.591669932283402 ], [ -50.274621938285001, -21.591677269631088 ], [ -50.274617814370409, -21.591684609390903 ], [ -50.274613694923303, -21.591691951450102 ], [ -50.274609579705306, -21.591699295696305 ], [ -50.274605468479102, -21.591706642015794 ], [ -50.274601361008799, -21.591713990293396 ], [ -50.274597257057209, -21.591721340416591 ], [ -50.274593156386906, -21.591728692273403 ], [ -50.274589058760199, -21.591736045751706 ], [ -50.274584963939603, -21.591743400738991 ], [ -50.274580871687299, -21.591750757123297 ], [ -50.274576781765298, -21.591758114792196 ], [ -50.274572693936001, -21.591765473633291 ], [ -50.2745686079611, -21.59177283353419 ], [ -50.2745645236025, -21.591780194382402 ], [ -50.274560440622302, -21.591787556065302 ], [ -50.274556358314904, -21.591794919167004 ], [ -50.274552275147101, -21.591802285309189 ], [ -50.274548193319603, -21.591809651362194 ], [ -50.274544113332801, -21.591817017620592 ], [ -50.274540035676601, -21.591824384397295 ], [ -50.274535960840197, -21.591831752005099 ], [ -50.2745318893123, -21.591839120756497 ], [ -50.274527821581103, -21.591846490964095 ], [ -50.274523758134499, -21.591853862940297 ], [ -50.274519699459702, -21.591861236997392 ], [ -50.274515646043298, -21.591868613447598 ], [ -50.274511598371603, -21.591875992602894 ], [ -50.274509576841801, -21.591879683292508 ], [ -50.274505538697802, -21.591887067090592 ], [ -50.274503522204697, -21.591890760276996 ], [ -50.274499494679397, -21.591898149419386 ], [ -50.274497483768208, -21.591901845453407 ], [ -50.274495474838702, -21.591905542514496 ], [ -50.274493467951103, -21.591909240641808 ], [ -50.274491463166697, -21.591912939873101 ], [ -50.274489460635998, -21.591916640105001 ], [ -50.274487460451503, -21.591920341338589 ], [ -50.274485462652002, -21.591924043658288 ], [ -50.274483467305799, -21.5919277470942 ], [ -50.274481474481199, -21.591931451676093 ], [ -50.274479484246399, -21.591935157434008 ], [ -50.274477496669697, -21.5919388643979 ], [ -50.274475511819197, -21.591942572597599 ], [ -50.274473529763107, -21.591946282063287 ], [ -50.274471550569601, -21.591949992824503 ], [ -50.2744695743067, -21.5919537049115 ], [ -50.274467601042502, -21.591957418353989 ], [ -50.2744656308451, -21.591961133181812 ], [ -50.274463663782299, -21.591964849425008 ], [ -50.274461699922298, -21.591968567113202 ], [ -50.274459739332997, -21.591972286276494 ], [ -50.274457782082202, -21.591976006944499 ], [ -50.274455828237897, -21.591979729147202 ], [ -50.274453877867799, -21.591983452914395 ], [ -50.274451931039899, -21.591987178276007 ], [ -50.274449987821903, -21.5919909052616 ], [ -50.274448048281499, -21.591994633901198 ], [ -50.274446112486402, -21.591998364224509 ], [ -50.274444180504403, -21.592002096261403 ], [ -50.274442252403098, -21.5920058300416 ], [ -50.274440336673898, -21.592009549240988 ], [ -50.274438416660097, -21.592013286314998 ], [ -50.274436500728797, -21.592017025221399 ], [ -50.2744345889475, -21.59202076599 ], [ -50.274432681383708, -21.592024508650599 ], [ -50.274430778104701, -21.592028253233003 ], [ -50.2744288791787, -21.592031999765595 ], [ -50.274426984679799, -21.592035748265289 ], [ -50.2744250946606, -21.592039498800997 ], [ -50.274423209179602, -21.592043251423398 ], [ -50.274421328306701, -21.592047006156992 ], [ -50.274419452114799, -21.592050763021291 ], [ -50.274417580676399, -21.592054522035486 ], [ -50.274415714064197, -21.592058283218993 ], [ -50.274413852350705, -21.592062046591206 ], [ -50.274411995608503, -21.592065812171388 ], [ -50.274410143910103, -21.592069579979007 ], [ -50.274408297328101, -21.5920733500332 ], [ -50.274406455934702, -21.592077122353498 ], [ -50.274404619802603, -21.5920808969591 ], [ -50.274402789004, -21.592084673869394 ], [ -50.274400963611299, -21.592088453103695 ], [ -50.274399143696797, -21.592092234681306 ], [ -50.274397329332899, -21.592096018621504 ], [ -50.274395520591703, -21.592099804943601 ], [ -50.274393717545202, -21.592103593667591 ], [ -50.274391920130498, -21.592107385097105 ], [ -50.274390128325301, -21.592111179276099 ], [ -50.274388342123601, -21.592114975998495 ], [ -50.274386561480902, -21.592118775173191 ], [ -50.274384786326799, -21.592122576763298 ], [ -50.27438301659101, -21.592126380732296 ], [ -50.274381252203099, -21.592130187043402 ], [ -50.274379493092503, -21.592133995659601 ], [ -50.2743777391889, -21.592137806544297 ], [ -50.274375990421802, -21.592141619660499 ], [ -50.274374246720598, -21.592145434971492 ], [ -50.2743725080148, -21.592149252440198 ], [ -50.274370774233702, -21.592153072029799 ], [ -50.274369045306898, -21.592156893703294 ], [ -50.274367321163503, -21.592160717423795 ], [ -50.274365601733003, -21.592164543154301 ], [ -50.274363886944698, -21.592168370857703 ], [ -50.274362176727699, -21.592172200497103 ], [ -50.274360471011398, -21.592176032035301 ], [ -50.2743587697232, -21.592179865439203 ], [ -50.274357072788803, -21.592183700677289 ], [ -50.274355380138999, -21.592187537704486 ], [ -50.274353691708299, -21.592191376474297 ], [ -50.274352007426799, -21.592195216949698 ], [ -50.274350320021398, -21.592199075565595 ], [ -50.274348643977099, -21.592202919047494 ], [ -50.274346971871097, -21.592206764124391 ], [ -50.274345303633297, -21.592210610759583 ], [ -50.274343639193503, -21.592214458916299 ], [ -50.2743419784818, -21.592218308557701 ], [ -50.2743403214278, -21.59222215964699 ], [ -50.274338667961302, -21.592226012147499 ], [ -50.274337018012197, -21.592229866022194 ], [ -50.274335371510098, -21.592233721234507 ], [ -50.274333728384804, -21.592237577747294 ], [ -50.274332088565806, -21.592241435523999 ], [ -50.274330451982799, -21.592245294527611 ], [ -50.274328818565401, -21.592249154721188 ], [ -50.274327188243198, -21.592253016067993 ], [ -50.274325560945599, -21.592256878531103 ], [ -50.274323936602102, -21.592260742073503 ], [ -50.2743223151422, -21.5922646066584 ], [ -50.274320696495103, -21.592268472248801 ], [ -50.274319080590502, -21.592272338807696 ], [ -50.274317467357498, -21.592276206298397 ], [ -50.274315856725401, -21.592280074683689 ], [ -50.274314248623504, -21.592283943926702 ], [ -50.274312642981002, -21.592287813990495 ], [ -50.274311039727202, -21.592291684838091 ], [ -50.274309438791001, -21.592295556432592 ], [ -50.274307840101798, -21.592299428736812 ], [ -50.274304649180003, -21.592307175326901 ], [ -50.2743030568055, -21.592311049538694 ], [ -50.2742998778741, -21.592318799610691 ], [ -50.2742982911751, -21.5923226753969 ], [ -50.274295122954797, -21.592330428283688 ], [ -50.274291961198109, -21.592338182620281 ], [ -50.274288805339303, -21.592345938132997 ], [ -50.274285654813298, -21.592353694533809 ], [ -50.274282509057102, -21.592361451527402 ], [ -50.274279367507198, -21.592369208818798 ], [ -50.274276229599401, -21.592376966112795 ], [ -50.274273094769001, -21.592384723114098 ], [ -50.274269962450497, -21.592392479527295 ], [ -50.274266832077799, -21.592400235057394 ], [ -50.274263703084998, -21.5924079894078 ], [ -50.274260574915303, -21.592415742265995 ], [ -50.2742574470089, -21.592423493332603 ], [ -50.2742543188035, -21.592431242312504 ], [ -50.274251189736098, -21.592438988910594 ], [ -50.274249624703103, -21.592442861224303 ], [ -50.274248059243199, -21.592446732831899 ], [ -50.274246493285901, -21.592450603696506 ], [ -50.274244926760602, -21.592454473781192 ], [ -50.274243359596603, -21.592458343049088 ], [ -50.274241791723398, -21.5924622114633 ], [ -50.274240223070102, -21.592466078986885 ], [ -50.274238653566108, -21.592469945582998 ], [ -50.274237083140498, -21.592473811214692 ], [ -50.274233209658902, -21.592483337371394 ], [ -50.274229217797398, -21.592493119063999 ], [ -50.274225952254596, -21.592501112563699 ], [ -50.274221234446799, -21.592512614716398 ], [ -50.274216485789097, -21.5925241309351 ], [ -50.274211706188098, -21.592535646230491 ], [ -50.2742068625925, -21.592547224358697 ], [ -50.274202020121898, -21.592558682888196 ], [ -50.274197111857298, -21.5925701581208 ], [ -50.274192141269303, -21.592581619635801 ], [ -50.274186224987801, -21.592595051468098 ], [ -50.274179365031507, -21.592610267151485 ], [ -50.2741723388487, -21.592625450908095 ], [ -50.2741651274034, -21.592640595449993 ], [ -50.274157709807298, -21.592655697397706 ], [ -50.274150064846701, -21.592670754258201 ], [ -50.274142171575697, -21.592685762943077 ], [ -50.2741340399281, -21.592700663749902 ], [ -50.274126167372501, -21.592714548999005 ], [ -50.274115881988301, -21.592732290282694 ], [ -50.274113735558302, -21.592736000625298 ], [ -50.274111587682398, -21.592739725976003 ], [ -50.274109450453899, -21.592743451799496 ], [ -50.274107327360397, -21.592747178659696 ], [ -50.274105221461603, -21.592750907744701 ], [ -50.274103135777999, -21.592754640196802 ], [ -50.274101073290701, -21.592758377117601 ], [ -50.274099036940498, -21.592762119572694 ], [ -50.274097029626901, -21.592765868597194 ], [ -50.274095054206903, -21.592769625201505 ], [ -50.2740931134935, -21.592773390376685 ], [ -50.274091210255001, -21.592777165101296 ], [ -50.274089347238601, -21.592780950295104 ], [ -50.274087527742005, -21.5927847456602 ], [ -50.274085755675898, -21.592788550226597 ], [ -50.274084035041199, -21.592792363461999 ], [ -50.274082369173605, -21.5927961861113 ], [ -50.274080761295799, -21.592800019017808 ], [ -50.274079214551399, -21.592803863062208 ], [ -50.2740777320058, -21.592807719177898 ], [ -50.2740763166479, -21.592811588365706 ], [ -50.274074971394, -21.592815471710097 ], [ -50.274073699093002, -21.592819370394889 ], [ -50.274072502534707, -21.592823285718289 ], [ -50.274071384459397, -21.592827219108006 ], [ -50.274070348562503, -21.592831168354611 ], [ -50.274069398663308, -21.592835133729896 ], [ -50.274068535331097, -21.592839129658302 ], [ -50.274067760351301, -21.592843145874397 ], [ -50.274067077059499, -21.592847165382096 ], [ -50.274066480503002, -21.592851199063194 ], [ -50.274065964581602, -21.592855253785693 ], [ -50.2740655260612, -21.592859324677786 ], [ -50.274065160936203, -21.592863411350606 ], [ -50.274064865345601, -21.5928675115529 ], [ -50.274064635676098, -21.592871623558192 ], [ -50.2740644681285, -21.592875747427595 ], [ -50.274064358835901, -21.592879883266594 ], [ -50.274064303863199, -21.592884031098812 ], [ -50.274064299197498, -21.592888191092189 ], [ -50.274064340691801, -21.592892362931202 ], [ -50.274064424169602, -21.592896543399494 ], [ -50.274064546022402, -21.592900729127802 ], [ -50.274064702670998, -21.592904919663798 ], [ -50.274064890476602, -21.592909114850503 ], [ -50.274065105731701, -21.592913314544489 ], [ -50.2740653446577, -21.592917518624699 ], [ -50.274065574334202, -21.592921254221306 ], [ -50.274086994899697, -21.592915998839594 ], [ -50.274105776753501, -21.592911696533605 ], [ -50.274124154625198, -21.592907579793593 ], [ -50.274142071251397, -21.592903457585511 ], [ -50.2741594726849, -21.592899152279088 ], [ -50.274176314918599, -21.592894497953491 ], [ -50.274192803766503, -21.592889267167791 ], [ -50.274209558313402, -21.592883288422986 ], [ -50.2742270669034, -21.592876754889399 ], [ -50.274245480942099, -21.59287005787839 ], [ -50.2742649517701, -21.592863655627397 ], [ -50.274285609278401, -21.592858079224001 ], [ -50.274306388627998, -21.592854107196192 ], [ -50.274324412134, -21.592851349922501 ], [ -50.274338637411603, -21.592848125224702 ], [ -50.274352385882203, -21.592843029354398 ], [ -50.274368631675401, -21.592835761702293 ], [ -50.274387483964098, -21.592827720564699 ], [ -50.274407444757102, -21.592820776483986 ], [ -50.274426854062497, -21.592815079258596 ], [ -50.274445430055998, -21.592810048530598 ], [ -50.274463557335601, -21.592805132925001 ], [ -50.274481649407406, -21.592800185119895 ], [ -50.274499817588399, -21.592795208457698 ], [ -50.274518048537097, -21.59279024060039 ], [ -50.274536361304797, -21.592785310719695 ], [ -50.2745547669345, -21.592780450564398 ], [ -50.274573276508903, -21.592775692254484 ], [ -50.274591895152597, -21.592771069762598 ], [ -50.274610607402799, -21.5927666161842 ], [ -50.274629391812503, -21.592762347914295 ], [ -50.274648243041199, -21.592758274026394 ], [ -50.274667158996401, -21.59275440284619 ], [ -50.2746861331334, -21.592750743583501 ], [ -50.2747051314091, -21.592747305956511 ], [ -50.274724110995301, -21.592744073981795 ], [ -50.274743054849097, -21.592741016839991 ], [ -50.27476195614711, -21.592738102192296 ], [ -50.274780808194002, -21.592735298026088 ], [ -50.274799605422508, -21.592732572510197 ], [ -50.274818357963305, -21.592729892910995 ], [ -50.274837108849901, -21.592727236667486 ], [ -50.274855826294001, -21.592724602898695 ], [ -50.274874534421897, -21.592721983136386 ], [ -50.2748932327655, -21.592719372405305 ], [ -50.274911920859402, -21.592716765738398 ], [ -50.274930598240402, -21.592714158176893 ], [ -50.2749492781901, -21.592711542839588 ], [ -50.274968005605302, -21.592708914823096 ], [ -50.274986827832798, -21.592706306190294 ], [ -50.275005769518806, -21.592703766268897 ], [ -50.275024797548902, -21.592701350362589 ], [ -50.275043849789803, -21.592699081930601 ], [ -50.275062897062099, -21.592696953681305 ], [ -50.275081937264403, -21.592694954317793 ], [ -50.275100968948202, -21.592693072506794 ], [ -50.2751199906875, -21.592691296954492 ], [ -50.275139001074201, -21.592689616407696 ], [ -50.275157998714903, -21.592688019653494 ], [ -50.275176982227009, -21.592686495520603 ], [ -50.275195942597698, -21.592685033468008 ], [ -50.275214817946008, -21.592683619829305 ], [ -50.275233525671297, -21.592682194897701 ], [ -50.2752520321948, -21.592680677459594 ], [ -50.275270325649501, -21.5926789871639 ], [ -50.275288394735, -21.592677046178792 ], [ -50.2753062398521, -21.59267477777551 ], [ -50.275323931070801, -21.592672105894195 ], [ -50.275341554756203, -21.592669007884698 ], [ -50.275359127793102, -21.592665492159693 ], [ -50.275376639646502, -21.592661571455398 ], [ -50.2753940795738, -21.592657258674297 ], [ -50.275411436719999, -21.592652566872498 ], [ -50.275428700133503, -21.592647509259006 ], [ -50.275445857350107, -21.592642099637512 ], [ -50.275462895201201, -21.592636350837001 ], [ -50.275479806990496, -21.592630270697896 ], [ -50.275496590113299, -21.5926238653634 ], [ -50.275513242339102, -21.592617140851097 ], [ -50.275529761375601, -21.592610103205391 ], [ -50.275546144856499, -21.592602758507702 ], [ -50.2755623833228, -21.592595116166706 ], [ -50.275578444239997, -21.592587189634887 ], [ -50.275594285776108, -21.592578978946406 ], [ -50.275609881764098, -21.592570474227205 ], [ -50.2756252090781, -21.592561664407 ], [ -50.275640245044102, -21.592552538485105 ], [ -50.275654997914202, -21.592543066009195 ], [ -50.275669578553199, -21.592533183299185 ], [ -50.2756841385104, -21.592522896639291 ], [ -50.275698758668199, -21.5925122792111 ], [ -50.2757135055056, -21.592501419905805 ], [ -50.275728461403403, -21.5924904018059 ], [ -50.2757436740862, -21.592479339228891 ], [ -50.275759083899203, -21.592468399624195 ], [ -50.275774518580299, -21.592457666254194 ], [ -50.275789881565203, -21.592447108852397 ], [ -50.275805116347605, -21.592436671078488 ], [ -50.275820167325001, -21.592426298390794 ], [ -50.275834985606501, -21.5924159340132 ], [ -50.275849622670798, -21.592405459724599 ], [ -50.275865175488399, -21.592394125766202 ], [ -50.275879325511099, -21.592388737862493 ], [ -50.275891180361903, -21.592380925879098 ], [ -50.2759081667676, -21.592368060561 ], [ -50.275921887216299, -21.592359598343101 ], [ -50.275934679704498, -21.592350165418889 ], [ -50.275957636487902, -21.592331590281297 ], [ -50.2759788047576, -21.592320231380604 ], [ -50.275999209249498, -21.592310911684795 ], [ -50.276021817205198, -21.592303240197705 ], [ -50.276046649294898, -21.592298624836001 ], [ -50.276065226401101, -21.592298504830101 ], [ -50.276059785921198, -21.592283629835805 ], [ -50.276053967276802, -21.592267486145001 ], [ -50.276048205410298, -21.592251158334001 ], [ -50.276042571628807, -21.592234738458099 ], [ -50.276037098002703, -21.592218204014802 ], [ -50.276031824999201, -21.592201556747497 ], [ -50.276026791621597, -21.592184794423396 ], [ -50.276022035479102, -21.592167910408293 ], [ -50.2760175951869, -21.592150901034309 ], [ -50.2760135126479, -21.592133767519698 ], [ -50.276009826607009, -21.592116499340701 ], [ -50.276006577060798, -21.59209909044348 ], [ -50.276003804667702, -21.592081533757586 ], [ -50.276001583786297, -21.592064040772296 ], [ -50.275999904429902, -21.592046772544101 ], [ -50.275998621736399, -21.592029576225297 ], [ -50.275997578571697, -21.592012110457393 ], [ -50.275996671140199, -21.591994721203111 ], [ -50.275996377445701, -21.591989117748092 ], [ -50.275996079136803, -21.591983541868295 ], [ -50.275995771155401, -21.591977995348895 ], [ -50.2759954482596, -21.59197247891359 ], [ -50.275995107677701, -21.591966981077295 ], [ -50.275994746872399, -21.591961489296192 ], [ -50.275994363440603, -21.5919559913368 ], [ -50.275993958659399, -21.591950484464597 ], [ -50.275993534603401, -21.591944970130594 ], [ -50.275993092581501, -21.591939448340799 ], [ -50.275992633902099, -21.591933919101081 ], [ -50.2759921598741, -21.591928382417287 ], [ -50.275991671805997, -21.591922838295496 ], [ -50.275991171006602, -21.591917286741712 ], [ -50.275990658790001, -21.59191172776389 ], [ -50.275990136503502, -21.591906161363905 ], [ -50.275989605502403, -21.591900587540586 ], [ -50.275989067141801, -21.5918950062932 ], [ -50.275988522777098, -21.591889417620393 ], [ -50.275987973763499, -21.591883821521392 ], [ -50.275986867210698, -21.591872607040198 ], [ -50.275986312382301, -21.591866988655791 ], [ -50.275985758352199, -21.591861362833896 ], [ -50.275984892001802, -21.591852518725492 ], [ -50.275983512084501, -21.591838169867692 ], [ -50.275981971767408, -21.591821361244403 ], [ -50.275980528925302, -21.591804369681302 ], [ -50.275979231218798, -21.591787287354403 ], [ -50.275978118794903, -21.591770113435093 ], [ -50.275977232385102, -21.591752855249993 ], [ -50.275976612528503, -21.591735517869591 ], [ -50.275976300737, -21.591718096785797 ], [ -50.275976339645602, -21.591700659131405 ], [ -50.275976769550397, -21.591683130388599 ], [ -50.275977612656902, -21.591665701903697 ], [ -50.275978861788701, -21.591648193748004 ], [ -50.275980487548203, -21.5916307401437 ], [ -50.275982467320297, -21.591613340623088 ], [ -50.275984778015101, -21.591596000652601 ], [ -50.275987397449903, -21.591578721039802 ], [ -50.27599030336291, -21.591561503507492 ], [ -50.275993474105597, -21.591544346497201 ], [ -50.275996886520502, -21.591527258368192 ], [ -50.276000519515598, -21.591510238179598 ], [ -50.276004351413597, -21.591493288088198 ], [ -50.276008358519299, -21.591476418701003 ], [ -50.276012527145099, -21.591459597245503 ], [ -50.276016824375198, -21.591442874840901 ], [ -50.276021235521199, -21.59142623168659 ], [ -50.276025746626601, -21.591409646908694 ], [ -50.276030381284897, -21.591392967104991 ], [ -50.276035046738301, -21.591376501176001 ], [ -50.276039785780497, -21.591360071218688 ], [ -50.276044588858298, -21.591343686257691 ], [ -50.276049449801498, -21.591327343356596 ], [ -50.2760543521876, -21.591311073586802 ], [ -50.276059340210402, -21.591294706850405 ], [ -50.276064342506402, -21.591278447083305 ], [ -50.276069377351497, -21.591262221669297 ], [ -50.276074445008398, -21.591246017603797 ], [ -50.276079542883402, -21.591229831153701 ], [ -50.276084696583609, -21.591213569594803 ], [ -50.276089863224399, -21.591197358041406 ], [ -50.276095046708903, -21.591181187757293 ], [ -50.276100257615802, -21.591165021868807 ], [ -50.276105493584097, -21.591148863961489 ], [ -50.276110753552899, -21.591132713563901 ], [ -50.276116036458703, -21.591116570212694 ], [ -50.276121341237399, -21.591100433446105 ], [ -50.276126666879399, -21.591084302636801 ], [ -50.2761320122112, -21.591068177657089 ], [ -50.276137376191301, -21.591052057986001 ], [ -50.276140990230601, -21.591041235933485 ], [ -50.276142786551802, -21.591035863065397 ], [ -50.276144584732798, -21.591030490616287 ], [ -50.276146384734901, -21.591025118567593 ], [ -50.276148186519102, -21.591019746900688 ], [ -50.276149990046797, -21.591014375597204 ], [ -50.276151795279198, -21.591009004638302 ], [ -50.276153602177402, -21.591003634005684 ], [ -50.276155410702899, -21.590998263680699 ], [ -50.2761572208166, -21.590992893644703 ], [ -50.276159032480003, -21.590987523879296 ], [ -50.276160845654303, -21.590982154365697 ], [ -50.2761626603005, -21.590976785085594 ], [ -50.276164476380103, -21.590971416020299 ], [ -50.276166293854097, -21.590966047151301 ], [ -50.276168112675897, -21.5909606784803 ], [ -50.276169932766699, -21.590955310090798 ], [ -50.276171754088701, -21.590949941962194 ], [ -50.276173576610802, -21.590944574056504 ], [ -50.276175400302002, -21.590939206336003 ], [ -50.2761772251312, -21.590933838762794 ], [ -50.276179051067302, -21.590928471298994 ], [ -50.276180878079302, -21.590923103906892 ], [ -50.276182706136197, -21.5909177365487 ], [ -50.276184535206902, -21.590912369186388 ], [ -50.276186365260202, -21.590907001782291 ], [ -50.276188196265302, -21.590901634298497 ], [ -50.276190028191003, -21.5908962666972 ], [ -50.276191861006097, -21.59089089894049 ], [ -50.276193694679797, -21.590885530990693 ], [ -50.276195529181003, -21.590880162809885 ], [ -50.276197364478499, -21.5908747943602 ], [ -50.276199200541299, -21.590869425603895 ], [ -50.276201037338403, -21.590864056502994 ], [ -50.276202874838702, -21.590858687019811 ], [ -50.276204713011097, -21.590853317116501 ], [ -50.2762065518246, -21.59084794675509 ], [ -50.276208391248204, -21.590842575897902 ], [ -50.276210231250701, -21.590837204507096 ], [ -50.276212072496399, -21.590831831200095 ], [ -50.276213916157197, -21.590826454471198 ], [ -50.276215762763101, -21.590821074554906 ], [ -50.276219667851599, -21.590809712573105 ], [ -50.2762251909353, -21.590793738176195 ], [ -50.276230800041297, -21.590777657387086 ], [ -50.276236500244906, -21.590761503923503 ], [ -50.276242283912097, -21.590745346890898 ], [ -50.276248170144001, -21.590729180976389 ], [ -50.276254172117405, -21.590713017519398 ], [ -50.276260303747698, -21.590696865705215 ], [ -50.276266579313798, -21.590680733661486 ], [ -50.276273013289298, -21.590664628947398 ], [ -50.276279620260503, -21.590648558793795 ], [ -50.276286415689199, -21.590632528327689 ], [ -50.276293413153603, -21.5906165473179 ], [ -50.276300627833898, -21.590600623427591 ], [ -50.276308075507401, -21.590584762544907 ], [ -50.276315771338197, -21.590568971945096 ], [ -50.276323745699202, -21.590553228866089 ], [ -50.276331959082299, -21.590537654623809 ], [ -50.276340497383501, -21.590522114912805 ], [ -50.276349331393, -21.590506686019204 ], [ -50.276358457696503, -21.590491393955396 ], [ -50.276367879589401, -21.590476251409395 ], [ -50.2763776092008, -21.590461236205197 ], [ -50.276387629717, -21.590446380114393 ], [ -50.276397941031099, -21.590431688701084 ], [ -50.2764085413584, -21.590417170118801 ], [ -50.276419428913606, -21.590402832521601 ], [ -50.276430602010109, -21.590388683938794 ], [ -50.276442059067705, -21.590374732298294 ], [ -50.276453797684802, -21.590360986832003 ], [ -50.276465816600201, -21.590347455366501 ], [ -50.276478124513702, -21.590334135004891 ], [ -50.276490646535997, -21.590321114580398 ], [ -50.276503476226807, -21.590308288688487 ], [ -50.276516542904403, -21.590295714772608 ], [ -50.2765298275989, -21.590283396044999 ], [ -50.276543333375898, -21.590271309355192 ], [ -50.276557040843798, -21.590259454586707 ], [ -50.276570939850501, -21.590247823250394 ], [ -50.276585019232904, -21.590236407761093 ], [ -50.2765992678206, -21.590225200538896 ], [ -50.276613675110497, -21.590214193492098 ], [ -50.276628228768402, -21.590203379697098 ], [ -50.276642916059103, -21.590192753295291 ], [ -50.276657729650502, -21.590182304532497 ], [ -50.276672660342108, -21.590172025040296 ], [ -50.276687698918202, -21.590161906458391 ], [ -50.276702973469902, -21.590151850024103 ], [ -50.276718225300399, -21.590142020494596 ], [ -50.276733605144997, -21.590132330301195 ], [ -50.276749113541101, -21.590122790389596 ], [ -50.276764752114197, -21.590113411003493 ], [ -50.2767805224914, -21.590104202384797 ], [ -50.2767964263045, -21.590095174772205 ], [ -50.276812465188797, -21.590086338401605 ], [ -50.276828640778099, -21.590077703509404 ], [ -50.276844956654003, -21.590069279325697 ], [ -50.276861409797007, -21.590061078770191 ], [ -50.276878005191598, -21.5900531107185 ], [ -50.2768947436427, -21.590045386126704 ], [ -50.276911627162107, -21.590037915376097 ], [ -50.2769286562636, -21.590030709543797 ], [ -50.2769458391044, -21.590023776672098 ], [ -50.276963151952103, -21.590017137815394 ], [ -50.276980623437098, -21.590010792703097 ], [ -50.276997830170401, -21.590004895495994 ], [ -50.277015255024502, -21.589999226553001 ], [ -50.277032438067899, -21.589993853956404 ], [ -50.277049511862003, -21.589988651732003 ], [ -50.277067765728198, -21.589983155959896 ], [ -50.277073466847803, -21.589981437588293 ], [ -50.277079148068204, -21.589979720442187 ], [ -50.277084808317504, -21.589978001988506 ], [ -50.277090446523403, -21.589976279694298 ], [ -50.2770960612647, -21.5899745511703 ], [ -50.277101651172003, -21.589972814167698 ], [ -50.277107215569799, -21.589971066264088 ], [ -50.277112753789403, -21.589969305034504 ], [ -50.277118265161903, -21.58996752805399 ], [ -50.277123749018799, -21.589965732897703 ], [ -50.2771292046912, -21.589963917140793 ], [ -50.2771346315104, -21.589962078358493 ], [ -50.2771400288077, -21.589960214125799 ], [ -50.277145408049201, -21.589958318820695 ], [ -50.2771507816175, -21.589956389057996 ], [ -50.277156149991697, -21.589954425839789 ], [ -50.277161513650597, -21.5899524301682 ], [ -50.277166873070598, -21.589950403024101 ], [ -50.277172228714406, -21.589948345332903 ], [ -50.277177581049401, -21.589946258149094 ], [ -50.277182930544299, -21.589944142543299 ], [ -50.277188277667904, -21.589941999586198 ], [ -50.277193622888802, -21.589939830348392 ], [ -50.277198966675705, -21.589937635900505 ], [ -50.277204309497499, -21.589935417313303 ], [ -50.277209651822901, -21.589933175657301 ], [ -50.277214994120399, -21.589930912003187 ], [ -50.277220336859003, -21.5899286274216 ], [ -50.2772256805073, -21.589926322983306 ], [ -50.277231025534, -21.589923999758703 ], [ -50.277236372407799, -21.589921658818696 ], [ -50.277241721597598, -21.589919301233792 ], [ -50.2772470735719, -21.589916928074601 ], [ -50.277252428799599, -21.589914540411911 ], [ -50.277257787749299, -21.589912139316304 ], [ -50.277263150889802, -21.589909725858387 ], [ -50.2772685186725, -21.5899073011397 ], [ -50.277273891583299, -21.589904866318303 ], [ -50.277279270134798, -21.589902422553997 ], [ -50.277284654839498, -21.589899971006993 ], [ -50.277295444758501, -21.589895049204092 ], [ -50.277300850998003, -21.589892581268295 ], [ -50.2773062654407, -21.589890110189497 ], [ -50.277311688599397, -21.589887637127699 ], [ -50.27732018416021, -21.589883768286903 ], [ -50.2773340370765, -21.589877487523498 ], [ -50.277350316880103, -21.5898701859353 ], [ -50.2773668201188, -21.589862901037101 ], [ -50.277383454297002, -21.589855713005498 ], [ -50.2774002614537, -21.589848643566103 ], [ -50.277417244621702, -21.589841731219291 ], [ -50.277434410303002, -21.589835013110303 ], [ -50.277451344996699, -21.589828684136499 ], [ -50.2774686506637, -21.589822512739282 ], [ -50.277485912996802, -21.589816591546494 ], [ -50.277502984810198, -21.589810907711907 ], [ -50.277520822565599, -21.589805086774497 ], [ -50.277538029162699, -21.589799532554597 ], [ -50.277543713699004, -21.589797697463101 ], [ -50.277549383606903, -21.589795864861589 ], [ -50.277555038007399, -21.589794032947793 ], [ -50.277560676021409, -21.589792199919504 ], [ -50.277566296769898, -21.589790363974295 ], [ -50.277571899373797, -21.589788523309984 ], [ -50.277577482954101, -21.589786676124298 ], [ -50.277583046631896, -21.589784820614899 ], [ -50.277588589527902, -21.589782954979501 ], [ -50.277594110764802, -21.589781077427496 ], [ -50.2775996094988, -21.589779186344696 ], [ -50.277605084908799, -21.589777280105789 ], [ -50.277610536172197, -21.589775357052311 ], [ -50.277615962466101, -21.589773415526096 ], [ -50.277621362968098, -21.589771453868501 ], [ -50.277626736855403, -21.589769470421295 ], [ -50.277632083283898, -21.589767463534901 ], [ -50.277637400202998, -21.589765432068297 ], [ -50.277642686890303, -21.589763374424709 ], [ -50.277647943659304, -21.589761288606194 ], [ -50.277653170824003, -21.589759172614599 ], [ -50.277658368698098, -21.589757024451806 ], [ -50.277663537595402, -21.58975484211981 ], [ -50.277668677829602, -21.589752623620594 ], [ -50.277673796505702, -21.589750364947395 ], [ -50.277678902963999, -21.589748063277096 ], [ -50.277683997681798, -21.589745719539593 ], [ -50.277689081094998, -21.5897433346795 ], [ -50.277694153639509, -21.589740909641304 ], [ -50.277699215751198, -21.589738445369704 ], [ -50.277704267866099, -21.589735942809298 ], [ -50.277709310420001, -21.589733402904706 ], [ -50.277714343848999, -21.589730826600398 ], [ -50.277719368588798, -21.589728214841092 ], [ -50.2777243850568, -21.589725568556393 ], [ -50.277729393635603, -21.589722888694698 ], [ -50.277734394751, -21.589720176284295 ], [ -50.277739388831897, -21.589717432356892 ], [ -50.277744376306799, -21.589714657944391 ], [ -50.2777493576043, -21.589711854078395 ], [ -50.277754333153098, -21.589709021790593 ], [ -50.277759303381806, -21.589706162112797 ], [ -50.277764268719103, -21.589703276076591 ], [ -50.277769229593503, -21.589700364713714 ], [ -50.277774186433703, -21.589697429055892 ], [ -50.277779139668297, -21.589694470134901 ], [ -50.277784089725998, -21.589691488982307 ], [ -50.277789037035397, -21.589688486630003 ], [ -50.277793982025003, -21.589685464109508 ], [ -50.277798925123598, -21.589682422452697 ], [ -50.277803866759797, -21.589679362691193 ], [ -50.277808807362099, -21.589676285856704 ], [ -50.277813747384002, -21.589673193038394 ], [ -50.277818687309001, -21.589670085364794 ], [ -50.2778236276096, -21.5896669639206 ], [ -50.277828568757897, -21.589663829790503 ], [ -50.277833511226198, -21.58966068405919 ], [ -50.277838455486702, -21.5896575278115 ], [ -50.277843402011698, -21.589654362131988 ], [ -50.277848351273398, -21.589651188105403 ], [ -50.277858261363399, -21.589644819145391 ], [ -50.277868192268201, -21.589638429771501 ], [ -50.277873163758102, -21.589635230957299 ], [ -50.277881976773308, -21.58962956213599 ], [ -50.2778814687072, -21.5896293018811 ], [ -50.277877592211297, -21.589627320312207 ], [ -50.277873698803702, -21.589625335081397 ], [ -50.277869803020899, -21.589623354471197 ], [ -50.2778659044912, -21.589621379123496 ], [ -50.277862002844302, -21.589619409677795 ], [ -50.277858097712098, -21.589617446770397 ], [ -50.277854188727709, -21.589615491035207 ], [ -50.2778502755259, -21.589613543103397 ], [ -50.277846357742703, -21.589611603603103 ], [ -50.2778424350156, -21.589609673160091 ], [ -50.27783850698291, -21.589607752397207 ], [ -50.277834574011599, -21.589605842287593 ], [ -50.2778306384293, -21.5896039449371 ], [ -50.277826695687402, -21.589602059786596 ], [ -50.2778227416457, -21.589600185222899 ], [ -50.2778187775221, -21.589598322025498 ], [ -50.277814805266203, -21.589596471320597 ], [ -50.277810826832102, -21.5895946342341 ], [ -50.277806844179501, -21.589592811890995 ], [ -50.277802859273898, -21.589591005416001 ], [ -50.277798870484801, -21.589589214315804 ], [ -50.277794872148398, -21.589587435398101 ], [ -50.277790864220201, -21.589585667169594 ], [ -50.277786850227997, -21.589583910557593 ], [ -50.277782830443698, -21.589582165042494 ], [ -50.277778805126097, -21.589580430096511 ], [ -50.277774774534905, -21.589578705190494 ], [ -50.2777707389317, -21.589576989793503 ], [ -50.2777666985696, -21.589575283369292 ], [ -50.277762653638199, -21.589573585350109 ], [ -50.277758604490607, -21.589571895217908 ], [ -50.277754551572698, -21.5895702125291 ], [ -50.277750495178303, -21.589568536784096 ], [ -50.277746435562698, -21.589566867465205 ], [ -50.277742372981699, -21.58956520405259 ], [ -50.277738307692402, -21.589563546024895 ], [ -50.277734239952402, -21.589561892858896 ], [ -50.277730170019801, -21.589560244029304 ], [ -50.277726082625797, -21.589558592735692 ], [ -50.277722011579407, -21.589556952015492 ], [ -50.277717939130703, -21.5895553140423 ], [ -50.277713865540598, -21.589553678284101 ], [ -50.277705715981703, -21.589550411273592 ], [ -50.277697565000501, -21.589547146685401 ], [ -50.277688479922602, -21.58954350687609 ], [ -50.277676732366501, -21.589538784875302 ], [ -50.277664667082604, -21.5895339026372 ], [ -50.277652552000099, -21.589528950500895 ], [ -50.277640427972699, -21.589523927587404 ], [ -50.277628437529103, -21.589518875725194 ], [ -50.277614366418099, -21.589512823216488 ], [ -50.277598426771803, -21.589505768764099 ], [ -50.277582605306101, -21.589498562222001 ], [ -50.277566773092403, -21.589491165545802 ], [ -50.277551014922302, -21.589483634076991 ], [ -50.277535328693403, -21.589475983571699 ], [ -50.277519699272901, -21.589468223633897 ], [ -50.277504124735302, -21.589460370389091 ], [ -50.277488600873099, -21.589452438807996 ], [ -50.277473138210702, -21.589444451406692 ], [ -50.277457736464804, -21.589436425275796 ], [ -50.277442427134801, -21.589428394288994 ], [ -50.2774270791719, -21.589420306845195 ], [ -50.277412836485098, -21.589412782954099 ], [ -50.277408966543, -21.589410738060394 ], [ -50.277401225288699, -21.589406647806808 ], [ -50.277393481383299, -21.589402558285801 ], [ -50.277385728143898, -21.589398467473693 ], [ -50.277381848441706, -21.58939642270699 ], [ -50.27737798925741, -21.589394392477697 ], [ -50.277374113633599, -21.589392359126101 ], [ -50.277370231823298, -21.589390329849195 ], [ -50.277366344949598, -21.589388307354998 ], [ -50.277362454556702, -21.589386294984592 ], [ -50.277358558791001, -21.589384294035295 ], [ -50.277354656684999, -21.589382306238786 ], [ -50.277350747161407, -21.589380333247103 ], [ -50.277346829310702, -21.589378376739088 ], [ -50.277342903032903, -21.589376438814593 ], [ -50.277338968086504, -21.589374521661309 ], [ -50.277335023527002, -21.589372627097298 ], [ -50.277331068387198, -21.589370756904795 ], [ -50.2773271017045, -21.589368912844304 ], [ -50.277323122517998, -21.589367096654598 ], [ -50.277319129865603, -21.589365310052397 ], [ -50.277315122781097, -21.589363554732508 ], [ -50.277311100749998, -21.589361832564098 ], [ -50.277307068568099, -21.589360147722488 ], [ -50.277303018818301, -21.58935850060849 ], [ -50.277298942443103, -21.589356888396395 ], [ -50.277294844027601, -21.589355312998602 ], [ -50.277290732209103, -21.589353777902296 ], [ -50.277286612460102, -21.589352285374897 ], [ -50.2772824787438, -21.589350832887796 ], [ -50.277278324650297, -21.589349415977804 ], [ -50.277274155002303, -21.589348035151993 ], [ -50.277269970591398, -21.589346689566195 ], [ -50.277265771888601, -21.5893453782618 ], [ -50.277261559281499, -21.5893441002484 ], [ -50.2772573334315, -21.589342854590299 ], [ -50.277253095141504, -21.589341640441891 ], [ -50.277248844946499, -21.589340456893098 ], [ -50.277244583282901, -21.589339302999402 ], [ -50.277240310596703, -21.589338177812806 ], [ -50.2772360273418, -21.589337080381796 ], [ -50.277231733979697, -21.589336009750184 ], [ -50.277227430979103, -21.589334964957391 ], [ -50.277223118814398, -21.589333945037694 ], [ -50.277218797967905, -21.589332949020292 ], [ -50.277214469120999, -21.589331975973103 ], [ -50.277210133056897, -21.589331025020599 ], [ -50.277205790307498, -21.589330095254503 ], [ -50.277201441282898, -21.589329185723209 ], [ -50.277197086443003, -21.589328295479397 ], [ -50.277192726249801, -21.589327423570296 ], [ -50.277188360993598, -21.589326569002996 ], [ -50.277183986774801, -21.589325729937791 ], [ -50.277179615380497, -21.589324906564489 ], [ -50.277175250807801, -21.589324101150805 ], [ -50.277170877433001, -21.589323313714392 ], [ -50.277166492273999, -21.589322547176611 ], [ -50.277162109458601, -21.589321810228892 ], [ -50.277157725865997, -21.589321107840494 ], [ -50.277153340844599, -21.589320445169488 ], [ -50.2771489560782, -21.589319827740901 ], [ -50.277144572628309, -21.589319261217391 ], [ -50.277140190902699, -21.589318751025594 ], [ -50.277135813422611, -21.589318302918002 ], [ -50.277131424709999, -21.589317921534089 ], [ -50.277127033689901, -21.589317609701698 ], [ -50.277122659013301, -21.589317370665103 ], [ -50.277118290031702, -21.589317202775696 ], [ -50.277113919597298, -21.589317103259784 ], [ -50.277109551436602, -21.589317070562092 ], [ -50.277105185572402, -21.589317102977393 ], [ -50.277100821942703, -21.589317198798991 ], [ -50.277096460398703, -21.589317356332799 ], [ -50.277092100787797, -21.589317573884596 ], [ -50.277087743013396, -21.589317849754991 ], [ -50.277083386606407, -21.589318182268798 ], [ -50.2770790301254, -21.589318569754894 ], [ -50.277074674762098, -21.589319010088484 ], [ -50.277070322577899, -21.589319501455698 ], [ -50.277065973400497, -21.5893200422815 ], [ -50.277061626837806, -21.589320631005094 ], [ -50.277057282531608, -21.589321266052501 ], [ -50.277052940154398, -21.589321945834094 ], [ -50.277048599406903, -21.589322668743794 ], [ -50.277044260013803, -21.589323433157507 ], [ -50.277039921721403, -21.589324237432095 ], [ -50.277035584294197, -21.589325079905187 ], [ -50.277031247511701, -21.58932595889409 ], [ -50.277026911165599, -21.589326872695601 ], [ -50.277022575057103, -21.589327819585904 ], [ -50.277018238993598, -21.589328797820492 ], [ -50.277013902786599, -21.589329805633994 ], [ -50.2770095662489, -21.589330841240596 ], [ -50.277005229192703, -21.589331902833795 ], [ -50.277000891965997, -21.589332988452096 ], [ -50.276996555596, -21.589334096056799 ], [ -50.276992220644097, -21.589335223926 ], [ -50.2769878869778, -21.589336370496689 ], [ -50.276983554459001, -21.589337534192598 ], [ -50.276979222941399, -21.5893387134245 ], [ -50.276974892269898, -21.589339906590403 ], [ -50.276970562279502, -21.589341112075989 ], [ -50.276966232794003, -21.589342328253895 ], [ -50.276961903625903, -21.589343553484493 ], [ -50.276957574574702, -21.589344786115294 ], [ -50.276953228890498, -21.589346029211576 ], [ -50.276944584146499, -21.589348512202104 ], [ -50.2769372393117, -21.589350624397184 ], [ -50.276926484398302, -21.589353705949293 ], [ -50.276913839765903, -21.589357268880402 ], [ -50.276900935321301, -21.589360799836602 ], [ -50.276886194914105, -21.589364661187812 ], [ -50.276869915174601, -21.589368614733797 ], [ -50.276853483031097, -21.589372441317906 ], [ -50.276849163900003, -21.589373448701796 ], [ -50.276844844621998, -21.589374461203711 ], [ -50.276840532396299, -21.589375480576091 ], [ -50.276836227502599, -21.589376510116601 ], [ -50.2768319304217, -21.589377553010593 ], [ -50.276827642881003, -21.58937861212269 ], [ -50.276823366843601, -21.58937969046929 ], [ -50.276819103038598, -21.589380791385789 ], [ -50.276814851764698, -21.589381918249998 ], [ -50.276810613293797, -21.589383074387797 ], [ -50.276806388311698, -21.589384262954606 ], [ -50.276802178507502, -21.589385486857797 ], [ -50.276797985507002, -21.58938674917481 ], [ -50.276793809933999, -21.589388053240789 ], [ -50.276789652205103, -21.589389402404695 ], [ -50.2767855126962, -21.589390799986695 ], [ -50.276781392447802, -21.589392249045694 ], [ -50.276777292955899, -21.589393752590691 ], [ -50.276773209226803, -21.589395316101104 ], [ -50.276769145261099, -21.589396940247603 ], [ -50.276765110553399, -21.589398616525287 ], [ -50.276761093433898, -21.589400342569796 ], [ -50.276757090738002, -21.589402112401704 ], [ -50.276753100322303, -21.589403919331005 ], [ -50.276749121646297, -21.589405755947009 ], [ -50.2767451536332, -21.589407615630801 ], [ -50.276741192343799, -21.589409492957401 ], [ -50.276737231461297, -21.589411383358708 ], [ -50.2767281276085, -21.589415739701195 ], [ -50.276717262182999, -21.589420871163206 ], [ -50.2767035715489, -21.589427164454293 ], [ -50.276687558391707, -21.589434281636201 ], [ -50.276671464421099, -21.589441208929994 ], [ -50.2766552927635, -21.5894479616036 ], [ -50.276639052685297, -21.589454552313196 ], [ -50.276622741188902, -21.589460998779398 ], [ -50.276606366053301, -21.589467314531394 ], [ -50.276589931958007, -21.589473514275898 ], [ -50.276573443567202, -21.589479612639696 ], [ -50.276557153822097, -21.589485533900508 ], [ -50.276542134569603, -21.589490919491688 ], [ -50.2765338127654, -21.589493904657804 ], [ -50.276529669409499, -21.589495394465199 ], [ -50.276525516640298, -21.589496892142197 ], [ -50.276521366474505, -21.589498394911608 ], [ -50.276517219556297, -21.589499904063995 ], [ -50.276513076529099, -21.589501420877799 ], [ -50.276508937994599, -21.589502946633701 ], [ -50.276504804322798, -21.589504482677391 ], [ -50.2765006765352, -21.589506030044493 ], [ -50.276496556117699, -21.589507589746802 ], [ -50.276492443903308, -21.589509163062704 ], [ -50.276488340561997, -21.589510751318208 ], [ -50.276484246758599, -21.589512355828095 ], [ -50.276480163152101, -21.589513977896392 ], [ -50.276476090394503, -21.589515618817408 ], [ -50.276472029130701, -21.589517279875601 ], [ -50.276467979996802, -21.589518962347299 ], [ -50.276463943619902, -21.5895206675007 ], [ -50.276459920616603, -21.589522396597097 ], [ -50.276455911592798, -21.589524150891698 ], [ -50.276451917324998, -21.589525931552693 ], [ -50.276447939256208, -21.589527739479202 ], [ -50.2764439784697, -21.589529575876703 ], [ -50.276440035326097, -21.589531442193103 ], [ -50.276436110456899, -21.589533339733791 ], [ -50.276432204543099, -21.589535269770696 ], [ -50.276428320697001, -21.589537232344906 ], [ -50.276424456942003, -21.589539230710603 ], [ -50.276420608634901, -21.589541267486691 ], [ -50.2764167794518, -21.589543339881807 ], [ -50.276412974956202, -21.589545444147603 ], [ -50.276409192424602, -21.589547580453207 ], [ -50.276405427395098, -21.589549749306492 ], [ -50.276401680691301, -21.589551948676704 ], [ -50.276397951555701, -21.589554177417497 ], [ -50.276394239364002, -21.589556434278695 ], [ -50.276390543711699, -21.589558717901809 ], [ -50.276386864065699, -21.589561027044599 ], [ -50.276383199710402, -21.589563360565602 ], [ -50.276379549928897, -21.5895657173124 ], [ -50.276375914003303, -21.589568096122001 ], [ -50.276372291213598, -21.589570495820197 ], [ -50.2763686808564, -21.589572915209004 ], [ -50.276365082430203, -21.589575352947101 ], [ -50.276361495544698, -21.589577807667684 ], [ -50.276357919631202, -21.589580278149704 ], [ -50.27635435399371, -21.589582763246888 ], [ -50.276350797927499, -21.589585261806505 ], [ -50.276347250720796, -21.589587772668494 ], [ -50.276343711653404, -21.589590294665904 ], [ -50.276340179963597, -21.5895928266482 ], [ -50.276336655138103, -21.589595367261893 ], [ -50.276333138266402, -21.589597913980597 ], [ -50.276329628252505, -21.589600466015007 ], [ -50.276326123036498, -21.589603023284695 ], [ -50.276322620495897, -21.589605585743598 ], [ -50.276319107288998, -21.589608161559202 ], [ -50.276315608824198, -21.589610730759595 ], [ -50.276312131013704, -21.589613289684195 ], [ -50.276308643654303, -21.589615861550197 ], [ -50.276305161009503, -21.589618436810689 ], [ -50.276301683490303, -21.589621016087104 ], [ -50.276298211488204, -21.589623600011596 ], [ -50.276294745394402, -21.589626189206498 ], [ -50.276291285721598, -21.589628784201999 ], [ -50.276287833009697, -21.589631385540791 ], [ -50.276284387689699, -21.589633993845201 ], [ -50.276280950182901, -21.589636609740598 ], [ -50.276277520907499, -21.589639233851106 ], [ -50.276274100278599, -21.58964186679869 ], [ -50.276270688708102, -21.589644509204291 ], [ -50.276267286604799, -21.589647161687296 ], [ -50.276263894374203, -21.589649824866093 ], [ -50.276260512418403, -21.589652499358092 ], [ -50.276257141300903, -21.589655185648297 ], [ -50.276253780654301, -21.589657885024501 ], [ -50.276250430620699, -21.589660598350601 ], [ -50.276247094093897, -21.589663324135405 ], [ -50.2762437689005, -21.58966606501679 ], [ -50.276240456825597, -21.589668818128288 ], [ -50.2762371546861, -21.589671582134091 ], [ -50.276233859863197, -21.589674355149796 ], [ -50.276230569970402, -21.589677134990708 ], [ -50.276227276198298, -21.589679924930884 ], [ -50.276221308895103, -21.589684984691203 ], [ -50.276213441845996, -21.589691640297499 ], [ -50.276202699676297, -21.5897005957987 ], [ -50.276189710468699, -21.589711092874598 ], [ -50.276176294452107, -21.58972170681659 ], [ -50.276160294070401, -21.589734235620302 ], [ -50.276156890745199, -21.589736902824193 ], [ -50.276153506482601, -21.589739559224302 ], [ -50.276150114202103, -21.589742227987397 ], [ -50.276146726171497, -21.589744901421394 ], [ -50.276143343322197, -21.589747580701896 ], [ -50.276139969036997, -21.589750265039598 ], [ -50.276136603264597, -21.589752957256088 ], [ -50.276133242311701, -21.589755662066288 ], [ -50.276129886797698, -21.589758379599399 ], [ -50.276126540583199, -21.589761107385396 ], [ -50.276123207543101, -21.589763842935298 ], [ -50.276119888806903, -21.589766586020396 ], [ -50.276116579901903, -21.589769340060098 ], [ -50.276113278056201, -21.589772105948299 ], [ -50.276109985278204, -21.589774881463299 ], [ -50.276106701302197, -21.589777666280298 ], [ -50.276103425847502, -21.589780460086001 ], [ -50.276100158624999, -21.589783262572688 ], [ -50.276096899353199, -21.589786073421998 ], [ -50.276093647789203, -21.589788892284194 ], [ -50.276090403686098, -21.5897917188238 ], [ -50.276087166766303, -21.589794552730211 ], [ -50.2760839367511, -21.589797393692997 ], [ -50.27608071336121, -21.589800241400404 ], [ -50.276077496316702, -21.589803095540095 ], [ -50.276074285337003, -21.589805955799203 ], [ -50.276071080140902, -21.589808821863588 ], [ -50.276067880446497, -21.589811693418898 ], [ -50.276064685971001, -21.589814570149496 ], [ -50.276061496121301, -21.589817452019506 ], [ -50.276058309534299, -21.5898203395625 ], [ -50.276055126437008, -21.589823231603802 ], [ -50.276051948350599, -21.589826126491488 ], [ -50.2760487751599, -21.589829024131088 ], [ -50.276045606567799, -21.589831924593007 ], [ -50.276042442277699, -21.589834827947197 ], [ -50.276039281993199, -21.589837734263504 ], [ -50.276036125418102, -21.589840643610991 ], [ -50.276032972256502, -21.589843556058796 ], [ -50.276029822212898, -21.589846471675308 ], [ -50.276026661719797, -21.589849402837995 ], [ -50.276023517528301, -21.589852324553494 ], [ -50.276020375570603, -21.589855249637598 ], [ -50.276017235739602, -21.589858178008399 ], [ -50.2760140995669, -21.589861108297193 ], [ -50.276010966505098, -21.589864040938703 ], [ -50.276007836231202, -21.589866976106599 ], [ -50.276004708674201, -21.589869913739189 ], [ -50.276001583763197, -21.589872853774697 ], [ -50.275998461427399, -21.589875796151105 ], [ -50.275995341595902, -21.589878740806604 ], [ -50.275992224197701, -21.589881687679092 ], [ -50.275989109161806, -21.589884636706895 ], [ -50.275985996417198, -21.589887587827704 ], [ -50.275982885892901, -21.58989054097939 ], [ -50.275979777517797, -21.589893496100107 ], [ -50.275976671220498, -21.5898964531277 ], [ -50.275973566921301, -21.589899412006403 ], [ -50.275970464558497, -21.589902372665392 ], [ -50.275967364066901, -21.589905335037997 ], [ -50.275964265375798, -21.589908299062895 ], [ -50.275961168414597, -21.589911264678388 ], [ -50.275958073112704, -21.589914231823091 ], [ -50.275954979399501, -21.589917200435089 ], [ -50.2759487964559, -21.589923141814698 ], [ -50.275945707084198, -21.589926114458699 ], [ -50.275939532186797, -21.5899320633462 ], [ -50.275933361944801, -21.589938016620394 ], [ -50.275927195790899, -21.589943973785985 ], [ -50.275921033156997, -21.589949934346592 ], [ -50.275914873474399, -21.589955897805801 ], [ -50.275908716173802, -21.589961863666097 ], [ -50.275902560685203, -21.589967831429689 ], [ -50.275896406438108, -21.589973800598003 ], [ -50.2758902497958, -21.589979772891187 ], [ -50.275884093231099, -21.589985744601989 ], [ -50.275877938052702, -21.589991714652399 ], [ -50.275874860833902, -21.589994699261901 ], [ -50.275868706838502, -21.590000668063805 ], [ -50.275862553033498, -21.590006636861691 ], [ -50.275856398940299, -21.590012606318798 ], [ -50.275850244079599, -21.590018577098192 ], [ -50.275844087972303, -21.590024549863301 ], [ -50.2758379321766, -21.590030523658598 ], [ -50.2758317788035, -21.590036497722696 ], [ -50.275825627164998, -21.590042473414595 ], [ -50.275819477628602, -21.590048451036299 ], [ -50.275813330561903, -21.59005443088969 ], [ -50.275807186332202, -21.590060413276404 ], [ -50.275801045306302, -21.590066398497804 ], [ -50.2757949078512, -21.590072386854892 ], [ -50.275788774333002, -21.590078378648997 ], [ -50.275782645104599, -21.590084374189985 ], [ -50.275776520554402, -21.590090373758191 ], [ -50.275770401054999, -21.590096377653303 ], [ -50.275767343314698, -21.590099381318112 ], [ -50.275761232082999, -21.590105392271294 ], [ -50.275758178683702, -21.590108399635508 ], [ -50.275752076548699, -21.59011441832779 ], [ -50.275749027904901, -21.590117429731595 ], [ -50.275745980938197, -21.590120442557396 ], [ -50.275742935694701, -21.5901234568429 ], [ -50.275739892220102, -21.5901264726261 ], [ -50.275736850560598, -21.590129489944484 ], [ -50.275733810761999, -21.590132508835811 ], [ -50.275730772870098, -21.590135529337893 ], [ -50.275727736931003, -21.590138551488195 ], [ -50.275724702990402, -21.590141575324601 ], [ -50.275721671094303, -21.590144600884596 ], [ -50.2757186412883, -21.590147628205905 ], [ -50.275715613618502, -21.590150657326092 ], [ -50.275712588130403, -21.590153688283003 ], [ -50.275709564870098, -21.5901567211139 ], [ -50.275706543883103, -21.590159755856593 ], [ -50.275703525215299, -21.590162792548597 ], [ -50.275700508912401, -21.590165831227505 ], [ -50.275697495019998, -21.590168871930896 ], [ -50.275694483583997, -21.590171914696192 ], [ -50.275691474649797, -21.5901749595612 ], [ -50.275688468263297, -21.590178006563093 ], [ -50.275685464470101, -21.590181055739702 ], [ -50.275682463317303, -21.590184107127101 ], [ -50.275679464858797, -21.5901871607564 ], [ -50.275676469136499, -21.590190216669797 ], [ -50.275673476195692, -21.590193274905896 ], [ -50.275670486082397, -21.590196335502604 ], [ -50.275667498842701, -21.590199398497401 ], [ -50.275664514522603, -21.590202463928104 ], [ -50.275661533167998, -21.590205531832598 ], [ -50.275658554824901, -21.590208602248499 ], [ -50.275655579539198, -21.590211675213485 ], [ -50.275652607357003, -21.590214750765288 ], [ -50.275649638323998, -21.590217828941594 ], [ -50.275646672486197, -21.590220909780193 ], [ -50.275643709889501, -21.590223993318592 ], [ -50.2756407635637, -21.590227066053597 ], [ -50.275637807749298, -21.590230154907292 ], [ -50.275634855312703, -21.590233246573497 ], [ -50.275631906299601, -21.590236341089888 ], [ -50.2756289607577, -21.590239438492105 ], [ -50.275626019877805, -21.590242537611903 ], [ -50.275623084155299, -21.590245638564497 ], [ -50.275620151811204, -21.590248743524395 ], [ -50.275617221811601, -21.590251853290798 ], [ -50.275614294351399, -21.59025496736399 ], [ -50.275611369624798, -21.590258085245395 ], [ -50.275608435409701, -21.590261219698903 ], [ -50.2756055173314, -21.590264343083103 ], [ -50.275602602557306, -21.590267468784695 ], [ -50.275599691278103, -21.590270596307192 ], [ -50.275596783683, -21.590273725154898 ], [ -50.275593879960702, -21.590276854832393 ], [ -50.275590980298603, -21.590279984845395 ], [ -50.275588084016697, -21.590283115472605 ], [ -50.275582290095798, -21.590289386460693 ], [ -50.275576498959097, -21.590295661057599 ], [ -50.275570708470397, -21.590301936607787 ], [ -50.275567812658707, -21.590305074057888 ], [ -50.275561571509499, -21.590311832844389 ], [ -50.275553014137699, -21.590321075885392 ], [ -50.275544390214897, -21.590330348857496 ], [ -50.2755356663721, -21.590339668514304 ], [ -50.275526889518602, -21.590348966372602 ], [ -50.2755180542757, -21.590358229986702 ], [ -50.275509154503503, -21.590367447621006 ], [ -50.275500182412799, -21.590376609159705 ], [ -50.2754911294031, -21.590385705193999 ], [ -50.275481986423898, -21.590394726628105 ], [ -50.275472739410702, -21.590403669070593 ], [ -50.275462452966799, -21.590413398835896 ], [ -50.2754503940671, -21.590424542030291 ], [ -50.275434980988997, -21.590438639995501 ], [ -50.275431821995703, -21.590441533923109 ], [ -50.275428657677402, -21.590444438997899 ], [ -50.275425498365401, -21.590447348202893 ], [ -50.275422345299802, -21.590450262813093 ], [ -50.275419199801, -21.590453184004698 ], [ -50.275416063524098, -21.590456112655005 ], [ -50.275412938104203, -21.590459049771095 ], [ -50.2754098248381, -21.590461996656003 ], [ -50.275406724990503, -21.590464954616504 ], [ -50.275403639814499, -21.590467924946196 ], [ -50.275400571627706, -21.590470907880185 ], [ -50.275397522181805, -21.590473904636386 ], [ -50.2753944894638, -21.590476918159091 ], [ -50.275391471744001, -21.590479949458302 ], [ -50.275388471224502, -21.590482995663795 ], [ -50.275385489624298, -21.590486054387096 ], [ -50.275382526192097, -21.590489125577694 ], [ -50.275379578340299, -21.590492210728403 ], [ -50.275376646028697, -21.590495308945201 ], [ -50.275373728756399, -21.590498419816509 ], [ -50.275370825996106, -21.590501542955408 ], [ -50.2753679372275, -21.590504677960396 ], [ -50.275365061989902, -21.590507824365698 ], [ -50.275362199822801, -21.590510981727203 ], [ -50.275359350213002, -21.590514149655892 ], [ -50.275356512643903, -21.590517327763294 ], [ -50.275353686598002, -21.590520515658692 ], [ -50.275350871556597, -21.590523712948993 ], [ -50.275348066999804, -21.590526919239199 ], [ -50.275345272406398, -21.590530134132099 ], [ -50.275342487237701, -21.590533357247196 ], [ -50.27533971087491, -21.590536588285008 ], [ -50.2753369428521, -21.590539826724406 ], [ -50.275334182857108, -21.59054307194959 ], [ -50.2753314304207, -21.590546323541393 ], [ -50.275328685039298, -21.590549581117596 ], [ -50.275325946207303, -21.5905528442945 ], [ -50.275323213417401, -21.590556112686897 ], [ -50.275320486160403, -21.590559385908296 ], [ -50.275317763925401, -21.590562663570605 ], [ -50.275315046199097, -21.590565945284588 ], [ -50.275312332466498, -21.5905692306596 ], [ -50.275309611002697, -21.590572532903096 ], [ -50.275306905499399, -21.590575822266604 ], [ -50.275304202431798, -21.590579114099697 ], [ -50.275301501277099, -21.590582408007496 ], [ -50.275296102604102, -21.590589000460398 ], [ -50.2752907052529, -21.590595596439393 ], [ -50.275288005741402, -21.590598894750197 ], [ -50.275285304957499, -21.590602192738697 ], [ -50.275279523743997, -21.590609246143799 ], [ -50.275271526190402, -21.590618960729888 ], [ -50.275263384086301, -21.590628780069 ], [ -50.275254262926701, -21.590639669360815 ], [ -50.275243407524599, -21.590652462813281 ], [ -50.2752326729358, -21.590665005216206 ], [ -50.275222086363698, -21.590677324167988 ], [ -50.275216517623001, -21.590683804289903 ], [ -50.275210954126301, -21.590690285814695 ], [ -50.275208175714603, -21.590693527875992 ], [ -50.275205400197798, -21.5906967712809 ], [ -50.275202628076798, -21.590700016385203 ], [ -50.275199873505997, -21.59070324752631 ], [ -50.275197111341399, -21.590706495092792 ], [ -50.275194354052601, -21.5907097454187 ], [ -50.2751916021328, -21.59071299885349 ], [ -50.275188856074202, -21.590716255745786 ], [ -50.275186116366697, -21.590719516442402 ], [ -50.275183383498899, -21.59072278128939 ], [ -50.275180657960099, -21.590726050628501 ], [ -50.275177940286298, -21.590729324743101 ], [ -50.275175231055407, -21.59073260389 ], [ -50.275172530810899, -21.590735888384092 ], [ -50.275169840059, -21.590739178581099 ], [ -50.275167159304303, -21.590742474835796 ], [ -50.275164489049502, -21.590745777501894 ], [ -50.275161829795003, -21.590749086932398 ], [ -50.27515918203899, -21.590752403479588 ], [ -50.275156546277898, -21.590755727495196 ], [ -50.275153923005597, -21.590759059330299 ], [ -50.275151312713803, -21.590762399335695 ], [ -50.275148715892101, -21.590765747861784 ], [ -50.27514613302781, -21.590769105259092 ], [ -50.275143565553904, -21.5907724706348 ], [ -50.2751410152799, -21.590775843167492 ], [ -50.2751384805279, -21.590779226941205 ], [ -50.275135959481602, -21.590782624587892 ], [ -50.275134138210497, -21.59078510278119 ], [ -50.275151877451599, -21.590804998679598 ], [ -50.275161678667203, -21.590821139954198 ], [ -50.275166253523402, -21.590838564891907 ], [ -50.275165458652403, -21.590857976185511 ], [ -50.275160248114702, -21.5908776939559 ], [ -50.275151692553798, -21.590895882298508 ], [ -50.275140153036297, -21.590911282651994 ], [ -50.275125713630899, -21.590923309923703 ], [ -50.275108660675997, -21.590932439915495 ], [ -50.2750896057589, -21.590939145598494 ], [ -50.2750690806539, -21.590943989813894 ], [ -50.275047782304704, -21.590947514776797 ], [ -50.275033141738305, -21.590949407405102 ], [ -50.275032043978896, -21.590951399155511 ], [ -50.275027977784198, -21.5909587888322 ], [ -50.275023916374401, -21.590966180041193 ], [ -50.275019856848502, -21.590973570969705 ], [ -50.275015719155903, -21.590981101469801 ], [ -50.275009649246101, -21.590992120952496 ], [ -50.275002494241903, -21.591005073937193 ], [ -50.2749946564862, -21.591019204142597 ], [ -50.274986402290402, -21.591034035142595 ], [ -50.274981070866602, -21.59104359109989 ], [ -50.274979019203897, -21.591047266661509 ], [ -50.274976966988497, -21.591050941587294 ], [ -50.274974914288507, -21.591054615934098 ], [ -50.274972861158204, -21.591058289784002 ], [ -50.274970807659102, -21.591061963206496 ], [ -50.274966699842103, -21.591069308970905 ], [ -50.274962591416397, -21.591076653623691 ], [ -50.2749584829605, -21.591083997559696 ], [ -50.274954375052197, -21.591091341173581 ], [ -50.274950268268903, -21.591098684859801 ], [ -50.274946163186897, -21.591106029012796 ], [ -50.274942060381797, -21.591113374026811 ], [ -50.274937960428602, -21.591120720296011 ], [ -50.274933863901403, -21.591128068214285 ], [ -50.274929771380798, -21.591135418129497 ], [ -50.274925682746499, -21.5911427704518 ], [ -50.274921597533606, -21.591150125064502 ], [ -50.274917515359299, -21.591157481710692 ], [ -50.2749134358208, -21.591164840168595 ], [ -50.274909358515401, -21.591172200216295 ], [ -50.274905283039601, -21.591179561632007 ], [ -50.274901208989903, -21.59118692419349 ], [ -50.274897135962497, -21.5911942876787 ], [ -50.274893063553108, -21.591201651865291 ], [ -50.274888991357301, -21.591209016530804 ], [ -50.274884918971409, -21.591216381446696 ], [ -50.274880846033597, -21.59122374629229 ], [ -50.2748767721692, -21.591231110798098 ], [ -50.274872696965808, -21.591238474765703 ], [ -50.274868620011006, -21.591245837997203 ], [ -50.274866580747798, -21.59124951927479 ], [ -50.274864540891897, -21.591253200293995 ], [ -50.274862500391698, -21.591256881029793 ], [ -50.274860459195402, -21.591260561457503 ], [ -50.274858417251401, -21.591264241552285 ], [ -50.274856374507998, -21.591267921289198 ], [ -50.274854330913499, -21.591271600643495 ], [ -50.274852286416099, -21.591275279590207 ], [ -50.274850240964099, -21.591278958104493 ], [ -50.274848194505701, -21.591282636161598 ], [ -50.274846146989098, -21.591286313736497 ], [ -50.2748440983626, -21.591289990804203 ], [ -50.2748420485742, -21.59129366734 ], [ -50.274839997572101, -21.591297343318796 ], [ -50.274837945304498, -21.5913010187158 ], [ -50.274833787694803, -21.591308458555599 ], [ -50.274827619130797, -21.591319468124293 ], [ -50.274820368971902, -21.591332370711395 ], [ -50.274812098616202, -21.591347025736393 ], [ -50.274803795256901, -21.591361668811189 ], [ -50.2747956076159, -21.591376031566586 ], [ -50.2747872302403, -21.591390651794203 ], [ -50.274778839866201, -21.591405229490892 ], [ -50.2747704311967, -21.59141978338819 ], [ -50.274762013210598, -21.59143430736119 ], [ -50.2747565539742, -21.591443702715807 ], [ -50.274754436185297, -21.591447345498892 ], [ -50.274752317600097, -21.591450987862203 ], [ -50.274750198283307, -21.59145462983901 ], [ -50.274748078299609, -21.591458271462304 ], [ -50.274745957713897, -21.5914619127653 ], [ -50.274743836590702, -21.591465553781003 ], [ -50.274739592990599, -21.591472835083188 ], [ -50.274735348016399, -21.591480115633299 ], [ -50.274731102184397, -21.591487395695591 ], [ -50.274726856010702, -21.591494675534296 ], [ -50.274722610010798, -21.591501955413101 ], [ -50.2747183647, -21.591509235595691 ], [ -50.274714120592797, -21.591516516345397 ], [ -50.274709878203602, -21.591523797925301 ], [ -50.274705638167703, -21.591531080454892 ], [ -50.2747014012253, -21.591538364250496 ], [ -50.2746971672724, -21.591545650577203 ], [ -50.2746929368925, -21.591552939404494 ], [ -50.274688710671299, -21.5915602306974 ], [ -50.274684489194698, -21.591567524420093 ], [ -50.274680273048197, -21.591574820536309 ], [ -50.274676062817498, -21.591582119009193 ], [ -50.274671859087903, -21.591589419801497 ], [ -50.274669759844002, -21.591593071055495 ], [ -50.274665566963506, -21.591600375255595 ], [ -50.274663473473197, -21.591604028192101 ], [ -50.2746592927584, -21.5916113357132 ], [ -50.274657205432099, -21.591614990614989 ], [ -50.274653034062901, -21.591622306076395 ], [ -50.274650950764702, -21.591625965142196 ], [ -50.274646788916002, -21.591633285658496 ], [ -50.274642633199697, -21.591640609260608 ], [ -50.274638483378197, -21.591647935836384 ], [ -50.274634339213797, -21.591655265273701 ], [ -50.2746302004687, -21.5916625974601 ], [ -50.2746260669051, -21.591669932283402 ] ] ] } },
{ "type": "Feature", "properties": { "CHAVE": "3032463", "FAZENDA": "303246", "NOME_FAZ": "SITIO SAO MARTINHO", "ZONA": 999.0, "TALHAO": 3.0, "AREA_TOTAL": 0.46741353739751501, "TIPO_GEO": "TALHAO", "DATA_INICI": null, "DATA_FINAL": null, "HORA_INICI": null, "HORA_FINAL": null, "CLASSE": null, "PILOTO": null, "AERONAVE": null, "AREA_HA": null }, "geometry": { "type": "Polygon", "coordinates": [ [ [ -50.269601288214297, -21.589664711961795 ], [ -50.2695980138026, -21.589692039899994 ], [ -50.269597247076902, -21.589719916331202 ], [ -50.2695983352477, -21.5897480852462 ], [ -50.269600625525001, -21.589776290636092 ], [ -50.269603480700397, -21.589804286729809 ], [ -50.269606522832902, -21.589831998107201 ], [ -50.269609587828, -21.589859489854611 ], [ -50.269612517982402, -21.58988683125839 ], [ -50.2696151555933, -21.589914091604793 ], [ -50.26961734295741, -21.589941340180005 ], [ -50.269618921461102, -21.589968647719299 ], [ -50.2696197037179, -21.589996130758898 ], [ -50.2696194670594, -21.590023958322298 ], [ -50.269617777906298, -21.590052061064096 ], [ -50.269613768664698, -21.590079868075406 ], [ -50.269606517701298, -21.5901067459979 ], [ -50.2695951033824, -21.590132061472996 ], [ -50.269578773227501, -21.590155145623598 ], [ -50.269557952036699, -21.590175082374603 ], [ -50.269533564709199, -21.590190856025401 ], [ -50.269506505532, -21.590201972134196 ], [ -50.269477609941497, -21.590208882412693 ], [ -50.269447707159998, -21.590212138483398 ], [ -50.269417625330803, -21.590212291381498 ], [ -50.269387981725799, -21.590209777113209 ], [ -50.269358931584797, -21.590204779648797 ], [ -50.269330568920402, -21.590197449559696 ], [ -50.269302958759098, -21.59018798964161 ], [ -50.269275852762902, -21.590177167279499 ], [ -50.2692488110917, -21.590166094887589 ], [ -50.269221445720198, -21.590155757330091 ], [ -50.2691936979163, -21.590146339810396 ], [ -50.269165631872397, -21.590137729020302 ], [ -50.26913731199231, -21.590129811139306 ], [ -50.269108802679597, -21.590122472346589 ], [ -50.2690801683381, -21.590115598821697 ], [ -50.269051473371597, -21.590109076743989 ], [ -50.269022782184003, -21.590102792293205 ], [ -50.268994154639998, -21.5900966306715 ], [ -50.268965663210999, -21.590090495634588 ], [ -50.268937236497599, -21.590084378420904 ], [ -50.268908819566903, -21.590078327453309 ], [ -50.268880326562602, -21.590072384762987 ], [ -50.268851678174705, -21.590066593790496 ], [ -50.268822795092802, -21.590060997975893 ], [ -50.268793598006603, -21.590055640759392 ], [ -50.268764007605597, -21.590050565581095 ], [ -50.268734124590402, -21.590046284748297 ], [ -50.268706753975103, -21.590050326260698 ], [ -50.268683151250301, -21.590065750060791 ], [ -50.2686615281253, -21.590087349594594 ], [ -50.268640038160903, -21.590109755567202 ], [ -50.268617807962798, -21.590130047135499 ], [ -50.268595225237299, -21.590148476742691 ], [ -50.268572761678897, -21.590165508171285 ], [ -50.268484671206707, -21.590256624258394 ], [ -50.268476536366798, -21.590282718503396 ], [ -50.268481705719104, -21.590291444794097 ], [ -50.268487024803697, -21.590291846898683 ], [ -50.268517846843302, -21.590294283645104 ], [ -50.268548629836403, -21.590296930851494 ], [ -50.268579354259302, -21.590299893750899 ], [ -50.268610000588502, -21.590303277576098 ], [ -50.2686405493004, -21.590307187560185 ], [ -50.268670980871597, -21.590311728936001 ], [ -50.268701281698803, -21.590316975813096 ], [ -50.268731468961597, -21.590322840467095 ], [ -50.2687615698134, -21.590329182738294 ], [ -50.268791611412603, -21.590335862439993 ], [ -50.2688216209174, -21.590342739385591 ], [ -50.268851625486001, -21.590349673388307 ], [ -50.268881652276399, -21.590356524261388 ], [ -50.268911728446703, -21.590363151818096 ], [ -50.268941880937497, -21.590369416948597 ], [ -50.268972121366602, -21.590375256592889 ], [ -50.269002436172208, -21.59038073265739 ], [ -50.2690328094506, -21.590385918671601 ], [ -50.269063225298297, -21.590390888165203 ], [ -50.269093667811902, -21.590395714667704 ], [ -50.2691241210877, -21.590400471708996 ], [ -50.2691545692226, -21.590405232818501 ], [ -50.269184996313101, -21.590410071526101 ], [ -50.269215395988802, -21.590415015330503 ], [ -50.269245808303197, -21.590419867568301 ], [ -50.269276287420404, -21.590424363439492 ], [ -50.269306887507398, -21.590428238128393 ], [ -50.269337662731303, -21.590431226819302 ], [ -50.2693686560944, -21.590433075995296 ], [ -50.2693998018595, -21.5904336421906 ], [ -50.269430972985397, -21.590432843982498 ], [ -50.269462041742599, -21.590430600645288 ], [ -50.269492880401103, -21.590426831453389 ], [ -50.269523361231101, -21.590421455681398 ], [ -50.269553356502698, -21.590414392603797 ], [ -50.269582738111502, -21.590405560571195 ], [ -50.2696113507833, -21.5903948109029 ], [ -50.269638994181399, -21.590381883743294 ], [ -50.269665463726398, -21.590366508769598 ], [ -50.269690439193397, -21.590348455912288 ], [ -50.269712835215799, -21.590327761429805 ], [ -50.2697312556434, -21.590304569757599 ], [ -50.269744359505701, -21.590279034880304 ], [ -50.2697521834843, -21.590251537729298 ], [ -50.269756192627497, -21.590222694537001 ], [ -50.269757918203808, -21.590193132443893 ], [ -50.269758888478599, -21.590163477422397 ], [ -50.269760101257397, -21.590134149040107 ], [ -50.269761419043498, -21.590105125112398 ], [ -50.269762557932701, -21.590076326486599 ], [ -50.2697632340209, -21.590047674010098 ], [ -50.269763163404399, -21.590019088530102 ], [ -50.2697620642111, -21.5899904911434 ], [ -50.2697598819436, -21.589961830879197 ], [ -50.269756994107901, -21.589933109836302 ], [ -50.2697538265313, -21.5899043360502 ], [ -50.269750805040502, -21.589875517555789 ], [ -50.269748355462198, -21.589846662388403 ], [ -50.269746903622497, -21.589817778583402 ], [ -50.269746797028901, -21.589788878442803 ], [ -50.269748067755501, -21.589759991454191 ], [ -50.2697506684747, -21.589731151431195 ], [ -50.269754551858902, -21.589702392187188 ], [ -50.269759670580797, -21.589673747535802 ], [ -50.2697659773129, -21.589645251290403 ], [ -50.269773424727802, -21.589616937264491 ], [ -50.269781965498197, -21.589588839271297 ], [ -50.269791552296802, -21.589560991124493 ], [ -50.269802137796397, -21.589533426637299 ], [ -50.269813674669898, -21.589506179623186 ], [ -50.269826115590199, -21.589479283895603 ], [ -50.269839434832605, -21.589452790201602 ], [ -50.269853762000203, -21.589426871047198 ], [ -50.269869294656601, -21.589401752211199 ], [ -50.2698862306517, -21.589377659697192 ], [ -50.269904767835897, -21.589354819508394 ], [ -50.269925071576203, -21.589333426816395 ], [ -50.269946994393898, -21.589313379849202 ], [ -50.2699554416387, -21.589306478989091 ], [ -50.2699367623268, -21.589289874078197 ], [ -50.269935635140001, -21.589290554774589 ], [ -50.269911638411202, -21.589306389250996 ], [ -50.269888256059303, -21.589323123785803 ], [ -50.269865444094599, -21.589340630598397 ], [ -50.269843158144397, -21.589358781069407 ], [ -50.2698213538362, -21.589377446579299 ], [ -50.269799990222303, -21.589396506009994 ], [ -50.269779068003601, -21.589415929465591 ], [ -50.269758615648598, -21.589435747869093 ], [ -50.269738662130898, -21.589455993249501 ], [ -50.269719236424002, -21.589476697635597 ], [ -50.269700367501201, -21.589497893056496 ], [ -50.269682084336203, -21.589519611540904 ], [ -50.269664415902398, -21.589541885117793 ], [ -50.269647400555499, -21.589564747135899 ], [ -50.269631525891, -21.589588294128806 ], [ -50.269617917303599, -21.589612712336599 ], [ -50.269607723100997, -21.589638188525196 ], [ -50.269601288214297, -21.589664711961795 ] ] ] } },
{ "type": "Feature", "properties": { "CHAVE": "3032461", "FAZENDA": "303246", "NOME_FAZ": "SITIO SAO MARTINHO", "ZONA": 999.0, "TALHAO": 1.0, "AREA_TOTAL": 6.8395328398225583, "TIPO_GEO": "TALHAO", "DATA_INICI": null, "DATA_FINAL": null, "HORA_INICI": null, "HORA_FINAL": null, "CLASSE": null, "PILOTO": null, "AERONAVE": null, "AREA_HA": null }, "geometry": { "type": "Polygon", "coordinates": [ [ [ -50.276015043762598, -21.591723576031303 ], [ -50.276015143905099, -21.591729171321294 ], [ -50.2760152787571, -21.591734767298092 ], [ -50.276015446938601, -21.591740363997598 ], [ -50.276015647065996, -21.591745961515603 ], [ -50.276015877724603, -21.591751559814401 ], [ -50.276016137529808, -21.591757158707896 ], [ -50.276016425127899, -21.591762758144498 ], [ -50.276016739163502, -21.591768358169492 ], [ -50.2760170782758, -21.591773958825797 ], [ -50.276017441097899, -21.591779560154901 ], [ -50.276017826257409, -21.591785162196803 ], [ -50.276018232376003, -21.591790764990595 ], [ -50.276018658069297, -21.591796368574286 ], [ -50.276019101947099, -21.591801972986001 ], [ -50.276019562612902, -21.591807578263399 ], [ -50.276020038658402, -21.5918131843727 ], [ -50.276020528680696, -21.591818791149301 ], [ -50.276021031323602, -21.591824398509281 ], [ -50.276021545232801, -21.5918300064981 ], [ -50.276022069047499, -21.591835615152398 ], [ -50.276022601400904, -21.591841224509594 ], [ -50.276023142555403, -21.591846851606594 ], [ -50.276023687478698, -21.591852458349582 ], [ -50.276024789114899, -21.591863674304594 ], [ -50.276025897206701, -21.591874893654701 ], [ -50.276026784891798, -21.591883899777695 ], [ -50.276027853723797, -21.591894872653096 ], [ -50.276029213587996, -21.591909146861202 ], [ -50.276030718905403, -21.591925833831894 ], [ -50.276032111205602, -21.591942617533395 ], [ -50.276033111838203, -21.591956230655004 ], [ -50.2760514932897, -21.591955286655093 ], [ -50.276065156697499, -21.591955312123002 ], [ -50.2760783211397, -21.591956332773197 ], [ -50.276090861874899, -21.591958597401803 ], [ -50.276102654162202, -21.5919623548046 ], [ -50.276118777176499, -21.591970465076901 ], [ -50.276136883998397, -21.591988061228403 ], [ -50.276151310062097, -21.592010282369309 ], [ -50.276162086540808, -21.592035070498302 ], [ -50.276169218740101, -21.592060245591114 ], [ -50.276173004043301, -21.592084543087704 ], [ -50.276174232565801, -21.592108623557404 ], [ -50.276173673822903, -21.592132837746984 ], [ -50.276172371065996, -21.59215349033909 ], [ -50.276171199589001, -21.592166609520103 ], [ -50.276168903902402, -21.592179018206505 ], [ -50.276164602512992, -21.592189741160091 ], [ -50.276154483524003, -21.592201931876993 ], [ -50.276131809611101, -21.592210273910904 ], [ -50.276103341012103, -21.592212904020787 ], [ -50.276075658591303, -21.592212487623193 ], [ -50.276075927739001, -21.592213311903897 ], [ -50.276077713697902, -21.592218706830788 ], [ -50.276079521661202, -21.592224098651101 ], [ -50.276081350330301, -21.592229487585698 ], [ -50.276083198401309, -21.592234873856601 ], [ -50.276085064564903, -21.592240257687507 ], [ -50.276086947506798, -21.592245639303897 ], [ -50.2760888458577, -21.592251018791796 ], [ -50.276090758215801, -21.592256396018588 ], [ -50.276092683346, -21.592261771109595 ], [ -50.276094620035501, -21.592267144404897 ], [ -50.276096567019799, -21.592272516115393 ], [ -50.276098523029297, -21.592277886452688 ], [ -50.2761004867899, -21.592283255630992 ], [ -50.276100896769201, -21.59228437268969 ], [ -50.276119633514497, -21.592268286843989 ], [ -50.276143221702, -21.592250989201389 ], [ -50.276168016160298, -21.592240448047193 ], [ -50.276196027722797, -21.592237848131401 ], [ -50.2762261469138, -21.592240358529782 ], [ -50.2762566708005, -21.59224438457499 ], [ -50.276286320300599, -21.592247130280096 ], [ -50.27631542555131, -21.592248831960699 ], [ -50.276344592225698, -21.592250309933192 ], [ -50.276373924306803, -21.592251744984395 ], [ -50.276403377922698, -21.592253129422808 ], [ -50.2764329091805, -21.592254455530302 ], [ -50.276462474187305, -21.592255715588603 ], [ -50.276492029051703, -21.592256901880404 ], [ -50.276521540743197, -21.592258010740412 ], [ -50.276551012928898, -21.592259052196496 ], [ -50.276580457019101, -21.592260039165399 ], [ -50.276609884424303, -21.592260984564096 ], [ -50.276639306554699, -21.592261901309289 ], [ -50.276668734791699, -21.592262802345392 ], [ -50.276698175808107, -21.592263705031996 ], [ -50.276727626420403, -21.59226463597129 ], [ -50.276757082206899, -21.592265622927297 ], [ -50.276786538745696, -21.592266693663799 ], [ -50.276815991614903, -21.5922678759447 ], [ -50.276845436392897, -21.592269197532296 ], [ -50.276874870083809, -21.592270672331999 ], [ -50.2769042945989, -21.592272266553493 ], [ -50.276933712904302, -21.592273936152193 ], [ -50.276963127966297, -21.5922756370835 ], [ -50.276992542751103, -21.5922773253027 ], [ -50.277021960224801, -21.592278956765401 ], [ -50.277051383353601, -21.592280487426795 ], [ -50.277080814701897, -21.592281879667997 ], [ -50.2771102535445, -21.592283148508791 ], [ -50.277139697545998, -21.592284334738892 ], [ -50.277169144359704, -21.592285479324108 ], [ -50.277198591639099, -21.592286623230308 ], [ -50.277228037037702, -21.592287807423489 ], [ -50.277257478211702, -21.592289072818591 ], [ -50.277286913725, -21.592290443759797 ], [ -50.277316344348101, -21.592291904279591 ], [ -50.277345771181103, -21.592293432397302 ], [ -50.277375195324105, -21.592295006132495 ], [ -50.277404617876897, -21.592296603504799 ], [ -50.277434039939401, -21.592298202533609 ], [ -50.277463462611699, -21.592299781238594 ], [ -50.2774928869935, -21.592301317639098 ], [ -50.277522314219098, -21.592302789112306 ], [ -50.277551746496698, -21.59230415287718 ], [ -50.2775811872974, -21.592305342455901 ], [ -50.277610640164397, -21.592306290014196 ], [ -50.277640108641101, -21.592306927717999 ], [ -50.277669596270506, -21.5923071877334 ], [ -50.277699105387505, -21.592307022740314 ], [ -50.2777286272796, -21.592306572976895 ], [ -50.2777581473132, -21.592306079210491 ], [ -50.2777876507988, -21.5923057831648 ], [ -50.277817123046802, -21.592305926563704 ], [ -50.277846549368, -21.592306751130703 ], [ -50.277875915073302, -21.592308498589787 ], [ -50.277905210789697, -21.592311323500496 ], [ -50.277934458145197, -21.592314872113906 ], [ -50.2779636899742, -21.592318606932995 ], [ -50.277992939125497, -21.592321990209893 ], [ -50.278022238079402, -21.592324490560095 ], [ -50.278051601887604, -21.592325877737 ], [ -50.278081020976501, -21.592326346984393 ], [ -50.278110483910901, -21.592326125715299 ], [ -50.278139979255499, -21.59232544134251 ], [ -50.278169495575703, -21.592324521278993 ], [ -50.278199021436599, -21.592323592937785 ], [ -50.278228545403898, -21.592322883731789 ], [ -50.2782580560431, -21.592322621074008 ], [ -50.278287542477599, -21.592323013208386 ], [ -50.278316999095402, -21.592324087357401 ], [ -50.278346423180203, -21.592325771164791 ], [ -50.278375812045901, -21.592327991240996 ], [ -50.278405163006397, -21.592330674196496 ], [ -50.278434473378503, -21.592333746629699 ], [ -50.278463744256598, -21.592337121393804 ], [ -50.278492987803098, -21.592340671066303 ], [ -50.278522218196898, -21.5923442608863 ], [ -50.278551449616998, -21.592347756093101 ], [ -50.278580696242102, -21.592351021926 ], [ -50.278609972241703, -21.5923539237174 ], [ -50.278639287273599, -21.592356373285305 ], [ -50.278668639194002, -21.592358404037306 ], [ -50.278698023953602, -21.592360069015392 ], [ -50.2787274375031, -21.59236142126171 ], [ -50.278756875793199, -21.592362513818298 ], [ -50.278786334774701, -21.592363399727201 ], [ -50.278815810398498, -21.592364132030688 ], [ -50.278845298615302, -21.592364763770703 ], [ -50.278874795376105, -21.592365347989396 ], [ -50.278904296631801, -21.5923659377289 ], [ -50.278933798333398, -21.592366586031389 ], [ -50.278963296432003, -21.5923673459389 ], [ -50.278992786878703, -21.592368270493502 ], [ -50.279022265677398, -21.592369411492612 ], [ -50.279051730697901, -21.592370776923502 ], [ -50.2790811821259, -21.592372320378999 ], [ -50.279110620291497, -21.592373992059404 ], [ -50.279140045524706, -21.592375742164695 ], [ -50.2791694581557, -21.592377520895297 ], [ -50.279198858514398, -21.592379278451197 ], [ -50.279228246930906, -21.592380965032792 ], [ -50.279257623735106, -21.592382530840101 ], [ -50.279287024100505, -21.592383669267605 ], [ -50.279316533848004, -21.592381474182709 ], [ -50.279343000518701, -21.592369017060104 ], [ -50.279358820912606, -21.592346420791284 ], [ -50.279360103277199, -21.592319801443793 ], [ -50.279352408563604, -21.592291361408389 ], [ -50.2793420645975, -21.592262890815498 ], [ -50.2793323993697, -21.592235324368897 ], [ -50.279323237416698, -21.592208597732796 ], [ -50.2793142048927, -21.592182590000686 ], [ -50.279304927952197, -21.592157180266206 ], [ -50.279295032750198, -21.592132247622605 ], [ -50.279284145441601, -21.592107671163301 ], [ -50.279271991337097, -21.592083340317789 ], [ -50.279258715432505, -21.592059188264688 ], [ -50.279244573742297, -21.592035159755401 ], [ -50.2792298222817, -21.592011199541691 ], [ -50.279214717065699, -21.591987252375294 ], [ -50.279199514109102, -21.591963263007997 ], [ -50.279184469426703, -21.591939176191698 ], [ -50.279169839032797, -21.591914936678389 ], [ -50.279155864180197, -21.591890493379484 ], [ -50.279142501752801, -21.591865875326992 ], [ -50.279129451901198, -21.591841183887997 ], [ -50.279116405559797, -21.591816523026107 ], [ -50.2791030536657, -21.591791996703893 ], [ -50.279089200390104, -21.591767672135891 ], [ -50.279075055388603, -21.591743484618004 ], [ -50.279060771847, -21.591719381390298 ], [ -50.279046365574899, -21.591695348457513 ], [ -50.2790318473551, -21.591671373242999 ], [ -50.279017227970499, -21.591647443169791 ], [ -50.279002518204003, -21.591623545661299 ], [ -50.2789877306801, -21.59159966738909 ], [ -50.278973023091801, -21.591575735834407 ], [ -50.278958800506608, -21.591551577544699 ], [ -50.278945492139997, -21.591527009214897 ], [ -50.278933450957901, -21.5915018806418 ], [ -50.278922285974097, -21.591476364590498 ], [ -50.278911186216803, -21.5914508161529 ], [ -50.278899438747899, -21.591425547060311 ], [ -50.278887108298399, -21.591400525374691 ], [ -50.278874615369901, -21.591375561934878 ], [ -50.278862382302698, -21.591350466767206 ], [ -50.2788507475885, -21.591325089438694 ], [ -50.278839381383399, -21.591299594685491 ], [ -50.278827634140299, -21.591274298007196 ], [ -50.278814854318, -21.591249515843593 ], [ -50.278800463620698, -21.591225529373386 ], [ -50.278784704289201, -21.591202224755293 ], [ -50.278768332674602, -21.591179240623291 ], [ -50.278751921965998, -21.591156298806801 ], [ -50.278735623200703, -21.591133313363201 ], [ -50.2787195309526, -21.591110224060795 ], [ -50.278703739795397, -21.591086970667796 ], [ -50.278688344302601, -21.59106349295249 ], [ -50.278673435171697, -21.591039733746594 ], [ -50.278659049366603, -21.591015678346992 ], [ -50.278645184565001, -21.590991343097588 ], [ -50.278631831826701, -21.590966747639289 ], [ -50.278618853934702, -21.590941969627409 ], [ -50.278605987205303, -21.590917143913696 ], [ -50.27859296259561, -21.590892407773811 ], [ -50.278579511063299, -21.59086789848309 ], [ -50.278565363565697, -21.590843753316793 ], [ -50.278550359435997, -21.590820052284595 ], [ -50.2785349818787, -21.590796535174203 ], [ -50.278519950947498, -21.590772816622003 ], [ -50.278505987078397, -21.590748511159688 ], [ -50.278493828699503, -21.590723337776595 ], [ -50.278484261789899, -21.590697322322693 ], [ -50.278477459858102, -21.590670605188802 ], [ -50.278472393242808, -21.590643440224305 ], [ -50.278467894746598, -21.590616094247984 ], [ -50.278462797966, -21.590588833962389 ], [ -50.278456235697298, -21.590561882240504 ], [ -50.278448088308998, -21.5905353524441 ], [ -50.278438351011502, -21.590509341111694 ], [ -50.278427068660498, -21.590483916044992 ], [ -50.278414636821303, -21.590458942039508 ], [ -50.278401602124703, -21.590434196447195 ], [ -50.278388511791704, -21.590409456278692 ], [ -50.2783758676022, -21.590384517466205 ], [ -50.278363755955297, -21.590359348906901 ], [ -50.2783520406458, -21.590334012190603 ], [ -50.278340583351898, -21.590308569788807 ], [ -50.278329245751898, -21.590283084172608 ], [ -50.278317889523898, -21.590257617813304 ], [ -50.278306376346499, -21.590232233182096 ], [ -50.278294567898101, -21.590206992750002 ], [ -50.278282325857099, -21.590181958988293 ], [ -50.278269511902401, -21.590157194367894 ], [ -50.278255987841803, -21.590132761299799 ], [ -50.278241719009209, -21.590108674040188 ], [ -50.278226960510899, -21.590084812059096 ], [ -50.278212017767203, -21.590061031423289 ], [ -50.278197196198001, -21.590037188199499 ], [ -50.278182801223302, -21.590013138454704 ], [ -50.278169065014197, -21.5899887725501 ], [ -50.278155908707497, -21.589964126470193 ], [ -50.278143170896499, -21.589939274845101 ], [ -50.278130690174201, -21.589914292305306 ], [ -50.278118305133603, -21.5898892534811 ], [ -50.278105854446302, -21.589864232983285 ], [ -50.278093194847401, -21.589839300901492 ], [ -50.278080224106297, -21.589814517055103 ], [ -50.278066845660199, -21.589789939844898 ], [ -50.278052962946198, -21.589765627671511 ], [ -50.278038479401602, -21.589741638935909 ], [ -50.278023308915209, -21.589718026125297 ], [ -50.278007573365208, -21.5896947240537 ], [ -50.277991586068204, -21.589671559224897 ], [ -50.277975667474799, -21.589648354106888 ], [ -50.2779594086497, -21.58962383116069 ], [ -50.277949639470101, -21.58963005710719 ], [ -50.277939715899997, -21.589636387738498 ], [ -50.277929791662601, -21.589642726881397 ], [ -50.277919866598097, -21.589649076430398 ], [ -50.277914906248398, -21.589652254613998 ], [ -50.277909949334003, -21.58965543496419 ], [ -50.277904988750599, -21.589658621230399 ], [ -50.277895059438599, -21.589665006249401 ], [ -50.277885125362602, -21.589671398275602 ], [ -50.277880158796101, -21.589674593311095 ], [ -50.277875193733209, -21.589677785777596 ], [ -50.277867443708097, -21.589682764109792 ], [ -50.277854780352499, -21.589690868463002 ], [ -50.277839941574904, -21.58970028057939 ], [ -50.277824985387198, -21.5897096442575 ], [ -50.277809920567897, -21.589718914154304 ], [ -50.277794751588601, -21.589728049612294 ], [ -50.277779477107799, -21.589737013669001 ], [ -50.277764085690499, -21.589745775099598 ], [ -50.277748564699301, -21.589754302889794 ], [ -50.277732909102902, -21.589762561522498 ], [ -50.277717091313001, -21.589770528850202 ], [ -50.277701108219297, -21.589778169909597 ], [ -50.277685025166001, -21.5897854191386 ], [ -50.277668843623303, -21.589792251059791 ], [ -50.277652347942201, -21.589798796334698 ], [ -50.277635712683697, -21.589805040704405 ], [ -50.277618960772301, -21.589811034533199 ], [ -50.277602151201698, -21.589816815552989 ], [ -50.277585386878798, -21.589822406523698 ], [ -50.277567654389699, -21.589828198613201 ], [ -50.277550636238701, -21.58983369244989 ], [ -50.277539237753899, -21.589837373773292 ], [ -50.277533557651807, -21.589839213217402 ], [ -50.277527866713108, -21.589841062216799 ], [ -50.277522178516605, -21.589842918427681 ], [ -50.277516494455597, -21.5898447835986 ], [ -50.277510815279001, -21.589846659694892 ], [ -50.277505141660207, -21.5898485486513 ], [ -50.277499474396599, -21.589850452347694 ], [ -50.277493814281797, -21.589852372651489 ], [ -50.277488162104802, -21.589854311417792 ], [ -50.277482518966998, -21.5898562703801 ], [ -50.277476884736501, -21.589858251793803 ], [ -50.277471259659201, -21.589860257760201 ], [ -50.277465646613201, -21.589862289283197 ], [ -50.277460048797401, -21.589864347240091 ], [ -50.277454463704998, -21.589866434547098 ], [ -50.277448891913103, -21.589868550917096 ], [ -50.277443332443099, -21.589870695261489 ], [ -50.277437785140002, -21.589872866301899 ], [ -50.2774322494529, -21.589875062905595 ], [ -50.277426724851701, -21.589877283922004 ], [ -50.277421210916003, -21.589879528157997 ], [ -50.277415707211802, -21.589881794453301 ], [ -50.277410213207098, -21.589884081683788 ], [ -50.277404728364601, -21.589886388722601 ], [ -50.277399252146203, -21.589888714437794 ], [ -50.277393784013597, -21.589891057692192 ], [ -50.277388323426798, -21.5898934173442 ], [ -50.277382869815597, -21.5898957922597 ], [ -50.277377422474999, -21.589898181347898 ], [ -50.2773719810112, -21.589900583331694 ], [ -50.277366545274305, -21.589902996930892 ], [ -50.277361114807903, -21.5899054210165 ], [ -50.277355689091699, -21.589907854482295 ], [ -50.277350267602898, -21.589910296218093 ], [ -50.277344849815897, -21.589912745108993 ], [ -50.277339418213401, -21.589915207739306 ], [ -50.277334010055, -21.589917665866697 ], [ -50.2773231995617, -21.589922592302699 ], [ -50.277312393246397, -21.589927524762501 ], [ -50.277306990298399, -21.589929990403398 ], [ -50.277298441989203, -21.589933887968598 ], [ -50.277287785533098, -21.5899387297933 ], [ -50.277274058555498, -21.589944930502305 ], [ -50.2772579057199, -21.589952132348191 ], [ -50.277241654027108, -21.589959247578506 ], [ -50.277225320003097, -21.589966232088507 ], [ -50.277208899800598, -21.589973050517795 ], [ -50.277192383879097, -21.589979669574198 ], [ -50.277175773702908, -21.589986051367806 ], [ -50.277159041614397, -21.589992170304299 ], [ -50.277142603635298, -21.589997848001204 ], [ -50.2771257136922, -21.590003376972497 ], [ -50.2771088482652, -21.590008674785995 ], [ -50.277091747635303, -21.590013898489495 ], [ -50.277068154107297, -21.590021003848687 ], [ -50.277062443729001, -21.590022727816304 ], [ -50.277056723364097, -21.590024461378199 ], [ -50.2770510058943, -21.5900262034375 ], [ -50.277045292877297, -21.590027956353804 ], [ -50.2770395857357, -21.5900297226422 ], [ -50.277033885452298, -21.5900315049414 ], [ -50.2770281929512, -21.590033305881807 ], [ -50.277022509148203, -21.5900351280712 ], [ -50.277016834950103, -21.590036974095597 ], [ -50.277011171252703, -21.590038846520603 ], [ -50.277005519398699, -21.59004074773819 ], [ -50.276999881204901, -21.590042680097898 ], [ -50.276994259361402, -21.590044645145195 ], [ -50.276988648359101, -21.590046644721095 ], [ -50.2769830488621, -21.590048678288195 ], [ -50.276977462364201, -21.590050745014999 ], [ -50.276971890356201, -21.590052844066591 ], [ -50.2769663339636, -21.590054974744092 ], [ -50.276960792484701, -21.590057136941191 ], [ -50.276955264413502, -21.590059330744406 ], [ -50.276949750046299, -21.590061555661801 ], [ -50.276944249342698, -21.590063811333707 ], [ -50.276938762259299, -21.590066097401198 ], [ -50.276933288753398, -21.590068413505001 ], [ -50.276927828776003, -21.590070759287798 ], [ -50.276922382295901, -21.590073134381807 ], [ -50.276916949288001, -21.590075538421395 ], [ -50.276911529709999, -21.590077971049485 ], [ -50.276906123515403, -21.590080431910696 ], [ -50.276900730658397, -21.590082920648694 ], [ -50.276895351094097, -21.590085436906602 ], [ -50.276889984777902, -21.590087980326501 ], [ -50.276884631666206, -21.590090550549885 ], [ -50.276879291715701, -21.590093147217694 ], [ -50.276873964883698, -21.590095769969789 ], [ -50.276868651127998, -21.590098418445592 ], [ -50.2768633504067, -21.590101092283689 ], [ -50.276858062645999, -21.590103791138393 ], [ -50.276852787797203, -21.590106514638997 ], [ -50.2768475258748, -21.590109262391799 ], [ -50.276842276866304, -21.590112034028603 ], [ -50.276837040726299, -21.590114829197692 ], [ -50.2768318174097, -21.590117647546496 ], [ -50.276826606871701, -21.590120488722004 ], [ -50.276821409067701, -21.590123352370384 ], [ -50.276816223953197, -21.590126238137398 ], [ -50.276811051484202, -21.590129145667792 ], [ -50.276805891616497, -21.590132074606306 ], [ -50.276800744306101, -21.590135024596588 ], [ -50.276795609509101, -21.590137995281896 ], [ -50.276790487181998, -21.590140986304895 ], [ -50.276785377280703, -21.590143997307695 ], [ -50.276780279761802, -21.590147027931796 ], [ -50.276775194581397, -21.590150077818297 ], [ -50.276770121695897, -21.590153146607705 ], [ -50.276765061061496, -21.59015623393999 ], [ -50.276760012634497, -21.590159339454708 ], [ -50.276754976370803, -21.590162462790701 ], [ -50.276749952226602, -21.590165603586691 ], [ -50.276744940157897, -21.590168761480687 ], [ -50.2767399401204, -21.590171936110409 ], [ -50.276734952069802, -21.590175127112897 ], [ -50.276729975961501, -21.590178334125092 ], [ -50.276725011544002, -21.590181556917791 ], [ -50.276720058203502, -21.590184795410792 ], [ -50.276715115555703, -21.590188049543396 ], [ -50.276710185572703, -21.590191318477491 ], [ -50.276705268689, -21.59019460242779 ], [ -50.276700365224201, -21.590197901683897 ], [ -50.276695475497498, -21.590201216535299 ], [ -50.2766905998268, -21.590204547271103 ], [ -50.276685738529899, -21.590207894180299 ], [ -50.276680891923199, -21.590211257551598 ], [ -50.276676060322899, -21.590214637673803 ], [ -50.276671244043897, -21.590218034835196 ], [ -50.276666443400508, -21.590221449324297 ], [ -50.276661658706203, -21.5902248814293 ], [ -50.276656890273401, -21.590228331438489 ], [ -50.27665213841361, -21.5902317996402 ], [ -50.2766474034376, -21.590235286322503 ], [ -50.276642685655098, -21.5902387917738 ], [ -50.276637985374698, -21.590242316282492 ], [ -50.276633302982908, -21.590245860077395 ], [ -50.276628639078403, -21.590249423261003 ], [ -50.276623994174201, -21.590253006016887 ], [ -50.276619368593899, -21.590256608643092 ], [ -50.276614762719603, -21.590260231392506 ], [ -50.276610176932103, -21.5902638745183 ], [ -50.276605611611103, -21.590267538273398 ], [ -50.276601067134997, -21.590271222911095 ], [ -50.276596543881197, -21.590274928684995 ], [ -50.2765920422259, -21.590278655848497 ], [ -50.276587562543597, -21.590282404655802 ], [ -50.276583105207997, -21.590286175361197 ], [ -50.276578670591299, -21.590289968219299 ], [ -50.276574259064397, -21.590293783485503 ], [ -50.276569870996703, -21.590297621415392 ], [ -50.276565506756498, -21.590301482265097 ], [ -50.276561166710501, -21.590305366291698 ], [ -50.2765568512241, -21.590309273752688 ], [ -50.276552560716802, -21.590313204855594 ], [ -50.2765482960451, -21.590317159431802 ], [ -50.276544057065699, -21.590321138512401 ], [ -50.276539843460696, -21.590325142958591 ], [ -50.276535655687198, -21.590329172806307 ], [ -50.276531494393502, -21.590333227910293 ], [ -50.276527360226702, -21.590337308125005 ], [ -50.276523253832302, -21.590341413304298 ], [ -50.27651917585451, -21.590345543301495 ], [ -50.276515126936005, -21.590349697969806 ], [ -50.276511107717901, -21.590353877161697 ], [ -50.276507117970802, -21.590358081645707 ], [ -50.276503156164203, -21.590362313036298 ], [ -50.276499222247899, -21.590366570556998 ], [ -50.276495317271497, -21.590370852861 ], [ -50.276491441335999, -21.590375159626404 ], [ -50.2764875945226, -21.590379490552401 ], [ -50.276483776912201, -21.590383845338184 ], [ -50.276479988585699, -21.590388223681995 ], [ -50.276476229624002, -21.590392625281698 ], [ -50.276472500108099, -21.590397049834394 ], [ -50.276468800117399, -21.590401497038702 ], [ -50.276465129719497, -21.590405966605491 ], [ -50.276461489000603, -21.590410458214102 ], [ -50.276457878068499, -21.590414971532294 ], [ -50.276454297011298, -21.590419506255401 ], [ -50.276450745911198, -21.590424062085201 ], [ -50.2764472248505, -21.5904286387232 ], [ -50.276443733911201, -21.590433235870499 ], [ -50.276440273175304, -21.590437853227499 ], [ -50.2764368427245, -21.5904424904944 ], [ -50.276433442640503, -21.5904471473707 ], [ -50.276430073004803, -21.590451823555703 ], [ -50.276426733898809, -21.590456518748194 ], [ -50.2764234254035, -21.590461232646501 ], [ -50.2764201476, -21.5904659649485 ], [ -50.276416900569203, -21.590470715351792 ], [ -50.276413684391599, -21.590475483553487 ], [ -50.276410499147602, -21.590480269250197 ], [ -50.276407344917601, -21.590485072138385 ], [ -50.276404221781405, -21.590489891914004 ], [ -50.276401129819007, -21.5904947282725 ], [ -50.276398069200198, -21.590499580765904 ], [ -50.276395040999503, -21.590504447588895 ], [ -50.276392045575101, -21.590509329043805 ], [ -50.276389081623599, -21.5905142269519 ], [ -50.276386148740698, -21.5905191413019 ], [ -50.276383246872598, -21.590524071508703 ], [ -50.276380375964898, -21.590529016986395 ], [ -50.276377535962403, -21.590533977147903 ], [ -50.276374726808903, -21.590538951405808 ], [ -50.276371948447405, -21.590543939171503 ], [ -50.276369200820199, -21.590548939856106 ], [ -50.276366483868699, -21.590553952869598 ], [ -50.276363797533406, -21.590558977621495 ], [ -50.276361141754002, -21.590564013520702 ], [ -50.276358516106399, -21.590569060673491 ], [ -50.276355918972598, -21.590574120981795 ], [ -50.276353348941399, -21.590579194770392 ], [ -50.276350806221302, -21.590584280316897 ], [ -50.2763482903392, -21.590589377298503 ], [ -50.276345800772702, -21.590594485488694 ], [ -50.276343336999098, -21.590599604659193 ], [ -50.276340898495597, -21.590604734580605 ], [ -50.276338484739199, -21.590609875021801 ], [ -50.27633609520651, -21.590615025750115 ], [ -50.276333729373903, -21.590620186531801 ], [ -50.276331386717402, -21.590625357131707 ], [ -50.2763290667124, -21.590630537313388 ], [ -50.276326768833698, -21.590635726839803 ], [ -50.276324492523599, -21.590640925544903 ], [ -50.276322237227703, -21.590646133190599 ], [ -50.276320002469298, -21.590651349412898 ], [ -50.276317787764199, -21.59065657392139 ], [ -50.276315592598102, -21.590661806492491 ], [ -50.2763134164558, -21.590667046901807 ], [ -50.276311258821707, -21.590672294924001 ], [ -50.276309119179402, -21.590677550333009 ], [ -50.276306997011801, -21.5906828129019 ], [ -50.276304891800898, -21.590688082402792 ], [ -50.276302803028102, -21.590693358607506 ], [ -50.276300730173801, -21.590698641286785 ], [ -50.276298672717601, -21.590703930210999 ], [ -50.276296630138397, -21.590709225149801 ], [ -50.276294601914103, -21.590714525872201 ], [ -50.276292587521603, -21.590719832146707 ], [ -50.276290586437, -21.590725143741693 ], [ -50.276288598135501, -21.590730460424389 ], [ -50.276286622091199, -21.590735781962298 ], [ -50.276284657777303, -21.590741108122003 ], [ -50.276282704666201, -21.590746438670092 ], [ -50.2762807622289, -21.590751773372499 ], [ -50.276278829935798, -21.590757111995096 ], [ -50.276276907255998, -21.590762454303299 ], [ -50.276274993657701, -21.590767800062405 ], [ -50.276273088608001, -21.590773149037396 ], [ -50.276271191572903, -21.5907785009931 ], [ -50.276269302039211, -21.590783855632701 ], [ -50.276267419540297, -21.5907892125865 ], [ -50.276265543584607, -21.590794571639396 ], [ -50.2762636678832, -21.590799949106202 ], [ -50.276261803982102, -21.590805310213696 ], [ -50.276259945032898, -21.590810672810608 ], [ -50.276258090514702, -21.590816036666187 ], [ -50.2762562399055, -21.590821401549395 ], [ -50.276254392682503, -21.590826767229309 ], [ -50.27625070629761, -21.59083750005459 ], [ -50.276247027152202, -21.590848233299806 ], [ -50.276243349558598, -21.590858970206494 ], [ -50.276239674296399, -21.5908697054446 ], [ -50.276236002050297, -21.590880438042294 ], [ -50.2762323330683, -21.590891168301901 ], [ -50.276228667598197, -21.590901896525601 ], [ -50.276225005887802, -21.590912623016003 ], [ -50.276221348184698, -21.590923348075492 ], [ -50.276217694736602, -21.590934072006799 ], [ -50.276214045790702, -21.590944795112396 ], [ -50.276210401594298, -21.590955517695303 ], [ -50.276206762394601, -21.590966240058201 ], [ -50.276203128447001, -21.590976962481989 ], [ -50.276199500206502, -21.590987684729004 ], [ -50.2761958780263, -21.590998406841493 ], [ -50.276192262213101, -21.591009128973486 ], [ -50.276188653075302, -21.591019851273202 ], [ -50.276185050921399, -21.591030573888492 ], [ -50.27618145605971, -21.5910412969676 ], [ -50.276177868798499, -21.591052020658594 ], [ -50.276174289445699, -21.591062745109493 ], [ -50.276170718309501, -21.591073470468594 ], [ -50.276167155697799, -21.591084196883905 ], [ -50.276163601918398, -21.591094924503498 ], [ -50.276160057279, -21.591105653475495 ], [ -50.276158288483401, -21.591111018514194 ], [ -50.2761547581336, -21.591121749788705 ], [ -50.276152996656499, -21.5911271160616 ], [ -50.276149481290702, -21.591137849971094 ], [ -50.276147727479199, -21.591143217644703 ], [ -50.276144227791498, -21.59115395452239 ], [ -50.276142481992501, -21.591159323763399 ], [ -50.276138998676601, -21.5911700639423 ], [ -50.276137261236897, -21.591175434917201 ], [ -50.276133794986208, -21.591186178730606 ], [ -50.276132066252302, -21.591191551606101 ], [ -50.276130340497303, -21.59119692515219 ], [ -50.276128617759802, -21.591202299387287 ], [ -50.276126898078104, -21.59120767432999 ], [ -50.276125181490798, -21.591213049998903 ], [ -50.276123468018604, -21.591218426444598 ], [ -50.276121757099297, -21.591223804753202 ], [ -50.276120049086003, -21.591229183774892 ], [ -50.276118344335003, -21.591234562826791 ], [ -50.276116642931598, -21.591239942075998 ], [ -50.276114944960902, -21.59124532168989 ], [ -50.276113250507997, -21.591250701835996 ], [ -50.276111559657899, -21.591256082681703 ], [ -50.276109872495503, -21.591261464394798 ], [ -50.276108189105699, -21.591266847142997 ], [ -50.276106509573196, -21.591272231094202 ], [ -50.276104833982608, -21.591277616416203 ], [ -50.2761031624186, -21.591283003277205 ], [ -50.276101494965502, -21.591288391845389 ], [ -50.276099831707903, -21.591293782288993 ], [ -50.276098172730002, -21.591299174776395 ], [ -50.276096518116105, -21.591304569476002 ], [ -50.276094867950398, -21.591309966556498 ], [ -50.2760932223878, -21.5913153660414 ], [ -50.276091587853301, -21.591320748576798 ], [ -50.276089954003901, -21.591326149357993 ], [ -50.2760883259485, -21.59133155246349 ], [ -50.276086703902699, -21.591336958026183 ], [ -50.276085088082198, -21.591342366179095 ], [ -50.276083478702198, -21.591347777055091 ], [ -50.276081875977802, -21.591353190787391 ], [ -50.2760802801239, -21.591358607509196 ], [ -50.276078691355302, -21.591364027353602 ], [ -50.276077109886309, -21.591369450454298 ], [ -50.276075535931298, -21.591374876944592 ], [ -50.276073969704399, -21.591380306958094 ], [ -50.276072411419598, -21.591385740628596 ], [ -50.2760708612904, -21.59139117808979 ], [ -50.2760693195305, -21.591396619475795 ], [ -50.276067786353103, -21.591402064920594 ], [ -50.2760662619188, -21.591407514746397 ], [ -50.276064746066801, -21.591412970194295 ], [ -50.276063238678098, -21.591418431383907 ], [ -50.276061740862097, -21.591423896403796 ], [ -50.2760602533899, -21.591429365001407 ], [ -50.276058776933503, -21.591434837276292 ], [ -50.276057312163999, -21.591440313327791 ], [ -50.276055859750997, -21.591445793254792 ], [ -50.276054420362698, -21.5914512771561 ], [ -50.276052994666003, -21.591456765129998 ], [ -50.276051583326698, -21.591462257274998 ], [ -50.276050187008998, -21.591467753688999 ], [ -50.276048806375996, -21.591473254470397 ], [ -50.276047442089201, -21.591478759716995 ], [ -50.276046094854202, -21.5914842693421 ], [ -50.276044765558197, -21.591489782762199 ], [ -50.276043455121709, -21.591495299533495 ], [ -50.276042164249198, -21.591500819793101 ], [ -50.276040893692603, -21.591506343471497 ], [ -50.276039644202598, -21.5915118704959 ], [ -50.276038416528301, -21.591517400792998 ], [ -50.276037211417297, -21.591522934289298 ], [ -50.276036029615099, -21.5915284709113 ], [ -50.276034871865697, -21.591534010585388 ], [ -50.276033738911401, -21.591539553237798 ], [ -50.276032631492399, -21.591545098795297 ], [ -50.276031550347398, -21.591550647184302 ], [ -50.276030496213401, -21.5915561983307 ], [ -50.276029469833198, -21.591561752121102 ], [ -50.276028471965297, -21.5915673084187 ], [ -50.2760275033704, -21.5915728671193 ], [ -50.276026564801597, -21.591578428147084 ], [ -50.276025657010301, -21.591583991426198 ], [ -50.276024780745701, -21.591589556881505 ], [ -50.276023936755202, -21.591595124439305 ], [ -50.276023125784, -21.591600694026997 ], [ -50.276022348575303, -21.591606265573304 ], [ -50.276021605870199, -21.591611839008806 ], [ -50.276020898408106, -21.591617414265606 ], [ -50.276020226928203, -21.591622991261595 ], [ -50.276019592178002, -21.591628569870693 ], [ -50.276018994917003, -21.591634149973697 ], [ -50.276018435897697, -21.591639731488801 ], [ -50.276017915871002, -21.591645314335199 ], [ -50.2760174355858, -21.591650898434491 ], [ -50.276016995789099, -21.591656483710686 ], [ -50.276016597226302, -21.591662070091406 ], [ -50.276016240641098, -21.591667657506896 ], [ -50.2760159267795, -21.59167324581961 ], [ -50.276015656514708, -21.59167883269679 ], [ -50.276015431251203, -21.591684419038195 ], [ -50.276015250536503, -21.591690009592892 ], [ -50.276015113323801, -21.591695604298604 ], [ -50.276015018660708, -21.591701200448195 ], [ -50.276014965582497, -21.591706795358398 ], [ -50.276014953104799, -21.59171238814309 ], [ -50.276014979704698, -21.591717981387898 ], [ -50.276015043762598, -21.591723576031303 ] ] ] } },
{ "type": "Feature", "properties": { "CHAVE": "3032465", "FAZENDA": "303246", "NOME_FAZ": "SITIO SAO MARTINHO", "ZONA": 999.0, "TALHAO": 5.0, "AREA_TOTAL": 6.752134046781296, "TIPO_GEO": "TALHAO", "DATA_INICI": null, "DATA_FINAL": null, "HORA_INICI": null, "HORA_FINAL": null, "CLASSE": null, "PILOTO": null, "AERONAVE": null, "AREA_HA": null }, "geometry": { "type": "Polygon", "coordinates": [ [ [ -50.276449228611597, -21.597347262308499 ], [ -50.276457811425097, -21.597373628497397 ], [ -50.276466192577701, -21.597400053041596 ], [ -50.276474428003901, -21.597426519758908 ], [ -50.276482573638198, -21.597453012467099 ], [ -50.276490674991898, -21.597479480979793 ], [ -50.276498819272703, -21.597506011138204 ], [ -50.276507031135303, -21.597532484714904 ], [ -50.276515376795402, -21.597558919609391 ], [ -50.276523880677502, -21.597585308936505 ], [ -50.276532497705603, -21.597611666354908 ], [ -50.276541171616998, -21.597638002658993 ], [ -50.2765498535571, -21.597664351131908 ], [ -50.276558486116102, -21.597690710253602 ], [ -50.276567034469601, -21.597717094648004 ], [ -50.276575467518299, -21.597743510983804 ], [ -50.276583754171398, -21.597769965926094 ], [ -50.276591863338098, -21.597796466140196 ], [ -50.276599763927699, -21.597823018291503 ], [ -50.276607424849303, -21.597849629045196 ], [ -50.276614825424303, -21.597876302756998 ], [ -50.276622005298002, -21.597903030402001 ], [ -50.276629025787798, -21.59792979814819 ], [ -50.276635948239701, -21.597956592157097 ], [ -50.276642824672997, -21.597983362347694 ], [ -50.276649744431801, -21.598010203583193 ], [ -50.2766567419526, -21.598036990520402 ], [ -50.276663890745503, -21.598063738423498 ], [ -50.276671255143697, -21.598090425852899 ], [ -50.276678899483798, -21.598117031381388 ], [ -50.276686884212403, -21.598143535377698 ], [ -50.2766952463396, -21.598169929030497 ], [ -50.276704014139703, -21.598196207561799 ], [ -50.276713215872299, -21.598222366200392 ], [ -50.276722879796999, -21.598248400174793 ], [ -50.276733034173397, -21.59827430471389 ], [ -50.276743707261303, -21.5983000750463 ], [ -50.276754927320098, -21.598325706400804 ], [ -50.276766698082596, -21.598351199697994 ], [ -50.276778730124406, -21.598376623892303 ], [ -50.276790541004097, -21.598402092731892 ], [ -50.276801644884102, -21.598427720753307 ], [ -50.276812442264507, -21.598455938868693 ], [ -50.276850400491199, -21.598485093461896 ], [ -50.276855167574304, -21.598488750716701 ], [ -50.276859919721304, -21.598492388152501 ], [ -50.276864656898397, -21.598496001588892 ], [ -50.276869381119397, -21.598499588521207 ], [ -50.276874094296097, -21.598503146516485 ], [ -50.276878798261002, -21.59850667309669 ], [ -50.2768834948386, -21.598510165789197 ], [ -50.276888185762097, -21.598513622066896 ], [ -50.276892871864199, -21.598517038604296 ], [ -50.276897554194598, -21.598520411216601 ], [ -50.2769022421964, -21.598523744805902 ], [ -50.2769069455126, -21.598527045183097 ], [ -50.276911673557507, -21.598530317980394 ], [ -50.276916437057899, -21.598533570020496 ], [ -50.2769212369397, -21.598536804975204 ], [ -50.276926070529903, -21.598540023696405 ], [ -50.2769309364176, -21.598543227365099 ], [ -50.276935833496999, -21.5985464173719 ], [ -50.2769407606568, -21.598549595100899 ], [ -50.2769457168489, -21.598552761970101 ], [ -50.276950700973302, -21.598555919481885 ], [ -50.276955711852302, -21.598559069109609 ], [ -50.276960748295096, -21.598562212322893 ], [ -50.276965809108702, -21.598565350594203 ], [ -50.2769708930985, -21.598568485399099 ], [ -50.276975999067602, -21.598571618215793 ], [ -50.276981125817699, -21.598574750525497 ], [ -50.276986272151603, -21.598577883813999 ], [ -50.276991440670798, -21.598581021882392 ], [ -50.276996621392001, -21.598584160970596 ], [ -50.277001817970799, -21.598587305674005 ], [ -50.277007029342101, -21.598590457718281 ], [ -50.277012254231998, -21.5985936187062 ], [ -50.277017491365207, -21.598596790243498 ], [ -50.277022744002402, -21.598599976691901 ], [ -50.277028003024498, -21.5986031749148 ], [ -50.277033270456002, -21.598606388529301 ], [ -50.277041288478998, -21.5986112995033 ], [ -50.277051667635803, -21.598617719852498 ], [ -50.277062162548901, -21.598624274537297 ], [ -50.277072598778801, -21.598630849963801 ], [ -50.277082994859299, -21.598637452090198 ], [ -50.277093345404197, -21.598644070765292 ], [ -50.277103653287597, -21.598650701543999 ], [ -50.277113916456003, -21.598657336807612 ], [ -50.277124137760801, -21.598663972067893 ], [ -50.277134296706102, -21.598670587798694 ], [ -50.277142213778397, -21.598675755225088 ], [ -50.277147312539597, -21.598679085771291 ], [ -50.277152406050703, -21.598682414739002 ], [ -50.277157494700504, -21.598685741615785 ], [ -50.277162578877601, -21.598689065889598 ], [ -50.277167658970697, -21.598692387048303 ], [ -50.277172735368097, -21.5986957045804 ], [ -50.2771778084578, -21.598699017974397 ], [ -50.277182878627002, -21.598702326717493 ], [ -50.277187946232097, -21.598705630240602 ], [ -50.277193011701897, -21.598708928064799 ], [ -50.277198075441, -21.598712219722497 ], [ -50.277203137824301, -21.598715504727092 ], [ -50.277208195068809, -21.598718779899496 ], [ -50.277213255360302, -21.598722049819095 ], [ -50.277218315466499, -21.598725311659699 ], [ -50.277223375707997, -21.598728564900988 ], [ -50.277228436458202, -21.5987318090576 ], [ -50.277233498090403, -21.598735043644297 ], [ -50.2772385609777, -21.598738268176188 ], [ -50.277243625493099, -21.598741482168705 ], [ -50.277248692009501, -21.5987446851375 ], [ -50.277253760899598, -21.598747876598491 ], [ -50.277258832536099, -21.598751056068203 ], [ -50.277263907291299, -21.598754223063004 ], [ -50.277268985537802, -21.598757377099997 ], [ -50.27727406764771, -21.598760517696387 ], [ -50.277279153993199, -21.598763644369903 ], [ -50.2772842449465, -21.598766756638298 ], [ -50.277289340879598, -21.598769854020102 ], [ -50.27729444216461, -21.5987729360338 ], [ -50.2772995491732, -21.598776002198498 ], [ -50.277304662277402, -21.598779052033702 ], [ -50.277309781849297, -21.598782085059 ], [ -50.2773149082605, -21.598785100794597 ], [ -50.277320041879499, -21.598788098759002 ], [ -50.277325183196702, -21.598791078536099 ], [ -50.277330333228697, -21.598794040012294 ], [ -50.2773354922032, -21.5987969826841 ], [ -50.277340660169898, -21.598799905953801 ], [ -50.2773458371732, -21.598802809220803 ], [ -50.277351023256799, -21.598805691884905 ], [ -50.277356218464703, -21.598808553346 ], [ -50.2773614228404, -21.598811393004397 ], [ -50.277366636427402, -21.598814210260898 ], [ -50.277371859268797, -21.598817004516189 ], [ -50.277377091407899, -21.598819775171801 ], [ -50.277382332887399, -21.598822521629202 ], [ -50.277387583750297, -21.598825243290584 ], [ -50.277392844038999, -21.598827939558088 ], [ -50.277398113796401, -21.598830609834703 ], [ -50.277403393064901, -21.598833253523701 ], [ -50.277408681886897, -21.598835870028488 ], [ -50.277413980306598, -21.598838458754194 ], [ -50.277419288129799, -21.598841018994197 ], [ -50.277424605135899, -21.598843550049907 ], [ -50.277429931288502, -21.598846051318702 ], [ -50.277435266547201, -21.59884852219669 ], [ -50.2774406108717, -21.598850962080494 ], [ -50.277445964221499, -21.598853370367308 ], [ -50.277451326556204, -21.598855746454607 ], [ -50.277456697835298, -21.598858089740599 ], [ -50.277462078018701, -21.598860399624186 ], [ -50.277467467066003, -21.598862675504492 ], [ -50.277472864937202, -21.598864916781505 ], [ -50.2774782715924, -21.598867122855697 ], [ -50.2774836869918, -21.598869293128306 ], [ -50.27748911109591, -21.598871427000997 ], [ -50.277494543865402, -21.5988735238763 ], [ -50.277499985261301, -21.598875583157302 ], [ -50.277505435250603, -21.598877604249804 ], [ -50.277510893831803, -21.598879586578697 ], [ -50.277516361006001, -21.5988815296053 ], [ -50.2775218367413, -21.598883432761195 ], [ -50.277527321018603, -21.598885295478993 ], [ -50.277532813822702, -21.59888711719341 ], [ -50.277538315125803, -21.598888897335495 ], [ -50.277543825897503, -21.598890635635101 ], [ -50.277549357187603, -21.598892335337389 ], [ -50.277554913345902, -21.598893998985201 ], [ -50.277560494266503, -21.59889562795459 ], [ -50.277566099646897, -21.598897223563291 ], [ -50.277571729181503, -21.598898787130398 ], [ -50.277577382561702, -21.5989003199766 ], [ -50.277583059475901, -21.598901823423795 ], [ -50.277588759610303, -21.598903298795793 ], [ -50.277594482648297, -21.598904747417805 ], [ -50.277600228271297, -21.598906170616903 ], [ -50.277605996158897, -21.598907569722105 ], [ -50.277611785985897, -21.598908946063403 ], [ -50.277617597269099, -21.598910300933287 ], [ -50.277623429275899, -21.598911635617903 ], [ -50.277629281527403, -21.598912951513093 ], [ -50.277635153515, -21.598914250010793 ], [ -50.277641044728803, -21.598915532505405 ], [ -50.277646954658003, -21.598916800393191 ], [ -50.2776528827916, -21.598918055072897 ], [ -50.277658828618002, -21.598919297945304 ], [ -50.277664791625206, -21.598920530413299 ], [ -50.277670771301203, -21.598921753882092 ], [ -50.277676767133599, -21.598922969758686 ], [ -50.277682778613098, -21.5989241794531 ], [ -50.2776888052896, -21.598925384392889 ], [ -50.277694850353697, -21.598926586806904 ], [ -50.277700904779103, -21.598927786509403 ], [ -50.277706972754999, -21.598928985939505 ], [ -50.277713053920003, -21.598930186627893 ], [ -50.277719147751398, -21.598931390075396 ], [ -50.277725253727098, -21.598932597785204 ], [ -50.277731371324897, -21.598933811262096 ], [ -50.277737505509599, -21.598935033446992 ], [ -50.277746712316898, -21.598936878616502 ], [ -50.277758989291399, -21.598939368188102 ], [ -50.277771088441199, -21.598941850525701 ], [ -50.277783376133499, -21.598944398545502 ], [ -50.277795575027604, -21.598946951515501 ], [ -50.277807753139101, -21.598949520675795 ], [ -50.277819907975299, -21.598952102619393 ], [ -50.277832034633597, -21.598954693440696 ], [ -50.277841321338798, -21.598956686754782 ], [ -50.277847389635802, -21.598957991756201 ], [ -50.277853454177297, -21.598959298088204 ], [ -50.277859515059397, -21.598960605416508 ], [ -50.277865572377998, -21.598961913406796 ], [ -50.277871626228901, -21.598963221724905 ], [ -50.277877676707099, -21.598964530035889 ], [ -50.277883723899002, -21.598965837996495 ], [ -50.277889767916399, -21.598967145279605 ], [ -50.277895808859697, -21.598968451559205 ], [ -50.277901846823603, -21.59896975650809 ], [ -50.277907881903403, -21.598971059799389 ], [ -50.277913914193498, -21.598972361106011 ], [ -50.2779199437892, -21.598973660101095 ], [ -50.277925970784899, -21.598974956457806 ], [ -50.2779319952759, -21.598976249849699 ], [ -50.277938017356597, -21.598977539949981 ], [ -50.277944037122097, -21.598978826432404 ], [ -50.277950054667002, -21.598980108970292 ], [ -50.277956070086304, -21.5989813872376 ], [ -50.277962083474499, -21.598982660907886 ], [ -50.277968094926699, -21.598983929655294 ], [ -50.277974104537201, -21.598985193153588 ], [ -50.277980112401202, -21.598986451077099 ], [ -50.277986113826906, -21.59898770210209 ], [ -50.277992118117602, -21.598988947827689 ], [ -50.277998121009098, -21.598990187015296 ], [ -50.278004122531101, -21.598991419326008 ], [ -50.27801012277871, -21.598992644434507 ], [ -50.278016121563603, -21.598993861958103 ], [ -50.278022118421802, -21.598995071108398 ], [ -50.278028113744099, -21.598996271312501 ], [ -50.278034108441801, -21.598997462673903 ], [ -50.2780401029693, -21.598998645206507 ], [ -50.278046097778407, -21.598999818923595 ], [ -50.278052093321101, -21.599000983838703 ], [ -50.278058090049598, -21.5990021399653 ], [ -50.278064088416109, -21.599003287316705 ], [ -50.278070088872809, -21.599004425906504 ], [ -50.278076091871903, -21.599005555747997 ], [ -50.278082097865898, -21.599006676854597 ], [ -50.278088107307099, -21.599007789239803 ], [ -50.278094120681899, -21.599008892923205 ], [ -50.278100139082603, -21.599009988076293 ], [ -50.278106162433701, -21.599011075459096 ], [ -50.278112189984199, -21.599012155438697 ], [ -50.278118221462698, -21.599013228216592 ], [ -50.278124256804205, -21.59901429403109 ], [ -50.278130295944003, -21.59901535312099 ], [ -50.278136338816807, -21.599016405725102 ], [ -50.278142385357597, -21.599017452081899 ], [ -50.278148435501599, -21.5990184924303 ], [ -50.278154489183699, -21.599019527009194 ], [ -50.278160546338604, -21.599020556057503 ], [ -50.2781666114616, -21.599021580584385 ], [ -50.278172675297903, -21.599022599272399 ], [ -50.278178742263798, -21.599023613122402 ], [ -50.278184812440301, -21.599024622396296 ], [ -50.278190885757397, -21.599025627327997 ], [ -50.278196962162198, -21.599026628162303 ], [ -50.278203041590601, -21.599027625142888 ], [ -50.278209123977, -21.599028618513199 ], [ -50.278215209255698, -21.599029608516791 ], [ -50.278221297361107, -21.599030595397302 ], [ -50.278227388227606, -21.5990315793983 ], [ -50.278233481789499, -21.599032560763497 ], [ -50.278239577981104, -21.599033539736688 ], [ -50.278245676737001, -21.599034516561595 ], [ -50.278251777991301, -21.599035491482091 ], [ -50.2782578816783, -21.599036464742188 ], [ -50.278263987732707, -21.599037436585689 ], [ -50.278270096088498, -21.599038407256693 ], [ -50.278276206680097, -21.599039376999201 ], [ -50.278282319441999, -21.599040346057397 ], [ -50.278288434308401, -21.599041314675492 ], [ -50.278294551213698, -21.599042283097496 ], [ -50.278300670092101, -21.599043251567895 ], [ -50.278306790878304, -21.599044220330992 ], [ -50.278312913506298, -21.599045189631099 ], [ -50.2783190379104, -21.599046159712604 ], [ -50.278325164025297, -21.599047130819994 ], [ -50.278331291785001, -21.599048103197902 ], [ -50.278337421123901, -21.599049077090797 ], [ -50.278343551976597, -21.599050052743408 ], [ -50.278349684326301, -21.599051030444102 ], [ -50.278355818534003, -21.599052010887597 ], [ -50.278361953735903, -21.599052994152689 ], [ -50.278368089565504, -21.599053980255789 ], [ -50.278374225883397, -21.599054969249899 ], [ -50.278383469478499, -21.599056463395094 ], [ -50.278395741633702, -21.5990584590804 ], [ -50.278408013316302, -21.599060467292695 ], [ -50.278420283404898, -21.599062488453992 ], [ -50.278432550730898, -21.5990645229789 ], [ -50.278444705520997, -21.599066553142102 ], [ -50.2784570434644, -21.599068628465105 ], [ -50.278469299883902, -21.599070703865387 ], [ -50.278481553488, -21.599072792597802 ], [ -50.278493804460602, -21.599074894708991 ], [ -50.278506053013203, -21.599077010250603 ], [ -50.278518299298106, -21.599079139263594 ], [ -50.278530543485005, -21.599081281792408 ], [ -50.278542785803097, -21.599083437891508 ], [ -50.278555026380197, -21.5990856075979 ], [ -50.2785672654107, -21.599087790959992 ], [ -50.2785795030793, -21.599089988024801 ], [ -50.278591739547899, -21.5990921988347 ], [ -50.278603975023202, -21.599094423440498 ], [ -50.278616209662395, -21.599096661883902 ], [ -50.278628443668708, -21.599098914215098 ], [ -50.278640677199903, -21.599101180475902 ], [ -50.278652910428598, -21.599103460710687 ], [ -50.278665143552601, -21.5991057549689 ], [ -50.2786773767561, -21.599108063296999 ], [ -50.278689610187001, -21.599110385734896 ], [ -50.278701844042608, -21.599112722331803 ], [ -50.2787140785356, -21.599115073139707 ], [ -50.278726313793896, -21.599117438194593 ], [ -50.278738746951902, -21.599119855840303 ], [ -50.278750258253297, -21.599122108433406 ], [ -50.2787599501521, -21.599124014891494 ], [ -50.278766052629898, -21.599125216793812 ], [ -50.278772147792402, -21.599126417685898 ], [ -50.278778234747101, -21.599127616315798 ], [ -50.278784312600003, -21.599128811431893 ], [ -50.278790380461402, -21.599130001783099 ], [ -50.278796438600899, -21.599131186126588 ], [ -50.278802482518202, -21.599132362282511 ], [ -50.278808522093001, -21.599133531005808 ], [ -50.2788145531662, -21.599134690309892 ], [ -50.278820575735402, -21.599135839022107 ], [ -50.278826589859101, -21.599136975983011 ], [ -50.278832595594999, -21.599138100034104 ], [ -50.278838592972399, -21.599139210012591 ], [ -50.278844582057403, -21.599140304729787 ], [ -50.2788505629686, -21.599141383063003 ], [ -50.278856535781898, -21.599142443919003 ], [ -50.278862500542999, -21.599143486200401 ], [ -50.278868457297705, -21.599144508811101 ], [ -50.278874406091205, -21.59914551065609 ], [ -50.278880346968499, -21.599146490641708 ], [ -50.278886279974607, -21.599147447675392 ], [ -50.278892205154399, -21.599148380666307 ], [ -50.278898122552604, -21.599149288524501 ], [ -50.278904032214207, -21.599150170161696 ], [ -50.278909934183901, -21.599151024491189 ], [ -50.278915828507003, -21.599151850427297 ], [ -50.278921715229103, -21.599152646886193 ], [ -50.278927594397203, -21.599153412785501 ], [ -50.278933466119497, -21.599154147053696 ], [ -50.278939330517403, -21.599154848691207 ], [ -50.278945187650201, -21.5991555166983 ], [ -50.278951037574608, -21.599156150053101 ], [ -50.2789568803679, -21.599156747737588 ], [ -50.2789627161089, -21.599157308735492 ], [ -50.278968544829603, -21.599157832027384 ], [ -50.278974366278, -21.599158316518 ], [ -50.278980184898906, -21.599158761020998 ], [ -50.278986007018702, -21.599159166228493 ], [ -50.278991836910201, -21.599159533184203 ], [ -50.278997678370104, -21.599159862892805 ], [ -50.279003535426199, -21.599160156368196 ], [ -50.279009408469697, -21.599160414740499 ], [ -50.279015295541797, -21.59916063917569 ], [ -50.279021196410802, -21.599160830776508 ], [ -50.279027110979001, -21.599160990653203 ], [ -50.279033039139101, -21.599161119917099 ], [ -50.279038980798099, -21.59916121967229 ], [ -50.279044935886503, -21.599161291041405 ], [ -50.2790509043081, -21.599161335183403 ], [ -50.279056885934402, -21.599161353258904 ], [ -50.279062880636502, -21.599161346429899 ], [ -50.279068888284698, -21.599161315860208 ], [ -50.279074908749109, -21.599161262715096 ], [ -50.279080941899402, -21.599161188161588 ], [ -50.279086987605403, -21.5991610933681 ], [ -50.279093045735401, -21.599160979504493 ], [ -50.279099116161703, -21.599160847740496 ], [ -50.279105198784798, -21.599160699254298 ], [ -50.2791112935193, -21.599160535276695 ], [ -50.2791174002408, -21.599160357048302 ], [ -50.2791235188187, -21.599160165811497 ], [ -50.279129649122702, -21.599159962809789 ], [ -50.279135791022803, -21.599159749288699 ], [ -50.279141765520997, -21.599159532970791 ], [ -50.279137549472303, -21.599135551091688 ], [ -50.279135904443599, -21.599107292262996 ], [ -50.27913264765791, -21.5990799395612 ], [ -50.279122251199901, -21.5990548531712 ], [ -50.279106537340603, -21.599031231263403 ], [ -50.279092676452599, -21.599006795927696 ], [ -50.279080829254703, -21.598981560511888 ], [ -50.279070079779302, -21.598955888061997 ], [ -50.279059513318998, -21.598930141129188 ], [ -50.279048556645598, -21.598904548035399 ], [ -50.279037438700399, -21.598879021785393 ], [ -50.279026503494201, -21.598853430152396 ], [ -50.2790160950277, -21.598827640913399 ], [ -50.2790063926127, -21.598801585813696 ], [ -50.278996992366999, -21.598775423121506 ], [ -50.278987361377901, -21.598749361222389 ], [ -50.278976966732998, -21.598723608502489 ], [ -50.278965328981201, -21.598698351968995 ], [ -50.278952548110901, -21.598673546921798 ], [ -50.2789390788991, -21.598649006786601 ], [ -50.278925381236, -21.5986245429444 ], [ -50.278911906665101, -21.598599970340189 ], [ -50.278898897930908, -21.598575193065702 ], [ -50.278886379181401, -21.598550208542601 ], [ -50.278874364257007, -21.598525018593296 ], [ -50.278862866998203, -21.598499625040496 ], [ -50.278851901245297, -21.598474029706388 ], [ -50.2788414808388, -21.598448234413805 ], [ -50.278831619399604, -21.598422241059701 ], [ -50.278822253725899, -21.59839607766229 ], [ -50.278813131211102, -21.598369836641094 ], [ -50.278803970576099, -21.598343620164599 ], [ -50.278794490542197, -21.598317530401399 ], [ -50.278784409830799, -21.598291669519799 ], [ -50.278773473862103, -21.598266129807708 ], [ -50.278761712444897, -21.5982408983071 ], [ -50.278749327234202, -21.598215898463792 ], [ -50.278736522269398, -21.598191052840789 ], [ -50.278723508935499, -21.5981662979692 ], [ -50.278710469233197, -21.598141514507802 ], [ -50.278697629241897, -21.598116666928494 ], [ -50.278685185651497, -21.598091663821297 ], [ -50.278673342501897, -21.598066427751899 ], [ -50.278662259688602, -21.59804089824069 ], [ -50.278651809438202, -21.59801512531179 ], [ -50.278641748728802, -21.597989203260397 ], [ -50.278631834231099, -21.597963226499296 ], [ -50.278621822616302, -21.597937289441791 ], [ -50.278611470555397, -21.597911486500607 ], [ -50.278600534979397, -21.597885911987095 ], [ -50.2785888863189, -21.5978606158092 ], [ -50.278576685794199, -21.597835534111905 ], [ -50.278564140538599, -21.597810585077898 ], [ -50.278551457685602, -21.597785686889996 ], [ -50.278538844368299, -21.597760757731209 ], [ -50.278526507719597, -21.597735715784303 ], [ -50.278514646780501, -21.597710482648093 ], [ -50.278503350814098, -21.597685026257693 ], [ -50.278492630007797, -21.597659347925696 ], [ -50.278482492805402, -21.597633449700904 ], [ -50.278472943934204, -21.597607334999196 ], [ -50.278463796241603, -21.597581077826597 ], [ -50.278454581792197, -21.597554855485892 ], [ -50.278444810341902, -21.597528853486704 ], [ -50.2784339916468, -21.59750325733879 ], [ -50.278421705821103, -21.597478225831495 ], [ -50.278408240307101, -21.597453649126191 ], [ -50.278394291337499, -21.597429262135101 ], [ -50.278380560107998, -21.597404797885392 ], [ -50.278367747813903, -21.597379989404402 ], [ -50.278356555650198, -21.597354569719801 ], [ -50.278347437727902, -21.5973283660019 ], [ -50.278339398581402, -21.597301757730897 ], [ -50.278330915774603, -21.597275325170802 ], [ -50.278320466969802, -21.597249648544992 ], [ -50.278307328608705, -21.597225000732898 ], [ -50.278293059416598, -21.597200776467307 ], [ -50.2782796231023, -21.597176214656884 ], [ -50.278268859288701, -21.5971506024852 ], [ -50.278259284458201, -21.597124519738607 ], [ -50.278249326752402, -21.597098579002104 ], [ -50.278239009650399, -21.5970727715893 ], [ -50.278228361010001, -21.597047087108805 ], [ -50.278217408689102, -21.597021515169402 ], [ -50.278206180545503, -21.596996045379704 ], [ -50.278194704437098, -21.596970667348288 ], [ -50.278183008221603, -21.596945370683891 ], [ -50.278171119756799, -21.596920144995092 ], [ -50.278159066900599, -21.596894979890696 ], [ -50.278146877510501, -21.59686986497929 ], [ -50.278134579444497, -21.596844789869699 ], [ -50.278122200560198, -21.596819744170411 ], [ -50.278109787102906, -21.596794754462803 ], [ -50.278097309495102, -21.596769694873299 ], [ -50.278084857574498, -21.596744679622091 ], [ -50.278072433993998, -21.596719647651902 ], [ -50.278060068883505, -21.596694593135489 ], [ -50.278047790100601, -21.596669505681803 ], [ -50.278035625503101, -21.596644374899704 ], [ -50.278023602948501, -21.596619190397892 ], [ -50.278011750294297, -21.596593941785098 ], [ -50.278000088368003, -21.59656862130759 ], [ -50.277988598084207, -21.596543236185394 ], [ -50.277977246290007, -21.596517798916292 ], [ -50.277965999816502, -21.596492322004092 ], [ -50.277954825495101, -21.596466817952304 ], [ -50.277943686292303, -21.596441290405693 ], [ -50.277932560632799, -21.596415778444094 ], [ -50.277921403755201, -21.596390267996394 ], [ -50.277910192681396, -21.596364778029198 ], [ -50.277898933067704, -21.596339306356789 ], [ -50.277887652055298, -21.5963138718169 ], [ -50.2778763326532, -21.596288393816895 ], [ -50.277865012892299, -21.596262915715993 ], [ -50.277853730476799, -21.596237480129695 ], [ -50.277842469047897, -21.596212008102995 ], [ -50.277831249287502, -21.596186519995104 ], [ -50.277820071017302, -21.596161015938804 ], [ -50.2778089330805, -21.596135496436901 ], [ -50.277797834320303, -21.5961099619919 ], [ -50.277786773579997, -21.596084413106603 ], [ -50.277775749702698, -21.596058850283608 ], [ -50.277764761531699, -21.596033274025501 ], [ -50.277753807910202, -21.596007684834895 ], [ -50.277742887681399, -21.595982083214697 ], [ -50.277731999688498, -21.595956469667289 ], [ -50.277721142774809, -21.595930844695403 ], [ -50.277710315783402, -21.595905208801792 ], [ -50.2776995175576, -21.595879562488996 ], [ -50.277688730031898, -21.595853865925193 ], [ -50.277677986953002, -21.595828202907903 ], [ -50.277667268699901, -21.595802531478391 ], [ -50.277656573076897, -21.595776851852406 ], [ -50.277645898053599, -21.595751164646391 ], [ -50.277642980856704, -21.595744130886384 ], [ -50.2776353692771, -21.595751026327601 ], [ -50.277627351041403, -21.595757848811196 ], [ -50.277618765679001, -21.595764544803096 ], [ -50.277609450226898, -21.595771005847688 ], [ -50.277599298815502, -21.595777066909292 ], [ -50.277588239663899, -21.595782506075203 ], [ -50.277576379644799, -21.595787025893301 ], [ -50.277564717093597, -21.595790198673988 ], [ -50.277554901267997, -21.595792198495186 ], [ -50.277546504429203, -21.595793731532996 ], [ -50.277542265904501, -21.595794527508495 ], [ -50.277538031690298, -21.595795356042988 ], [ -50.277533788659497, -21.595796217813298 ], [ -50.277529537518497, -21.595797110874702 ], [ -50.277525277798098, -21.595798033486897 ], [ -50.277521008833503, -21.595798983918115 ], [ -50.277516729975403, -21.595799960380791 ], [ -50.2775124405753, -21.595800961084201 ], [ -50.277508139986899, -21.595801984244304 ], [ -50.277503827581597, -21.59580302808849 ], [ -50.277499502714299, -21.595804090682705 ], [ -50.277495164734397, -21.595805170062505 ], [ -50.277490812990997, -21.59580626426369 ], [ -50.2774864468335, -21.5958073713219 ], [ -50.277482065611203, -21.595808489272695 ], [ -50.277477668673306, -21.595809616151801 ], [ -50.277473255369202, -21.595810749994897 ], [ -50.2774688250434, -21.595811888816197 ], [ -50.277461647393103, -21.595813731076611 ], [ -50.277452913133999, -21.59581595231101 ], [ -50.277443945934301, -21.595818193185693 ], [ -50.277434797487899, -21.595820420657404 ], [ -50.277425695908804, -21.595822558793905 ], [ -50.2774163672782, -21.595824652904195 ], [ -50.277407050806694, -21.595826638085196 ], [ -50.277397682501103, -21.595828520280694 ], [ -50.277388288314803, -21.595830301919801 ], [ -50.2773788902931, -21.59583198349419 ], [ -50.277369488132102, -21.595833569936097 ], [ -50.277360085253498, -21.595835065504808 ], [ -50.2773506818898, -21.595836474905589 ], [ -50.277341279205103, -21.595837802686901 ], [ -50.277331878373303, -21.595839053396197 ], [ -50.277322481558997, -21.5958402314571 ], [ -50.277313084973201, -21.595841342046601 ], [ -50.2773036962475, -21.595842389004595 ], [ -50.277294314160699, -21.595843376922794 ], [ -50.277284939660703, -21.595844310128502 ], [ -50.277275573954299, -21.595845192922294 ], [ -50.277266218323298, -21.595846029599993 ], [ -50.277256874174, -21.595846824448699 ], [ -50.277247543103897, -21.595847581743289 ], [ -50.277238227076097, -21.595848305734091 ], [ -50.277228928767101, -21.595849000623602 ], [ -50.277219652332903, -21.595849670515893 ], [ -50.277210404092301, -21.595850319376403 ], [ -50.277201183646, -21.595850951636088 ], [ -50.277194024323101, -21.595851434298808 ], [ -50.277189402720502, -21.595851743971988 ], [ -50.277184785764597, -21.595852051946402 ], [ -50.277180173588398, -21.595852358730593 ], [ -50.277175566324701, -21.595852664833188 ], [ -50.277170964106702, -21.5958529707626 ], [ -50.277166367067402, -21.595853277027391 ], [ -50.2771617753397, -21.5958535841363 ], [ -50.277157189056602, -21.595853892597695 ], [ -50.277152608351102, -21.595854202920194 ], [ -50.277148033356298, -21.595854515612398 ], [ -50.27714346420511, -21.595854831182805 ], [ -50.27713889913651, -21.5958551502288 ], [ -50.277134335259809, -21.595855473076899 ], [ -50.277129772509298, -21.595855799697603 ], [ -50.277125210852198, -21.595856130058891 ], [ -50.277120650255597, -21.595856464128691 ], [ -50.277116090686398, -21.595856801875101 ], [ -50.277111532111903, -21.595857143265796 ], [ -50.277106974499105, -21.595857488268887 ], [ -50.277102417815108, -21.595857836852293 ], [ -50.277097862026899, -21.5958581889839 ], [ -50.277093307101602, -21.5958585446317 ], [ -50.277088753006403, -21.595858903763492 ], [ -50.277084199708199, -21.595859266347496 ], [ -50.277079647174297, -21.595859632351399 ], [ -50.2770750953716, -21.595860001743194 ], [ -50.277070544267303, -21.595860374490805 ], [ -50.277065993828401, -21.595860750562295 ], [ -50.277061444022003, -21.595861129925499 ], [ -50.277056894815203, -21.595861512548289 ], [ -50.277052346175097, -21.595861898398802 ], [ -50.277047798068708, -21.595862287444792 ], [ -50.277043250463201, -21.5958626796542 ], [ -50.277038703325601, -21.595863074995091 ], [ -50.277034156623003, -21.595863473435401 ], [ -50.277029610322501, -21.5958638749429 ], [ -50.277025064391097, -21.595864279485692 ], [ -50.277020518796, -21.5958646870316 ], [ -50.277015973524499, -21.595865097547097 ], [ -50.277011428579499, -21.595865510997204 ], [ -50.277006883934497, -21.595865927349283 ], [ -50.2770023395626, -21.595866346570592 ], [ -50.276997795436799, -21.5958667686285 ], [ -50.276993251530399, -21.595867193490196 ], [ -50.276988707816301, -21.595867621123109 ], [ -50.27698416426761, -21.595868051494495 ], [ -50.276979620857503, -21.595868484571707 ], [ -50.276975077559001, -21.595868920322001 ], [ -50.276970534345203, -21.595869358712697 ], [ -50.276965991189201, -21.595869799711195 ], [ -50.276961448064107, -21.595870243284697 ], [ -50.276956904943006, -21.595870689400499 ], [ -50.276952361798898, -21.595871138026002 ], [ -50.276947818605109, -21.595871589128485 ], [ -50.276943275334403, -21.5958720426753 ], [ -50.276938731960101, -21.595872498633707 ], [ -50.2769341884553, -21.595872956970901 ], [ -50.276929644793, -21.595873417654403 ], [ -50.276925100946201, -21.595873880651403 ], [ -50.2769205568882, -21.5958743459292 ], [ -50.276916012591997, -21.595874813455186 ], [ -50.276911468030598, -21.59587528319669 ], [ -50.276906923177201, -21.595875755120893 ], [ -50.276902378004898, -21.595876229195198 ], [ -50.276897832486704, -21.595876705386893 ], [ -50.276893286423402, -21.595877183753288 ], [ -50.276888739511897, -21.595877664367098 ], [ -50.276884191733302, -21.595878147124992 ], [ -50.276879643073002, -21.595878631921295 ], [ -50.276875093516097, -21.595879118650291 ], [ -50.276870543047899, -21.595879607206303 ], [ -50.276865991653601, -21.595880097483686 ], [ -50.276861439318509, -21.595880589376705 ], [ -50.276856886027801, -21.595881082779698 ], [ -50.276852331766797, -21.595881577586997 ], [ -50.276847776520597, -21.595882073692891 ], [ -50.2768432202746, -21.595882570991694 ], [ -50.276838663014004, -21.595883069377699 ], [ -50.276834104724003, -21.59588356874529 ], [ -50.276829545389901, -21.595884068988795 ], [ -50.2768249849968, -21.595884570002386 ], [ -50.276820423530097, -21.595885071680502 ], [ -50.276815860974999, -21.595885573917396 ], [ -50.276811297316797, -21.595886076607396 ], [ -50.276806732540599, -21.595886579644802 ], [ -50.276802166631697, -21.595887082924001 ], [ -50.276797599575403, -21.595887586339185 ], [ -50.276793031356902, -21.595888089784896 ], [ -50.276788461961409, -21.595888593155205 ], [ -50.276783891374201, -21.595889096344504 ], [ -50.276779319580598, -21.595889599247098 ], [ -50.2767747465657, -21.595890101757291 ], [ -50.276770172314798, -21.595890603769497 ], [ -50.276765596813199, -21.595891105177994 ], [ -50.276761020046102, -21.595891605876989 ], [ -50.2767564419987, -21.595892105760889 ], [ -50.276751862656297, -21.595892604723986 ], [ -50.276747282004102, -21.595893102660593 ], [ -50.276742700081599, -21.595893599448299 ], [ -50.276738116955698, -21.595894094954797 ], [ -50.276733532623801, -21.595894589068198 ], [ -50.276728947082702, -21.595895081676993 ], [ -50.276724360329403, -21.595895572669694 ], [ -50.2767197723606, -21.595896061934496 ], [ -50.276715183173202, -21.595896549359992 ], [ -50.276710592764097, -21.595897034834486 ], [ -50.276703650826001, -21.595897765688804 ], [ -50.276694467313597, -21.595898723105606 ], [ -50.276685278121299, -21.595899670790999 ], [ -50.276676083367498, -21.595900607836189 ], [ -50.276666883176098, -21.595901533332398 ], [ -50.276657677579998, -21.595902446380101 ], [ -50.276648466642399, -21.595903346076998 ], [ -50.276639250376498, -21.595904231525989 ], [ -50.276630028820705, -21.59590510182769 ], [ -50.276620801959901, -21.595905956087805 ], [ -50.276611569798199, -21.5959067934104 ], [ -50.276602332342499, -21.595907612899499 ], [ -50.276593088805399, -21.595908413727912 ], [ -50.276583841090002, -21.595909194821999 ], [ -50.276574587696601, -21.595909955396401 ], [ -50.276565328948898, -21.5959106945127 ], [ -50.276556064831901, -21.5959114112609 ], [ -50.276546795329097, -21.595912104731596 ], [ -50.276537520424696, -21.595912774015094 ], [ -50.2765282400986, -21.595913418202205 ], [ -50.276518954324203, -21.595914036383988 ], [ -50.276509663097897, -21.595914627650192 ], [ -50.276500366391602, -21.595915191092207 ], [ -50.2764910639346, -21.595915725815193 ], [ -50.276481756253503, -21.595916230875488 ], [ -50.27647244298791, -21.595916705370097 ], [ -50.2764631241673, -21.595917148376799 ], [ -50.276453799776505, -21.595917558976094 ], [ -50.2764444697941, -21.595917936248402 ], [ -50.2764351342068, -21.595918279274098 ], [ -50.276425728215102, -21.595918589268603 ], [ -50.276416531259898, -21.595918855656603 ], [ -50.276407193147001, -21.595919088391405 ], [ -50.276397869929902, -21.595919287585701 ], [ -50.276388606676306, -21.595919456923504 ], [ -50.276379447624102, -21.595919600678702 ], [ -50.276369004276297, -21.595919746689301 ], [ -50.276358428958204, -21.595919881679897 ], [ -50.276353834916698, -21.595919940115696 ], [ -50.276349248353405, -21.595919999085098 ], [ -50.276344669349797, -21.595920059423403 ], [ -50.276340098805299, -21.595920121978601 ], [ -50.276335536646997, -21.595920187550988 ], [ -50.276330982316999, -21.595920256924792 ], [ -50.276326435257197, -21.595920330884297 ], [ -50.276321894909898, -21.595920410213491 ], [ -50.276317360716902, -21.595920495696703 ], [ -50.276312832120503, -21.595920588118204 ], [ -50.2763083085567, -21.595920688261398 ], [ -50.2763037868189, -21.595920796445395 ], [ -50.276299264535403, -21.595920912453003 ], [ -50.27629474170071, -21.595921036186208 ], [ -50.2762902183092, -21.595921167546393 ], [ -50.276285694355501, -21.59592130643539 ], [ -50.276281169834, -21.595921452754997 ], [ -50.276276644739099, -21.595921606406794 ], [ -50.276272119065297, -21.595921767292488 ], [ -50.276267592806903, -21.595921935314198 ], [ -50.276263065958602, -21.595922110373593 ], [ -50.276258538515101, -21.595922292371792 ], [ -50.276254010471597, -21.595922481209598 ], [ -50.276249481823001, -21.595922676787993 ], [ -50.276244952564198, -21.595922879007905 ], [ -50.276240422690201, -21.595923087770302 ], [ -50.276235892195999, -21.595923302976185 ], [ -50.276231361076597, -21.595923524526501 ], [ -50.276226829326802, -21.595923752322104 ], [ -50.27622229694181, -21.595923986264093 ], [ -50.276217763916399, -21.595924226253207 ], [ -50.276213230245602, -21.595924472190596 ], [ -50.276208695924403, -21.595924723976989 ], [ -50.276204160947799, -21.595924981513598 ], [ -50.276199625310703, -21.595925244701206 ], [ -50.276195089008098, -21.595925513441198 ], [ -50.276190552035303, -21.595925787637093 ], [ -50.276186014387498, -21.595926067188692 ], [ -50.276181476060202, -21.595926351995711 ], [ -50.276176937048703, -21.595926641957188 ], [ -50.276172397348404, -21.595926936972795 ], [ -50.276167856954508, -21.595927236941804 ], [ -50.276163315862497, -21.595927541763494 ], [ -50.27615877406771, -21.595927851337493 ], [ -50.276154231565499, -21.595928165562999 ], [ -50.276149688351097, -21.595928484339488 ], [ -50.276145144420106, -21.595928807566299 ], [ -50.2761405997677, -21.595929135142889 ], [ -50.276136054389198, -21.595929466968599 ], [ -50.276131508280102, -21.595929802942791 ], [ -50.276126961435601, -21.595930142964889 ], [ -50.276122413851198, -21.595930486934304 ], [ -50.27611786552221, -21.595930834750398 ], [ -50.276113316443897, -21.595931186312491 ], [ -50.276108766611699, -21.595931541520198 ], [ -50.276104216021004, -21.595931900272607 ], [ -50.276099664667001, -21.59593226246929 ], [ -50.2760951125452, -21.595932628009688 ], [ -50.276090559650903, -21.595932996792996 ], [ -50.276086005979501, -21.595933368718786 ], [ -50.276081451526302, -21.595933743686402 ], [ -50.276076896286597, -21.595934121595104 ], [ -50.276072340255801, -21.595934502344399 ], [ -50.276067783429397, -21.595934885833696 ], [ -50.276063225802503, -21.595935271962293 ], [ -50.276058667370698, -21.595935660629699 ], [ -50.276054108129102, -21.595936051735197 ], [ -50.27604954807331, -21.595936445178193 ], [ -50.276044987198503, -21.595936840857195 ], [ -50.276040425500504, -21.595937238668103 ], [ -50.276035862974503, -21.595937638508293 ], [ -50.276031299615703, -21.595938040275708 ], [ -50.276026735419201, -21.595938443868 ], [ -50.276022170380301, -21.59593884918279 ], [ -50.276017604494299, -21.595939256118001 ], [ -50.276013037756201, -21.595939664571098 ], [ -50.276008470161401, -21.595940074440104 ], [ -50.276003901705003, -21.595940485622592 ], [ -50.276001272704796, -21.595940722896891 ], [ -50.276010116913298, -21.595953586221484 ], [ -50.276024441591602, -21.595999587510189 ], [ -50.276031904897202, -21.596026397929798 ], [ -50.276038831999102, -21.596053053579695 ], [ -50.2760455967586, -21.596079644139998 ], [ -50.276052522647397, -21.596106246605604 ], [ -50.276059674326902, -21.596132872815698 ], [ -50.276067033596796, -21.596159513749505 ], [ -50.276074582219401, -21.5961861603766 ], [ -50.276082301956897, -21.596212803666592 ], [ -50.2760901745715, -21.596239434589304 ], [ -50.276098181825397, -21.596266044114298 ], [ -50.276106305480901, -21.596292623211188 ], [ -50.276114527300003, -21.596319162849799 ], [ -50.276122829067397, -21.596345656281287 ], [ -50.276131192690102, -21.596372109206094 ], [ -50.2761396001167, -21.596398531549397 ], [ -50.276148028291601, -21.596424917583192 ], [ -50.276156478722001, -21.596451338427205 ], [ -50.276164904706299, -21.596477714376494 ], [ -50.276173306833698, -21.596504113676495 ], [ -50.276181662970998, -21.596530531133094 ], [ -50.2761899577268, -21.596556971461599 ], [ -50.276198176362101, -21.596583438102002 ], [ -50.276206304138, -21.596609934493895 ], [ -50.276214326315703, -21.596636464077093 ], [ -50.276222228156406, -21.596663030291296 ], [ -50.276229998450198, -21.596689635560406 ], [ -50.276237683525302, -21.596716294730896 ], [ -50.276245335778007, -21.596742904964387 ], [ -50.276253054706402, -21.596769523751995 ], [ -50.276260908993002, -21.596796101554101 ], [ -50.2762689750192, -21.596822615572098 ], [ -50.276277329168302, -21.596849043014192 ], [ -50.276286047823902, -21.596875361088308 ], [ -50.2762952073695, -21.596901547002492 ], [ -50.276304874834501, -21.596927580752606 ], [ -50.276314948055507, -21.596953492759891 ], [ -50.276325177845898, -21.596979357263404 ], [ -50.276335310126001, -21.597005249960695 ], [ -50.276345090815802, -21.59703124654909 ], [ -50.276354265847601, -21.597057422722798 ], [ -50.276362692914702, -21.597083821155607 ], [ -50.276370613787606, -21.597110371045996 ], [ -50.276378352678805, -21.597136977234594 ], [ -50.276386233801098, -21.597163544562108 ], [ -50.276394567300201, -21.597189981975497 ], [ -50.276403407523901, -21.597216273093501 ], [ -50.276412585811798, -21.597242466634608 ], [ -50.2764219337664, -21.597268635167406 ], [ -50.276431252055097, -21.5972947645879 ], [ -50.276440388202801, -21.597320970657105 ], [ -50.276449228611597, -21.597347262308499 ] ] ] } },
{ "type": "Feature", "properties": { "CHAVE": "3032463", "FAZENDA": "303246", "NOME_FAZ": "SITIO SAO MARTINHO", "ZONA": 999.0, "TALHAO": 3.0, "AREA_TOTAL": 4.5990475848171863, "TIPO_GEO": "TALHAO", "DATA_INICI": null, "DATA_FINAL": null, "HORA_INICI": null, "HORA_FINAL": null, "CLASSE": null, "PILOTO": null, "AERONAVE": null, "AREA_HA": null }, "geometry": { "type": "Polygon", "coordinates": [ [ [ -50.269687528364102, -21.590396232289695 ], [ -50.269657867210199, -21.590413461127195 ], [ -50.269627218826699, -21.590427793538801 ], [ -50.269595867684799, -21.590439572039696 ], [ -50.269563996063901, -21.590449152563195 ], [ -50.2695316658127, -21.590456765465397 ], [ -50.269498968806701, -21.590462532094591 ], [ -50.269466035132297, -21.590466557345298 ], [ -50.269432990126099, -21.590468943378408 ], [ -50.269399955264603, -21.590469789311491 ], [ -50.2693670498861, -21.5904691911282 ], [ -50.269334436139303, -21.590467245274006 ], [ -50.269302299039197, -21.590464124326296 ], [ -50.269270684900299, -21.590460121234404 ], [ -50.269239549362403, -21.590455528536609 ], [ -50.269208837397102, -21.590450628489805 ], [ -50.269178448049097, -21.590445686364696 ], [ -50.269148144819603, -21.590440867354101 ], [ -50.2691177556976, -21.590436115471491 ], [ -50.269087256114801, -21.590431351196496 ], [ -50.269056671575498, -21.590426502176207 ], [ -50.269026014979701, -21.590421493347801 ], [ -50.268995302541001, -21.590416249424198 ], [ -50.268964550684998, -21.590410694410807 ], [ -50.268933783894298, -21.590404753122009 ], [ -50.268903107481897, -21.590398379129997 ], [ -50.268872642715799, -21.590391665942391 ], [ -50.2688424122721, -21.590384768603805 ], [ -50.268812388777299, -21.590377830226995 ], [ -50.268782545081002, -21.590370991277581 ], [ -50.268752854990602, -21.590364389732997 ], [ -50.2687232930965, -21.590358161020301 ], [ -50.268693834374098, -21.590352437903803 ], [ -50.268664418506098, -21.590347344265599 ], [ -50.268634884917901, -21.590342936897702 ], [ -50.268605115551203, -21.590339126663306 ], [ -50.2685751073723, -21.590335813299404 ], [ -50.2685448792325, -21.590332898258701 ], [ -50.2685168313796, -21.590330486262694 ], [ -50.268530762530297, -21.590343276161285 ], [ -50.268505768761798, -21.5904076019469 ], [ -50.268491291255799, -21.59043323593859 ], [ -50.2684735056717, -21.590456137731682 ], [ -50.268452675623799, -21.590475993926198 ], [ -50.268429064726703, -21.590492491121999 ], [ -50.268402938324698, -21.590505311558609 ], [ -50.2683666176234, -21.5905161244734 ], [ -50.268315573285101, -21.590516517073507 ], [ -50.2682876249158, -21.590523680146003 ], [ -50.268263486222303, -21.590540630834596 ], [ -50.268245549494701, -21.590564454257294 ], [ -50.268236339052798, -21.590591902458989 ], [ -50.268239427987801, -21.590618417640304 ], [ -50.268255283136, -21.590641143638493 ], [ -50.268277602100099, -21.590661636513889 ], [ -50.268300844082205, -21.590681501004099 ], [ -50.268324109362801, -21.590701010027114 ], [ -50.268347397211997, -21.59072017852279 ], [ -50.2683707069002, -21.590739021431595 ], [ -50.268394037697803, -21.590757553693699 ], [ -50.268417388875001, -21.590775790249197 ], [ -50.268440759702102, -21.590793746038393 ], [ -50.268464149449599, -21.590811436001491 ], [ -50.2684875573878, -21.590828875078703 ], [ -50.268510982786999, -21.590846078210205 ], [ -50.2685242966582, -21.590855723146596 ], [ -50.268553609525007, -21.590855382487202 ], [ -50.26861303701191, -21.590854856882899 ], [ -50.268672438493397, -21.590854661655399 ], [ -50.26873180096721, -21.590854962003991 ], [ -50.268791111431099, -21.590855923127702 ], [ -50.268850356883497, -21.590857710225603 ], [ -50.268909524331804, -21.590860488383804 ], [ -50.268968606360502, -21.590864354019182 ], [ -50.269027610580203, -21.590869218511791 ], [ -50.269086547107001, -21.590874962389204 ], [ -50.269145426056603, -21.590881466178899 ], [ -50.2692042575447, -21.590888610408403 ], [ -50.2692630516866, -21.590896275605097 ], [ -50.269321818597597, -21.590904342296504 ], [ -50.269380568392798, -21.590912691009891 ], [ -50.2694393111869, -21.590921202272707 ], [ -50.269498057094701, -21.59092975661239 ], [ -50.269556816230498, -21.590938234556297 ], [ -50.269615598708697, -21.590946516631792 ], [ -50.269674414643298, -21.590954483366097 ], [ -50.269733273973799, -21.590962017242287 ], [ -50.2697921805741, -21.590969068725894 ], [ -50.269851130830602, -21.590975672199708 ], [ -50.269910120667497, -21.590981867233989 ], [ -50.269969146008499, -21.590987693398898 ], [ -50.270028202777901, -21.590993190264705 ], [ -50.270087286899702, -21.590998397401602 ], [ -50.270146394298003, -21.591003354379694 ], [ -50.270205520897107, -21.5910081007694 ], [ -50.270264662621301, -21.591012676140799 ], [ -50.270323815394903, -21.591017120064194 ], [ -50.270382975142397, -21.591021472109801 ], [ -50.270442137788201, -21.591025771847988 ], [ -50.2705012992569, -21.591030058848904 ], [ -50.270560456332802, -21.591034365288301 ], [ -50.270619609148703, -21.591038694546498 ], [ -50.270678758652103, -21.591043042995295 ], [ -50.270737905790398, -21.591047407006805 ], [ -50.270797051511103, -21.591051782952896 ], [ -50.270856196761905, -21.591056167205508 ], [ -50.270915342490099, -21.59106055613659 ], [ -50.270974489643301, -21.591064946118003 ], [ -50.271033639168998, -21.591069333521904 ], [ -50.271092792014599, -21.591073714720107 ], [ -50.271151949127699, -21.591078086084401 ], [ -50.2712111114556, -21.591082443987009 ], [ -50.271270279946002, -21.591086784799593 ], [ -50.271329455546102, -21.591091104894293 ], [ -50.271388639203501, -21.591095400642885 ], [ -50.2714478318657, -21.591099668417495 ], [ -50.27150703448001, -21.591103904589808 ], [ -50.271566248139202, -21.591108098426705 ], [ -50.271625476228003, -21.591112127066303 ], [ -50.271684723958202, -21.591115778256196 ], [ -50.271743996592299, -21.591118837259788 ], [ -50.271803299391998, -21.591121089340607 ], [ -50.271862637618909, -21.591122319761897 ], [ -50.271922016534297, -21.591122313787089 ], [ -50.271981441399099, -21.591120856679495 ], [ -50.272040796581301, -21.591117109010195 ], [ -50.272097866687801, -21.591100285998493 ], [ -50.272144696689402, -21.591062897774297 ], [ -50.272168360008102, -21.591011977324602 ], [ -50.27216970384471, -21.590956264106097 ], [ -50.272161848505, -21.590901323344699 ], [ -50.272148340675905, -21.590847466958394 ], [ -50.272130600524697, -21.59079453268409 ], [ -50.272109782005899, -21.590742327839706 ], [ -50.272087039072296, -21.590690659743291 ], [ -50.272063509497002, -21.590639338091993 ], [ -50.2720398090269, -21.590588249322593 ], [ -50.2720159313576, -21.590537371315396 ], [ -50.271991833807903, -21.590486687298295 ], [ -50.271967473697003, -21.590436180499395 ], [ -50.271942808343901, -21.5903858341462 ], [ -50.271917795068099, -21.5903356314668 ], [ -50.271892397252508, -21.590285560421393 ], [ -50.271866602053898, -21.590235627523594 ], [ -50.271840402454103, -21.590185843833101 ], [ -50.271813791434703, -21.590136220409686 ], [ -50.271786761977602, -21.5900867683131 ], [ -50.271759307064499, -21.590037498603209 ], [ -50.271731419677302, -21.589988422339495 ], [ -50.271702977496901, -21.589939624501501 ], [ -50.271673304536499, -21.589891545026681 ], [ -50.271641563380399, -21.589844727376796 ], [ -50.2716074476918, -21.589799378236489 ], [ -50.2715716718076, -21.589755057043309 ], [ -50.271547804318701, -21.589726494263601 ], [ -50.271547493241997, -21.58975735672071 ], [ -50.271543096865997, -21.589785000361992 ], [ -50.271534482921901, -21.589811777530297 ], [ -50.2715211524227, -21.589836138285406 ], [ -50.271503066217697, -21.589857290602502 ], [ -50.271453754179198, -21.589885754600502 ], [ -50.271396502271799, -21.589878488385402 ], [ -50.271368123719299, -21.589874412758906 ], [ -50.271337160279401, -21.589859645363095 ], [ -50.271300250626801, -21.5898223154758 ], [ -50.271280410036802, -21.589801331099295 ], [ -50.271261510662001, -21.589780170505303 ], [ -50.2712435976104, -21.589758649044594 ], [ -50.271226715990203, -21.589736582068085 ], [ -50.2712109123392, -21.589713786618695 ], [ -50.271196286399203, -21.589690142702789 ], [ -50.271186735839201, -21.589672500886408 ], [ -50.271141978597697, -21.589619677788892 ], [ -50.2711174627132, -21.5895983048758 ], [ -50.271096043231303, -21.589575163713508 ], [ -50.271073315632798, -21.589552940816503 ], [ -50.271049479776103, -21.589531645041699 ], [ -50.271024630847002, -21.589511225447101 ], [ -50.270998847383702, -21.589491615294392 ], [ -50.270972210457302, -21.589472748469404 ], [ -50.270944803886501, -21.589454559227715 ], [ -50.270916713795302, -21.589436981616696 ], [ -50.2708880281386, -21.589419949055095 ], [ -50.270858836242098, -21.589403394045899 ], [ -50.270829229362199, -21.589387248523394 ], [ -50.270799334549501, -21.589371463900793 ], [ -50.270769279099497, -21.589356068057391 ], [ -50.270739099121599, -21.589341139021201 ], [ -50.2707087807512, -21.589326734372992 ], [ -50.270678307143498, -21.589312909675098 ], [ -50.270647661384601, -21.589299719968807 ], [ -50.270616825740198, -21.589287219480497 ], [ -50.270585736630203, -21.589275443463404 ], [ -50.270554271940703, -21.589264324320698 ], [ -50.2705223779612, -21.589253684078791 ], [ -50.270490081720503, -21.589243359342699 ], [ -50.270457419918699, -21.58923318678919 ], [ -50.270424431311, -21.589223000446097 ], [ -50.270391257834397, -21.589212663251192 ], [ -50.270358973475197, -21.589202521920004 ], [ -50.2703289712369, -21.589194634026708 ], [ -50.270300930594097, -21.589190922686889 ], [ -50.270272574742698, -21.589191862081595 ], [ -50.270242809322497, -21.589196851378894 ], [ -50.2702123982654, -21.589205097354593 ], [ -50.270182235929397, -21.589215686119601 ], [ -50.270152463757803, -21.589228119810201 ], [ -50.270122878122201, -21.589242036082595 ], [ -50.270093249149198, -21.589257057277791 ], [ -50.270065422366301, -21.589271686712092 ], [ -50.270042387352802, -21.589287570077499 ], [ -50.270018178625101, -21.589304743259405 ], [ -50.269995027093401, -21.5893221224832 ], [ -50.269973230721099, -21.589339928733693 ], [ -50.269953061130899, -21.589358372493194 ], [ -50.2699346484603, -21.589377772695393 ], [ -50.269917798236598, -21.5893985343377 ], [ -50.269902188696406, -21.589420739893196 ], [ -50.269887666585298, -21.589444224521394 ], [ -50.269874092115302, -21.589468781987097 ], [ -50.269861338786903, -21.589494150016996 ], [ -50.269849376993101, -21.589520009945996 ], [ -50.269838291759598, -21.589546190321897 ], [ -50.269828134529298, -21.589572639618908 ], [ -50.269818949440101, -21.589599320882201 ], [ -50.2698107799675, -21.589626197377498 ], [ -50.269803668895797, -21.589653232700293 ], [ -50.269797658302501, -21.589680390908082 ], [ -50.269792789564399, -21.589707636676206 ], [ -50.269789103392398, -21.589734935474986 ], [ -50.269786639906499, -21.589762253764494 ], [ -50.269785438759001, -21.589789559198696 ], [ -50.269785539487998, -21.589816867330899 ], [ -50.269786922576607, -21.589844383212597 ], [ -50.269789294526802, -21.589872323861307 ], [ -50.269792271968306, -21.589900722149601 ], [ -50.269795447433403, -21.589929567523601 ], [ -50.2697983922628, -21.589958855321495 ], [ -50.269800653905499, -21.589988557936685 ], [ -50.269801800850601, -21.590018397460199 ], [ -50.269801874064001, -21.590048030965399 ], [ -50.269801181239799, -21.590077393035092 ], [ -50.26980002781, -21.590106559538608 ], [ -50.269798708649802, -21.590135613898795 ], [ -50.269797504724401, -21.590164728369906 ], [ -50.269796525071598, -21.590194670258793 ], [ -50.269794695540007, -21.590226013426904 ], [ -50.269790173917599, -21.5902585436367 ], [ -50.269780765332698, -21.590291609870899 ], [ -50.269764485250803, -21.590323334111702 ], [ -50.269742092036211, -21.590351527606405 ], [ -50.2697159253728, -21.590375706259003 ], [ -50.269687528364102, -21.590396232289695 ] ] ] } },
{ "type": "Feature", "properties": { "CHAVE": "3032462", "FAZENDA": "303246", "NOME_FAZ": "SITIO SAO MARTINHO", "ZONA": 999.0, "TALHAO": 2.0, "AREA_TOTAL": 0.32496612268555902, "TIPO_GEO": "TALHAO", "DATA_INICI": null, "DATA_FINAL": null, "HORA_INICI": null, "HORA_FINAL": null, "CLASSE": null, "PILOTO": null, "AERONAVE": null, "AREA_HA": null }, "geometry": { "type": "Polygon", "coordinates": [ [ [ -50.271819486271298, -21.588734835752692 ], [ -50.271793585046197, -21.588748026181488 ], [ -50.271768015615599, -21.588761699573798 ], [ -50.271742829990202, -21.588775922676497 ], [ -50.271718080180598, -21.588790762236705 ], [ -50.271693818171009, -21.588806284966001 ], [ -50.271670060148004, -21.588822509581789 ], [ -50.271646715744801, -21.588839311943492 ], [ -50.271623674858397, -21.588856541450102 ], [ -50.271600827385605, -21.588874047500408 ], [ -50.271578119660198, -21.588891735646499 ], [ -50.271555831529803, -21.588909843280586 ], [ -50.271534364915297, -21.588928729256097 ], [ -50.271514121920603, -21.5889487526082 ], [ -50.2714954544318, -21.588970182751194 ], [ -50.271478501754103, -21.588992909714097 ], [ -50.271463346951002, -21.589016723152696 ], [ -50.271450073086001, -21.589041412722608 ], [ -50.271438737709801, -21.589066779387405 ], [ -50.271429145946698, -21.589092735999294 ], [ -50.271420958842803, -21.589119259272806 ], [ -50.271413836098603, -21.589146326590299 ], [ -50.271407595539898, -21.589173878765497 ], [ -50.271402464750501, -21.589201761851196 ], [ -50.2713987368166, -21.589229806751991 ], [ -50.271396704824902, -21.589257844372515 ], [ -50.271396661861999, -21.58928570561719 ], [ -50.271398901015097, -21.589313221390501 ], [ -50.271403715371299, -21.589340222596991 ], [ -50.271411396680499, -21.589366540587303 ], [ -50.271421855550699, -21.589392133938496 ], [ -50.271424327322599, -21.5893972073846 ], [ -50.271425112139603, -21.589373685390491 ], [ -50.271428768662403, -21.589341361183298 ], [ -50.271434965451803, -21.589309213371592 ], [ -50.271443620843399, -21.589277474214104 ], [ -50.271454653152198, -21.589246375989084 ], [ -50.2714679806936, -21.589216150974792 ], [ -50.271483521782997, -21.589187031449097 ], [ -50.271501187668001, -21.589159233399098 ], [ -50.271520792224997, -21.589132748390789 ], [ -50.2715420784466, -21.589107404616907 ], [ -50.271564787722703, -21.589083026575807 ], [ -50.271588661443403, -21.589059438765997 ], [ -50.271613440998706, -21.589036465686192 ], [ -50.271638867778798, -21.589013931835101 ], [ -50.271664683173903, -21.588991661711702 ], [ -50.271691292619202, -21.5889705801826 ], [ -50.2717186493295, -21.588950714796095 ], [ -50.271746234040101, -21.588931160993699 ], [ -50.271774197383401, -21.588912124678398 ], [ -50.271802616693797, -21.588893713953006 ], [ -50.271831468449008, -21.588875902349287 ], [ -50.271860721787498, -21.588858653606305 ], [ -50.271890345848, -21.588841931463598 ], [ -50.271920309768902, -21.588825699660198 ], [ -50.271950582688802, -21.588809921935514 ], [ -50.271981133746202, -21.588794562028806 ], [ -50.2720119320796, -21.5887795836795 ], [ -50.272042946827497, -21.588764950626793 ], [ -50.272074147128301, -21.588750626610302 ], [ -50.272105502120603, -21.588736575369097 ], [ -50.272136980942598, -21.588722760642888 ], [ -50.2721685527329, -21.588709146170991 ], [ -50.272200186629902, -21.588695695692905 ], [ -50.272231851771899, -21.588682372948092 ], [ -50.272263517304701, -21.588669141682697 ], [ -50.272295159942303, -21.588655972306498 ], [ -50.272326778196799, -21.588642854422496 ], [ -50.272358374481399, -21.588629781068882 ], [ -50.272389951209398, -21.588616745283588 ], [ -50.272421510793897, -21.588603740104592 ], [ -50.272453055648199, -21.588590758569882 ], [ -50.2724845881853, -21.588577793717494 ], [ -50.2725161108186, -21.588564838585398 ], [ -50.272547625961103, -21.588551886211501 ], [ -50.272579136026103, -21.588538929633891 ], [ -50.272610643426603, -21.588525961890493 ], [ -50.272642150575898, -21.588512976019206 ], [ -50.272673659887097, -21.588499965058212 ], [ -50.272705173773303, -21.588486922045291 ], [ -50.272736694647605, -21.588473840018604 ], [ -50.272768224923198, -21.588460712015891 ], [ -50.272799767013304, -21.588447531075293 ], [ -50.272831323330799, -21.588434290234808 ], [ -50.2728628962888, -21.588420982532199 ], [ -50.2728944883007, -21.588407601005596 ], [ -50.272926101779198, -21.588394138692898 ], [ -50.272957739137709, -21.588380588632084 ], [ -50.272989402789001, -21.588366943861086 ], [ -50.273021095146397, -21.588353197417899 ], [ -50.273052818622801, -21.5883393423405 ], [ -50.273084575631401, -21.588325371666794 ], [ -50.273116368235598, -21.588311278105795 ], [ -50.273147902824398, -21.588296776169393 ], [ -50.273178052215698, -21.588280796071299 ], [ -50.273205547063299, -21.588262134417985 ], [ -50.273229668245101, -21.588240128333592 ], [ -50.273250827314897, -21.588215225669295 ], [ -50.273269574835801, -21.588188010832912 ], [ -50.273286461371299, -21.588159068231594 ], [ -50.273302037484697, -21.588128982272405 ], [ -50.273316853739203, -21.588098337361991 ], [ -50.273331460592097, -21.5880677177888 ], [ -50.273346278010003, -21.588037562521396 ], [ -50.273361341363902, -21.588007882224389 ], [ -50.273376615518899, -21.587978609044612 ], [ -50.273392065340602, -21.587949675128893 ], [ -50.273407655694299, -21.587921012624104 ], [ -50.273423351445601, -21.587892553676998 ], [ -50.273440241905, -21.587862210396697 ], [ -50.2734355330821, -21.587860766164098 ], [ -50.273404726772803, -21.587853234963799 ], [ -50.273377022001903, -21.587853880573 ], [ -50.273356226770602, -21.587868229592296 ], [ -50.273341063430799, -21.587892922804304 ], [ -50.273328805858597, -21.587922070158896 ], [ -50.2733169706474, -21.5879503592544 ], [ -50.273304794683597, -21.587976571409289 ], [ -50.273292257747997, -21.588001255780991 ], [ -50.27327934256261, -21.588024968527193 ], [ -50.273266031849502, -21.588048265805291 ], [ -50.2732523068644, -21.588071700149104 ], [ -50.273238004219998, -21.588095466549902 ], [ -50.273222695697498, -21.588119105360299 ], [ -50.273205924781003, -21.588142086986505 ], [ -50.273187235000201, -21.588163881790095 ], [ -50.273166276035198, -21.588183856392302 ], [ -50.273143030765702, -21.588201051779997 ], [ -50.273117548109497, -21.5882144482044 ], [ -50.2730900596464, -21.58822368252229 ], [ -50.273061207667197, -21.588229867960706 ], [ -50.273031690528697, -21.588234319287594 ], [ -50.273002207695299, -21.588238381264386 ], [ -50.272973489017197, -21.588244220727304 ], [ -50.2729460342075, -21.5882539717607 ], [ -50.272919166173097, -21.588265629285598 ], [ -50.272892152433002, -21.588276876204599 ], [ -50.2728649531808, -21.588287564026391 ], [ -50.272837636259503, -21.588297881287399 ], [ -50.272810289517899, -21.588308009109998 ], [ -50.272782920777701, -21.588318158273683 ], [ -50.272755657225204, -21.588328493210202 ], [ -50.27272851367281, -21.588339120231094 ], [ -50.272701479316297, -21.588350014310095 ], [ -50.272674539902297, -21.588361141065601 ], [ -50.272647681177403, -21.588372466116191 ], [ -50.272620888888298, -21.588383955080197 ], [ -50.272594148781501, -21.588395573576395 ], [ -50.272567446603603, -21.588407287222999 ], [ -50.2725407681014, -21.588419061638504 ], [ -50.27251408453521, -21.58843086884881 ], [ -50.272487425108899, -21.5884426552511 ], [ -50.272460732115803, -21.588454405683397 ], [ -50.272434007755798, -21.588466083881602 ], [ -50.272407252623204, -21.588477689500905 ], [ -50.2723804724749, -21.588489234038096 ], [ -50.272353673081504, -21.588500729021881 ], [ -50.27232681699941, -21.588512204421999 ], [ -50.272300016724202, -21.588523626203909 ], [ -50.272273214524802, -21.588535033050295 ], [ -50.272246416159803, -21.588546436463211 ], [ -50.2722196273875, -21.588557847944589 ], [ -50.272192795720102, -21.588569303908894 ], [ -50.272166023203802, -21.588580774813593 ], [ -50.27213927758951, -21.588592288394093 ], [ -50.272112560175302, -21.588603851262604 ], [ -50.272085859463502, -21.588615456044199 ], [ -50.272059186860197, -21.5886270819069 ], [ -50.2720324554382, -21.588638750911301 ], [ -50.2720057001684, -21.588650431951411 ], [ -50.271978959666498, -21.588662092796802 ], [ -50.271952148935597, -21.588673791915095 ], [ -50.271925368900902, -21.588685568731211 ], [ -50.271898660605608, -21.5886974947765 ], [ -50.271872076061697, -21.588709636797194 ], [ -50.271845667279997, -21.588722061540203 ], [ -50.271819486271298, -21.588734835752692 ] ] ] } },
{ "type": "Feature", "properties": { "CHAVE": "3032462", "FAZENDA": "303246", "NOME_FAZ": "SITIO SAO MARTINHO", "ZONA": 999.0, "TALHAO": 2.0, "AREA_TOTAL": 7.1212810256963603, "TIPO_GEO": "TALHAO", "DATA_INICI": null, "DATA_FINAL": null, "HORA_INICI": null, "HORA_FINAL": null, "CLASSE": null, "PILOTO": null, "AERONAVE": null, "AREA_HA": null }, "geometry": { "type": "Polygon", "coordinates": [ [ [ -50.273811196747701, -21.589290577785608 ], [ -50.273838024815802, -21.5893197776095 ], [ -50.273864497121799, -21.589349244979893 ], [ -50.273890627722601, -21.589378962140803 ], [ -50.273916430665203, -21.589408911366494 ], [ -50.273941919983599, -21.589439074959106 ], [ -50.273967109696997, -21.589469435245391 ], [ -50.273992013664802, -21.589499974400002 ], [ -50.274016645652999, -21.589530673479803 ], [ -50.274041026101202, -21.589561514278895 ], [ -50.274065179551705, -21.58959248037559 ], [ -50.274089130987306, -21.589623555952691 ], [ -50.274112905365001, -21.589654725232101 ], [ -50.274136527611603, -21.589685972469802 ], [ -50.274160022621601, -21.589717281953895 ], [ -50.274183415255301, -21.589748638002391 ], [ -50.274206730338001, -21.589780024961502 ], [ -50.274229997271, -21.589811433438786 ], [ -50.274253225564401, -21.589842827234989 ], [ -50.274276450463802, -21.589874205029698 ], [ -50.2742997055689, -21.589905562916389 ], [ -50.274322998788897, -21.5899368237278 ], [ -50.274346403685698, -21.589967926663697 ], [ -50.274369998575203, -21.589998810234693 ], [ -50.274393862311697, -21.590029414589097 ], [ -50.274418073333003, -21.590059680233693 ], [ -50.274442712622402, -21.590089551625901 ], [ -50.2744679068511, -21.59011904699269 ], [ -50.274493638327705, -21.590148383059809 ], [ -50.274519660036297, -21.590177843529315 ], [ -50.27454565459071, -21.590207653817806 ], [ -50.2745711920386, -21.590237864156805 ], [ -50.274596215211503, -21.590268038790207 ], [ -50.2746211905691, -21.590297605214094 ], [ -50.274646811556501, -21.590326312814504 ], [ -50.274673433348603, -21.59035444445659 ], [ -50.27470080026, -21.590382485995004 ], [ -50.274728477596597, -21.590410785916795 ], [ -50.274755998821504, -21.590439684121506 ], [ -50.274782815426001, -21.590469371646989 ], [ -50.274808723495802, -21.590499680343004 ], [ -50.274833842959403, -21.590530401789003 ], [ -50.274858353666801, -21.5905613942823 ], [ -50.274882434128401, -21.590592518613995 ], [ -50.274906255740397, -21.590623630596106 ], [ -50.274929988639599, -21.590654588481492 ], [ -50.274953790828199, -21.5906850968172 ], [ -50.274978109210998, -21.590714855239696 ], [ -50.275003338878903, -21.590743927915593 ], [ -50.275029417859798, -21.590772614441807 ], [ -50.2750561235896, -21.590801100795801 ], [ -50.275068398337297, -21.590813995031393 ], [ -50.2750729015712, -21.590807063067103 ], [ -50.275077713102903, -21.590799782998999 ], [ -50.2750825941201, -21.590792529299499 ], [ -50.275087560233501, -21.590785285808089 ], [ -50.2750925620877, -21.5907781353004 ], [ -50.275097672533803, -21.5907709748173 ], [ -50.27510285143741, -21.590763859448398 ], [ -50.275108090152607, -21.590756799166197 ], [ -50.275113350412703, -21.590749842895999 ], [ -50.275118703261597, -21.590742884870803 ], [ -50.275124086052401, -21.590735997309103 ], [ -50.275129507949998, -21.590729159638098 ], [ -50.275134964428702, -21.590722369076278 ], [ -50.275140450904701, -21.590715622909489 ], [ -50.275145962693003, -21.590708918542298 ], [ -50.275151497572303, -21.590702250403783 ], [ -50.275157046329198, -21.590695621529097 ], [ -50.275162605581301, -21.590689028122796 ], [ -50.2751681691363, -21.590682469737803 ], [ -50.275173728150008, -21.5906759490144 ], [ -50.275179265390399, -21.590669478353703 ], [ -50.275183608903497, -21.590664415922998 ], [ -50.275186398428303, -21.5906611675207 ], [ -50.2751891858642, -21.590657923426996 ], [ -50.2751919706959, -21.590654683296098 ], [ -50.275194752431503, -21.590651446801996 ], [ -50.275197530570402, -21.5906482136125 ], [ -50.2752003046106, -21.590644983393606 ], [ -50.275203074049898, -21.590641755811792 ], [ -50.275205838386299, -21.590638530533383 ], [ -50.275208597117398, -21.590635307224506 ], [ -50.275211349728899, -21.590632085564589 ], [ -50.275214094896697, -21.5906288660908 ], [ -50.2752168321338, -21.5906256484724 ], [ -50.275219561657103, -21.590622431639197 ], [ -50.275222283683703, -21.590619214520895 ], [ -50.275224998430801, -21.590615996047287 ], [ -50.275227706115402, -21.590612775148294 ], [ -50.275230406954599, -21.590609550753499 ], [ -50.275233102023698, -21.5906063211279 ], [ -50.275235794803699, -21.590603083418991 ], [ -50.275238486067906, -21.590599837767904 ], [ -50.275241176305698, -21.590596584573202 ], [ -50.275243866006697, -21.590593324233716 ], [ -50.275246555660303, -21.590590057147999 ], [ -50.275249245755901, -21.59058678371499 ], [ -50.2752519367831, -21.590583504333289 ], [ -50.2752546292311, -21.590580219401584 ], [ -50.275257323559003, -21.590576929299505 ], [ -50.275260020258202, -21.590573634426303 ], [ -50.275262719850097, -21.5905703351998 ], [ -50.275265422856599, -21.59056703203769 ], [ -50.275268129799301, -21.590563725357995 ], [ -50.275270841200104, -21.590560415578512 ], [ -50.275275060092703, -21.590555270894502 ], [ -50.275280473272204, -21.590548689580899 ], [ -50.275285933161499, -21.590542079578292 ], [ -50.275291433029501, -21.5905354575542 ], [ -50.275296973005901, -21.59052883179341 ], [ -50.275302555414498, -21.590522207898889 ], [ -50.275308184211497, -21.590515589513704 ], [ -50.275313863075802, -21.590508980644 ], [ -50.275319593161697, -21.590502388769508 ], [ -50.275325381330902, -21.590495814637798 ], [ -50.275331231466197, -21.590489262425688 ], [ -50.275337147884599, -21.590482735808912 ], [ -50.275343135627899, -21.590476237676398 ], [ -50.275349197321503, -21.590469773711899 ], [ -50.275355344821897, -21.590463339887311 ], [ -50.2753615600787, -21.590456963865893 ], [ -50.275367878814599, -21.590450616697584 ], [ -50.275374170364401, -21.590444433856895 ], [ -50.275380590180099, -21.590438253021091 ], [ -50.275387002728401, -21.590432183177501 ], [ -50.275393408849901, -21.590426201152599 ], [ -50.275399768658303, -21.5904203223153 ], [ -50.275406574168301, -21.590414074362204 ], [ -50.275414316348503, -21.590406994403093 ], [ -50.275417476354299, -21.590404103500703 ], [ -50.2754206220879, -21.590401221979999 ], [ -50.275423752039806, -21.590398348891 ], [ -50.275426865512202, -21.590395482584196 ], [ -50.27542996180771, -21.590392621409702 ], [ -50.275433040228599, -21.590389763717688 ], [ -50.2754361000773, -21.590386907858701 ], [ -50.275439140656196, -21.590384052182792 ], [ -50.275442161267698, -21.59038119504029 ], [ -50.275445166364797, -21.590378330808807 ], [ -50.275448162838899, -21.590375453666493 ], [ -50.275451151051399, -21.590372563877796 ], [ -50.275454131326605, -21.590369661738702 ], [ -50.275457103989098, -21.590366747544994 ], [ -50.275460069363099, -21.5903638215926 ], [ -50.275463027773199, -21.590360884177493 ], [ -50.275465979543597, -21.590357935595502 ], [ -50.275468924998798, -21.590354976142503 ], [ -50.275471864463199, -21.590352006114411 ], [ -50.2754747982612, -21.590349025807196 ], [ -50.275477726717199, -21.590346035516696 ], [ -50.275480650155501, -21.590343035538794 ], [ -50.275483568900697, -21.590340026169503 ], [ -50.275486483276993, -21.590337007704498 ], [ -50.275489393608908, -21.590333980440001 ], [ -50.275492300220698, -21.590330944671599 ], [ -50.275495203437004, -21.590327900695307 ], [ -50.275498103582002, -21.590324848807093 ], [ -50.275501000980199, -21.590321789302795 ], [ -50.275503895956, -21.590318722478301 ], [ -50.275506788833802, -21.590315648629485 ], [ -50.275509679937898, -21.590312568052294 ], [ -50.275512569592898, -21.590309481042695 ], [ -50.275515458122896, -21.590306387896398 ], [ -50.275518345852603, -21.590303288909492 ], [ -50.275521233106197, -21.590300184377796 ], [ -50.275524120208203, -21.590297074597196 ], [ -50.275527007445703, -21.590293959985384 ], [ -50.275529895096703, -21.590290840966304 ], [ -50.275532783479598, -21.5902877178201 ], [ -50.275535672912497, -21.590284590826705 ], [ -50.275538563713702, -21.590281460266098 ], [ -50.275541456201402, -21.590278326418286 ], [ -50.275544350693998, -21.590275189563496 ], [ -50.275547247509607, -21.590272049981394 ], [ -50.275550146966502, -21.5902689079523 ], [ -50.2755530493829, -21.590265763756005 ], [ -50.275555955077202, -21.5902626176726 ], [ -50.275560574275701, -21.590257619956297 ], [ -50.2755662001519, -21.590251547188203 ], [ -50.275572053389297, -21.590245248590502 ], [ -50.2755779266055, -21.590238950408196 ], [ -50.275583818131501, -21.590232656830501 ], [ -50.275589726370903, -21.590226371967201 ], [ -50.275595591109898, -21.590220161994797 ], [ -50.275601550014898, -21.590213882460404 ], [ -50.275607501404203, -21.590207637432798 ], [ -50.275613464985, -21.590201405436307 ], [ -50.275619440481798, -21.590195186055993 ], [ -50.2756254275156, -21.590188978985797 ], [ -50.2756314257037, -21.59018278392319 ], [ -50.275637434667303, -21.590176600561804 ], [ -50.275643454027303, -21.590170428595403 ], [ -50.275649483408806, -21.590164267713497 ], [ -50.275655522245003, -21.590158117801202 ], [ -50.275661570826202, -21.590151977868207 ], [ -50.2756676279825, -21.590145848413009 ], [ -50.275673693638801, -21.590139728827506 ], [ -50.275679767409898, -21.590133618817998 ], [ -50.275685848925903, -21.590127518075501 ], [ -50.275691937804503, -21.590121426303497 ], [ -50.275698033666401, -21.590115343202505 ], [ -50.275704136127601, -21.590109268477505 ], [ -50.2757102448086, -21.590103201829194 ], [ -50.275716359318103, -21.590097142969501 ], [ -50.275722479265404, -21.590091091610301 ], [ -50.275727095087902, -21.590086536714509 ], [ -50.2757301594228, -21.590083515749694 ], [ -50.275733224935301, -21.590080496460899 ], [ -50.275736291578802, -21.590077478809906 ], [ -50.275739359306499, -21.590074462758604 ], [ -50.275742428072, -21.590071448268702 ], [ -50.275745497828296, -21.590068435302303 ], [ -50.275748568529004, -21.590065423820903 ], [ -50.275751640127297, -21.590062413786693 ], [ -50.2757547125766, -21.590059405161192 ], [ -50.275757785830201, -21.590056397906409 ], [ -50.275760859841398, -21.590053391984096 ], [ -50.275763934564004, -21.590050387356595 ], [ -50.275767009952503, -21.590047383986494 ], [ -50.275770085960708, -21.590044381836002 ], [ -50.275773162542201, -21.5900413808675 ], [ -50.275776239650902, -21.590038381042998 ], [ -50.275779317240598, -21.590035382324906 ], [ -50.275782395264798, -21.590032384675201 ], [ -50.275785473677402, -21.590029388056294 ], [ -50.275788552432203, -21.590026392430303 ], [ -50.275791631482797, -21.590023397759392 ], [ -50.275794710783003, -21.590020404005905 ], [ -50.275797790286603, -21.5900174111319 ], [ -50.275800869947197, -21.590014419099692 ], [ -50.2758039497187, -21.590011427871485 ], [ -50.275807029554699, -21.590008437409384 ], [ -50.2758101094091, -21.5900054476758 ], [ -50.2758131892355, -21.590002458632689 ], [ -50.275816268934399, -21.589999470262306 ], [ -50.275819348156602, -21.589996482637204 ], [ -50.275822426896099, -21.589993495699101 ], [ -50.2758255052129, -21.589990509365393 ], [ -50.275828583166799, -21.589987523553003 ], [ -50.275831660817502, -21.589984538179095 ], [ -50.275834738225001, -21.589981553160996 ], [ -50.275837815448902, -21.589978568415699 ], [ -50.275840892549105, -21.58997558386039 ], [ -50.275843969585502, -21.589972599412306 ], [ -50.275847046617898, -21.58996961498849 ], [ -50.275850123706, -21.589966630506201 ], [ -50.275853200909701, -21.589963645882403 ], [ -50.275856278288799, -21.589960661034496 ], [ -50.275859355903201, -21.589957675879489 ], [ -50.275862433812499, -21.589954690334501 ], [ -50.275865512076699, -21.589951704316796 ], [ -50.275868590759302, -21.589948717746996 ], [ -50.275871670102497, -21.589945730750191 ], [ -50.275874750276003, -21.589942743469091 ], [ -50.275877831351302, -21.589939755966586 ], [ -50.275880913399398, -21.589936768305691 ], [ -50.2758839964917, -21.589933780549206 ], [ -50.275887080699498, -21.589930792759802 ], [ -50.275890166093902, -21.589927805000599 ], [ -50.2758932527463, -21.589924817334285 ], [ -50.275896340727897, -21.589921829823794 ], [ -50.275899430109902, -21.589918842532001 ], [ -50.275902520963598, -21.589915855521699 ], [ -50.275905613360301, -21.589912868855802 ], [ -50.2759087073713, -21.589909882597198 ], [ -50.2759118030677, -21.589906896808607 ], [ -50.275914900520903, -21.589903911553005 ], [ -50.275917999802203, -21.589900926893304 ], [ -50.275921100982607, -21.589897942892204 ], [ -50.275924204133602, -21.589894959612696 ], [ -50.275927309326399, -21.589891977117588 ], [ -50.2759304166322, -21.58988899546971 ], [ -50.275935112734309, -21.589884493815589 ], [ -50.275941338486398, -21.589878538646705 ], [ -50.2759475745342, -21.589872587457698 ], [ -50.275953820960503, -21.589866641220098 ], [ -50.275960078413803, -21.58986070037999 ], [ -50.275966347527799, -21.589854765392694 ], [ -50.275972628827802, -21.589848836815804 ], [ -50.275978922874799, -21.589842915172994 ], [ -50.275985230220499, -21.589837000996596 ], [ -50.27599152424731, -21.58983112020459 ], [ -50.2759978976989, -21.589825186726298 ], [ -50.276004243937798, -21.589819300981798 ], [ -50.276010606345601, -21.589813424283999 ], [ -50.276016987205502, -21.589807556206694 ], [ -50.276023388817499, -21.589801696307898 ], [ -50.276029821492202, -21.589795836848594 ], [ -50.276036307534902, -21.589789959486993 ], [ -50.276042771318508, -21.589784138637203 ], [ -50.276049281101301, -21.589778317634703 ], [ -50.276055826894201, -21.589772510253102 ], [ -50.276062410805999, -21.589766719368594 ], [ -50.276069035018303, -21.589760947790197 ], [ -50.276075702537199, -21.589755197613812 ], [ -50.276082413772201, -21.5897494732532 ], [ -50.276089172569897, -21.589743776196887 ], [ -50.276095967352397, -21.589738120821995 ], [ -50.276102787225902, -21.5897325234993 ], [ -50.276109684830601, -21.589726937330695 ], [ -50.276116432766798, -21.589721539787202 ], [ -50.276123316051198, -21.58971608809669 ], [ -50.276130993874197, -21.589710047827307 ], [ -50.276138895203999, -21.589703860595005 ], [ -50.276142290722902, -21.589701201903992 ], [ -50.276145674810202, -21.589698550469787 ], [ -50.276149046465001, -21.589695905213993 ], [ -50.276152404686698, -21.589693265057996 ], [ -50.276155748474302, -21.589690628923602 ], [ -50.276159076827199, -21.589687995732191 ], [ -50.276162388744503, -21.589685364405501 ], [ -50.276165683248898, -21.589682733890498 ], [ -50.276168959392798, -21.589680103162994 ], [ -50.276172216224701, -21.5896774711928 ], [ -50.276175450239208, -21.589674838770193 ], [ -50.276178663280298, -21.589672202781799 ], [ -50.2761818677142, -21.589669552543199 ], [ -50.276185076041799, -21.589666877834198 ], [ -50.2761882961941, -21.589664175844792 ], [ -50.276191530479501, -21.589661448762708 ], [ -50.276194780937402, -21.5896586988619 ], [ -50.276198049607203, -21.589655928416597 ], [ -50.276203664559908, -21.589651167430691 ], [ -50.276209932962999, -21.589645870856597 ], [ -50.276216604762801, -21.589640286328393 ], [ -50.276223304318798, -21.589634764037189 ], [ -50.2762302411044, -21.589629145658101 ], [ -50.276237207666803, -21.589623594321903 ], [ -50.276244194535799, -21.5896181090583 ], [ -50.276251199404911, -21.589612683491705 ], [ -50.276258217966706, -21.589607312829695 ], [ -50.276265245603199, -21.589601992507308 ], [ -50.276272280774201, -21.5895967156398 ], [ -50.276279311169802, -21.589591483497401 ], [ -50.276286331225101, -21.589586292480394 ], [ -50.276293364891004, -21.589581117247402 ], [ -50.276300791465601, -21.589575672226502 ], [ -50.276307815581298, -21.589570547704398 ], [ -50.276314953321801, -21.589565378958703 ], [ -50.276322157664701, -21.589560213933407 ], [ -50.276329444232204, -21.589555056195195 ], [ -50.2763368137757, -21.58954991993841 ], [ -50.276344271560298, -21.589544816130005 ], [ -50.276351821472602, -21.589539756749197 ], [ -50.276359466069501, -21.589534755260988 ], [ -50.2763672140088, -21.589529821247897 ], [ -50.276375072697803, -21.589524965195192 ], [ -50.276383045743302, -21.589520200055894 ], [ -50.276391150018398, -21.589515531571202 ], [ -50.276399347545201, -21.589510997520794 ], [ -50.276407675099001, -21.589506590034297 ], [ -50.276416054469308, -21.589502355794696 ], [ -50.276424503730603, -21.589498270864599 ], [ -50.276432977659702, -21.589494341972795 ], [ -50.276441480941997, -21.589490551174606 ], [ -50.276449990244998, -21.589486893855899 ], [ -50.276458504995702, -21.589483355858089 ], [ -50.2764670179589, -21.589479925970899 ], [ -50.276475521421602, -21.589476593155801 ], [ -50.2764840066936, -21.589473346726596 ], [ -50.2764924814919, -21.589470169812994 ], [ -50.276500897094401, -21.58946706722779 ], [ -50.276509250820602, -21.5894640271278 ], [ -50.2765184189183, -21.589460720695801 ], [ -50.276528302230602, -21.589457176925595 ], [ -50.276532448051803, -21.589455690322701 ], [ -50.276536581563903, -21.589454206700495 ], [ -50.276540703551902, -21.589452724418102 ], [ -50.27654481480031, -21.589451241834588 ], [ -50.276548916094008, -21.589449757308898 ], [ -50.276553009701502, -21.589448269298096 ], [ -50.276557097817097, -21.589446777169595 ], [ -50.276561180399, -21.589445280699092 ], [ -50.276565257396797, -21.589443779662496 ], [ -50.276569328760402, -21.589442273835996 ], [ -50.276573394439097, -21.589440762995704 ], [ -50.276577454382803, -21.589439246917699 ], [ -50.2765815085409, -21.589437725378097 ], [ -50.276585556863203, -21.589436198152988 ], [ -50.2765895992992, -21.589434665018402 ], [ -50.276593635798598, -21.589433125750595 ], [ -50.276597666311098, -21.589431580125591 ], [ -50.276601690786201, -21.589430027919498 ], [ -50.276605709173502, -21.589428468908309 ], [ -50.276609721422808, -21.589426902868293 ], [ -50.2766137274836, -21.589425329575391 ], [ -50.276617727305499, -21.589423748805899 ], [ -50.2766217208382, -21.589422160335793 ], [ -50.276625708031297, -21.589420563941196 ], [ -50.276629688834497, -21.589418959398191 ], [ -50.276633663197302, -21.589417346482886 ], [ -50.276637631072802, -21.589415724973396 ], [ -50.276641592423104, -21.589414094652511 ], [ -50.276645547205597, -21.589412455299101 ], [ -50.276649495377498, -21.589410806691603 ], [ -50.276653436895799, -21.589409148608787 ], [ -50.276657371717803, -21.589407480829291 ], [ -50.276661299800402, -21.589405803131697 ], [ -50.276665221100899, -21.589404115294602 ], [ -50.276669135576398, -21.589402417096707 ], [ -50.276673043183898, -21.589400708316603 ], [ -50.276676943880702, -21.589398988732896 ], [ -50.276680837627197, -21.589397258124698 ], [ -50.2766847243862, -21.589395516270905 ], [ -50.2766886041193, -21.589393762950195 ], [ -50.276692476788305, -21.589391997941398 ], [ -50.276696342355002, -21.58939022102329 ], [ -50.276700196370001, -21.589388432824691 ], [ -50.276704040227202, -21.589386631983988 ], [ -50.276707890702497, -21.589384813503301 ], [ -50.276711764828498, -21.589382972327893 ], [ -50.276715679637903, -21.589381103403095 ], [ -50.276722584512498, -21.589377799307503 ], [ -50.276730145034698, -21.589374216239602 ], [ -50.276738477118599, -21.589370370025801 ], [ -50.276747128771902, -21.589366544611092 ], [ -50.276756071733097, -21.589362829128788 ], [ -50.276765153051997, -21.589359352224101 ], [ -50.276774375600901, -21.5893561087263 ], [ -50.276783560807701, -21.589353128169101 ], [ -50.276792699903801, -21.58935037681319 ], [ -50.276801789703399, -21.589347819681901 ], [ -50.276810796676997, -21.589345432247907 ], [ -50.276819714294703, -21.589343183370808 ], [ -50.276828527580399, -21.589341044401799 ], [ -50.276837786488699, -21.5893388556768 ], [ -50.276848478120101, -21.589336365906401 ], [ -50.276852783632698, -21.589335361355602 ], [ -50.276857063149102, -21.58933435771889 ], [ -50.2768613159122, -21.589333351959407 ], [ -50.276865540581703, -21.589332341154492 ], [ -50.276869732188899, -21.589331323219799 ], [ -50.276873899629699, -21.5893302932461 ], [ -50.276878055402499, -21.589329245571196 ], [ -50.276882216667602, -21.589328175021901 ], [ -50.276886391946697, -21.589327081278693 ], [ -50.2768905811945, -21.589325965915297 ], [ -50.276894784365503, -21.589324830505394 ], [ -50.276899001414499, -21.589323676622691 ], [ -50.276903232295901, -21.589322505840801 ], [ -50.276907476964602, -21.589321319733589 ], [ -50.276911735333599, -21.589320119834991 ], [ -50.276916007196199, -21.589318907572299 ], [ -50.276920292635602, -21.5893176846618 ], [ -50.276924591775902, -21.589316452859997 ], [ -50.276928904741403, -21.589315213923392 ], [ -50.2769332316564, -21.589313969608497 ], [ -50.276940372097499, -21.589311916891699 ], [ -50.276948777200403, -21.589309512586301 ], [ -50.276957473175202, -21.589307051472797 ], [ -50.276966280430401, -21.589304599499904 ], [ -50.276975167756703, -21.589302179974105 ], [ -50.276984125897506, -21.589299809892708 ], [ -50.276993162545402, -21.5892975017331 ], [ -50.277002258549103, -21.589295275279106 ], [ -50.277011418946699, -21.5892931462358 ], [ -50.277020650404701, -21.589291130331798 ], [ -50.277029953684902, -21.5892892447219 ], [ -50.277039329836299, -21.589287506480098 ], [ -50.277048780073301, -21.589285932634095 ], [ -50.277058305707207, -21.589284540184099 ], [ -50.277067908114603, -21.58928334611241 ], [ -50.277077600450298, -21.589282366203001 ], [ -50.2770873520561, -21.5892816218871 ], [ -50.277097187434606, -21.589281131085297 ], [ -50.277107097430701, -21.589280913470301 ], [ -50.277117079119897, -21.589280988187799 ], [ -50.277127113738302, -21.589281373793796 ], [ -50.277137155421599, -21.589282086913379 ], [ -50.27714702620591, -21.589283097351494 ], [ -50.277156749086998, -21.589284353950895 ], [ -50.277166264376604, -21.5892857919156 ], [ -50.277175496536998, -21.5892873442554 ], [ -50.277184725786704, -21.589289006003497 ], [ -50.277194087756001, -21.5892907693758 ], [ -50.277203053250901, -21.589292524511698 ], [ -50.277212109356199, -21.589294375817602 ], [ -50.2772211784837, -21.589296317483097 ], [ -50.277230260615497, -21.589298358983385 ], [ -50.277239343551699, -21.589300507293295 ], [ -50.277248426538698, -21.589302772308901 ], [ -50.277257504946697, -21.589305163053606 ], [ -50.277266574165097, -21.589307688552299 ], [ -50.277275632189102, -21.589310358595004 ], [ -50.277284668107598, -21.589313180618898 ], [ -50.277293683018499, -21.589316166007695 ], [ -50.2773026439692, -21.589319314667197 ], [ -50.277311586833001, -21.589322653374005 ], [ -50.277320442357798, -21.589326155746303 ], [ -50.277329141887506, -21.589329790832611 ], [ -50.277337743849806, -21.589333558957495 ], [ -50.277346215279401, -21.589337425507193 ], [ -50.277354565820701, -21.589341374070198 ], [ -50.277362801542097, -21.589345386612706 ], [ -50.277370940342308, -21.589349450990799 ], [ -50.277378959107409, -21.589353535880402 ], [ -50.277386836174102, -21.589357610423789 ], [ -50.277394682117198, -21.589361712012703 ], [ -50.277402877715907, -21.589366023557798 ], [ -50.277412476644599, -21.589371089118593 ], [ -50.277416354632997, -21.589373136665799 ], [ -50.2774202299492, -21.5893751836036 ], [ -50.277424102713297, -21.5893772297269 ], [ -50.277427973045803, -21.589379274830389 ], [ -50.2774318410669, -21.589381318708885 ], [ -50.277435706897101, -21.589383361157292 ], [ -50.277439570656803, -21.58938540196969 ], [ -50.277443432466399, -21.589387440940989 ], [ -50.277447292444499, -21.589389477868696 ], [ -50.277451150709602, -21.58939151255079 ], [ -50.277455007380098, -21.589393544784798 ], [ -50.277458862574498, -21.589395574368805 ], [ -50.2774627164113, -21.589397601100284 ], [ -50.277466569009, -21.589399624777393 ], [ -50.277470420486097, -21.589401645197608 ], [ -50.277474270961001, -21.589403662158894 ], [ -50.277478120552203, -21.589405675458991 ], [ -50.2774819693783, -21.58940768489569 ], [ -50.277485817557597, -21.589409690266695 ], [ -50.277489665209011, -21.5894116913678 ], [ -50.277493512450498, -21.589413687994998 ], [ -50.277497359397898, -21.589415679951578 ], [ -50.277501206167599, -21.589417667040792 ], [ -50.277505052875398, -21.589419649066098 ], [ -50.277508899637603, -21.589421625830603 ], [ -50.277512746570103, -21.589423597137706 ], [ -50.277516593789102, -21.589425562790794 ], [ -50.277520441410502, -21.589427522592999 ], [ -50.277524289550598, -21.589429476347803 ], [ -50.277528138325401, -21.589431423858404 ], [ -50.2775319878508, -21.589433364928105 ], [ -50.277535838243203, -21.5894352993604 ], [ -50.277539689618301, -21.589437226958296 ], [ -50.277543542092502, -21.589439147525386 ], [ -50.277547395781703, -21.5894410608648 ], [ -50.277551250801999, -21.589442966779998 ], [ -50.277555107269599, -21.5894448650741 ], [ -50.277558965300301, -21.58944675555049 ], [ -50.277562825010499, -21.589448638012591 ], [ -50.277566686516003, -21.589450512263603 ], [ -50.2775705499322, -21.589452378109495 ], [ -50.2775744153723, -21.589454235364194 ], [ -50.2775782829519, -21.589456083837192 ], [ -50.277582152786501, -21.5894579233379 ], [ -50.277586024991798, -21.5894597536753 ], [ -50.277589899683399, -21.589461574658696 ], [ -50.2775937769769, -21.589463386097208 ], [ -50.277597656987801, -21.58946518780019 ], [ -50.277601539831899, -21.589466979576688 ], [ -50.2776054256246, -21.589468761235896 ], [ -50.277609314464698, -21.589470532569202 ], [ -50.277613205684602, -21.589472292520899 ], [ -50.277617099556501, -21.589474040934704 ], [ -50.277620997007297, -21.589475778331096 ], [ -50.2776248989639, -21.589477505230491 ], [ -50.277628806353, -21.589479222153205 ], [ -50.277632720101302, -21.589480929619789 ], [ -50.2776366411358, -21.589482628150591 ], [ -50.277640570383099, -21.589484318265988 ], [ -50.277644508770202, -21.589486000486499 ], [ -50.277648457223798, -21.589487675332403 ], [ -50.277652416300697, -21.589489343386589 ], [ -50.277656384870198, -21.58949100542301 ], [ -50.27766036252271, -21.589492661973985 ], [ -50.277664348987003, -21.589494313542698 ], [ -50.277668343991998, -21.589495960632089 ], [ -50.277672347267, -21.589497603745201 ], [ -50.277676358540702, -21.589499243385088 ], [ -50.277680377542197, -21.589500880054796 ], [ -50.277684404000397, -21.589502514257404 ], [ -50.2776884376444, -21.589504146495788 ], [ -50.2776924782031, -21.589505777273192 ], [ -50.277696525405403, -21.589507407092601 ], [ -50.2777005789805, -21.589509036456892 ], [ -50.277704638657198, -21.589510665869309 ], [ -50.277717443916799, -21.589509127654594 ], [ -50.277730161098098, -21.58950749386609 ], [ -50.277742702123099, -21.589505668930808 ], [ -50.277754978913698, -21.589503557276 ], [ -50.2777669033919, -21.589501063329013 ], [ -50.277778387479302, -21.589498091516802 ], [ -50.2777893430981, -21.589494546266796 ], [ -50.2777996821698, -21.589490332006292 ], [ -50.277809316616498, -21.589485353162491 ], [ -50.277818158359999, -21.589479514162687 ], [ -50.2778261193221, -21.589472719434291 ], [ -50.277833130453303, -21.589464894052302 ], [ -50.2778392828397, -21.589456136853602 ], [ -50.277844747751701, -21.589446633682499 ], [ -50.277849206738509, -21.5894375679216 ], [ -50.277845798870104, -21.589432082887008 ], [ -50.277830403027899, -21.589408606580893 ], [ -50.277814489729899, -21.589385421614097 ], [ -50.277798231390797, -21.589362429673198 ], [ -50.277781800748201, -21.589339532261903 ], [ -50.2777653705392, -21.589316630884195 ], [ -50.277749113501208, -21.589293627043993 ], [ -50.277733175860497, -21.589270437461597 ], [ -50.277717548433401, -21.58924706805529 ], [ -50.277702165580699, -21.5892235571466 ], [ -50.277686961583299, -21.5891999431025 ], [ -50.277671870722202, -21.589176264290199 ], [ -50.2776568272782, -21.589152559076798 ], [ -50.277641765532501, -21.589128865829505 ], [ -50.277626618242103, -21.589105223661292 ], [ -50.277611288139902, -21.589081686381292 ], [ -50.277595650487903, -21.589058321245297 ], [ -50.277579569143697, -21.589035204808695 ], [ -50.277562676997398, -21.589012609306995 ], [ -50.2775443984494, -21.588990989108105 ], [ -50.277524571876903, -21.588970576512395 ], [ -50.277503453511201, -21.588951364292996 ], [ -50.2774812345653, -21.588933273816796 ], [ -50.277458063601898, -21.588916195394511 ], [ -50.277434088848103, -21.588900019092296 ], [ -50.277409458530798, -21.588884634976399 ], [ -50.277384320876997, -21.588869933113198 ], [ -50.277358824113499, -21.5888558035691 ], [ -50.277333094886203, -21.58884218135379 ], [ -50.277306648956703, -21.58883026851769 ], [ -50.277279039864197, -21.588821074263304 ], [ -50.277250544778902, -21.588813988875099 ], [ -50.277221472940496, -21.588808331157594 ], [ -50.277192133589097, -21.588803419915099 ], [ -50.277162830626303, -21.588798584982101 ], [ -50.277133714833298, -21.58879347251089 ], [ -50.277104764850698, -21.588788084263495 ], [ -50.277075950159499, -21.588782440923495 ], [ -50.277047240241103, -21.588776563174399 ], [ -50.277018604576497, -21.58877047169959 ], [ -50.276990012760102, -21.588764187151302 ], [ -50.276961444424202, -21.588757727409895 ], [ -50.276932896980497, -21.588751105446189 ], [ -50.276904369662503, -21.588744333728105 ], [ -50.276875861704198, -21.588737424723302 ], [ -50.276847372339098, -21.588730390899599 ], [ -50.276818900800897, -21.588723244724697 ], [ -50.276790446323403, -21.588715998666398 ], [ -50.276762008140103, -21.588708665192492 ], [ -50.276733585484799, -21.588701256770797 ], [ -50.276705177591097, -21.588693785868895 ], [ -50.276676783692601, -21.588686264954706 ], [ -50.276648403023003, -21.58867870649599 ], [ -50.276620034815899, -21.58867112296041 ], [ -50.276591678304897, -21.588663526815694 ], [ -50.276563332325608, -21.588655929793706 ], [ -50.276534993566599, -21.588648339655194 ], [ -50.276506657995903, -21.588640762827797 ], [ -50.276478321580797, -21.5886332057385 ], [ -50.276449980288596, -21.588625674814097 ], [ -50.276421630086602, -21.588618176481308 ], [ -50.276393267657397, -21.5886107158736 ], [ -50.276364892851497, -21.588603292393699 ], [ -50.276336506397399, -21.588595903857296 ], [ -50.276308109022999, -21.588588548080189 ], [ -50.276279701456701, -21.588581222878094 ], [ -50.2762512844266, -21.588573926066708 ], [ -50.276222858660901, -21.588566655461793 ], [ -50.276194424887898, -21.588559408878993 ], [ -50.276165983835597, -21.588552184134098 ], [ -50.276137536232397, -21.588544979042901 ], [ -50.276109082806499, -21.588537791421007 ], [ -50.276080624286003, -21.588530619084288 ], [ -50.2760521613991, -21.588523459848297 ], [ -50.276023694874098, -21.588516311528892 ], [ -50.275995225439097, -21.588509171941695 ], [ -50.275966753822502, -21.5885020389026 ], [ -50.275938280752307, -21.588494910227197 ], [ -50.275909806957003, -21.588487783731292 ], [ -50.275882735927397, -21.588479835160097 ], [ -50.2758547172105, -21.5884720668193 ], [ -50.275826045754499, -21.588464508149396 ], [ -50.275797016507703, -21.588457188591089 ], [ -50.2757679235512, -21.588450137333595 ], [ -50.275738961027209, -21.588443354527502 ], [ -50.275710131587701, -21.588436784683406 ], [ -50.275681416243202, -21.588430366023598 ], [ -50.275652796004202, -21.588424036770498 ], [ -50.275624251881304, -21.5884177351464 ], [ -50.275595764885097, -21.588411399373697 ], [ -50.275567316026198, -21.588404967674496 ], [ -50.275538886315601, -21.588398378271794 ], [ -50.275510460455109, -21.588391585293206 ], [ -50.275482036539003, -21.5883846005758 ], [ -50.275453615698098, -21.588377449041484 ], [ -50.275425199063299, -21.588370155612093 ], [ -50.275396787765303, -21.588362745209597 ], [ -50.275368382934801, -21.588355242755796 ], [ -50.275339985702701, -21.588347673172592 ], [ -50.275311597199597, -21.588340061381899 ], [ -50.275283218556297, -21.588332432305496 ], [ -50.275254850880401, -21.588324810592699 ], [ -50.275226494270598, -21.5883172088988 ], [ -50.275198147442197, -21.588309623440807 ], [ -50.275169809010507, -21.588302049246202 ], [ -50.2751414775909, -21.588294481342494 ], [ -50.2751131517986, -21.588286914757312 ], [ -50.275084830249099, -21.588279344518192 ], [ -50.2750565115577, -21.588271765652795 ], [ -50.275028194334503, -21.588264173242411 ], [ -50.274999876664403, -21.588256567952897 ], [ -50.274971555655803, -21.588248960820493 ], [ -50.274943228311201, -21.5882413640092 ], [ -50.274914891632903, -21.588233789683191 ], [ -50.274886542623399, -21.588226250006404 ], [ -50.274858178285001, -21.588218757143007 ], [ -50.2748297956201, -21.588211323256996 ], [ -50.2748013916312, -21.588203960512491 ], [ -50.274772963320402, -21.588196681073494 ], [ -50.274744507690201, -21.588189497103993 ], [ -50.274716021994607, -21.588182419862008 ], [ -50.274687510416499, -21.588175435661896 ], [ -50.2746589847671, -21.588168503355892 ], [ -50.274630457249899, -21.5881615803847 ], [ -50.274601940068102, -21.588154624189499 ], [ -50.274573445425204, -21.588147592211101 ], [ -50.274544985524699, -21.588140441890307 ], [ -50.274516572569901, -21.588133130668297 ], [ -50.274488217736099, -21.588125619549899 ], [ -50.274459915484599, -21.588117927456597 ], [ -50.274431646698098, -21.588110120364899 ], [ -50.274403391865803, -21.588102265613397 ], [ -50.2743751314772, -21.588094430540892 ], [ -50.274346846021402, -21.588086682486004 ], [ -50.274318515987801, -21.588079088787406 ], [ -50.274290121865405, -21.588071716783496 ], [ -50.2742616441435, -21.588064633812994 ], [ -50.274233064559198, -21.588057903142591 ], [ -50.274204386413999, -21.5880515176942 ], [ -50.274175631221198, -21.588045410979287 ], [ -50.274146821066203, -21.588039514643892 ], [ -50.274117978034397, -21.588033760333591 ], [ -50.2740891242114, -21.588028079694499 ], [ -50.2740602816828, -21.588022404372285 ], [ -50.274031472533999, -21.588016666012887 ], [ -50.274002718850802, -21.588010796262296 ], [ -50.273974040216103, -21.588004731346096 ], [ -50.273945428176802, -21.587998458791198 ], [ -50.273916856682597, -21.587991998324387 ], [ -50.273888299411297, -21.5879853701705 ], [ -50.273859730040598, -21.587978594554102 ], [ -50.273831122248097, -21.587971691699895 ], [ -50.273802449711397, -21.587964681832499 ], [ -50.273773696407901, -21.587957580988601 ], [ -50.273744902799898, -21.587950382237494 ], [ -50.2737161286136, -21.587943070815808 ], [ -50.273687433591803, -21.587935631953297 ], [ -50.273658877476798, -21.587928050880098 ], [ -50.273630520011302, -21.587920312825993 ], [ -50.273602420937898, -21.587912403021289 ], [ -50.273574639999197, -21.587904306695904 ], [ -50.273547236937603, -21.587896009079994 ], [ -50.273520229668001, -21.587887496906696 ], [ -50.273493142456203, -21.587878774647592 ], [ -50.273477395961201, -21.587873754054701 ], [ -50.273473372634498, -21.587880948515199 ], [ -50.2734576572458, -21.587909180821988 ], [ -50.273442044783302, -21.587937488764915 ], [ -50.273426568783798, -21.587965941044196 ], [ -50.273411262201101, -21.587994606719086 ], [ -50.27339615746201, -21.588023555223295 ], [ -50.273381286535802, -21.588052856381196 ], [ -50.273366658860397, -21.588082625513504 ], [ -50.273352100103601, -21.588113144280605 ], [ -50.273337034895597, -21.588144304124196 ], [ -50.273320828481097, -21.588175607552188 ], [ -50.273302818035397, -21.588206476486302 ], [ -50.273282270033498, -21.588236305 ], [ -50.273258397839001, -21.588264400818293 ], [ -50.27323051553131, -21.588289838233198 ], [ -50.27319899035291, -21.588311235406092 ], [ -50.273165968169302, -21.588328738172802 ], [ -50.273133168196601, -21.588343822026893 ], [ -50.273101073187497, -21.5883580496434 ], [ -50.273069215914198, -21.588372064426501 ], [ -50.273037397521797, -21.588385960958398 ], [ -50.273005615467, -21.588399746307893 ], [ -50.272973867432896, -21.588413427442095 ], [ -50.272942151096899, -21.588427011328797 ], [ -50.272910464130405, -21.588440504935985 ], [ -50.272878804198903, -21.588453915231902 ], [ -50.272847168961597, -21.588467249184891 ], [ -50.2728155560714, -21.588480513763301 ], [ -50.272783963174803, -21.588493715935495 ], [ -50.2727523879119, -21.588506862669497 ], [ -50.272720827916103, -21.588519960933006 ], [ -50.272689265688101, -21.588533023939394 ], [ -50.272657732078201, -21.58854604492489 ], [ -50.2726262066072, -21.588559038342499 ], [ -50.2725946868783, -21.5885720111579 ], [ -50.272563170487899, -21.588584970336196 ], [ -50.272534968515799, -21.588596561034397 ], [ -50.272550428825603, -21.588603013111399 ], [ -50.2725875200316, -21.588618026549295 ], [ -50.272624700275898, -21.588632383035108 ], [ -50.272662077184798, -21.588645900447105 ], [ -50.272699881420301, -21.588658526123101 ], [ -50.272738214993403, -21.588670595077101 ], [ -50.272776947479599, -21.588682505429183 ], [ -50.272815841703398, -21.588694537247004 ], [ -50.272854753946298, -21.588706754705086 ], [ -50.272893637754898, -21.588719211581996 ], [ -50.272932460463203, -21.588731966163895 ], [ -50.272971189342996, -21.588745076963598 ], [ -50.273009791573102, -21.588758602714098 ], [ -50.273048234202399, -21.588772602358496 ], [ -50.273086484107097, -21.588787135036089 ], [ -50.273124507943898, -21.588802260062497 ], [ -50.273162272098297, -21.588818036901799 ], [ -50.273199742631199, -21.588834525130999 ], [ -50.273236884389803, -21.588851784004497 ], [ -50.273273651503899, -21.588869864829498 ], [ -50.2733099912585, -21.588888778967398 ], [ -50.273345861114898, -21.588908517624905 ], [ -50.273381225659399, -21.588929075117491 ], [ -50.273416049527398, -21.588950445875295 ], [ -50.273450297260503, -21.5889726243675 ], [ -50.273483933299502, -21.588995605096002 ], [ -50.2735169219767, -21.589019382588297 ], [ -50.273549227369003, -21.589043951282992 ], [ -50.2735808015168, -21.589069295410201 ], [ -50.273611612507601, -21.589095352444488 ], [ -50.273641705522401, -21.589122016871297 ], [ -50.273671154358098, -21.589149196214496 ], [ -50.273700035978699, -21.589176801714597 ], [ -50.2737284371727, -21.5892047615236 ], [ -50.2737564170666, -21.589233051971704 ], [ -50.273783998853702, -21.589261663297798 ], [ -50.273811196747701, -21.589290577785608 ] ] ] } },
{ "type": "Feature", "properties": { "CHAVE": "3032466", "FAZENDA": "303246", "NOME_FAZ": "SITIO SAO MARTINHO", "ZONA": 999.0, "TALHAO": 6.0, "AREA_TOTAL": 0.62010026109521299, "TIPO_GEO": "TALHAO", "DATA_INICI": null, "DATA_FINAL": null, "HORA_INICI": null, "HORA_FINAL": null, "CLASSE": null, "PILOTO": null, "AERONAVE": null, "AREA_HA": null }, "geometry": { "type": "Polygon", "coordinates": [ [ [ -50.272138248022408, -21.587540287386805 ], [ -50.272137154176498, -21.587537509766094 ], [ -50.272135837955609, -21.587534874866805 ], [ -50.272134307295097, -21.587532378461908 ], [ -50.272132570130402, -21.587530016324507 ], [ -50.2721306343972, -21.587527784227497 ], [ -50.272128508030697, -21.587525677943912 ], [ -50.272126198966497, -21.587523693246904 ], [ -50.272123715139998, -21.587521825909388 ], [ -50.272121064486697, -21.587520071704404 ], [ -50.272118254942001, -21.587518426404895 ], [ -50.272115294441406, -21.587516885783998 ], [ -50.272112190920403, -21.587515445614699 ], [ -50.272105586558702, -21.587512849722899 ], [ -50.272098505340502, -21.5875106049137 ], [ -50.272091010749598, -21.587508677371098 ], [ -50.272083166269404, -21.587507033279394 ], [ -50.272075035383708, -21.587505638822797 ], [ -50.2720666815759, -21.587504460185297 ], [ -50.272058168329799, -21.587503463551297 ], [ -50.272049559128902, -21.587502615104803 ], [ -50.2720323067972, -21.587501227511702 ], [ -50.272015432439701, -21.587500026884307 ], [ -50.272007278583501, -21.587499419577789 ], [ -50.271999323418797, -21.587498795005992 ], [ -50.271983947177098, -21.587497495938681 ], [ -50.271969179739699, -21.587496133426299 ], [ -50.271954897132098, -21.587494711212706 ], [ -50.271940975379401, -21.587493233041901 ], [ -50.271913718539899, -21.58749012380391 ], [ -50.2718864184206, -21.587486835644096 ], [ -50.271872502217498, -21.587485132729096 ], [ -50.271858410494403, -21.587483392521388 ], [ -50.271829824899406, -21.587479803847291 ], [ -50.271800910458097, -21.587476076860995 ], [ -50.271771915993, -21.587472218801697 ], [ -50.271743090326297, -21.587468236908901 ], [ -50.2717146379252, -21.587464126949104 ], [ -50.271686492473009, -21.587459814647293 ], [ -50.2716584854888, -21.587455199302301 ], [ -50.271630448303704, -21.587450180164193 ], [ -50.271602212248503, -21.587444656482788 ], [ -50.271587966935698, -21.587441673953901 ], [ -50.271573608654499, -21.587438527507807 ], [ -50.271559116321498, -21.58743520455069 ], [ -50.271544468908402, -21.587431692661202 ], [ -50.271529680511399, -21.587428088481794 ], [ -50.271514860461302, -21.587424784368988 ], [ -50.271507477727397, -21.587423382959706 ], [ -50.271500134073499, -21.587422222313688 ], [ -50.271492845163898, -21.587421357679695 ], [ -50.271485626663207, -21.587420844306799 ], [ -50.271478494235502, -21.587420737443708 ], [ -50.271471463545403, -21.587421092339401 ], [ -50.2714645502572, -21.587421964242793 ], [ -50.271457770035205, -21.587423408402699 ], [ -50.271454434719203, -21.587424362344088 ], [ -50.271451138608803, -21.587425479196902 ], [ -50.271444675095097, -21.587428185559695 ], [ -50.271438403589691, -21.587431469655296 ], [ -50.271432348585599, -21.587435268312596 ], [ -50.271426534575902, -21.587439518360195 ], [ -50.271420986053997, -21.587444156627097 ], [ -50.27141572751281, -21.587449119942001 ], [ -50.271410783445809, -21.587454345133612 ], [ -50.271406178346105, -21.587459769030893 ], [ -50.271401922675899, -21.587465334316395 ], [ -50.271397963387798, -21.5874710101692 ], [ -50.271394229474701, -21.587476773261685 ], [ -50.271387155994603, -21.587488468579295 ], [ -50.27138032491051, -21.587500294810901 ], [ -50.271373686574002, -21.587512231565604 ], [ -50.271367224127502, -21.5875242689666 ], [ -50.271354759473901, -21.587548606200798 ], [ -50.271342796089002, -21.587573227499593 ], [ -50.271331199112097, -21.587598053849003 ], [ -50.271308564938401, -21.587648005643707 ], [ -50.2712972580197, -21.587672973060901 ], [ -50.271285780056203, -21.587697830908194 ], [ -50.271274061886302, -21.587722547542004 ], [ -50.271262109956098, -21.58774714583339 ], [ -50.271249935104407, -21.587771651820393 ], [ -50.271237548170106, -21.587796091541396 ], [ -50.2712249513961, -21.587820479176596 ], [ -50.271212106707203, -21.587844773287404 ], [ -50.271198964217703, -21.587868916142597 ], [ -50.271185474040003, -21.587892850008593 ], [ -50.271171586286698, -21.587916517152006 ], [ -50.271157251070498, -21.587939859839196 ], [ -50.271142415915598, -21.587962836955391 ], [ -50.271127017884901, -21.587985474550294 ], [ -50.271119087297706, -21.587996679469402 ], [ -50.271110991399297, -21.588007815638782 ], [ -50.2711027219923, -21.588018888435393 ], [ -50.271094270879303, -21.588029903235991 ], [ -50.271085629862903, -21.588040865417408 ], [ -50.271076790745603, -21.588051780356597 ], [ -50.271067745329901, -21.588062653430296 ], [ -50.2710584876233, -21.588073489292398 ], [ -50.2710490303608, -21.58808428645489 ], [ -50.271039395727598, -21.588095040330593 ], [ -50.271019683380203, -21.588116399777892 ], [ -50.2709995286436, -21.588137530746899 ], [ -50.270979109580203, -21.588158396350099 ], [ -50.270958604252598, -21.588178959700205 ], [ -50.270938190723498, -21.588199183910099 ], [ -50.270918047055801, -21.588219032092496 ], [ -50.270908132064598, -21.588228803646196 ], [ -50.270898351312397, -21.588238467360405 ], [ -50.270888727056999, -21.588248018624189 ], [ -50.270879281556397, -21.588257452826806 ], [ -50.270870037068299, -21.588266765357304 ], [ -50.270861015850898, -21.588275951604896 ], [ -50.270852240161801, -21.588285006958706 ], [ -50.270843732259102, -21.58829392680779 ], [ -50.270835512891303, -21.588302708936503 ], [ -50.270827536997999, -21.588311455551494 ], [ -50.270819669659602, -21.588320411443998 ], [ -50.270811769490003, -21.58832983166559 ], [ -50.270807762910508, -21.588334795603203 ], [ -50.270803695103403, -21.588339971267505 ], [ -50.270799548395601, -21.588345390539601 ], [ -50.270795305113602, -21.588351085301092 ], [ -50.270790947584302, -21.588357087433405 ], [ -50.270786458134403, -21.588363428817789 ], [ -50.270781819090502, -21.588370141335897 ], [ -50.270777012779298, -21.588377256868892 ], [ -50.270772021527598, -21.588384807298389 ], [ -50.270766882157297, -21.588392786203997 ], [ -50.270764441361599, -21.588396812788194 ], [ -50.270762265303503, -21.588400741693597 ], [ -50.270760489797297, -21.588404479896198 ], [ -50.270759250657697, -21.588407934372295 ], [ -50.270758874667401, -21.588409526142897 ], [ -50.2707586836991, -21.5884110120979 ], [ -50.2707586947297, -21.588412380609203 ], [ -50.2707589247361, -21.588413620049103 ], [ -50.270759390694899, -21.588414718789291 ], [ -50.270760109583101, -21.588415665202003 ], [ -50.270761098377406, -21.588416447659096 ], [ -50.270762370356799, -21.588417056754192 ], [ -50.270763898726599, -21.588417507155789 ], [ -50.270765632158103, -21.58841782827129 ], [ -50.270769507477098, -21.588418201124799 ], [ -50.270777640241803, -21.588418586940797 ], [ -50.2707856252526, -21.588418872268793 ], [ -50.270793458960398, -21.588419063363101 ], [ -50.270808713925504, -21.588419156042399 ], [ -50.2708234880551, -21.588418851361805 ], [ -50.270837864266802, -21.588418135704401 ], [ -50.270851925478702, -21.588416995452992 ], [ -50.270865754608302, -21.588415416990706 ], [ -50.2708794345737, -21.588413386700392 ], [ -50.2708930482925, -21.588410890965093 ], [ -50.270906678682501, -21.588407916167501 ], [ -50.270920393784699, -21.588404459301696 ], [ -50.270934177497899, -21.588400577375999 ], [ -50.2709479841714, -21.588396348475406 ], [ -50.270961768122298, -21.588391850707808 ], [ -50.270975485258496, -21.588387159753196 ], [ -50.270989116915302, -21.588382312486296 ], [ -50.271002664865698, -21.588377314590193 ], [ -50.271029519053101, -21.588366886113999 ], [ -50.271056066631999, -21.588355912731494 ], [ -50.271082326413499, -21.588344432849599 ], [ -50.2711083172088, -21.588332484875092 ], [ -50.271134057829101, -21.588320107214781 ], [ -50.271159567085697, -21.588307338275389 ], [ -50.271184863789799, -21.588294216463897 ], [ -50.271209966752799, -21.5882807801868 ], [ -50.271234894785898, -21.588267067851081 ], [ -50.271259666700402, -21.588253117863403 ], [ -50.271284301307801, -21.588238968630503 ], [ -50.271333233846697, -21.588210226056098 ], [ -50.271381829567098, -21.588181113953297 ], [ -50.271430138440607, -21.588151687433001 ], [ -50.271478175379201, -21.588121913663997 ], [ -50.2715259551995, -21.588091759575292 ], [ -50.271573492718296, -21.588061192096312 ], [ -50.271620802751897, -21.588030178156199 ], [ -50.271667900116803, -21.587998684684205 ], [ -50.2717147996295, -21.587966678609391 ], [ -50.271761516106402, -21.587934126861004 ], [ -50.271784808184002, -21.587917635261402 ], [ -50.271808029229803, -21.587900983909993 ], [ -50.271831134565602, -21.587884152174205 ], [ -50.271854079180898, -21.587867119302995 ], [ -50.271876818064797, -21.587849864545603 ], [ -50.271899306206699, -21.587832367151101 ], [ -50.271921498595802, -21.587814606368799 ], [ -50.271943350221498, -21.587796561447895 ], [ -50.271964816073201, -21.587778211637602 ], [ -50.271985851140101, -21.587759536187299 ], [ -50.272006410411699, -21.587740514346304 ], [ -50.272026448877199, -21.587721125363803 ], [ -50.272036258741899, -21.587711286710007 ], [ -50.2720459215261, -21.587701348489201 ], [ -50.272055431603505, -21.587691308107793 ], [ -50.272064783347901, -21.587681162971908 ], [ -50.272073971132698, -21.587670910487589 ], [ -50.2720829893318, -21.587660548061084 ], [ -50.2720918323189, -21.587650073098708 ], [ -50.272100494467502, -21.587639483006384 ], [ -50.272108966423502, -21.587628771819293 ], [ -50.272117101385, -21.587617809284698 ], [ -50.272120942838598, -21.587612144427993 ], [ -50.272124578211098, -21.587606307501488 ], [ -50.272127965955001, -21.5876002612472 ], [ -50.272131064523109, -21.587593968407393 ], [ -50.272133832340899, -21.587587391847794 ], [ -50.272136218435698, -21.587580537018901 ], [ -50.272138148723698, -21.587573514094107 ], [ -50.272139545632399, -21.587566449054908 ], [ -50.2721403315891, -21.5875594678831 ], [ -50.272140471219103, -21.5875560481166 ], [ -50.272140429021398, -21.587552696560095 ], [ -50.2721401952994, -21.587549428961086 ], [ -50.272139760356602, -21.587546261067498 ], [ -50.272139114496497, -21.587543208626798 ], [ -50.272138248022408, -21.587540287386805 ] ] ] } },
{ "type": "Feature", "properties": { "CHAVE": "3032463", "FAZENDA": "303246", "NOME_FAZ": "SITIO SAO MARTINHO", "ZONA": 999.0, "TALHAO": 3.0, "AREA_TOTAL": 16.179344319804759, "TIPO_GEO": "TALHAO", "DATA_INICI": null, "DATA_FINAL": null, "HORA_INICI": null, "HORA_FINAL": null, "CLASSE": null, "PILOTO": null, "AERONAVE": null, "AREA_HA": null }, "geometry": { "type": "Polygon", "coordinates": [ [ [ -50.269764680011001, -21.591701144231994 ], [ -50.2697886436831, -21.591717144638995 ], [ -50.269812631807802, -21.591733117543498 ], [ -50.2698366452396, -21.591749063051097 ], [ -50.269860684564101, -21.591764981262301 ], [ -50.269884749423703, -21.591780872257281 ], [ -50.269908839253802, -21.591796736112101 ], [ -50.269932953489707, -21.5918125729027 ], [ -50.269957091566702, -21.591828382705099 ], [ -50.269981252920303, -21.591844165595283 ], [ -50.270005436985699, -21.591859921649203 ], [ -50.270029643198306, -21.591875650942896 ], [ -50.2700538709936, -21.591891353552292 ], [ -50.270078119806797, -21.591907029553386 ], [ -50.270102389073202, -21.591922679022204 ], [ -50.270126678228401, -21.591938302034805 ], [ -50.270150986707499, -21.591953898666993 ], [ -50.270175313946005, -21.591969468994897 ], [ -50.270199625725901, -21.591984991786802 ], [ -50.270224011778197, -21.592000533856297 ], [ -50.270248400603407, -21.592016072696897 ], [ -50.2702727264912, -21.592031590680605 ], [ -50.2702970523301, -21.592047152144296 ], [ -50.270321342827508, -21.592062758834089 ], [ -50.2703455857351, -21.592078427187097 ], [ -50.270369768809907, -21.5920941736439 ], [ -50.27039387992621, -21.592110014488497 ], [ -50.270417913401197, -21.592125957388404 ], [ -50.270441873217202, -21.592141997085889 ], [ -50.27046576415141, -21.592158127259999 ], [ -50.270489590980802, -21.592174341589804 ], [ -50.270513358482603, -21.592190633754704 ], [ -50.270537071434099, -21.592206997433593 ], [ -50.270560734612197, -21.592223426305701 ], [ -50.270584352794202, -21.592239914050193 ], [ -50.270607930757201, -21.592256454346195 ], [ -50.2706314732783, -21.592273040872897 ], [ -50.270654985134598, -21.592289667309291 ], [ -50.270678471103402, -21.592306327334498 ], [ -50.270701972130901, -21.592323040375096 ], [ -50.270725409841702, -21.592339740947498 ], [ -50.270748836018598, -21.592356456130403 ], [ -50.270772255430998, -21.592373179611094 ], [ -50.270795672848699, -21.592389905076594 ], [ -50.270819093040998, -21.592406626214199 ], [ -50.270842520746406, -21.592423336688604 ], [ -50.270866000177598, -21.592440058219701 ], [ -50.270889469540698, -21.59245673443009 ], [ -50.270912966060997, -21.592473374843603 ], [ -50.270936498622703, -21.5924899682995 ], [ -50.270960076118399, -21.5925065036433 ], [ -50.270983707441097, -21.59252296972069 ], [ -50.271007400615098, -21.592539356489596 ], [ -50.2710311523253, -21.592555668433306 ], [ -50.271054951303398, -21.592571920222397 ], [ -50.271078786116803, -21.592588126738196 ], [ -50.271102617430508, -21.592604283959087 ], [ -50.271126515606198, -21.592620462180896 ], [ -50.271150415348103, -21.592636639787596 ], [ -50.271174255075401, -21.592652797699596 ], [ -50.271198097568899, -21.592669001064998 ], [ -50.271221907307897, -21.5926852484492 ], [ -50.271245672853503, -21.592701554729612 ], [ -50.271269382773198, -21.592717934787402 ], [ -50.2712930256357, -21.592734403502291 ], [ -50.271316594810607, -21.592750969447287 ], [ -50.2713400992685, -21.592767620702595 ], [ -50.271363551142798, -21.592784341193305 ], [ -50.271386962567199, -21.592801114844296 ], [ -50.271410381627, -21.592817951452506 ], [ -50.2714337212389, -21.592834763551398 ], [ -50.271457056848298, -21.592851580591997 ], [ -50.271480446440499, -21.592868419555096 ], [ -50.2715038376151, -21.592885217880497 ], [ -50.271527261144897, -21.592901972919101 ], [ -50.271550729159699, -21.592918668593089 ], [ -50.271574253793005, -21.592935288827395 ], [ -50.271597847178398, -21.592951817547089 ], [ -50.271621521449603, -21.592968238677088 ], [ -50.271645288739904, -21.592984536142392 ], [ -50.271669161182899, -21.593000693867992 ], [ -50.2716931509121, -21.593016695778701 ], [ -50.271717270061103, -21.593032525799497 ], [ -50.2717415307634, -21.593048167855404 ], [ -50.271765945152403, -21.593063605871198 ], [ -50.271790525361801, -21.593078823771901 ], [ -50.271815283524802, -21.593093805482393 ], [ -50.271840231736007, -21.593108534978299 ], [ -50.271865365148003, -21.593123018202693 ], [ -50.271890635596002, -21.593137317266201 ], [ -50.271915988090903, -21.5931515031285 ], [ -50.271941367643102, -21.59316564674959 ], [ -50.271966719263602, -21.593179819089197 ], [ -50.271991987962998, -21.593194091107307 ], [ -50.272017118751997, -21.593208533763896 ], [ -50.27204205664161, -21.5932232180188 ], [ -50.272066746642601, -21.593238214832095 ], [ -50.272091133765706, -21.593253595163802 ], [ -50.2721119707276, -21.593267326314802 ], [ -50.272125508221599, -21.593272237854205 ], [ -50.272140596564803, -21.593277623336192 ], [ -50.272155736509397, -21.593282909245097 ], [ -50.272170940955498, -21.593288070688093 ], [ -50.2721862228031, -21.593293082772202 ], [ -50.2722015949523, -21.593297920604602 ], [ -50.272217067741401, -21.5933025529765 ], [ -50.272232638729598, -21.593306917174299 ], [ -50.272248301499303, -21.593310940679896 ], [ -50.272264049631602, -21.593314550971897 ], [ -50.2722798767076, -21.593317675529093 ], [ -50.272295776308297, -21.593320241830302 ], [ -50.272311742014701, -21.5933221773541 ], [ -50.272327767281801, -21.593323428992797 ], [ -50.2723438448715, -21.593324050315104 ], [ -50.272359967309107, -21.593324131338996 ], [ -50.272376127119998, -21.593323762113901 ], [ -50.272392316829396, -21.593323032689398 ], [ -50.272408528962401, -21.593322033114802 ], [ -50.272424756044501, -21.593320853439689 ], [ -50.272440990600899, -21.593319583713498 ], [ -50.272449427482499, -21.593318168201588 ], [ -50.272466241607702, -21.593314540648588 ], [ -50.272484040334007, -21.593310101739593 ], [ -50.272503334527499, -21.593305461498794 ], [ -50.272523187555102, -21.593301536291708 ], [ -50.272542289480903, -21.593298284982207 ], [ -50.272560200002196, -21.593295192981991 ], [ -50.272577019918103, -21.593291742448397 ], [ -50.272593762512898, -21.593287434623388 ], [ -50.272611573494707, -21.593282377965298 ], [ -50.272630635226598, -21.593277175370407 ], [ -50.272650288708697, -21.593272569682 ], [ -50.272669733845603, -21.593268636094798 ], [ -50.2726887600952, -21.593265140648793 ], [ -50.272707303694901, -21.593261835257493 ], [ -50.272725303844297, -21.593258491165692 ], [ -50.2727427530914, -21.593254888570897 ], [ -50.272759910123597, -21.593250804151296 ], [ -50.272777114707402, -21.593246200302708 ], [ -50.272794470024998, -21.593241155248986 ], [ -50.272812000811001, -21.5932357710914 ], [ -50.272829732873298, -21.593230154808197 ], [ -50.2728476940325, -21.593224417898 ], [ -50.272865914537597, -21.5932186761951 ], [ -50.2728844270178, -21.593213049904495 ], [ -50.272903265962903, -21.593207663851299 ], [ -50.2729224666883, -21.593202647875508 ], [ -50.272942034027501, -21.593198144072801 ], [ -50.272961749712202, -21.5931943088815 ], [ -50.2729812768914, -21.593191079827392 ], [ -50.273000472154301, -21.593188256617402 ], [ -50.2730192884082, -21.593185633472501 ], [ -50.273037690080997, -21.593183016253395 ], [ -50.273055786130698, -21.593180210275907 ], [ -50.273073810561201, -21.593177130346493 ], [ -50.273091879799097, -21.593173798916698 ], [ -50.2731100057877, -21.5931702575046 ], [ -50.273128197925899, -21.59316654881939 ], [ -50.273146465654001, -21.5931627163252 ], [ -50.273164803559801, -21.593158807431504 ], [ -50.273183266334698, -21.5931548574566 ], [ -50.273201818997798, -21.593150921670595 ], [ -50.273220486690306, -21.5931470432491 ], [ -50.273239279738902, -21.593143269306402 ], [ -50.273258193290602, -21.593139650627695 ], [ -50.273277149627802, -21.593136236441694 ], [ -50.273296052200202, -21.593133009165896 ], [ -50.273314870289298, -21.593129919471284 ], [ -50.273333611885697, -21.59312691237119 ], [ -50.273352210716901, -21.593123945651392 ], [ -50.273370712519501, -21.593120960156 ], [ -50.2733891117743, -21.593117905884501 ], [ -50.273407468155298, -21.593114743656095 ], [ -50.273425830385797, -21.593111475111591 ], [ -50.273444205272298, -21.5931081131586 ], [ -50.2734625949847, -21.593104671576096 ], [ -50.27348100170461, -21.593101164213795 ], [ -50.273499427629304, -21.593097604990891 ], [ -50.273517874975298, -21.593094007895488 ], [ -50.2735363411565, -21.593090387931099 ], [ -50.2735548530339, -21.593086754399188 ], [ -50.273573364492002, -21.593083130803898 ], [ -50.273591828284196, -21.593079527342503 ], [ -50.2736102736893, -21.593075916550205 ], [ -50.273628649762998, -21.593072284637 ], [ -50.273646965111098, -21.593068606358404 ], [ -50.273665216969, -21.593064858889189 ], [ -50.273683402672098, -21.593061019576087 ], [ -50.273701519670098, -21.593057065931305 ], [ -50.273719565544901, -21.593052975623703 ], [ -50.273737537539503, -21.593048726584001 ], [ -50.273755404058498, -21.593044303603481 ], [ -50.273773070041003, -21.593039681909396 ], [ -50.273790434611691, -21.593034800741304 ], [ -50.273807438541809, -21.593029589182901 ], [ -50.273824028020499, -21.593023978657598 ], [ -50.273840152420398, -21.593017903546993 ], [ -50.273855799881197, -21.593011286118699 ], [ -50.273871227233798, -21.593003953807191 ], [ -50.273886871403398, -21.592995867193196 ], [ -50.273902966854607, -21.592987202231008 ], [ -50.273919656850303, -21.592978215092604 ], [ -50.273937037043403, -21.592969223727209 ], [ -50.273954984775699, -21.592960609244798 ], [ -50.2739732571169, -21.592952543233203 ], [ -50.273991783296204, -21.592945044903704 ], [ -50.274010539213499, -21.592938111283104 ], [ -50.2740275977728, -21.592932379056894 ], [ -50.274027144244606, -21.592925704067493 ], [ -50.274026617011501, -21.592917128795111 ], [ -50.274026168497201, -21.592908378093899 ], [ -50.2740258366265, -21.592899500101105 ], [ -50.274025656751398, -21.592890492053286 ], [ -50.274025666943899, -21.59288140645149 ], [ -50.274025909582001, -21.592872224657299 ], [ -50.274026427517398, -21.5928629515784 ], [ -50.274027264197898, -21.592853587032707 ], [ -50.274028466243202, -21.592844139952398 ], [ -50.2740300686064, -21.592834713963693 ], [ -50.274032103411805, -21.592825295888606 ], [ -50.274034540284198, -21.592816005581707 ], [ -50.274037318545503, -21.592806914689788 ], [ -50.2740404050801, -21.592798004797004 ], [ -50.2740437637677, -21.592789268823196 ], [ -50.274047358386802, -21.59278069986949 ], [ -50.274051152733399, -21.592772290920994 ], [ -50.274055119770701, -21.592764015913389 ], [ -50.2740592132836, -21.592755897185206 ], [ -50.274063411328797, -21.592747913876696 ], [ -50.274068616721799, -21.592738347279912 ], [ -50.274074983179901, -21.592727073683495 ], [ -50.274080778842702, -21.592717021488699 ], [ -50.274086231558201, -21.592707617980295 ], [ -50.274088370231397, -21.592703925361899 ], [ -50.274090490851002, -21.592700253671087 ], [ -50.2740925903353, -21.592696602374406 ], [ -50.274094665602497, -21.592692970938199 ], [ -50.2740967135909, -21.592689358792605 ], [ -50.274098738591803, -21.59268575334659 ], [ -50.274100745980597, -21.592682144493704 ], [ -50.274102736307697, -21.59267853181959 ], [ -50.274104710123503, -21.592674914909797 ], [ -50.274106667978501, -21.592671293349898 ], [ -50.2741086104229, -21.592667666725696 ], [ -50.2741105380072, -21.592664034622608 ], [ -50.274112451236697, -21.592660396707899 ], [ -50.274114350129601, -21.592656753532793 ], [ -50.274116234896901, -21.592653105301494 ], [ -50.274118105853503, -21.592649452030404 ], [ -50.274119963314604, -21.592645793735599 ], [ -50.274121807595101, -21.592642130433497 ], [ -50.27412363901, -21.592638462140091 ], [ -50.274125457874398, -21.592634788871798 ], [ -50.274127264503306, -21.59263111064481 ], [ -50.274129059211504, -21.592627427475094 ], [ -50.274130842312701, -21.592623739380791 ], [ -50.274132614122301, -21.592620046385704 ], [ -50.2741343749558, -21.592616348513491 ], [ -50.2741361251285, -21.592612645788304 ], [ -50.274137864955897, -21.592608938233901 ], [ -50.2741395947535, -21.592605225874394 ], [ -50.274141314836804, -21.592601508733402 ], [ -50.274143025521099, -21.592597786835096 ], [ -50.2741447271219, -21.5925940602033 ], [ -50.274146419954597, -21.592590328861903 ], [ -50.274148104334799, -21.592586592834902 ], [ -50.27414978057601, -21.592582852145707 ], [ -50.274151448994502, -21.59257910682371 ], [ -50.2741531099093, -21.592575356901708 ], [ -50.2741547636397, -21.59257160241209 ], [ -50.274156410504702, -21.592567843387894 ], [ -50.274158050823402, -21.5925640798614 ], [ -50.274159684914999, -21.592560311865498 ], [ -50.274161313098702, -21.592556539432692 ], [ -50.274162935693603, -21.592552762595798 ], [ -50.2741645530187, -21.592548981387296 ], [ -50.274166165393297, -21.592545195839996 ], [ -50.274167773136398, -21.592541405986381 ], [ -50.274169376567301, -21.592537611859292 ], [ -50.274170976004903, -21.592533813491293 ], [ -50.274172571768602, -21.592530010914999 ], [ -50.274174164361803, -21.5925262040262 ], [ -50.274175754428903, -21.592522392643293 ], [ -50.274177342122101, -21.592518576973703 ], [ -50.274178927575797, -21.592514757238398 ], [ -50.274180510924303, -21.592510933658698 ], [ -50.274182092301999, -21.592507106455592 ], [ -50.274183671843097, -21.59250327585039 ], [ -50.274185249681999, -21.592499442064099 ], [ -50.274186825953102, -21.592495605317897 ], [ -50.2741884007905, -21.592491765832996 ], [ -50.274189974328699, -21.5924879238305 ], [ -50.2741915467019, -21.592484079531594 ], [ -50.274193118044508, -21.5924802331573 ], [ -50.274194688490901, -21.592476384929004 ], [ -50.274196258175202, -21.592472535067607 ], [ -50.274197827181801, -21.592468683734307 ], [ -50.274199395347701, -21.592464830752295 ], [ -50.274200962704299, -21.592460976116904 ], [ -50.274202529321698, -21.59245711986539 ], [ -50.274204095269901, -21.592453262034994 ], [ -50.274205660618897, -21.592449402663302 ], [ -50.2742072254389, -21.592445541787392 ], [ -50.274208789799701, -21.592441679444903 ], [ -50.274210353771402, -21.592437815673005 ], [ -50.274211917423997, -21.592433950509104 ], [ -50.274213480827598, -21.5924300839905 ], [ -50.274215044052198, -21.5924262161546 ], [ -50.274216607167801, -21.592422347038703 ], [ -50.274218170244403, -21.592418476680301 ], [ -50.274219733351998, -21.592414605116499 ], [ -50.274221296560697, -21.592410732384888 ], [ -50.2742228599406, -21.592406858522697 ], [ -50.274224423561499, -21.592402983567396 ], [ -50.274225987493601, -21.592399107556098 ], [ -50.274227551806803, -21.592395230526396 ], [ -50.274229116571199, -21.592391352515495 ], [ -50.2742306818568, -21.592387473560898 ], [ -50.274232247734297, -21.592383593699807 ], [ -50.274233814274403, -21.592379712969795 ], [ -50.274235381548003, -21.592375831408088 ], [ -50.274236949625902, -21.592371949052197 ], [ -50.274238518578798, -21.592368065939493 ], [ -50.274240088477598, -21.592364182107389 ], [ -50.274241659393098, -21.592360297593284 ], [ -50.274243231396099, -21.592356412434597 ], [ -50.274244804557497, -21.592352526668588 ], [ -50.2742463789479, -21.592348640332908 ], [ -50.274247954638199, -21.592344753464804 ], [ -50.274249531699297, -21.592340866101591 ], [ -50.274251110201902, -21.592336978280905 ], [ -50.274252690216798, -21.59233309004 ], [ -50.274254271814797, -21.592329201416192 ], [ -50.274255855066798, -21.592325312447102 ], [ -50.274257440043598, -21.592321423169999 ], [ -50.274259026815898, -21.5923175336222 ], [ -50.274260615453699, -21.592313643840995 ], [ -50.274262206026101, -21.592309753863201 ], [ -50.274263798604899, -21.592305863726295 ], [ -50.274265393261899, -21.592301973468004 ], [ -50.274266990069002, -21.592298083125687 ], [ -50.274268589098199, -21.592294192736997 ], [ -50.274271005532498, -21.592288322035696 ], [ -50.274274216823102, -21.592280543763096 ], [ -50.274277438416803, -21.5922727656822 ], [ -50.274280670864698, -21.592264988152408 ], [ -50.274283914727498, -21.592257211510997 ], [ -50.2742871705642, -21.592249436097593 ], [ -50.274290438941101, -21.592241662235104 ], [ -50.274293720427401, -21.592233890238688 ], [ -50.274297015589099, -21.5922261204317 ], [ -50.274300324995799, -21.592218353128594 ], [ -50.274303649218702, -21.592210588639098 ], [ -50.274306988828997, -21.592202827274292 ], [ -50.274310344397698, -21.592195069344502 ], [ -50.274313716497701, -21.592187315155698 ], [ -50.2743171057014, -21.592179565015698 ], [ -50.274320512588197, -21.592171819215491 ], [ -50.274323937896, -21.592164077688697 ], [ -50.274327381769197, -21.592156341745305 ], [ -50.2743308451562, -21.592148610872297 ], [ -50.274334328547901, -21.592140885581205 ], [ -50.274337832526498, -21.592133166178993 ], [ -50.274341357675198, -21.592125452970304 ], [ -50.274344904574498, -21.592117746265593 ], [ -50.274348473808402, -21.592110046367498 ], [ -50.274352065958702, -21.592102353583591 ], [ -50.274355682654097, -21.592094665996392 ], [ -50.274359309722598, -21.592087015136396 ], [ -50.274362971210707, -21.592079350376792 ], [ -50.274366654261598, -21.592071697414898 ], [ -50.274370358262601, -21.592064056119693 ], [ -50.274374082615303, -21.592056426329709 ], [ -50.274377826720801, -21.592048807884598 ], [ -50.274381589979797, -21.5920412006252 ], [ -50.274385371793102, -21.592033604391492 ], [ -50.274389171561303, -21.592026019024591 ], [ -50.274392988255997, -21.592018445216205 ], [ -50.274396822628603, -21.5920108801004 ], [ -50.274400672878002, -21.592003325873691 ], [ -50.274404538877498, -21.591995781446585 ], [ -50.274408420066202, -21.591988246586901 ], [ -50.274412315887197, -21.591980721054099 ], [ -50.274416225784698, -21.591973204605701 ], [ -50.274420149198399, -21.591965697007996 ], [ -50.2744240855667, -21.591958198029392 ], [ -50.2744280343342, -21.591950707426502 ], [ -50.274431994938702, -21.591943224968801 ], [ -50.274435966816299, -21.591935750429109 ], [ -50.274439949406897, -21.591928283572795 ], [ -50.274443942149205, -21.591920824167396 ], [ -50.274447944476897, -21.591913371989694 ], [ -50.274451955822798, -21.59190592681809 ], [ -50.274455974107504, -21.591898491229195 ], [ -50.274460003725203, -21.591891055799497 ], [ -50.274464038463201, -21.591883630638808 ], [ -50.274467086946601, -21.5918780344185 ], [ -50.274469109743499, -21.591874325472602 ], [ -50.274471134058899, -21.591870617969104 ], [ -50.274473159831309, -21.591866911868998 ], [ -50.274477157529702, -21.591859605903991 ], [ -50.274483242357903, -21.591848518082596 ], [ -50.274487375865, -21.591841005186499 ], [ -50.274489411078406, -21.591837308909405 ], [ -50.274491447195103, -21.591833613684699 ], [ -50.274493484153702, -21.591829919473295 ], [ -50.274495521892703, -21.591826226236304 ], [ -50.274497560350397, -21.591822533934703 ], [ -50.2744995994654, -21.591818842529396 ], [ -50.274501639176201, -21.591815151981599 ], [ -50.274503679421301, -21.591811462252096 ], [ -50.274505720139103, -21.591807773301998 ], [ -50.274507761268197, -21.591804085092189 ], [ -50.274509802747097, -21.591800397583899 ], [ -50.274511844514201, -21.591796710737906 ], [ -50.274513886507997, -21.591793024515294 ], [ -50.274515928667, -21.591789338877003 ], [ -50.2745179709298, -21.591785653784097 ], [ -50.274520013234699, -21.591781969197594 ], [ -50.274522055520301, -21.591778285078501 ], [ -50.274524097730698, -21.591774601382689 ], [ -50.274526140151309, -21.591770917789187 ], [ -50.274528182990998, -21.591767234134888 ], [ -50.274530226279602, -21.591763550433903 ], [ -50.274532270047096, -21.5917598667004 ], [ -50.274534314323198, -21.591756182948405 ], [ -50.274536359137798, -21.591752499192193 ], [ -50.274538404520598, -21.591748815445801 ], [ -50.274540450501704, -21.591745131723489 ], [ -50.274542497110602, -21.591741448039294 ], [ -50.274544544377399, -21.591737764407505 ], [ -50.274546592331802, -21.591734080842112 ], [ -50.274548641003598, -21.591730397357292 ], [ -50.2745506904227, -21.591726713967201 ], [ -50.274552740619001, -21.591723030686097 ], [ -50.274554791622201, -21.591719347527995 ], [ -50.2745568434622, -21.591715664507099 ], [ -50.274558896168799, -21.591711981637495 ], [ -50.274560949771796, -21.591708298933398 ], [ -50.2745630043012, -21.591704616408894 ], [ -50.274565059786603, -21.591700934078201 ], [ -50.274567116257998, -21.591697251955299 ], [ -50.2745691737451, -21.591693570054595 ], [ -50.2745712322779, -21.591689888389986 ], [ -50.274573291886099, -21.591686206975801 ], [ -50.274575352599598, -21.591682525826101 ], [ -50.274577414448203, -21.591678844954981 ], [ -50.274579477461906, -21.591675164376802 ], [ -50.274581541670599, -21.591671484105586 ], [ -50.274583607104397, -21.59166780415579 ], [ -50.274585673793098, -21.591664124541399 ], [ -50.274587741766901, -21.591660445276897 ], [ -50.274589811055499, -21.591656766376197 ], [ -50.274591881689098, -21.591653087853803 ], [ -50.274593953697497, -21.591649409723892 ], [ -50.274596027110697, -21.591645732000501 ], [ -50.274598101958702, -21.591642054698095 ], [ -50.274600178271498, -21.591638377830702 ], [ -50.274602256079099, -21.591634701412694 ], [ -50.274604335411297, -21.591631025458195 ], [ -50.274606416298099, -21.591627349981501 ], [ -50.274608498769602, -21.591623674996793 ], [ -50.274610582855701, -21.591620000518301 ], [ -50.2746126685864, -21.591616326560302 ], [ -50.2746147559915, -21.591612653136988 ], [ -50.2746168451012, -21.5916089802625 ], [ -50.274618935945398, -21.591605307951184 ], [ -50.274621028553902, -21.591601636217202 ], [ -50.274623122956903, -21.59159796507479 ], [ -50.274625219197503, -21.591594294574687 ], [ -50.274627317372897, -21.591590625009598 ], [ -50.2746294174365, -21.5915869564435 ], [ -50.274631519314603, -21.5915832888805 ], [ -50.274633622933798, -21.5915796223249 ], [ -50.274635728220403, -21.591575956780986 ], [ -50.274637835100698, -21.591572292252803 ], [ -50.274639943501299, -21.591568628744692 ], [ -50.2746420533486, -21.591564966260801 ], [ -50.274644164568805, -21.591561304805385 ], [ -50.274648332492703, -21.591554082925299 ], [ -50.274652621708199, -21.591546669352397 ], [ -50.274654738689698, -21.591543013102402 ], [ -50.274656856602697, -21.59153935790609 ], [ -50.274658975373498, -21.591535703767704 ], [ -50.274661094928597, -21.591532050691402 ], [ -50.274663215194401, -21.59152839868149 ], [ -50.2746653360973, -21.591524747742191 ], [ -50.274667457563602, -21.591521097877596 ], [ -50.274669579519902, -21.591517449092098 ], [ -50.274671701892501, -21.591513801389695 ], [ -50.274673824608101, -21.591510154772777 ], [ -50.274675947624203, -21.591506509081597 ], [ -50.2746780708937, -21.591502864187895 ], [ -50.274680194351902, -21.591499220058886 ], [ -50.274682317934499, -21.591495576661895 ], [ -50.274684441576809, -21.591491933964203 ], [ -50.274686565214203, -21.591488291932901 ], [ -50.274688688782298, -21.591484650535506 ], [ -50.274690812216406, -21.591481009739006 ], [ -50.274692935452101, -21.591477369510901 ], [ -50.274695058424697, -21.591473729818301 ], [ -50.274697181069698, -21.591470090628498 ], [ -50.2746993033225, -21.591466451908698 ], [ -50.2747014251187, -21.591462813626293 ], [ -50.27470354639361, -21.591459175748497 ], [ -50.274705667082699, -21.591455538242403 ], [ -50.2747077871215, -21.591451901075501 ], [ -50.274709906445402, -21.591448264214897 ], [ -50.274712024989803, -21.59144462762789 ], [ -50.2747141426902, -21.5914409912818 ], [ -50.274716259481998, -21.591437355143803 ], [ -50.274718375300701, -21.59143371918109 ], [ -50.274720490081798, -21.591430083361097 ], [ -50.274722603760601, -21.591426447650999 ], [ -50.274724716272701, -21.591422812018099 ], [ -50.274726827553401, -21.5914191764296 ], [ -50.274728937538299, -21.591415540852701 ], [ -50.274731046162799, -21.591411905254692 ], [ -50.274733153362199, -21.591408269602894 ], [ -50.274735259072202, -21.591404633864592 ], [ -50.274737363227999, -21.591400998006883 ], [ -50.2747394657653, -21.591397361997185 ], [ -50.274741566619298, -21.591393725802785 ], [ -50.274743665725602, -21.591390089390703 ], [ -50.274745763019602, -21.591386452728504 ], [ -50.274747858436797, -21.591382815783199 ], [ -50.274749951912597, -21.591379178522104 ], [ -50.274752043382399, -21.591375540912495 ], [ -50.274754132781801, -21.591371902921708 ], [ -50.2747562200461, -21.591368264516895 ], [ -50.274758305110801, -21.591364625665399 ], [ -50.2747603879113, -21.591360986334401 ], [ -50.274762468383102, -21.59135734649119 ], [ -50.274764546462102, -21.591353706102094 ], [ -50.274766622321501, -21.591350064644402 ], [ -50.274768696177702, -21.591346421712807 ], [ -50.274770768082, -21.591342777332294 ], [ -50.274772838085703, -21.591339131527615 ], [ -50.274774906240197, -21.591335484323704 ], [ -50.274776972596896, -21.591331835745379 ], [ -50.274779037207303, -21.591328185817499 ], [ -50.274781100122603, -21.591324534564997 ], [ -50.274783161394197, -21.591320882012599 ], [ -50.2747852210736, -21.591317228185307 ], [ -50.274787279211999, -21.5913135731079 ], [ -50.274789335860902, -21.591309916805304 ], [ -50.274791391071602, -21.591306259302307 ], [ -50.2747934448956, -21.591302600623798 ], [ -50.274795497384098, -21.591298940794605 ], [ -50.274797548588609, -21.591295279839692 ], [ -50.274799598560506, -21.591291617783792 ], [ -50.274801647351097, -21.591287954651786 ], [ -50.274803695011698, -21.591284290468597 ], [ -50.274805741593902, -21.591280625259103 ], [ -50.274807787148802, -21.591276959048098 ], [ -50.274809831728, -21.591273291860492 ], [ -50.274811875382802, -21.591269623721107 ], [ -50.274813918164597, -21.591265954654801 ], [ -50.274815960124698, -21.591262284686405 ], [ -50.2748180013145, -21.591258613840793 ], [ -50.274820041785503, -21.591254942142996 ], [ -50.274822081588901, -21.591251269617594 ], [ -50.274824120776103, -21.591247596289705 ], [ -50.2748261593986, -21.591243922183988 ], [ -50.274828197507702, -21.591240247325398 ], [ -50.274830235154802, -21.59123657173879 ], [ -50.274832272391201, -21.591232895448993 ], [ -50.2748343092683, -21.591229218481004 ], [ -50.2748363458375, -21.591225540859501 ], [ -50.2748383821503, -21.591221862609398 ], [ -50.274840418257803, -21.591218183755498 ], [ -50.274842454211601, -21.591214504322899 ], [ -50.274844490063003, -21.591210824336201 ], [ -50.274846525863403, -21.591207143820398 ], [ -50.2748485616642, -21.591203462800298 ], [ -50.274850597516597, -21.591199781300801 ], [ -50.2748526334722, -21.5911960993467 ], [ -50.2748546695736, -21.5911924169828 ], [ -50.274856705862, -21.591188734258608 ], [ -50.274858742387899, -21.591185051201894 ], [ -50.274860779201802, -21.591181367840697 ], [ -50.2748628163543, -21.591177684202894 ], [ -50.274864853895998, -21.591174000316499 ], [ -50.274866891877402, -21.591170316209404 ], [ -50.274868930349001, -21.591166631909594 ], [ -50.274870969361501, -21.591162947444992 ], [ -50.2748730089654, -21.591159262843597 ], [ -50.274875049211204, -21.591155578133307 ], [ -50.274877090149403, -21.591151893342001 ], [ -50.274879131830801, -21.591148208497788 ], [ -50.274881174305698, -21.591144523628394 ], [ -50.274883217624698, -21.591140838761998 ], [ -50.274885261838499, -21.591137153926407 ], [ -50.274887306997499, -21.591133469149604 ], [ -50.274889353152403, -21.591129784459405 ], [ -50.274891400353603, -21.591126099884008 ], [ -50.274893448651802, -21.591122415451188 ], [ -50.274895498097401, -21.591118731188896 ], [ -50.274897548695101, -21.591115047217595 ], [ -50.274899600086002, -21.591111364278191 ], [ -50.274901652124697, -21.591107682486005 ], [ -50.274903704738797, -21.591104001791994 ], [ -50.274905757856004, -21.591100322147003 ], [ -50.274907811403992, -21.591096643501988 ], [ -50.274909865310299, -21.591092965807899 ], [ -50.274911919502699, -21.591089289015695 ], [ -50.274913973908703, -21.591085613076302 ], [ -50.274916028455905, -21.5910819379407 ], [ -50.274918083072102, -21.591078263559798 ], [ -50.274920137684902, -21.59107458988451 ], [ -50.274922192221901, -21.591070916865792 ], [ -50.274924246610702, -21.591067244454592 ], [ -50.2749263007791, -21.591063572601804 ], [ -50.274928354654499, -21.59105990125839 ], [ -50.274930408164707, -21.59105623037539 ], [ -50.274932461237299, -21.591052559903602 ], [ -50.274934513799899, -21.591048889793996 ], [ -50.274936565780202, -21.591045219997589 ], [ -50.274938617105803, -21.591041550465192 ], [ -50.274940667704399, -21.591037881147802 ], [ -50.274942717515401, -21.591034211974996 ], [ -50.274944766486598, -21.591030542861297 ], [ -50.274946814550503, -21.591026873750096 ], [ -50.274948861639203, -21.591023204585202 ], [ -50.274950907685003, -21.591019535310199 ], [ -50.274952952620097, -21.591015865868801 ], [ -50.2749549963767, -21.591012196204701 ], [ -50.274957038887102, -21.591008526261501 ], [ -50.274959080083498, -21.591004855982895 ], [ -50.274961119898002, -21.591001185312585 ], [ -50.274963158254899, -21.590997514202094 ], [ -50.274965194543903, -21.590993843111701 ], [ -50.274967228634097, -21.590990172019996 ], [ -50.274969260832698, -21.590986500479595 ], [ -50.274971291446597, -21.590982828043295 ], [ -50.274973320782898, -21.590979154263891 ], [ -50.274975349148498, -21.590975478693998 ], [ -50.274977376850501, -21.590971800886507 ], [ -50.274979404195797, -21.590968120393995 ], [ -50.274981431491597, -21.590964436769205 ], [ -50.274983459044698, -21.590960749564999 ], [ -50.274985487199899, -21.590957058374091 ], [ -50.274987516712599, -21.590953363418002 ], [ -50.274989548062102, -21.590949665015806 ], [ -50.2749915816091, -21.590945963403108 ], [ -50.274993617713903, -21.590942258815886 ], [ -50.274995656737197, -21.590938551489696 ], [ -50.274997699039403, -21.590934841660498 ], [ -50.275000848359603, -21.590929127626207 ], [ -50.275004937912399, -21.590921730239391 ], [ -50.275009054374003, -21.5909143137882 ], [ -50.275013197088597, -21.590906886602998 ], [ -50.275017367372499, -21.590899453423994 ], [ -50.275021568010402, -21.590892016353784 ], [ -50.275025800546402, -21.5908845797147 ], [ -50.275030067207602, -21.590877146833598 ], [ -50.275034371635897, -21.590869718602804 ], [ -50.27503871672539, -21.590862297224398 ], [ -50.275043105415797, -21.590854884817904 ], [ -50.275047540672396, -21.59084748345629 ], [ -50.275052967070799, -21.590838543998402 ], [ -50.275034406254697, -21.590819046444089 ], [ -50.275007482655809, -21.590790327689692 ], [ -50.274981046495803, -21.5907612482663 ], [ -50.274955341488798, -21.590731627841695 ], [ -50.274930570603502, -21.590701315685404 ], [ -50.274906507522203, -21.590670472945483 ], [ -50.274882704292402, -21.590639423312101 ], [ -50.2748589144691, -21.590608352848591 ], [ -50.2748349648069, -21.590577397570296 ], [ -50.274810682151298, -21.590546693429996 ], [ -50.274785893348003, -21.59051637638019 ], [ -50.274760425242903, -21.590486582373693 ], [ -50.274734106468699, -21.5904574459699 ], [ -50.2747069649037, -21.590428946416196 ], [ -50.274679406584703, -21.590400768184807 ], [ -50.27465187979211, -21.5903725628195 ], [ -50.274624832806197, -21.590343981864091 ], [ -50.274598693059602, -21.59031469300329 ], [ -50.274573395531199, -21.590284745180302 ], [ -50.2745483754384, -21.590254574255304 ], [ -50.274523057890299, -21.590224624048201 ], [ -50.274497259955801, -21.590195039235809 ], [ -50.2744712647727, -21.59016560879201 ], [ -50.274445382641296, -21.590136100960301 ], [ -50.274419917667998, -21.590106288621897 ], [ -50.274394997538401, -21.590076076747689 ], [ -50.274370552288403, -21.590045518292893 ], [ -50.274346501497398, -21.590014674041694 ], [ -50.274322764744902, -21.589983604778105 ], [ -50.27429926161021, -21.589952371286198 ], [ -50.274275911672902, -21.589921034350098 ], [ -50.274252638233797, -21.589889651734197 ], [ -50.274229398399498, -21.589858253774207 ], [ -50.274206167301401, -21.589826856180991 ], [ -50.274182920239603, -21.58979547452849 ], [ -50.274159632513999, -21.589764124390697 ], [ -50.274136279424802, -21.589732821341684 ], [ -50.274112836271897, -21.589701580955495 ], [ -50.274089278355397, -21.589670418806104 ], [ -50.274065580975403, -21.589639350467298 ], [ -50.274041719431899, -21.589608391513298 ], [ -50.274017669025099, -21.589577557517792 ], [ -50.273993405054902, -21.589546864054999 ], [ -50.273968902835399, -21.589516326700995 ], [ -50.273944140776599, -21.589485961560005 ], [ -50.2739191042741, -21.589455785927502 ], [ -50.273893779680897, -21.589425817262107 ], [ -50.2738681533502, -21.589396073022506 ], [ -50.2738422116349, -21.589366570667405 ], [ -50.273815940888198, -21.589337327655404 ], [ -50.273789327462907, -21.589308361445088 ], [ -50.2737623577123, -21.589279689495196 ], [ -50.273735017989203, -21.589251329264194 ], [ -50.273707294646798, -21.589223298210801 ], [ -50.273679173654003, -21.5891956142443 ], [ -50.273650618916299, -21.589168321179997 ], [ -50.273621560690302, -21.589141502340389 ], [ -50.2735919264017, -21.589115244372401 ], [ -50.273561643476, -21.589089633922793 ], [ -50.273530646003103, -21.589064752681693 ], [ -50.273498932696299, -21.589040634273701 ], [ -50.273466538573899, -21.589017285320796 ], [ -50.273433499057496, -21.588994712145009 ], [ -50.273399849569003, -21.588972921068294 ], [ -50.273365625529699, -21.588951918412594 ], [ -50.273330862361398, -21.588931710499999 ], [ -50.273295595485401, -21.588912303652503 ], [ -50.273259860323201, -21.588893704192198 ], [ -50.273223692274108, -21.58887591796621 ], [ -50.273187125593601, -21.588858926316593 ], [ -50.273150192863902, -21.58884267473729 ], [ -50.273112926534502, -21.588827105874994 ], [ -50.2730753590549, -21.588812162376602 ], [ -50.273037522874702, -21.588797786889 ], [ -50.272999450443301, -21.588783922058898 ], [ -50.272961174210501, -21.5887705105335 ], [ -50.272922726625801, -21.588757494959403 ], [ -50.272884140138899, -21.588744817983898 ], [ -50.2728454471996, -21.588732422253702 ], [ -50.272806680257702, -21.588720250415992 ], [ -50.272767871763001, -21.588708245117893 ], [ -50.272729066533898, -21.588696312396703 ], [ -50.272690385182699, -21.588684133947599 ], [ -50.27265197700271, -21.588671306568806 ], [ -50.272613943760199, -21.588657551792188 ], [ -50.272576234827, -21.588642991162107 ], [ -50.272538769127998, -21.588627826139799 ], [ -50.272499138020699, -21.588611286818491 ], [ -50.2724686172104, -21.588623835689503 ], [ -50.272437090002597, -21.588636809957499 ], [ -50.272405554013901, -21.588649805404597 ], [ -50.2723740068, -21.588662828992202 ], [ -50.272342428213797, -21.588675895023098 ], [ -50.27231084827411, -21.588688997011197 ], [ -50.272279252279304, -21.588702146975407 ], [ -50.272247658211199, -21.588715348379992 ], [ -50.272216108117199, -21.588728622720009 ], [ -50.272184637500303, -21.588742003773103 ], [ -50.272153276984497, -21.5887555271389 ], [ -50.272122057170101, -21.588769228197997 ], [ -50.272091008618411, -21.588783142113105 ], [ -50.272060161827497, -21.588797303834177 ], [ -50.272029547202997, -21.588811748105407 ], [ -50.271999195024499, -21.588826509473986 ], [ -50.271969135408, -21.588841622303601 ], [ -50.271939398263598, -21.588857120792007 ], [ -50.271910013250398, -21.588873038995192 ], [ -50.2718810097291, -21.588889410857998 ], [ -50.271852416712605, -21.588906270254093 ], [ -50.271824262819401, -21.588923651034694 ], [ -50.271796570356997, -21.58894159089169 ], [ -50.271769275108497, -21.588960172396707 ], [ -50.271742167804199, -21.588979387784892 ], [ -50.271715639023903, -21.588998651962598 ], [ -50.2716902804802, -21.589018742458201 ], [ -50.2716652558492, -21.589040330417397 ], [ -50.271640333530499, -21.589062417205394 ], [ -50.271616299628903, -21.589084698994593 ], [ -50.271593396685198, -21.589107327657501 ], [ -50.2715718567013, -21.589130450486998 ], [ -50.271551897459503, -21.589154214339487 ], [ -50.271533718430298, -21.589178773521116 ], [ -50.271517460428797, -21.589204356213287 ], [ -50.271503172002603, -21.589231128620494 ], [ -50.271490895283399, -21.589258970531105 ], [ -50.271480723744403, -21.589287642410703 ], [ -50.271472746621498, -21.589316894397097 ], [ -50.271467044738209, -21.589346474766295 ], [ -50.271463687495199, -21.58937615336399 ], [ -50.271462697583097, -21.589405822560298 ], [ -50.271463990987399, -21.589435517848901 ], [ -50.271467473536198, -21.589465238021695 ], [ -50.271473053450997, -21.5894949599375 ], [ -50.271474820496401, -21.589501877277296 ], [ -50.2714817062351, -21.589518354485001 ], [ -50.271491742318403, -21.589544213376183 ], [ -50.271501243154198, -21.589570267515796 ], [ -50.271510350002501, -21.589596487924197 ], [ -50.2715192041235, -21.589622845622191 ], [ -50.271528375874297, -21.589650610604995 ], [ -50.271565510338803, -21.589688997233985 ], [ -50.271602315171798, -21.589733042429199 ], [ -50.271638675923001, -21.589778088176512 ], [ -50.271673698358498, -21.589824642619202 ], [ -50.271706367026098, -21.589872828316295 ], [ -50.271736677616303, -21.5899219409322 ], [ -50.271765443438298, -21.589971294017403 ], [ -50.271793500006702, -21.590020667985584 ], [ -50.271821097205603, -21.590070193015993 ], [ -50.271848263444497, -21.590119895341797 ], [ -50.271875005915803, -21.590169763870193 ], [ -50.2719013318073, -21.590219787513405 ], [ -50.271927248302902, -21.590269955187608 ], [ -50.271952762130397, -21.590320254923189 ], [ -50.271977884010603, -21.590370675551288 ], [ -50.272002648460699, -21.590421224153893 ], [ -50.272027097873, -21.590471916079096 ], [ -50.272051275108097, -21.590522767671207 ], [ -50.272075223036097, -21.590573795357106 ], [ -50.272098989126903, -21.590625025551596 ], [ -50.272122662092698, -21.590676659931898 ], [ -50.272145758742198, -21.590729131581188 ], [ -50.272167163336, -21.590782806042405 ], [ -50.272185635172796, -21.590837923528188 ], [ -50.272199897114199, -21.590894786538602 ], [ -50.272208401218698, -21.590954264693099 ], [ -50.272206818556199, -21.591019879950885 ], [ -50.272176574688103, -21.591084960938097 ], [ -50.272116976888597, -21.591132542746795 ], [ -50.272048007115799, -21.591152873518993 ], [ -50.2719832498382, -21.591156962275289 ], [ -50.2719225250435, -21.591158451256991 ], [ -50.271862211407509, -21.591158457325399 ], [ -50.271802087220799, -21.591157210606305 ], [ -50.271742148184103, -21.591154934363399 ], [ -50.2716823891503, -21.591151850256797 ], [ -50.271622804552202, -21.591148178306799 ], [ -50.271563387871097, -21.591144136838892 ], [ -50.271504116714098, -21.591139938929295 ], [ -50.271444884270103, -21.591135700632993 ], [ -50.271385669251998, -21.59113143125229 ], [ -50.271326465791603, -21.591127134070693 ], [ -50.271267272942801, -21.591122812719995 ], [ -50.271208089759099, -21.591118470831603 ], [ -50.271148915294098, -21.5911141120365 ], [ -50.271089748601, -21.591109739964899 ], [ -50.271030588733097, -21.591105358246793 ], [ -50.270971434743501, -21.5911009705117 ], [ -50.2709122856851, -21.591096580388392 ], [ -50.270853140610797, -21.591092191505492 ], [ -50.270793998573197, -21.591087807490787 ], [ -50.270734858624898, -21.591083431971779 ], [ -50.2706757198182, -21.591079068575503 ], [ -50.270616581205601, -21.591074720928297 ], [ -50.270557441839202, -21.591070392656295 ], [ -50.270498300771003, -21.591066087384995 ], [ -50.270439152976401, -21.591061801376799 ], [ -50.270379981574997, -21.591057501002794 ], [ -50.270320753529496, -21.591053143948592 ], [ -50.270261523047203, -21.591048694186799 ], [ -50.270202276051897, -21.591044110671 ], [ -50.270143016638102, -21.591039353619202 ], [ -50.270083748908903, -21.591034383194696 ], [ -50.270024476978897, -21.591029159505698 ], [ -50.269965204977801, -21.591023642606295 ], [ -50.269905937055199, -21.591017792496601 ], [ -50.269846677384798, -21.591011569124394 ], [ -50.269787430170403, -21.591004932385591 ], [ -50.269728201444302, -21.590997842341093 ], [ -50.269669025747099, -21.590990267970191 ], [ -50.269609951517502, -21.590982266248897 ], [ -50.269550992598802, -21.590973959313693 ], [ -50.269492139264806, -21.590965467778204 ], [ -50.269433366781897, -21.590956909568291 ], [ -50.2693747084463, -21.590948410552691 ], [ -50.269316110899403, -21.59094008347429 ], [ -50.269257578800797, -21.590932049014292 ], [ -50.2691991024545, -21.590924425249295 ], [ -50.269140672228502, -21.590917329746901 ], [ -50.269082278488398, -21.590910879553192 ], [ -50.269023911512697, -21.590905191183005 ], [ -50.268965561387702, -21.590900380615594 ], [ -50.268907207125103, -21.590896562596399 ], [ -50.268848765254006, -21.590893818506697 ], [ -50.268790153896404, -21.590892050535306 ], [ -50.268731361739299, -21.590891097810402 ], [ -50.268672401868699, -21.590890799498393 ], [ -50.26861328759761, -21.590890993781503 ], [ -50.268574164342901, -21.590891339807797 ], [ -50.268581356454497, -21.590896421332804 ], [ -50.268604844401601, -21.590912830083699 ], [ -50.268628346161698, -21.590929077589998 ], [ -50.268651861005097, -21.590945178791902 ], [ -50.268675388202396, -21.590961148629585 ], [ -50.268698927023799, -21.590977002043388 ], [ -50.268722476740002, -21.590992753973499 ], [ -50.268746036621202, -21.591008419360012 ], [ -50.268769605938097, -21.591024013143201 ], [ -50.268793183961002, -21.5910395502633 ], [ -50.268816732128997, -21.591055020831593 ], [ -50.268840343851103, -21.591070501591503 ], [ -50.268863962145197, -21.591085970506711 ], [ -50.268887586230697, -21.591101442520301 ], [ -50.268911215326597, -21.591116932575179 ], [ -50.268934794086405, -21.5911324197208 ], [ -50.268958412611603, -21.591147978516396 ], [ -50.268982034020702, -21.591163600179801 ], [ -50.269005657570602, -21.591179299642089 ], [ -50.269029282531598, -21.591195091843598 ], [ -50.269052908174501, -21.591210991724399 ], [ -50.269076533769699, -21.591227014224806 ], [ -50.269100158796505, -21.591243169750197 ], [ -50.269123783761202, -21.591259446387699 ], [ -50.269147409485299, -21.591275825370801 ], [ -50.269171036790503, -21.591292287930884 ], [ -50.269194666498407, -21.591308815299289 ], [ -50.2692183267717, -21.591325407895599 ], [ -50.269241942094801, -21.591341993381093 ], [ -50.269265562339598, -21.591358587393294 ], [ -50.269289191389802, -21.591375173361797 ], [ -50.269312879852798, -21.591391770188789 ], [ -50.269336541255001, -21.591408313254302 ], [ -50.269360210888102, -21.591424826814087 ], [ -50.269383889594003, -21.591441310965404 ], [ -50.269407578227302, -21.591457765814098 ], [ -50.269431277642198, -21.591474191466094 ], [ -50.269454988693298, -21.591490588027202 ], [ -50.2694787122349, -21.591506955603396 ], [ -50.269502449121603, -21.591523294300501 ], [ -50.269526200207601, -21.591539604224302 ], [ -50.269549966347498, -21.59155588548089 ], [ -50.2695737483957, -21.591572138176094 ], [ -50.269597547206601, -21.591588362415703 ], [ -50.269621363634599, -21.591604558305697 ], [ -50.269645198534199, -21.591620725951902 ], [ -50.269669052759902, -21.591636865460202 ], [ -50.269692927165899, -21.591652976936398 ], [ -50.269716822606803, -21.591669060486598 ], [ -50.269740739936999, -21.591685116216503 ], [ -50.269764680011001, -21.591701144231994 ] ] ] } },
{ "type": "Feature", "properties": { "CHAVE": "3032463", "FAZENDA": "303246", "NOME_FAZ": "SITIO SAO MARTINHO", "ZONA": 999.0, "TALHAO": 3.0, "AREA_TOTAL": 0.11900394997969301, "TIPO_GEO": "TALHAO", "DATA_INICI": null, "DATA_FINAL": null, "HORA_INICI": null, "HORA_FINAL": null, "CLASSE": null, "PILOTO": null, "AERONAVE": null, "AREA_HA": null }, "geometry": { "type": "Polygon", "coordinates": [ [ [ -50.2705675924079, -21.589230400463485 ], [ -50.270599819329703, -21.589241788966902 ], [ -50.2706317634171, -21.589253888834001 ], [ -50.2706634229963, -21.58926672333719 ], [ -50.270694816772902, -21.589280234983899 ], [ -50.270725963736901, -21.589294365156594 ], [ -50.270756882877798, -21.589309055237496 ], [ -50.270787593185204, -21.589324246609088 ], [ -50.270818113648708, -21.589339880653487 ], [ -50.2708484594054, -21.589355903375701 ], [ -50.270878585983809, -21.589372332303999 ], [ -50.270908402000302, -21.589389241256193 ], [ -50.270937814803602, -21.589406705570905 ], [ -50.270966731742497, -21.589424800587103 ], [ -50.270995060166001, -21.589443601643399 ], [ -50.271022707422702, -21.589463184078905 ], [ -50.271049580861501, -21.589483623232397 ], [ -50.271075587831099, -21.589504994443001 ], [ -50.271100635680298, -21.589527373049805 ], [ -50.271124628679203, -21.589550833242395 ], [ -50.271147382703603, -21.589575416211087 ], [ -50.2711514647903, -21.589580359326096 ], [ -50.271146131386899, -21.589558233482684 ], [ -50.271140192929799, -21.5895297382182 ], [ -50.2711344566276, -21.589501251961295 ], [ -50.271128283187501, -21.589473152271193 ], [ -50.271121033317499, -21.589445816706903 ], [ -50.271112067725802, -21.589419622827197 ], [ -50.271100747120897, -21.589394948191099 ], [ -50.271086432211504, -21.589372170357002 ], [ -50.2710684837066, -21.589351666883097 ], [ -50.271046650159903, -21.589333617878989 ], [ -50.271022488453198, -21.589317282852587 ], [ -50.270997762348699, -21.589301793862099 ], [ -50.270972851062702, -21.589286891991804 ], [ -50.270947759096899, -21.589272483154581 ], [ -50.270922490946298, -21.589258473266192 ], [ -50.270897051106203, -21.589244768242203 ], [ -50.270871444071801, -21.589231273998401 ], [ -50.270845672837403, -21.589217918341006 ], [ -50.270819733433505, -21.589204730640802 ], [ -50.270793619872499, -21.589191769702794 ], [ -50.270767326166101, -21.589179094335197 ], [ -50.270740846326397, -21.5891667633461 ], [ -50.270714174365203, -21.589154835543596 ], [ -50.270687304294398, -21.589143369735893 ], [ -50.270660230125799, -21.589132424731002 ], [ -50.270632945871199, -21.58912205933709 ], [ -50.270605445542202, -21.589112332362188 ], [ -50.270577725412501, -21.589103288067989 ], [ -50.2705498404382, -21.589094593339002 ], [ -50.270521908213802, -21.589085512245202 ], [ -50.2704939782178, -21.589075745193895 ], [ -50.270465676932602, -21.589067702663701 ], [ -50.270436483079799, -21.589064785609402 ], [ -50.270407128982605, -21.589069318291408 ], [ -50.270380793182703, -21.589081282426793 ], [ -50.270357932946602, -21.589098677652895 ], [ -50.27033635626541, -21.589118025476399 ], [ -50.270313994284201, -21.589135631820803 ], [ -50.270325510265003, -21.589157678359495 ], [ -50.270336941921499, -21.589159191403901 ], [ -50.270370359882101, -21.589167977325207 ], [ -50.2704035157372, -21.589178392414798 ], [ -50.270436594984403, -21.589188700246392 ], [ -50.270469580783697, -21.589198885721796 ], [ -50.270502434626501, -21.589209118086302 ], [ -50.270535118003998, -21.589219566584998 ], [ -50.2705675924079, -21.589230400463485 ] ] ] } },
{ "type": "Feature", "properties": { "CHAVE": null, "FAZENDA": "Faz. ABC", "NOME_FAZ": null, "ZONA": null, "TALHAO": null, "AREA_TOTAL": null, "TIPO_GEO": "VOO_PROCESSADO", "DATA_INICI": "30-03-2026", "DATA_FINAL": "30-03-2026", "HORA_INICI": "11:55:19", "HORA_FINAL": "11:55:19", "CLASSE": "NÃO APLICADO DENTRO DO TALHÃO", "PILOTO": "valmir alves", "AERONAVE": "PS-CBA", "AREA_HA": 0.0019225147543330001 }, "geometry": { "type": "MultiPolygon", "coordinates": [ [ [ [ -50.276523880677502, -21.597585308936505 ], [ -50.276532497705603, -21.597611666354908 ], [ -50.276541171616998, -21.597638002658993 ], [ -50.2765498535571, -21.597664351131908 ], [ -50.276558486116102, -21.597690710253602 ], [ -50.276567034469601, -21.597717094648004 ], [ -50.276575467518299, -21.597743510983804 ], [ -50.276583754171398, -21.597769965926094 ], [ -50.276591863338098, -21.597796466140196 ], [ -50.276599763927699, -21.597823018291503 ], [ -50.276607424849303, -21.597849629045196 ], [ -50.276614825424303, -21.597876302756998 ], [ -50.276622005298002, -21.597903030402001 ], [ -50.276629025787798, -21.59792979814819 ], [ -50.276635948239701, -21.597956592157097 ], [ -50.276642824672997, -21.597983362347694 ], [ -50.276649744431801, -21.598010203583193 ], [ -50.2766567419526, -21.598036990520402 ], [ -50.276663890745503, -21.598063738423498 ], [ -50.276671255143697, -21.598090425852899 ], [ -50.276678899483798, -21.598117031381388 ], [ -50.276686884212403, -21.598143535377698 ], [ -50.2766952463396, -21.598169929030497 ], [ -50.276704014139703, -21.598196207561799 ], [ -50.276713215872299, -21.598222366200392 ], [ -50.276722879796999, -21.598248400174793 ], [ -50.276733034173397, -21.59827430471389 ], [ -50.276743707261303, -21.5983000750463 ], [ -50.276754927320098, -21.598325706400804 ], [ -50.276766698082596, -21.598351199697994 ], [ -50.276778730124406, -21.598376623892303 ], [ -50.276790541004097, -21.598402092731892 ], [ -50.276801644884102, -21.598427720753307 ], [ -50.276812442264507, -21.598455938868693 ], [ -50.276850400491199, -21.598485093461896 ], [ -50.276855167574304, -21.598488750716701 ], [ -50.276859919721304, -21.598492388152501 ], [ -50.276864656898397, -21.598496001588892 ], [ -50.276869381119397, -21.598499588521207 ], [ -50.276874094296097, -21.598503146516485 ], [ -50.276878798261002, -21.59850667309669 ], [ -50.2768834948386, -21.598510165789197 ], [ -50.276888185762097, -21.598513622066896 ], [ -50.276892871864199, -21.598517038604296 ], [ -50.276897554194598, -21.598520411216601 ], [ -50.2769022421964, -21.598523744805902 ], [ -50.2769069455126, -21.598527045183097 ], [ -50.276911673557507, -21.598530317980394 ], [ -50.276916437057899, -21.598533570020496 ], [ -50.2769212369397, -21.598536804975204 ], [ -50.276926070529903, -21.598540023696405 ], [ -50.2769309364176, -21.598543227365099 ], [ -50.276935833496999, -21.5985464173719 ], [ -50.2769407606568, -21.598549595100899 ], [ -50.2769457168489, -21.598552761970101 ], [ -50.276950700973302, -21.598555919481885 ], [ -50.276955711852302, -21.598559069109609 ], [ -50.276960748295096, -21.598562212322893 ], [ -50.276965809108702, -21.598565350594203 ], [ -50.2769708930985, -21.598568485399099 ], [ -50.276975999067602, -21.598571618215793 ], [ -50.276981125817699, -21.598574750525497 ], [ -50.276986272151603, -21.598577883813999 ], [ -50.276991440670798, -21.598581021882392 ], [ -50.276996621392001, -21.598584160970596 ], [ -50.277001817970799, -21.598587305674005 ], [ -50.277007029342101, -21.598590457718281 ], [ -50.277012254231998, -21.5985936187062 ], [ -50.277017491365207, -21.598596790243498 ], [ -50.277022744002402, -21.598599976691901 ], [ -50.277028003024498, -21.5986031749148 ], [ -50.277033270456002, -21.598606388529301 ], [ -50.277041288478998, -21.5986112995033 ], [ -50.277051667635803, -21.598617719852498 ], [ -50.277062162548901, -21.598624274537297 ], [ -50.277072598778801, -21.598630849963801 ], [ -50.277082994859299, -21.598637452090198 ], [ -50.277093345404197, -21.598644070765292 ], [ -50.277103653287597, -21.598650701543999 ], [ -50.277113916456003, -21.598657336807612 ], [ -50.277124137760801, -21.598663972067893 ], [ -50.277134296706102, -21.598670587798694 ], [ -50.277142213778397, -21.598675755225088 ], [ -50.277147312539597, -21.598679085771291 ], [ -50.277152406050703, -21.598682414739002 ], [ -50.277157494700504, -21.598685741615785 ], [ -50.277162578877601, -21.598689065889598 ], [ -50.277167658970697, -21.598692387048303 ], [ -50.277172735368097, -21.5986957045804 ], [ -50.2771778084578, -21.598699017974397 ], [ -50.277182878627002, -21.598702326717493 ], [ -50.277187946232097, -21.598705630240602 ], [ -50.277193011701897, -21.598708928064799 ], [ -50.277198075441, -21.598712219722497 ], [ -50.277203137824301, -21.598715504727092 ], [ -50.277208195068809, -21.598718779899496 ], [ -50.277213255360302, -21.598722049819095 ], [ -50.277218315466499, -21.598725311659699 ], [ -50.277223375707997, -21.598728564900988 ], [ -50.277228436458202, -21.5987318090576 ], [ -50.277233498090403, -21.598735043644297 ], [ -50.2772385609777, -21.598738268176188 ], [ -50.277243625493099, -21.598741482168705 ], [ -50.277248692009501, -21.5987446851375 ], [ -50.277253760899598, -21.598747876598491 ], [ -50.277258832536099, -21.598751056068203 ], [ -50.277263907291299, -21.598754223063004 ], [ -50.277268985537802, -21.598757377099997 ], [ -50.27727406764771, -21.598760517696387 ], [ -50.277279153993199, -21.598763644369903 ], [ -50.2772842449465, -21.598766756638298 ], [ -50.277289340879598, -21.598769854020102 ], [ -50.27729444216461, -21.5987729360338 ], [ -50.2772995491732, -21.598776002198498 ], [ -50.277304662277402, -21.598779052033702 ], [ -50.277309781849297, -21.598782085059 ], [ -50.2773149082605, -21.598785100794597 ], [ -50.277320041879499, -21.598788098759002 ], [ -50.277325183196702, -21.598791078536099 ], [ -50.277330333228697, -21.598794040012294 ], [ -50.2773354922032, -21.5987969826841 ], [ -50.277340660169898, -21.598799905953801 ], [ -50.2773458371732, -21.598802809220803 ], [ -50.277351023256799, -21.598805691884905 ], [ -50.277356218464703, -21.598808553346 ], [ -50.2773614228404, -21.598811393004397 ], [ -50.277366636427402, -21.598814210260898 ], [ -50.277371859268797, -21.598817004516189 ], [ -50.277377091407899, -21.598819775171801 ], [ -50.277382332887399, -21.598822521629202 ], [ -50.277387583750297, -21.598825243290584 ], [ -50.277392844038999, -21.598827939558088 ], [ -50.277398113796401, -21.598830609834703 ], [ -50.277403393064901, -21.598833253523701 ], [ -50.277408681886897, -21.598835870028488 ], [ -50.277413980306598, -21.598838458754194 ], [ -50.277419288129799, -21.598841018994197 ], [ -50.277424605135899, -21.598843550049907 ], [ -50.277429931288502, -21.598846051318702 ], [ -50.277435266547201, -21.59884852219669 ], [ -50.2774406108717, -21.598850962080494 ], [ -50.277445964221499, -21.598853370367308 ], [ -50.277451326556204, -21.598855746454607 ], [ -50.277456697835298, -21.598858089740599 ], [ -50.277462078018701, -21.598860399624186 ], [ -50.277467467066003, -21.598862675504492 ], [ -50.277472864937202, -21.598864916781505 ], [ -50.2774782715924, -21.598867122855697 ], [ -50.2774836869918, -21.598869293128306 ], [ -50.27748911109591, -21.598871427000997 ], [ -50.277494543865402, -21.5988735238763 ], [ -50.277499985261301, -21.598875583157302 ], [ -50.277505435250603, -21.598877604249804 ], [ -50.277510893831803, -21.598879586578697 ], [ -50.277516361006001, -21.5988815296053 ], [ -50.2775218367413, -21.598883432761195 ], [ -50.277527321018603, -21.598885295478993 ], [ -50.277532813822702, -21.59888711719341 ], [ -50.277538315125803, -21.598888897335495 ], [ -50.277543825897503, -21.598890635635101 ], [ -50.277549357187603, -21.598892335337389 ], [ -50.277554913345902, -21.598893998985201 ], [ -50.277560494266503, -21.59889562795459 ], [ -50.277566099646897, -21.598897223563291 ], [ -50.277571729181503, -21.598898787130398 ], [ -50.277577382561702, -21.5989003199766 ], [ -50.277583059475901, -21.598901823423795 ], [ -50.277588759610303, -21.598903298795793 ], [ -50.277594482648297, -21.598904747417805 ], [ -50.277600228271297, -21.598906170616903 ], [ -50.277605996158897, -21.598907569722105 ], [ -50.277611785985897, -21.598908946063403 ], [ -50.277617597269099, -21.598910300933287 ], [ -50.277623429275899, -21.598911635617903 ], [ -50.277629281527403, -21.598912951513093 ], [ -50.277635153515, -21.598914250010793 ], [ -50.277641044728803, -21.598915532505405 ], [ -50.277646954658003, -21.598916800393191 ], [ -50.2776528827916, -21.598918055072897 ], [ -50.277658828618002, -21.598919297945304 ], [ -50.277664791625206, -21.598920530413299 ], [ -50.277670771301203, -21.598921753882092 ], [ -50.277676767133599, -21.598922969758686 ], [ -50.277682778613098, -21.5989241794531 ], [ -50.2776888052896, -21.598925384392889 ], [ -50.277694850353697, -21.598926586806904 ], [ -50.277700904779103, -21.598927786509403 ], [ -50.277706972754999, -21.598928985939505 ], [ -50.277713053920003, -21.598930186627893 ], [ -50.277719147751398, -21.598931390075396 ], [ -50.277725253727098, -21.598932597785204 ], [ -50.277731371324897, -21.598933811262096 ], [ -50.277737505509599, -21.598935033446992 ], [ -50.277746712316898, -21.598936878616502 ], [ -50.277758989291399, -21.598939368188102 ], [ -50.277771088441199, -21.598941850525701 ], [ -50.277783376133499, -21.598944398545502 ], [ -50.277795575027604, -21.598946951515501 ], [ -50.277807753139101, -21.598949520675795 ], [ -50.277819907975299, -21.598952102619393 ], [ -50.277832034633597, -21.598954693440696 ], [ -50.277841321338798, -21.598956686754782 ], [ -50.277847389635802, -21.598957991756201 ], [ -50.277853454177297, -21.598959298088204 ], [ -50.277859515059397, -21.598960605416508 ], [ -50.277865572377998, -21.598961913406796 ], [ -50.277871626228901, -21.598963221724905 ], [ -50.277877676707099, -21.598964530035889 ], [ -50.277883723899002, -21.598965837996495 ], [ -50.277889767916399, -21.598967145279605 ], [ -50.277895808859697, -21.598968451559205 ], [ -50.277901846823603, -21.59896975650809 ], [ -50.277907881903403, -21.598971059799389 ], [ -50.277913914193498, -21.598972361106011 ], [ -50.2779199437892, -21.598973660101095 ], [ -50.277925970784899, -21.598974956457806 ], [ -50.2779319952759, -21.598976249849699 ], [ -50.277938017356597, -21.598977539949981 ], [ -50.277944037122097, -21.598978826432404 ], [ -50.277950054667002, -21.598980108970292 ], [ -50.277956070086304, -21.5989813872376 ], [ -50.277962083474499, -21.598982660907886 ], [ -50.277968094926699, -21.598983929655294 ], [ -50.277974104537201, -21.598985193153588 ], [ -50.277980112401202, -21.598986451077099 ], [ -50.277986113826906, -21.59898770210209 ], [ -50.277992118117602, -21.598988947827689 ], [ -50.277998121009098, -21.598990187015296 ], [ -50.278004122531101, -21.598991419326008 ], [ -50.27801012277871, -21.598992644434507 ], [ -50.278016121563603, -21.598993861958103 ], [ -50.278022118421802, -21.598995071108398 ], [ -50.278028113744099, -21.598996271312501 ], [ -50.278034108441801, -21.598997462673903 ], [ -50.2780401029693, -21.598998645206507 ], [ -50.278046097778407, -21.598999818923595 ], [ -50.278052093321101, -21.599000983838703 ], [ -50.278058090049598, -21.5990021399653 ], [ -50.278064088416109, -21.599003287316705 ], [ -50.278070088872809, -21.599004425906504 ], [ -50.278076091871903, -21.599005555747997 ], [ -50.278082097865898, -21.599006676854597 ], [ -50.278088107307099, -21.599007789239803 ], [ -50.278094120681899, -21.599008892923205 ], [ -50.278100139082603, -21.599009988076293 ], [ -50.278106162433701, -21.599011075459096 ], [ -50.278112189984199, -21.599012155438697 ], [ -50.278118221462698, -21.599013228216592 ], [ -50.278124256804205, -21.59901429403109 ], [ -50.278130295944003, -21.59901535312099 ], [ -50.278136338816807, -21.599016405725102 ], [ -50.278142385357597, -21.599017452081899 ], [ -50.278148435501599, -21.5990184924303 ], [ -50.278154489183699, -21.599019527009194 ], [ -50.278160546338604, -21.599020556057503 ], [ -50.2781666114616, -21.599021580584385 ], [ -50.278172675297903, -21.599022599272399 ], [ -50.278178742263798, -21.599023613122402 ], [ -50.278184812440301, -21.599024622396296 ], [ -50.278190885757397, -21.599025627327997 ], [ -50.278196962162198, -21.599026628162303 ], [ -50.278203041590601, -21.599027625142888 ], [ -50.278209123977, -21.599028618513199 ], [ -50.278215209255698, -21.599029608516791 ], [ -50.278221297361107, -21.599030595397302 ], [ -50.278227388227606, -21.5990315793983 ], [ -50.278233481789499, -21.599032560763497 ], [ -50.278239577981104, -21.599033539736688 ], [ -50.278245676737001, -21.599034516561595 ], [ -50.278251777991301, -21.599035491482091 ], [ -50.2782578816783, -21.599036464742188 ], [ -50.278263987732707, -21.599037436585689 ], [ -50.278270096088498, -21.599038407256693 ], [ -50.278276206680097, -21.599039376999201 ], [ -50.278282319441999, -21.599040346057397 ], [ -50.278288434308401, -21.599041314675492 ], [ -50.278294551213698, -21.599042283097496 ], [ -50.278300670092101, -21.599043251567895 ], [ -50.278306790878304, -21.599044220330992 ], [ -50.278312913506298, -21.599045189631099 ], [ -50.2783190379104, -21.599046159712604 ], [ -50.278325164025297, -21.599047130819994 ], [ -50.278331291785001, -21.599048103197902 ], [ -50.278337421123901, -21.599049077090797 ], [ -50.278343551976597, -21.599050052743408 ], [ -50.278349684326301, -21.599051030444102 ], [ -50.278355818534003, -21.599052010887597 ], [ -50.278361953735903, -21.599052994152689 ], [ -50.278368089565504, -21.599053980255789 ], [ -50.278374225883397, -21.599054969249899 ], [ -50.278383469478499, -21.599056463395094 ], [ -50.278395741633702, -21.5990584590804 ], [ -50.278408013316302, -21.599060467292695 ], [ -50.278420283404898, -21.599062488453992 ], [ -50.278432550730898, -21.5990645229789 ], [ -50.278444705520997, -21.599066553142102 ], [ -50.2784570434644, -21.599068628465105 ], [ -50.278469299883902, -21.599070703865387 ], [ -50.278481553488, -21.599072792597802 ], [ -50.278493804460602, -21.599074894708991 ], [ -50.278506053013203, -21.599077010250603 ], [ -50.278518299298106, -21.599079139263594 ], [ -50.278530543485005, -21.599081281792408 ], [ -50.278542785803097, -21.599083437891508 ], [ -50.278555026380197, -21.5990856075979 ], [ -50.2785672654107, -21.599087790959992 ], [ -50.2785795030793, -21.599089988024801 ], [ -50.278591739547899, -21.5990921988347 ], [ -50.278603975023202, -21.599094423440498 ], [ -50.278616209662395, -21.599096661883902 ], [ -50.278628443668708, -21.599098914215098 ], [ -50.278640677199903, -21.599101180475902 ], [ -50.278652910428598, -21.599103460710687 ], [ -50.278665143552601, -21.5991057549689 ], [ -50.2786773767561, -21.599108063296999 ], [ -50.278689610187001, -21.599110385734896 ], [ -50.278701844042608, -21.599112722331803 ], [ -50.2787140785356, -21.599115073139707 ], [ -50.278726313793896, -21.599117438194593 ], [ -50.278738746951902, -21.599119855840303 ], [ -50.278750258253297, -21.599122108433406 ], [ -50.2787599501521, -21.599124014891494 ], [ -50.278766052629898, -21.599125216793812 ], [ -50.278772147792402, -21.599126417685898 ], [ -50.278778234747101, -21.599127616315798 ], [ -50.278784312600003, -21.599128811431893 ], [ -50.278790380461402, -21.599130001783099 ], [ -50.278796438600899, -21.599131186126588 ], [ -50.278802482518202, -21.599132362282511 ], [ -50.278808522093001, -21.599133531005808 ], [ -50.2788145531662, -21.599134690309892 ], [ -50.278820575735402, -21.599135839022107 ], [ -50.278826589859101, -21.599136975983011 ], [ -50.278832595594999, -21.599138100034104 ], [ -50.278838592972399, -21.599139210012591 ], [ -50.278844582057403, -21.599140304729787 ], [ -50.2788505629686, -21.599141383063003 ], [ -50.278856535781898, -21.599142443919003 ], [ -50.278862500542999, -21.599143486200401 ], [ -50.278868457297705, -21.599144508811101 ], [ -50.278874406091205, -21.59914551065609 ], [ -50.278880346968499, -21.599146490641708 ], [ -50.278886279974607, -21.599147447675392 ], [ -50.278892205154399, -21.599148380666307 ], [ -50.278898122552604, -21.599149288524501 ], [ -50.278904032214207, -21.599150170161696 ], [ -50.278909934183901, -21.599151024491189 ], [ -50.278915828507003, -21.599151850427297 ], [ -50.278921715229103, -21.599152646886193 ], [ -50.278927594397203, -21.599153412785501 ], [ -50.278933466119497, -21.599154147053696 ], [ -50.278939330517403, -21.599154848691207 ], [ -50.278945187650201, -21.5991555166983 ], [ -50.278951037574608, -21.599156150053101 ], [ -50.2789568803679, -21.599156747737588 ], [ -50.2789627161089, -21.599157308735492 ], [ -50.278968544829603, -21.599157832027384 ], [ -50.278974366278, -21.599158316518 ], [ -50.278980184898906, -21.599158761020998 ], [ -50.278986007018702, -21.599159166228493 ], [ -50.278991836910201, -21.599159533184203 ], [ -50.278997678370104, -21.599159862892805 ], [ -50.279003535426199, -21.599160156368196 ], [ -50.279009408469697, -21.599160414740499 ], [ -50.279015295541797, -21.59916063917569 ], [ -50.279021196410802, -21.599160830776508 ], [ -50.279027110979001, -21.599160990653203 ], [ -50.279033039139101, -21.599161119917099 ], [ -50.279038980798099, -21.59916121967229 ], [ -50.279044935886503, -21.599161291041405 ], [ -50.2790509043081, -21.599161335183403 ], [ -50.279056885934402, -21.599161353258904 ], [ -50.279062880636502, -21.599161346429899 ], [ -50.279068888284698, -21.599161315860208 ], [ -50.279074908749109, -21.599161262715096 ], [ -50.279080941899402, -21.599161188161588 ], [ -50.279086987605403, -21.5991610933681 ], [ -50.279093045735401, -21.599160979504493 ], [ -50.279099116161703, -21.599160847740496 ], [ -50.279105198784798, -21.599160699254298 ], [ -50.2791112935193, -21.599160535276695 ], [ -50.2791174002408, -21.599160357048302 ], [ -50.2791235188187, -21.599160165811497 ], [ -50.279129649122702, -21.599159962809789 ], [ -50.279135791022803, -21.599159749288699 ], [ -50.279141765520997, -21.599159532970791 ], [ -50.279137549472303, -21.599135551091688 ], [ -50.279135904443599, -21.599107292262996 ], [ -50.27913264765791, -21.5990799395612 ], [ -50.279122251199901, -21.5990548531712 ], [ -50.279106537340603, -21.599031231263403 ], [ -50.279092676452599, -21.599006795927696 ], [ -50.279080829254703, -21.598981560511888 ], [ -50.279070079779302, -21.598955888061997 ], [ -50.279059513318998, -21.598930141129188 ], [ -50.279048556645598, -21.598904548035399 ], [ -50.279037438700399, -21.598879021785393 ], [ -50.279026503494201, -21.598853430152396 ], [ -50.2790160950277, -21.598827640913399 ], [ -50.2790063926127, -21.598801585813696 ], [ -50.278996992366999, -21.598775423121506 ], [ -50.278987361377901, -21.598749361222389 ], [ -50.278976966732998, -21.598723608502489 ], [ -50.278965328981201, -21.598698351968995 ], [ -50.278952548110901, -21.598673546921798 ], [ -50.2789390788991, -21.598649006786601 ], [ -50.278925381236, -21.5986245429444 ], [ -50.278911906665101, -21.598599970340189 ], [ -50.278898897930908, -21.598575193065702 ], [ -50.278886379181401, -21.598550208542601 ], [ -50.278874364257007, -21.598525018593296 ], [ -50.278862866998203, -21.598499625040496 ], [ -50.278851901245297, -21.598474029706388 ], [ -50.2788414808388, -21.598448234413805 ], [ -50.278831619399604, -21.598422241059701 ], [ -50.278822253725899, -21.59839607766229 ], [ -50.278813131211102, -21.598369836641094 ], [ -50.278803970576099, -21.598343620164599 ], [ -50.278794490542197, -21.598317530401399 ], [ -50.278784409830799, -21.598291669519799 ], [ -50.278773473862103, -21.598266129807708 ], [ -50.278761712444897, -21.5982408983071 ], [ -50.278749327234202, -21.598215898463792 ], [ -50.278736522269398, -21.598191052840789 ], [ -50.278723508935499, -21.5981662979692 ], [ -50.278710469233197, -21.598141514507802 ], [ -50.278697629241897, -21.598116666928494 ], [ -50.278685185651497, -21.598091663821297 ], [ -50.278673342501897, -21.598066427751899 ], [ -50.278662259688602, -21.59804089824069 ], [ -50.278651809438202, -21.59801512531179 ], [ -50.278641748728802, -21.597989203260397 ], [ -50.278631834231099, -21.597963226499296 ], [ -50.278621822616302, -21.597937289441791 ], [ -50.278611470555397, -21.597911486500607 ], [ -50.278600534979397, -21.597885911987095 ], [ -50.2785888863189, -21.5978606158092 ], [ -50.278576685794199, -21.597835534111905 ], [ -50.278564140538599, -21.597810585077898 ], [ -50.278551457685602, -21.597785686889996 ], [ -50.278538844368299, -21.597760757731209 ], [ -50.278526507719597, -21.597735715784303 ], [ -50.278514646780501, -21.597710482648093 ], [ -50.278503350814098, -21.597685026257693 ], [ -50.278492630007797, -21.597659347925696 ], [ -50.278482492805402, -21.597633449700904 ], [ -50.278472943934204, -21.597607334999196 ], [ -50.278463796241603, -21.597581077826597 ], [ -50.278454581792197, -21.597554855485892 ], [ -50.278444810341902, -21.597528853486704 ], [ -50.2784339916468, -21.59750325733879 ], [ -50.278421705821103, -21.597478225831495 ], [ -50.278408240307101, -21.597453649126191 ], [ -50.278394291337499, -21.597429262135101 ], [ -50.278380560107998, -21.597404797885392 ], [ -50.278367747813903, -21.597379989404402 ], [ -50.278356555650198, -21.597354569719801 ], [ -50.278347437727902, -21.5973283660019 ], [ -50.278339398581402, -21.597301757730897 ], [ -50.278330915774603, -21.597275325170802 ], [ -50.278320466969802, -21.597249648544992 ], [ -50.278307328608705, -21.597225000732898 ], [ -50.278293059416598, -21.597200776467307 ], [ -50.2782796231023, -21.597176214656884 ], [ -50.278268859288701, -21.5971506024852 ], [ -50.278259284458201, -21.597124519738607 ], [ -50.278249326752402, -21.597098579002104 ], [ -50.278239009650399, -21.5970727715893 ], [ -50.278228361010001, -21.597047087108805 ], [ -50.278217408689102, -21.597021515169402 ], [ -50.278206180545503, -21.596996045379704 ], [ -50.278194704437098, -21.596970667348288 ], [ -50.278183008221603, -21.596945370683891 ], [ -50.278171119756799, -21.596920144995092 ], [ -50.278159066900599, -21.596894979890696 ], [ -50.278146877510501, -21.59686986497929 ], [ -50.278134579444497, -21.596844789869699 ], [ -50.278122200560198, -21.596819744170411 ], [ -50.278109787102906, -21.596794754462803 ], [ -50.278097309495102, -21.596769694873299 ], [ -50.278084857574498, -21.596744679622091 ], [ -50.278072433993998, -21.596719647651902 ], [ -50.278060068883505, -21.596694593135489 ], [ -50.278047790100601, -21.596669505681803 ], [ -50.278035625503101, -21.596644374899704 ], [ -50.278023602948501, -21.596619190397892 ], [ -50.278011750294297, -21.596593941785098 ], [ -50.278000088368003, -21.59656862130759 ], [ -50.277988598084207, -21.596543236185394 ], [ -50.277977246290007, -21.596517798916292 ], [ -50.277965999816502, -21.596492322004092 ], [ -50.277954825495101, -21.596466817952304 ], [ -50.277943686292303, -21.596441290405693 ], [ -50.277932560632799, -21.596415778444094 ], [ -50.277921403755201, -21.596390267996394 ], [ -50.277910192681396, -21.596364778029198 ], [ -50.277898933067704, -21.596339306356789 ], [ -50.277887652055298, -21.5963138718169 ], [ -50.2778763326532, -21.596288393816895 ], [ -50.277865012892299, -21.596262915715993 ], [ -50.277853730476799, -21.596237480129695 ], [ -50.277842469047897, -21.596212008102995 ], [ -50.277831249287502, -21.596186519995104 ], [ -50.277820071017302, -21.596161015938804 ], [ -50.2778089330805, -21.596135496436901 ], [ -50.277797834320303, -21.5961099619919 ], [ -50.277786773579997, -21.596084413106603 ], [ -50.277775749702698, -21.596058850283608 ], [ -50.277764761531699, -21.596033274025501 ], [ -50.277753807910202, -21.596007684834895 ], [ -50.277742887681399, -21.595982083214697 ], [ -50.277731999688498, -21.595956469667289 ], [ -50.277721142774809, -21.595930844695403 ], [ -50.277710315783402, -21.595905208801792 ], [ -50.2776995175576, -21.595879562488996 ], [ -50.277688730031898, -21.595853865925193 ], [ -50.277677986953002, -21.595828202907903 ], [ -50.277667268699901, -21.595802531478391 ], [ -50.277656573076897, -21.595776851852406 ], [ -50.277645898053599, -21.595751164646391 ], [ -50.277642980856704, -21.595744130886384 ], [ -50.2776353692771, -21.595751026327601 ], [ -50.277627351041403, -21.595757848811196 ], [ -50.277618765679001, -21.595764544803096 ], [ -50.277609450226898, -21.595771005847688 ], [ -50.277599298815502, -21.595777066909292 ], [ -50.277588239663899, -21.595782506075203 ], [ -50.277576379644799, -21.595787025893301 ], [ -50.277564717093597, -21.595790198673988 ], [ -50.277554901267997, -21.595792198495186 ], [ -50.277546504429203, -21.595793731532996 ], [ -50.277542265904501, -21.595794527508495 ], [ -50.277538031690298, -21.595795356042988 ], [ -50.277533788659497, -21.595796217813298 ], [ -50.277529537518497, -21.595797110874702 ], [ -50.277525277798098, -21.595798033486897 ], [ -50.277521008833503, -21.595798983918115 ], [ -50.277516729975403, -21.595799960380791 ], [ -50.2775124405753, -21.595800961084201 ], [ -50.277508139986899, -21.595801984244304 ], [ -50.277503827581597, -21.59580302808849 ], [ -50.277499502714299, -21.595804090682705 ], [ -50.277495164734397, -21.595805170062505 ], [ -50.277490812990997, -21.59580626426369 ], [ -50.2774864468335, -21.5958073713219 ], [ -50.277482065611203, -21.595808489272695 ], [ -50.277477668673306, -21.595809616151801 ], [ -50.277473255369202, -21.595810749994897 ], [ -50.2774688250434, -21.595811888816197 ], [ -50.277461647393103, -21.595813731076611 ], [ -50.277452913133999, -21.59581595231101 ], [ -50.277443945934301, -21.595818193185693 ], [ -50.277434797487899, -21.595820420657404 ], [ -50.277425695908804, -21.595822558793905 ], [ -50.2774163672782, -21.595824652904195 ], [ -50.277407050806694, -21.595826638085196 ], [ -50.277397682501103, -21.595828520280694 ], [ -50.277388288314803, -21.595830301919801 ], [ -50.2773788902931, -21.59583198349419 ], [ -50.277369488132102, -21.595833569936097 ], [ -50.277360085253498, -21.595835065504808 ], [ -50.2773506818898, -21.595836474905589 ], [ -50.277341279205103, -21.595837802686901 ], [ -50.277331878373303, -21.595839053396197 ], [ -50.277322481558997, -21.5958402314571 ], [ -50.277313084973201, -21.595841342046601 ], [ -50.2773036962475, -21.595842389004595 ], [ -50.277294314160699, -21.595843376922794 ], [ -50.277284939660703, -21.595844310128502 ], [ -50.277275573954299, -21.595845192922294 ], [ -50.277266218323298, -21.595846029599993 ], [ -50.277256874174, -21.595846824448699 ], [ -50.277247543103897, -21.595847581743289 ], [ -50.277238227076097, -21.595848305734091 ], [ -50.277228928767101, -21.595849000623602 ], [ -50.277219652332903, -21.595849670515893 ], [ -50.277210404092301, -21.595850319376403 ], [ -50.277201183646, -21.595850951636088 ], [ -50.277194024323101, -21.595851434298808 ], [ -50.277189402720502, -21.595851743971988 ], [ -50.277184785764597, -21.595852051946402 ], [ -50.277180173588398, -21.595852358730593 ], [ -50.277175566324701, -21.595852664833188 ], [ -50.277170964106702, -21.5958529707626 ], [ -50.277166367067402, -21.595853277027391 ], [ -50.2771617753397, -21.5958535841363 ], [ -50.277157189056602, -21.595853892597695 ], [ -50.277152608351102, -21.595854202920194 ], [ -50.277151543674989, -21.595854275688779 ], [ -50.277188975154935, -21.595890386030064 ], [ -50.277273975162309, -21.595972385974481 ], [ -50.277274624786003, -21.595973016479089 ], [ -50.277359624794897, -21.596056016423208 ], [ -50.277154867358163, -21.596239419749043 ], [ -50.277161270028365, -21.596245669969878 ], [ -50.277243928133551, -21.596325340371596 ], [ -50.27724524737485, -21.596326627720671 ], [ -50.277327921872093, -21.59640830607529 ], [ -50.27741059435327, -21.596488986385559 ], [ -50.277493594361893, -21.596569986330994 ], [ -50.277437797200101, -21.59661999317553 ], [ -50.277327685287162, -21.596620620196987 ], [ -50.277495888498045, -21.59676773529948 ], [ -50.277494888498097, -21.596768735300166 ], [ -50.277455252942616, -21.596797285115976 ], [ -50.277407942770374, -21.596812499456448 ], [ -50.27735791460708, -21.596812784334727 ], [ -50.277312534160636, -21.596798766116496 ], [ -50.277383247911459, -21.596868627838752 ], [ -50.277384524809015, -21.596869904729008 ], [ -50.277465890585063, -21.596952262703748 ], [ -50.277548255889855, -21.597033635591167 ], [ -50.277632255900137, -21.597116635535674 ], [ -50.277633517508932, -21.597117897137405 ], [ -50.277716517522109, -21.597201897082037 ], [ -50.277717164246859, -21.597202555672666 ], [ -50.27779816426127, -21.59728555561837 ], [ -50.277569835586291, -21.597480444297918 ], [ -50.277564117440747, -21.597474584958736 ], [ -50.277371183911718, -21.597651559369226 ], [ -50.277376310390686, -21.597656685844097 ], [ -50.277467711359044, -21.597746099764667 ], [ -50.277557698241729, -21.597834086870247 ], [ -50.277558889839021, -21.597835265148131 ], [ -50.277650310704772, -21.597926685940855 ], [ -50.277741724807981, -21.598016112710713 ], [ -50.277742306144376, -21.598016684524652 ], [ -50.277833016414931, -21.59810639790825 ], [ -50.277924725017186, -21.598196112774993 ], [ -50.277925306353922, -21.598196684589272 ], [ -50.278015720209929, -21.598286104816122 ], [ -50.278107127255844, -21.598374531129114 ], [ -50.277884872590903, -21.598575468791228 ], [ -50.277792872599257, -21.598486468730975 ], [ -50.277791693481831, -21.598485315389631 ], [ -50.277700983327222, -21.59839560197911 ], [ -50.277609274839556, -21.59830588708401 ], [ -50.277608693691349, -21.598305315454258 ], [ -50.277517983536065, -21.598215602043073 ], [ -50.277426275048754, -21.598125887148289 ], [ -50.2774251099952, -21.598124734830932 ], [ -50.277333702272692, -21.598033327035434 ], [ -50.277244275352665, -21.597945887305293 ], [ -50.277152275362553, -21.597855887244759 ], [ -50.277151110308907, -21.597854734927296 ], [ -50.27706140146465, -21.597765026011114 ], [ -50.276970997264655, -21.597675615193076 ], [ -50.276881888771122, -21.597588486820616 ], [ -50.276790482220569, -21.597501054401363 ], [ -50.276788701174745, -21.597499322216461 ], [ -50.276698701185865, -21.597410322156971 ], [ -50.276906875435252, -21.597226203222363 ], [ -50.276842012089958, -21.597163602504004 ], [ -50.276757323014742, -21.597081902392713 ], [ -50.276670624181456, -21.596999189650177 ], [ -50.27667002375356, -21.596998613629726 ], [ -50.276585023848703, -21.596916613658813 ], [ -50.27650002385608, -21.59683461360321 ], [ -50.276721975990654, -21.596633386317318 ], [ -50.27678667423848, -21.596695801049833 ], [ -50.276745756336027, -21.596655376101946 ], [ -50.276663760314662, -21.596574379968018 ], [ -50.276663111780422, -21.596573735400607 ], [ -50.276581111791941, -21.596491735346159 ], [ -50.27657921779565, -21.596489806620237 ], [ -50.276499472523923, -21.596407107750974 ], [ -50.276419090272334, -21.596327705707239 ], [ -50.276337422105009, -21.596248029384263 ], [ -50.276336752889577, -21.596247372374524 ], [ -50.276253752899713, -21.596165372319696 ], [ -50.276252468398788, -21.596164087728585 ], [ -50.27617146841169, -21.59608208767456 ], [ -50.276359225316007, -21.595919871514642 ], [ -50.276358428958204, -21.595919881679897 ], [ -50.276353834916698, -21.595919940115696 ], [ -50.276349248353405, -21.595919999085098 ], [ -50.276344669349797, -21.595920059423403 ], [ -50.276340098805299, -21.595920121978601 ], [ -50.276335536646997, -21.595920187550988 ], [ -50.276330982316999, -21.595920256924792 ], [ -50.276326435257197, -21.595920330884297 ], [ -50.276321894909898, -21.595920410213491 ], [ -50.276317360716902, -21.595920495696703 ], [ -50.276312832120503, -21.595920588118204 ], [ -50.2763083085567, -21.595920688261398 ], [ -50.2763037868189, -21.595920796445395 ], [ -50.276299264535403, -21.595920912453003 ], [ -50.27629474170071, -21.595921036186208 ], [ -50.2762902183092, -21.595921167546393 ], [ -50.276285694355501, -21.59592130643539 ], [ -50.276281169834, -21.595921452754997 ], [ -50.276276644739099, -21.595921606406794 ], [ -50.276272119065297, -21.595921767292488 ], [ -50.276267592806903, -21.595921935314198 ], [ -50.276263065958602, -21.595922110373593 ], [ -50.276258538515101, -21.595922292371792 ], [ -50.276254010471597, -21.595922481209598 ], [ -50.276249481823001, -21.595922676787993 ], [ -50.276244952564198, -21.595922879007905 ], [ -50.276240422690201, -21.595923087770302 ], [ -50.276235892195999, -21.595923302976185 ], [ -50.276231361076597, -21.595923524526501 ], [ -50.276226829326802, -21.595923752322104 ], [ -50.27622229694181, -21.595923986264093 ], [ -50.276217763916399, -21.595924226253207 ], [ -50.276213230245602, -21.595924472190596 ], [ -50.276208695924403, -21.595924723976989 ], [ -50.276204160947799, -21.595924981513598 ], [ -50.276199625310703, -21.595925244701206 ], [ -50.276195089008098, -21.595925513441198 ], [ -50.276190552035303, -21.595925787637093 ], [ -50.276186014387498, -21.595926067188692 ], [ -50.276181476060202, -21.595926351995711 ], [ -50.276176937048703, -21.595926641957188 ], [ -50.276172397348404, -21.595926936972795 ], [ -50.276167856954508, -21.595927236941804 ], [ -50.276163315862497, -21.595927541763494 ], [ -50.27615877406771, -21.595927851337493 ], [ -50.276154231565499, -21.595928165562999 ], [ -50.276149688351097, -21.595928484339488 ], [ -50.276145144420106, -21.595928807566299 ], [ -50.2761405997677, -21.595929135142889 ], [ -50.276136054389198, -21.595929466968599 ], [ -50.276131508280102, -21.595929802942791 ], [ -50.276126961435601, -21.595930142964889 ], [ -50.276122413851198, -21.595930486934304 ], [ -50.27611786552221, -21.595930834750398 ], [ -50.276113316443897, -21.595931186312491 ], [ -50.276108766611699, -21.595931541520198 ], [ -50.276104216021004, -21.595931900272607 ], [ -50.276099664667001, -21.59593226246929 ], [ -50.2760951125452, -21.595932628009688 ], [ -50.276090559650903, -21.595932996792996 ], [ -50.276086005979501, -21.595933368718786 ], [ -50.276081451526302, -21.595933743686402 ], [ -50.276076896286597, -21.595934121595104 ], [ -50.276072340255801, -21.595934502344399 ], [ -50.276067783429397, -21.595934885833696 ], [ -50.276063225802503, -21.595935271962293 ], [ -50.276058667370698, -21.595935660629699 ], [ -50.276054108129102, -21.595936051735197 ], [ -50.27604954807331, -21.595936445178193 ], [ -50.276044987198503, -21.595936840857195 ], [ -50.276040425500504, -21.595937238668103 ], [ -50.276035862974503, -21.595937638508293 ], [ -50.276031299615703, -21.595938040275708 ], [ -50.276026735419201, -21.595938443868 ], [ -50.276022170380301, -21.59593884918279 ], [ -50.276017604494299, -21.595939256118001 ], [ -50.276013037756201, -21.595939664571098 ], [ -50.276008470161401, -21.595940074440104 ], [ -50.276003901705003, -21.595940485622592 ], [ -50.276001272704796, -21.595940722896891 ], [ -50.276010116913298, -21.595953586221484 ], [ -50.276024441591602, -21.595999587510189 ], [ -50.276031904897202, -21.596026397929798 ], [ -50.276038831999102, -21.596053053579695 ], [ -50.2760455967586, -21.596079644139998 ], [ -50.276052522647397, -21.596106246605604 ], [ -50.276059674326902, -21.596132872815698 ], [ -50.276067033596796, -21.596159513749505 ], [ -50.276074582219401, -21.5961861603766 ], [ -50.276082301956897, -21.596212803666592 ], [ -50.2760901745715, -21.596239434589304 ], [ -50.276098181825397, -21.596266044114298 ], [ -50.276106305480901, -21.596292623211188 ], [ -50.276114527300003, -21.596319162849799 ], [ -50.276122829067397, -21.596345656281287 ], [ -50.276131192690102, -21.596372109206094 ], [ -50.2761396001167, -21.596398531549397 ], [ -50.276148028291601, -21.596424917583192 ], [ -50.276156478722001, -21.596451338427205 ], [ -50.276164904706299, -21.596477714376494 ], [ -50.276173306833698, -21.596504113676495 ], [ -50.276181662970998, -21.596530531133094 ], [ -50.2761899577268, -21.596556971461599 ], [ -50.276198176362101, -21.596583438102002 ], [ -50.276206304138, -21.596609934493895 ], [ -50.276214326315703, -21.596636464077093 ], [ -50.276222228156406, -21.596663030291296 ], [ -50.276229998450198, -21.596689635560406 ], [ -50.276237683525302, -21.596716294730896 ], [ -50.276245335778007, -21.596742904964387 ], [ -50.276253054706402, -21.596769523751995 ], [ -50.276260908993002, -21.596796101554101 ], [ -50.2762689750192, -21.596822615572098 ], [ -50.276277329168302, -21.596849043014192 ], [ -50.276286047823902, -21.596875361088308 ], [ -50.2762952073695, -21.596901547002492 ], [ -50.276304874834501, -21.596927580752606 ], [ -50.276314948055507, -21.596953492759891 ], [ -50.276325177845898, -21.596979357263404 ], [ -50.276335310126001, -21.597005249960695 ], [ -50.276345090815802, -21.59703124654909 ], [ -50.276354265847601, -21.597057422722798 ], [ -50.276362692914702, -21.597083821155607 ], [ -50.276370613787606, -21.597110371045996 ], [ -50.276378352678805, -21.597136977234594 ], [ -50.276386233801098, -21.597163544562108 ], [ -50.276394567300201, -21.597189981975497 ], [ -50.276403407523901, -21.597216273093501 ], [ -50.276412585811798, -21.597242466634608 ], [ -50.2764219337664, -21.597268635167406 ], [ -50.276431252055097, -21.5972947645879 ], [ -50.276440388202801, -21.597320970657105 ], [ -50.276449228611597, -21.597347262308499 ], [ -50.276457811425097, -21.597373628497397 ], [ -50.276466192577701, -21.597400053041596 ], [ -50.276474428003901, -21.597426519758908 ], [ -50.276482573638198, -21.597453012467099 ], [ -50.276490674991898, -21.597479480979793 ], [ -50.276498819272703, -21.597506011138204 ], [ -50.276507031135303, -21.597532484714904 ], [ -50.276515376795402, -21.597558919609391 ], [ -50.276523880677502, -21.597585308936505 ] ] ], [ [ [ -50.277214286860797, -21.595813807873395 ], [ -50.277218891521301, -21.595813480347207 ], [ -50.277223495171, -21.595813147897303 ], [ -50.277228097693303, -21.595812809999888 ], [ -50.2772326989707, -21.59581246613309 ], [ -50.277237298885801, -21.595812115776496 ], [ -50.277241897321197, -21.595811758411202 ], [ -50.277246494158803, -21.595811393519995 ], [ -50.277251089280803, -21.595811020587298 ], [ -50.277255682569198, -21.595810639098904 ], [ -50.277260273906101, -21.595810248542396 ], [ -50.277264863173698, -21.595809848406699 ], [ -50.277269450254011, -21.59580943818229 ], [ -50.2772740350295, -21.5958090173614 ], [ -50.277278617382699, -21.595808585437393 ], [ -50.277283197196702, -21.595808141905298 ], [ -50.277287774354598, -21.595807686261796 ], [ -50.277292348740097, -21.595807218004794 ], [ -50.277296920237397, -21.595806736633698 ], [ -50.277301488731503, -21.595806241649182 ], [ -50.277306054107598, -21.595805732553792 ], [ -50.277310616240108, -21.59580520885229 ], [ -50.277315174781698, -21.595804670074905 ], [ -50.277319729440201, -21.595804115698396 ], [ -50.277324280195003, -21.595803545178793 ], [ -50.277328826981794, -21.5958029579913 ], [ -50.277333369678701, -21.595802353620002 ], [ -50.277337908165002, -21.595801731550104 ], [ -50.277342442321299, -21.595801091268292 ], [ -50.277346972029903, -21.595800432262394 ], [ -50.277351497174898, -21.595799754021801 ], [ -50.277356017641601, -21.595799056036796 ], [ -50.277360533317598, -21.595798337798893 ], [ -50.277365044091908, -21.595797598800694 ], [ -50.277369549796902, -21.595796838545699 ], [ -50.277374050230101, -21.595796056532304 ], [ -50.277378545259197, -21.595795252243288 ], [ -50.277383034781103, -21.595794425162008 ], [ -50.277387518675603, -21.595793574776305 ], [ -50.277391996810699, -21.595792700577299 ], [ -50.277396464482898, -21.595791802972798 ], [ -50.2774009241069, -21.595790879920205 ], [ -50.277405384845402, -21.595789929412991 ], [ -50.277409846873702, -21.595788952626389 ], [ -50.2774143040957, -21.595787952059911 ], [ -50.277418750482603, -21.595786930221902 ], [ -50.277423185159201, -21.595785888430804 ], [ -50.277427615990099, -21.595784827053098 ], [ -50.277432046616198, -21.595783748280294 ], [ -50.2774364739075, -21.595782655028401 ], [ -50.277440898741098, -21.595781549276495 ], [ -50.277445322003402, -21.595780433026992 ], [ -50.277449744588097, -21.595779308306806 ], [ -50.277454150438601, -21.595778181521297 ], [ -50.277463019591401, -21.595775903404089 ], [ -50.277467456149097, -21.595774763594108 ], [ -50.277477217921501, -21.595772261776087 ], [ -50.277490111243303, -21.595769019882596 ], [ -50.277503308697803, -21.595765825357702 ], [ -50.2775166818953, -21.595762773508604 ], [ -50.277531840252699, -21.595759589105903 ], [ -50.277543533705298, -21.595757454195191 ], [ -50.277548063982202, -21.595756606395298 ], [ -50.277552555869903, -21.595755691243301 ], [ -50.277556996712697, -21.595754663548089 ], [ -50.277561396318397, -21.595753466641597 ], [ -50.277565739493902, -21.595752058113096 ], [ -50.277569902312997, -21.5957504716751 ], [ -50.277573972074102, -21.595748693217701 ], [ -50.277577955745201, -21.595746733949191 ], [ -50.277581858185691, -21.595744605961197 ], [ -50.2775856850485, -21.595742321071992 ], [ -50.277589438706798, -21.5957398945215 ], [ -50.277593120192897, -21.595737341103405 ], [ -50.277596738275797, -21.595734669773499 ], [ -50.277600307138499, -21.595731886306506 ], [ -50.2776038366002, -21.595729000685697 ], [ -50.277607324828402, -21.595726032654191 ], [ -50.277610770796798, -21.595722998628599 ], [ -50.277614184244101, -21.595719906337298 ], [ -50.2776175769175, -21.595716762631891 ], [ -50.277620955037001, -21.595713580522595 ], [ -50.277624320066998, -21.595710376046888 ], [ -50.277627662602697, -21.595707175270107 ], [ -50.277613984336199, -21.595674083226303 ], [ -50.277603370157301, -21.595648368862189 ], [ -50.2775927664389, -21.595622650022605 ], [ -50.2775821698201, -21.595596927865603 ], [ -50.277571568119797, -21.595571207106005 ], [ -50.277560945570897, -21.595545493904297 ], [ -50.277550286395901, -21.595519794425297 ], [ -50.277539574817197, -21.59549411483361 ], [ -50.2775287950574, -21.595468461293912 ], [ -50.277517931338899, -21.595442839971092 ], [ -50.2775069678842, -21.595417257029688 ], [ -50.277495888915901, -21.595391718634591 ], [ -50.277484680573899, -21.595366230202988 ], [ -50.2774733480774, -21.595340789715895 ], [ -50.277461907583401, -21.595315390890892 ], [ -50.2774503753785, -21.595290027395293 ], [ -50.277438767749302, -21.59526469289629 ], [ -50.277427100982202, -21.595239381061095 ], [ -50.277415391363903, -21.595214085556805 ], [ -50.277403655180898, -21.595188800050696 ], [ -50.2773919087198, -21.595163518209993 ], [ -50.277380168266902, -21.595138233701899 ], [ -50.277368450108902, -21.595112940193598 ], [ -50.2773567705323, -21.595087631352381 ], [ -50.2773451457874, -21.595062300859606 ], [ -50.277333585302799, -21.595036945066795 ], [ -50.277322083683202, -21.59501156612799 ], [ -50.277310633586801, -21.59498616695879 ], [ -50.277299227672302, -21.59496075047489 ], [ -50.277287858598207, -21.594935319592004 ], [ -50.277276519022998, -21.594909877225799 ], [ -50.277265201605097, -21.594884426292005 ], [ -50.277253899003199, -21.594858969706202 ], [ -50.277242603875706, -21.594833510384092 ], [ -50.277231308881198, -21.594808051241397 ], [ -50.277220006678199, -21.594782595193792 ], [ -50.277208689925303, -21.594757145156894 ], [ -50.277197351281004, -21.594731704046389 ], [ -50.277185983403797, -21.594706274777995 ], [ -50.277174578952398, -21.594680860267307 ], [ -50.277163130585201, -21.594655463429998 ], [ -50.277151630960802, -21.594630087181706 ], [ -50.277140072737801, -21.594604734438203 ], [ -50.277128448594702, -21.594579408107002 ], [ -50.277116755724599, -21.594554109288701 ], [ -50.277105001550503, -21.594528834988296 ], [ -50.277093194903898, -21.594503581647405 ], [ -50.277081344616498, -21.594478345707095 ], [ -50.277069459519801, -21.594453123608993 ], [ -50.277057548445391, -21.594427911794298 ], [ -50.277045620224897, -21.594402706704301 ], [ -50.277033683689901, -21.59437750478051 ], [ -50.277021747671803, -21.594352302464301 ], [ -50.277009821002309, -21.594327096196896 ], [ -50.276997912512797, -21.594301882419689 ], [ -50.276986031035001, -21.594276657574202 ], [ -50.276974185400398, -21.594251418101603 ], [ -50.276962384440502, -21.594226160443405 ], [ -50.276950636986804, -21.594200881040905 ], [ -50.276938951066903, -21.594175576683092 ], [ -50.276927326127499, -21.594150247867397 ], [ -50.276915756423797, -21.594124897335796 ], [ -50.276904236138201, -21.594099527861097 ], [ -50.276892759556098, -21.59407414216 ], [ -50.276881323044506, -21.594048741806397 ], [ -50.276869924906698, -21.594023327311596 ], [ -50.276858563519198, -21.593997899146395 ], [ -50.276847237258998, -21.5939724577816 ], [ -50.2768359445027, -21.593947003688292 ], [ -50.276824683627105, -21.593921537337092 ], [ -50.276813453008799, -21.593896059199 ], [ -50.276802251024797, -21.593870569744894 ], [ -50.276791076051602, -21.593845069445496 ], [ -50.276779926465998, -21.593819558771795 ], [ -50.276768800644803, -21.593794038194591 ], [ -50.276757696964808, -21.593768508184692 ], [ -50.276746613802601, -21.593742969213103 ], [ -50.276735549535097, -21.593717421750597 ], [ -50.276724502538897, -21.593691866267996 ], [ -50.276713471190902, -21.593666303236194 ], [ -50.276702453867799, -21.59364073312609 ], [ -50.276691448946302, -21.593615156408493 ], [ -50.276680454803198, -21.593589573554191 ], [ -50.276669469815303, -21.593563985034208 ], [ -50.276658492359303, -21.593538391319182 ], [ -50.276647520696002, -21.593512792968905 ], [ -50.2766365515633, -21.59348719170751 ], [ -50.276625580626202, -21.593461590080299 ], [ -50.2766146035272, -21.593435990649393 ], [ -50.276603615908897, -21.593410395977109 ], [ -50.276592613414003, -21.593384808625498 ], [ -50.276581591684803, -21.593359231156793 ], [ -50.276570546364098, -21.593333666133287 ], [ -50.276559473094501, -21.593308116117186 ], [ -50.276548367518402, -21.593282583670696 ], [ -50.276537225278503, -21.593257071356007 ], [ -50.276526042017302, -21.593231581735303 ], [ -50.276514813377503, -21.593206117370791 ], [ -50.276503535001702, -21.593180680824698 ], [ -50.276492202532403, -21.593155274659289 ], [ -50.276480811641598, -21.593129901405799 ], [ -50.276469359740702, -21.593104561766403 ], [ -50.2764578469246, -21.593079253621696 ], [ -50.2764462735176, -21.593053974611095 ], [ -50.276434639843707, -21.593028722373997 ], [ -50.276422946227299, -21.593003494549702 ], [ -50.276411192992498, -21.592978288777598 ], [ -50.276399380463502, -21.592953102697091 ], [ -50.276387508964504, -21.592927933947703 ], [ -50.27637557881971, -21.59290278016859 ], [ -50.276363590353398, -21.592877638999298 ], [ -50.276351543889703, -21.592852508079197 ], [ -50.276339439752803, -21.592827385047499 ], [ -50.276327278266997, -21.592802267543803 ], [ -50.276315059756399, -21.592777153207404 ], [ -50.2763027845454, -21.592752039677695 ], [ -50.276290452957902, -21.5927269245941 ], [ -50.276278065318401, -21.592701805595897 ], [ -50.276265621950898, -21.592676680322505 ], [ -50.276253123179707, -21.592651546413389 ], [ -50.276240569931602, -21.592626401731899 ], [ -50.276227984459105, -21.592601252070502 ], [ -50.276215415560799, -21.592576113091912 ], [ -50.276202913697801, -21.5925510010767 ], [ -50.276190529330798, -21.592525932305492 ], [ -50.276178312920997, -21.592500923059191 ], [ -50.276166314929, -21.592475989618293 ], [ -50.276154585710501, -21.592451148286006 ], [ -50.276142833390999, -21.5924264882503 ], [ -50.276129663049197, -21.592402333615397 ], [ -50.276113457957102, -21.592379055723303 ], [ -50.276092608827199, -21.592357025044905 ], [ -50.276071347495403, -21.592334837728899 ], [ -50.276069293181401, -21.592334616965697 ], [ -50.276050583694897, -21.592334737826999 ], [ -50.276032232336199, -21.592338148661799 ], [ -50.27601431945471, -21.592344226984007 ], [ -50.275996917775402, -21.592352175153597 ], [ -50.2759800988674, -21.592361200185998 ], [ -50.275959294818001, -21.592378033472603 ], [ -50.275944525666802, -21.592388923949596 ], [ -50.2759310162443, -21.592397256015989 ], [ -50.275914493134799, -21.592409770439584 ], [ -50.2758979781363, -21.592420653318207 ], [ -50.275884702992499, -21.5924257080949 ], [ -50.275873238009098, -21.592434063085996 ], [ -50.2758582971884, -21.592444754743902 ], [ -50.275838902365699, -21.592458320100597 ], [ -50.275812738585003, -21.592476245639197 ], [ -50.275797486366301, -21.592486726923688 ], [ -50.275782293390407, -21.592497292211604 ], [ -50.275767214965597, -21.592507996560897 ], [ -50.275753843952693, -21.59251771988697 ], [ -50.275763355596169, -21.592526794206648 ], [ -50.275849324986766, -21.592608764959294 ], [ -50.275934012215387, -21.592689466846139 ], [ -50.276020379373833, -21.592770870314585 ], [ -50.276107043419564, -21.592851557470635 ], [ -50.276107713457201, -21.592852185137279 ], [ -50.276194713461813, -21.59293418508096 ], [ -50.275975286384778, -21.593137814841192 ], [ -50.275888620378524, -21.593056129579715 ], [ -50.275801956430058, -21.592975442396359 ], [ -50.27580128657327, -21.592974814898227 ], [ -50.275714286577887, -21.592892814841893 ], [ -50.275713690343622, -21.592892249778046 ], [ -50.275628659374469, -21.592811220196893 ], [ -50.275542629146877, -21.59272919130547 ], [ -50.275479600602999, -21.592669060580416 ], [ -50.275476385463207, -21.592670216489903 ], [ -50.275467222065508, -21.592673308343748 ], [ -50.275512713200257, -21.592716185013476 ], [ -50.275513340676746, -21.592716779856044 ], [ -50.27559874095644, -21.592798207968922 ], [ -50.275687134494525, -21.592880642331533 ], [ -50.275687674867541, -21.592881148774612 ], [ -50.275773674872013, -21.592962148718954 ], [ -50.275775016984305, -21.592963428575157 ], [ -50.275860428428096, -21.593045894734875 ], [ -50.275947792114991, -21.593125405448891 ], [ -50.275950341152893, -21.593127780000671 ], [ -50.276036065477214, -21.593209517085867 ], [ -50.276124106641248, -21.593292612055812 ], [ -50.276211416343017, -21.593372976609643 ], [ -50.276212090175108, -21.593373600657976 ], [ -50.276300090178339, -21.593455600601299 ], [ -50.276081909668179, -21.593660399321692 ], [ -50.276054205149151, -21.593634583728427 ], [ -50.276062712949731, -21.593643091522264 ], [ -50.276153513455945, -21.593729944113743 ], [ -50.276155294670545, -21.593731676460106 ], [ -50.276244995096683, -21.593820380144855 ], [ -50.276334693738846, -21.593908085415272 ], [ -50.276335301422705, -21.593908682997466 ], [ -50.276426301433965, -21.593998682937343 ], [ -50.276225068041214, -21.594176649388778 ], [ -50.276258666010769, -21.594209088782929 ], [ -50.276343342481262, -21.594289780425957 ], [ -50.276429326992982, -21.59437176559641 ], [ -50.276514342670055, -21.594452780483373 ], [ -50.276600342676062, -21.594534780427406 ], [ -50.276600973600317, -21.594535385533984 ], [ -50.276685627927542, -21.594617051999236 ], [ -50.276769279969436, -21.594696720550488 ], [ -50.276548862344129, -21.594899148531624 ], [ -50.276601974072626, -21.594950385689369 ], [ -50.276686310121733, -21.595031745110322 ], [ -50.276770637765303, -21.59511111224516 ], [ -50.276771974260605, -21.595112385746745 ], [ -50.276856310331347, -21.59519374518857 ], [ -50.277025638000964, -21.595353112288336 ], [ -50.276824432907958, -21.595540094029651 ], [ -50.276847004623356, -21.595562400178093 ], [ -50.276932716549418, -21.595643186070621 ], [ -50.276934624404795, -21.595645016362155 ], [ -50.277018972860304, -21.595727380084579 ], [ -50.277103313069674, -21.595807751281995 ], [ -50.277103975059795, -21.595808386000989 ], [ -50.277116549178864, -21.595820516318341 ], [ -50.277126850102, -21.59581976179339 ], [ -50.2771422622411, -21.595818671590308 ], [ -50.277159633934197, -21.595817494753494 ], [ -50.277177432256501, -21.595816312249692 ], [ -50.27718664132, -21.595815698830901 ], [ -50.277195850726997, -21.595815079862103 ], [ -50.277200455343802, -21.595814767032088 ], [ -50.277205059902101, -21.595814451301695 ], [ -50.277209663845298, -21.595814132226092 ], [ -50.277214286860797, -21.595813807873395 ] ] ], [ [ [ -50.27497991839595, -21.59340530498778 ], [ -50.275062282508252, -21.593485684360175 ], [ -50.275146972467759, -21.593567385199574 ], [ -50.275231642610549, -21.59364906692219 ], [ -50.275316310671272, -21.593729750542678 ], [ -50.275316972656874, -21.593730385257327 ], [ -50.275401642799061, -21.593812066979353 ], [ -50.275486310947983, -21.593892750683899 ], [ -50.275570681567402, -21.593973150861295 ], [ -50.27565704477049, -21.594053557922443 ], [ -50.275658973034012, -21.594055385372421 ], [ -50.275743328625154, -21.594136763645679 ], [ -50.275828676296157, -21.594217149182864 ], [ -50.275829311324436, -21.59421775079829 ], [ -50.275913681943393, -21.594298150975224 ], [ -50.276000045145487, -21.594378558035466 ], [ -50.276000715186555, -21.594379185705318 ], [ -50.276087715191167, -21.594461185648999 ], [ -50.27608831160709, -21.594461750884154 ], [ -50.276173014323156, -21.594542467529617 ], [ -50.276259715379631, -21.594624185706042 ], [ -50.276261607905013, -21.594626001030544 ], [ -50.276344963927194, -21.594707372322773 ], [ -50.276428346291361, -21.594786830751509 ], [ -50.276495119633054, -21.594848231481031 ], [ -50.276464719882917, -21.594819279316305 ], [ -50.276464026239054, -21.594818614442115 ], [ -50.276379340762823, -21.59473691780282 ], [ -50.276293672752558, -21.594655234289515 ], [ -50.27620865735939, -21.594574219551344 ], [ -50.276122672951814, -21.594492234356899 ], [ -50.276037688523353, -21.594411249134748 ], [ -50.276036981523845, -21.59441057097461 ], [ -50.275950333931391, -21.594326911166416 ], [ -50.275865688714433, -21.594246249192903 ], [ -50.275864981715294, -21.594245571033099 ], [ -50.275778004355416, -21.59416159282825 ], [ -50.275693027008721, -21.594079614619321 ], [ -50.27569237756466, -21.594078984288082 ], [ -50.27560769, -21.593996289307924 ], [ -50.275522015816883, -21.593913603695601 ], [ -50.275437027296384, -21.593831614707234 ], [ -50.275436377852849, -21.593830984376492 ], [ -50.27535137786176, -21.593747984320625 ], [ -50.2753507480652, -21.593747365693112 ], [ -50.275266740644604, -21.593664358294692 ], [ -50.275182066010885, -21.593580679767186 ], [ -50.27509839347465, -21.593498999370425 ], [ -50.275097748354945, -21.593498365782413 ], [ -50.275014062372236, -21.593415675996283 ], [ -50.274929378343863, -21.593332984468699 ], [ -50.274928756248165, -21.593332373449805 ], [ -50.274846066437931, -21.593250679837986 ], [ -50.274761378535537, -21.593167984527561 ], [ -50.274760756440152, -21.593167373508965 ], [ -50.274678377108465, -21.593085986635462 ], [ -50.27459300539131, -21.593003592937936 ], [ -50.274591756632176, -21.593002373568119 ], [ -50.274509066822574, -21.592920679956926 ], [ -50.274436738545255, -21.592850053466275 ], [ -50.274420120500345, -21.592854931371221 ], [ -50.274479605827707, -21.592913000335759 ], [ -50.274480884139727, -21.592914263332062 ], [ -50.274562884235777, -21.592996263362167 ], [ -50.274645564958497, -21.593078944018647 ], [ -50.274727600187035, -21.593159990807081 ], [ -50.274810972088488, -21.593240385083636 ], [ -50.274895972095869, -21.593322385028056 ], [ -50.274897243895531, -21.593323626630006 ], [ -50.27497991839595, -21.59340530498778 ] ] ], [ [ [ -50.274817133542427, -21.592055642044379 ], [ -50.274818993607752, -21.592057406703471 ], [ -50.274904356985346, -21.592139792226298 ], [ -50.274990712627975, -21.592221184840231 ], [ -50.274991370426946, -21.592221808603053 ], [ -50.27507773348929, -21.592304200888353 ], [ -50.275165088943503, -21.592385600229118 ], [ -50.275166370618102, -21.592386808661125 ], [ -50.275253042824986, -21.592469495876983 ], [ -50.275339713009515, -21.592551184955717 ], [ -50.275340994182173, -21.592552406878763 ], [ -50.275426357558501, -21.592634792400364 ], [ -50.275437054963874, -21.592644875004797 ], [ -50.275445857350107, -21.592642099637512 ], [ -50.275449952283722, -21.592640717951731 ], [ -50.275370028740738, -21.592563615180708 ], [ -50.275369364340079, -21.592562970242732 ], [ -50.275283684208858, -21.59247928260784 ], [ -50.275198006157936, -21.592396593262599 ], [ -50.275112017649768, -21.592313604290087 ], [ -50.275027328566424, -21.592231904170941 ], [ -50.274940629728526, -21.592149191424024 ], [ -50.274939364822345, -21.592147970390663 ], [ -50.274853372364277, -21.592063977691854 ], [ -50.274769001201008, -21.591981591668826 ], [ -50.274683572698073, -21.59190009085204 ], [ -50.274595531991849, -21.591818974636901 ], [ -50.274593006830841, -21.591816593468117 ], [ -50.274561305030993, -21.59178599752169 ], [ -50.274560440622302, -21.591787556065302 ], [ -50.274556358314904, -21.591794919167004 ], [ -50.274552275147101, -21.591802285309189 ], [ -50.274551316566686, -21.591804015160378 ], [ -50.274554133255045, -21.591806641957703 ], [ -50.274555399556625, -21.591807836712871 ], [ -50.274643369654775, -21.591891808106961 ], [ -50.274728740002288, -21.591973207679867 ], [ -50.274817133542427, -21.592055642044379 ] ] ], [ [ [ -50.275865175488399, -21.592394125766202 ], [ -50.275879325511099, -21.592388737862493 ], [ -50.275891180361903, -21.592380925879098 ], [ -50.2759081667676, -21.592368060561 ], [ -50.275921887216299, -21.592359598343101 ], [ -50.275934679704498, -21.592350165418889 ], [ -50.275957636487902, -21.592331590281297 ], [ -50.2759788047576, -21.592320231380604 ], [ -50.275999209249498, -21.592310911684795 ], [ -50.276021817205198, -21.592303240197705 ], [ -50.276046649294898, -21.592298624836001 ], [ -50.276065226401101, -21.592298504830101 ], [ -50.276059785921198, -21.592283629835805 ], [ -50.276053967276802, -21.592267486145001 ], [ -50.276048205410298, -21.592251158334001 ], [ -50.276042571628807, -21.592234738458099 ], [ -50.276037098002703, -21.592218204014802 ], [ -50.276031824999201, -21.592201556747497 ], [ -50.276026791621597, -21.592184794423396 ], [ -50.276022035479102, -21.592167910408293 ], [ -50.2760175951869, -21.592150901034309 ], [ -50.2760135126479, -21.592133767519698 ], [ -50.276009826607009, -21.592116499340701 ], [ -50.276006577060798, -21.59209909044348 ], [ -50.276003804667702, -21.592081533757586 ], [ -50.276001583786297, -21.592064040772296 ], [ -50.275999904429902, -21.592046772544101 ], [ -50.275998621736399, -21.592029576225297 ], [ -50.275997578571697, -21.592012110457393 ], [ -50.275996671140199, -21.591994721203111 ], [ -50.275996377445701, -21.591989117748092 ], [ -50.275996079136803, -21.591983541868295 ], [ -50.275995771155401, -21.591977995348895 ], [ -50.2759954482596, -21.59197247891359 ], [ -50.275995107677701, -21.591966981077295 ], [ -50.275994746872399, -21.591961489296192 ], [ -50.275994363440603, -21.5919559913368 ], [ -50.275993958659399, -21.591950484464597 ], [ -50.275993534603401, -21.591944970130594 ], [ -50.275993092581501, -21.591939448340799 ], [ -50.275992633902099, -21.591933919101081 ], [ -50.2759921598741, -21.591928382417287 ], [ -50.275991671805997, -21.591922838295496 ], [ -50.275991171006602, -21.591917286741712 ], [ -50.275990658790001, -21.59191172776389 ], [ -50.275990136503502, -21.591906161363905 ], [ -50.275989605502403, -21.591900587540586 ], [ -50.275989067141801, -21.5918950062932 ], [ -50.275988522777098, -21.591889417620393 ], [ -50.275987973763499, -21.591883821521392 ], [ -50.275986867210698, -21.591872607040198 ], [ -50.275986312382301, -21.591866988655791 ], [ -50.275985758352199, -21.591861362833896 ], [ -50.275984892001802, -21.591852518725492 ], [ -50.275983512084501, -21.591838169867692 ], [ -50.275981971767408, -21.591821361244403 ], [ -50.275980528925302, -21.591804369681302 ], [ -50.275979231218798, -21.591787287354403 ], [ -50.275978118794903, -21.591770113435093 ], [ -50.275977232385102, -21.591752855249993 ], [ -50.275976612528503, -21.591735517869591 ], [ -50.275976300737, -21.591718096785797 ], [ -50.275976338963844, -21.591700964675738 ], [ -50.275907950967706, -21.591764016291819 ], [ -50.275940977711159, -21.59179840026945 ], [ -50.275711022136768, -21.591991599645759 ], [ -50.275638717058932, -21.591916323062851 ], [ -50.275565457229618, -21.591842086375252 ], [ -50.275489514080348, -21.591768115717208 ], [ -50.275488817656779, -21.591767432934589 ], [ -50.275412817665938, -21.591692432884411 ], [ -50.275412117387425, -21.591691737228619 ], [ -50.275336151410166, -21.591615771191034 ], [ -50.275259550047721, -21.591542115978282 ], [ -50.275181236578575, -21.591467767692496 ], [ -50.27510157995939, -21.591393089556931 ], [ -50.27502191900421, -21.591318407356862 ], [ -50.274941260151003, -21.591243723179378 ], [ -50.274940580132707, -21.59124308960924 ], [ -50.274894195852362, -21.591199604315022 ], [ -50.274893063553108, -21.591201651865291 ], [ -50.274888991357301, -21.591209016530804 ], [ -50.274884918971409, -21.591216381446696 ], [ -50.274880846033597, -21.59122374629229 ], [ -50.2748767721692, -21.591231110798098 ], [ -50.274872696965808, -21.591238474765703 ], [ -50.274869664007163, -21.591243952475828 ], [ -50.274907619386809, -21.591281014758778 ], [ -50.274992611789735, -21.59136400727591 ], [ -50.275076604168461, -21.591445999772343 ], [ -50.275077882475877, -21.591447262764103 ], [ -50.27516088248754, -21.591530262709028 ], [ -50.275161511057192, -21.591530895052568 ], [ -50.275243566879197, -21.591613939431763 ], [ -50.27532659665259, -21.591694992242047 ], [ -50.275409588852803, -21.591775984567253 ], [ -50.275411511345453, -21.591777895142066 ], [ -50.27549355946536, -21.591860931726423 ], [ -50.275575604829811, -21.591941000033433 ], [ -50.275659597031982, -21.592022992357521 ], [ -50.275742589233772, -21.592103984684279 ], [ -50.275526088314699, -21.592298030144544 ], [ -50.27559230437447, -21.592362706245837 ], [ -50.275676671760394, -21.592444095897061 ], [ -50.275726626357603, -21.592491753695178 ], [ -50.275728461403403, -21.5924904018059 ], [ -50.2757436740862, -21.592479339228891 ], [ -50.275759083899203, -21.592468399624195 ], [ -50.275774518580299, -21.592457666254194 ], [ -50.275789881565203, -21.592447108852397 ], [ -50.275805116347605, -21.592436671078488 ], [ -50.275820167325001, -21.592426298390794 ], [ -50.275834985606501, -21.5924159340132 ], [ -50.275849622670798, -21.592405459724599 ], [ -50.275865175488399, -21.592394125766202 ] ] ], [ [ [ -50.274769380451204, -21.591563985216752 ], [ -50.274716531764916, -21.591512379988838 ], [ -50.274714120592797, -21.591516516345397 ], [ -50.274713484697791, -21.591517607787054 ], [ -50.274728369547553, -21.591531808265209 ], [ -50.274728993008416, -21.591532406508623 ], [ -50.274813745203865, -21.591614202170533 ], [ -50.274901467856509, -21.591695025229814 ], [ -50.274903369828685, -21.591696808409122 ], [ -50.274921177189995, -21.591713797028394 ], [ -50.274852752462834, -21.591645372246425 ], [ -50.274769380451204, -21.591563985216752 ] ] ], [ [ [ -50.276021117381092, -21.591616737189753 ], [ -50.276020999392074, -21.591616618446885 ], [ -50.27602099744157, -21.59161663381812 ], [ -50.276021320507631, -21.591616940316449 ], [ -50.276021117381092, -21.591616737189753 ] ] ], [ [ [ -50.275422514433643, -21.591037908195297 ], [ -50.275500819883689, -21.591113239962777 ], [ -50.275503567865861, -21.591115952886057 ], [ -50.27557786558156, -21.591191228142886 ], [ -50.275655104315, -21.591264555998322 ], [ -50.275655792880066, -21.591265213875594 ], [ -50.275733792967038, -21.591340213902143 ], [ -50.275811792973428, -21.591415213851217 ], [ -50.275812485595466, -21.591415884143551 ], [ -50.27588914052707, -21.59149054798036 ], [ -50.27596643163897, -21.591564866300629 ], [ -50.275986597508592, -21.591583998008744 ], [ -50.275986889115025, -21.591582074370013 ], [ -50.275942782189766, -21.591537401934925 ], [ -50.275865117643384, -21.591459737325831 ], [ -50.275787117734744, -21.591381737354475 ], [ -50.275708117745843, -21.591302737302041 ], [ -50.275707449466303, -21.591302064752757 ], [ -50.275630111689757, -21.59122373540264 ], [ -50.275550782915928, -21.591145398176085 ], [ -50.27554945802607, -21.591144073292163 ], [ -50.275471120313682, -21.591064743898762 ], [ -50.275392774891252, -21.59098739012634 ], [ -50.27531178334646, -21.590907398413943 ], [ -50.275233109090912, -21.590829719973925 ], [ -50.275156860578754, -21.59075533112356 ], [ -50.275156546277898, -21.590755727495196 ], [ -50.275153923005597, -21.590759059330299 ], [ -50.275151312713803, -21.590762399335695 ], [ -50.275148715892101, -21.590765747861784 ], [ -50.275147677663234, -21.590767097428163 ], [ -50.275187503085924, -21.59080590165544 ], [ -50.275188881744008, -21.590807262516385 ], [ -50.275266206006215, -21.590884586716911 ], [ -50.275344521071936, -21.590960919063026 ], [ -50.275345199711381, -21.590961584747184 ], [ -50.275422514433643, -21.591037908195297 ] ] ], [ [ [ -50.276018658069297, -21.591796368574286 ], [ -50.276019101947099, -21.591801972986001 ], [ -50.276019562612902, -21.591807578263399 ], [ -50.276020038658402, -21.5918131843727 ], [ -50.276020528680696, -21.591818791149301 ], [ -50.276021031323602, -21.591824398509281 ], [ -50.276021545232801, -21.5918300064981 ], [ -50.276022069047499, -21.591835615152398 ], [ -50.276022601400904, -21.591841224509594 ], [ -50.276023142555403, -21.591846851606594 ], [ -50.276023687478698, -21.591852458349582 ], [ -50.276024789114899, -21.591863674304594 ], [ -50.276025897206701, -21.591874893654701 ], [ -50.276026784891798, -21.591883899777695 ], [ -50.276027853723797, -21.591894872653096 ], [ -50.276029213587996, -21.591909146861202 ], [ -50.276030718905403, -21.591925833831894 ], [ -50.276032111205602, -21.591942617533395 ], [ -50.276033111838203, -21.591956230655004 ], [ -50.2760514932897, -21.591955286655093 ], [ -50.276065156697499, -21.591955312123002 ], [ -50.2760783211397, -21.591956332773197 ], [ -50.276090861874899, -21.591958597401803 ], [ -50.276102654162202, -21.5919623548046 ], [ -50.276118777176499, -21.591970465076901 ], [ -50.276136883998397, -21.591988061228403 ], [ -50.276151310062097, -21.592010282369309 ], [ -50.276162086540808, -21.592035070498302 ], [ -50.276169218740101, -21.592060245591114 ], [ -50.276173004043301, -21.592084543087704 ], [ -50.276174232565801, -21.592108623557404 ], [ -50.276173673822903, -21.592132837746984 ], [ -50.276172371065996, -21.59215349033909 ], [ -50.276171199589001, -21.592166609520103 ], [ -50.276168903902402, -21.592179018206505 ], [ -50.276164602512992, -21.592189741160091 ], [ -50.276154483524003, -21.592201931876993 ], [ -50.276131809611101, -21.592210273910904 ], [ -50.276103341012103, -21.592212904020787 ], [ -50.276075658591303, -21.592212487623193 ], [ -50.276075927739001, -21.592213311903897 ], [ -50.276077713697902, -21.592218706830788 ], [ -50.276079521661202, -21.592224098651101 ], [ -50.276081350330301, -21.592229487585698 ], [ -50.276083198401309, -21.592234873856601 ], [ -50.276085064564903, -21.592240257687507 ], [ -50.276086947506798, -21.592245639303897 ], [ -50.2760888458577, -21.592251018791796 ], [ -50.276090758215801, -21.592256396018588 ], [ -50.276092683346, -21.592261771109595 ], [ -50.276094620035501, -21.592267144404897 ], [ -50.276096567019799, -21.592272516115393 ], [ -50.276098523029297, -21.592277886452688 ], [ -50.2761004867899, -21.592283255630992 ], [ -50.276100896769201, -21.59228437268969 ], [ -50.276119633514497, -21.592268286843989 ], [ -50.276143221702, -21.592250989201389 ], [ -50.276168016160298, -21.592240448047193 ], [ -50.276196027722797, -21.592237848131401 ], [ -50.2762261469138, -21.592240358529782 ], [ -50.2762566708005, -21.59224438457499 ], [ -50.276286320300599, -21.592247130280096 ], [ -50.27631542555131, -21.592248831960699 ], [ -50.276344592225698, -21.592250309933192 ], [ -50.276373924306803, -21.592251744984395 ], [ -50.276403377922698, -21.592253129422808 ], [ -50.2764329091805, -21.592254455530302 ], [ -50.276462474187305, -21.592255715588603 ], [ -50.276492029051703, -21.592256901880404 ], [ -50.276521540743197, -21.592258010740412 ], [ -50.276551012928898, -21.592259052196496 ], [ -50.276580457019101, -21.592260039165399 ], [ -50.276609884424303, -21.592260984564096 ], [ -50.276639306554699, -21.592261901309289 ], [ -50.276668734791699, -21.592262802345392 ], [ -50.276698175808107, -21.592263705031996 ], [ -50.276727626420403, -21.59226463597129 ], [ -50.276757082206899, -21.592265622927297 ], [ -50.276786538745696, -21.592266693663799 ], [ -50.276815991614903, -21.5922678759447 ], [ -50.276845436392897, -21.592269197532296 ], [ -50.276874870083809, -21.592270672331999 ], [ -50.2769042945989, -21.592272266553493 ], [ -50.276933712904302, -21.592273936152193 ], [ -50.276963127966297, -21.5922756370835 ], [ -50.276992542751103, -21.5922773253027 ], [ -50.277021960224801, -21.592278956765401 ], [ -50.277051383353601, -21.592280487426795 ], [ -50.277080814701897, -21.592281879667997 ], [ -50.2771102535445, -21.592283148508791 ], [ -50.277139697545998, -21.592284334738892 ], [ -50.277169144359704, -21.592285479324108 ], [ -50.277198591639099, -21.592286623230308 ], [ -50.277228037037702, -21.592287807423489 ], [ -50.277257478211702, -21.592289072818591 ], [ -50.277286913725, -21.592290443759797 ], [ -50.277316344348101, -21.592291904279591 ], [ -50.277345771181103, -21.592293432397302 ], [ -50.277375195324105, -21.592295006132495 ], [ -50.277404617876897, -21.592296603504799 ], [ -50.277434039939401, -21.592298202533609 ], [ -50.277463462611699, -21.592299781238594 ], [ -50.2774928869935, -21.592301317639098 ], [ -50.277522314219098, -21.592302789112306 ], [ -50.277551746496698, -21.59230415287718 ], [ -50.2775811872974, -21.592305342455901 ], [ -50.277610640164397, -21.592306290014196 ], [ -50.277640108641101, -21.592306927717999 ], [ -50.277669596270506, -21.5923071877334 ], [ -50.277699105387505, -21.592307022740314 ], [ -50.2777286272796, -21.592306572976895 ], [ -50.2777581473132, -21.592306079210491 ], [ -50.2777876507988, -21.5923057831648 ], [ -50.277817123046802, -21.592305926563704 ], [ -50.277846549368, -21.592306751130703 ], [ -50.277875915073302, -21.592308498589787 ], [ -50.277905210789697, -21.592311323500496 ], [ -50.277934458145197, -21.592314872113906 ], [ -50.2779636899742, -21.592318606932995 ], [ -50.277992939125497, -21.592321990209893 ], [ -50.278022238079402, -21.592324490560095 ], [ -50.278051601887604, -21.592325877737 ], [ -50.278081020976501, -21.592326346984393 ], [ -50.278110483910901, -21.592326125715299 ], [ -50.278139979255499, -21.59232544134251 ], [ -50.278169495575703, -21.592324521278993 ], [ -50.278199021436599, -21.592323592937785 ], [ -50.278228545403898, -21.592322883731789 ], [ -50.2782580560431, -21.592322621074008 ], [ -50.278287542477599, -21.592323013208386 ], [ -50.278316999095402, -21.592324087357401 ], [ -50.278346423180203, -21.592325771164791 ], [ -50.278375812045901, -21.592327991240996 ], [ -50.278405163006397, -21.592330674196496 ], [ -50.278434473378503, -21.592333746629699 ], [ -50.278463744256598, -21.592337121393804 ], [ -50.278492987803098, -21.592340671066303 ], [ -50.278522218196898, -21.5923442608863 ], [ -50.278551449616998, -21.592347756093101 ], [ -50.278580696242102, -21.592351021926 ], [ -50.278609972241703, -21.5923539237174 ], [ -50.278639287273599, -21.592356373285305 ], [ -50.278668639194002, -21.592358404037306 ], [ -50.278698023953602, -21.592360069015392 ], [ -50.2787274375031, -21.59236142126171 ], [ -50.278756875793199, -21.592362513818298 ], [ -50.278786334774701, -21.592363399727201 ], [ -50.278815810398498, -21.592364132030688 ], [ -50.278845298615302, -21.592364763770703 ], [ -50.278874795376105, -21.592365347989396 ], [ -50.278904296631801, -21.5923659377289 ], [ -50.278933798333398, -21.592366586031389 ], [ -50.278963296432003, -21.5923673459389 ], [ -50.278992786878703, -21.592368270493502 ], [ -50.279022265677398, -21.592369411492612 ], [ -50.279051730697901, -21.592370776923502 ], [ -50.2790811821259, -21.592372320378999 ], [ -50.279110620291497, -21.592373992059404 ], [ -50.279140045524706, -21.592375742164695 ], [ -50.2791694581557, -21.592377520895297 ], [ -50.279198858514398, -21.592379278451197 ], [ -50.279228246930906, -21.592380965032792 ], [ -50.279257623735106, -21.592382530840101 ], [ -50.279287024100505, -21.592383669267605 ], [ -50.279316533848004, -21.592381474182709 ], [ -50.279343000518701, -21.592369017060104 ], [ -50.279358820912606, -21.592346420791284 ], [ -50.279360103277199, -21.592319801443793 ], [ -50.279352408563604, -21.592291361408389 ], [ -50.2793420645975, -21.592262890815498 ], [ -50.2793323993697, -21.592235324368897 ], [ -50.279323237416698, -21.592208597732796 ], [ -50.2793142048927, -21.592182590000686 ], [ -50.279304927952197, -21.592157180266206 ], [ -50.279295032750198, -21.592132247622605 ], [ -50.279284145441601, -21.592107671163301 ], [ -50.279271991337097, -21.592083340317789 ], [ -50.279258715432505, -21.592059188264688 ], [ -50.279244573742297, -21.592035159755401 ], [ -50.2792298222817, -21.592011199541691 ], [ -50.279214717065699, -21.591987252375294 ], [ -50.279199514109102, -21.591963263007997 ], [ -50.279184469426703, -21.591939176191698 ], [ -50.279169839032797, -21.591914936678389 ], [ -50.279155864180197, -21.591890493379484 ], [ -50.279142501752801, -21.591865875326992 ], [ -50.279129451901198, -21.591841183887997 ], [ -50.279116405559797, -21.591816523026107 ], [ -50.2791030536657, -21.591791996703893 ], [ -50.279089200390104, -21.591767672135891 ], [ -50.279075055388603, -21.591743484618004 ], [ -50.279060771847, -21.591719381390298 ], [ -50.279046365574899, -21.591695348457513 ], [ -50.2790318473551, -21.591671373242999 ], [ -50.279017227970499, -21.591647443169791 ], [ -50.279002518204003, -21.591623545661299 ], [ -50.2789877306801, -21.59159966738909 ], [ -50.278973023091801, -21.591575735834407 ], [ -50.278958800506608, -21.591551577544699 ], [ -50.278945492139997, -21.591527009214897 ], [ -50.278933450957901, -21.5915018806418 ], [ -50.278922285974097, -21.591476364590498 ], [ -50.278911186216803, -21.5914508161529 ], [ -50.278899438747899, -21.591425547060311 ], [ -50.278887108298399, -21.591400525374691 ], [ -50.278874615369901, -21.591375561934878 ], [ -50.278862382302698, -21.591350466767206 ], [ -50.2788507475885, -21.591325089438694 ], [ -50.278839381383399, -21.591299594685491 ], [ -50.278827634140299, -21.591274298007196 ], [ -50.278814854318, -21.591249515843593 ], [ -50.278800463620698, -21.591225529373386 ], [ -50.278784704289201, -21.591202224755293 ], [ -50.278768332674602, -21.591179240623291 ], [ -50.278751921965998, -21.591156298806801 ], [ -50.278735623200703, -21.591133313363201 ], [ -50.2787195309526, -21.591110224060795 ], [ -50.278703739795397, -21.591086970667796 ], [ -50.278688344302601, -21.59106349295249 ], [ -50.278673435171697, -21.591039733746594 ], [ -50.278659049366603, -21.591015678346992 ], [ -50.278645184565001, -21.590991343097588 ], [ -50.278631831826701, -21.590966747639289 ], [ -50.278618853934702, -21.590941969627409 ], [ -50.278605987205303, -21.590917143913696 ], [ -50.27859296259561, -21.590892407773811 ], [ -50.278579511063299, -21.59086789848309 ], [ -50.278565363565697, -21.590843753316793 ], [ -50.278550359435997, -21.590820052284595 ], [ -50.2785349818787, -21.590796535174203 ], [ -50.278519950947498, -21.590772816622003 ], [ -50.278505987078397, -21.590748511159688 ], [ -50.278493828699503, -21.590723337776595 ], [ -50.278484261789899, -21.590697322322693 ], [ -50.278477459858102, -21.590670605188802 ], [ -50.278472393242808, -21.590643440224305 ], [ -50.278467894746598, -21.590616094247984 ], [ -50.278462797966, -21.590588833962389 ], [ -50.278456235697298, -21.590561882240504 ], [ -50.278448088308998, -21.5905353524441 ], [ -50.278438351011502, -21.590509341111694 ], [ -50.278427068660498, -21.590483916044992 ], [ -50.278414636821303, -21.590458942039508 ], [ -50.278401602124703, -21.590434196447195 ], [ -50.278388511791704, -21.590409456278692 ], [ -50.2783758676022, -21.590384517466205 ], [ -50.278363755955297, -21.590359348906901 ], [ -50.2783520406458, -21.590334012190603 ], [ -50.278340583351898, -21.590308569788807 ], [ -50.278329245751898, -21.590283084172608 ], [ -50.278317889523898, -21.590257617813304 ], [ -50.278306376346499, -21.590232233182096 ], [ -50.278294567898101, -21.590206992750002 ], [ -50.278282325857099, -21.590181958988293 ], [ -50.278269511902401, -21.590157194367894 ], [ -50.278255987841803, -21.590132761299799 ], [ -50.278241719009209, -21.590108674040188 ], [ -50.278226960510899, -21.590084812059096 ], [ -50.278212017767203, -21.590061031423289 ], [ -50.278197196198001, -21.590037188199499 ], [ -50.278182801223302, -21.590013138454704 ], [ -50.278169065014197, -21.5899887725501 ], [ -50.278155908707497, -21.589964126470193 ], [ -50.278143170896499, -21.589939274845101 ], [ -50.278130690174201, -21.589914292305306 ], [ -50.278118305133603, -21.5898892534811 ], [ -50.278105854446302, -21.589864232983285 ], [ -50.278093194847401, -21.589839300901492 ], [ -50.278080224106297, -21.589814517055103 ], [ -50.278066845660199, -21.589789939844898 ], [ -50.278052962946198, -21.589765627671511 ], [ -50.278038479401602, -21.589741638935909 ], [ -50.278023308915209, -21.589718026125297 ], [ -50.278007573365208, -21.5896947240537 ], [ -50.277991586068204, -21.589671559224897 ], [ -50.277975667474799, -21.589648354106888 ], [ -50.2779594086497, -21.58962383116069 ], [ -50.277949639470101, -21.58963005710719 ], [ -50.277939715899997, -21.589636387738498 ], [ -50.277929791662601, -21.589642726881397 ], [ -50.277919866598097, -21.589649076430398 ], [ -50.277914906248398, -21.589652254613998 ], [ -50.277909949334003, -21.58965543496419 ], [ -50.277904988750599, -21.589658621230399 ], [ -50.277895059438599, -21.589665006249401 ], [ -50.277885125362602, -21.589671398275602 ], [ -50.277880158796101, -21.589674593311095 ], [ -50.277875193733209, -21.589677785777596 ], [ -50.277867443708097, -21.589682764109792 ], [ -50.277854780352499, -21.589690868463002 ], [ -50.277839941574904, -21.58970028057939 ], [ -50.277824985387198, -21.5897096442575 ], [ -50.277809920567897, -21.589718914154304 ], [ -50.277794751588601, -21.589728049612294 ], [ -50.277779477107799, -21.589737013669001 ], [ -50.277764085690499, -21.589745775099598 ], [ -50.277748564699301, -21.589754302889794 ], [ -50.277732909102902, -21.589762561522498 ], [ -50.277717091313001, -21.589770528850202 ], [ -50.277701108219297, -21.589778169909597 ], [ -50.277685025166001, -21.5897854191386 ], [ -50.277668843623303, -21.589792251059791 ], [ -50.277652347942201, -21.589798796334698 ], [ -50.277635712683697, -21.589805040704405 ], [ -50.277618960772301, -21.589811034533199 ], [ -50.277602151201698, -21.589816815552989 ], [ -50.277585386878798, -21.589822406523698 ], [ -50.277567654389699, -21.589828198613201 ], [ -50.277550636238701, -21.58983369244989 ], [ -50.277539237753899, -21.589837373773292 ], [ -50.277533557651807, -21.589839213217402 ], [ -50.277527866713108, -21.589841062216799 ], [ -50.277522178516605, -21.589842918427681 ], [ -50.277516494455597, -21.5898447835986 ], [ -50.277510815279001, -21.589846659694892 ], [ -50.277505141660207, -21.5898485486513 ], [ -50.277499474396599, -21.589850452347694 ], [ -50.277493814281797, -21.589852372651489 ], [ -50.277488162104802, -21.589854311417792 ], [ -50.277482518966998, -21.5898562703801 ], [ -50.277476884736501, -21.589858251793803 ], [ -50.277471259659201, -21.589860257760201 ], [ -50.277465646613201, -21.589862289283197 ], [ -50.277460048797401, -21.589864347240091 ], [ -50.277454463704998, -21.589866434547098 ], [ -50.277448891913103, -21.589868550917096 ], [ -50.277443332443099, -21.589870695261489 ], [ -50.277437785140002, -21.589872866301899 ], [ -50.2774322494529, -21.589875062905595 ], [ -50.277426724851701, -21.589877283922004 ], [ -50.277421210916003, -21.589879528157997 ], [ -50.277415707211802, -21.589881794453301 ], [ -50.277410213207098, -21.589884081683788 ], [ -50.277404728364601, -21.589886388722601 ], [ -50.277399252146203, -21.589888714437794 ], [ -50.277393784013597, -21.589891057692192 ], [ -50.277393708807708, -21.589891090190484 ], [ -50.277455944799506, -21.58995332613263 ], [ -50.277540991276148, -21.59003540580818 ], [ -50.277542880917231, -21.59003726218199 ], [ -50.277625569203863, -21.590119950402386 ], [ -50.277710255526188, -21.590203640348619 ], [ -50.277710881111766, -21.590204262242228 ], [ -50.277793565662236, -21.590286946726462 ], [ -50.277877248202167, -21.590369632980067 ], [ -50.277878509788216, -21.590370894559065 ], [ -50.277961196611109, -21.590454577540591 ], [ -50.278043881500174, -21.590537262362918 ], [ -50.278127881511963, -21.590621262307156 ], [ -50.277939330974839, -21.590786187673306 ], [ -50.277959371405679, -21.590805772624503 ], [ -50.278048453851213, -21.590891885589421 ], [ -50.278137821835649, -21.590976288622731 ], [ -50.2782265771108, -21.591060112988057 ], [ -50.278317303936895, -21.591141964305919 ], [ -50.278116370691819, -21.591336777355298 ], [ -50.278117916105579, -21.591338304148415 ], [ -50.278200604290994, -21.59141899978675 ], [ -50.278284604299742, -21.591500999731544 ], [ -50.278285241888383, -21.591501625876688 ], [ -50.278367598467341, -21.591582990143898 ], [ -50.278450934911959, -21.59166335022503 ], [ -50.27853392294724, -21.591743338631698 ], [ -50.278535242171145, -21.591744625963798 ], [ -50.278617924473274, -21.591826312029294 ], [ -50.278701265120766, -21.591907668312427 ], [ -50.278783923230144, -21.591987338718223 ], [ -50.278562076616602, -21.592188661202385 ], [ -50.27847907662369, -21.592108661148142 ], [ -50.278478395074373, -21.592108000042995 ], [ -50.278394395083112, -21.59202599998779 ], [ -50.278393757665754, -21.592025374009879 ], [ -50.278311413042545, -21.591944021426777 ], [ -50.278229052987278, -21.591864638174719 ], [ -50.278158965130096, -21.591797053403653 ], [ -50.277972479664612, -21.591973926638353 ], [ -50.27788247966658, -21.591890926580646 ], [ -50.277881250064844, -21.591889779799967 ], [ -50.277793250069585, -21.591806779742967 ], [ -50.277792543367411, -21.591806108836025 ], [ -50.277790871065989, -21.591804510857923 ], [ -50.277850873227088, -21.591862290672132 ], [ -50.277852883010134, -21.591864262867396 ], [ -50.27793088310203, -21.591942262896573 ], [ -50.278010883113247, -21.592022262843475 ], [ -50.277785116733952, -21.592219737074529 ], [ -50.277705116826127, -21.592139737102404 ], [ -50.27762811179165, -21.592062732006752 ], [ -50.277556095044787, -21.591993382493239 ], [ -50.27736482335574, -21.592169375929021 ], [ -50.277284177621411, -21.592092712642959 ], [ -50.277203490571942, -21.592017006203228 ], [ -50.277121490660925, -21.591940006230114 ], [ -50.277039490664826, -21.591863006177114 ], [ -50.277038823711173, -21.591862376036914 ], [ -50.276958510484903, -21.591786028839241 ], [ -50.276877206045498, -21.591710673450208 ], [ -50.276876490926689, -21.591710006310418 ], [ -50.276794490930598, -21.591633006257425 ], [ -50.276793823977471, -21.591632376117719 ], [ -50.276774067229454, -21.591613594997749 ], [ -50.276568117245262, -21.591793737211269 ], [ -50.276492461680618, -21.591718081586038 ], [ -50.276416841417415, -21.591643443345742 ], [ -50.276338895314971, -21.591569443825339 ], [ -50.276335431745274, -21.591566047032703 ], [ -50.276293115656408, -21.591523174118652 ], [ -50.276098117370282, -21.591693737240856 ], [ -50.27604346069247, -21.591639080519094 ], [ -50.276016476681058, -21.591663958942579 ], [ -50.276016240641098, -21.591667657506896 ], [ -50.2760159267795, -21.59167324581961 ], [ -50.276015656514708, -21.59167883269679 ], [ -50.276015431251203, -21.591684419038195 ], [ -50.276015250536503, -21.591690009592892 ], [ -50.276015113323801, -21.591695604298604 ], [ -50.276015018660708, -21.591701200448195 ], [ -50.276014965582497, -21.591706795358398 ], [ -50.276014953104799, -21.59171238814309 ], [ -50.276014979704698, -21.591717981387898 ], [ -50.276015043762598, -21.591723576031303 ], [ -50.276015143905099, -21.591729171321294 ], [ -50.2760152787571, -21.591734767298092 ], [ -50.276015446938601, -21.591740363997598 ], [ -50.276015647065996, -21.591745961515603 ], [ -50.276015877724603, -21.591751559814401 ], [ -50.276016137529808, -21.591757158707896 ], [ -50.276016425127899, -21.591762758144498 ], [ -50.276016739163502, -21.591768358169492 ], [ -50.2760170782758, -21.591773958825797 ], [ -50.276017441097899, -21.591779560154901 ], [ -50.276017826257409, -21.591785162196803 ], [ -50.276018232376003, -21.591790764990595 ], [ -50.276018658069297, -21.591796368574286 ] ] ], [ [ [ -50.274551224228532, -21.590171609579691 ], [ -50.274552524853505, -21.59017291009787 ], [ -50.274633541083659, -21.590254926463835 ], [ -50.2747122122584, -21.590334593411303 ], [ -50.274791553980535, -21.590413935069623 ], [ -50.274872216262715, -21.59049360145795 ], [ -50.274950544189146, -21.590570937831046 ], [ -50.2750308717862, -21.590648290272412 ], [ -50.275034846248239, -21.590652264542172 ], [ -50.275111203228931, -21.590731558263901 ], [ -50.275120486335396, -21.590740603334833 ], [ -50.275124086052401, -21.590735997309103 ], [ -50.275129507949998, -21.590729159638098 ], [ -50.275130077795041, -21.590728450468657 ], [ -50.275070437967265, -21.590668065094203 ], [ -50.274989428583801, -21.590589031487202 ], [ -50.274988118660332, -21.590587737641389 ], [ -50.274908118754041, -21.590507737670748 ], [ -50.274827769545873, -21.590427388398485 ], [ -50.274746428948085, -21.590348031655569 ], [ -50.274664428956569, -21.590268031601685 ], [ -50.274663759752791, -21.590267374603389 ], [ -50.274580763753711, -21.590185378491292 ], [ -50.274499419216767, -21.59010502589787 ], [ -50.274417079079797, -21.590025661849328 ], [ -50.274415119318562, -21.590023737845694 ], [ -50.274334066570631, -21.589942685033339 ], [ -50.274310236468125, -21.5899196959755 ], [ -50.274322998788897, -21.5899368237278 ], [ -50.274346403685698, -21.589967926663697 ], [ -50.274349152096121, -21.589971524083744 ], [ -50.274388888268263, -21.590012253626803 ], [ -50.274469570823136, -21.590090968252333 ], [ -50.274470224218675, -21.590091609633177 ], [ -50.274551224228532, -21.590171609579691 ] ] ], [ [ [ -50.275673693638801, -21.590139728827506 ], [ -50.275675515167222, -21.59013789643117 ], [ -50.275675515167222, -21.590137896431155 ], [ -50.275673693638801, -21.590139728827506 ] ] ], [ [ [ -50.276850317903858, -21.590107804406472 ], [ -50.276849643695172, -21.590108156475289 ], [ -50.276859914687044, -21.590118303712284 ], [ -50.276871489233415, -21.590129599345143 ], [ -50.276860630559597, -21.5901182356071 ], [ -50.276850317903858, -21.590107804406472 ] ] ], [ [ [ -50.275895277871669, -21.589974895371633 ], [ -50.275896406438108, -21.589973800598003 ], [ -50.275895277871669, -21.589974895371618 ], [ -50.275895277871669, -21.589974895371633 ] ] ], [ [ [ -50.275908597414528, -21.589961978803554 ], [ -50.275908597414528, -21.589961978803547 ], [ -50.275902560685203, -21.589967831429689 ], [ -50.275908597414528, -21.589961978803554 ] ] ], [ [ [ -50.276524929720416, -21.589790318823926 ], [ -50.276609602268408, -21.589872999012144 ], [ -50.276692602589151, -21.589953999264466 ], [ -50.276776602597906, -21.590035999209277 ], [ -50.276777240183655, -21.590036625351573 ], [ -50.276822264590919, -21.590081107261071 ], [ -50.276823350867893, -21.590080527382064 ], [ -50.276774519320753, -21.590031134511989 ], [ -50.276773311852267, -21.590029898885778 ], [ -50.276688332112698, -21.589941919787048 ], [ -50.276601640654356, -21.589852238892721 ], [ -50.276514930705012, -21.589763535537354 ], [ -50.276513162569202, -21.589761695374293 ], [ -50.276428432850636, -21.58967198147678 ], [ -50.276347728777544, -21.589587434279846 ], [ -50.276347250720796, -21.589587772668494 ], [ -50.276343711653404, -21.589590294665904 ], [ -50.276340179963597, -21.5895928266482 ], [ -50.276336655138103, -21.589595367261893 ], [ -50.276333138266402, -21.589597913980597 ], [ -50.276329912844425, -21.589600259096059 ], [ -50.276355968008119, -21.589625383700369 ], [ -50.2764409680155, -21.5897073836448 ], [ -50.276442239802059, -21.589708625233978 ], [ -50.276524929720416, -21.589790318823926 ] ] ], [ [ [ -50.277502984810198, -21.589810907711907 ], [ -50.277520822565599, -21.589805086774497 ], [ -50.277538029162699, -21.589799532554597 ], [ -50.277543713699004, -21.589797697463101 ], [ -50.277549383606903, -21.589795864861589 ], [ -50.277555038007399, -21.589794032947793 ], [ -50.277560676021409, -21.589792199919504 ], [ -50.277566296769898, -21.589790363974295 ], [ -50.277571899373797, -21.589788523309984 ], [ -50.277577482954101, -21.589786676124298 ], [ -50.277583046631896, -21.589784820614899 ], [ -50.277588589527902, -21.589782954979501 ], [ -50.277594110764802, -21.589781077427496 ], [ -50.2775996094988, -21.589779186344696 ], [ -50.277605084908799, -21.589777280105789 ], [ -50.277610536172197, -21.589775357052311 ], [ -50.277615962466101, -21.589773415526096 ], [ -50.277621362968098, -21.589771453868501 ], [ -50.277626736855403, -21.589769470421295 ], [ -50.277632083283898, -21.589767463534901 ], [ -50.277637400202998, -21.589765432068297 ], [ -50.277642686890303, -21.589763374424709 ], [ -50.277647943659304, -21.589761288606194 ], [ -50.277653170824003, -21.589759172614599 ], [ -50.277658368698098, -21.589757024451806 ], [ -50.277663537595402, -21.58975484211981 ], [ -50.277668677829602, -21.589752623620594 ], [ -50.277673796505702, -21.589750364947395 ], [ -50.277678902963999, -21.589748063277096 ], [ -50.277683997681798, -21.589745719539593 ], [ -50.277689081094998, -21.5897433346795 ], [ -50.277694153639509, -21.589740909641304 ], [ -50.277699215751198, -21.589738445369704 ], [ -50.277704267866099, -21.589735942809298 ], [ -50.277709310420001, -21.589733402904706 ], [ -50.277714343848999, -21.589730826600398 ], [ -50.277719368588798, -21.589728214841092 ], [ -50.2777243850568, -21.589725568556393 ], [ -50.277729393635603, -21.589722888694698 ], [ -50.277734394751, -21.589720176284295 ], [ -50.277739388831897, -21.589717432356892 ], [ -50.277744376306799, -21.589714657944391 ], [ -50.2777493576043, -21.589711854078395 ], [ -50.277754333153098, -21.589709021790593 ], [ -50.277759303381806, -21.589706162112797 ], [ -50.277764268719103, -21.589703276076591 ], [ -50.277769229593503, -21.589700364713714 ], [ -50.277774186433703, -21.589697429055892 ], [ -50.277779139668297, -21.589694470134901 ], [ -50.277784089725998, -21.589691488982307 ], [ -50.277789037035397, -21.589688486630003 ], [ -50.277793982025003, -21.589685464109508 ], [ -50.277798925123598, -21.589682422452697 ], [ -50.277803866759797, -21.589679362691193 ], [ -50.277808807362099, -21.589676285856704 ], [ -50.277813747384002, -21.589673193038394 ], [ -50.277818687309001, -21.589670085364794 ], [ -50.2778236276096, -21.5896669639206 ], [ -50.277828568757897, -21.589663829790503 ], [ -50.277833511226198, -21.58966068405919 ], [ -50.277838455486702, -21.5896575278115 ], [ -50.277843402011698, -21.589654362131988 ], [ -50.277848351273398, -21.589651188105403 ], [ -50.277858261363399, -21.589644819145391 ], [ -50.277868192268201, -21.589638429771501 ], [ -50.277873163758102, -21.589635230957299 ], [ -50.277881976773308, -21.58962956213599 ], [ -50.2778814687072, -21.5896293018811 ], [ -50.277877592211297, -21.589627320312207 ], [ -50.277873698803702, -21.589625335081397 ], [ -50.277869803020899, -21.589623354471197 ], [ -50.2778659044912, -21.589621379123496 ], [ -50.277862002844302, -21.589619409677795 ], [ -50.277858097712098, -21.589617446770397 ], [ -50.277854188727709, -21.589615491035207 ], [ -50.2778502755259, -21.589613543103397 ], [ -50.277846357742703, -21.589611603603103 ], [ -50.2778424350156, -21.589609673160091 ], [ -50.27783850698291, -21.589607752397207 ], [ -50.277834574011599, -21.589605842287593 ], [ -50.2778306384293, -21.5896039449371 ], [ -50.277826695687402, -21.589602059786596 ], [ -50.2778227416457, -21.589600185222899 ], [ -50.2778187775221, -21.589598322025498 ], [ -50.277814805266203, -21.589596471320597 ], [ -50.277810826832102, -21.5895946342341 ], [ -50.277806844179501, -21.589592811890995 ], [ -50.277802859273898, -21.589591005416001 ], [ -50.277798870484801, -21.589589214315804 ], [ -50.277794872148398, -21.589587435398101 ], [ -50.277790864220201, -21.589585667169594 ], [ -50.277786850227997, -21.589583910557593 ], [ -50.277782830443698, -21.589582165042494 ], [ -50.277778805126097, -21.589580430096511 ], [ -50.277774774534905, -21.589578705190494 ], [ -50.2777707389317, -21.589576989793503 ], [ -50.2777666985696, -21.589575283369292 ], [ -50.277762653638199, -21.589573585350109 ], [ -50.277758604490607, -21.589571895217908 ], [ -50.277754551572698, -21.5895702125291 ], [ -50.277750495178303, -21.589568536784096 ], [ -50.277746435562698, -21.589566867465205 ], [ -50.277742372981699, -21.58956520405259 ], [ -50.277738307692402, -21.589563546024895 ], [ -50.277734239952402, -21.589561892858896 ], [ -50.277730170019801, -21.589560244029304 ], [ -50.277726082625797, -21.589558592735692 ], [ -50.277722011579407, -21.589556952015492 ], [ -50.277717939130703, -21.5895553140423 ], [ -50.277713865540598, -21.589553678284101 ], [ -50.277705715981703, -21.589550411273592 ], [ -50.277697565000501, -21.589547146685401 ], [ -50.277688479922602, -21.58954350687609 ], [ -50.277676732366501, -21.589538784875302 ], [ -50.277664667082604, -21.5895339026372 ], [ -50.277652552000099, -21.589528950500895 ], [ -50.277640427972699, -21.589523927587404 ], [ -50.277628437529103, -21.589518875725194 ], [ -50.277614366418099, -21.589512823216488 ], [ -50.277598426771803, -21.589505768764099 ], [ -50.277582605306101, -21.589498562222001 ], [ -50.277566773092403, -21.589491165545802 ], [ -50.277551014922302, -21.589483634076991 ], [ -50.277535328693403, -21.589475983571699 ], [ -50.277519699272901, -21.589468223633897 ], [ -50.277504124735302, -21.589460370389091 ], [ -50.277488600873099, -21.589452438807996 ], [ -50.277473138210702, -21.589444451406692 ], [ -50.277457736464804, -21.589436425275796 ], [ -50.277442427134801, -21.589428394288994 ], [ -50.2774270791719, -21.589420306845195 ], [ -50.277412836485098, -21.589412782954099 ], [ -50.277408966543, -21.589410738060394 ], [ -50.277401225288699, -21.589406647806808 ], [ -50.277393481383299, -21.589402558285801 ], [ -50.277385728143898, -21.589398467473693 ], [ -50.277381848441706, -21.58939642270699 ], [ -50.27737798925741, -21.589394392477697 ], [ -50.277374113633599, -21.589392359126101 ], [ -50.277370231823298, -21.589390329849195 ], [ -50.277366344949598, -21.589388307354998 ], [ -50.277362454556702, -21.589386294984592 ], [ -50.277358558791001, -21.589384294035295 ], [ -50.277354656684999, -21.589382306238786 ], [ -50.277350747161407, -21.589380333247103 ], [ -50.277346829310702, -21.589378376739088 ], [ -50.277342903032903, -21.589376438814593 ], [ -50.277338968086504, -21.589374521661309 ], [ -50.277335023527002, -21.589372627097298 ], [ -50.277331068387198, -21.589370756904795 ], [ -50.2773271017045, -21.589368912844304 ], [ -50.277323122517998, -21.589367096654598 ], [ -50.277319129865603, -21.589365310052397 ], [ -50.277315122781097, -21.589363554732508 ], [ -50.277311100749998, -21.589361832564098 ], [ -50.277307068568099, -21.589360147722488 ], [ -50.277303018818301, -21.58935850060849 ], [ -50.277298942443103, -21.589356888396395 ], [ -50.277294844027601, -21.589355312998602 ], [ -50.277290732209103, -21.589353777902296 ], [ -50.277286612460102, -21.589352285374897 ], [ -50.2772824787438, -21.589350832887796 ], [ -50.277278324650297, -21.589349415977804 ], [ -50.277274155002303, -21.589348035151993 ], [ -50.277269970591398, -21.589346689566195 ], [ -50.277265771888601, -21.5893453782618 ], [ -50.277261559281499, -21.5893441002484 ], [ -50.2772573334315, -21.589342854590299 ], [ -50.277253095141504, -21.589341640441891 ], [ -50.277248844946499, -21.589340456893098 ], [ -50.277244583282901, -21.589339302999402 ], [ -50.277240310596703, -21.589338177812806 ], [ -50.2772360273418, -21.589337080381796 ], [ -50.277231733979697, -21.589336009750184 ], [ -50.277227430979103, -21.589334964957391 ], [ -50.277223118814398, -21.589333945037694 ], [ -50.277218797967905, -21.589332949020292 ], [ -50.277214469120999, -21.589331975973103 ], [ -50.277210133056897, -21.589331025020599 ], [ -50.277205790307498, -21.589330095254503 ], [ -50.277201441282898, -21.589329185723209 ], [ -50.277197086443003, -21.589328295479397 ], [ -50.277192726249801, -21.589327423570296 ], [ -50.277188360993598, -21.589326569002996 ], [ -50.277183986774801, -21.589325729937791 ], [ -50.277179615380497, -21.589324906564489 ], [ -50.277175250807801, -21.589324101150805 ], [ -50.277170877433001, -21.589323313714392 ], [ -50.277166492273999, -21.589322547176611 ], [ -50.277162109458601, -21.589321810228892 ], [ -50.277157725865997, -21.589321107840494 ], [ -50.277153340844599, -21.589320445169488 ], [ -50.2771489560782, -21.589319827740901 ], [ -50.277144572628309, -21.589319261217391 ], [ -50.277140190902699, -21.589318751025594 ], [ -50.277135813422611, -21.589318302918002 ], [ -50.277131424709999, -21.589317921534089 ], [ -50.277127033689901, -21.589317609701698 ], [ -50.277122659013301, -21.589317370665103 ], [ -50.277118290031702, -21.589317202775696 ], [ -50.277113919597298, -21.589317103259784 ], [ -50.277109551436602, -21.589317070562092 ], [ -50.277105185572402, -21.589317102977393 ], [ -50.277100821942703, -21.589317198798991 ], [ -50.277096460398703, -21.589317356332799 ], [ -50.277092100787797, -21.589317573884596 ], [ -50.277087743013396, -21.589317849754991 ], [ -50.277083386606407, -21.589318182268798 ], [ -50.2770790301254, -21.589318569754894 ], [ -50.277074674762098, -21.589319010088484 ], [ -50.277070322577899, -21.589319501455698 ], [ -50.277065973400497, -21.5893200422815 ], [ -50.277061626837806, -21.589320631005094 ], [ -50.277057282531608, -21.589321266052501 ], [ -50.277052940154398, -21.589321945834094 ], [ -50.277048599406903, -21.589322668743794 ], [ -50.277044260013803, -21.589323433157507 ], [ -50.277039921721403, -21.589324237432095 ], [ -50.277035584294197, -21.589325079905187 ], [ -50.277031247511701, -21.58932595889409 ], [ -50.277026911165599, -21.589326872695601 ], [ -50.277022575057103, -21.589327819585904 ], [ -50.277018238993598, -21.589328797820492 ], [ -50.277013902786599, -21.589329805633994 ], [ -50.2770095662489, -21.589330841240596 ], [ -50.277005229192703, -21.589331902833795 ], [ -50.277000891965997, -21.589332988452096 ], [ -50.276996555596, -21.589334096056799 ], [ -50.276992220644097, -21.589335223926 ], [ -50.2769878869778, -21.589336370496689 ], [ -50.276983554459001, -21.589337534192598 ], [ -50.276979222941399, -21.5893387134245 ], [ -50.276974892269898, -21.589339906590403 ], [ -50.276970562279502, -21.589341112075989 ], [ -50.276966232794003, -21.589342328253895 ], [ -50.276961903625903, -21.589343553484493 ], [ -50.276957574574702, -21.589344786115294 ], [ -50.276953228890498, -21.589346029211576 ], [ -50.276944584146499, -21.589348512202104 ], [ -50.2769372393117, -21.589350624397184 ], [ -50.276926484398302, -21.589353705949293 ], [ -50.276913839765903, -21.589357268880402 ], [ -50.276900935321301, -21.589360799836602 ], [ -50.276886194914105, -21.589364661187812 ], [ -50.27687017084218, -21.589368552644743 ], [ -50.27687088013905, -21.589369261941044 ], [ -50.2769538801507, -21.58945226188596 ], [ -50.276955125207969, -21.589453521846583 ], [ -50.277036887257012, -21.589537253996898 ], [ -50.277120617452482, -21.589619014005546 ], [ -50.27712188043192, -21.589620262032113 ], [ -50.277205253005384, -21.589703634539038 ], [ -50.277289617646417, -21.589786014065155 ], [ -50.277291509108004, -21.589787894347719 ], [ -50.277365986512919, -21.589863269009349 ], [ -50.2773668201188, -21.589862901037101 ], [ -50.277383454297002, -21.589855713005498 ], [ -50.2774002614537, -21.589848643566103 ], [ -50.277417244621702, -21.589841731219291 ], [ -50.277434410303002, -21.589835013110303 ], [ -50.277451344996699, -21.589828684136499 ], [ -50.2774686506637, -21.589822512739282 ], [ -50.277485912996802, -21.589816591546494 ], [ -50.277502984810198, -21.589810907711907 ] ] ], [ [ [ -50.276090964240503, -21.589312410975413 ], [ -50.27600796426276, -21.58922241091858 ], [ -50.27600628307065, -21.589220556633002 ], [ -50.275924819052236, -21.589129157892579 ], [ -50.275843361963219, -21.589039753688247 ], [ -50.276078637886037, -21.588852246223347 ], [ -50.276160637909648, -21.588942246166965 ], [ -50.276161716752647, -21.58894344333391 ], [ -50.276242884519533, -21.589034509523923 ], [ -50.276325035691734, -21.58912358902737 ], [ -50.276407736537756, -21.589213264563153 ], [ -50.276491137190476, -21.589302622326279 ], [ -50.27653435107807, -21.589348378167433 ], [ -50.276701246928788, -21.589200632645792 ], [ -50.276785246939063, -21.589283632590323 ], [ -50.276785880041068, -21.589284261911402 ], [ -50.276839966247451, -21.5893383480743 ], [ -50.276848478120101, -21.589336365906401 ], [ -50.276852783632698, -21.589335361355602 ], [ -50.276857063149102, -21.58933435771889 ], [ -50.2768613159122, -21.589333351959407 ], [ -50.276865540581703, -21.589332341154492 ], [ -50.276869732188899, -21.589331323219799 ], [ -50.276873899629699, -21.5893302932461 ], [ -50.276878055402499, -21.589329245571196 ], [ -50.276882216667602, -21.589328175021901 ], [ -50.276886391946697, -21.589327081278693 ], [ -50.2768905811945, -21.589325965915297 ], [ -50.276894784365503, -21.589324830505394 ], [ -50.276899001414499, -21.589323676622691 ], [ -50.276903232295901, -21.589322505840801 ], [ -50.276907476964602, -21.589321319733589 ], [ -50.276911735333599, -21.589320119834991 ], [ -50.276916007196199, -21.589318907572299 ], [ -50.276920292635602, -21.5893176846618 ], [ -50.276924591775902, -21.589316452859997 ], [ -50.276928904741403, -21.589315213923392 ], [ -50.2769332316564, -21.589313969608497 ], [ -50.276940372097499, -21.589311916891699 ], [ -50.276948777200403, -21.589309512586301 ], [ -50.276957473175202, -21.589307051472797 ], [ -50.276966280430401, -21.589304599499904 ], [ -50.276975167756703, -21.589302179974105 ], [ -50.276984125897506, -21.589299809892708 ], [ -50.276993162545402, -21.5892975017331 ], [ -50.277002258549103, -21.589295275279106 ], [ -50.277011418946699, -21.5892931462358 ], [ -50.277020650404701, -21.589291130331798 ], [ -50.277029953684902, -21.5892892447219 ], [ -50.277039329836299, -21.589287506480098 ], [ -50.277048780073301, -21.589285932634095 ], [ -50.277058305707207, -21.589284540184099 ], [ -50.277067908114603, -21.58928334611241 ], [ -50.277077600450298, -21.589282366203001 ], [ -50.2770873520561, -21.5892816218871 ], [ -50.277097187434606, -21.589281131085297 ], [ -50.277107097430701, -21.589280913470301 ], [ -50.277117079119897, -21.589280988187799 ], [ -50.277127113738302, -21.589281373793796 ], [ -50.277137155421599, -21.589282086913379 ], [ -50.27714702620591, -21.589283097351494 ], [ -50.277156749086998, -21.589284353950895 ], [ -50.277166264376604, -21.5892857919156 ], [ -50.277175496536998, -21.5892873442554 ], [ -50.277184725786704, -21.589289006003497 ], [ -50.277194087756001, -21.5892907693758 ], [ -50.277203053250901, -21.589292524511698 ], [ -50.277212109356199, -21.589294375817602 ], [ -50.2772211784837, -21.589296317483097 ], [ -50.277230260615497, -21.589298358983385 ], [ -50.277239343551699, -21.589300507293295 ], [ -50.277248426538698, -21.589302772308901 ], [ -50.277257504946697, -21.589305163053606 ], [ -50.277266574165097, -21.589307688552299 ], [ -50.277275632189102, -21.589310358595004 ], [ -50.277284668107598, -21.589313180618898 ], [ -50.277293683018499, -21.589316166007695 ], [ -50.2773026439692, -21.589319314667197 ], [ -50.277311586833001, -21.589322653374005 ], [ -50.277320442357798, -21.589326155746303 ], [ -50.277329141887506, -21.589329790832611 ], [ -50.277337743849806, -21.589333558957495 ], [ -50.277346215279401, -21.589337425507193 ], [ -50.277354565820701, -21.589341374070198 ], [ -50.277362801542097, -21.589345386612706 ], [ -50.277370940342308, -21.589349450990799 ], [ -50.277378959107409, -21.589353535880402 ], [ -50.277386836174102, -21.589357610423789 ], [ -50.277394682117198, -21.589361712012703 ], [ -50.277402877715907, -21.589366023557798 ], [ -50.277412476644599, -21.589371089118593 ], [ -50.277416354632997, -21.589373136665799 ], [ -50.2774202299492, -21.5893751836036 ], [ -50.277424102713297, -21.5893772297269 ], [ -50.277427973045803, -21.589379274830389 ], [ -50.2774318410669, -21.589381318708885 ], [ -50.277435706897101, -21.589383361157292 ], [ -50.277439570656803, -21.58938540196969 ], [ -50.277443432466399, -21.589387440940989 ], [ -50.277447292444499, -21.589389477868696 ], [ -50.277451150709602, -21.58939151255079 ], [ -50.277455007380098, -21.589393544784798 ], [ -50.277458862574498, -21.589395574368805 ], [ -50.2774627164113, -21.589397601100284 ], [ -50.277466569009, -21.589399624777393 ], [ -50.277470420486097, -21.589401645197608 ], [ -50.277474270961001, -21.589403662158894 ], [ -50.277478120552203, -21.589405675458991 ], [ -50.2774819693783, -21.58940768489569 ], [ -50.277485817557597, -21.589409690266695 ], [ -50.277489665209011, -21.5894116913678 ], [ -50.277493512450498, -21.589413687994998 ], [ -50.277497359397898, -21.589415679951578 ], [ -50.277501206167599, -21.589417667040792 ], [ -50.277505052875398, -21.589419649066098 ], [ -50.277508899637603, -21.589421625830603 ], [ -50.277512746570103, -21.589423597137706 ], [ -50.277516593789102, -21.589425562790794 ], [ -50.277520441410502, -21.589427522592999 ], [ -50.277524289550598, -21.589429476347803 ], [ -50.277528138325401, -21.589431423858404 ], [ -50.2775319878508, -21.589433364928105 ], [ -50.277535838243203, -21.5894352993604 ], [ -50.277539689618301, -21.589437226958296 ], [ -50.277543542092502, -21.589439147525386 ], [ -50.277547395781703, -21.5894410608648 ], [ -50.277551250801999, -21.589442966779998 ], [ -50.277555107269599, -21.5894448650741 ], [ -50.277558965300301, -21.58944675555049 ], [ -50.277562825010499, -21.589448638012591 ], [ -50.277566686516003, -21.589450512263603 ], [ -50.2775705499322, -21.589452378109495 ], [ -50.2775744153723, -21.589454235364194 ], [ -50.2775782829519, -21.589456083837192 ], [ -50.277582152786501, -21.5894579233379 ], [ -50.277586024991798, -21.5894597536753 ], [ -50.277589899683399, -21.589461574658696 ], [ -50.2775937769769, -21.589463386097208 ], [ -50.277597656987801, -21.58946518780019 ], [ -50.277601539831899, -21.589466979576688 ], [ -50.2776054256246, -21.589468761235896 ], [ -50.277609314464698, -21.589470532569202 ], [ -50.277613205684602, -21.589472292520899 ], [ -50.277617099556501, -21.589474040934704 ], [ -50.277620997007297, -21.589475778331096 ], [ -50.2776248989639, -21.589477505230491 ], [ -50.277628806353, -21.589479222153205 ], [ -50.277632720101302, -21.589480929619789 ], [ -50.2776366411358, -21.589482628150591 ], [ -50.277640570383099, -21.589484318265988 ], [ -50.277644508770202, -21.589486000486499 ], [ -50.277648457223798, -21.589487675332403 ], [ -50.277652416300697, -21.589489343386589 ], [ -50.277656384870198, -21.58949100542301 ], [ -50.27766036252271, -21.589492661973985 ], [ -50.277664348987003, -21.589494313542698 ], [ -50.277668343991998, -21.589495960632089 ], [ -50.277672347267, -21.589497603745201 ], [ -50.277676358540702, -21.589499243385088 ], [ -50.277680377542197, -21.589500880054796 ], [ -50.277684404000397, -21.589502514257404 ], [ -50.2776884376444, -21.589504146495788 ], [ -50.2776924782031, -21.589505777273192 ], [ -50.277696525405403, -21.589507407092601 ], [ -50.2777005789805, -21.589509036456892 ], [ -50.277704638657198, -21.589510665869309 ], [ -50.277717443916799, -21.589509127654594 ], [ -50.277730161098098, -21.58950749386609 ], [ -50.277742702123099, -21.589505668930808 ], [ -50.277754978913698, -21.589503557276 ], [ -50.2777669033919, -21.589501063329013 ], [ -50.277778387479302, -21.589498091516802 ], [ -50.2777893430981, -21.589494546266796 ], [ -50.2777996821698, -21.589490332006292 ], [ -50.277809316616498, -21.589485353162491 ], [ -50.277818158359999, -21.589479514162687 ], [ -50.2778261193221, -21.589472719434291 ], [ -50.277833130453303, -21.589464894052302 ], [ -50.2778392828397, -21.589456136853602 ], [ -50.277844747751701, -21.589446633682499 ], [ -50.277849206738509, -21.5894375679216 ], [ -50.277845798870104, -21.589432082887008 ], [ -50.277830403027899, -21.589408606580893 ], [ -50.277814489729899, -21.589385421614097 ], [ -50.277798231390797, -21.589362429673198 ], [ -50.277781800748201, -21.589339532261903 ], [ -50.2777653705392, -21.589316630884195 ], [ -50.277749113501208, -21.589293627043993 ], [ -50.277733175860497, -21.589270437461597 ], [ -50.277717548433401, -21.58924706805529 ], [ -50.277702165580699, -21.5892235571466 ], [ -50.277686961583299, -21.5891999431025 ], [ -50.277671870722202, -21.589176264290199 ], [ -50.2776568272782, -21.589152559076798 ], [ -50.277641765532501, -21.589128865829505 ], [ -50.277626618242103, -21.589105223661292 ], [ -50.277611288139902, -21.589081686381292 ], [ -50.277595650487903, -21.589058321245297 ], [ -50.277579569143697, -21.589035204808695 ], [ -50.277562676997398, -21.589012609306995 ], [ -50.2775443984494, -21.588990989108105 ], [ -50.277524571876903, -21.588970576512395 ], [ -50.277503453511201, -21.588951364292996 ], [ -50.2774812345653, -21.588933273816796 ], [ -50.277458063601898, -21.588916195394511 ], [ -50.277434088848103, -21.588900019092296 ], [ -50.277409458530798, -21.588884634976399 ], [ -50.277384320876997, -21.588869933113198 ], [ -50.277358824113499, -21.5888558035691 ], [ -50.277333094886203, -21.58884218135379 ], [ -50.277306648956703, -21.58883026851769 ], [ -50.277279039864197, -21.588821074263304 ], [ -50.277250544778902, -21.588813988875099 ], [ -50.277221472940496, -21.588808331157594 ], [ -50.277192133589097, -21.588803419915099 ], [ -50.277162830626303, -21.588798584982101 ], [ -50.277133714833298, -21.58879347251089 ], [ -50.277104764850698, -21.588788084263495 ], [ -50.277075950159499, -21.588782440923495 ], [ -50.277047240241103, -21.588776563174399 ], [ -50.277018604576497, -21.58877047169959 ], [ -50.276990012760102, -21.588764187151302 ], [ -50.276961444424202, -21.588757727409895 ], [ -50.276932896980497, -21.588751105446189 ], [ -50.276904369662503, -21.588744333728105 ], [ -50.276875861704198, -21.588737424723302 ], [ -50.276847372339098, -21.588730390899599 ], [ -50.276818900800897, -21.588723244724697 ], [ -50.276790446323403, -21.588715998666398 ], [ -50.276762008140103, -21.588708665192492 ], [ -50.276733585484799, -21.588701256770797 ], [ -50.276705177591097, -21.588693785868895 ], [ -50.276676783692601, -21.588686264954706 ], [ -50.276648403023003, -21.58867870649599 ], [ -50.276620034815899, -21.58867112296041 ], [ -50.276591678304897, -21.588663526815694 ], [ -50.276563332325608, -21.588655929793706 ], [ -50.276534993566599, -21.588648339655194 ], [ -50.276506657995903, -21.588640762827797 ], [ -50.276478321580797, -21.5886332057385 ], [ -50.276449980288596, -21.588625674814097 ], [ -50.276421630086602, -21.588618176481308 ], [ -50.276393267657397, -21.5886107158736 ], [ -50.276364892851497, -21.588603292393699 ], [ -50.276336506397399, -21.588595903857296 ], [ -50.276308109022999, -21.588588548080189 ], [ -50.276279701456701, -21.588581222878094 ], [ -50.2762512844266, -21.588573926066708 ], [ -50.276222858660901, -21.588566655461793 ], [ -50.276194424887898, -21.588559408878993 ], [ -50.276165983835597, -21.588552184134098 ], [ -50.276137536232397, -21.588544979042901 ], [ -50.276109082806499, -21.588537791421007 ], [ -50.276080624286003, -21.588530619084288 ], [ -50.2760521613991, -21.588523459848297 ], [ -50.276023694874098, -21.588516311528892 ], [ -50.275995225439097, -21.588509171941695 ], [ -50.275966753822502, -21.5885020389026 ], [ -50.275938280752307, -21.588494910227197 ], [ -50.275909806957003, -21.588487783731292 ], [ -50.275882735927397, -21.588479835160097 ], [ -50.2758547172105, -21.5884720668193 ], [ -50.275826045754499, -21.588464508149396 ], [ -50.275797016507703, -21.588457188591089 ], [ -50.2757679235512, -21.588450137333595 ], [ -50.275738961027209, -21.588443354527502 ], [ -50.275710131587701, -21.588436784683406 ], [ -50.275681416243202, -21.588430366023598 ], [ -50.275652796004202, -21.588424036770498 ], [ -50.275624251881304, -21.5884177351464 ], [ -50.275595764885097, -21.588411399373697 ], [ -50.275567316026198, -21.588404967674496 ], [ -50.275538886315601, -21.588398378271794 ], [ -50.275510460455109, -21.588391585293206 ], [ -50.275482036539003, -21.5883846005758 ], [ -50.275453615698098, -21.588377449041484 ], [ -50.275425199063299, -21.588370155612093 ], [ -50.275396787765303, -21.588362745209597 ], [ -50.275368382934801, -21.588355242755796 ], [ -50.275339985702701, -21.588347673172592 ], [ -50.275311597199597, -21.588340061381899 ], [ -50.275283218556297, -21.588332432305496 ], [ -50.275254850880401, -21.588324810592699 ], [ -50.275226494270598, -21.5883172088988 ], [ -50.275198147442197, -21.588309623440807 ], [ -50.275169809010507, -21.588302049246202 ], [ -50.2751414775909, -21.588294481342494 ], [ -50.2751131517986, -21.588286914757312 ], [ -50.275084830249099, -21.588279344518192 ], [ -50.2750565115577, -21.588271765652795 ], [ -50.275028194334503, -21.588264173242411 ], [ -50.274999876664403, -21.588256567952897 ], [ -50.274971555655803, -21.588248960820493 ], [ -50.274943228311201, -21.5882413640092 ], [ -50.274914891632903, -21.588233789683191 ], [ -50.274886542623399, -21.588226250006404 ], [ -50.274858178285001, -21.588218757143007 ], [ -50.2748297956201, -21.588211323256996 ], [ -50.2748013916312, -21.588203960512491 ], [ -50.274772963320402, -21.588196681073494 ], [ -50.274744507690201, -21.588189497103993 ], [ -50.274716021994607, -21.588182419862008 ], [ -50.274687510416499, -21.588175435661896 ], [ -50.2746589847671, -21.588168503355892 ], [ -50.274630457249899, -21.5881615803847 ], [ -50.274601940068102, -21.588154624189499 ], [ -50.274573445425204, -21.588147592211101 ], [ -50.274544985524699, -21.588140441890307 ], [ -50.274516572569901, -21.588133130668297 ], [ -50.274488217736099, -21.588125619549899 ], [ -50.274459915484599, -21.588117927456597 ], [ -50.274431646698098, -21.588110120364899 ], [ -50.274403391865803, -21.588102265613397 ], [ -50.2743751314772, -21.588094430540892 ], [ -50.274346846021402, -21.588086682486004 ], [ -50.274318515987801, -21.588079088787406 ], [ -50.274290121865405, -21.588071716783496 ], [ -50.2742616441435, -21.588064633812994 ], [ -50.274233064559198, -21.588057903142591 ], [ -50.274204386413999, -21.5880515176942 ], [ -50.274175631221198, -21.588045410979287 ], [ -50.274146821066203, -21.588039514643892 ], [ -50.274117978034397, -21.588033760333591 ], [ -50.2740891242114, -21.588028079694499 ], [ -50.2740602816828, -21.588022404372285 ], [ -50.274031472533999, -21.588016666012887 ], [ -50.274002718850802, -21.588010796262296 ], [ -50.273974040216103, -21.588004731346096 ], [ -50.273945428176802, -21.587998458791198 ], [ -50.273916856682597, -21.587991998324387 ], [ -50.273888299411297, -21.5879853701705 ], [ -50.273859730040598, -21.587978594554102 ], [ -50.273831122248097, -21.587971691699895 ], [ -50.273802449711397, -21.587964681832499 ], [ -50.273773696407901, -21.587957580988601 ], [ -50.273744902799898, -21.587950382237494 ], [ -50.2737161286136, -21.587943070815808 ], [ -50.273687433591803, -21.587935631953297 ], [ -50.273658877476798, -21.587928050880098 ], [ -50.273630520011302, -21.587920312825993 ], [ -50.273602420937898, -21.587912403021289 ], [ -50.273574639999197, -21.587904306695904 ], [ -50.273547236937603, -21.587896009079994 ], [ -50.273520229668001, -21.587887496906696 ], [ -50.273493142456203, -21.587878774647592 ], [ -50.273477395961201, -21.587873754054701 ], [ -50.273473372634498, -21.587880948515199 ], [ -50.2734576572458, -21.587909180821988 ], [ -50.273442044783302, -21.587937488764915 ], [ -50.273426568783798, -21.587965941044196 ], [ -50.273411262201101, -21.587994606719086 ], [ -50.27339615746201, -21.588023555223295 ], [ -50.273381286535802, -21.588052856381196 ], [ -50.273366658860397, -21.588082625513504 ], [ -50.273352100103601, -21.588113144280605 ], [ -50.273337034895597, -21.588144304124196 ], [ -50.273320828481097, -21.588175607552188 ], [ -50.273302818035397, -21.588206476486302 ], [ -50.273282270033498, -21.588236305 ], [ -50.273258397839001, -21.588264400818293 ], [ -50.27323051553131, -21.588289838233198 ], [ -50.27319899035291, -21.588311235406092 ], [ -50.273165968169302, -21.588328738172802 ], [ -50.273133168196601, -21.588343822026893 ], [ -50.273101073187497, -21.5883580496434 ], [ -50.273069215914198, -21.588372064426501 ], [ -50.273037397521797, -21.588385960958398 ], [ -50.273005615467, -21.588399746307893 ], [ -50.272973867432896, -21.588413427442095 ], [ -50.272942151096899, -21.588427011328797 ], [ -50.272910464130405, -21.588440504935985 ], [ -50.272878804198903, -21.588453915231902 ], [ -50.272847168961597, -21.588467249184891 ], [ -50.2728155560714, -21.588480513763301 ], [ -50.272783963174803, -21.588493715935495 ], [ -50.2727523879119, -21.588506862669497 ], [ -50.272720827916103, -21.588519960933006 ], [ -50.272689265688101, -21.588533023939394 ], [ -50.272657732078201, -21.58854604492489 ], [ -50.2726262066072, -21.588559038342499 ], [ -50.2725946868783, -21.5885720111579 ], [ -50.272563170487899, -21.588584970336196 ], [ -50.272534968515799, -21.588596561034397 ], [ -50.272550428825603, -21.588603013111399 ], [ -50.2725875200316, -21.588618026549295 ], [ -50.272624700275898, -21.588632383035108 ], [ -50.272662077184798, -21.588645900447105 ], [ -50.272699881420301, -21.588658526123101 ], [ -50.272738214993403, -21.588670595077101 ], [ -50.272776947479599, -21.588682505429183 ], [ -50.272815841703398, -21.588694537247004 ], [ -50.272854753946298, -21.588706754705086 ], [ -50.272893637754898, -21.588719211581996 ], [ -50.272932460463203, -21.588731966163895 ], [ -50.272971189342996, -21.588745076963598 ], [ -50.273009791573102, -21.588758602714098 ], [ -50.273020259452451, -21.588762414799564 ], [ -50.273071879269729, -21.588717261723914 ], [ -50.273072282703161, -21.588717665157009 ], [ -50.273267630326181, -21.588536109961598 ], [ -50.273351996977745, -21.58861551381079 ], [ -50.273438356258879, -21.588694924586825 ], [ -50.273438991548495, -21.588695512147417 ], [ -50.273524038294475, -21.588774625342278 ], [ -50.273735919334889, -21.588582337623972 ], [ -50.273818278816307, -21.588661720196534 ], [ -50.273848847026812, -21.588690490255583 ], [ -50.274041966695975, -21.588515383329543 ], [ -50.274126636844294, -21.588597065057488 ], [ -50.274211304910018, -21.588677748682766 ], [ -50.274212012074933, -21.588678427000556 ], [ -50.274298659776449, -21.588762086786545 ], [ -50.274383305101047, -21.588842748740873 ], [ -50.27438525399063, -21.588844639984504 ], [ -50.27445724143233, -21.588915780459075 ], [ -50.274664616474269, -21.588730013803641 ], [ -50.27466512176251, -21.588730507202357 ], [ -50.274850253683361, -21.588566639870553 ], [ -50.274934625614513, -21.588650019125328 ], [ -50.275019353116619, -21.588731790954341 ], [ -50.275105746552327, -21.588813219201651 ], [ -50.27519277564771, -21.588895303402055 ], [ -50.275280787423583, -21.588975403949917 ], [ -50.275283396357217, -21.588977835644084 ], [ -50.275370767025628, -21.589061234856175 ], [ -50.27538362624577, -21.589073227153786 ], [ -50.27559261667195, -21.588886013844515 ], [ -50.275677292983403, -21.588968697708133 ], [ -50.275761967341303, -21.589050383496577 ], [ -50.275846967348677, -21.589132383441001 ], [ -50.275847616958892, -21.589133013932539 ], [ -50.275932293270607, -21.589215697796412 ], [ -50.276016967627733, -21.58929738358411 ], [ -50.276101637774858, -21.589379065310933 ], [ -50.2761863058399, -21.58945974893555 ], [ -50.276188254733782, -21.589461640183369 ], [ -50.276272603806383, -21.589544996848556 ], [ -50.276302854486502, -21.589574167126557 ], [ -50.276307815581298, -21.589570547704398 ], [ -50.276314953321801, -21.589565378958703 ], [ -50.276322055198534, -21.589560287394697 ], [ -50.27625916279721, -21.589493695382377 ], [ -50.27625856451705, -21.58949305815063 ], [ -50.276174564537925, -21.589403058093374 ], [ -50.276173964134919, -21.589402410941869 ], [ -50.276090964240503, -21.589312410975413 ] ] ], [ [ [ -50.272934936397803, -21.593854155432588 ], [ -50.272959265127398, -21.593869712264695 ], [ -50.272983643502997, -21.593885203698896 ], [ -50.273008053684201, -21.593900653336387 ], [ -50.27303247783, -21.593916084778488 ], [ -50.273056898099803, -21.593931521626388 ], [ -50.273081296652897, -21.593946987481303 ], [ -50.2731056556485, -21.593962505944596 ], [ -50.2731299572458, -21.593978100617399 ], [ -50.273154183604298, -21.593993795101103 ], [ -50.273178320547501, -21.594009608122192 ], [ -50.2732023705221, -21.594025536293692 ], [ -50.2732263406862, -21.594041569960908 ], [ -50.273250238198102, -21.594057699468792 ], [ -50.273274070216097, -21.594073915162102 ], [ -50.273297843898703, -21.594090207385893 ], [ -50.2733215664041, -21.594106566485099 ], [ -50.273345244890606, -21.594122982804592 ], [ -50.2733688865167, -21.594139446689297 ], [ -50.2733924984406, -21.594155948484101 ], [ -50.2734160878206, -21.594172478533906 ], [ -50.273439661815097, -21.594189027183713 ], [ -50.273463227536901, -21.594205584844484 ], [ -50.273486790264997, -21.594222144602202 ], [ -50.273510352858203, -21.594238703071589 ], [ -50.273533918010003, -21.594255257109189 ], [ -50.273557488413601, -21.594271803571491 ], [ -50.273581066762198, -21.5942883393149 ], [ -50.273604655749303, -21.594304861195898 ], [ -50.273628258068101, -21.594321366071 ], [ -50.273651876411897, -21.594337850796503 ], [ -50.273675513473997, -21.594354312229001 ], [ -50.273699172000207, -21.594370747110087 ], [ -50.273722855075803, -21.594387151437296 ], [ -50.273746565921698, -21.594403520911193 ], [ -50.273770307759101, -21.594419851231791 ], [ -50.2737940838092, -21.594436138098999 ], [ -50.2738178972931, -21.594452377212697 ], [ -50.273841751432201, -21.594468564272784 ], [ -50.2738656494476, -21.5944846949793 ], [ -50.273889594560501, -21.594500765031999 ], [ -50.273913589992098, -21.594516770130795 ], [ -50.273937638963602, -21.594532705975787 ], [ -50.273961744696102, -21.594548568266593 ], [ -50.273985910411, -21.59456435270339 ], [ -50.274010139329299, -21.594580054985894 ], [ -50.274034434672302, -21.594595670814098 ], [ -50.274058799661205, -21.594611195887801 ], [ -50.274083237517097, -21.594626625907001 ], [ -50.274107748650401, -21.594641960146998 ], [ -50.274132312402202, -21.5946572246825 ], [ -50.274156898553798, -21.594672457748391 ], [ -50.274181476838898, -21.59468769764009 ], [ -50.274206016991201, -21.5947029826532 ], [ -50.274230488744301, -21.594718351083088 ], [ -50.274254861831899, -21.594733841225398 ], [ -50.274279105987702, -21.594749491375598 ], [ -50.274303190945503, -21.594765339829301 ], [ -50.274327086442099, -21.594781424878001 ], [ -50.274350773737702, -21.594797770612889 ], [ -50.2743643633668, -21.594807361967298 ], [ -50.274371605353203, -21.594796202257804 ], [ -50.274378837394003, -21.594785087868278 ], [ -50.274386418039001, -21.594773476282306 ], [ -50.274394434439003, -21.594761243200498 ], [ -50.274402969327198, -21.594748283674992 ], [ -50.274412031001901, -21.594734818774498 ], [ -50.2744215658809, -21.594721340601005 ], [ -50.274431518501501, -21.594708349493601 ], [ -50.274441833401298, -21.594696345791196 ], [ -50.274452455118002, -21.594685829832592 ], [ -50.274463328189299, -21.594677301956789 ], [ -50.274474397153305, -21.594671262502803 ], [ -50.274485606548303, -21.594668211809587 ], [ -50.274502332122701, -21.594668861035899 ], [ -50.274524337363204, -21.594684248587797 ], [ -50.274538425979799, -21.594702389921093 ], [ -50.274549219983101, -21.594720168035188 ], [ -50.274557849795499, -21.594744658879101 ], [ -50.274562486775807, -21.594766875672502 ], [ -50.274566572171508, -21.594790722699294 ], [ -50.274569031077696, -21.594803827830603 ], [ -50.2745717085702, -21.594817037860199 ], [ -50.274574448268204, -21.5948303196101 ], [ -50.274577093075102, -21.594843639846701 ], [ -50.2745794858944, -21.594856965336394 ], [ -50.274581469629403, -21.594870262845699 ], [ -50.274582887183399, -21.594883499141002 ], [ -50.274583581459801, -21.59489664098869 ], [ -50.274583395361702, -21.594909655155295 ], [ -50.274582171792197, -21.594922508407198 ], [ -50.274578599601, -21.594941209052603 ], [ -50.274570558291302, -21.594960880253009 ], [ -50.274581560168102, -21.594969174017699 ], [ -50.274604608344802, -21.594986418364201 ], [ -50.274627755419502, -21.595003556853303 ], [ -50.274651011527801, -21.595020576799392 ], [ -50.274674371539298, -21.595037483203093 ], [ -50.2746978296747, -21.595054281817102 ], [ -50.27472138015451, -21.595070978393704 ], [ -50.274745017199507, -21.595087578685593 ], [ -50.274768735030101, -21.595104088445201 ], [ -50.274792527867099, -21.595120513425098 ], [ -50.274816389931097, -21.595136859377789 ], [ -50.274840315442702, -21.595153132055799 ], [ -50.274864298622603, -21.595169337211683 ], [ -50.274888333691301, -21.595185480597994 ], [ -50.274912414869497, -21.595201567967308 ], [ -50.274936536377901, -21.595217605072094 ], [ -50.274960692436998, -21.595233597664901 ], [ -50.274984877267507, -21.595249551498309 ], [ -50.275009085090097, -21.5952654723249 ], [ -50.275033310125401, -21.595281365897197 ], [ -50.275057546593999, -21.595297237967699 ], [ -50.275081788716598, -21.595313094289196 ], [ -50.275106030713701, -21.595328940613999 ], [ -50.275130266806201, -21.595344782694799 ], [ -50.275154491214501, -21.595360626284183 ], [ -50.275178698159301, -21.595376477134696 ], [ -50.275202881861297, -21.595392340998998 ], [ -50.275227036541203, -21.595408223629502 ], [ -50.2752511564195, -21.595424130778994 ], [ -50.275275235716897, -21.595440068200002 ], [ -50.275299268654202, -21.595456041644994 ], [ -50.275323249451802, -21.595472056866704 ], [ -50.275347172330605, -21.595488119617809 ], [ -50.275371031511, -21.59550423565069 ], [ -50.275394821213901, -21.595520410718095 ], [ -50.275418535659803, -21.595536650572605 ], [ -50.275442169069301, -21.595552960966906 ], [ -50.275465715663302, -21.595569347653491 ], [ -50.275489169662201, -21.5955858163851 ], [ -50.2755125252868, -21.595602372914293 ], [ -50.275535776757799, -21.595619022993795 ], [ -50.275558918295701, -21.595635772376003 ], [ -50.2755819441212, -21.595652626813802 ], [ -50.275604848455103, -21.5956695920597 ], [ -50.275627625517906, -21.59568667386629 ], [ -50.275650269530303, -21.595703877986402 ], [ -50.275672782091199, -21.595721203561006 ], [ -50.275695243670597, -21.595738579054789 ], [ -50.275717782528403, -21.595755890108105 ], [ -50.275740527592802, -21.595773021762405 ], [ -50.275763607791802, -21.595789859058979 ], [ -50.275787152053603, -21.595806287039299 ], [ -50.275811289306098, -21.595822190744496 ], [ -50.275836148477609, -21.595837455215605 ], [ -50.275861858496, -21.595851965493896 ], [ -50.275888548289203, -21.595865606620201 ], [ -50.275916188441997, -21.595878395180595 ], [ -50.275943511321401, -21.595891376421903 ], [ -50.275970583158397, -21.595907199951 ], [ -50.275986461923999, -21.595905757187413 ], [ -50.275991041259999, -21.595905341929395 ], [ -50.275995620639698, -21.595904927596699 ], [ -50.276000200068303, -21.59590451429219 ], [ -50.276004779551698, -21.595904102118695 ], [ -50.276009359095099, -21.595903691179291 ], [ -50.276018722477502, -21.595902853713792 ], [ -50.276032428162502, -21.595901641787904 ], [ -50.276046145041299, -21.595900445595902 ], [ -50.276059865600899, -21.595899268621292 ], [ -50.276073594220598, -21.595898113281493 ], [ -50.276087326705898, -21.5958969827137 ], [ -50.276101062460398, -21.595895879749403 ], [ -50.276114801142803, -21.595894807201791 ], [ -50.276128542567797, -21.595893767875097 ], [ -50.276142279655403, -21.595892765080396 ], [ -50.276156012556797, -21.595891801505697 ], [ -50.276169760460597, -21.595890878674606 ], [ -50.276183511041097, -21.595890000258603 ], [ -50.276197262713602, -21.595889169164401 ], [ -50.276211019551099, -21.595888387927999 ], [ -50.276224778336903, -21.595887659504999 ], [ -50.276238540011498, -21.595886986624198 ], [ -50.276252304708599, -21.595886372065191 ], [ -50.276266072339006, -21.595885818621898 ], [ -50.276279843252297, -21.595885329071802 ], [ -50.276293617613099, -21.595884906187703 ], [ -50.276307360110998, -21.595884553658703 ], [ -50.276322673025902, -21.595884241146301 ], [ -50.276340817048101, -21.59588396482761 ], [ -50.276357901607803, -21.595883747514094 ], [ -50.276358269636759, -21.595883742774976 ], [ -50.276355060404093, -21.595880648155394 ], [ -50.276272072469588, -21.595800659723668 ], [ -50.276271390913045, -21.595799998611536 ], [ -50.276187730663139, -21.59571833020911 ], [ -50.276105072743192, -21.595638659863692 ], [ -50.276022072750294, -21.595558659809427 ], [ -50.276020112957397, -21.59555673577475 ], [ -50.275939083492929, -21.595475706245875 ], [ -50.27585707302385, -21.595396659949515 ], [ -50.275774073030952, -21.595316659895236 ], [ -50.275773391475454, -21.595315998784109 ], [ -50.275689407424395, -21.595234014289577 ], [ -50.275608083574888, -21.595154673887439 ], [ -50.275525752239616, -21.595076310268055 ], [ -50.275523113520478, -21.595073735948787 ], [ -50.27544144084353, -21.594992063206398 ], [ -50.27536141781389, -21.594913028053163 ], [ -50.275304640871916, -21.594858303247673 ], [ -50.275097073438303, -21.595046660065837 ], [ -50.275015076896501, -21.594967627194844 ], [ -50.274932099457402, -21.594890576659097 ], [ -50.27493075255051, -21.594889310407865 ], [ -50.274848097571329, -21.594810638742388 ], [ -50.274765444819636, -21.594732965014646 ], [ -50.274764720104635, -21.594732279398453 ], [ -50.274681081331416, -21.594652623364411 ], [ -50.274598445002248, -21.594574965069846 ], [ -50.274597098595073, -21.59457368394623 ], [ -50.274515424789151, -21.594494998146569 ], [ -50.274432753012363, -21.594416310492488 ], [ -50.274432098778369, -21.594415684002151 ], [ -50.274350098785327, -21.594336683948576 ], [ -50.274348771091745, -21.594335388840861 ], [ -50.274268769110215, -21.594256374476423 ], [ -50.274187786742353, -21.594179342409468 ], [ -50.274186458004813, -21.594178062788782 ], [ -50.274106424685712, -21.594100030231935 ], [ -50.274024424694204, -21.594020030178051 ], [ -50.274023779750188, -21.594019397141775 ], [ -50.273944117887517, -21.593940730990486 ], [ -50.273864458288323, -21.593863062820709 ], [ -50.273863114941392, -21.593861736376621 ], [ -50.273792826126233, -21.593791447505382 ], [ -50.27374109695505, -21.593837288474781 ], [ -50.273740010174919, -21.59383632249137 ], [ -50.273589531295215, -21.594000845041727 ], [ -50.273584531294397, -21.593996845038735 ], [ -50.273572805975164, -21.593986422989609 ], [ -50.273495763508897, -21.593910380997983 ], [ -50.273414414994399, -21.593830024475505 ], [ -50.273332074864953, -21.593750660434193 ], [ -50.273330115083205, -21.593748736410447 ], [ -50.273248765881057, -21.593667387143363 ], [ -50.273167749151547, -21.593588346369962 ], [ -50.273085075145595, -21.593508660519994 ], [ -50.273084425382407, -21.593508030434975 ], [ -50.273002425390906, -21.593428030381091 ], [ -50.273000471605293, -21.593426088711908 ], [ -50.272920439018797, -21.593345068003249 ], [ -50.272839425663499, -21.593266030521281 ], [ -50.27283881275855, -21.59326543256477 ], [ -50.272824226127902, -21.593270052593994 ], [ -50.2728062330605, -21.593275578730307 ], [ -50.272788165220597, -21.593280830908597 ], [ -50.272769992797002, -21.593285693745489 ], [ -50.272751685985199, -21.593290051882597 ], [ -50.272733233784997, -21.5932938615484 ], [ -50.272714685231399, -21.593297307523386 ], [ -50.2726961013148, -21.593300620100997 ], [ -50.272677543025203, -21.593304029574693 ], [ -50.2726590713525, -21.593307766238198 ], [ -50.2726407472868, -21.593312060384896 ], [ -50.272622598279199, -21.593317013866198 ], [ -50.272604501175202, -21.593322151756304 ], [ -50.272586290563297, -21.593326837298005 ], [ -50.272569509451081, -21.593330279871154 ], [ -50.272530115541215, -21.5933647365426 ], [ -50.272507219435347, -21.593341840418454 ], [ -50.272493830179798, -21.593345060525493 ], [ -50.272475565044601, -21.593349615754398 ], [ -50.272457186381303, -21.593353580847609 ], [ -50.2724386334895, -21.593356693589381 ], [ -50.272419940694199, -21.593359129298708 ], [ -50.2724011458224, -21.59336107941941 ], [ -50.272382286700797, -21.593362735395203 ], [ -50.272363401155999, -21.593364288669896 ], [ -50.272344527014603, -21.593365930687291 ], [ -50.272325702103203, -21.593367852891387 ], [ -50.272306963607299, -21.593370243411595 ], [ -50.272288322898603, -21.593373156828694 ], [ -50.272269757278501, -21.593376471464996 ], [ -50.272257920240001, -21.5933787615194 ], [ -50.272274196860906, -21.593392037162193 ], [ -50.272296512543299, -21.593410101357698 ], [ -50.2723189865129, -21.593427978761998 ], [ -50.272341705328799, -21.593445561146911 ], [ -50.272364734394699, -21.593462766434804 ], [ -50.272388045103497, -21.593479628756899 ], [ -50.272411582742897, -21.593496214513404 ], [ -50.272435292599702, -21.593512590105902 ], [ -50.2724591199607, -21.593528821935699 ], [ -50.272483010112801, -21.593544976404495 ], [ -50.272506908342798, -21.593561119913808 ], [ -50.272530761332497, -21.593577317189201 ], [ -50.272554546771602, -21.593593595702504 ], [ -50.272578272771199, -21.593609946375789 ], [ -50.272601948720201, -21.593626358596094 ], [ -50.2726255840074, -21.593642821750596 ], [ -50.272649188021703, -21.593659325226309 ], [ -50.272672770168498, -21.593675858383389 ], [ -50.272696342044703, -21.593692407054512 ], [ -50.272719919603396, -21.593708950058694 ], [ -50.272743519312705, -21.593725465386207 ], [ -50.272767157640303, -21.593741931027491 ], [ -50.272790851054403, -21.593758324972896 ], [ -50.2728146160227, -21.593774625212806 ], [ -50.272838469013401, -21.593790809737392 ], [ -50.2728624264942, -21.5938068565371 ], [ -50.272886499240499, -21.593822751170002 ], [ -50.272910675155302, -21.593838509601493 ], [ -50.272934936397803, -21.593854155432588 ] ] ], [ [ [ -50.272630036323115, -21.593277338831534 ], [ -50.272630036323108, -21.593277338831534 ], [ -50.272611573494707, -21.593282377965298 ], [ -50.272630036323115, -21.593277338831534 ] ] ], [ [ [ -50.272809269575177, -21.593236609924539 ], [ -50.272757749618364, -21.593186346513132 ], [ -50.272746482620434, -21.593175486747761 ], [ -50.272630036323115, -21.593277338831534 ], [ -50.272630635226598, -21.593277175370407 ], [ -50.272650288708697, -21.593272569682 ], [ -50.272669733845603, -21.593268636094798 ], [ -50.2726887600952, -21.593265140648793 ], [ -50.272707303694901, -21.593261835257493 ], [ -50.272725303844297, -21.593258491165692 ], [ -50.2727427530914, -21.593254888570897 ], [ -50.272759910123597, -21.593250804151296 ], [ -50.272777114707402, -21.593246200302708 ], [ -50.272794470024998, -21.593241155248986 ], [ -50.272809269575177, -21.593236609924539 ] ] ], [ [ [ -50.273226560922879, -21.593228931945372 ], [ -50.273257312921515, -21.593258933871748 ], [ -50.273230115594572, -21.593231736522942 ], [ -50.273228792508519, -21.593230396589046 ], [ -50.27318990196089, -21.593190508814917 ], [ -50.273189770300064, -21.593190536982775 ], [ -50.273188832375901, -21.59319073764475 ], [ -50.273226560922879, -21.593228931945372 ] ] ], [ [ [ -50.274341067013466, -21.592755680015006 ], [ -50.274256386823282, -21.59267299223534 ], [ -50.274183266721316, -21.592601613032674 ], [ -50.274179365031507, -21.592610267151485 ], [ -50.274177232940396, -21.592614874653659 ], [ -50.27422960554081, -21.592666000247643 ], [ -50.274230243131065, -21.592666626394376 ], [ -50.274313243141208, -21.592748626339542 ], [ -50.27431388394794, -21.59274926327307 ], [ -50.274391087634619, -21.592826466898131 ], [ -50.274407084238646, -21.59282090190332 ], [ -50.274341067013466, -21.592755680015006 ] ] ], [ [ [ -50.272605116328506, -21.592601736750318 ], [ -50.272604448046579, -21.592601064198639 ], [ -50.272527114466342, -21.592522739098627 ], [ -50.272448790002606, -21.592445406022186 ], [ -50.272448116591335, -21.592444736886883 ], [ -50.272370116602303, -21.59236673683511 ], [ -50.272368127258069, -21.592364709137804 ], [ -50.272292111703408, -21.592285731871936 ], [ -50.272215116786334, -21.592208736892147 ], [ -50.272213127442939, -21.592206709195715 ], [ -50.272136459446813, -21.592127054067507 ], [ -50.272058793811411, -21.592047396938902 ], [ -50.272058127630082, -21.59204670925439 ], [ -50.271981127645468, -21.591966709202495 ], [ -50.271980491607465, -21.591966044267362 ], [ -50.271904138297174, -21.591885724482527 ], [ -50.271827451192223, -21.591807070976035 ], [ -50.271750117344112, -21.591729737065208 ], [ -50.271748794263495, -21.591728397136812 ], [ -50.271672432884188, -21.591650077709428 ], [ -50.271593127222012, -21.591573709234499 ], [ -50.271591117608629, -21.591571737202607 ], [ -50.271513470230282, -21.591494089762818 ], [ -50.271435174485859, -21.591419708749179 ], [ -50.271354178333993, -21.591343651331336 ], [ -50.271272569923156, -21.59126892550448 ], [ -50.271189979158073, -21.591195183699423 ], [ -50.271105692287549, -21.591121804492577 ], [ -50.271104937078256, -21.591121142587344 ], [ -50.271092221185384, -21.591109922674388 ], [ -50.271089748601, -21.591109739964899 ], [ -50.271041018712125, -21.591106130750678 ], [ -50.271075471587949, -21.591141875579201 ], [ -50.271156834938488, -21.591225223332344 ], [ -50.271236891733516, -21.591306268416808 ], [ -50.271320249223933, -21.591388633490489 ], [ -50.27132088232738, -21.591389262812985 ], [ -50.271402239581207, -21.591470620001871 ], [ -50.271484256658987, -21.591550660702087 ], [ -50.271566282139261, -21.59162972134579 ], [ -50.271650633800469, -21.591709111085439 ], [ -50.271651276555211, -21.591709719620706 ], [ -50.271735276560946, -21.591789719566073 ], [ -50.271735922941588, -21.59179033886328 ], [ -50.271818282416596, -21.591869721429656 ], [ -50.271902634077861, -21.591949111169352 ], [ -50.271903244204722, -21.591949688639804 ], [ -50.271986244210304, -21.592028688585838 ], [ -50.271986923218861, -21.592029338947842 ], [ -50.272068944210375, -21.592108395265548 ], [ -50.272152947005807, -21.592186468394512 ], [ -50.272153593889087, -21.592187073183119 ], [ -50.272237593893294, -21.592266073128791 ], [ -50.272238923495046, -21.592267339032045 ], [ -50.272321923502155, -21.592347338977788 ], [ -50.272322573433584, -21.592347969224988 ], [ -50.27240357269465, -21.592426992833687 ], [ -50.272485552592904, -21.592504034126328 ], [ -50.272487573617205, -21.592505969281245 ], [ -50.272569249764807, -21.59258565326601 ], [ -50.272651923871031, -21.592665339090406 ], [ -50.2726525738031, -21.592665969338242 ], [ -50.272734573896059, -21.592745969366764 ], [ -50.272816573904549, -21.592825969312891 ], [ -50.272817227305019, -21.592826610698545 ], [ -50.272897579915607, -21.592905971239368 ], [ -50.272979924242122, -21.592985339203814 ], [ -50.272980574174873, -21.592985969452304 ], [ -50.273062574267826, -21.593065969480818 ], [ -50.273144574276316, -21.593145969426946 ], [ -50.273146528229184, -21.593147911259248 ], [ -50.273158598142054, -21.593160130173516 ], [ -50.273158945341258, -21.593160056164791 ], [ -50.273159992930943, -21.593159832861403 ], [ -50.273151449624791, -21.593151070488872 ], [ -50.273073115859702, -21.593072736660261 ], [ -50.272995451519641, -21.592995072257974 ], [ -50.272916789453667, -21.59291740585272 ], [ -50.272915447679075, -21.592916064084331 ], [ -50.27283778076999, -21.592837401381512 ], [ -50.272760116144468, -21.592759736693271 ], [ -50.272758126798145, -21.592757708993826 ], [ -50.272682111244478, -21.592678731728977 ], [ -50.272605116328506, -21.592601736750318 ] ] ], [ [ [ -50.272307508992569, -21.591583993814581 ], [ -50.272389508996497, -21.591660993761575 ], [ -50.272390872966952, -21.591662290783443 ], [ -50.27247086910473, -21.591739324043296 ], [ -50.272552846142702, -21.591815374974541 ], [ -50.272554210612142, -21.591816656744342 ], [ -50.272635861126943, -21.591894324249239 ], [ -50.272717509354706, -21.591970993869811 ], [ -50.272718873326596, -21.591972290893047 ], [ -50.272799195793972, -21.592049638395729 ], [ -50.272880509533792, -21.592125993923965 ], [ -50.272881210971079, -21.592126656853306 ], [ -50.272963193866858, -21.592204640524969 ], [ -50.273043490066534, -21.592280971423538 ], [ -50.273124794595084, -21.5923563267853 ], [ -50.273126899008822, -21.592358315335034 ], [ -50.273208187437497, -21.592436629737556 ], [ -50.273288510064894, -21.59251199413864 ], [ -50.273338981869216, -21.592559388359188 ], [ -50.273321764990193, -21.592542381428597 ], [ -50.273320487978197, -21.592541104609484 ], [ -50.273237480485719, -21.592457096957467 ], [ -50.273156436195997, -21.592375064256416 ], [ -50.273074410590361, -21.59229501510843 ], [ -50.273072488267587, -21.592293104699397 ], [ -50.272991064460186, -21.592210699816135 ], [ -50.272907691179562, -21.592131249923057 ], [ -50.272906395168597, -21.592129999927806 ], [ -50.272822395177364, -21.592047999872609 ], [ -50.272821742543492, -21.59204735885934 ], [ -50.272738371913441, -21.591964968996354 ], [ -50.272655053307453, -21.591887531646314 ], [ -50.272652395453299, -21.591885000015083 ], [ -50.27256933320367, -21.591803915375774 ], [ -50.272483960038507, -21.591723448654566 ], [ -50.272397955271458, -21.591644363754519 ], [ -50.272310271889864, -21.591564651533165 ], [ -50.272309640599822, -21.591564074343655 ], [ -50.272222585948342, -21.591484024007233 ], [ -50.272134585950063, -21.591403023950853 ], [ -50.272133958377431, -21.591402442987892 ], [ -50.272046958470909, -21.591321443016025 ], [ -50.271959958474021, -21.591240442960004 ], [ -50.271958661237974, -21.59123922071101 ], [ -50.271873956999301, -21.591158456143617 ], [ -50.271862211407509, -21.591158457325399 ], [ -50.271847932726388, -21.591158161246479 ], [ -50.271891125992816, -21.59119771167893 ], [ -50.271891845517331, -21.591198374840715 ], [ -50.271974487001756, -21.591275042186719 ], [ -50.27205712616891, -21.591350711731533 ], [ -50.27205850872442, -21.591351993733657 ], [ -50.272140178257629, -21.59142868336107 ], [ -50.272222896730511, -21.591505422151464 ], [ -50.272306896733198, -21.59158342209744 ], [ -50.272307508992569, -21.591583993814581 ] ] ], [ [ [ -50.273752691107092, -21.592179249921649 ], [ -50.273750116872016, -21.592176737015965 ], [ -50.27366742869593, -21.592094048773614 ], [ -50.273582746255656, -21.592010362530914 ], [ -50.273498742665858, -21.591927358917662 ], [ -50.273413742676276, -21.591843358861521 ], [ -50.2734131172612, -21.5918427371364 ], [ -50.273330744799225, -21.591760364608657 ], [ -50.273246380266428, -21.591677985059114 ], [ -50.273245117455687, -21.5916767371973 ], [ -50.273160429279365, -21.591592048953096 ], [ -50.27307574306603, -21.591508358981716 ], [ -50.273075117651558, -21.591507737257203 ], [ -50.272992745188986, -21.591425364728877 ], [ -50.272908351174237, -21.591342956383073 ], [ -50.272821366003548, -21.591257970805312 ], [ -50.272736380850695, -21.591174985238563 ], [ -50.272735743541965, -21.591174359187747 ], [ -50.27265106129267, -21.591090673134261 ], [ -50.272566351563441, -21.591007956502562 ], [ -50.272479366409918, -21.590922970941584 ], [ -50.272394381239856, -21.590839985358016 ], [ -50.272393743931794, -21.590839359307836 ], [ -50.272308743942219, -21.590755359251691 ], [ -50.272308118530169, -21.590754737529601 ], [ -50.272223746067048, -21.590670364999145 ], [ -50.272139381532554, -21.590587985447932 ], [ -50.272138118725927, -21.590586737590158 ], [ -50.27205311882495, -21.590501737620812 ], [ -50.272030542653823, -21.590479161431531 ], [ -50.27204747221883, -21.590514769114993 ], [ -50.272131368427992, -21.590594807966667 ], [ -50.272131969021601, -21.590595384145217 ], [ -50.272216969028989, -21.590677384089641 ], [ -50.272217618641754, -21.590678014583656 ], [ -50.272302618650663, -21.5907610145278 ], [ -50.272303256133874, -21.590761640749019 ], [ -50.272387938490844, -21.590845326777025 ], [ -50.272472618844652, -21.590928014587334 ], [ -50.272473881828105, -21.590929262617866 ], [ -50.272558566379963, -21.591013947101882 ], [ -50.272642248919226, -21.59109663335477 ], [ -50.272643510506455, -21.591097894934933 ], [ -50.272725887551815, -21.591181264407155 ], [ -50.27281025663175, -21.591264640843207 ], [ -50.272811510702468, -21.591265894995828 ], [ -50.272893884036037, -21.591349260711524 ], [ -50.272977249308894, -21.59143163347499 ], [ -50.272979127390727, -21.591433522679285 ], [ -50.273062157626676, -21.591518553582109 ], [ -50.273142524319361, -21.591600904569557 ], [ -50.27322588270664, -21.591684262889263 ], [ -50.273308882718304, -21.591767262834182 ], [ -50.273309511288133, -21.591767895177895 ], [ -50.273390935205732, -21.591850300040424 ], [ -50.273474308587659, -21.59192974990814 ], [ -50.273475604773374, -21.591931000070019 ], [ -50.273559604782143, -21.59201300001483 ], [ -50.273560883091228, -21.592014263008231 ], [ -50.273642935940629, -21.592096315792389 ], [ -50.27372697076801, -21.592177384621962 ], [ -50.273727589360362, -21.592177984834226 ], [ -50.273810605154424, -21.592259000186989 ], [ -50.273893629124132, -21.59234004733327 ], [ -50.273977634654479, -21.592419111302686 ], [ -50.273980242845965, -21.5924216263065 ], [ -50.274062917347472, -21.59250330466536 ], [ -50.274145605532041, -21.592584000302836 ], [ -50.274148152101901, -21.592586486238147 ], [ -50.27414978057601, -21.592582852145707 ], [ -50.274151448994502, -21.59257910682371 ], [ -50.2741531099093, -21.592575356901708 ], [ -50.274154155944053, -21.592572982072873 ], [ -50.274088071041355, -21.59250768384377 ], [ -50.274004379485085, -21.592425984877689 ], [ -50.273919379493989, -21.592342984821819 ], [ -50.273917488194165, -21.592341104697056 ], [ -50.273836064387218, -21.592258699814259 ], [ -50.273752691107092, -21.592179249921649 ] ] ], [ [ [ -50.274171288773829, -21.590984815518823 ], [ -50.274170631158249, -21.590984191929 ], [ -50.274083631164395, -21.59090119187238 ], [ -50.274082337382794, -21.590899942627413 ], [ -50.273994671599098, -21.590814269181461 ], [ -50.273909929932579, -21.590732483557478 ], [ -50.273821868050355, -21.590650358370759 ], [ -50.273821251556384, -21.590649780180364 ], [ -50.273733251561147, -21.590566780123361 ], [ -50.273732602034293, -21.590566163821695 ], [ -50.273645533620325, -21.590483053001041 ], [ -50.273556481439989, -21.590400927041735 ], [ -50.27355586843133, -21.59040035854391 ], [ -50.273496643632669, -21.590345126377123 ], [ -50.273505270098916, -21.590353654808563 ], [ -50.273590353141273, -21.590437748447432 ], [ -50.273678426904809, -21.590521863775432 ], [ -50.27368027741187, -21.590523661903767 ], [ -50.273767649741664, -21.590610041298312 ], [ -50.273854036163847, -21.590693448818271 ], [ -50.273942025311925, -21.590778438271222 ], [ -50.274029014466343, -21.59086242773532 ], [ -50.274029648462381, -21.590863043501415 ], [ -50.274116343371823, -21.590947745358765 ], [ -50.274203396666827, -21.591031830863642 ], [ -50.274290749052952, -21.591114219984487 ], [ -50.274292014849635, -21.591115427911664 ], [ -50.274378385826125, -21.591198820515284 ], [ -50.274465749246005, -21.591281220042958 ], [ -50.274466369347984, -21.591281808262998 ], [ -50.274553399053303, -21.591364836547815 ], [ -50.274641384297382, -21.591448822399364 ], [ -50.274685203640068, -21.591490627028161 ], [ -50.274686565214203, -21.591488291932901 ], [ -50.274688487543656, -21.591484995610319 ], [ -50.274684380547598, -21.591480985246339 ], [ -50.274599380556502, -21.591397985190468 ], [ -50.274598743247175, -21.591397359139066 ], [ -50.274514060997873, -21.591313673085594 ], [ -50.274429693174511, -21.591231290323396 ], [ -50.274344318313119, -21.591148893591797 ], [ -50.274257958860687, -21.591066504626895 ], [ -50.274171288773829, -21.590984815518823 ] ] ], [ [ [ -50.274156984989482, -21.591400572065705 ], [ -50.274070614117349, -21.591317179436171 ], [ -50.273983250798416, -21.591234779880644 ], [ -50.2739819633805, -21.59123355106966 ], [ -50.273893963388304, -21.591148551012083 ], [ -50.273893351375349, -21.591147956475407 ], [ -50.273806667409332, -21.591063265178573 ], [ -50.273719963675141, -21.59097955115973 ], [ -50.273631974626682, -21.590894561672815 ], [ -50.273544985584174, -21.590810572188154 ], [ -50.273543722424328, -21.590809338073171 ], [ -50.273456639389593, -21.590723244551015 ], [ -50.2733685729483, -21.590639136087859 ], [ -50.273366736800696, -21.590637352148033 ], [ -50.273280722723385, -21.590552338165306 ], [ -50.273192722734237, -21.59046533810718 ], [ -50.273192118843511, -21.590464737657559 ], [ -50.273106345486241, -21.590378964232336 ], [ -50.273019602265144, -21.590296163821563 ], [ -50.273018324150613, -21.590294929205147 ], [ -50.272929324160074, -21.590207929146651 ], [ -50.272927512382282, -21.590206127471887 ], [ -50.272843019904521, -21.590120652454836 ], [ -50.27275557364527, -21.590037136300335 ], [ -50.272753723324975, -21.590035338350702 ], [ -50.272693977549011, -21.589976271457253 ], [ -50.272725688099868, -21.59000910117593 ], [ -50.272728036634284, -21.590011589438479 ], [ -50.272810161301194, -21.590100640202774 ], [ -50.272893679665778, -21.590188088768098 ], [ -50.27297908343769, -21.590275478601161 ], [ -50.273065083452806, -21.590363478543562 ], [ -50.273066268787645, -21.590364705461269 ], [ -50.273150383434597, -21.590452778369801 ], [ -50.273236182200094, -21.590539563256566 ], [ -50.27332128251529, -21.590624663503576 ], [ -50.273409676402089, -21.59071107094308 ], [ -50.273410263442408, -21.590711647964739 ], [ -50.273495970871728, -21.59079635872925 ], [ -50.27358435748063, -21.590882759054949 ], [ -50.273672036380958, -21.590967448836718 ], [ -50.273672676792316, -21.590968071124312 ], [ -50.273761041666283, -21.591054450204009 ], [ -50.273848398689445, -21.591137836390082 ], [ -50.273849663045318, -21.591139057554724 ], [ -50.273936412971636, -21.591223835826817 ], [ -50.274024132676836, -21.591305641783382 ], [ -50.27402603686626, -21.591307449044937 ], [ -50.274113397073592, -21.591391830999264 ], [ -50.274200786361234, -21.59147425493672 ], [ -50.27428976801037, -21.591558237554526 ], [ -50.274377749743607, -21.591641220264187 ], [ -50.274465442373199, -21.591723930296975 ], [ -50.274522624995207, -21.59177725787173 ], [ -50.274524097730698, -21.591774601382689 ], [ -50.274526140151309, -21.591770917789187 ], [ -50.274528182990998, -21.591767234134888 ], [ -50.274530226279602, -21.591763550433903 ], [ -50.274532270047096, -21.5917598667004 ], [ -50.274532953555195, -21.591758635030022 ], [ -50.274507317644932, -21.591733893376837 ], [ -50.274420600787096, -21.591651163430729 ], [ -50.2743326156439, -21.591567177548956 ], [ -50.274245939651088, -21.591484486597242 ], [ -50.274158250605353, -21.591401779822185 ], [ -50.274156984989482, -21.591400572065705 ] ] ], [ [ [ -50.272922518698365, -21.590648134204105 ], [ -50.272920731042383, -21.590646294510975 ], [ -50.272836319976086, -21.590557911083941 ], [ -50.272750916497564, -21.590470521404928 ], [ -50.272664916512689, -21.590382521347326 ], [ -50.27266373135258, -21.590381294608424 ], [ -50.272578731370601, -21.590292294550963 ], [ -50.272576963192343, -21.590290410530731 ], [ -50.272495122208156, -21.590201667216068 ], [ -50.272428959327954, -21.590133169116758 ], [ -50.272380463876061, -21.59017511183233 ], [ -50.272386182408781, -21.590180086952511 ], [ -50.272483901444012, -21.590264843202977 ], [ -50.272584706098556, -21.590351674878455 ], [ -50.272585755697229, -21.59035258743436 ], [ -50.272683512799603, -21.590438374222142 ], [ -50.272783268922154, -21.590525161991291 ], [ -50.272784404545881, -21.590526160017053 ], [ -50.272882159100035, -21.590612942062492 ], [ -50.272924984794912, -21.590650628648632 ], [ -50.272922518698365, -21.590648134204105 ] ] ], [ [ [ -50.274349152096114, -21.589971524083737 ], [ -50.274369998575203, -21.589998810234693 ], [ -50.274349152096121, -21.589971524083744 ], [ -50.274349152096114, -21.589971524083737 ] ] ], [ [ [ -50.274864853895998, -21.591174000316499 ], [ -50.274865547502515, -21.591172746467638 ], [ -50.274861911241615, -21.591169337470596 ], [ -50.274779274486256, -21.591095554601836 ], [ -50.274777260408236, -21.591093723309257 ], [ -50.274696206958744, -21.591018673740713 ], [ -50.274614206961139, -21.590942673688012 ], [ -50.274613491844498, -21.590942006550243 ], [ -50.274531491848414, -21.590865006497253 ], [ -50.274530824897234, -21.590864376359384 ], [ -50.27445116457654, -21.590788649825953 ], [ -50.274368537494446, -21.59071389193663 ], [ -50.274367155140467, -21.590712625469994 ], [ -50.274284483688895, -21.590635930212677 ], [ -50.274200814182208, -21.590559233110103 ], [ -50.274199449649551, -21.590557966629682 ], [ -50.274117450267021, -21.590480906912934 ], [ -50.274033469165538, -21.590404829861182 ], [ -50.274032874932928, -21.590404288657666 ], [ -50.273950171360809, -21.590328560032066 ], [ -50.273865469430007, -21.590251829993811 ], [ -50.27378083201242, -21.590175158397443 ], [ -50.273696196878561, -21.590099484578506 ], [ -50.273694055398892, -21.590097532407942 ], [ -50.273609758102417, -21.590019185452547 ], [ -50.273525469696324, -21.589942830019016 ], [ -50.273524756012421, -21.589942179319959 ], [ -50.273440111821458, -21.589864505771988 ], [ -50.273355469874382, -21.589787830071945 ], [ -50.273354756190919, -21.589787179373293 ], [ -50.273269756280733, -21.589709179400142 ], [ -50.273184756282021, -21.589631179345755 ], [ -50.273184055937847, -21.589630532569799 ], [ -50.273100042222545, -21.589552449178502 ], [ -50.273014045977128, -21.589475349042541 ], [ -50.273012756551338, -21.589474179481019 ], [ -50.272927756552633, -21.58939617942665 ], [ -50.272927056209042, -21.589395532651221 ], [ -50.272843116938368, -21.589317518449747 ], [ -50.272759197860523, -21.589242484869036 ], [ -50.272757056387931, -21.589240532704938 ], [ -50.272672056390753, -21.589161532650252 ], [ -50.27267136913936, -21.589160889880311 ], [ -50.272587058708481, -21.589081538828474 ], [ -50.27250275700392, -21.589004179561613 ], [ -50.272719242842591, -21.588797820362434 ], [ -50.272804242843897, -21.588875820308058 ], [ -50.272805630702905, -21.588877110096931 ], [ -50.272858339696057, -21.588926718524608 ], [ -50.2728494639451, -21.588918064660707 ], [ -50.272848120577216, -21.588916738195419 ], [ -50.272846120577498, -21.588914738194092 ], [ -50.272996752626234, -21.588782976776688 ], [ -50.272961174210501, -21.5887705105335 ], [ -50.272922726625801, -21.588757494959403 ], [ -50.272884140138899, -21.588744817983898 ], [ -50.2728454471996, -21.588732422253702 ], [ -50.272806680257702, -21.588720250415992 ], [ -50.272767871763001, -21.588708245117893 ], [ -50.272729066533898, -21.588696312396703 ], [ -50.272690385182699, -21.588684133947599 ], [ -50.27265197700271, -21.588671306568806 ], [ -50.272613943760199, -21.588657551792188 ], [ -50.272576234827, -21.588642991162107 ], [ -50.272538769127998, -21.588627826139799 ], [ -50.272499138020699, -21.588611286818491 ], [ -50.2724686172104, -21.588623835689503 ], [ -50.272437090002597, -21.588636809957499 ], [ -50.272405554013901, -21.588649805404597 ], [ -50.2723740068, -21.588662828992202 ], [ -50.272342428213797, -21.588675895023098 ], [ -50.27231084827411, -21.588688997011197 ], [ -50.272279252279304, -21.588702146975407 ], [ -50.272247658211199, -21.588715348379992 ], [ -50.272216108117199, -21.588728622720009 ], [ -50.272184637500303, -21.588742003773103 ], [ -50.272153276984497, -21.5887555271389 ], [ -50.272122057170101, -21.588769228197997 ], [ -50.272091008618411, -21.588783142113105 ], [ -50.272060161827497, -21.588797303834177 ], [ -50.272029547202997, -21.588811748105407 ], [ -50.271999195024499, -21.588826509473986 ], [ -50.271969135408, -21.588841622303601 ], [ -50.271964918711483, -21.588843819973331 ], [ -50.272010275509338, -21.588888661317544 ], [ -50.272097044416768, -21.588974444147791 ], [ -50.272158161235325, -21.589032127393754 ], [ -50.272325424473919, -21.588861433799643 ], [ -50.272332424473383, -21.588867433795318 ], [ -50.272336842895228, -21.588871373975977 ], [ -50.272419347721154, -21.588947914542594 ], [ -50.272508848132439, -21.58902945930387 ], [ -50.272509517064059, -21.589030072479712 ], [ -50.272599517066062, -21.589113072422016 ], [ -50.272600174185705, -21.589113682071734 ], [ -50.272689245753817, -21.589196815475376 ], [ -50.272780301726463, -21.589278963740679 ], [ -50.272781517352158, -21.589280072566019 ], [ -50.272871517447797, -21.589363072594669 ], [ -50.272960880203705, -21.589445484855364 ], [ -50.273051235723372, -21.589526904057863 ], [ -50.273051908077377, -21.589527513598302 ], [ -50.273142908077993, -21.589610513540254 ], [ -50.273143568691417, -21.589611119696418 ], [ -50.27323454327103, -21.589695096171152 ], [ -50.273324517926071, -21.589778072737897 ], [ -50.273414517928067, -21.58986107268019 ], [ -50.273415175049522, -21.589861682331595 ], [ -50.273504847561753, -21.589945376615535 ], [ -50.273594518120476, -21.590028072737876 ], [ -50.273595175242342, -21.590028682389658 ], [ -50.273685153330113, -21.590112661876987 ], [ -50.273773825760031, -21.59019535633022 ], [ -50.273863518408525, -21.590278072824244 ], [ -50.273865397806112, -21.590279836156853 ], [ -50.273953074035234, -21.590363527040036 ], [ -50.27404044091589, -21.590445929832342 ], [ -50.274129131799583, -21.590528641494796 ], [ -50.274130991855507, -21.590530406144971 ], [ -50.274216991863028, -21.590613406088735 ], [ -50.274217662454795, -21.590614057350045 ], [ -50.274305019591033, -21.590699429030877 ], [ -50.274391040891018, -21.590781495266537 ], [ -50.274477711077395, -21.590863184347018 ], [ -50.274478368873403, -21.590863808107024 ], [ -50.27456536887955, -21.590946808050393 ], [ -50.274565992339284, -21.59094740629272 ], [ -50.274651992346804, -21.59103040623647 ], [ -50.274652619096408, -21.59103101466961 ], [ -50.274737619105309, -21.591114014613762 ], [ -50.274738256589444, -21.591114640835901 ], [ -50.274822938946421, -21.591198326863907 ], [ -50.274841420116367, -21.591216373168695 ], [ -50.274842454211601, -21.591214504322899 ], [ -50.274844490063003, -21.591210824336201 ], [ -50.274846525863403, -21.591207143820398 ], [ -50.2748485616642, -21.591203462800298 ], [ -50.274850597516597, -21.591199781300801 ], [ -50.2748526334722, -21.5911960993467 ], [ -50.2748546695736, -21.5911924169828 ], [ -50.274856705862, -21.591188734258608 ], [ -50.274858742387899, -21.591185051201894 ], [ -50.274860779201802, -21.591181367840697 ], [ -50.2748628163543, -21.591177684202894 ], [ -50.274864853895998, -21.591174000316499 ] ] ], [ [ [ -50.274214678289233, -21.589838359061002 ], [ -50.274229398399498, -21.589858253774207 ], [ -50.274214678289248, -21.589838359061019 ], [ -50.274214678289233, -21.589838359061002 ] ] ], [ [ [ -50.274182920239603, -21.58979547452849 ], [ -50.274184659776068, -21.589797822761977 ], [ -50.274184659776076, -21.589797822761977 ], [ -50.274182920239603, -21.58979547452849 ] ] ], [ [ [ -50.273981524194163, -21.589607909893122 ], [ -50.274061556897131, -21.589688930588629 ], [ -50.274142602322534, -21.589767999243435 ], [ -50.274214678289233, -21.589838359061002 ], [ -50.274206167301401, -21.589826856180991 ], [ -50.274184659776068, -21.589797822761977 ], [ -50.274167381847946, -21.589780961156524 ], [ -50.274083368408235, -21.58970188962472 ], [ -50.274082032113469, -21.589700616312314 ], [ -50.273997696153749, -21.589619256854185 ], [ -50.27391336868358, -21.589539889764335 ], [ -50.273856283600914, -21.589486162588351 ], [ -50.273895587937282, -21.589524981655444 ], [ -50.273978944422943, -21.589605361061849 ], [ -50.273981524194163, -21.589607909893122 ] ] ], [ [ [ -50.2721685527329, -21.588709146170991 ], [ -50.272200186629902, -21.588695695692905 ], [ -50.272231851771899, -21.588682372948092 ], [ -50.272263517304701, -21.588669141682697 ], [ -50.272295159942303, -21.588655972306498 ], [ -50.272326778196799, -21.588642854422496 ], [ -50.272358374481399, -21.588629781068882 ], [ -50.272389951209398, -21.588616745283588 ], [ -50.272421510793897, -21.588603740104592 ], [ -50.272453055648199, -21.588590758569882 ], [ -50.2724845881853, -21.588577793717494 ], [ -50.2725161108186, -21.588564838585398 ], [ -50.272547625961103, -21.588551886211501 ], [ -50.272579136026103, -21.588538929633891 ], [ -50.272610643426603, -21.588525961890493 ], [ -50.272642150575898, -21.588512976019206 ], [ -50.272673659887097, -21.588499965058212 ], [ -50.272705173773303, -21.588486922045291 ], [ -50.272736694647605, -21.588473840018604 ], [ -50.272768224923198, -21.588460712015891 ], [ -50.272799767013304, -21.588447531075293 ], [ -50.272831323330799, -21.588434290234808 ], [ -50.2728628962888, -21.588420982532199 ], [ -50.2728944883007, -21.588407601005596 ], [ -50.272926101779198, -21.588394138692898 ], [ -50.272957739137709, -21.588380588632084 ], [ -50.272989402789001, -21.588366943861086 ], [ -50.273021095146397, -21.588353197417899 ], [ -50.273052818622801, -21.5883393423405 ], [ -50.273084575631401, -21.588325371666794 ], [ -50.273116368235598, -21.588311278105795 ], [ -50.273147902824398, -21.588296776169393 ], [ -50.273178052215698, -21.588280796071299 ], [ -50.273205547063299, -21.588262134417985 ], [ -50.273229668245101, -21.588240128333592 ], [ -50.273250827314897, -21.588215225669295 ], [ -50.273269574835801, -21.588188010832912 ], [ -50.273286461371299, -21.588159068231594 ], [ -50.273302037484697, -21.588128982272405 ], [ -50.273316853739203, -21.588098337361991 ], [ -50.273331460592097, -21.5880677177888 ], [ -50.273346278010003, -21.588037562521396 ], [ -50.273361341363902, -21.588007882224389 ], [ -50.273376615518899, -21.587978609044612 ], [ -50.273392065340602, -21.587949675128893 ], [ -50.273407655694299, -21.587921012624104 ], [ -50.273423351445601, -21.587892553676998 ], [ -50.273440241905, -21.587862210396697 ], [ -50.2734355330821, -21.587860766164098 ], [ -50.273404726772803, -21.587853234963799 ], [ -50.273377022001903, -21.587853880573 ], [ -50.273356226770602, -21.587868229592296 ], [ -50.273341063430799, -21.587892922804304 ], [ -50.273328805858597, -21.587922070158896 ], [ -50.2733169706474, -21.5879503592544 ], [ -50.273304794683597, -21.587976571409289 ], [ -50.273292257747997, -21.588001255780991 ], [ -50.27327934256261, -21.588024968527193 ], [ -50.273266031849502, -21.588048265805291 ], [ -50.2732523068644, -21.588071700149104 ], [ -50.273238004219998, -21.588095466549902 ], [ -50.273222695697498, -21.588119105360299 ], [ -50.273205924781003, -21.588142086986505 ], [ -50.273187235000201, -21.588163881790095 ], [ -50.273166276035198, -21.588183856392302 ], [ -50.273143030765702, -21.588201051779997 ], [ -50.273117548109497, -21.5882144482044 ], [ -50.2730900596464, -21.58822368252229 ], [ -50.273061207667197, -21.588229867960706 ], [ -50.273031690528697, -21.588234319287594 ], [ -50.273002207695299, -21.588238381264386 ], [ -50.272973489017197, -21.588244220727304 ], [ -50.2729460342075, -21.5882539717607 ], [ -50.272919166173097, -21.588265629285598 ], [ -50.272892152433002, -21.588276876204599 ], [ -50.2728649531808, -21.588287564026391 ], [ -50.272837636259503, -21.588297881287399 ], [ -50.272810289517899, -21.588308009109998 ], [ -50.272782920777701, -21.588318158273683 ], [ -50.272755657225204, -21.588328493210202 ], [ -50.27272851367281, -21.588339120231094 ], [ -50.272701479316297, -21.588350014310095 ], [ -50.272674539902297, -21.588361141065601 ], [ -50.272647681177403, -21.588372466116191 ], [ -50.272620888888298, -21.588383955080197 ], [ -50.272594148781501, -21.588395573576395 ], [ -50.272567446603603, -21.588407287222999 ], [ -50.2725407681014, -21.588419061638504 ], [ -50.27251408453521, -21.58843086884881 ], [ -50.272487425108899, -21.5884426552511 ], [ -50.272460732115803, -21.588454405683397 ], [ -50.272434007755798, -21.588466083881602 ], [ -50.272407252623204, -21.588477689500905 ], [ -50.2723804724749, -21.588489234038096 ], [ -50.272353673081504, -21.588500729021881 ], [ -50.27232681699941, -21.588512204421999 ], [ -50.272300016724202, -21.588523626203909 ], [ -50.272273214524802, -21.588535033050295 ], [ -50.272246416159803, -21.588546436463211 ], [ -50.2722196273875, -21.588557847944589 ], [ -50.272192795720102, -21.588569303908894 ], [ -50.272166023203802, -21.588580774813593 ], [ -50.27213927758951, -21.588592288394093 ], [ -50.272112560175302, -21.588603851262604 ], [ -50.272085859463502, -21.588615456044199 ], [ -50.272059186860197, -21.5886270819069 ], [ -50.2720324554382, -21.588638750911301 ], [ -50.2720057001684, -21.588650431951411 ], [ -50.271978959666498, -21.588662092796802 ], [ -50.271952148935597, -21.588673791915095 ], [ -50.271925368900902, -21.588685568731211 ], [ -50.271898660605608, -21.5886974947765 ], [ -50.271872076061697, -21.588709636797194 ], [ -50.271845667279997, -21.588722061540203 ], [ -50.271843044570872, -21.588723341209903 ], [ -50.27192227540813, -21.588801661286336 ], [ -50.271937518245984, -21.588816730898198 ], [ -50.271950582688802, -21.588809921935514 ], [ -50.271981133746202, -21.588794562028806 ], [ -50.2720119320796, -21.5887795836795 ], [ -50.272042946827497, -21.588764950626793 ], [ -50.272074147128301, -21.588750626610302 ], [ -50.272105502120603, -21.588736575369097 ], [ -50.272136980942598, -21.588722760642888 ], [ -50.2721685527329, -21.588709146170991 ] ] ], [ [ [ -50.270126678228401, -21.591938302034805 ], [ -50.270150986707499, -21.591953898666993 ], [ -50.270175313946005, -21.591969468994897 ], [ -50.270199625725901, -21.591984991786802 ], [ -50.270224011778197, -21.592000533856297 ], [ -50.270248400603407, -21.592016072696897 ], [ -50.2702727264912, -21.592031590680605 ], [ -50.2702970523301, -21.592047152144296 ], [ -50.270321342827508, -21.592062758834089 ], [ -50.2703455857351, -21.592078427187097 ], [ -50.270369768809907, -21.5920941736439 ], [ -50.27039387992621, -21.592110014488497 ], [ -50.270417913401197, -21.592125957388404 ], [ -50.270441873217202, -21.592141997085889 ], [ -50.27046576415141, -21.592158127259999 ], [ -50.270489590980802, -21.592174341589804 ], [ -50.270513358482603, -21.592190633754704 ], [ -50.270537071434099, -21.592206997433593 ], [ -50.270560734612197, -21.592223426305701 ], [ -50.270584352794202, -21.592239914050193 ], [ -50.270607930757201, -21.592256454346195 ], [ -50.2706314732783, -21.592273040872897 ], [ -50.270654985134598, -21.592289667309291 ], [ -50.270678471103402, -21.592306327334498 ], [ -50.270701972130901, -21.592323040375096 ], [ -50.270725409841702, -21.592339740947498 ], [ -50.270748836018598, -21.592356456130403 ], [ -50.270772255430998, -21.592373179611094 ], [ -50.270795672848699, -21.592389905076594 ], [ -50.270819093040998, -21.592406626214199 ], [ -50.270842520746406, -21.592423336688604 ], [ -50.270866000177598, -21.592440058219701 ], [ -50.270889469540698, -21.59245673443009 ], [ -50.270912966060997, -21.592473374843603 ], [ -50.270936498622703, -21.5924899682995 ], [ -50.270960076118399, -21.5925065036433 ], [ -50.270983707441097, -21.59252296972069 ], [ -50.271007400615098, -21.592539356489596 ], [ -50.2710311523253, -21.592555668433306 ], [ -50.271054951303398, -21.592571920222397 ], [ -50.271078786116803, -21.592588126738196 ], [ -50.271102617430508, -21.592604283959087 ], [ -50.271126515606198, -21.592620462180896 ], [ -50.271150415348103, -21.592636639787596 ], [ -50.271174255075401, -21.592652797699596 ], [ -50.271198097568899, -21.592669001064998 ], [ -50.271221907307897, -21.5926852484492 ], [ -50.271245672853503, -21.592701554729612 ], [ -50.271269382773198, -21.592717934787402 ], [ -50.2712930256357, -21.592734403502291 ], [ -50.271316594810607, -21.592750969447287 ], [ -50.2713400992685, -21.592767620702595 ], [ -50.271363551142798, -21.592784341193305 ], [ -50.271386962567199, -21.592801114844296 ], [ -50.271410381627, -21.592817951452506 ], [ -50.2714337212389, -21.592834763551398 ], [ -50.271457056848298, -21.592851580591997 ], [ -50.271480446440499, -21.592868419555096 ], [ -50.2715038376151, -21.592885217880497 ], [ -50.271527261144897, -21.592901972919101 ], [ -50.271550729159699, -21.592918668593089 ], [ -50.271574253793005, -21.592935288827395 ], [ -50.271597847178398, -21.592951817547089 ], [ -50.271621521449603, -21.592968238677088 ], [ -50.271645288739904, -21.592984536142392 ], [ -50.271669161182899, -21.593000693867992 ], [ -50.2716931509121, -21.593016695778701 ], [ -50.271717270061103, -21.593032525799497 ], [ -50.2717415307634, -21.593048167855404 ], [ -50.271765945152403, -21.593063605871198 ], [ -50.271790525361801, -21.593078823771901 ], [ -50.271815283524802, -21.593093805482393 ], [ -50.271840231736007, -21.593108534978299 ], [ -50.271865365148003, -21.593123018202693 ], [ -50.271890635596002, -21.593137317266201 ], [ -50.271915988090903, -21.5931515031285 ], [ -50.271941367643102, -21.59316564674959 ], [ -50.271966719263602, -21.593179819089197 ], [ -50.271991987962998, -21.593194091107307 ], [ -50.272017118751997, -21.593208533763896 ], [ -50.27204205664161, -21.5932232180188 ], [ -50.272066746642601, -21.593238214832095 ], [ -50.272091133765706, -21.593253595163802 ], [ -50.2721119707276, -21.593267326314802 ], [ -50.272125508221599, -21.593272237854205 ], [ -50.272140596564803, -21.593277623336192 ], [ -50.272155736509397, -21.593282909245097 ], [ -50.272170940955498, -21.593288070688093 ], [ -50.2721862228031, -21.593293082772202 ], [ -50.2722015949523, -21.593297920604602 ], [ -50.272217067741401, -21.5933025529765 ], [ -50.272232638729598, -21.593306917174299 ], [ -50.272248301499303, -21.593310940679896 ], [ -50.272264049631602, -21.593314550971897 ], [ -50.2722798767076, -21.593317675529093 ], [ -50.272295776308297, -21.593320241830302 ], [ -50.272311742014701, -21.5933221773541 ], [ -50.272327767281801, -21.593323428992797 ], [ -50.2723438448715, -21.593324050315104 ], [ -50.272359967309107, -21.593324131338996 ], [ -50.272376127119998, -21.593323762113901 ], [ -50.272392316829396, -21.593323032689398 ], [ -50.272408528962401, -21.593322033114802 ], [ -50.272424756044501, -21.593320853439689 ], [ -50.272440990600899, -21.593319583713498 ], [ -50.272449427482499, -21.593318168201588 ], [ -50.272466241607702, -21.593314540648588 ], [ -50.272477189373966, -21.593311810333102 ], [ -50.272445728479951, -21.593280349413966 ], [ -50.272359348984224, -21.593195955587564 ], [ -50.272356899503023, -21.593193506148655 ], [ -50.272273116277987, -21.593107751483384 ], [ -50.272188321056397, -21.593024928161501 ], [ -50.272099321065873, -21.592937928102984 ], [ -50.272098734202352, -21.592937351254172 ], [ -50.272013644211853, -21.592853250616344 ], [ -50.27192557055897, -21.592769135265709 ], [ -50.271923720223953, -21.592767337301776 ], [ -50.271836637194056, -21.592681243784369 ], [ -50.271748570758177, -21.592597135326386 ], [ -50.271747335499704, -21.592595941944083 ], [ -50.271659335599651, -21.592509941974754 ], [ -50.271571637304945, -21.592424236756614 ], [ -50.271525842061301, -21.592379985139072 ], [ -50.271321287127073, -21.592569814960534 ], [ -50.271234287131705, -21.592487814904214 ], [ -50.271233659835822, -21.592487220231963 ], [ -50.271148304658134, -21.592405835001809 ], [ -50.271061957265118, -21.592325442542442 ], [ -50.27106062970217, -21.59232419136907 ], [ -50.270973629708337, -21.592241191312446 ], [ -50.270972364802759, -21.592239970279657 ], [ -50.270886993513599, -21.592156584304927 ], [ -50.270800629901743, -21.592074191371289 ], [ -50.270799364996833, -21.592072970339157 ], [ -50.27071460108715, -21.591990177619717 ], [ -50.270626866693647, -21.591908357843803 ], [ -50.270623735412521, -21.591905351616081 ], [ -50.270538042118517, -21.591820654688956 ], [ -50.27045135077919, -21.591735956187776 ], [ -50.270417635923828, -21.591703016360992 ], [ -50.270195901042186, -21.591892506606165 ], [ -50.270111505403257, -21.591806125116232 ], [ -50.270025117388549, -21.591719737031511 ], [ -50.270024503641743, -21.591719119685244 ], [ -50.269939809653415, -21.591633429227251 ], [ -50.269853117590088, -21.591546737093921 ], [ -50.269852510915527, -21.591546126902628 ], [ -50.269766813413995, -21.591459432847884 ], [ -50.269680117792809, -21.591372737156707 ], [ -50.269678310469764, -21.591370898238011 ], [ -50.269594800359499, -21.591284440640358 ], [ -50.269508337048755, -21.591199942337784 ], [ -50.26950711808464, -21.591198737308584 ], [ -50.269420118096889, -21.591111737250863 ], [ -50.269418929405518, -21.591110534979091 ], [ -50.269332821075785, -21.591022447075137 ], [ -50.269246729287836, -21.590937344779871 ], [ -50.26924552529335, -21.590936140946951 ], [ -50.269239096861533, -21.590929639459485 ], [ -50.2691991024545, -21.590924425249295 ], [ -50.269140672228502, -21.590917329746901 ], [ -50.269082278488398, -21.590910879553192 ], [ -50.269023911512697, -21.590905191183005 ], [ -50.268965561387702, -21.590900380615594 ], [ -50.268907207125103, -21.590896562596399 ], [ -50.268848765254006, -21.590893818506697 ], [ -50.268790153896404, -21.590892050535306 ], [ -50.268731361739299, -21.590891097810402 ], [ -50.268672401868699, -21.590890799498393 ], [ -50.26861328759761, -21.590890993781503 ], [ -50.268574164342901, -21.590891339807797 ], [ -50.268581356454497, -21.590896421332804 ], [ -50.268604844401601, -21.590912830083699 ], [ -50.268628346161698, -21.590929077589998 ], [ -50.268651861005097, -21.590945178791902 ], [ -50.268675388202396, -21.590961148629585 ], [ -50.268698927023799, -21.590977002043388 ], [ -50.268722476740002, -21.590992753973499 ], [ -50.268746036621202, -21.591008419360012 ], [ -50.268769605938097, -21.591024013143201 ], [ -50.268793183961002, -21.5910395502633 ], [ -50.268816732128997, -21.591055020831593 ], [ -50.268840343851103, -21.591070501591503 ], [ -50.268863962145197, -21.591085970506711 ], [ -50.268887586230697, -21.591101442520301 ], [ -50.268911215326597, -21.591116932575179 ], [ -50.268934794086405, -21.5911324197208 ], [ -50.268958412611603, -21.591147978516396 ], [ -50.268982034020702, -21.591163600179801 ], [ -50.269005657570602, -21.591179299642089 ], [ -50.269029282531598, -21.591195091843598 ], [ -50.269052908174501, -21.591210991724399 ], [ -50.269076533769699, -21.591227014224806 ], [ -50.269100158796505, -21.591243169750197 ], [ -50.269123783761202, -21.591259446387699 ], [ -50.269147409485299, -21.591275825370801 ], [ -50.269171036790503, -21.591292287930884 ], [ -50.269194666498407, -21.591308815299289 ], [ -50.2692183267717, -21.591325407895599 ], [ -50.269241942094801, -21.591341993381093 ], [ -50.269265562339598, -21.591358587393294 ], [ -50.269289191389802, -21.591375173361797 ], [ -50.269312879852798, -21.591391770188789 ], [ -50.269336541255001, -21.591408313254302 ], [ -50.269360210888102, -21.591424826814087 ], [ -50.269383889594003, -21.591441310965404 ], [ -50.269407578227302, -21.591457765814098 ], [ -50.269431277642198, -21.591474191466094 ], [ -50.269454988693298, -21.591490588027202 ], [ -50.2694787122349, -21.591506955603396 ], [ -50.269502449121603, -21.591523294300501 ], [ -50.269526200207601, -21.591539604224302 ], [ -50.269549966347498, -21.59155588548089 ], [ -50.2695737483957, -21.591572138176094 ], [ -50.269597547206601, -21.591588362415703 ], [ -50.269621363634599, -21.591604558305697 ], [ -50.269645198534199, -21.591620725951902 ], [ -50.269669052759902, -21.591636865460202 ], [ -50.269692927165899, -21.591652976936398 ], [ -50.269716822606803, -21.591669060486598 ], [ -50.269740739936999, -21.591685116216503 ], [ -50.269764680011001, -21.591701144231994 ], [ -50.2697886436831, -21.591717144638995 ], [ -50.269812631807802, -21.591733117543498 ], [ -50.2698366452396, -21.591749063051097 ], [ -50.269860684564101, -21.591764981262301 ], [ -50.269884749423703, -21.591780872257281 ], [ -50.269908839253802, -21.591796736112101 ], [ -50.269932953489707, -21.5918125729027 ], [ -50.269957091566702, -21.591828382705099 ], [ -50.269981252920303, -21.591844165595283 ], [ -50.270005436985699, -21.591859921649203 ], [ -50.270029643198306, -21.591875650942896 ], [ -50.2700538709936, -21.591891353552292 ], [ -50.270078119806797, -21.591907029553386 ], [ -50.270102389073202, -21.591922679022204 ], [ -50.270126678228401, -21.591938302034805 ] ] ], [ [ [ -50.27099515697126, -21.591058553360213 ], [ -50.270995798966489, -21.591059215304153 ], [ -50.271003388755595, -21.591067089703706 ], [ -50.271033639168998, -21.591069333521904 ], [ -50.271047373010255, -21.591070350728774 ], [ -50.271020694808712, -21.591046811123476 ], [ -50.270936353929912, -21.590974377056064 ], [ -50.270850408074644, -21.590900423597702 ], [ -50.270809149980678, -21.590864990153062 ], [ -50.270834718629963, -21.590892177047561 ], [ -50.270914773842726, -21.590976185532135 ], [ -50.27099515697126, -21.591058553360213 ] ] ], [ [ [ -50.268664418506098, -21.590347344265599 ], [ -50.268634884917901, -21.590342936897702 ], [ -50.268605115551203, -21.590339126663306 ], [ -50.2685751073723, -21.590335813299404 ], [ -50.2685448792325, -21.590332898258701 ], [ -50.2685168313796, -21.590330486262694 ], [ -50.268530762530297, -21.590343276161285 ], [ -50.268505768761798, -21.5904076019469 ], [ -50.268491291255799, -21.59043323593859 ], [ -50.2684735056717, -21.590456137731682 ], [ -50.268452675623799, -21.590475993926198 ], [ -50.268429064726703, -21.590492491121999 ], [ -50.268402938324698, -21.590505311558609 ], [ -50.2683666176234, -21.5905161244734 ], [ -50.268315573285101, -21.590516517073507 ], [ -50.2682876249158, -21.590523680146003 ], [ -50.268263486222303, -21.590540630834596 ], [ -50.268245549494701, -21.590564454257294 ], [ -50.268236339052798, -21.590591902458989 ], [ -50.268239427987801, -21.590618417640304 ], [ -50.268255283136, -21.590641143638493 ], [ -50.268277602100099, -21.590661636513889 ], [ -50.268300844082205, -21.590681501004099 ], [ -50.268324109362801, -21.590701010027114 ], [ -50.268347397211997, -21.59072017852279 ], [ -50.2683707069002, -21.590739021431595 ], [ -50.268394037697803, -21.590757553693699 ], [ -50.268417388875001, -21.590775790249197 ], [ -50.268440759702102, -21.590793746038393 ], [ -50.268464149449599, -21.590811436001491 ], [ -50.2684875573878, -21.590828875078703 ], [ -50.268510982786999, -21.590846078210205 ], [ -50.2685242966582, -21.590855723146596 ], [ -50.268553609525007, -21.590855382487202 ], [ -50.26861303701191, -21.590854856882899 ], [ -50.268672438493397, -21.590854661655399 ], [ -50.26873180096721, -21.590854962003991 ], [ -50.268791111431099, -21.590855923127702 ], [ -50.268850356883497, -21.590857710225603 ], [ -50.268909524331804, -21.590860488383804 ], [ -50.268968606360502, -21.590864354019182 ], [ -50.269027610580203, -21.590869218511791 ], [ -50.269086547107001, -21.590874962389204 ], [ -50.269145426056603, -21.590881466178899 ], [ -50.269197747132871, -21.590887819813471 ], [ -50.269157821001748, -21.590847439943428 ], [ -50.269072118593755, -21.590761737466224 ], [ -50.26898511869512, -21.590674737497608 ], [ -50.268898118707362, -21.590587737439872 ], [ -50.268897504962503, -21.590587120095542 ], [ -50.268812504975983, -21.590501120038876 ], [ -50.268925873283493, -21.590403109443166 ], [ -50.268903107481897, -21.590398379129997 ], [ -50.268872642715799, -21.590391665942391 ], [ -50.2688424122721, -21.590384768603805 ], [ -50.268812388777299, -21.590377830226995 ], [ -50.268782545081002, -21.590370991277581 ], [ -50.268752854990602, -21.590364389732997 ], [ -50.2687232930965, -21.590358161020301 ], [ -50.268693834374098, -21.590352437903803 ], [ -50.268664418506098, -21.590347344265599 ] ] ], [ [ [ -50.272027097873, -21.590471916079096 ], [ -50.272030542653823, -21.590479161431531 ], [ -50.272030542653816, -21.590479161431517 ], [ -50.272027097873, -21.590471916079096 ] ] ], [ [ [ -50.271968747592652, -21.590438821718543 ], [ -50.271991833807903, -21.590486687298295 ], [ -50.271968747592645, -21.590438821718525 ], [ -50.271968747592652, -21.590438821718543 ] ] ], [ [ [ -50.269794695540007, -21.590226013426904 ], [ -50.269790173917599, -21.5902585436367 ], [ -50.269782693531518, -21.590284833264811 ], [ -50.269821468699767, -21.590321904002067 ], [ -50.269911454948236, -21.590407890796822 ], [ -50.269912077870181, -21.590408489483298 ], [ -50.270002077971135, -21.590495489514154 ], [ -50.270091767534808, -21.590582189359452 ], [ -50.27018117376312, -21.590667621913131 ], [ -50.270272890787837, -21.590754354252208 ], [ -50.270274078272884, -21.590755489606273 ], [ -50.270363767837281, -21.590842189452282 ], [ -50.270453455550616, -21.590927890980087 ], [ -50.270454078473655, -21.590928489667601 ], [ -50.270488364183521, -21.590961632495063 ], [ -50.270444947841241, -21.590915468242571 ], [ -50.270443135314395, -21.590913505775056 ], [ -50.270366329413768, -21.590828822269238 ], [ -50.270288556786817, -21.590747111716361 ], [ -50.270285435014252, -21.5907437279627 ], [ -50.270209754338893, -21.590659085022928 ], [ -50.270133076114732, -21.590574440151709 ], [ -50.270132435214151, -21.590573728026673 ], [ -50.270056435314089, -21.59048872805867 ], [ -50.269980435338383, -21.590403728006056 ], [ -50.26997979245597, -21.590403004217507 ], [ -50.269904792481633, -21.590318004165361 ], [ -50.270060901142173, -21.590197519624528 ], [ -50.270008803802781, -21.590145422243584 ], [ -50.269931497855218, -21.590070098440883 ], [ -50.269928779378006, -21.590067380474473 ], [ -50.269851779391892, -21.589988380422849 ], [ -50.269851130043172, -21.589987710005403 ], [ -50.26979548003537, -21.589929891766428 ], [ -50.2697983922628, -21.589958855321495 ], [ -50.269800653905499, -21.589988557936685 ], [ -50.269801800850601, -21.590018397460199 ], [ -50.269801874064001, -21.590048030965399 ], [ -50.269801181239799, -21.590077393035092 ], [ -50.26980002781, -21.590106559538608 ], [ -50.269798708649802, -21.590135613898795 ], [ -50.269797504724401, -21.590164728369906 ], [ -50.269796525071598, -21.590194670258793 ], [ -50.269794695540007, -21.590226013426904 ] ] ], [ [ [ -50.271799381925092, -21.590249985568548 ], [ -50.271797505286997, -21.590248120279824 ], [ -50.271712490737166, -21.590162105486442 ], [ -50.271629498140939, -21.590078112910732 ], [ -50.271544811495204, -21.589992429881708 ], [ -50.271460431240541, -21.589908049559188 ], [ -50.271435530459172, -21.589883441708661 ], [ -50.271396502271799, -21.589878488385402 ], [ -50.271380658561569, -21.589876212968239 ], [ -50.271441979644472, -21.589935394898141 ], [ -50.27152666891299, -21.590017095071396 ], [ -50.2716130400579, -21.590099495067179 ], [ -50.27169969098847, -21.590181165998516 ], [ -50.271785671726803, -21.590262147796846 ], [ -50.271787013826547, -21.590263427641091 ], [ -50.27187399128897, -21.590347405816377 ], [ -50.271958991694142, -21.590429406149241 ], [ -50.271968747592645, -21.590438821718525 ], [ -50.271967473697003, -21.590436180499395 ], [ -50.271948180061578, -21.590396798773153 ], [ -50.271942808343901, -21.5903858341462 ], [ -50.271948180061571, -21.590396798773153 ], [ -50.271883746459928, -21.590332365120073 ], [ -50.271799381925092, -21.590249985568548 ] ] ], [ [ [ -50.271444490080157, -21.590741105260559 ], [ -50.271361803368073, -21.590657422254836 ], [ -50.271278118672967, -21.590573737492175 ], [ -50.271276858895405, -21.590572462450265 ], [ -50.271194866384668, -21.590488470052307 ], [ -50.271112177424939, -21.590403788517381 ], [ -50.271030482895888, -21.590321097645678 ], [ -50.271028618134935, -21.590319175812159 ], [ -50.270947931772071, -21.590234504864974 ], [ -50.270866247547971, -21.590149832121806 ], [ -50.270864986483119, -21.590148508691708 ], [ -50.270784986501958, -21.590063508637336 ], [ -50.270783715638942, -21.590062141157549 ], [ -50.270706346588419, -21.589977828654874 ], [ -50.270626986701103, -21.589893508700293 ], [ -50.270624568775425, -21.589890876609644 ], [ -50.270546822166246, -21.589804159157001 ], [ -50.270470077093847, -21.589719440492253 ], [ -50.270705922755575, -21.589532559418913 ], [ -50.270782922778515, -21.589617559365866 ], [ -50.270783431049722, -21.589618123354764 ], [ -50.270838749571119, -21.589679824725529 ], [ -50.271018880186872, -21.589522262110275 ], [ -50.271101260148285, -21.589604642005913 ], [ -50.271186301234223, -21.589687705327304 ], [ -50.271207324452668, -21.589707986534229 ], [ -50.271196286399203, -21.589690142702789 ], [ -50.271186735839201, -21.589672500886408 ], [ -50.271141978597697, -21.589619677788892 ], [ -50.2711174627132, -21.5895983048758 ], [ -50.271096043231303, -21.589575163713508 ], [ -50.271073315632798, -21.589552940816503 ], [ -50.271049479776103, -21.589531645041699 ], [ -50.271024630847002, -21.589511225447101 ], [ -50.270998847383702, -21.589491615294392 ], [ -50.270972210457302, -21.589472748469404 ], [ -50.270944803886501, -21.589454559227715 ], [ -50.270916713795302, -21.589436981616696 ], [ -50.2708880281386, -21.589419949055095 ], [ -50.270858836242098, -21.589403394045899 ], [ -50.270829229362199, -21.589387248523394 ], [ -50.270799334549501, -21.589371463900793 ], [ -50.270769279099497, -21.589356068057391 ], [ -50.270739099121599, -21.589341139021201 ], [ -50.2707087807512, -21.589326734372992 ], [ -50.270678307143498, -21.589312909675098 ], [ -50.270647661384601, -21.589299719968807 ], [ -50.270616825740198, -21.589287219480497 ], [ -50.270585736630203, -21.589275443463404 ], [ -50.270554271940703, -21.589264324320698 ], [ -50.2705223779612, -21.589253684078791 ], [ -50.270490081720503, -21.589243359342699 ], [ -50.270457419918699, -21.58923318678919 ], [ -50.270424431311, -21.589223000446097 ], [ -50.270391257834397, -21.589212663251192 ], [ -50.270358973475197, -21.589202521920004 ], [ -50.2703289712369, -21.589194634026708 ], [ -50.270300930594097, -21.589190922686889 ], [ -50.270272574742698, -21.589191862081595 ], [ -50.270242809322497, -21.589196851378894 ], [ -50.2702123982654, -21.589205097354593 ], [ -50.270182235929397, -21.589215686119601 ], [ -50.270152463757803, -21.589228119810201 ], [ -50.270122878122201, -21.589242036082595 ], [ -50.270093249149198, -21.589257057277791 ], [ -50.270065422366301, -21.589271686712092 ], [ -50.270042387352802, -21.589287570077499 ], [ -50.270018178625101, -21.589304743259405 ], [ -50.269995027093401, -21.5893221224832 ], [ -50.269973230721099, -21.589339928733693 ], [ -50.269953061130899, -21.589358372493194 ], [ -50.2699346484603, -21.589377772695393 ], [ -50.269917798236598, -21.5893985343377 ], [ -50.269902188696406, -21.589420739893196 ], [ -50.269887666585298, -21.589444224521394 ], [ -50.269874092115302, -21.589468781987097 ], [ -50.269861338786903, -21.589494150016996 ], [ -50.269849376993101, -21.589520009945996 ], [ -50.269838291759598, -21.589546190321897 ], [ -50.269828134529298, -21.589572639618908 ], [ -50.269818949440101, -21.589599320882201 ], [ -50.2698107799675, -21.589626197377498 ], [ -50.269803668895797, -21.589653232700293 ], [ -50.269797658302501, -21.589680390908082 ], [ -50.269792789564399, -21.589707636676206 ], [ -50.269789103392398, -21.589734935474986 ], [ -50.269786639906499, -21.589762253764494 ], [ -50.269785438759001, -21.589789559198696 ], [ -50.269785539487998, -21.589816867330899 ], [ -50.269786922576607, -21.589844383212597 ], [ -50.269789294526802, -21.589872323861307 ], [ -50.269791473677714, -21.589893108201085 ], [ -50.270002110893223, -21.589715770792598 ], [ -50.269999871073338, -21.589713385527769 ], [ -50.269999213147088, -21.589712680285981 ], [ -50.269923520859308, -21.589631012218536 ], [ -50.269847830721787, -21.589550342395583 ], [ -50.270080169126686, -21.589359657517956 ], [ -50.270156169144961, -21.589440657466263 ], [ -50.270156786681923, -21.589441319678677 ], [ -50.270232458959271, -21.589522966010485 ], [ -50.2703091694138, -21.589604657608739 ], [ -50.270385149203804, -21.589685635997988 ], [ -50.270462129062238, -21.58976761447656 ], [ -50.270538176437732, -21.589848599923009 ], [ -50.270615203712637, -21.589927602189661 ], [ -50.270616506162028, -21.589928955046034 ], [ -50.270693490059649, -21.590009938037287 ], [ -50.270771148834058, -21.590091579242802 ], [ -50.270849845605696, -21.590173264435865 ], [ -50.27092687337985, -21.590253254749669 ], [ -50.271005881029105, -21.590332262334616 ], [ -50.271008474336035, -21.590334921226855 ], [ -50.271085517701202, -21.590415915464767 ], [ -50.271163541201844, -21.590494926539233 ], [ -50.271165474525752, -21.590496921286512 ], [ -50.271242195663767, -21.590577576773356 ], [ -50.271320550063329, -21.590655931109119 ], [ -50.271399886872125, -21.590734276145895 ], [ -50.271479886597739, -21.590812300509292 ], [ -50.271561209538461, -21.590889656418799 ], [ -50.271642531683014, -21.590967011571969 ], [ -50.271724845252244, -21.591043374706945 ], [ -50.271725592584481, -21.591044072768359 ], [ -50.271807578018908, -21.591121178061051 ], [ -50.271819873158265, -21.591121433009707 ], [ -50.271835445169025, -21.59112175590667 ], [ -50.271787692401617, -21.591076250294105 ], [ -50.271785743676674, -21.59107435920734 ], [ -50.271701708950253, -21.590991313059831 ], [ -50.271617692592635, -21.590911250352242 ], [ -50.271615743868722, -21.590909359266476 ], [ -50.27153106161964, -21.590825673213203 ], [ -50.271446381370815, -21.590742985376245 ], [ -50.271444490080157, -21.590741105260559 ] ] ], [ [ [ -50.26961734295741, -21.589941340180005 ], [ -50.269618921461102, -21.589968647719299 ], [ -50.2696197037179, -21.589996130758898 ], [ -50.2696194670594, -21.590023958322298 ], [ -50.269617777906298, -21.590052061064096 ], [ -50.269613768664698, -21.590079868075406 ], [ -50.269606517701298, -21.5901067459979 ], [ -50.2695951033824, -21.590132061472996 ], [ -50.269578773227501, -21.590155145623598 ], [ -50.269557952036699, -21.590175082374603 ], [ -50.269533564709199, -21.590190856025401 ], [ -50.269506505532, -21.590201972134196 ], [ -50.269477609941497, -21.590208882412693 ], [ -50.269447707159998, -21.590212138483398 ], [ -50.269417625330803, -21.590212291381498 ], [ -50.269387981725799, -21.590209777113209 ], [ -50.269358931584797, -21.590204779648797 ], [ -50.269330568920402, -21.590197449559696 ], [ -50.269302958759098, -21.59018798964161 ], [ -50.269275852762902, -21.590177167279499 ], [ -50.2692488110917, -21.590166094887589 ], [ -50.269221445720198, -21.590155757330091 ], [ -50.2691936979163, -21.590146339810396 ], [ -50.269165631872397, -21.590137729020302 ], [ -50.26913731199231, -21.590129811139306 ], [ -50.269108802679597, -21.590122472346589 ], [ -50.2690801683381, -21.590115598821697 ], [ -50.269051473371597, -21.590109076743989 ], [ -50.269022782184003, -21.590102792293205 ], [ -50.268994154639998, -21.5900966306715 ], [ -50.268965663210999, -21.590090495634588 ], [ -50.268937236497599, -21.590084378420904 ], [ -50.268908819566903, -21.590078327453309 ], [ -50.268880326562602, -21.590072384762987 ], [ -50.268851678174705, -21.590066593790496 ], [ -50.268822795092802, -21.590060997975893 ], [ -50.268793598006603, -21.590055640759392 ], [ -50.268764007605597, -21.590050565581095 ], [ -50.268734124590402, -21.590046284748297 ], [ -50.268706753975103, -21.590050326260698 ], [ -50.268683151250301, -21.590065750060791 ], [ -50.2686615281253, -21.590087349594594 ], [ -50.268640038160903, -21.590109755567202 ], [ -50.268617807962798, -21.590130047135499 ], [ -50.268595225237299, -21.590148476742691 ], [ -50.268572761678897, -21.590165508171285 ], [ -50.268484671206707, -21.590256624258394 ], [ -50.268476536366798, -21.590282718503396 ], [ -50.268481705719104, -21.590291444794097 ], [ -50.268487024803697, -21.590291846898683 ], [ -50.268517846843302, -21.590294283645104 ], [ -50.268548629836403, -21.590296930851494 ], [ -50.268579354259302, -21.590299893750899 ], [ -50.268610000588502, -21.590303277576098 ], [ -50.2686405493004, -21.590307187560185 ], [ -50.268670980871597, -21.590311728936001 ], [ -50.268701281698803, -21.590316975813096 ], [ -50.268731468961597, -21.590322840467095 ], [ -50.2687615698134, -21.590329182738294 ], [ -50.268791611412603, -21.590335862439993 ], [ -50.2688216209174, -21.590342739385591 ], [ -50.268851625486001, -21.590349673388307 ], [ -50.268881652276399, -21.590356524261388 ], [ -50.268911728446703, -21.590363151818096 ], [ -50.268941880937497, -21.590369416948597 ], [ -50.268960652315627, -21.590373041836671 ], [ -50.269039494871414, -21.590304879878282 ], [ -50.269124188974629, -21.590390570312913 ], [ -50.269135938196086, -21.590402319524866 ], [ -50.2691545692226, -21.590405232818501 ], [ -50.269184184621736, -21.590409942445827 ], [ -50.269367880946632, -21.590249262382542 ], [ -50.269381512492735, -21.590262893917735 ], [ -50.269446213979727, -21.590326696722727 ], [ -50.269640454741214, -21.59014889079447 ], [ -50.269730482452218, -21.590234917215696 ], [ -50.269751260411368, -21.590254781842969 ], [ -50.2697521834843, -21.590251537729298 ], [ -50.269756192627497, -21.590222694537001 ], [ -50.269757918203808, -21.590193132443893 ], [ -50.269758888478599, -21.590163477422397 ], [ -50.269760101257397, -21.590134149040107 ], [ -50.269761419043498, -21.590105125112398 ], [ -50.269762557932701, -21.590076326486599 ], [ -50.2697632340209, -21.590047674010098 ], [ -50.269763163404399, -21.590019088530102 ], [ -50.2697620642111, -21.5899904911434 ], [ -50.2697598819436, -21.589961830879197 ], [ -50.269756994107901, -21.589933109836302 ], [ -50.2697538265313, -21.5899043360502 ], [ -50.269750805040502, -21.589875517555789 ], [ -50.269748355462198, -21.589846662388403 ], [ -50.269746903622497, -21.589817778583402 ], [ -50.269746797028901, -21.589788878442803 ], [ -50.269748067755501, -21.589759991454191 ], [ -50.2697506684747, -21.589731151431195 ], [ -50.269754551858902, -21.589702392187188 ], [ -50.269759670580797, -21.589673747535802 ], [ -50.2697659773129, -21.589645251290403 ], [ -50.269773424727802, -21.589616937264491 ], [ -50.269781965498197, -21.589588839271297 ], [ -50.269791552296802, -21.589560991124493 ], [ -50.269802137796397, -21.589533426637299 ], [ -50.269813674669898, -21.589506179623186 ], [ -50.269826115590199, -21.589479283895603 ], [ -50.269839434832605, -21.589452790201602 ], [ -50.269853762000203, -21.589426871047198 ], [ -50.269869294656601, -21.589401752211199 ], [ -50.2698862306517, -21.589377659697192 ], [ -50.269904767835897, -21.589354819508394 ], [ -50.269925071576203, -21.589333426816395 ], [ -50.269946994393898, -21.589313379849202 ], [ -50.2699554416387, -21.589306478989091 ], [ -50.2699367623268, -21.589289874078197 ], [ -50.269935635140001, -21.589290554774589 ], [ -50.269911638411202, -21.589306389250996 ], [ -50.269888256059303, -21.589323123785803 ], [ -50.269865444094599, -21.589340630598397 ], [ -50.269843158144397, -21.589358781069407 ], [ -50.2698213538362, -21.589377446579299 ], [ -50.269799990222303, -21.589396506009994 ], [ -50.269779068003601, -21.589415929465591 ], [ -50.269758615648598, -21.589435747869093 ], [ -50.269738662130898, -21.589455993249501 ], [ -50.269719236424002, -21.589476697635597 ], [ -50.269700367501201, -21.589497893056496 ], [ -50.269682084336203, -21.589519611540904 ], [ -50.269664415902398, -21.589541885117793 ], [ -50.269647400555499, -21.589564747135899 ], [ -50.269631525891, -21.589588294128806 ], [ -50.269617917303599, -21.589612712336599 ], [ -50.269607723100997, -21.589638188525196 ], [ -50.269601288214297, -21.589664711961795 ], [ -50.2695980138026, -21.589692039899994 ], [ -50.269597247076902, -21.589719916331202 ], [ -50.2695983352477, -21.5897480852462 ], [ -50.269600625525001, -21.589776290636092 ], [ -50.269603480700397, -21.589804286729809 ], [ -50.269606522832902, -21.589831998107201 ], [ -50.269609587828, -21.589859489854611 ], [ -50.269612517982402, -21.58988683125839 ], [ -50.2696151555933, -21.589914091604793 ], [ -50.26961734295741, -21.589941340180005 ] ] ], [ [ [ -50.271207324452682, -21.589707986534243 ], [ -50.271207324452668, -21.589707986534229 ], [ -50.2712109123392, -21.589713786618695 ], [ -50.271207324452682, -21.589707986534243 ] ] ], [ [ [ -50.270787593185204, -21.589324246609088 ], [ -50.270818113648708, -21.589339880653487 ], [ -50.2708484594054, -21.589355903375701 ], [ -50.270878585983809, -21.589372332303999 ], [ -50.270908402000302, -21.589389241256193 ], [ -50.270937814803602, -21.589406705570905 ], [ -50.270966731742497, -21.589424800587103 ], [ -50.270995060166001, -21.589443601643399 ], [ -50.271022707422702, -21.589463184078905 ], [ -50.271049580861501, -21.589483623232397 ], [ -50.271075587831099, -21.589504994443001 ], [ -50.271100635680298, -21.589527373049805 ], [ -50.271124628679203, -21.589550833242395 ], [ -50.271133258487424, -21.589560156705435 ], [ -50.271144465252362, -21.589550238654486 ], [ -50.271140192929799, -21.5895297382182 ], [ -50.2711344566276, -21.589501251961295 ], [ -50.271128283187501, -21.589473152271193 ], [ -50.271121033317499, -21.589445816706903 ], [ -50.271112067725802, -21.589419622827197 ], [ -50.271100747120897, -21.589394948191099 ], [ -50.271086432211504, -21.589372170357002 ], [ -50.2710684837066, -21.589351666883097 ], [ -50.271046650159903, -21.589333617878989 ], [ -50.271022488453198, -21.589317282852587 ], [ -50.270997762348699, -21.589301793862099 ], [ -50.270972851062702, -21.589286891991804 ], [ -50.270947759096899, -21.589272483154581 ], [ -50.270922490946298, -21.589258473266192 ], [ -50.270897051106203, -21.589244768242203 ], [ -50.270871444071801, -21.589231273998401 ], [ -50.270845672837403, -21.589217918341006 ], [ -50.270819733433505, -21.589204730640802 ], [ -50.270793619872499, -21.589191769702794 ], [ -50.270767326166101, -21.589179094335197 ], [ -50.270740846326397, -21.5891667633461 ], [ -50.270714174365203, -21.589154835543596 ], [ -50.270687304294398, -21.589143369735893 ], [ -50.270660230125799, -21.589132424731002 ], [ -50.270632945871199, -21.58912205933709 ], [ -50.270605445542202, -21.589112332362188 ], [ -50.270577725412501, -21.589103288067989 ], [ -50.2705498404382, -21.589094593339002 ], [ -50.270521908213802, -21.589085512245202 ], [ -50.2704939782178, -21.589075745193895 ], [ -50.270465676932602, -21.589067702663701 ], [ -50.270436483079799, -21.589064785609402 ], [ -50.270407128982605, -21.589069318291408 ], [ -50.270380793182703, -21.589081282426793 ], [ -50.270357932946602, -21.589098677652895 ], [ -50.27033635626541, -21.589118025476399 ], [ -50.270313994284201, -21.589135631820803 ], [ -50.270325510265003, -21.589157678359495 ], [ -50.270336941921499, -21.589159191403901 ], [ -50.270370359882101, -21.589167977325207 ], [ -50.2704035157372, -21.589178392414798 ], [ -50.270436594984403, -21.589188700246392 ], [ -50.270469580783697, -21.589198885721796 ], [ -50.270502434626501, -21.589209118086302 ], [ -50.270535118003998, -21.589219566584998 ], [ -50.2705675924079, -21.589230400463485 ], [ -50.270599819329703, -21.589241788966902 ], [ -50.2706317634171, -21.589253888834001 ], [ -50.2706634229963, -21.58926672333719 ], [ -50.270694816772902, -21.589280234983899 ], [ -50.270725963736901, -21.589294365156594 ], [ -50.270756882877798, -21.589309055237496 ], [ -50.270787593185204, -21.589324246609088 ] ] ], [ [ [ -50.271477771748579, -21.589298467333773 ], [ -50.271477771748579, -21.58929846733378 ], [ -50.271472746621498, -21.589316894397097 ], [ -50.271477771748579, -21.589298467333773 ] ] ], [ [ [ -50.271490895283399, -21.589258970531105 ], [ -50.271480723744403, -21.589287642410703 ], [ -50.271477771748579, -21.589298467333773 ], [ -50.271580346400413, -21.589209740472839 ], [ -50.271579757423048, -21.589209086052932 ], [ -50.27176297541552, -21.589064848171731 ], [ -50.27170474691728, -21.589007281315396 ], [ -50.2716902804802, -21.589018742458201 ], [ -50.2716652558492, -21.589040330417397 ], [ -50.271640333530499, -21.589062417205394 ], [ -50.271616299628903, -21.589084698994593 ], [ -50.271593396685198, -21.589107327657501 ], [ -50.2715718567013, -21.589130450486998 ], [ -50.271551897459503, -21.589154214339487 ], [ -50.271533718430298, -21.589178773521116 ], [ -50.271517460428797, -21.589204356213287 ], [ -50.271503172002603, -21.589231128620494 ], [ -50.271490895283399, -21.589258970531105 ] ] ], [ [ [ -50.271438737709801, -21.589066779387405 ], [ -50.271429145946698, -21.589092735999294 ], [ -50.271420958842803, -21.589119259272806 ], [ -50.271413836098603, -21.589146326590299 ], [ -50.271407595539898, -21.589173878765497 ], [ -50.271402464750501, -21.589201761851196 ], [ -50.2713987368166, -21.589229806751991 ], [ -50.271396704824902, -21.589257844372515 ], [ -50.271396661861999, -21.58928570561719 ], [ -50.271398901015097, -21.589313221390501 ], [ -50.271403715371299, -21.589340222596991 ], [ -50.271408912790399, -21.589358030189675 ], [ -50.2714288857808, -21.589340753594428 ], [ -50.271434965451803, -21.589309213371592 ], [ -50.271443620843399, -21.589277474214104 ], [ -50.271454653152198, -21.589246375989084 ], [ -50.2714679806936, -21.589216150974792 ], [ -50.271483521782997, -21.589187031449097 ], [ -50.271501187668001, -21.589159233399098 ], [ -50.271520792224997, -21.589132748390789 ], [ -50.2715420784466, -21.589107404616907 ], [ -50.271564787722703, -21.589083026575807 ], [ -50.271588661443403, -21.589059438765997 ], [ -50.271613440998706, -21.589036465686192 ], [ -50.271638867778798, -21.589013931835101 ], [ -50.271664683173903, -21.588991661711702 ], [ -50.271678151879748, -21.588980991030265 ], [ -50.271610724629355, -21.588914338752634 ], [ -50.271583568549239, -21.58888749124317 ], [ -50.271578119660198, -21.588891735646499 ], [ -50.271555831529803, -21.588909843280586 ], [ -50.271534364915297, -21.588928729256097 ], [ -50.271514121920603, -21.5889487526082 ], [ -50.2714954544318, -21.588970182751194 ], [ -50.271478501754103, -21.588992909714097 ], [ -50.271463346951002, -21.589016723152696 ], [ -50.271450073086001, -21.589041412722608 ], [ -50.271438737709801, -21.589066779387405 ] ] ], [ [ [ -50.271600827385605, -21.588874047500408 ], [ -50.271583568549239, -21.58888749124316 ], [ -50.271583568549239, -21.58888749124317 ], [ -50.271600827385605, -21.588874047500408 ] ] ], [ [ [ -50.272115294441406, -21.587516885783998 ], [ -50.272112190920403, -21.587515445614699 ], [ -50.272105586558702, -21.587512849722899 ], [ -50.272098505340502, -21.5875106049137 ], [ -50.272091010749598, -21.587508677371098 ], [ -50.272083166269404, -21.587507033279394 ], [ -50.272075035383708, -21.587505638822797 ], [ -50.2720666815759, -21.587504460185297 ], [ -50.272058168329799, -21.587503463551297 ], [ -50.272049559128902, -21.587502615104803 ], [ -50.2720323067972, -21.587501227511702 ], [ -50.272015432439701, -21.587500026884307 ], [ -50.272007278583501, -21.587499419577789 ], [ -50.271999323418797, -21.587498795005992 ], [ -50.271983947177098, -21.587497495938681 ], [ -50.271969179739699, -21.587496133426299 ], [ -50.271954897132098, -21.587494711212706 ], [ -50.271940975379401, -21.587493233041901 ], [ -50.271913718539899, -21.58749012380391 ], [ -50.2718864184206, -21.587486835644096 ], [ -50.271872502217498, -21.587485132729096 ], [ -50.271858410494403, -21.587483392521388 ], [ -50.271829824899406, -21.587479803847291 ], [ -50.271800910458097, -21.587476076860995 ], [ -50.271771915993, -21.587472218801697 ], [ -50.271743090326297, -21.587468236908901 ], [ -50.2717146379252, -21.587464126949104 ], [ -50.271686492473009, -21.587459814647293 ], [ -50.2716584854888, -21.587455199302301 ], [ -50.271630448303704, -21.587450180164193 ], [ -50.271602212248503, -21.587444656482788 ], [ -50.271587966935698, -21.587441673953901 ], [ -50.271573608654499, -21.587438527507807 ], [ -50.271559116321498, -21.58743520455069 ], [ -50.271544468908402, -21.587431692661202 ], [ -50.271529680511399, -21.587428088481794 ], [ -50.271514860461302, -21.587424784368988 ], [ -50.271507477727397, -21.587423382959706 ], [ -50.271500134073499, -21.587422222313688 ], [ -50.271492845163898, -21.587421357679695 ], [ -50.271485626663207, -21.587420844306799 ], [ -50.271478494235502, -21.587420737443708 ], [ -50.271471463545403, -21.587421092339401 ], [ -50.2714645502572, -21.587421964242793 ], [ -50.271457770035205, -21.587423408402699 ], [ -50.271454434719203, -21.587424362344088 ], [ -50.271451138608803, -21.587425479196902 ], [ -50.271444675095097, -21.587428185559695 ], [ -50.271438403589691, -21.587431469655296 ], [ -50.271432348585599, -21.587435268312596 ], [ -50.271426534575902, -21.587439518360195 ], [ -50.271420986053997, -21.587444156627097 ], [ -50.27141572751281, -21.587449119942001 ], [ -50.271410783445809, -21.587454345133612 ], [ -50.271406178346105, -21.587459769030893 ], [ -50.271401922675899, -21.587465334316395 ], [ -50.271397963387798, -21.5874710101692 ], [ -50.271394229474701, -21.587476773261685 ], [ -50.271387155994603, -21.587488468579295 ], [ -50.27138032491051, -21.587500294810901 ], [ -50.271373686574002, -21.587512231565604 ], [ -50.271367224127502, -21.5875242689666 ], [ -50.271354759473901, -21.587548606200798 ], [ -50.271342796089002, -21.587573227499593 ], [ -50.271331199112097, -21.587598053849003 ], [ -50.271308564938401, -21.587648005643707 ], [ -50.2712972580197, -21.587672973060901 ], [ -50.271285780056203, -21.587697830908194 ], [ -50.271274061886302, -21.587722547542004 ], [ -50.271262109956098, -21.58774714583339 ], [ -50.271249935104407, -21.587771651820393 ], [ -50.271237548170106, -21.587796091541396 ], [ -50.2712249513961, -21.587820479176596 ], [ -50.271212106707203, -21.587844773287404 ], [ -50.271198964217703, -21.587868916142597 ], [ -50.271185474040003, -21.587892850008593 ], [ -50.271171586286698, -21.587916517152006 ], [ -50.271157251070498, -21.587939859839196 ], [ -50.271142415915598, -21.587962836955391 ], [ -50.271127017884901, -21.587985474550294 ], [ -50.271119087297706, -21.587996679469402 ], [ -50.271110991399297, -21.588007815638782 ], [ -50.2711027219923, -21.588018888435393 ], [ -50.271094270879303, -21.588029903235991 ], [ -50.271085629862903, -21.588040865417408 ], [ -50.271076790745603, -21.588051780356597 ], [ -50.271067745329901, -21.588062653430296 ], [ -50.2710584876233, -21.588073489292398 ], [ -50.2710490303608, -21.58808428645489 ], [ -50.271039395727598, -21.588095040330593 ], [ -50.271019683380203, -21.588116399777892 ], [ -50.2709995286436, -21.588137530746899 ], [ -50.270979109580203, -21.588158396350099 ], [ -50.270958604252598, -21.588178959700205 ], [ -50.270938190723498, -21.588199183910099 ], [ -50.270918047055801, -21.588219032092496 ], [ -50.270908132064598, -21.588228803646196 ], [ -50.270898351312397, -21.588238467360405 ], [ -50.270888727056999, -21.588248018624189 ], [ -50.270879281556397, -21.588257452826806 ], [ -50.270870037068299, -21.588266765357304 ], [ -50.270861015850898, -21.588275951604896 ], [ -50.270852240161801, -21.588285006958706 ], [ -50.270843732259102, -21.58829392680779 ], [ -50.270835512891303, -21.588302708936503 ], [ -50.270827536997999, -21.588311455551494 ], [ -50.270819669659602, -21.588320411443998 ], [ -50.270811769490003, -21.58832983166559 ], [ -50.270807762910508, -21.588334795603203 ], [ -50.270803695103403, -21.588339971267505 ], [ -50.270799548395601, -21.588345390539601 ], [ -50.270795305113602, -21.588351085301092 ], [ -50.270790947584302, -21.588357087433405 ], [ -50.270786458134403, -21.588363428817789 ], [ -50.270781819090502, -21.588370141335897 ], [ -50.270777012779298, -21.588377256868892 ], [ -50.270772021527598, -21.588384807298389 ], [ -50.270766882157297, -21.588392786203997 ], [ -50.270764441361599, -21.588396812788194 ], [ -50.270762265303503, -21.588400741693597 ], [ -50.270760489797297, -21.588404479896198 ], [ -50.270759250657697, -21.588407934372295 ], [ -50.270758874667401, -21.588409526142897 ], [ -50.2707586836991, -21.5884110120979 ], [ -50.2707586947297, -21.588412380609203 ], [ -50.2707589247361, -21.588413620049103 ], [ -50.270759390694899, -21.588414718789291 ], [ -50.270760109583101, -21.588415665202003 ], [ -50.270761098377406, -21.588416447659096 ], [ -50.270762370356799, -21.588417056754192 ], [ -50.270763898726599, -21.588417507155789 ], [ -50.270765632158103, -21.58841782827129 ], [ -50.270769507477098, -21.588418201124799 ], [ -50.270777640241803, -21.588418586940797 ], [ -50.2707856252526, -21.588418872268793 ], [ -50.270793458960398, -21.588419063363101 ], [ -50.270808713925504, -21.588419156042399 ], [ -50.2708234880551, -21.588418851361805 ], [ -50.270837864266802, -21.588418135704401 ], [ -50.270851925478702, -21.588416995452992 ], [ -50.270865754608302, -21.588415416990706 ], [ -50.2708794345737, -21.588413386700392 ], [ -50.2708930482925, -21.588410890965093 ], [ -50.270906678682501, -21.588407916167501 ], [ -50.270920393784699, -21.588404459301696 ], [ -50.270934177497899, -21.588400577375999 ], [ -50.2709479841714, -21.588396348475406 ], [ -50.270961768122298, -21.588391850707808 ], [ -50.270975485258496, -21.588387159753196 ], [ -50.270989116915302, -21.588382312486296 ], [ -50.271002664865698, -21.588377314590193 ], [ -50.271029519053101, -21.588366886113999 ], [ -50.271056066631999, -21.588355912731494 ], [ -50.271082326413499, -21.588344432849599 ], [ -50.2711083172088, -21.588332484875092 ], [ -50.271134057829101, -21.588320107214781 ], [ -50.271159567085697, -21.588307338275389 ], [ -50.271184863789799, -21.588294216463897 ], [ -50.271209966752799, -21.5882807801868 ], [ -50.271225496657159, -21.588272237544818 ], [ -50.271247381732465, -21.588253324672277 ], [ -50.271229010888469, -21.588235594658112 ], [ -50.271450988958335, -21.588034405262373 ], [ -50.271516560024708, -21.588097688918108 ], [ -50.271521439217459, -21.588094609634624 ], [ -50.271492777046738, -21.588067328752878 ], [ -50.271410793829652, -21.58798934465862 ], [ -50.271631206017041, -21.587786655262871 ], [ -50.271713239562281, -21.587864687123112 ], [ -50.271775667947075, -21.587924106866478 ], [ -50.271784808184002, -21.587917635261402 ], [ -50.271808029229803, -21.587900983909993 ], [ -50.271831134565602, -21.587884152174205 ], [ -50.271854079180898, -21.587867119302995 ], [ -50.271876818064797, -21.587849864545603 ], [ -50.271899306206699, -21.587832367151101 ], [ -50.271921498595802, -21.587814606368799 ], [ -50.271943350221498, -21.587796561447895 ], [ -50.271964816073201, -21.587778211637602 ], [ -50.271985851140101, -21.587759536187299 ], [ -50.272006410411699, -21.587740514346304 ], [ -50.272026448877199, -21.587721125363803 ], [ -50.272036258741899, -21.587711286710007 ], [ -50.2720459215261, -21.587701348489201 ], [ -50.272055431603505, -21.587691308107793 ], [ -50.272064783347901, -21.587681162971908 ], [ -50.272073971132698, -21.587670910487589 ], [ -50.2720829893318, -21.587660548061084 ], [ -50.2720918323189, -21.587650073098708 ], [ -50.272100494467502, -21.587639483006384 ], [ -50.272108966423502, -21.587628771819293 ], [ -50.272117101385, -21.587617809284698 ], [ -50.272120942838598, -21.587612144427993 ], [ -50.272124578211098, -21.587606307501488 ], [ -50.272127965955001, -21.5876002612472 ], [ -50.272131064523109, -21.587593968407393 ], [ -50.272133832340899, -21.587587391847794 ], [ -50.272136218435698, -21.587580537018901 ], [ -50.272138148723698, -21.587573514094107 ], [ -50.272139545632399, -21.587566449054908 ], [ -50.2721403315891, -21.5875594678831 ], [ -50.272140471219103, -21.5875560481166 ], [ -50.272140429021398, -21.587552696560095 ], [ -50.2721401952994, -21.587549428961086 ], [ -50.272139760356602, -21.587546261067498 ], [ -50.272139114496497, -21.587543208626798 ], [ -50.272138248022408, -21.587540287386805 ], [ -50.272137154176498, -21.587537509766094 ], [ -50.272135837955609, -21.587534874866805 ], [ -50.272134307295097, -21.587532378461908 ], [ -50.272132570130402, -21.587530016324507 ], [ -50.2721306343972, -21.587527784227497 ], [ -50.272128508030697, -21.587525677943912 ], [ -50.272126198966497, -21.587523693246904 ], [ -50.272123715139998, -21.587521825909388 ], [ -50.272121064486697, -21.587520071704404 ], [ -50.272118254942001, -21.587518426404895 ], [ -50.272115294441406, -21.587516885783998 ] ] ] ] } },
{ "type": "Feature", "properties": { "CHAVE": null, "FAZENDA": "Faz. ABC", "NOME_FAZ": null, "ZONA": null, "TALHAO": null, "AREA_TOTAL": null, "TIPO_GEO": "VOO_PROCESSADO", "DATA_INICI": "30-03-2026", "DATA_FINAL": "30-03-2026", "HORA_INICI": "11:55:19", "HORA_FINAL": "11:55:19", "CLASSE": "APLICADO FORA DO TALHÃO", "PILOTO": "valmir alves", "AERONAVE": "PS-CBA", "AREA_HA": 2.8166934752e-05 }, "geometry": { "type": "MultiPolygon", "coordinates": [ [ [ [ -50.271375745025168, -21.589824359585773 ], [ -50.271380207262489, -21.589828769329692 ], [ -50.271390823679852, -21.589831971469888 ], [ -50.271402998046923, -21.589833719908395 ], [ -50.271403834051576, -21.589833832983011 ], [ -50.271425966740921, -21.589836641989887 ], [ -50.271442484373786, -21.589836068901949 ], [ -50.271457828148357, -21.589830320571664 ], [ -50.271463449724735, -21.58982707567338 ], [ -50.271475803703694, -21.589816847465244 ], [ -50.271477332233879, -21.589815059807336 ], [ -50.271482606672649, -21.589807427545143 ], [ -50.27148749893307, -21.589798487212569 ], [ -50.271490754612749, -21.58979092180698 ], [ -50.271494830552733, -21.589778251417613 ], [ -50.271496352925055, -21.589771882917439 ], [ -50.271498736251218, -21.589756897011224 ], [ -50.271499259683637, -21.589750677002762 ], [ -50.271499472536178, -21.58972956022766 ], [ -50.271502082845664, -21.589714782760318 ], [ -50.271501974947398, -21.589699470299912 ], [ -50.271496403485564, -21.589685071359 ], [ -50.271480669895119, -21.58965922384397 ], [ -50.27147312547774, -21.589636385148008 ], [ -50.271473057054671, -21.58963617975105 ], [ -50.271464411909868, -21.589610444126706 ], [ -50.271464269735375, -21.589610027938729 ], [ -50.271455525044807, -21.589584850230661 ], [ -50.27145530233858, -21.589584224593164 ], [ -50.271446333361972, -21.58955962894953 ], [ -50.271446020423333, -21.589558797424285 ], [ -50.271436707937482, -21.589534802928977 ], [ -50.271436292516995, -21.589533771938545 ], [ -50.271430442763155, -21.589519773777265 ], [ -50.271427456392161, -21.589510856940702 ], [ -50.27142624724334, -21.589506123557044 ], [ -50.271425355750516, -21.589502096601223 ], [ -50.271420037642351, -21.589473769172308 ], [ -50.271419377291267, -21.589469433167491 ], [ -50.271419105293631, -21.589467111925636 ], [ -50.271413665788153, -21.58945069724609 ], [ -50.271407541586427, -21.58944366197203 ], [ -50.27140754158939, -21.589443661975032 ], [ -50.271402064858691, -21.589437370493261 ], [ -50.271398785488607, -21.589434807483816 ], [ -50.271398785489652, -21.589434807484871 ], [ -50.271388601513614, -21.589426848143031 ], [ -50.27138312274888, -21.589418968745214 ], [ -50.271383122749803, -21.589418968746152 ], [ -50.271378881086157, -21.589412868510337 ], [ -50.271378217383862, -21.589411506224454 ], [ -50.271376470474998, -21.589407601758154 ], [ -50.271372290703852, -21.58939737365219 ], [ -50.271372290703567, -21.589397373651909 ], [ -50.271369976294302, -21.589391710177981 ], [ -50.271368154758186, -21.589393285803023 ], [ -50.271346261868089, -21.589371647497675 ], [ -50.271186056697282, -21.589513429988319 ], [ -50.271187600452649, -21.589521096205814 ], [ -50.271187658103997, -21.589521377590639 ], [ -50.271193267767529, -21.589548295120437 ], [ -50.271193558171142, -21.589549587668781 ], [ -50.271197781135974, -21.589567106788699 ], [ -50.271199064119031, -21.589583878819894 ], [ -50.271198493984187, -21.589586164305832 ], [ -50.271197351007132, -21.589599612725994 ], [ -50.271200505315647, -21.589612777057319 ], [ -50.271207675561854, -21.589624483105407 ], [ -50.271223077857677, -21.589642661091045 ], [ -50.271230925792267, -21.589654127366774 ], [ -50.271238158807201, -21.589667488201194 ], [ -50.271239442874979, -21.589669704434872 ], [ -50.27125149076705, -21.589689180736023 ], [ -50.27125277165414, -21.589691135227046 ], [ -50.271266037745661, -21.589710270450524 ], [ -50.271267283240149, -21.58971197991001 ], [ -50.271276794591948, -21.589724412762912 ], [ -50.271291804419739, -21.589739422602776 ], [ -50.271374491132669, -21.589823105609344 ], [ -50.271375745025168, -21.589824359585773 ] ] ], [ [ [ -50.271570294762931, -21.588839046686093 ], [ -50.271592955402546, -21.588821683792421 ], [ -50.271593626042666, -21.588821176149878 ], [ -50.271616379716988, -21.588804161416945 ], [ -50.271617436809372, -21.588803385862406 ], [ -50.271640362419404, -21.588786884933263 ], [ -50.271641824255873, -21.58878585995037 ], [ -50.271665036627695, -21.588770007967586 ], [ -50.271666854720948, -21.588768805991403 ], [ -50.271690512646984, -21.588753669753658 ], [ -50.27169231727926, -21.588752551801633 ], [ -50.271716490323733, -21.588738058061121 ], [ -50.27171814232144, -21.588737096579937 ], [ -50.271742804093428, -21.588723169314498 ], [ -50.271744291878449, -21.58872235157094 ], [ -50.271769393723474, -21.588708928223411 ], [ -50.271770708692252, -21.588708241897574 ], [ -50.271796201066579, -21.588695259680396 ], [ -50.271797336962202, -21.588694693392799 ], [ -50.271808538265589, -21.588689228063942 ], [ -50.271747275206863, -21.588628661224277 ], [ -50.271746645776375, -21.588628042616772 ], [ -50.271659645767173, -21.588543042673955 ], [ -50.271657818881422, -21.58854128779333 ], [ -50.271639818880402, -21.588524287805004 ], [ -50.271420180966217, -21.588727712117031 ], [ -50.271437259573759, -21.588743841925151 ], [ -50.271523038378525, -21.588827648868111 ], [ -50.271550310163235, -21.588854610767438 ], [ -50.271569842689885, -21.588839395939502 ], [ -50.271570294762931, -21.588839046686093 ] ] ], [ [ [ -50.271359374930071, -21.588248209722881 ], [ -50.271358830341988, -21.588248532779666 ], [ -50.27131009159757, -21.588277161523123 ], [ -50.2713094729787, -21.588277520852589 ], [ -50.2712862644198, -21.588290851015511 ], [ -50.271286264419906, -21.588290851015611 ], [ -50.271285031957028, -21.588291558897883 ], [ -50.27128448952309, -21.588291867399441 ], [ -50.271259914917351, -21.58830570627623 ], [ -50.271259272942949, -21.588306063590899 ], [ -50.271234575694564, -21.588319648978203 ], [ -50.271233832334346, -21.588320052352451 ], [ -50.271208994274019, -21.588333346842138 ], [ -50.271208147538481, -21.588333793029648 ], [ -50.271183150528358, -21.588346759385779 ], [ -50.271182198371747, -21.588347244606357 ], [ -50.271157024278587, -21.588359845776683 ], [ -50.27115596469141, -21.588360365682576 ], [ -50.27113059535214, -21.588372564808896 ], [ -50.271129426477529, -21.588373114451837 ], [ -50.271103843654288, -21.588384874881999 ], [ -50.271102563918731, -21.588385448690062 ], [ -50.271086232654007, -21.5883925881629 ], [ -50.271084485100793, -21.588394098381659 ], [ -50.271166485087747, -21.588477098436332 ], [ -50.271190290212523, -21.588496707502077 ], [ -50.271196290214704, -21.588500707505322 ], [ -50.271326732058412, -21.588329555704483 ], [ -50.271405870736665, -21.588403359237841 ], [ -50.27162412910991, -21.588198640685086 ], [ -50.271551003903177, -21.588130445317866 ], [ -50.271505274462662, -21.588159305404179 ], [ -50.271504771935454, -21.588159619705699 ], [ -50.271456899231147, -21.588189291683396 ], [ -50.271456416436436, -21.588189588340192 ], [ -50.271408265063357, -21.588218918924408 ], [ -50.271407802942164, -21.588219198086154 ], [ -50.271360532025334, -21.588247516545295 ], [ -50.271360532025149, -21.588247516545096 ], [ -50.271359374930071, -21.588248209722881 ] ] ], [ [ [ -50.271809806238799, -21.587956591931807 ], [ -50.271790742076263, -21.587970090022406 ], [ -50.271790296932828, -21.587970402690342 ], [ -50.271743751120248, -21.588002835524744 ], [ -50.271743171397027, -21.588003235296277 ], [ -50.271696463088311, -21.588035110889567 ], [ -50.271695895694812, -21.58803549418662 ], [ -50.271648985152623, -21.58806686273579 ], [ -50.271648431706943, -21.588067229169962 ], [ -50.271601303588433, -21.588098123859425 ], [ -50.271600765649133, -21.588098473123409 ], [ -50.271555845363253, -21.588127357677482 ], [ -50.271575760278822, -21.588146312852295 ], [ -50.271657793642454, -21.588224344656737 ], [ -50.271878206204242, -21.588021655264786 ], [ -50.271809806238799, -21.587956591931807 ] ] ] ] } },
{ "type": "Feature", "properties": { "CHAVE": null, "FAZENDA": "Faz. ABC", "NOME_FAZ": null, "ZONA": null, "TALHAO": null, "AREA_TOTAL": null, "TIPO_GEO": "VOO_PROCESSADO", "DATA_INICI": "30-03-2026", "DATA_FINAL": "30-03-2026", "HORA_INICI": "11:55:19", "HORA_FINAL": "11:55:19", "CLASSE": "SOBREPOSIÇÃO", "PILOTO": "valmir alves", "AERONAVE": "PS-CBA", "AREA_HA": 0.00031749131467299999 }, "geometry": { "type": "MultiPolygon", "coordinates": [ [ [ [ -50.277187299806357, -21.597494880562209 ], [ -50.277273977891504, -21.597578569811681 ], [ -50.277274653833658, -21.597579218367482 ], [ -50.27736065382765, -21.597661218423458 ], [ -50.277371183911718, -21.597651559369226 ], [ -50.277286889525605, -21.597567265050447 ], [ -50.277286305527127, -21.59756668427061 ], [ -50.277195305515853, -21.597476684330758 ], [ -50.277194697825713, -21.597476086742379 ], [ -50.277104697816114, -21.59738808680158 ], [ -50.277103517632916, -21.597386945459785 ], [ -50.277012415847345, -21.597299804688038 ], [ -50.276923298661131, -21.597211677761798 ], [ -50.276906875435252, -21.597226203222363 ], [ -50.276928000601217, -21.597246591479525 ], [ -50.277013023370657, -21.59732861351274 ], [ -50.277013623799206, -21.597329189533813 ], [ -50.277100623793082, -21.597412189590468 ], [ -50.277187299806357, -21.597494880562209 ] ] ], [ [ [ -50.277234677118422, -21.59712709761612 ], [ -50.277149987857911, -21.597045397450596 ], [ -50.277063999237996, -21.596962408497195 ], [ -50.276978976277249, -21.596880386404852 ], [ -50.27697837567132, -21.596879810214475 ], [ -50.276891676736128, -21.596797097499742 ], [ -50.276806976085787, -21.596715386346371 ], [ -50.27678667423848, -21.596695801049833 ], [ -50.276828109743072, -21.5967367373641 ], [ -50.27690947541042, -21.596819095362559 ], [ -50.276910752137645, -21.596820372084537 ], [ -50.276993109550695, -21.596901737304442 ], [ -50.277074475217866, -21.596984095302705 ], [ -50.277075751945674, -21.596985372025259 ], [ -50.277158109358403, -21.597066737244873 ], [ -50.277239475025297, -21.597149095242852 ], [ -50.277240751753723, -21.597150371966027 ], [ -50.277323747827516, -21.597232368151971 ], [ -50.277407109112573, -21.597314737106412 ], [ -50.277489157873724, -21.59739777447454 ], [ -50.277564117440747, -21.597474584958736 ], [ -50.27758134601897, -21.597458781497878 ], [ -50.277495685070434, -21.597377104841208 ], [ -50.27740902194757, -21.597293430165692 ], [ -50.277408376149722, -21.597292810360091 ], [ -50.27732137614359, -21.597209810416715 ], [ -50.277234677118422, -21.59712709761612 ] ] ], [ [ [ -50.277053247527519, -21.596538627720225 ], [ -50.276970247517376, -21.596456627775073 ], [ -50.27688856485431, -21.596375941305482 ], [ -50.276807844394298, -21.596295220910889 ], [ -50.276727782036225, -21.596212193349768 ], [ -50.276725239255008, -21.596209619807951 ], [ -50.276643239245011, -21.5961286198621 ], [ -50.276642577750316, -21.596127970481565 ], [ -50.276560913452109, -21.59604829805766 ], [ -50.276478893376066, -21.595967266239626 ], [ -50.276398531435682, -21.595885912242583 ], [ -50.276378482575467, -21.595903233837898 ], [ -50.276439048363237, -21.59596163660644 ], [ -50.276522072275732, -21.596041659720903 ], [ -50.276604730194663, -21.596121330065312 ], [ -50.27668839044469, -21.596202998467856 ], [ -50.276771406049654, -21.596284013762016 ], [ -50.276772071908184, -21.596284659552136 ], [ -50.276854729912877, -21.596364329979245 ], [ -50.276938390162321, -21.596445998381206 ], [ -50.276939071720271, -21.59644665949471 ], [ -50.277021407847563, -21.596526019678532 ], [ -50.277103752462011, -21.59660737225299 ], [ -50.277104405587686, -21.596608013563049 ], [ -50.277187405579063, -21.596689013617596 ], [ -50.277270405484963, -21.596770013588717 ], [ -50.277310409841057, -21.596798109904906 ], [ -50.277312534160636, -21.596798766116496 ], [ -50.277300890392901, -21.596787262644295 ], [ -50.277219524616442, -21.596704904669139 ], [ -50.277218247719482, -21.596703627779487 ], [ -50.277135890200292, -21.596622262584418 ], [ -50.277054524423889, -21.596539904609287 ], [ -50.277053247527519, -21.596538627720225 ] ] ], [ [ [ -50.276516973977515, -21.594868385660298 ], [ -50.276514363291398, -21.594865926786234 ], [ -50.276495119633054, -21.594848231481031 ], [ -50.276548719877212, -21.594899279370942 ], [ -50.276548862344129, -21.594899148531624 ], [ -50.276516973977515, -21.594868385660298 ] ] ], [ [ [ -50.276826927663791, -21.595920340228023 ], [ -50.276743927656689, -21.59584034028229 ], [ -50.276660939526835, -21.595760351784481 ], [ -50.276576951476258, -21.595679363369033 ], [ -50.276494269278288, -21.595599669740174 ], [ -50.276410608925055, -21.595518001363363 ], [ -50.27640992719634, -21.59551734008522 ], [ -50.276326927189238, -21.595437340139473 ], [ -50.276244916448491, -21.595358293703494 ], [ -50.276163886878258, -21.595277264197666 ], [ -50.27616192691567, -21.5952753399994 ], [ -50.276078926908561, -21.595195340053678 ], [ -50.275996268716199, -21.59511566956791 ], [ -50.275912608362646, -21.595034001190783 ], [ -50.275830576479152, -21.594953970137855 ], [ -50.275829247612592, -21.594952689599427 ], [ -50.275747583945076, -21.594874961589674 ], [ -50.275666886315165, -21.59479426402363 ], [ -50.27566622952893, -21.594793611305494 ], [ -50.275585229519066, -21.594713611358994 ], [ -50.275583926262719, -21.59471233979983 ], [ -50.275501915605368, -21.594633293444218 ], [ -50.275420886033103, -21.594552263936372 ], [ -50.275419575926534, -21.594550969911726 ], [ -50.275337575918044, -21.594470969965613 ], [ -50.275336925982096, -21.594470339714007 ], [ -50.275254251877783, -21.594390653891463 ], [ -50.275172575732135, -21.594310969908598 ], [ -50.275090903307721, -21.594231289556681 ], [ -50.275010228865035, -21.59415161115751 ], [ -50.275006899691277, -21.594148422988159 ], [ -50.274924590463677, -21.59407199304772 ], [ -50.274845228681095, -21.593993611100938 ], [ -50.274844575278173, -21.593992969712854 ], [ -50.274762575269691, -21.593912969766738 ], [ -50.274761900727071, -21.593912315803351 ], [ -50.274679900720116, -21.593833315856937 ], [ -50.274599226380928, -21.593755629510035 ], [ -50.274517574994313, -21.593675969682284 ], [ -50.27443754149197, -21.593597937067873 ], [ -50.274436875128266, -21.593597291387169 ], [ -50.274355875121444, -21.593519291440092 ], [ -50.274354595357167, -21.593518073550783 ], [ -50.274270595352959, -21.593439073605122 ], [ -50.274189197314264, -21.593362638857045 ], [ -50.274108874849951, -21.593285291357326 ], [ -50.274108212227219, -21.593284657179602 ], [ -50.274026212221777, -21.593206657232905 ], [ -50.274025510781847, -21.593205994301069 ], [ -50.273943845288969, -21.593129308468107 ], [ -50.273863194847173, -21.593052640821362 ], [ -50.273781211953121, -21.592974657151338 ], [ -50.273780510513767, -21.592973994220031 ], [ -50.273698510509846, -21.59289699427304 ], [ -50.27361784047244, -21.592821303907005 ], [ -50.273536211685602, -21.592743657070152 ], [ -50.273535510246823, -21.5927429941394 ], [ -50.273453510242902, -21.592665994192387 ], [ -50.273452847122904, -21.592665375269455 ], [ -50.273370179596441, -21.592588683764493 ], [ -50.273338981869216, -21.592559388359188 ], [ -50.273403439576619, -21.592623060047512 ], [ -50.27348679324443, -21.592706413782359 ], [ -50.273567472323464, -21.592788088965996 ], [ -50.273568116091205, -21.592788736695066 ], [ -50.273651116079527, -21.592871736750144 ], [ -50.273652394219198, -21.592872999578166 ], [ -50.273735750992785, -21.592954371730453 ], [ -50.273818115887245, -21.593036736690649 ], [ -50.273819409727494, -21.593038014843216 ], [ -50.273902401832835, -21.593119007201764 ], [ -50.273986074127905, -21.59320068736308 ], [ -50.274068434890005, -21.59328205589118 ], [ -50.274151115504978, -21.593364736572408 ], [ -50.274152393646538, -21.593365999402295 ], [ -50.274236393637771, -21.593447999457492 ], [ -50.274237027757813, -21.593448614827437 ], [ -50.274321717527499, -21.593530315609165 ], [ -50.274404073791565, -21.593610687447427 ], [ -50.27448874062712, -21.593694358268483 ], [ -50.274489408964278, -21.59369501460894 ], [ -50.274572408955656, -21.593776014663476 ], [ -50.274573027377379, -21.593776614711128 ], [ -50.27465801589765, -21.593858603699282 ], [ -50.274744004409385, -21.593941592675254 ], [ -50.27482806190563, -21.594022683503773 ], [ -50.274910114642346, -21.594104736305734 ], [ -50.274912026994635, -21.594106614594132 ], [ -50.274996701156581, -21.594188300318958 ], [ -50.275081057612574, -21.594270671981242 ], [ -50.27516573985897, -21.594354358031868 ], [ -50.275166377173768, -21.594354984088625 ], [ -50.275251377164857, -21.594437984144506 ], [ -50.275252003744164, -21.594438592413276 ], [ -50.275338003736643, -21.594521592469512 ], [ -50.275423015021985, -21.594603603423963 ], [ -50.275508367563241, -21.594685978614507 ], [ -50.275592739375924, -21.594769357883081 ], [ -50.275594003359011, -21.594770592295514 ], [ -50.275679689022844, -21.594853288988091 ], [ -50.27576437658616, -21.594935983966941 ], [ -50.275766284257756, -21.594937814084954 ], [ -50.275852639794735, -21.595019206720785 ], [ -50.275937367080999, -21.595100978466601 ], [ -50.276021738892823, -21.595184357734325 ], [ -50.276024953921919, -21.595187441585541 ], [ -50.276110321746501, -21.59526692203298 ], [ -50.276193738700719, -21.595349357675222 ], [ -50.276195626064087, -21.595351190255169 ], [ -50.276282626057949, -21.595434190311799 ], [ -50.276283322297232, -21.595434850292794 ], [ -50.276368014351448, -21.595514618450338 ], [ -50.276451738411993, -21.595597357586346 ], [ -50.276454953445473, -21.595600441441782 ], [ -50.276540321267881, -21.595679921887204 ], [ -50.276623738219875, -21.595762357527232 ], [ -50.276626283301759, -21.595764813795203 ], [ -50.27671232071755, -21.595845906592668 ], [ -50.276796375433179, -21.595927983613372 ], [ -50.276797686782814, -21.595929248584074 ], [ -50.276882354741538, -21.596009932229169 ], [ -50.276967024779566, -21.596091613975119 ], [ -50.277051698851672, -21.596173299613284 ], [ -50.27713637505196, -21.596255983496437 ], [ -50.277154867358163, -21.596239419749043 ], [ -50.277077609675779, -21.596164001593685 ], [ -50.277076927945643, -21.596163340314174 ], [ -50.276994261939457, -21.59608366229703 ], [ -50.276911601592914, -21.596002993828503 ], [ -50.276827609393408, -21.595921001507026 ], [ -50.276826927663791, -21.595920340228023 ] ] ], [ [ [ -50.275697712536925, -21.593288091395362 ], [ -50.275608884494147, -21.593199263423021 ], [ -50.275607121308212, -21.593197529236296 ], [ -50.275515121299861, -21.593108529296522 ], [ -50.275424101306335, -21.593020510026086 ], [ -50.275423512633523, -21.593019943863034 ], [ -50.275331512626686, -21.59293194392297 ], [ -50.275240414063674, -21.59284480623365 ], [ -50.275150300080618, -21.592755682583952 ], [ -50.275149120794126, -21.592754529079052 ], [ -50.275057120785753, -21.592665529139278 ], [ -50.27496641059637, -21.592577809459698 ], [ -50.274874718537632, -21.592488110776255 ], [ -50.274873512016093, -21.592486943674867 ], [ -50.274782112086612, -21.592399517721923 ], [ -50.27469170530108, -21.592311097967123 ], [ -50.274690564008338, -21.592309993564282 ], [ -50.274596564001214, -21.592219993625552 ], [ -50.274504826552764, -21.592132244804208 ], [ -50.274412139515306, -21.592042547739808 ], [ -50.274411537889478, -21.592041968765553 ], [ -50.274319131204713, -21.591953536629205 ], [ -50.274227717812309, -21.591864110553697 ], [ -50.274226537682118, -21.591862968702358 ], [ -50.274133839255342, -21.591774257372002 ], [ -50.274041139099836, -21.591684547612758 ], [ -50.274040563283002, -21.591683993343281 ], [ -50.273946563275871, -21.591593993404551 ], [ -50.273945990297598, -21.591593447703868 ], [ -50.273851567669503, -21.591503994754948 ], [ -50.273759138786446, -21.591414547516976 ], [ -50.273757381779298, -21.591412874558515 ], [ -50.273662686735896, -21.591324160320042 ], [ -50.273567989980599, -21.591234447671123 ], [ -50.273472989876474, -21.591144447639547 ], [ -50.273470613256272, -21.591142244331181 ], [ -50.273374213882555, -21.591054789291032 ], [ -50.273278808162253, -21.590966340301289 ], [ -50.273276476364622, -21.590964223517325 ], [ -50.273178337595255, -21.590876989115738 ], [ -50.273083186135949, -21.590789767006054 ], [ -50.27308083528095, -21.59078765703126 ], [ -50.272981873973329, -21.590700691091943 ], [ -50.272924984794912, -21.590650628648632 ], [ -50.273009518684624, -21.590736134262098 ], [ -50.273010118447893, -21.590736737462208 ], [ -50.273096118435802, -21.590822737519275 ], [ -50.273097323454294, -21.590823928917995 ], [ -50.273186029075006, -21.590910641221768 ], [ -50.273271736394065, -21.590995352010875 ], [ -50.27327232325446, -21.590995928856618 ], [ -50.273361323244991, -21.591082928915142 ], [ -50.27336196347364, -21.591083551026156 ], [ -50.273449642266264, -21.591168240834158 ], [ -50.273538323045123, -21.591254928853797 ], [ -50.273539601163534, -21.591256163473926 ], [ -50.27362696514043, -21.591339556424309 ], [ -50.273714336792253, -21.591424942422741 ], [ -50.273716867173093, -21.591427358082171 ], [ -50.273804906595068, -21.591509462322787 ], [ -50.273891962972726, -21.591593550933055 ], [ -50.273893250392092, -21.591594779745424 ], [ -50.273981231934123, -21.591677762397687 ], [ -50.274070213480464, -21.591761745043001 ], [ -50.274158250194212, -21.591844779743965 ], [ -50.274246250098237, -21.591927779714933 ], [ -50.274246866594872, -21.59192835790785 ], [ -50.27433522972381, -21.592010764032473 ], [ -50.274422600283771, -21.592094163265653 ], [ -50.274508660119494, -21.592176220411663 ], [ -50.274509866307504, -21.592177357821182 ], [ -50.274597928184988, -21.592259483003474 ], [ -50.274683006231491, -21.59234159327325 ], [ -50.274684287223238, -21.592342815025599 ], [ -50.274770957309009, -21.592424504132673 ], [ -50.274857629413589, -21.592507191374885 ], [ -50.274858910906261, -21.592508399637154 ], [ -50.274946266261871, -21.592589799005545 ], [ -50.27503262922243, -21.592672191316801 ], [ -50.27503328684169, -21.592672814910127 ], [ -50.275119642383665, -21.592754207550634 ], [ -50.275205005657071, -21.592836593097971 ], [ -50.275206286650942, -21.592837814852345 ], [ -50.275292971989245, -21.592919518335375 ], [ -50.27537865916392, -21.593001220121248 ], [ -50.275379865355383, -21.593002357534033 ], [ -50.27546859449582, -21.59308510499519 ], [ -50.275553649675537, -21.59316521516585 ], [ -50.275639982854798, -21.59324857140221 ], [ -50.275643207731811, -21.593251594419002 ], [ -50.275730918436224, -21.593331421072321 ], [ -50.275815658687776, -21.593412219976624 ], [ -50.275816211478904, -21.59341274437779 ], [ -50.275905211473997, -21.593496744435452 ], [ -50.275906583505176, -21.593498023257816 ], [ -50.275994245564078, -21.593578712256384 ], [ -50.276054205149151, -21.593634583728427 ], [ -50.27597388490797, -21.593554263550931 ], [ -50.275972101829737, -21.593552510124145 ], [ -50.275881111724395, -21.593464519760118 ], [ -50.275789121609655, -21.59337552939132 ], [ -50.275788513044724, -21.593374943988366 ], [ -50.275697712536925, -21.593288091395362 ] ] ], [ [ [ -50.275162006410383, -21.591947415534737 ], [ -50.275076635015516, -21.591864029585523 ], [ -50.274991619958506, -21.591781014945298 ], [ -50.274990369834825, -21.591779808352516 ], [ -50.274921177189995, -21.591713797028394 ], [ -50.274934802065218, -21.591727421914538 ], [ -50.275017488777024, -21.591811104919952 ], [ -50.275019395398047, -21.591813000003253 ], [ -50.275103395389287, -21.591895000058464 ], [ -50.27518544047809, -21.591975068222396 ], [ -50.275267488488758, -21.592058104830443 ], [ -50.275269410811099, -21.592060015239042 ], [ -50.275352402921641, -21.592141007602617 ], [ -50.27543639500832, -21.592222999941452 ], [ -50.275519410613107, -21.592304015235438 ], [ -50.275526088314699, -21.592298030144544 ], [ -50.275506635497777, -21.592279029733433 ], [ -50.275505993785124, -21.592278406687296 ], [ -50.275419993777604, -21.592195406743532 ], [ -50.275333993681315, -21.592112406714129 ], [ -50.275248970720938, -21.592030384622124 ], [ -50.275248370124288, -21.59202980844065 ], [ -50.275162006410383, -21.591947415534737 ] ] ], [ [ [ -50.276044067650282, -21.591638520922782 ], [ -50.276021320507631, -21.591616940316449 ], [ -50.27604346069247, -21.591639080519094 ], [ -50.276044067650282, -21.591638520922782 ] ] ], [ [ [ -50.277697609277332, -21.590931001339424 ], [ -50.277615241129716, -21.590849625642957 ], [ -50.277613945914453, -21.590848361456885 ], [ -50.277529945907226, -21.590767361511809 ], [ -50.277529275521964, -21.590766719072441 ], [ -50.277445943658812, -21.59068735545333 ], [ -50.277362923054518, -21.590606311592811 ], [ -50.27728024075153, -21.590524625526466 ], [ -50.277277632573501, -21.590522110535627 ], [ -50.277193619040204, -21.590443039034003 ], [ -50.277111595190185, -21.59036299172374 ], [ -50.277027602968964, -21.590280999381047 ], [ -50.277026968679877, -21.590280383848018 ], [ -50.276942278805528, -21.59019868309074 ], [ -50.276871489233415, -21.590129599345143 ], [ -50.276945758203027, -21.590207322751329 ], [ -50.276947519113222, -21.590209134447345 ], [ -50.277033921798527, -21.590296530338875 ], [ -50.277119331873976, -21.59038491990961 ], [ -50.277120518906827, -21.590386134383127 ], [ -50.277206931705685, -21.590473540504455 ], [ -50.277293351645767, -21.590562940517305 ], [ -50.277295118550633, -21.590564737607732 ], [ -50.277382520461714, -21.590652139589594 ], [ -50.277468929652947, -21.590740535271859 ], [ -50.277470118344496, -21.590741737543812 ], [ -50.277558118332138, -21.590829737602213 ], [ -50.277647118229005, -21.590918737570625 ], [ -50.277648337193021, -21.590919942599708 ], [ -50.277736337183711, -21.591005942657564 ], [ -50.277736921352819, -21.591006510443894 ], [ -50.277826921344747, -21.591093510502802 ], [ -50.277828178109239, -21.591094711329074 ], [ -50.277918178104215, -21.591179711387394 ], [ -50.278008178005933, -21.591264711357613 ], [ -50.278010695908812, -21.59126703556095 ], [ -50.278102695909602, -21.591350035619367 ], [ -50.278116370691819, -21.591336777355298 ], [ -50.278035241603334, -21.591256625788823 ], [ -50.2780339698106, -21.591255384193634 ], [ -50.277948969803248, -21.591173384249203 ], [ -50.277864946284112, -21.591092361627013 ], [ -50.277781945865833, -21.591012361279777 ], [ -50.277697609277332, -21.590931001339424 ] ] ], [ [ [ -50.277176793803399, -21.591581326420467 ], [ -50.277095152526101, -21.591505658950069 ], [ -50.277013843425188, -21.591429307777325 ], [ -50.276933175863896, -21.591352623856505 ], [ -50.276930463263042, -21.591350108168943 ], [ -50.276848194414825, -21.591275674502285 ], [ -50.276768872533566, -21.591199290525495 ], [ -50.276767508563985, -21.591197993504476 ], [ -50.276685860335235, -21.591121323882934 ], [ -50.276604886970965, -21.591044300496851 ], [ -50.2765245554533, -21.590965952533768 ], [ -50.276523209643941, -21.590964656269261 ], [ -50.276441209638506, -21.59088665632256 ], [ -50.27636022707933, -21.590809624190609 ], [ -50.276280224987048, -21.590730609840143 ], [ -50.276278897138148, -21.590729314582969 ], [ -50.276197235412667, -21.59065064054187 ], [ -50.276115571489832, -21.590570968483647 ], [ -50.276114871720537, -21.590570290222274 ], [ -50.276034222695884, -21.590492628258026 ], [ -50.275952571306291, -21.590412968427351 ], [ -50.275871557673099, -21.590333930798565 ], [ -50.275791524972107, -21.59025291010505 ], [ -50.275790232432932, -21.590251617573411 ], [ -50.27570855773962, -21.590170938976971 ], [ -50.27562720387607, -21.590089585178863 ], [ -50.275546524686284, -21.590007910016215 ], [ -50.275545232148012, -21.590006617485507 ], [ -50.275463557454565, -21.589925938888918 ], [ -50.275382522357198, -21.589844903856946 ], [ -50.275302155662594, -21.58976255286753 ], [ -50.27530088046867, -21.589761262035115 ], [ -50.27521951443935, -21.589679896071711 ], [ -50.275138147788631, -21.589596544937351 ], [ -50.275057155371762, -21.589513552776751 ], [ -50.275055247162051, -21.589511632709488 ], [ -50.274972210478381, -21.589429584623417 ], [ -50.274892443312574, -21.589347847965428 ], [ -50.27480972968101, -21.58926214475667 ], [ -50.274807246869088, -21.589259632618973 ], [ -50.274723246858791, -21.589176632674445 ], [ -50.274722616896284, -21.589176013884877 ], [ -50.274637928884495, -21.589093318596756 ], [ -50.274555238965831, -21.589011625006506 ], [ -50.274554616704634, -21.589011013826035 ], [ -50.274469936349568, -21.588928326014457 ], [ -50.27445724143233, -21.588915780459075 ], [ -50.274441383372647, -21.58892998611605 ], [ -50.274525747910253, -21.589012365670264 ], [ -50.27460812037689, -21.58909473820264 ], [ -50.274609398503301, -21.589096001017584 ], [ -50.274693074826509, -21.589177685111132 ], [ -50.274776753199824, -21.589260367378433 ], [ -50.274860753103262, -21.589343367348658 ], [ -50.274943439276882, -21.589425057368707 ], [ -50.27502711989505, -21.589508738053901 ], [ -50.275028413722339, -21.589510016193664 ], [ -50.275110762553417, -21.589590380778489 ], [ -50.275192119704109, -21.589671737994106 ], [ -50.275192760335308, -21.589672374754198 ], [ -50.275275438894624, -21.589754057251096 ], [ -50.27535611951371, -21.589834737934805 ], [ -50.275357397643958, -21.589836000753557 ], [ -50.275440754423315, -21.589917372911451 ], [ -50.275522119323142, -21.58999873787619 ], [ -50.275603119228279, -21.590079737846445 ], [ -50.275685119133271, -21.590161737817382 ], [ -50.275686429054332, -21.590163031660836 ], [ -50.275767442501952, -21.590242069232829 ], [ -50.275847471055691, -21.59032308585893 ], [ -50.275927467033242, -21.590404081852448 ], [ -50.275929428772208, -21.590406031574073 ], [ -50.27601110101449, -21.590485711872603 ], [ -50.276091775357905, -21.59056539029919 ], [ -50.276092428586395, -21.590566031517035 ], [ -50.276173769268304, -21.590645388342015 ], [ -50.276253118476312, -21.590724737613325 ], [ -50.276254428400598, -21.590726031459972 ], [ -50.276336428392128, -21.590806031513836 ], [ -50.276337102759065, -21.590806685307907 ], [ -50.27641843452956, -21.590885041586127 ], [ -50.276498774893724, -21.590964390156138 ], [ -50.276499461534463, -21.590965063961175 ], [ -50.276579461526268, -21.591043064013714 ], [ -50.276580790251636, -21.591044343622688 ], [ -50.276661772628991, -21.591121375698656 ], [ -50.276741774619097, -21.591200390071538 ], [ -50.276743102301083, -21.591201685167949 ], [ -50.276824780739375, -21.591280375430991 ], [ -50.276904461160377, -21.591358063901495 ], [ -50.276905789887117, -21.591359343511808 ], [ -50.276986776491015, -21.59143637960813 ], [ -50.277065782544319, -21.591514398146643 ], [ -50.277067127171328, -21.59151570936217 ], [ -50.277148127164537, -21.5915937094151 ], [ -50.277228112247116, -21.591670732146685 ], [ -50.277306117282286, -21.591748737243851 ], [ -50.277308126898902, -21.591750709278919 ], [ -50.277388792640721, -21.591828387460133 ], [ -50.277467784288874, -21.591905404377112 ], [ -50.277546117008434, -21.591983737159151 ], [ -50.277548126626471, -21.591985709195605 ], [ -50.277556095044787, -21.591993382493239 ], [ -50.277585176490931, -21.591966623992548 ], [ -50.277504176485635, -21.591889624045184 ], [ -50.277503465618459, -21.591888952685597 ], [ -50.277422487449485, -21.591812973224886 ], [ -50.277340509270722, -21.5917359937722 ], [ -50.277258843691762, -21.591659307858393 ], [ -50.277178176130185, -21.591582623937306 ], [ -50.277176793803399, -21.591581326420467 ] ] ], [ [ [ -50.277832174940372, -21.591433677358317 ], [ -50.277742822250417, -21.591349288768775 ], [ -50.277654785739507, -21.591266254347879 ], [ -50.277565125754926, -21.591181575536602 ], [ -50.277476733053071, -21.591097155604075 ], [ -50.277389036602209, -21.591012448869563 ], [ -50.277387821766325, -21.591011288562232 ], [ -50.277298125460241, -21.590926575447352 ], [ -50.277209732757754, -21.590842155514224 ], [ -50.277122036306338, -21.590757448779168 ], [ -50.277034036207723, -21.590672448749025 ], [ -50.27703342714635, -21.590671863766197 ], [ -50.276944732462006, -21.590587155423883 ], [ -50.276857342923982, -21.590502745139311 ], [ -50.27677095648616, -21.590418344662293 ], [ -50.276685270116566, -21.590333654712566 ], [ -50.276597277158572, -21.590246661743393 ], [ -50.276596647724581, -21.590246043132431 ], [ -50.276510268115985, -21.590161649328159 ], [ -50.276423880938523, -21.590075262219639 ], [ -50.276422013619545, -21.590073427393605 ], [ -50.276335641914308, -21.589990034087382 ], [ -50.276250572576004, -21.589905953993675 ], [ -50.27616388064024, -21.589819262127342 ], [ -50.276162647227473, -21.589818042979683 ], [ -50.276075647218299, -21.589733043036869 ], [ -50.276075035026828, -21.589732448327709 ], [ -50.275987035019035, -21.589647448385282 ], [ -50.275900990794128, -21.589564405749083 ], [ -50.275900425863611, -21.589563863375137 ], [ -50.27581203253586, -21.589479442845338 ], [ -50.275726632216504, -21.589396028644337 ], [ -50.275724130548426, -21.589393641044914 ], [ -50.27563543966405, -21.589310929381806 ], [ -50.275548072780701, -21.589228526586965 ], [ -50.27546039655067, -21.589144835702868 ], [ -50.275459130259932, -21.589143640957939 ], [ -50.27538362624577, -21.589073227153786 ], [ -50.275369383174976, -21.589085986075162 ], [ -50.275454383166078, -21.589168986131021 ], [ -50.275455032600597, -21.589169616453013 ], [ -50.275540032593227, -21.58925161650858 ], [ -50.275624706672197, -21.589333302153353 ], [ -50.275709382879128, -21.589415986042994 ], [ -50.275710032314159, -21.589416616365462 ], [ -50.275795032306775, -21.589498616421043 ], [ -50.275880032211674, -21.589580616391991 ], [ -50.275880694012635, -21.589581250930546 ], [ -50.275964710373486, -21.589661313641212 ], [ -50.276048745102855, -21.589744359791613 ], [ -50.276050055357679, -21.589745638842292 ], [ -50.27613404359996, -21.589826627566367 ], [ -50.276218391990334, -21.589907999017431 ], [ -50.27630076003485, -21.589989374739702 ], [ -50.276301382124778, -21.589989985752926 ], [ -50.276386382115888, -21.590072985808789 ], [ -50.276469405145122, -21.590154008354844 ], [ -50.276553077454679, -21.590235688530289 ], [ -50.27663575965326, -21.590317374622099 ], [ -50.276636412767125, -21.590318015920555 ], [ -50.276719412758517, -21.590399015975095 ], [ -50.276720031174278, -21.59039961601696 ], [ -50.276804713049017, -21.590481309182348 ], [ -50.27688839686919, -21.590563000593843 ], [ -50.27697141247392, -21.590644015887754 ], [ -50.276973367277428, -21.590645889331668 ], [ -50.277057046888324, -21.590724646671632 ], [ -50.277138759085396, -21.590805374447193 ], [ -50.277139396500374, -21.590806000422791 ], [ -50.277223396491621, -21.590888000477999 ], [ -50.277224724330409, -21.590889280794393 ], [ -50.277308388066068, -21.590968960602709 ], [ -50.277391402231359, -21.591049010037771 ], [ -50.277473758707195, -21.591130374330724 ], [ -50.27747503032537, -21.59113161575744 ], [ -50.277560030318, -21.591213615813029 ], [ -50.277643065612168, -21.591293649912743 ], [ -50.277727041795984, -21.591374627008996 ], [ -50.27781139019212, -21.591455998465616 ], [ -50.277893758233574, -21.591537374184849 ], [ -50.277894411349891, -21.591538015485717 ], [ -50.277977403436367, -21.591619007825816 ], [ -50.278061075752099, -21.591700688007283 ], [ -50.278143757948527, -21.591782374096987 ], [ -50.278145052994503, -21.591783638119797 ], [ -50.278158965130096, -21.591797053403653 ], [ -50.278189520181904, -21.591768073285362 ], [ -50.278100138424882, -21.591685643502359 ], [ -50.278013104296512, -21.591603554555508 ], [ -50.277923456472749, -21.591517891143784 ], [ -50.277921519891628, -21.591516073198189 ], [ -50.277832174940372, -21.591433677358317 ] ] ], [ [ [ -50.275560882448964, -21.591417262740485 ], [ -50.275558792968042, -21.591415213856095 ], [ -50.275480792961645, -21.591340213907039 ], [ -50.275480104396443, -21.591339556029627 ], [ -50.275401104391442, -21.591264556080922 ], [ -50.275400419973828, -21.591263910391749 ], [ -50.275320419970178, -21.591188910443421 ], [ -50.275240419883552, -21.591113910417278 ], [ -50.275239739697788, -21.591113276692006 ], [ -50.275159080756012, -21.591038592540784 ], [ -50.275079419710245, -21.590963910364977 ], [ -50.27507672535836, -21.590961445271073 ], [ -50.274993741296406, -21.590887352410068 ], [ -50.274913766163053, -21.590813301413402 ], [ -50.274832151609473, -21.590737658711316 ], [ -50.274750842506641, -21.590661307536802 ], [ -50.274670174944127, -21.590584623614799 ], [ -50.274667462351672, -21.590582107935038 ], [ -50.274584157767734, -21.59050673717411 ], [ -50.274501844703536, -21.590430374506649 ], [ -50.27450118566545, -21.590429766760323 ], [ -50.274417872141782, -21.590353396085092 ], [ -50.274335550192994, -21.590276033346349 ], [ -50.274333530680728, -21.590274170009717 ], [ -50.274248828573526, -21.5901974399194 ], [ -50.274166124912568, -21.590121711319568 ], [ -50.274165530504959, -21.590121169957445 ], [ -50.274080530505188, -21.590044170011495 ], [ -50.273995530416727, -21.589967169985201 ], [ -50.273994802966207, -21.589966515293636 ], [ -50.273910883804781, -21.589891481742743 ], [ -50.273826944444835, -21.58981346756989 ], [ -50.273825530149949, -21.589812169851889 ], [ -50.273740888113728, -21.589735494178857 ], [ -50.273656243832789, -21.589657820658452 ], [ -50.27365552997189, -21.589657169798951 ], [ -50.273570887936003, -21.589580494126217 ], [ -50.273486243654297, -21.589502820605141 ], [ -50.273401594838035, -21.589425142923439 ], [ -50.273316943905904, -21.589346467408031 ], [ -50.273314953867924, -21.589344650828071 ], [ -50.273228602215426, -21.589267232158953 ], [ -50.273144594566645, -21.589190142841854 ], [ -50.273059943634706, -21.5891114673266 ], [ -50.273057801984251, -21.589109515003102 ], [ -50.272973882819471, -21.589034481449193 ], [ -50.272890288161797, -21.588956787646726 ], [ -50.272858339696057, -21.588926718524608 ], [ -50.272929431281476, -21.588996032874217 ], [ -50.273013398644565, -21.589078001078068 ], [ -50.273014080187004, -21.589078662176519 ], [ -50.273096090760724, -21.589157708573776 ], [ -50.273177120242835, -21.589238738120265 ], [ -50.273179079999203, -21.58924066211911 ], [ -50.273261090572731, -21.589319708516157 ], [ -50.27334112005471, -21.58939973806174 ], [ -50.273343726101189, -21.58940228127253 ], [ -50.273426734006506, -21.589481336480549 ], [ -50.273508439152209, -21.589562057290209 ], [ -50.273590119770873, -21.589643737974328 ], [ -50.273590776379862, -21.589644390517325 ], [ -50.273671776369987, -21.589724390570833 ], [ -50.273673055431082, -21.589725638803817 ], [ -50.273755748994738, -21.589805379087831 ], [ -50.273835475640347, -21.589886090078046 ], [ -50.27383742940733, -21.589888031728719 ], [ -50.273919413455765, -21.589968016228362 ], [ -50.274003397515607, -21.590050000731459 ], [ -50.274083119707065, -21.590127754556349 ], [ -50.27416182837667, -21.590208431008822 ], [ -50.274164429032254, -21.590211031613535 ], [ -50.274246101275416, -21.590290711912917 ], [ -50.274326121023229, -21.590369743825324 ], [ -50.274406466871937, -21.59045108166411 ], [ -50.274485458751137, -21.590531073505982 ], [ -50.274486118653286, -21.590531737571169 ], [ -50.274566118642035, -21.590611737624258 ], [ -50.274566775253909, -21.59061239017014 ], [ -50.274647775244055, -21.59069239022363 ], [ -50.274726791946527, -21.590770406778908 ], [ -50.274728128067387, -21.590771709595316 ], [ -50.274807100830067, -21.590847757500342 ], [ -50.274883153584128, -21.590926735425747 ], [ -50.274886496768858, -21.590930098213157 ], [ -50.274963802714325, -21.59100542201379 ], [ -50.27504111809224, -21.591082737453384 ], [ -50.275042478783, -21.591084080804887 ], [ -50.275121138322859, -21.591160749023718 ], [ -50.275198800126219, -21.591237415223212 ], [ -50.275200179969602, -21.591238759906361 ], [ -50.27527778722272, -21.591313420106449 ], [ -50.275352431969367, -21.591389047081751 ], [ -50.275355895536656, -21.591392443872028 ], [ -50.275434550128836, -21.591467116009266 ], [ -50.275512206960279, -21.591541786096091 ], [ -50.275589859406651, -21.591616451966978 ], [ -50.275666514243632, -21.591691115826844 ], [ -50.275667206705833, -21.591691785965551 ], [ -50.275745206699433, -21.591766786016464 ], [ -50.275745932201225, -21.591767478948295 ], [ -50.275823932196353, -21.59184147899893 ], [ -50.275907950967706, -21.591764016291819 ], [ -50.27586797769635, -21.59172240031868 ], [ -50.275866577535822, -21.591720962198128 ], [ -50.275791577523762, -21.591644962248179 ], [ -50.275789485774297, -21.591642884152083 ], [ -50.275712835169763, -21.591568224530445 ], [ -50.275637533549443, -21.591493913779573 ], [ -50.275560882448964, -21.591417262740485 ] ] ], [ [ [ -50.27753088769137, -21.59155026780218 ], [ -50.277452882553831, -21.591472262726597 ], [ -50.277450872772675, -21.591470290533163 ], [ -50.277369872765867, -21.5913922905861 ], [ -50.277289549394318, -21.591314942213724 ], [ -50.277210217293018, -21.591236601825067 ], [ -50.277208209964975, -21.591234656356427 ], [ -50.277126878543939, -21.591157292380277 ], [ -50.277047538678318, -21.59107993607083 ], [ -50.277046897552637, -21.591079314699098 ], [ -50.276965565683632, -21.591000958446564 ], [ -50.276885225218081, -21.590921609900818 ], [ -50.276883209600456, -21.590919656245536 ], [ -50.276801878178745, -21.590842292268729 ], [ -50.276722882792924, -21.590765271827077 ], [ -50.276642224943473, -21.590685609816241 ], [ -50.276640897094666, -21.590684314559134 ], [ -50.276559235369533, -21.59060564051838 ], [ -50.276478230671984, -21.590526611606798 ], [ -50.276398881359668, -21.590447262357792 ], [ -50.276397571268973, -21.590445968348835 ], [ -50.27631589892529, -21.590366288075682 ], [ -50.276235224479272, -21.590286609673193 ], [ -50.276234571083172, -21.590285968291798 ], [ -50.276153561597717, -21.590206934709588 ], [ -50.276074532801431, -21.590126918118045 ], [ -50.275993524738375, -21.590044910021906 ], [ -50.275991570801047, -21.590042968205047 ], [ -50.275910230016564, -21.58996361140429 ], [ -50.275828880702441, -21.589882262155051 ], [ -50.275747880607568, -21.589801262125306 ], [ -50.275665880512562, -21.589719262096239 ], [ -50.275664602211705, -21.589717999110949 ], [ -50.275581245328901, -21.589636626979608 ], [ -50.275500880322141, -21.589556262036954 ], [ -50.27550023952189, -21.589555625109877 ], [ -50.275417560857079, -21.589473942638385 ], [ -50.2753358801316, -21.589392261978329 ], [ -50.275334586133198, -21.589390983671539 ], [ -50.275252237198657, -21.589310619111622 ], [ -50.275168879940374, -21.589227261919852 ], [ -50.275168239139212, -21.589226624991849 ], [ -50.275085242974775, -21.589144628846025 ], [ -50.275001246733524, -21.589061632625658 ], [ -50.274917246636967, -21.588978632595879 ], [ -50.27491660135238, -21.588977998846939 ], [ -50.274833244467516, -21.588896626713552 ], [ -50.274750879458686, -21.588814261770452 ], [ -50.27474961648317, -21.588813013747778 ], [ -50.27466512176251, -21.588730507202357 ], [ -50.2746257461637, -21.588765360048296 ], [ -50.274710746153282, -21.588849360104433 ], [ -50.274712010114328, -21.588850594495344 ], [ -50.274798010106814, -21.58893359455158 ], [ -50.274799291084754, -21.588934816290767 ], [ -50.274886272183316, -21.589016798536285 ], [ -50.274974253289543, -21.589099780777456 ], [ -50.274976212423255, -21.589101595917999 ], [ -50.275063892464559, -21.589181394664426 ], [ -50.275150603483212, -21.58926416433448 ], [ -50.275151869590012, -21.589265358907639 ], [ -50.275240232724634, -21.589347765037537 ], [ -50.275327603289767, -21.58943116427567 ], [ -50.275328252814461, -21.589431780575289 ], [ -50.275416252809713, -21.589514780632264 ], [ -50.275416869301509, -21.589515358820652 ], [ -50.27550460370388, -21.589597178604812 ], [ -50.275589367621379, -21.589679971331844 ], [ -50.275590573989511, -21.589681136488171 ], [ -50.275679290758539, -21.589765866050755 ], [ -50.275764986934028, -21.589848572887853 ], [ -50.275852657816223, -21.589933255055055 ], [ -50.275938732129411, -21.590017350714078 ], [ -50.276025119194777, -21.590103737848402 ], [ -50.276025737263467, -21.590104352313016 ], [ -50.276111737252911, -21.590189352369826 ], [ -50.276112986234914, -21.590190572469965 ], [ -50.276199043972774, -21.590273662763977 ], [ -50.276285118896482, -21.59035973775612 ], [ -50.276286352131507, -21.59036095673002 ], [ -50.276373036428623, -21.590445648350848 ], [ -50.276460722677648, -21.590532338233555 ], [ -50.276546736754973, -21.590617352216299 ], [ -50.276547351833003, -21.590617956638297 ], [ -50.276634351823823, -21.590702956695495 ], [ -50.276634963836287, -21.590703551231684 ], [ -50.27672296382849, -21.590788551289251 ], [ -50.27672357270675, -21.590789136097104 ], [ -50.276812267286182, -21.590873844467396 ], [ -50.276899963631273, -21.590958551228979 ], [ -50.276987963532655, -21.591043551198847 ], [ -50.276988572411433, -21.591044136007202 ], [ -50.277077572405034, -21.591129136065142 ], [ -50.277078178085318, -21.591129711301502 ], [ -50.277167567177955, -21.591214134396544 ], [ -50.277254963236793, -21.591298551108455 ], [ -50.277255572116083, -21.591299135917314 ], [ -50.277344572109683, -21.591384135975247 ], [ -50.27734517779048, -21.5913847112121 ], [ -50.277435177785456, -21.591469711270417 ], [ -50.277523214011765, -21.591552745545776 ], [ -50.277613177591164, -21.591637711211561 ], [ -50.27761447995686, -21.591638926667805 ], [ -50.277703503036939, -21.591721025790189 ], [ -50.277790871065989, -21.591804510857923 ], [ -50.277770887964671, -21.591785267886319 ], [ -50.277692882827679, -21.591707262811294 ], [ -50.277691539323023, -21.591705936213568 ], [ -50.277611539314833, -21.5916279362661 ], [ -50.277610872954661, -21.591627290588828 ], [ -50.27753088769137, -21.59155026780218 ] ] ], [ [ [ -50.276483820105902, -21.591290240009965 ], [ -50.27640621275885, -21.591215579835218 ], [ -50.276331567911392, -21.591139952879626 ], [ -50.276330882067903, -21.591139262540409 ], [ -50.276251882056805, -21.591060262592851 ], [ -50.276250503396938, -21.591058901730133 ], [ -50.276173537319721, -21.590983909200954 ], [ -50.276096550235309, -21.590905935165726 ], [ -50.276095881795797, -21.590905262456527 ], [ -50.276017881784846, -21.590827262508281 ], [ -50.276016520932501, -21.590825918999375 ], [ -50.275938205866595, -21.590749586653093 ], [ -50.275860881604238, -21.590672262452397 ], [ -50.27578088151207, -21.590592262424554 ], [ -50.275703212485816, -21.590514593461016 ], [ -50.275624541311359, -21.590434926513826 ], [ -50.275623216260087, -21.590433601470647 ], [ -50.275543887383506, -21.590355264267433 ], [ -50.275466549501395, -21.59027693493762 ], [ -50.275465881062026, -21.590276262228567 ], [ -50.275385881050781, -21.590196262281655 ], [ -50.275306861009447, -21.590117242304625 ], [ -50.275228821422957, -21.590036239257355 ], [ -50.275227540764021, -21.590034926287004 ], [ -50.27514854075141, -21.58995492633969 ], [ -50.275147880685992, -21.589954262111302 ], [ -50.275065880674468, -21.589872262165706 ], [ -50.274986530204281, -21.589792911759819 ], [ -50.274907171217549, -21.589711568865606 ], [ -50.274905231795223, -21.58970961738547 ], [ -50.274823882199257, -21.589629259921761 ], [ -50.274743524142124, -21.589547909855874 ], [ -50.274741570207929, -21.589545968042138 ], [ -50.274660229422395, -21.589466611240329 ], [ -50.274578880107164, -21.589385261990024 ], [ -50.27457758610899, -21.589383983683454 ], [ -50.274494586100374, -21.589302983737987 ], [ -50.274493273794143, -21.589301718586025 ], [ -50.274409273788415, -21.589221718640633 ], [ -50.27440863103849, -21.589221110109936 ], [ -50.274324279372294, -21.589141720365557 ], [ -50.274241919891686, -21.589062337793791 ], [ -50.274240630853612, -21.58906111005399 ], [ -50.274155630849279, -21.588981110108975 ], [ -50.27407063075681, -21.588901110081011 ], [ -50.273986279001626, -21.588821720252884 ], [ -50.273903919520471, -21.588742337680586 ], [ -50.273902630483789, -21.588741109942109 ], [ -50.273848847026812, -21.588690490255583 ], [ -50.27382003315082, -21.588716616590997 ], [ -50.273905033143443, -21.588798616646567 ], [ -50.273905694942542, -21.588799251183346 ], [ -50.273990340165845, -21.588879913162895 ], [ -50.274076987764211, -21.588963572976795 ], [ -50.274077694751504, -21.588964251125237 ], [ -50.274161711114509, -21.58904431383797 ], [ -50.274245745846009, -21.589127359990464 ], [ -50.274246383151187, -21.589127986037791 ], [ -50.274331071057887, -21.58921068135243 ], [ -50.274413760871084, -21.589292374967158 ], [ -50.274414382959556, -21.589292985978958 ], [ -50.274499066992036, -21.589375677510525 ], [ -50.274581495679278, -21.58945712496903 ], [ -50.274663270150626, -21.58954185521473 ], [ -50.274663844669789, -21.589542447200074 ], [ -50.27474484465538, -21.589625447254335 ], [ -50.274746752695286, -21.589627367153902 ], [ -50.274829789272488, -21.589709415266061 ], [ -50.274909844461455, -21.589791447193843 ], [ -50.274991859612854, -21.589875462786928 ], [ -50.274993119390075, -21.58987673782849 ], [ -50.27507447758677, -21.589958096091117 ], [ -50.275154844170622, -21.590040447103071 ], [ -50.275156119197916, -21.590041737768924 ], [ -50.275238119186398, -21.590123737823333 ], [ -50.275238767709041, -21.590124382379216 ], [ -50.275320117199811, -21.590204739867037 ], [ -50.275400475148246, -21.590286089954962 ], [ -50.275401118912512, -21.590286737680536 ], [ -50.275483118900993, -21.590368737734959 ], [ -50.275483767424113, -21.590369382291296 ], [ -50.275565116914564, -21.590449739778808 ], [ -50.275645474862401, -21.590531089866122 ], [ -50.275647428633533, -21.590533031520906 ], [ -50.275729428625041, -21.59061303157478 ], [ -50.275811428532137, -21.590693031546266 ], [ -50.27581212813304, -21.590693709645475 ], [ -50.275892777059788, -21.590771371634396 ], [ -50.275974428348583, -21.590851031489972 ], [ -50.275975102715563, -21.590851685284083 ], [ -50.276056434486264, -21.590930041562494 ], [ -50.27613677485013, -21.591009390132221 ], [ -50.276138790298447, -21.591011343626395 ], [ -50.27622079029301, -21.59108934367968 ], [ -50.276302112967194, -21.591166699452625 ], [ -50.276382444385249, -21.591245047439205 ], [ -50.276383790026443, -21.591246343543705 ], [ -50.276465790021014, -21.591324343596998 ], [ -50.276466491286492, -21.591325006364958 ], [ -50.276547804934367, -21.591401361920248 ], [ -50.276628127306388, -21.591478709448083 ], [ -50.276631536583061, -21.591481891702738 ], [ -50.276714163660884, -21.591556649588195 ], [ -50.276774067229454, -21.591613594997749 ], [ -50.276793882601936, -21.591596262706744 ], [ -50.276717882591271, -21.591520262757193 ], [ -50.276717191345845, -21.59151957601647 ], [ -50.276640191336547, -21.591443576067295 ], [ -50.27663810453668, -21.591441556045009 ], [ -50.276560865804441, -21.591368228190692 ], [ -50.276486568089943, -21.591292952935095 ], [ -50.276483820105902, -21.591290240009965 ] ] ], [ [ [ -50.275856550368637, -21.591026935216387 ], [ -50.275855216940833, -21.591025601689971 ], [ -50.275775883820927, -21.590947260296467 ], [ -50.275697541808725, -21.590867926677646 ], [ -50.275696208253279, -21.590866593237251 ], [ -50.2756172166022, -21.590788601542112 ], [ -50.275536224945924, -21.590708609846025 ], [ -50.275457208059919, -21.590630593232753 ], [ -50.275456571458513, -21.59062996843609 ], [ -50.275375561973661, -21.590550934854473 ], [ -50.27529653317832, -21.590470918263911 ], [ -50.27529457127158, -21.590468968378666 ], [ -50.275213230488625, -21.590389611579397 ], [ -50.275133881175655, -21.590310262329719 ], [ -50.275052881081805, -21.590229262301015 ], [ -50.275051570991735, -21.590227968292684 ], [ -50.274969570983252, -21.590147968346542 ], [ -50.274887906594728, -21.590068295834531 ], [ -50.274805240084106, -21.589986625370265 ], [ -50.274723232099234, -21.589905617546215 ], [ -50.274721920774084, -21.589904338017021 ], [ -50.274639910102465, -21.589825291647646 ], [ -50.274558880517141, -21.589744262126718 ], [ -50.274556968015176, -21.589742383694283 ], [ -50.27447227813942, -21.589660682935673 ], [ -50.274389586413768, -21.5895799838442 ], [ -50.274387631442707, -21.589578110242556 ], [ -50.274303303786851, -21.589498743096161 ], [ -50.274218967725929, -21.589417383663786 ], [ -50.274217631255496, -21.589416110185894 ], [ -50.274132631251163, -21.589336110240886 ], [ -50.274047631158687, -21.589256110212922 ], [ -50.274046356903817, -21.589254924779851 ], [ -50.273959356902253, -21.589174924835561 ], [ -50.273872675272791, -21.589095217647269 ], [ -50.273786991917795, -21.589015512258403 ], [ -50.273785097754626, -21.589013780193049 ], [ -50.273697052680212, -21.588934638608571 ], [ -50.273611991733112, -21.588855512202919 ], [ -50.273611356443112, -21.588854924641968 ], [ -50.273524674903165, -21.588775217535989 ], [ -50.273524038294475, -21.588774625342278 ], [ -50.273514080511902, -21.588783662296635 ], [ -50.273597080504793, -21.588863662350857 ], [ -50.273598369367164, -21.588864889925176 ], [ -50.273682720937899, -21.588944279697909 ], [ -50.273765080319215, -21.589023662294249 ], [ -50.273766369182269, -21.589024889869208 ], [ -50.27385136917794, -21.589104889924194 ], [ -50.273936369085462, -21.589184889896231 ], [ -50.274020720567449, -21.589264279585443 ], [ -50.274103079947984, -21.589343662181054 ], [ -50.274104368812445, -21.589344889757342 ], [ -50.274189046470461, -21.589424586435733 ], [ -50.274272065775463, -21.58950365250011 ], [ -50.274353762577931, -21.589583380766896 ], [ -50.274435119728544, -21.589664737982407 ], [ -50.274436429647459, -21.589666031823739 ], [ -50.274517443096656, -21.589745069397292 ], [ -50.27459747569241, -21.589826090115288 ], [ -50.274598768061836, -21.589827382479264 ], [ -50.274679788725855, -21.589907415150417 ], [ -50.274758828615816, -21.589988431104288 ], [ -50.274760119266965, -21.589989737782179 ], [ -50.274840119255721, -21.590069737835265 ], [ -50.274921788014758, -21.590151406660237 ], [ -50.274999814439084, -21.590230420825733 ], [ -50.275078178409274, -21.59031176071127 ], [ -50.275080118889626, -21.590313737665223 ], [ -50.275160118878389, -21.590393737718315 ], [ -50.275239783423437, -21.590473402327682 ], [ -50.275317450333546, -21.590552065031535 ], [ -50.27531878359666, -21.590553398395421 ], [ -50.275398116615676, -21.590631739814075 ], [ -50.275476458523443, -21.590711073455985 ], [ -50.275477118427034, -21.590711737522621 ], [ -50.275555118416086, -21.590789737574383 ], [ -50.275635118323912, -21.590869737546548 ], [ -50.275713118232026, -21.590947737517382 ], [ -50.275714478922453, -21.590949080868562 ], [ -50.275792793890332, -21.591025413238736 ], [ -50.275869782689547, -21.591102402099626 ], [ -50.275947449599627, -21.591181064803436 ], [ -50.275949496457855, -21.59118309813848 ], [ -50.276026802402285, -21.591258421938115 ], [ -50.276104773654126, -21.591336393252394 ], [ -50.276180431923841, -21.591413047088171 ], [ -50.276183179747377, -21.591415759859164 ], [ -50.276260786999551, -21.591490420058346 ], [ -50.276293115656408, -21.591523174118652 ], [ -50.276323882476937, -21.591496262677161 ], [ -50.276247217749152, -21.591419598011282 ], [ -50.276169550734991, -21.591340935330301 ], [ -50.276168882294705, -21.591340262620331 ], [ -50.276090882283746, -21.591262262672096 ], [ -50.27601288219288, -21.591184262643942 ], [ -50.275934217383679, -21.591105597898267 ], [ -50.275856550368637, -21.591026935216387 ] ] ], [ [ [ -50.277521772862855, -21.590368153876593 ], [ -50.277435648185268, -21.590279059456879 ], [ -50.277434480954305, -21.590277865476111 ], [ -50.277348078152514, -21.59019046961058 ], [ -50.27726266795721, -21.590102080063865 ], [ -50.277261480747903, -21.590100865411863 ], [ -50.277175369392396, -21.590013764342569 ], [ -50.277090241626887, -21.589924677221632 ], [ -50.277088480540378, -21.589922865347237 ], [ -50.277002088086206, -21.589835479948263 ], [ -50.276917687979072, -21.589748101087025 ], [ -50.276830647459313, -21.589658059229492 ], [ -50.276830069157825, -21.58965746432083 ], [ -50.276743961630018, -21.589569377383498 ], [ -50.276659837259601, -21.589480304597437 ], [ -50.276659295122101, -21.58947973361623 ], [ -50.276575566893257, -21.589392018404329 ], [ -50.27653435107807, -21.589348378167433 ], [ -50.276476752918271, -21.589399367273071 ], [ -50.27656043535162, -21.589482053552597 ], [ -50.276645119794232, -21.589566738063038 ], [ -50.276727493170675, -21.589649111506219 ], [ -50.276809874624952, -21.589733478125385 ], [ -50.276812382403321, -21.589735985858276 ], [ -50.276896746939101, -21.589818365410714 ], [ -50.276980119403511, -21.589901737941645 ], [ -50.276981382209385, -21.589902985798673 ], [ -50.277065427493064, -21.589985053610846 ], [ -50.277147490726243, -21.59006810562482 ], [ -50.277148119123417, -21.590068737795868 ], [ -50.277231119111768, -21.590151737850949 ], [ -50.27723300857815, -21.590153594056098 ], [ -50.277318054951287, -21.590235673758826 ], [ -50.277400118918344, -21.590317737791111 ], [ -50.277400744331267, -21.59031835951409 ], [ -50.277485430546257, -21.590402049487096 ], [ -50.277568118723792, -21.590484737730861 ], [ -50.277568751655153, -21.590485366883314 ], [ -50.277652116822352, -21.590567739673681 ], [ -50.277734490046008, -21.590651105413482 ], [ -50.277735118444227, -21.590651737585574 ], [ -50.277818118432585, -21.590734737640663 ], [ -50.277902118335255, -21.590818737610856 ], [ -50.277939330974839, -21.590786187673306 ], [ -50.277872275832877, -21.590720656563043 ], [ -50.277783881605721, -21.590632262406459 ], [ -50.277696479489414, -21.590544860360918 ], [ -50.277610070179392, -21.590456464702832 ], [ -50.277608881308936, -21.590455262251886 ], [ -50.277521772862855, -21.590368153876593 ] ] ], [ [ [ -50.27347257465037, -21.59346796954177 ], [ -50.27339057464188, -21.593387969595643 ], [ -50.273389924708269, -21.593387339346311 ], [ -50.273307250603132, -21.593307653522963 ], [ -50.273257312921515, -21.593258933871748 ], [ -50.273308115583603, -21.59330973657471 ], [ -50.27338611549272, -21.593387736546553 ], [ -50.27346511540118, -21.593466736518575 ], [ -50.273545115308487, -21.593546736490225 ], [ -50.273623115216573, -21.593624736461045 ], [ -50.273623780126428, -21.593625397201894 ], [ -50.273703780116698, -21.593704397254736 ], [ -50.273704458471826, -21.593705062877067 ], [ -50.2737837822255, -21.593782403597437 ], [ -50.273792826126233, -21.593791447505382 ], [ -50.27379719387185, -21.593787576929287 ], [ -50.27372021510422, -21.593711597945948 ], [ -50.273638236328097, -21.593630618975016 ], [ -50.273636924988899, -21.593629339432113 ], [ -50.27355491432791, -21.593550293073022 ], [ -50.27347388475247, -21.593469263561975 ], [ -50.27347257465037, -21.59346796954177 ] ] ], [ [ [ -50.276503026800839, -21.595231478575627 ], [ -50.276417326087596, -21.595149718187084 ], [ -50.276333261135868, -21.595066642299756 ], [ -50.276330045927679, -21.595063558281435 ], [ -50.276244678004971, -21.594984077860715 ], [ -50.276161260943766, -21.594901642240636 ], [ -50.276159996783001, -21.594900407656603 ], [ -50.27607399677548, -21.594817407712867 ], [ -50.276072715593436, -21.594816185780875 ], [ -50.2759866780751, -21.594735093008257 ], [ -50.275902623251802, -21.594653016008603 ], [ -50.275901996495257, -21.594652407568727 ], [ -50.275816632381037, -21.594570021335986 ], [ -50.275732260460686, -21.594486642091894 ], [ -50.275730996301554, -21.594485407509467 ], [ -50.275644996294027, -21.59440240756572 ], [ -50.275559984725902, -21.594320396463885 ], [ -50.275474310341906, -21.594237710784714 ], [ -50.275389942331707, -21.594155327968259 ], [ -50.275305259977621, -21.59407164194311 ], [ -50.275304622488001, -21.594071015715564 ], [ -50.275219622479092, -21.593988015771437 ], [ -50.275218972859513, -21.5939873852708 ], [ -50.275134938037546, -21.593906316446489 ], [ -50.275052885193183, -21.593824263667351 ], [ -50.275050972668161, -21.593822385212263 ], [ -50.274965984042012, -21.593740396247401 ], [ -50.274879995429849, -21.593657407301492 ], [ -50.274795282605417, -21.593575684399468 ], [ -50.274712926151267, -21.593495312500671 ], [ -50.274628259209472, -21.59341164170646 ], [ -50.274627590699538, -21.593410985197366 ], [ -50.274544590690915, -21.593329985251906 ], [ -50.274543972096332, -21.593329385037482 ], [ -50.274459290121875, -21.593247691901311 ], [ -50.274376249332256, -21.593166628336643 ], [ -50.274293884330561, -21.593084263400687 ], [ -50.274293243523232, -21.593083626466566 ], [ -50.274210243513089, -21.593001626521382 ], [ -50.274209605922209, -21.593001000374059 ], [ -50.27412560591344, -21.592919000429259 ], [ -50.274043241199877, -21.592838620468303 ], [ -50.273960883948277, -21.592756263282432 ], [ -50.273959605636463, -21.592755000286314 ], [ -50.273876248758398, -21.592673628159606 ], [ -50.273794206699151, -21.59259158616609 ], [ -50.273713527511021, -21.592509911005159 ], [ -50.27371288357493, -21.592509263107775 ], [ -50.273628883563113, -21.592425263163538 ], [ -50.273628234866841, -21.592424618436116 ], [ -50.273546877491242, -21.592344253287674 ], [ -50.273464515632334, -21.592260899184851 ], [ -50.273382519348623, -21.592177903014345 ], [ -50.273380589265159, -21.592175984756729 ], [ -50.273298559686339, -21.592095931857259 ], [ -50.273216511566623, -21.592012895273097 ], [ -50.273213308672979, -21.592009749943013 ], [ -50.273128960697875, -21.591929371345316 ], [ -50.273045932035721, -21.591848319618837 ], [ -50.272961257293119, -21.591764641115613 ], [ -50.272957946541915, -21.591761468222138 ], [ -50.272874292077752, -21.591683718836368 ], [ -50.272791604384821, -21.591602999959797 ], [ -50.272789711878524, -21.591601184653573 ], [ -50.27270271187389, -21.591519184709888 ], [ -50.272701359431011, -21.59151792563538 ], [ -50.272614359429426, -21.591437925691078 ], [ -50.272613727956823, -21.591437348335464 ], [ -50.272526044483328, -21.591357636143123 ], [ -50.27243938657881, -21.591277950770408 ], [ -50.272351728569895, -21.591197265615612 ], [ -50.272265041466007, -21.591116556991143 ], [ -50.272178693883269, -21.591036164473078 ], [ -50.272093338602687, -21.590954779266266 ], [ -50.272009290992742, -21.590874686890409 ], [ -50.271925256159939, -21.590791640767613 ], [ -50.271923307259918, -21.590789749513839 ], [ -50.271839290801147, -21.590709686831708 ], [ -50.271755255967889, -21.590626640708479 ], [ -50.271754618484998, -21.590626014487565 ], [ -50.27167057309682, -21.590543946702528 ], [ -50.271588509754046, -21.590460894711931 ], [ -50.271587881186072, -21.590460262370073 ], [ -50.271504515156529, -21.590376896408117 ], [ -50.271423140937635, -21.590293537520992 ], [ -50.271340125950239, -21.59020852224096 ], [ -50.271339516964574, -21.590207902216779 ], [ -50.271258458555856, -21.590125855358732 ], [ -50.271178381695719, -21.590041824157268 ], [ -50.271177752315978, -21.590041167738494 ], [ -50.271096387170978, -21.589956825891747 ], [ -50.271017653360104, -21.589873171290883 ], [ -50.270940284188541, -21.589788858807967 ], [ -50.270939013166128, -21.589787491159147 ], [ -50.270860239002083, -21.589703793684095 ], [ -50.270838749571119, -21.589679824725529 ], [ -50.270793119660354, -21.589719737807716 ], [ -50.270876119648683, -21.589802737862801 ], [ -50.270877367492794, -21.589803971108037 ], [ -50.270963367483731, -21.589887971164554 ], [ -50.270964031878542, -21.589888616096854 ], [ -50.271048706044937, -21.589970301825993 ], [ -50.271133382251456, -21.590052985715246 ], [ -50.271134008822088, -21.590053593975597 ], [ -50.271220008814559, -21.590136594031829 ], [ -50.271305031583488, -21.590218616064565 ], [ -50.27130563199816, -21.590219192072322 ], [ -50.271392631992001, -21.590302192128942 ], [ -50.27139328960579, -21.590302815717067 ], [ -50.271480289601158, -21.590384815773376 ], [ -50.271565652827128, -21.590465216093943 ], [ -50.271651986012564, -21.590548572336267 ], [ -50.271737019635928, -21.590630604853963 ], [ -50.271823008145105, -21.590713593827466 ], [ -50.271823631424859, -21.590714191898005 ], [ -50.271910330264461, -21.59079690464657 ], [ -50.271994704990782, -21.590878301503643 ], [ -50.272079061453013, -21.590960673172034 ], [ -50.272163743702741, -21.591044359225936 ], [ -50.272164381011166, -21.591044985276458 ], [ -50.272248745544601, -21.59112736482663 ], [ -50.272333118007147, -21.591211737356531 ], [ -50.272333750938124, -21.591212366508582 ], [ -50.272417116104528, -21.591294739298178 ], [ -50.27249948932775, -21.591378105037563 ], [ -50.27250074322572, -21.59137935901947 ], [ -50.272585112197433, -21.59146273548151 ], [ -50.272667489131734, -21.591546104976668 ], [ -50.272668750548448, -21.591547366388355 ], [ -50.272751802484997, -21.591629429677017 ], [ -50.272833857332799, -21.591713461819207 ], [ -50.272914842206511, -21.591796446388461 ], [ -50.272916117237926, -21.59179773705851 ], [ -50.273000117226111, -21.591881737114264 ], [ -50.273082801834597, -21.591964421789505 ], [ -50.273165488546077, -21.592048104794607 ], [ -50.273168691264878, -21.59205124995794 ], [ -50.27325303914018, -21.592131628582369 ], [ -50.273335751848684, -21.592212372003466 ], [ -50.273418116744324, -21.592294736964842 ], [ -50.273420029086139, -21.592296615242972 ], [ -50.273504718857055, -21.592378316025858 ], [ -50.273587402593229, -21.592459007445328 ], [ -50.273671394683696, -21.5925409997879 ], [ -50.273673365196437, -21.592542888564569 ], [ -50.273757044800377, -21.592621645898006 ], [ -50.273838756990905, -21.592702373667144 ], [ -50.273839410108899, -21.59270301496964 ], [ -50.273922402207319, -21.592784007321416 ], [ -50.274006074510289, -21.592865687490473 ], [ -50.274088435272162, -21.592947056018339 ], [ -50.27417111588759, -21.593029736700007 ], [ -50.274172394027943, -21.593030999528725 ], [ -50.27425575080126, -21.593112371680725 ], [ -50.27433711569595, -21.593193736640359 ], [ -50.274420115599746, -21.593276736610914 ], [ -50.274420756236658, -21.593277373376662 ], [ -50.274503756226515, -21.593359373431475 ], [ -50.274505051277558, -21.593360637459227 ], [ -50.274589039512612, -21.593441626176361 ], [ -50.274673387903178, -21.593522997627634 ], [ -50.274755755941335, -21.593604373343652 ], [ -50.274756409061133, -21.593605014647931 ], [ -50.274839409052511, -21.59368601470246 ], [ -50.274840027474113, -21.593686614749991 ], [ -50.274925027466729, -21.593768614805587 ], [ -50.2750100273716, -21.593850614776503 ], [ -50.275010689181229, -21.593851249323386 ], [ -50.275095357142099, -21.593931932970527 ], [ -50.275180027182486, -21.594013614718776 ], [ -50.275180688992478, -21.594014249266003 ], [ -50.275265688986607, -21.594095249321285 ], [ -50.2753506888928, -21.594176249292772 ], [ -50.275351955079117, -21.594177441944545 ], [ -50.275437982267448, -21.594257536282324 ], [ -50.275522026805355, -21.594338614603686 ], [ -50.275523323554886, -21.594339850683681 ], [ -50.275609005095404, -21.594420550799189 ], [ -50.275693688516355, -21.594501249178382 ], [ -50.275694954704115, -21.594502441831509 ], [ -50.275781618650882, -21.594583129013294 ], [ -50.275867985617751, -21.594664532421596 ], [ -50.275952688233694, -21.594745249092533 ], [ -50.275953284471548, -21.594745814159779 ], [ -50.276039329692715, -21.59482691431403 ], [ -50.276122391933093, -21.594907998944336 ], [ -50.276123687955817, -21.594909248950945 ], [ -50.276208687949961, -21.594990249006244 ], [ -50.276210636556634, -21.594992073081933 ], [ -50.27629631545431, -21.595070858332456 ], [ -50.276380025861855, -21.595151614315807 ], [ -50.276465025766733, -21.595233614286737 ], [ -50.276466362085586, -21.595234887622095 ], [ -50.276550689631399, -21.595314254783155 ], [ -50.276635025578756, -21.595395614229357 ], [ -50.276636361854258, -21.595396887523897 ], [ -50.276806361845601, -21.595556887633919 ], [ -50.276824432907958, -21.595540094029651 ], [ -50.276763261616715, -21.595479642447742 ], [ -50.276760046404121, -21.595476558425208 ], [ -50.276674678483666, -21.595397078006567 ], [ -50.276591261424599, -21.595314642388633 ], [ -50.276588677553804, -21.595312149573751 ], [ -50.276503026800839, -21.595231478575627 ] ] ], [ [ [ -50.275067555030979, -21.594607034854032 ], [ -50.27498491860657, -21.594529376584994 ], [ -50.274901279736284, -21.594449720577593 ], [ -50.274900554848365, -21.594449034798824 ], [ -50.274818232303872, -21.594371671501278 ], [ -50.274736901244694, -21.594293316027972 ], [ -50.274736246839858, -21.594292689374999 ], [ -50.27465357496596, -21.594214001747069 ], [ -50.274572569205553, -21.594135959671881 ], [ -50.274492228745402, -21.594056611131478 ], [ -50.274490213109722, -21.594054657458734 ], [ -50.274408881694299, -21.593977293487917 ], [ -50.274329558504334, -21.593899953437269 ], [ -50.274247898648497, -21.593820285347338 ], [ -50.274168220087105, -21.593741602829912 ], [ -50.274167541566754, -21.593740937046487 ], [ -50.274088217713796, -21.593663596350396 ], [ -50.274008884894542, -21.593584263594455 ], [ -50.274007541383241, -21.593582936990142 ], [ -50.273927881684422, -21.593505268844357 ], [ -50.273848553284154, -21.59342693211098 ], [ -50.273770884619644, -21.593349263508692 ], [ -50.273690884527461, -21.593269263480856 ], [ -50.273611884434899, -21.593190263451849 ], [ -50.2735338843435, -21.593112263423183 ], [ -50.273456550315473, -21.593034929457868 ], [ -50.273379207325092, -21.592955603379473 ], [ -50.273377884079046, -21.592954263285733 ], [ -50.273298884067927, -21.592875263338158 ], [ -50.273220883976521, -21.5927972633095 ], [ -50.273220210402947, -21.592796594013979 ], [ -50.273141885839507, -21.592719260962319 ], [ -50.273064552155837, -21.592640935884802 ], [ -50.273063883713689, -21.592640263172967 ], [ -50.272986888695662, -21.592563268217607 ], [ -50.272910873034341, -21.592484290973371 ], [ -50.272908883529659, -21.59248226311588 ], [ -50.272831218801848, -21.592404598450802 ], [ -50.272753551788327, -21.592325935770489 ], [ -50.272752209854019, -21.592324593844545 ], [ -50.272673547686971, -21.592246927462753 ], [ -50.272596888236777, -21.592170268074721 ], [ -50.272520872574425, -21.592091290829412 ], [ -50.272518883071847, -21.592089262974067 ], [ -50.272441888052271, -21.592012268017157 ], [ -50.272365872389557, -21.591933290771507 ], [ -50.272365206050225, -21.59193260292502 ], [ -50.27228754030768, -21.59185294581982 ], [ -50.27221119131837, -21.591773622261844 ], [ -50.272134508223779, -21.591692955699219 ], [ -50.272133205768746, -21.591691602837003 ], [ -50.272055205754732, -21.591611602889305 ], [ -50.272053882514072, -21.591610262801023 ], [ -50.271976548563138, -21.591532928912784 ], [ -50.271899205570122, -21.591453602831688 ], [ -50.271895872631568, -21.591450290633205 ], [ -50.271815887366706, -21.591373267845071 ], [ -50.271737882227463, -21.591295262767805 ], [ -50.27173514039653, -21.591292590399913 ], [ -50.27165514039136, -21.591216590451882 ], [ -50.271654508476722, -21.591215993611428 ], [ -50.271572508472786, -21.591138993664412 ], [ -50.271571125918435, -21.591137711663364 ], [ -50.271488125917415, -21.591061711716424 ], [ -50.271486725395775, -21.59106044537906 ], [ -50.271402725397657, -21.590985445432125 ], [ -50.271401307554285, -21.590984195382106 ], [ -50.271316686348364, -21.590910525204709 ], [ -50.27123206277156, -21.590835857392886 ], [ -50.271230537736763, -21.590834529828943 ], [ -50.271145591855905, -21.590761576355035 ], [ -50.271059645922968, -21.590687622925895 ], [ -50.270974537575825, -21.590614529833282 ], [ -50.270973212940106, -21.590613405350542 ], [ -50.270886878654267, -21.59054096398415 ], [ -50.27080368110358, -21.590469512016654 ], [ -50.270719803468459, -21.590394515593598 ], [ -50.270718881477087, -21.590393697981977 ], [ -50.270635971856422, -21.590320777521192 ], [ -50.270552071088431, -21.590246747482293 ], [ -50.270471062831014, -21.590172654615763 ], [ -50.270389767516932, -21.590098299198822 ], [ -50.270311200217847, -21.590024581787937 ], [ -50.270233880653556, -21.589947262284575 ], [ -50.270232501999615, -21.589945901427708 ], [ -50.270155879938152, -21.589871244093402 ], [ -50.270080546252061, -21.589793953751848 ], [ -50.270003869789335, -21.58971428996178 ], [ -50.270002110893223, -21.589715770792598 ], [ -50.270076850739827, -21.589795363945875 ], [ -50.270152830416393, -21.589876342356522 ], [ -50.270229870863908, -21.589958385519786 ], [ -50.270306870767804, -21.590040385489413 ], [ -50.270308796149031, -21.590042397674271 ], [ -50.270386140356301, -21.590121725132953 ], [ -50.270462493669235, -21.590202044920559 ], [ -50.270540525875688, -21.59028407886009 ], [ -50.270541178460384, -21.590284760553807 ], [ -50.270620166340343, -21.590366748042989 ], [ -50.270698154226665, -21.590447735532038 ], [ -50.270700118829375, -21.590449737530285 ], [ -50.270778804468129, -21.590528423233337 ], [ -50.270855525495072, -21.590609078740446 ], [ -50.270857458658213, -21.590611073325206 ], [ -50.270935482052202, -21.590690084422519 ], [ -50.271012525305345, -21.590771078680795 ], [ -50.271015118452098, -21.590773737413254 ], [ -50.27109511844084, -21.590853737466336 ], [ -50.271095783344322, -21.590854398200829 ], [ -50.271175783334584, -21.590933398253647 ], [ -50.271176444767953, -21.590934047374617 ], [ -50.271257444759598, -21.591013047427825 ], [ -50.271258790398505, -21.591014343530126 ], [ -50.271340790393047, -21.591092343583419 ], [ -50.271422790302736, -21.591170343556001 ], [ -50.271424154596815, -21.591171625162954 ], [ -50.27150677965291, -21.591248277379155 ], [ -50.271590407257889, -21.591326927208247 ], [ -50.271591873854696, -21.591328288192194 ], [ -50.271674512932684, -21.591403957763387 ], [ -50.27175715432665, -21.591480625135912 ], [ -50.271757873678609, -21.591481288139605 ], [ -50.271840178083032, -21.591556651262735 ], [ -50.271921491118228, -21.591633006241743 ], [ -50.271922154063873, -21.591633625002856 ], [ -50.272005128591267, -21.591710601427359 ], [ -50.272088796127505, -21.591788292767518 ], [ -50.272169804501743, -21.591864361663003 ], [ -50.272250126872976, -21.591941709190106 ], [ -50.272252153706361, -21.591943624895347 ], [ -50.272334467181693, -21.592019988054719 ], [ -50.272415789229058, -21.592097343230453 ], [ -50.272416490495779, -21.592098005999574 ], [ -50.272497804142603, -21.592174361553909 ], [ -50.272578126513316, -21.592251709080507 ], [ -50.272579490316701, -21.592253005945444 ], [ -50.272661138450765, -21.592329675591447 ], [ -50.272742788870111, -21.592407343121472 ], [ -50.272823823094129, -21.592484375723423 ], [ -50.272825205253831, -21.592485673085339 ], [ -50.272906142755751, -21.592560688385969 ], [ -50.27298710083096, -21.592638684639155 ], [ -50.27298853361458, -21.592640046871566 ], [ -50.273069511694914, -21.592716026360858 ], [ -50.273151489777746, -21.592793005836754 ], [ -50.273152152726141, -21.592793624600439 ], [ -50.273234820161221, -21.592870316132082 ], [ -50.273316137737019, -21.592946675375359 ], [ -50.273397788155599, -21.593024342904648 ], [ -50.273398533169683, -21.593025046737232 ], [ -50.273479511256276, -21.593101026232389 ], [ -50.273561137469684, -21.593177675294342 ], [ -50.273642787888079, -21.593255342823461 ], [ -50.273723822112188, -21.593332375425486 ], [ -50.273724489068634, -21.59333300556834 ], [ -50.273806137201532, -21.593409675213248 ], [ -50.273887455268671, -21.593487026603388 ], [ -50.273968124989956, -21.593564708616231 ], [ -50.273969488799416, -21.593566005486942 ], [ -50.274051446629365, -21.593642965944916 ], [ -50.274134760761321, -21.593721320960611 ], [ -50.274214790465393, -21.593798386660136 ], [ -50.274294441595657, -21.593876046572191 ], [ -50.274376424844064, -21.593956030291309 ], [ -50.274377124451618, -21.593956708396934 ], [ -50.274458111780199, -21.594034696254312 ], [ -50.274539760749128, -21.594113358126155 ], [ -50.274621096817043, -21.594192710449175 ], [ -50.274701771156046, -21.594272388871421 ], [ -50.274705100157909, -21.594275576881014 ], [ -50.274787409291783, -21.59435200684764 ], [ -50.27486677097211, -21.594430388814835 ], [ -50.274867424207685, -21.594431030039654 ], [ -50.274949424199185, -21.594511030093532 ], [ -50.275031424106245, -21.594591030065008 ], [ -50.275032073871756, -21.594591660152297 ], [ -50.275114747875747, -21.594671346000379 ], [ -50.275195764602891, -21.594750386771469 ], [ -50.275277113802559, -21.594831736036042 ], [ -50.275279073591129, -21.594833660066477 ], [ -50.275304640871916, -21.594858303247673 ], [ -50.275318926408417, -21.594845339854739 ], [ -50.275235926401315, -21.594765339908996 ], [ -50.275233900391775, -21.594763423210054 ], [ -50.275150578025176, -21.594686052497629 ], [ -50.275068247290548, -21.594607689567543 ], [ -50.275067555030979, -21.594607034854032 ] ] ], [ [ [ -50.272472730918757, -21.590649837874089 ], [ -50.272572160422797, -21.590736341600167 ], [ -50.272669595303611, -21.590822839971064 ], [ -50.272670087207111, -21.590823274749877 ], [ -50.272770087211313, -21.59091127481263 ], [ -50.272867977247451, -21.59099729949525 ], [ -50.272962813709235, -21.591084232979441 ], [ -50.272964523479075, -21.591085776346535 ], [ -50.273062345685624, -21.591172729479194 ], [ -50.273157191681427, -21.591260659683726 ], [ -50.273158386590168, -21.591261755531935 ], [ -50.273254185527605, -21.591348665970077 ], [ -50.273348009964415, -21.591437552343884 ], [ -50.27344300986028, -21.591527552312311 ], [ -50.273443618071497, -21.591528125302712 ], [ -50.273537732308903, -21.591616295548455 ], [ -50.273629861051845, -21.591705452464204 ], [ -50.273631009554791, -21.5917065521563 ], [ -50.273725722288567, -21.591796280076469 ], [ -50.273819147862916, -21.591885730162151 ], [ -50.273911860738451, -21.591975452368427 ], [ -50.273912462171566, -21.591976031158122 ], [ -50.274004868746275, -21.592064463323851 ], [ -50.274096282024715, -21.59215388942636 ], [ -50.27409746196421, -21.592155031094933 ], [ -50.27419016028022, -21.592243742453928 ], [ -50.274282860322991, -21.592333452241387 ], [ -50.274283488146779, -21.592334056280539 ], [ -50.274375461984938, -21.592422031322656 ], [ -50.274468862055286, -21.592511456990067 ], [ -50.274559294536076, -21.592599902012271 ], [ -50.274560487837441, -21.592601056186318 ], [ -50.274651881066234, -21.592688475863017 ], [ -50.274743281299386, -21.592777889203798 ], [ -50.274743899054492, -21.592778490051462 ], [ -50.274834889045167, -21.592866480439628 ], [ -50.274926286005162, -21.592954897132341 ], [ -50.275016699755156, -21.593044317394945 ], [ -50.275018487321994, -21.593046056029191 ], [ -50.275110487315139, -21.593134056089131 ], [ -50.275202192049967, -21.593221773728104 ], [ -50.275292888532825, -21.593309480284066 ], [ -50.275383989271219, -21.593397610414645 ], [ -50.275473115340397, -21.593486736554716 ], [ -50.275475486808794, -21.593489055872798 ], [ -50.275567181636013, -21.593576764034914 ], [ -50.275658878228768, -21.593665470589229 ], [ -50.275748998631407, -21.593752620060762 ], [ -50.275838114926565, -21.593841736426803 ], [ -50.275840486397584, -21.593844055747415 ], [ -50.275931588083871, -21.59393119655741 ], [ -50.276020705165365, -21.594019323518133 ], [ -50.276021306117649, -21.594019914445102 ], [ -50.276111001354863, -21.594107616523427 ], [ -50.276201698413075, -21.594197316981436 ], [ -50.276225068041214, -21.594176649388778 ], [ -50.276172018315243, -21.594125429002741 ], [ -50.276171311138064, -21.594124750673181 ], [ -50.276086665819626, -21.594044088724765 ], [ -50.276000018123796, -21.593960428944271 ], [ -50.275915298580848, -21.593878699547222 ], [ -50.275830622273311, -21.59379601568746 ], [ -50.275829995518386, -21.593795407249157 ], [ -50.275743995510858, -21.593712407305397 ], [ -50.275659298292297, -21.593630699458465 ], [ -50.275574937860952, -21.593548324042523 ], [ -50.275491255455442, -21.59346563792127 ], [ -50.275406259191996, -21.593381641680296 ], [ -50.275405606381, -21.593381000494066 ], [ -50.275321929957514, -21.593299316430148 ], [ -50.275238251481795, -21.593216634191887 ], [ -50.27523762151192, -21.5932160153951 ], [ -50.2751529335046, -21.593133320111345 ], [ -50.275070243588722, -21.593051626523859 ], [ -50.275069621320249, -21.59305101533625 ], [ -50.27498493331273, -21.5929683200523 ], [ -50.274902243396731, -21.592886626464693 ], [ -50.274900994462982, -21.592885406926307 ], [ -50.274815622642492, -21.592803013256113 ], [ -50.274733243204707, -21.592721626405538 ], [ -50.274732620936867, -21.59272101521853 ], [ -50.274647932929206, -21.592638319934444 ], [ -50.274565243012717, -21.592556626346365 ], [ -50.274564620745181, -21.592556015159659 ], [ -50.274479620736273, -21.592473015215539 ], [ -50.274395928901534, -21.592391316105147 ], [ -50.27431225042519, -21.592308633866285 ], [ -50.274311605134514, -21.592308000111366 ], [ -50.274227612741967, -21.592226007601433 ], [ -50.274143574978631, -21.592143947261821 ], [ -50.274061511640028, -21.59206089527547 ], [ -50.274058308745438, -21.592057749944434 ], [ -50.273974612030372, -21.591977991959258 ], [ -50.273892882963516, -21.591896262957114 ], [ -50.273892257375479, -21.591895641061058 ], [ -50.273807257365043, -21.591811641117197 ], [ -50.273723253496875, -21.591728637360195 ], [ -50.273638570860065, -21.591644951056153 ], [ -50.273555882574335, -21.591562262836671 ], [ -50.27355461958939, -21.591561014804675 ], [ -50.273470254950915, -21.59147863528111 ], [ -50.273385882379579, -21.591394262777111 ], [ -50.273385256791457, -21.59139364088097 ], [ -50.273300570469992, -21.591309950935656 ], [ -50.273217882183978, -21.591227262715861 ], [ -50.273216619200305, -21.591226014685134 ], [ -50.273131633929744, -21.591143029132553 ], [ -50.273044648663479, -21.59105804359374 ], [ -50.272959938651326, -21.590975326814924 ], [ -50.272875256294647, -21.59089164078722 ], [ -50.272874618811137, -21.590891014565692 ], [ -50.272789633547127, -21.59080802901952 ], [ -50.272702648274276, -21.590723043474252 ], [ -50.272617938261384, -21.590640326694686 ], [ -50.272533569592845, -21.590556950664698 ], [ -50.272448881305095, -21.590472262444802 ], [ -50.27244761832327, -21.590471014415883 ], [ -50.272363253682556, -21.590388634890115 ], [ -50.272278881109337, -21.590304262384244 ], [ -50.272256738267977, -21.59028211957423 ], [ -50.272380463876061, -21.59017511183233 ], [ -50.272286268534373, -21.590093161939091 ], [ -50.27217731922817, -21.590202700584769 ], [ -50.272177319220049, -21.590202700576643 ], [ -50.272177319214556, -21.590202700582168 ], [ -50.272108880911283, -21.590134262322916 ], [ -50.272107617930736, -21.590133014295265 ], [ -50.272023565075884, -21.590050939219235 ], [ -50.271939501830225, -21.589965887062977 ], [ -50.271856509097042, -21.58988189448603 ], [ -50.271771494348641, -21.589795879632348 ], [ -50.271770880429308, -21.589795262113562 ], [ -50.271685880417344, -21.589710262169952 ], [ -50.27168525483232, -21.58970964027689 ], [ -50.271600885749606, -21.589626263838095 ], [ -50.27151850870154, -21.589542894363142 ], [ -50.271517880134567, -21.589542262022295 ], [ -50.27143288012261, -21.589457262078717 ], [ -50.27143226187868, -21.589456647440876 ], [ -50.271372290703852, -21.58939737365219 ], [ -50.271376470474998, -21.589407601758154 ], [ -50.271378217383862, -21.589411506224454 ], [ -50.271378881086157, -21.589412868510337 ], [ -50.271383122749803, -21.589418968746152 ], [ -50.271398785488607, -21.589434807483816 ], [ -50.271402064858691, -21.589437370493261 ], [ -50.27140754158939, -21.589443661975032 ], [ -50.27145094944995, -21.589487557600474 ], [ -50.271538372441071, -21.589577960996504 ], [ -50.271538944290619, -21.589578549082443 ], [ -50.271626944275205, -21.589668549141365 ], [ -50.271627533205425, -21.589669148062718 ], [ -50.271715637642295, -21.589758242510651 ], [ -50.271800758730599, -21.589847322794871 ], [ -50.271802532995544, -21.589849147997416 ], [ -50.271891224024245, -21.58993883562805 ], [ -50.27197691702353, -21.590026521560343 ], [ -50.272064647043692, -21.590116245526396 ], [ -50.27215135216872, -21.59020594055869 ], [ -50.272152525974278, -21.590207141189111 ], [ -50.27216268415404, -21.59021741481893 ], [ -50.27207573131227, -21.59030483798869 ], [ -50.272175731317994, -21.590391838051101 ], [ -50.272175903676967, -21.590391987774694 ], [ -50.272273903682979, -21.590476987835782 ], [ -50.272274293741035, -21.590477324987297 ], [ -50.272374766687349, -21.590563871047312 ], [ -50.272472244153846, -21.590649412554249 ], [ -50.272472730918757, -21.590649837874089 ] ] ], [ [ [ -50.270766520784662, -21.591253116511464 ], [ -50.270846200865563, -21.591335784665148 ], [ -50.270846857945443, -21.591336462063992 ], [ -50.270928857930869, -21.591420462118929 ], [ -50.270929473863703, -21.591421089353805 ], [ -50.271010473850787, -21.591503089407816 ], [ -50.271011750633413, -21.591504366372853 ], [ -50.271095433065959, -21.591587052651619 ], [ -50.271177117508287, -21.591668737159413 ], [ -50.271178411343463, -21.591670015306974 ], [ -50.271261411334812, -21.591751015361517 ], [ -50.271262077183628, -21.591751661142215 ], [ -50.271345077176512, -21.591831661196466 ], [ -50.27134636605048, -21.591832888781813 ], [ -50.271431043705789, -21.591912585457695 ], [ -50.271514399104611, -21.591991971611424 ], [ -50.271597076898054, -21.592071661111522 ], [ -50.27159836577308, -21.592072888697892 ], [ -50.27168305983826, -21.592152600818334 ], [ -50.271765415038864, -21.59223098715248 ], [ -50.271848076620778, -21.592310661026968 ], [ -50.271850052843554, -21.592312531473926 ], [ -50.271934728442552, -21.592391230029154 ], [ -50.272017736998315, -21.592469297657328 ], [ -50.272099750358507, -21.592548346739324 ], [ -50.272181426404799, -21.592628030748596 ], [ -50.272183447257731, -21.592629965742347 ], [ -50.272265427060809, -21.592707007060611 ], [ -50.272346426221183, -21.592786030692345 ], [ -50.272347075982836, -21.592786660775886 ], [ -50.27242974998903, -21.592866346626128 ], [ -50.27251142603528, -21.592946030635346 ], [ -50.272593098191393, -21.593025710849815 ], [ -50.272673772532144, -21.593105389273791 ], [ -50.272675075611744, -21.593106660662503 ], [ -50.272746482620434, -21.593175486747761 ], [ -50.272755884305987, -21.593167263375378 ], [ -50.272670884294023, -21.593082263431786 ], [ -50.272669650871862, -21.593081044274847 ], [ -50.272583890796071, -21.59299725576129 ], [ -50.272500100329559, -21.592911493824641 ], [ -50.272497636062745, -21.592909029941882 ], [ -50.272411657426218, -21.592825050873923 ], [ -50.272322973061925, -21.592738359484493 ], [ -50.272237265634097, -21.592653648721452 ], [ -50.272235429294142, -21.592651864597553 ], [ -50.272147362752932, -21.592567756167295 ], [ -50.272060279612219, -21.592481662675144 ], [ -50.27205842909494, -21.592479864536877 ], [ -50.271970050383459, -21.592395457966472 ], [ -50.271882664337852, -21.592310058033366 ], [ -50.27179466423793, -21.592224058002685 ], [ -50.271794059069819, -21.592223469921162 ], [ -50.271705059061851, -21.592137469979395 ], [ -50.271703822922341, -21.592136289090636 ], [ -50.271615065466946, -21.592052462668192 ], [ -50.271528279012713, -21.591966662490584 ], [ -50.271440278911477, -21.591879662459366 ], [ -50.27143905866955, -21.591878469798797 ], [ -50.271350069032579, -21.591792479878432 ], [ -50.271260079375296, -21.591705489943116 ], [ -50.271172037161406, -21.591620449217491 ], [ -50.271171456352214, -21.59161989122407 ], [ -50.271082375432407, -21.591534769521257 ], [ -50.270995278409757, -21.591448662304924 ], [ -50.270994078983094, -21.591447489761851 ], [ -50.270904078974986, -21.59136048982074 ], [ -50.270814078874032, -21.591273489789874 ], [ -50.270813455950297, -21.591272891101688 ], [ -50.270723455943724, -21.591186891160309 ], [ -50.270722821824023, -21.591186288757513 ], [ -50.270633453932319, -21.591101885811849 ], [ -50.270544078574602, -21.59101548969846 ], [ -50.270488364183521, -21.590961632495063 ], [ -50.270523947822547, -21.590999468296282 ], [ -50.270602947724122, -21.591083468265197 ], [ -50.270603617183149, -21.591084175422917 ], [ -50.270684617165685, -21.59116917547771 ], [ -50.270685842890813, -21.591170446501785 ], [ -50.270766520784662, -21.591253116511464 ] ] ], [ [ [ -50.271108369951094, -21.591954808493366 ], [ -50.271022006236407, -21.591872415586721 ], [ -50.270936634841, -21.591789029636995 ], [ -50.270934133156288, -21.591786642021734 ], [ -50.270846722127615, -21.591705123932062 ], [ -50.270762264423936, -21.591621648359524 ], [ -50.270761649166474, -21.591621043762139 ], [ -50.270674649157272, -21.591536043819332 ], [ -50.270587649058513, -21.591451043789025 ], [ -50.270587036864569, -21.59145044907746 ], [ -50.270499657757014, -21.591366048868302 ], [ -50.270413577584819, -21.59128095819046 ], [ -50.270327882085972, -21.591195262760294 ], [ -50.270326057866065, -21.591193469563766 ], [ -50.270237664353118, -21.591108055673409 ], [ -50.270152573721617, -21.591023954534169 ], [ -50.270065881785797, -21.590937262667833 ], [ -50.270065277714714, -21.590936662039852 ], [ -50.269977277703838, -21.59084966209798 ], [ -50.269890576982306, -21.590763958004093 ], [ -50.269803881482815, -21.590677262574101 ], [ -50.269803277412194, -21.590676661946574 ], [ -50.269715277401318, -21.5905896620047 ], [ -50.269714014062146, -21.590588427716423 ], [ -50.269627956217874, -21.59050533744837 ], [ -50.269541881182143, -21.59041926248112 ], [ -50.26954003566653, -21.590417448710873 ], [ -50.269452591463683, -21.590332985625569 ], [ -50.269446213979727, -21.590326696722727 ], [ -50.269419545105485, -21.590351109126711 ], [ -50.269509531251934, -21.590437095953774 ], [ -50.269600517387758, -21.590524082764695 ], [ -50.269690232512303, -21.590609810622041 ], [ -50.269779921968521, -21.590696510495953 ], [ -50.26986992186756, -21.590783510465101 ], [ -50.269870544603883, -21.590784108974095 ], [ -50.269960544597289, -21.590870109032707 ], [ -50.269961109064127, -21.59087064561006 ], [ -50.270052511981739, -21.590957081042564 ], [ -50.270141921565802, -21.59104351037298 ], [ -50.270142544302658, -21.591044108882464 ], [ -50.270232231909489, -21.591129810438357 ], [ -50.270321921365039, -21.591216510311636 ], [ -50.270411921264078, -21.591303510280792 ], [ -50.270413178027646, -21.591304711106169 ], [ -50.270502860020599, -21.591389410829297 ], [ -50.270592231509745, -21.591474810316704 ], [ -50.270681920964648, -21.591561510189365 ], [ -50.270771317631912, -21.591647927034511 ], [ -50.270858721426428, -21.591734337671987 ], [ -50.270860543501065, -21.591736108638475 ], [ -50.270950252286418, -21.591821830431616 ], [ -50.271037941563215, -21.591906530365939 ], [ -50.271127920463393, -21.591993510036158 ], [ -50.27121632741548, -21.592078937048495 ], [ -50.271303720924713, -21.592165337517546 ], [ -50.271391720823466, -21.592252337486315 ], [ -50.27139417692932, -21.592254710773041 ], [ -50.271483555245752, -21.5923391236906 ], [ -50.271525842061301, -21.592379985139072 ], [ -50.271540712719521, -21.592366184961602 ], [ -50.271454027281244, -21.592284481505775 ], [ -50.271368340004834, -21.592202779745314 ], [ -50.271367042584529, -21.592201557324543 ], [ -50.271280710441495, -21.592121179181383 ], [ -50.271195006430268, -21.59203941564602 ], [ -50.271109635035081, -21.591956029696497 ], [ -50.271108369951094, -21.591954808493366 ] ] ], [ [ [ -50.269993488918225, -21.591262873071873 ], [ -50.269992882066646, -21.591262262703513 ], [ -50.269906794210229, -21.59117617491713 ], [ -50.269822689361533, -21.591089101734731 ], [ -50.2698196628075, -21.591086057523952 ], [ -50.2697322759767, -21.591000656824519 ], [ -50.269646479737155, -21.590914860653982 ], [ -50.269560070426778, -21.590826464995562 ], [ -50.269558270569952, -21.590824655081452 ], [ -50.269471876226326, -21.590739253844355 ], [ -50.269384474540139, -21.590650859028898 ], [ -50.26938388135418, -21.590650262483269 ], [ -50.269297881342069, -21.59056426254033 ], [ -50.269210881241207, -21.590477262509474 ], [ -50.269162515352789, -21.590428896660118 ], [ -50.269142118900589, -21.590446737535434 ], [ -50.269156118898614, -21.590460737544735 ], [ -50.269156858551149, -21.590461472042541 ], [ -50.269228858542526, -21.59053247209004 ], [ -50.269229964188099, -21.590533551151953 ], [ -50.269317033024535, -21.590617651797793 ], [ -50.269403118652825, -21.590703737494572 ], [ -50.269404985792335, -21.590705572147105 ], [ -50.269491350215027, -21.590788958550633 ], [ -50.269578419484354, -21.590875038464336 ], [ -50.269665118352151, -21.590961737401603 ], [ -50.269665729250178, -21.590962344778458 ], [ -50.269752725669157, -21.591048341306678 ], [ -50.269840419181534, -21.591135038370744 ], [ -50.269927118049168, -21.591221737307876 ], [ -50.26992773611903, -21.591222351773649 ], [ -50.270013736108446, -21.591307351830455 ], [ -50.270014941988691, -21.591308530298377 ], [ -50.270103021662905, -21.591393641060819 ], [ -50.270188117749136, -21.591478737214757 ], [ -50.270188728648613, -21.591479344593033 ], [ -50.270275728637877, -21.59156534465049 ], [ -50.270276962990046, -21.591566550785373 ], [ -50.270364655977517, -21.591651254304324 ], [ -50.270417635923828, -21.591703016360992 ], [ -50.270424098805414, -21.591697493310193 ], [ -50.270339098790416, -21.591610493367121 ], [ -50.270337882470912, -21.591609262828719 ], [ -50.270251190294516, -21.591522570722336 ], [ -50.270166496192161, -21.591436880288587 ], [ -50.27016588226936, -21.591436262766312 ], [ -50.270079186535227, -21.591349567102178 ], [ -50.269993488918225, -21.591262873071873 ] ] ], [ [ [ -50.270445923757627, -21.590472559706381 ], [ -50.270369245410834, -21.590387914856453 ], [ -50.27029356461135, -21.590303271936204 ], [ -50.270217887212311, -21.590218632819624 ], [ -50.270143207368605, -21.590133995744022 ], [ -50.270060901142173, -21.590197519624528 ], [ -50.270087119182548, -21.590223737685829 ], [ -50.270090536409761, -21.590227047706865 ], [ -50.270171536405968, -21.590303047759196 ], [ -50.270172937101826, -21.59030434533425 ], [ -50.270254937100951, -21.59037934538663 ], [ -50.270336937014612, -21.590454345360879 ], [ -50.270338937750054, -21.59045614273159 ], [ -50.270423937753307, -21.59053114278499 ], [ -50.270424118365924, -21.590531301892977 ], [ -50.270506655577009, -21.590603894910743 ], [ -50.270591196379797, -21.590679484386008 ], [ -50.270593462437056, -21.590681470143423 ], [ -50.270678462443364, -21.590754470196146 ], [ -50.270679786897794, -21.590755594526421 ], [ -50.270766121109936, -21.590828035922673 ], [ -50.270809149980678, -21.590864990153062 ], [ -50.27075605210559, -21.590808531702237 ], [ -50.27067796768258, -21.590725505300618 ], [ -50.270600864511891, -21.590640494189905 ], [ -50.270598443078491, -21.59063788814473 ], [ -50.270521031917298, -21.590556557502431 ], [ -50.270446564811252, -21.59047327200015 ], [ -50.270445923757627, -21.590472559706381 ] ] ], [ [ [ -50.273065426207864, -21.589919863562937 ], [ -50.272977359658896, -21.589835755125293 ], [ -50.272890276511227, -21.589749661626222 ], [ -50.272803272815203, -21.589663658040259 ], [ -50.272715276309953, -21.589576661564163 ], [ -50.27271342580844, -21.589574863441218 ], [ -50.272625359258448, -21.589490755002583 ], [ -50.272538276109792, -21.58940466150252 ], [ -50.272537660948927, -21.589404056838433 ], [ -50.272449660939593, -21.589318056896271 ], [ -50.272448425509708, -21.589316863350209 ], [ -50.272360979141844, -21.589233347220389 ], [ -50.272276486546978, -21.589147872222089 ], [ -50.272275275719224, -21.589146661320679 ], [ -50.272187275708376, -21.589059661378794 ], [ -50.272184783485486, -21.589057253992955 ], [ -50.272158161235325, -21.589032127393754 ], [ -50.272116575372834, -21.589074566129202 ], [ -50.272121324551335, -21.58907863685635 ], [ -50.272202156948779, -21.589153626000655 ], [ -50.272203151714564, -21.589154540563289 ], [ -50.272292816254534, -21.589236234979801 ], [ -50.272382153244969, -21.58931862359676 ], [ -50.272471825657348, -21.589402317909123 ], [ -50.272473698119292, -21.589404036126165 ], [ -50.272565087050687, -21.589486484893818 ], [ -50.272654482492371, -21.589568927415392 ], [ -50.272744482396732, -21.589651927386715 ], [ -50.272745764122227, -21.589653095809734 ], [ -50.272836426959771, -21.589734792049978 ], [ -50.272926760491352, -21.58981718423038 ], [ -50.273017431152965, -21.58990088028558 ], [ -50.27310748201409, -21.589983927272158 ], [ -50.27319715238189, -21.590066623337602 ], [ -50.273286824793523, -21.590150317649261 ], [ -50.27328748172804, -21.590150927128114 ], [ -50.273377152188957, -21.590233623279428 ], [ -50.273466824600696, -21.590317317591204 ], [ -50.273496643632669, -21.590345126377123 ], [ -50.273417579973739, -21.590266961230959 ], [ -50.273330880991473, -21.59018026231816 ], [ -50.273328397587825, -21.590177836042418 ], [ -50.273241040562425, -21.590094449854224 ], [ -50.273153589816651, -21.590008964360585 ], [ -50.273068487451518, -21.589922872502651 ], [ -50.273065426207864, -21.589919863562937 ] ] ], [ [ [ -50.271908963951638, -21.589572410707849 ], [ -50.271991661578411, -21.589662082914213 ], [ -50.272073361309189, -21.589751753432189 ], [ -50.272074564226713, -21.58975305788255 ], [ -50.272158262894251, -21.589842735105968 ], [ -50.272240963612553, -21.589932410664048 ], [ -50.272242162380564, -21.589933695138214 ], [ -50.272326558841357, -21.590023056175042 ], [ -50.27240896340129, -21.590112410596987 ], [ -50.272411311764465, -21.590114898682458 ], [ -50.272428959327954, -21.590133169116758 ], [ -50.272467473887012, -21.59009985866944 ], [ -50.272380064387988, -21.590011455953388 ], [ -50.272293647662295, -21.589922059415468 ], [ -50.272293056095521, -21.589921450938288 ], [ -50.272205069454735, -21.589831464675814 ], [ -50.272119082808935, -21.589743478413645 ], [ -50.272118466865876, -21.589742851860471 ], [ -50.27203036231073, -21.589653757440058 ], [ -50.271945241099289, -21.58956467717805 ], [ -50.271943466656019, -21.589562851795161 ], [ -50.271854762008083, -21.589473150539334 ], [ -50.271767342346514, -21.589383744141461 ], [ -50.271679627389808, -21.589293038978326 ], [ -50.271678466339985, -21.589291851696842 ], [ -50.271589466325942, -21.589201851756176 ], [ -50.271580346400413, -21.589209740472839 ], [ -50.27166075739806, -21.589299086108873 ], [ -50.271661361757921, -21.589299753511245 ], [ -50.271743361734288, -21.589389753567623 ], [ -50.271743466577504, -21.589389868517703 ], [ -50.27182711034316, -21.589481478440167 ], [ -50.27190775707836, -21.589571086006753 ], [ -50.271908963951638, -21.589572410707849 ] ] ], [ [ [ -50.272391435642795, -21.589652941973419 ], [ -50.272308041236229, -21.589563590903136 ], [ -50.272226638516436, -21.589474246535755 ], [ -50.272226035919545, -21.589473589147701 ], [ -50.272143643597744, -21.589384248156808 ], [ -50.272063242746256, -21.589294913959915 ], [ -50.272062533295617, -21.589294131336288 ], [ -50.271978585725911, -21.589202188843849 ], [ -50.271896941351024, -21.589112579246308 ], [ -50.27181624242656, -21.589022913857793 ], [ -50.27176297541552, -21.589064848171731 ], [ -50.271785724414194, -21.589087338676855 ], [ -50.271873724326873, -21.589174338659376 ], [ -50.271876216366053, -21.589176745871473 ], [ -50.271963955331429, -21.589259555743872 ], [ -50.272050115001477, -21.589344736393663 ], [ -50.272135513286813, -21.58943112775243 ], [ -50.272138574343437, -21.589434136513081 ], [ -50.272226952955485, -21.589518543116814 ], [ -50.272314030384862, -21.589603641579718 ], [ -50.272401723726418, -21.589690338474401 ], [ -50.272403574044688, -21.589692136422066 ], [ -50.272491640488902, -21.589776244888011 ], [ -50.272578723526252, -21.589862338412757 ], [ -50.272665726897166, -21.589948341813457 ], [ -50.272693977549011, -21.589976271457253 ], [ -50.27264187753628, -21.58992233266672 ], [ -50.272560036425361, -21.589833589372226 ], [ -50.272558837487288, -21.589832304718126 ], [ -50.272474440901938, -21.589742943706103 ], [ -50.272392036214093, -21.589653589305168 ], [ -50.272391435642795, -21.589652941973419 ] ] ], [ [ [ -50.273485879781134, -21.589121261910016 ], [ -50.273483919854691, -21.589119337747231 ], [ -50.273401909180635, -21.589040291375518 ], [ -50.273320879592859, -21.588959261852153 ], [ -50.273318919666885, -21.588957337689813 ], [ -50.273236261554203, -21.588877667280862 ], [ -50.273152601193587, -21.588795998896821 ], [ -50.273073212067501, -21.588718594520607 ], [ -50.273072282703161, -21.588717665157009 ], [ -50.273048369520438, -21.58873988996065 ], [ -50.273133369516088, -21.588819890015646 ], [ -50.273134643589231, -21.588821075281384 ], [ -50.273221325035109, -21.588900782415234 ], [ -50.273307008295113, -21.588980487831019 ], [ -50.273307643404976, -21.58898107522624 ], [ -50.273394324850756, -21.58906078235999 ], [ -50.273480008110482, -21.589140487775506 ], [ -50.273481902090701, -21.589142219676052 ], [ -50.273569947074591, -21.589221361290058 ], [ -50.273655007925797, -21.589300487720028 ], [ -50.27365564303642, -21.589301075115941 ], [ -50.273742643034851, -21.58938107517163 ], [ -50.273829002130448, -21.589460485891468 ], [ -50.273856283600914, -21.589486162588351 ], [ -50.273815552853094, -21.589445934720942 ], [ -50.273733880064839, -21.589364261998089 ], [ -50.273733239264622, -21.589363625071055 ], [ -50.273650239254479, -21.589281625125849 ], [ -50.273648273751228, -21.589279718594277 ], [ -50.273565593336627, -21.589200975402402 ], [ -50.273485879781134, -21.589121261910016 ] ] ], [ [ [ -50.271247381732465, -21.588253324672277 ], [ -50.2712862644198, -21.588290851015511 ], [ -50.2713094729787, -21.588277520852589 ], [ -50.27131009159757, -21.588277161523123 ], [ -50.271358830341988, -21.588248532779666 ], [ -50.271359374930071, -21.588248209722881 ], [ -50.271360532025149, -21.588247516545096 ], [ -50.271311514746643, -21.588197901535498 ], [ -50.271247381732465, -21.588253324672277 ] ] ] ] } },
{ "type": "Feature", "properties": { "CHAVE": null, "FAZENDA": "Faz. ABC", "NOME_FAZ": null, "ZONA": null, "TALHAO": null, "AREA_TOTAL": null, "TIPO_GEO": "VOO_PROCESSADO", "DATA_INICI": "30-03-2026", "DATA_FINAL": "30-03-2026", "HORA_INICI": "11:55:19", "HORA_FINAL": "11:55:19", "CLASSE": "APLICADO", "PILOTO": "valmir alves", "AERONAVE": "PS-CBA", "AREA_HA": 0.0040604371875719997 }, "geometry": { "type": "MultiPolygon", "coordinates": [ [ [ [ -50.27706140146465, -21.597765026011114 ], [ -50.277151110308907, -21.597854734927296 ], [ -50.277152275362553, -21.597855887244759 ], [ -50.277244275352665, -21.597945887305293 ], [ -50.277333702272692, -21.598033327035434 ], [ -50.2774251099952, -21.598124734830932 ], [ -50.277426275048754, -21.598125887148289 ], [ -50.277517983536065, -21.598215602043073 ], [ -50.277608693691349, -21.598305315454258 ], [ -50.277609274839556, -21.59830588708401 ], [ -50.277700983327222, -21.59839560197911 ], [ -50.277791693481831, -21.598485315389631 ], [ -50.277792872599257, -21.598486468730975 ], [ -50.277884872590903, -21.598575468791228 ], [ -50.278107127255844, -21.598374531129114 ], [ -50.278015720209929, -21.598286104816122 ], [ -50.277925306353922, -21.598196684589272 ], [ -50.277924725017186, -21.598196112774993 ], [ -50.277833016414931, -21.59810639790825 ], [ -50.277742306144376, -21.598016684524652 ], [ -50.277741724807981, -21.598016112710713 ], [ -50.277650310704772, -21.597926685940855 ], [ -50.277558889839021, -21.597835265148131 ], [ -50.277557698241729, -21.597834086870247 ], [ -50.277467711359044, -21.597746099764667 ], [ -50.277376310390686, -21.597656685844097 ], [ -50.277371183919925, -21.597651559381632 ], [ -50.277564117454787, -21.597474584977441 ], [ -50.277569835586291, -21.597480444297918 ], [ -50.27779816426127, -21.59728555561837 ], [ -50.277717164246859, -21.597202555672666 ], [ -50.277716517522109, -21.597201897082037 ], [ -50.277633517508932, -21.597117897137405 ], [ -50.277632255900137, -21.597116635535674 ], [ -50.277548255889855, -21.597033635591167 ], [ -50.277465890585063, -21.596952262703748 ], [ -50.277384524809015, -21.596869904729008 ], [ -50.277383247911459, -21.596868627838752 ], [ -50.277312534149551, -21.596798766113434 ], [ -50.27735791460708, -21.596812784334727 ], [ -50.277407942770374, -21.596812499456448 ], [ -50.277455252942616, -21.596797285115976 ], [ -50.277494888498097, -21.596768735300166 ], [ -50.277495888498045, -21.59676773529948 ], [ -50.277327685287162, -21.596620620196987 ], [ -50.277437797200101, -21.59661999317553 ], [ -50.277493594361893, -21.596569986330994 ], [ -50.27741059435327, -21.596488986385559 ], [ -50.277327921872093, -21.59640830607529 ], [ -50.27724524737485, -21.596326627720671 ], [ -50.277243928133551, -21.596325340371596 ], [ -50.277161270028365, -21.596245669969878 ], [ -50.277154867373334, -21.596239419768501 ], [ -50.277359624794897, -21.596056016423208 ], [ -50.277274624786003, -21.595973016479089 ], [ -50.277273975162309, -21.595972385974481 ], [ -50.277188975154935, -21.595890386030064 ], [ -50.277103975059795, -21.595808386000989 ], [ -50.277103313069674, -21.595807751281995 ], [ -50.277018972860304, -21.595727380084579 ], [ -50.276934624404795, -21.595645016362155 ], [ -50.276932716549418, -21.595643186070621 ], [ -50.276847004623356, -21.595562400178093 ], [ -50.276824432918445, -21.595540094053238 ], [ -50.277025638000964, -21.595353112288336 ], [ -50.276856310331347, -21.59519374518857 ], [ -50.276771974260605, -21.595112385746745 ], [ -50.276770637765303, -21.59511111224516 ], [ -50.276686310121733, -21.595031745110322 ], [ -50.276601974072626, -21.594950385689369 ], [ -50.276548862335943, -21.594899148539429 ], [ -50.276769279969436, -21.594696720550488 ], [ -50.276685627927542, -21.594617051999236 ], [ -50.276600973600317, -21.594535385533984 ], [ -50.276600342676062, -21.594534780427406 ], [ -50.276514342670055, -21.594452780483373 ], [ -50.276429326992982, -21.59437176559641 ], [ -50.276343342481262, -21.594289780425957 ], [ -50.276258666010769, -21.594209088782929 ], [ -50.276225068054103, -21.594176649417744 ], [ -50.276426301433965, -21.593998682937343 ], [ -50.276335301422705, -21.593908682997466 ], [ -50.276334693738846, -21.593908085415272 ], [ -50.276244995096683, -21.593820380144855 ], [ -50.276155294670545, -21.593731676460106 ], [ -50.276153513455945, -21.593729944113743 ], [ -50.276062712949731, -21.593643091522264 ], [ -50.276054205267172, -21.593634583853103 ], [ -50.276081909668179, -21.593660399321692 ], [ -50.276300090178339, -21.593455600601299 ], [ -50.276212090175108, -21.593373600657976 ], [ -50.276211416343017, -21.593372976609643 ], [ -50.276124106641248, -21.593292612055812 ], [ -50.276036065477214, -21.593209517085867 ], [ -50.275950341152893, -21.593127780000671 ], [ -50.275947792114991, -21.593125405448891 ], [ -50.275860428428096, -21.593045894734875 ], [ -50.275775016984305, -21.592963428575157 ], [ -50.275773674872013, -21.592962148718954 ], [ -50.275687674867541, -21.592881148774612 ], [ -50.275687134494525, -21.592880642331533 ], [ -50.27559874095644, -21.592798207968922 ], [ -50.275513340676746, -21.592716779856044 ], [ -50.275512713200257, -21.592716185013476 ], [ -50.275426357558501, -21.592634792400364 ], [ -50.275340994182173, -21.592552406878763 ], [ -50.275339713009515, -21.592551184955717 ], [ -50.275253042824986, -21.592469495876983 ], [ -50.275166370618102, -21.592386808661125 ], [ -50.275165088943503, -21.592385600229118 ], [ -50.27507773348929, -21.592304200888353 ], [ -50.274991370426946, -21.592221808603053 ], [ -50.274990712627975, -21.592221184840231 ], [ -50.274904356985346, -21.592139792226298 ], [ -50.274818993607752, -21.592057406703471 ], [ -50.274817133542427, -21.592055642044379 ], [ -50.274728740002288, -21.591973207679867 ], [ -50.274643369654775, -21.591891808106961 ], [ -50.274555399556625, -21.591807836712871 ], [ -50.274554133255045, -21.591806641957703 ], [ -50.274465442373199, -21.591723930296975 ], [ -50.274377749743607, -21.591641220264187 ], [ -50.27428976801037, -21.591558237554526 ], [ -50.274200786361234, -21.59147425493672 ], [ -50.274113397073592, -21.591391830999264 ], [ -50.27402603686626, -21.591307449044937 ], [ -50.274024132676836, -21.591305641783382 ], [ -50.273936412971636, -21.591223835826817 ], [ -50.273849663045318, -21.591139057554724 ], [ -50.273848398689445, -21.591137836390082 ], [ -50.273761041666283, -21.591054450204009 ], [ -50.273672676792316, -21.590968071124312 ], [ -50.273672036380958, -21.590967448836718 ], [ -50.27358435748063, -21.590882759054949 ], [ -50.273495970871728, -21.59079635872925 ], [ -50.273410263442408, -21.590711647964739 ], [ -50.273409676402089, -21.59071107094308 ], [ -50.27332128251529, -21.590624663503576 ], [ -50.273236182200094, -21.590539563256566 ], [ -50.273150383434597, -21.590452778369801 ], [ -50.273066268787645, -21.590364705461269 ], [ -50.273065083452806, -21.590363478543562 ], [ -50.27297908343769, -21.590275478601161 ], [ -50.272893679665778, -21.590188088768098 ], [ -50.272810161301194, -21.590100640202774 ], [ -50.272728036634284, -21.590011589438479 ], [ -50.272725688099868, -21.59000910117593 ], [ -50.272693977534061, -21.589976271458646 ], [ -50.272753723324975, -21.590035338350702 ], [ -50.27275557364527, -21.590037136300335 ], [ -50.272843019904521, -21.590120652454836 ], [ -50.272927512382282, -21.590206127471887 ], [ -50.272929324160074, -21.590207929146651 ], [ -50.273018324150613, -21.590294929205147 ], [ -50.273019602265144, -21.590296163821563 ], [ -50.273106345486241, -21.590378964232336 ], [ -50.273192118843511, -21.590464737657559 ], [ -50.273192722734237, -21.59046533810718 ], [ -50.273280722723385, -21.590552338165306 ], [ -50.273366736800696, -21.590637352148033 ], [ -50.2733685729483, -21.590639136087859 ], [ -50.273456639389593, -21.590723244551015 ], [ -50.273543722424328, -21.590809338073171 ], [ -50.273544985584174, -21.590810572188154 ], [ -50.273631974626682, -21.590894561672815 ], [ -50.273719963675141, -21.59097955115973 ], [ -50.273806667409332, -21.591063265178573 ], [ -50.273893351375349, -21.591147956475407 ], [ -50.273893963388304, -21.591148551012083 ], [ -50.2739819633805, -21.59123355106966 ], [ -50.273983250798416, -21.591234779880644 ], [ -50.274070614117349, -21.591317179436171 ], [ -50.274156984989482, -21.591400572065705 ], [ -50.274158250605353, -21.591401779822185 ], [ -50.274245939651088, -21.591484486597242 ], [ -50.2743326156439, -21.591567177548956 ], [ -50.274420600787096, -21.591651163430729 ], [ -50.274507317644932, -21.591733893376837 ], [ -50.274593006830841, -21.591816593468117 ], [ -50.274595531991849, -21.591818974636901 ], [ -50.274683572698073, -21.59190009085204 ], [ -50.274769001201008, -21.591981591668826 ], [ -50.274853372364277, -21.592063977691854 ], [ -50.274939364822345, -21.592147970390663 ], [ -50.274940629728526, -21.592149191424024 ], [ -50.275027328566424, -21.592231904170941 ], [ -50.275112017649768, -21.592313604290087 ], [ -50.275198006157936, -21.592396593262599 ], [ -50.275283684208858, -21.59247928260784 ], [ -50.275369364340079, -21.592562970242732 ], [ -50.275370028740738, -21.592563615180708 ], [ -50.275455028733347, -21.592645615236297 ], [ -50.275455629153015, -21.592646191248864 ], [ -50.275542629146877, -21.59272919130547 ], [ -50.275628659374469, -21.592811220196893 ], [ -50.275713690343622, -21.592892249778046 ], [ -50.275714286577887, -21.592892814841893 ], [ -50.27580128657327, -21.592974814898227 ], [ -50.275801956430058, -21.592975442396359 ], [ -50.275888620378524, -21.593056129579715 ], [ -50.275975286384778, -21.593137814841192 ], [ -50.276194713461813, -21.59293418508096 ], [ -50.276107713457201, -21.592852185137279 ], [ -50.276107043419564, -21.592851557470635 ], [ -50.276020379373833, -21.592770870314585 ], [ -50.275934012215387, -21.592689466846139 ], [ -50.275849324986766, -21.592608764959294 ], [ -50.275763355596169, -21.592526794206648 ], [ -50.275676671760394, -21.592444095897061 ], [ -50.27559230437447, -21.592362706245837 ], [ -50.275526088314969, -21.592298030156936 ], [ -50.275742589233772, -21.592103984684279 ], [ -50.275659597031982, -21.592022992357521 ], [ -50.275575604829811, -21.591941000033433 ], [ -50.27549355946536, -21.591860931726423 ], [ -50.275411511345453, -21.591777895142066 ], [ -50.275409588852803, -21.591775984567253 ], [ -50.27532659665259, -21.591694992242047 ], [ -50.275243566879197, -21.591613939431763 ], [ -50.275161511057192, -21.591530895052568 ], [ -50.27516088248754, -21.591530262709028 ], [ -50.275077882475877, -21.591447262764103 ], [ -50.275076604168461, -21.591445999772343 ], [ -50.274992611789735, -21.59136400727591 ], [ -50.274907619386809, -21.591281014758778 ], [ -50.274822938946421, -21.591198326863907 ], [ -50.274738256589444, -21.591114640835901 ], [ -50.274737619105309, -21.591114014613762 ], [ -50.274652619096408, -21.59103101466961 ], [ -50.274651992346804, -21.59103040623647 ], [ -50.274565992339284, -21.59094740629272 ], [ -50.27456536887955, -21.590946808050393 ], [ -50.274478368873403, -21.590863808107024 ], [ -50.274477711077395, -21.590863184347018 ], [ -50.274391040891018, -21.590781495266537 ], [ -50.274305019591033, -21.590699429030877 ], [ -50.274217662454795, -21.590614057350045 ], [ -50.274216991863028, -21.590613406088735 ], [ -50.274130991855507, -21.590530406144971 ], [ -50.274129131799583, -21.590528641494796 ], [ -50.27404044091589, -21.590445929832342 ], [ -50.273953074035234, -21.590363527040036 ], [ -50.273865397806112, -21.590279836156853 ], [ -50.273863518408525, -21.590278072824244 ], [ -50.273773825760031, -21.59019535633022 ], [ -50.273685153330113, -21.590112661876987 ], [ -50.273595175242342, -21.590028682389658 ], [ -50.273594518120476, -21.590028072737876 ], [ -50.273504847561753, -21.589945376615535 ], [ -50.273415175049522, -21.589861682331595 ], [ -50.273414517928067, -21.58986107268019 ], [ -50.273324517926071, -21.589778072737897 ], [ -50.27323454327103, -21.589695096171152 ], [ -50.273143568691417, -21.589611119696418 ], [ -50.273142908077993, -21.589610513540254 ], [ -50.273051908077377, -21.589527513598302 ], [ -50.273051235723372, -21.589526904057863 ], [ -50.272960880203705, -21.589445484855364 ], [ -50.272871517447797, -21.589363072594669 ], [ -50.272781517352158, -21.589280072566019 ], [ -50.272780301726463, -21.589278963740679 ], [ -50.272689245753817, -21.589196815475376 ], [ -50.272600174185705, -21.589113682071734 ], [ -50.272599517066062, -21.589113072422016 ], [ -50.272509517064059, -21.589030072479712 ], [ -50.272508848132439, -21.58902945930387 ], [ -50.272419347721154, -21.588947914542594 ], [ -50.272336842895228, -21.588871373975977 ], [ -50.272332424473383, -21.588867433795318 ], [ -50.272325424473919, -21.588861433799643 ], [ -50.272158161264819, -21.589032127436226 ], [ -50.272097044416768, -21.588974444147791 ], [ -50.272010275509338, -21.588888661317544 ], [ -50.27192227540813, -21.588801661286336 ], [ -50.271835271775629, -21.588715657763185 ], [ -50.271808538265589, -21.588689228063942 ], [ -50.271797336962202, -21.588694693392799 ], [ -50.271796201066579, -21.588695259680396 ], [ -50.271770708692252, -21.588708241897574 ], [ -50.271769393723474, -21.588708928223411 ], [ -50.271744291878449, -21.58872235157094 ], [ -50.271742804093428, -21.588723169314498 ], [ -50.27171814232144, -21.588737096579937 ], [ -50.271716490323733, -21.588738058061121 ], [ -50.27169231727926, -21.588752551801633 ], [ -50.271690512646984, -21.588753669753658 ], [ -50.271666854720948, -21.588768805991403 ], [ -50.271665036627695, -21.588770007967586 ], [ -50.271641824255873, -21.58878585995037 ], [ -50.271640362419404, -21.588786884933263 ], [ -50.271617436809372, -21.588803385862406 ], [ -50.271616379716988, -21.588804161416945 ], [ -50.271593626042666, -21.588821176149878 ], [ -50.271592955402546, -21.588821683792421 ], [ -50.271570294762931, -21.588839046686093 ], [ -50.271569842689885, -21.588839395939502 ], [ -50.271550310163235, -21.588854610767438 ], [ -50.271610724629355, -21.588914338752634 ], [ -50.271697727966462, -21.589000342119895 ], [ -50.271762975448318, -21.58906484821836 ], [ -50.271579757423048, -21.589209086052932 ], [ -50.271580346408243, -21.589209740482065 ], [ -50.271369976294302, -21.589391710177981 ], [ -50.271376470474998, -21.589407601758154 ], [ -50.271378217383862, -21.589411506224454 ], [ -50.271378881086157, -21.589412868510337 ], [ -50.271388601513614, -21.589426848143031 ], [ -50.271402064858691, -21.589437370493261 ], [ -50.271413665788153, -21.58945069724609 ], [ -50.271419105293631, -21.589467111925636 ], [ -50.271419377291267, -21.589469433167491 ], [ -50.271420037642351, -21.589473769172308 ], [ -50.271425355750516, -21.589502096601223 ], [ -50.27142624724334, -21.589506123557044 ], [ -50.271427456392161, -21.589510856940702 ], [ -50.271430442763155, -21.589519773777265 ], [ -50.271436292516995, -21.589533771938545 ], [ -50.271436707937482, -21.589534802928977 ], [ -50.271446020423333, -21.589558797424285 ], [ -50.271446333361972, -21.58955962894953 ], [ -50.27145530233858, -21.589584224593164 ], [ -50.271455525044807, -21.589584850230661 ], [ -50.271464269735375, -21.589610027938729 ], [ -50.271464411909868, -21.589610444126706 ], [ -50.271473057054671, -21.58963617975105 ], [ -50.27147312547774, -21.589636385148008 ], [ -50.271480669895119, -21.58965922384397 ], [ -50.271496403485564, -21.589685071359 ], [ -50.271501974947398, -21.589699470299912 ], [ -50.271502082845664, -21.589714782760318 ], [ -50.271499472536178, -21.58972956022766 ], [ -50.271499259683637, -21.589750677002762 ], [ -50.271498736251218, -21.589756897011224 ], [ -50.271496352925055, -21.589771882917439 ], [ -50.271494830552733, -21.589778251417613 ], [ -50.271490754612749, -21.58979092180698 ], [ -50.27148749893307, -21.589798487212569 ], [ -50.271482606672649, -21.589807427545143 ], [ -50.271477332233879, -21.589815059807336 ], [ -50.271475803703694, -21.589816847465244 ], [ -50.271463449724735, -21.58982707567338 ], [ -50.271457828148357, -21.589830320571664 ], [ -50.271442484373786, -21.589836068901949 ], [ -50.271425966740921, -21.589836641989887 ], [ -50.271403834051576, -21.589833832983011 ], [ -50.271402998046923, -21.589833719908395 ], [ -50.271390823679852, -21.589831971469888 ], [ -50.271380207262489, -21.589828769329692 ], [ -50.271460431240541, -21.589908049559188 ], [ -50.271544811495204, -21.589992429881708 ], [ -50.271629498140939, -21.590078112910732 ], [ -50.271712490737166, -21.590162105486442 ], [ -50.271797505286997, -21.590248120279824 ], [ -50.271799381925092, -21.590249985568548 ], [ -50.271883746459928, -21.590332365120073 ], [ -50.271968118923979, -21.590416737651477 ], [ -50.27205311882495, -21.590501737620812 ], [ -50.272138118725927, -21.590586737590158 ], [ -50.272139381532554, -21.590587985447932 ], [ -50.272223746067048, -21.590670364999145 ], [ -50.272308118530169, -21.590754737529601 ], [ -50.272308743942219, -21.590755359251691 ], [ -50.272393743931794, -21.590839359307836 ], [ -50.272394381239856, -21.590839985358016 ], [ -50.272479366409918, -21.590922970941584 ], [ -50.272566351563441, -21.591007956502562 ], [ -50.27265106129267, -21.591090673134261 ], [ -50.272735743541965, -21.591174359187747 ], [ -50.272736380850695, -21.591174985238563 ], [ -50.272821366003548, -21.591257970805312 ], [ -50.272908351174237, -21.591342956383073 ], [ -50.272992745188986, -21.591425364728877 ], [ -50.273075117651558, -21.591507737257203 ], [ -50.27307574306603, -21.591508358981716 ], [ -50.273160429279365, -21.591592048953096 ], [ -50.273245117455687, -21.5916767371973 ], [ -50.273246380266428, -21.591677985059114 ], [ -50.273330744799225, -21.591760364608657 ], [ -50.2734131172612, -21.5918427371364 ], [ -50.273413742676276, -21.591843358861521 ], [ -50.273498742665858, -21.591927358917662 ], [ -50.273582746255656, -21.592010362530914 ], [ -50.27366742869593, -21.592094048773614 ], [ -50.273750116872016, -21.592176737015965 ], [ -50.273752691107092, -21.592179249921649 ], [ -50.273836064387218, -21.592258699814259 ], [ -50.273917488194165, -21.592341104697056 ], [ -50.273919379493989, -21.592342984821819 ], [ -50.274004379485085, -21.592425984877689 ], [ -50.274088071041355, -21.59250768384377 ], [ -50.274171749411558, -21.592590366108034 ], [ -50.274172394529458, -21.592590999694274 ], [ -50.274256386823282, -21.59267299223534 ], [ -50.274341067013466, -21.592755680015006 ], [ -50.274423756824163, -21.592837373627287 ], [ -50.274424378918937, -21.592837984645271 ], [ -50.274509066822574, -21.592920679956926 ], [ -50.274591756632176, -21.593002373568119 ], [ -50.27459300539131, -21.593003592937936 ], [ -50.274678377108465, -21.593085986635462 ], [ -50.274760756440152, -21.593167373508965 ], [ -50.274761378535537, -21.593167984527561 ], [ -50.274846066437931, -21.593250679837986 ], [ -50.274928756248165, -21.593332373449805 ], [ -50.274929378343863, -21.593332984468699 ], [ -50.275014062372236, -21.593415675996283 ], [ -50.275097748354945, -21.593498365782413 ], [ -50.27509839347465, -21.593498999370425 ], [ -50.275182066010885, -21.593580679767186 ], [ -50.275266740644604, -21.593664358294692 ], [ -50.2753507480652, -21.593747365693112 ], [ -50.27535137786176, -21.593747984320625 ], [ -50.275436377852849, -21.593830984376492 ], [ -50.275437027296384, -21.593831614707234 ], [ -50.275522015816883, -21.593913603695601 ], [ -50.27560769, -21.593996289307924 ], [ -50.27569237756466, -21.594078984288082 ], [ -50.275693027008721, -21.594079614619321 ], [ -50.275778004355416, -21.59416159282825 ], [ -50.275864981715294, -21.594245571033099 ], [ -50.275865688714433, -21.594246249192903 ], [ -50.275950333931391, -21.594326911166416 ], [ -50.276036981523845, -21.59441057097461 ], [ -50.276037688523353, -21.594411249134748 ], [ -50.276122672951814, -21.594492234356899 ], [ -50.27620865735939, -21.594574219551344 ], [ -50.276293672752558, -21.594655234289515 ], [ -50.276379340762823, -21.59473691780282 ], [ -50.276464026239054, -21.594818614442115 ], [ -50.276464719882917, -21.594819279316305 ], [ -50.276495119521257, -21.594848231389385 ], [ -50.276428346291361, -21.594786830751509 ], [ -50.276344963927194, -21.594707372322773 ], [ -50.276261607905013, -21.594626001030544 ], [ -50.276259715379631, -21.594624185706042 ], [ -50.276173014323156, -21.594542467529617 ], [ -50.27608831160709, -21.594461750884154 ], [ -50.276087715191167, -21.594461185648999 ], [ -50.276000715186555, -21.594379185705318 ], [ -50.276000045145487, -21.594378558035466 ], [ -50.275913681943393, -21.594298150975224 ], [ -50.275829311324436, -21.59421775079829 ], [ -50.275828676296157, -21.594217149182864 ], [ -50.275743328625154, -21.594136763645679 ], [ -50.275658973034012, -21.594055385372421 ], [ -50.27565704477049, -21.594053557922443 ], [ -50.275570681567402, -21.593973150861295 ], [ -50.275486310947983, -21.593892750683899 ], [ -50.275401642799061, -21.593812066979353 ], [ -50.275316972656874, -21.593730385257327 ], [ -50.275316310671272, -21.593729750542678 ], [ -50.275231642610549, -21.59364906692219 ], [ -50.275146972467759, -21.593567385199574 ], [ -50.275062282508252, -21.593485684360175 ], [ -50.27497991839595, -21.59340530498778 ], [ -50.274897243895531, -21.593323626630006 ], [ -50.274895972095869, -21.593322385028056 ], [ -50.274810972088488, -21.593240385083636 ], [ -50.274727600187035, -21.593159990807081 ], [ -50.274645564958497, -21.593078944018647 ], [ -50.274562884235777, -21.592996263362167 ], [ -50.274480884139727, -21.592914263332062 ], [ -50.274479605827707, -21.592913000335759 ], [ -50.274396248950197, -21.592831628209577 ], [ -50.27431388394794, -21.59274926327307 ], [ -50.274313243141208, -21.592748626339542 ], [ -50.274230243131065, -21.592666626394376 ], [ -50.27422960554081, -21.592666000247643 ], [ -50.274145605532041, -21.592584000302836 ], [ -50.274062917347472, -21.59250330466536 ], [ -50.273980242845965, -21.5924216263065 ], [ -50.273977634654479, -21.592419111302686 ], [ -50.273893629124132, -21.59234004733327 ], [ -50.273810605154424, -21.592259000186989 ], [ -50.273727589360362, -21.592177984834226 ], [ -50.27372697076801, -21.592177384621962 ], [ -50.273642935940629, -21.592096315792389 ], [ -50.273560883091228, -21.592014263008231 ], [ -50.273559604782143, -21.59201300001483 ], [ -50.273475604773374, -21.591931000070019 ], [ -50.273474308587659, -21.59192974990814 ], [ -50.273390935205732, -21.591850300040424 ], [ -50.273309511288133, -21.591767895177895 ], [ -50.273308882718304, -21.591767262834182 ], [ -50.27322588270664, -21.591684262889263 ], [ -50.273142524319361, -21.591600904569557 ], [ -50.273062157626676, -21.591518553582109 ], [ -50.272979127390727, -21.591433522679285 ], [ -50.272977249308894, -21.59143163347499 ], [ -50.272893884036037, -21.591349260711524 ], [ -50.272811510702468, -21.591265894995828 ], [ -50.27281025663175, -21.591264640843207 ], [ -50.272725887551815, -21.591181264407155 ], [ -50.272643510506455, -21.591097894934933 ], [ -50.272642248919226, -21.59109663335477 ], [ -50.272558566379963, -21.591013947101882 ], [ -50.272473881828105, -21.590929262617866 ], [ -50.272472618844652, -21.590928014587334 ], [ -50.272387938490844, -21.590845326777025 ], [ -50.272303256133874, -21.590761640749019 ], [ -50.272302618650663, -21.5907610145278 ], [ -50.272217618641754, -21.590678014583656 ], [ -50.272216969028989, -21.590677384089641 ], [ -50.272131969021601, -21.590595384145217 ], [ -50.272131368427992, -21.590594807966667 ], [ -50.272044680985296, -21.590512106216046 ], [ -50.271958991694142, -21.590429406149241 ], [ -50.27187399128897, -21.590347405816377 ], [ -50.271787013826547, -21.590263427641091 ], [ -50.271785671726803, -21.590262147796846 ], [ -50.27169969098847, -21.590181165998516 ], [ -50.2716130400579, -21.590099495067179 ], [ -50.27152666891299, -21.590017095071396 ], [ -50.271441979644472, -21.589935394898141 ], [ -50.271356305259822, -21.589852709218338 ], [ -50.271271617586535, -21.589770014260257 ], [ -50.271270967975653, -21.589769383768072 ], [ -50.271186301234223, -21.589687705327304 ], [ -50.271101260148285, -21.589604642005913 ], [ -50.271018880186872, -21.589522262110275 ], [ -50.270838749599278, -21.589679824770442 ], [ -50.270783431049722, -21.589618123354764 ], [ -50.270782922778515, -21.589617559365866 ], [ -50.270705922755575, -21.589532559418913 ], [ -50.270470077093847, -21.589719440492253 ], [ -50.270546822166246, -21.589804159157001 ], [ -50.270624568775425, -21.589890876609644 ], [ -50.270626986701103, -21.589893508700293 ], [ -50.270706346588419, -21.589977828654874 ], [ -50.270783715638942, -21.590062141157549 ], [ -50.270784986501958, -21.590063508637336 ], [ -50.270864986483119, -21.590148508691708 ], [ -50.270866247547971, -21.590149832121806 ], [ -50.270947931772071, -21.590234504864974 ], [ -50.271028618134935, -21.590319175812159 ], [ -50.271030482895888, -21.590321097645678 ], [ -50.271112177424939, -21.590403788517381 ], [ -50.271194866384668, -21.590488470052307 ], [ -50.271276858895405, -21.590572462450265 ], [ -50.271278118672967, -21.590573737492175 ], [ -50.271361803368073, -21.590657422254836 ], [ -50.271444490080157, -21.590741105260559 ], [ -50.271446381370815, -21.590742985376245 ], [ -50.27153106161964, -21.590825673213203 ], [ -50.271615743868722, -21.590909359266476 ], [ -50.271617692592635, -21.590911250352242 ], [ -50.271701708950253, -21.590991313059831 ], [ -50.271785743676674, -21.59107435920734 ], [ -50.271787692401617, -21.591076250294105 ], [ -50.271872676813601, -21.591157235500521 ], [ -50.271958661237974, -21.59123922071101 ], [ -50.271959958474021, -21.591240442960004 ], [ -50.272046958470909, -21.591321443016025 ], [ -50.272133958377431, -21.591402442987892 ], [ -50.272134585950063, -21.591403023950853 ], [ -50.272222585948342, -21.591484024007233 ], [ -50.272309640599822, -21.591564074343655 ], [ -50.272310271889864, -21.591564651533165 ], [ -50.272397955271458, -21.591644363754519 ], [ -50.272483960038507, -21.591723448654566 ], [ -50.27256933320367, -21.591803915375774 ], [ -50.272652395453299, -21.591885000015083 ], [ -50.272655053307453, -21.591887531646314 ], [ -50.272738371913441, -21.591964968996354 ], [ -50.272821742543492, -21.59204735885934 ], [ -50.272822395177364, -21.592047999872609 ], [ -50.272906395168597, -21.592129999927806 ], [ -50.272907691179562, -21.592131249923057 ], [ -50.272991064460186, -21.592210699816135 ], [ -50.273072488267587, -21.592293104699397 ], [ -50.273074410590361, -21.59229501510843 ], [ -50.273156436195997, -21.592375064256416 ], [ -50.273237480485719, -21.592457096957467 ], [ -50.273320487978197, -21.592541104609484 ], [ -50.273321764990193, -21.592542381428597 ], [ -50.273338981939986, -21.592559388439696 ], [ -50.273288510064894, -21.59251199413864 ], [ -50.273208187437497, -21.592436629737556 ], [ -50.273126899008822, -21.592358315335034 ], [ -50.273124794595084, -21.5923563267853 ], [ -50.273043490066534, -21.592280971423538 ], [ -50.272963193866858, -21.592204640524969 ], [ -50.272881210971079, -21.592126656853306 ], [ -50.272880509533792, -21.592125993923965 ], [ -50.272799195793972, -21.592049638395729 ], [ -50.272718873326596, -21.591972290893047 ], [ -50.272717509354706, -21.591970993869811 ], [ -50.272635861126943, -21.591894324249239 ], [ -50.272554210612142, -21.591816656744342 ], [ -50.272552846142702, -21.591815374974541 ], [ -50.27247086910473, -21.591739324043296 ], [ -50.272390872966952, -21.591662290783443 ], [ -50.272389508996497, -21.591660993761575 ], [ -50.272307508992569, -21.591583993814581 ], [ -50.272306896733198, -21.59158342209744 ], [ -50.272222896730511, -21.591505422151464 ], [ -50.272140178257629, -21.59142868336107 ], [ -50.27205850872442, -21.591351993733657 ], [ -50.27205712616891, -21.591350711731533 ], [ -50.271974487001756, -21.591275042186719 ], [ -50.271891845517331, -21.591198374840715 ], [ -50.271891125992816, -21.59119771167893 ], [ -50.271808864153627, -21.591122387639246 ], [ -50.271725592584481, -21.591044072768359 ], [ -50.271724845252244, -21.591043374706945 ], [ -50.271642531683014, -21.590967011571969 ], [ -50.271561209538461, -21.590889656418799 ], [ -50.271479886597739, -21.590812300509292 ], [ -50.271399886872125, -21.590734276145895 ], [ -50.271320550063329, -21.590655931109119 ], [ -50.271242195663767, -21.590577576773356 ], [ -50.271165474525752, -21.590496921286512 ], [ -50.271163541201844, -21.590494926539233 ], [ -50.271085517701202, -21.590415915464767 ], [ -50.271008474336035, -21.590334921226855 ], [ -50.271005881029105, -21.590332262334616 ], [ -50.27092687337985, -21.590253254749669 ], [ -50.270849845605696, -21.590173264435865 ], [ -50.270771148834058, -21.590091579242802 ], [ -50.270693490059649, -21.590009938037287 ], [ -50.270616506162028, -21.589928955046034 ], [ -50.270615203712637, -21.589927602189661 ], [ -50.270538176437732, -21.589848599923009 ], [ -50.270462129062238, -21.58976761447656 ], [ -50.270385149203804, -21.589685635997988 ], [ -50.2703091694138, -21.589604657608739 ], [ -50.270232458959271, -21.589522966010485 ], [ -50.270156786681923, -21.589441319678677 ], [ -50.270156169144961, -21.589440657466263 ], [ -50.270080169126686, -21.589359657517956 ], [ -50.269847830721787, -21.589550342395583 ], [ -50.269923520859308, -21.589631012218536 ], [ -50.269999213147088, -21.589712680285981 ], [ -50.269999871073338, -21.589713385527769 ], [ -50.270002110893991, -21.589715770795188 ], [ -50.269774130058565, -21.589907709953529 ], [ -50.269851130043172, -21.589987710005403 ], [ -50.269851779391892, -21.589988380422849 ], [ -50.269928779378006, -21.590067380474473 ], [ -50.269931497855218, -21.590070098440883 ], [ -50.270008803802781, -21.590145422243584 ], [ -50.270060901187293, -21.590197519682938 ], [ -50.269904792481633, -21.590318004165361 ], [ -50.26997979245597, -21.590403004217507 ], [ -50.269980435338383, -21.590403728006056 ], [ -50.270056435314089, -21.59048872805867 ], [ -50.270132435214151, -21.590573728026673 ], [ -50.270133076114732, -21.590574440151709 ], [ -50.270209754338893, -21.590659085022928 ], [ -50.270285435014252, -21.5907437279627 ], [ -50.270288556786817, -21.590747111716361 ], [ -50.270366329413768, -21.590828822269238 ], [ -50.270443135314395, -21.590913505775056 ], [ -50.270444947841241, -21.590915468242571 ], [ -50.270488364197568, -21.590961632526362 ], [ -50.270454078473655, -21.590928489667601 ], [ -50.270453455550616, -21.590927890980087 ], [ -50.270363767837281, -21.590842189452282 ], [ -50.270274078272884, -21.590755489606273 ], [ -50.270272890787837, -21.590754354252208 ], [ -50.27018117376312, -21.590667621913131 ], [ -50.270091767534808, -21.590582189359452 ], [ -50.270002077971135, -21.590495489514154 ], [ -50.269912077870181, -21.590408489483298 ], [ -50.269911454948236, -21.590407890796822 ], [ -50.269821468699767, -21.590321904002067 ], [ -50.269730482452218, -21.590234917215696 ], [ -50.269640454741214, -21.59014889079447 ], [ -50.269446214002123, -21.59032669674875 ], [ -50.269381512492735, -21.590262893917735 ], [ -50.269367880946632, -21.590249262382542 ], [ -50.269162515362076, -21.590428896687438 ], [ -50.269124188974629, -21.590390570312913 ], [ -50.269039494871414, -21.590304879878282 ], [ -50.268812504975983, -21.590501120038876 ], [ -50.268897504962503, -21.590587120095542 ], [ -50.268898118707362, -21.590587737439872 ], [ -50.26898511869512, -21.590674737497608 ], [ -50.269072118593755, -21.590761737466224 ], [ -50.269157821001748, -21.590847439943428 ], [ -50.26924552529335, -21.590936140946951 ], [ -50.269246729287836, -21.590937344779871 ], [ -50.269332821075785, -21.591022447075137 ], [ -50.269418929405518, -21.591110534979091 ], [ -50.269420118096889, -21.591111737250863 ], [ -50.26950711808464, -21.591198737308584 ], [ -50.269508337048755, -21.591199942337784 ], [ -50.269594800359499, -21.591284440640358 ], [ -50.269678310469764, -21.591370898238011 ], [ -50.269680117792809, -21.591372737156707 ], [ -50.269766813413995, -21.591459432847884 ], [ -50.269852510915527, -21.591546126902628 ], [ -50.269853117590088, -21.591546737093921 ], [ -50.269939809653415, -21.591633429227251 ], [ -50.270024503641743, -21.591719119685244 ], [ -50.270025117388549, -21.591719737031511 ], [ -50.270111505403257, -21.591806125116232 ], [ -50.270195901042186, -21.591892506606165 ], [ -50.270417635921071, -21.591703016375128 ], [ -50.27045135077919, -21.591735956187776 ], [ -50.270538042118517, -21.591820654688956 ], [ -50.270623735412521, -21.591905351616081 ], [ -50.270626866693647, -21.591908357843803 ], [ -50.27071460108715, -21.591990177619717 ], [ -50.270799364996833, -21.592072970339157 ], [ -50.270800629901743, -21.592074191371289 ], [ -50.270886993513599, -21.592156584304927 ], [ -50.270972364802759, -21.592239970279657 ], [ -50.270973629708337, -21.592241191312446 ], [ -50.27106062970217, -21.59232419136907 ], [ -50.271061957265118, -21.592325442542442 ], [ -50.271148304658134, -21.592405835001809 ], [ -50.271233659835822, -21.592487220231963 ], [ -50.271234287131705, -21.592487814904214 ], [ -50.271321287127073, -21.592569814960534 ], [ -50.271525842066502, -21.592379985162072 ], [ -50.271571637304945, -21.592424236756614 ], [ -50.271659335599651, -21.592509941974754 ], [ -50.271747335499704, -21.592595941944083 ], [ -50.271748570758177, -21.592597135326386 ], [ -50.271836637194056, -21.592681243784369 ], [ -50.271923720223953, -21.592767337301776 ], [ -50.27192557055897, -21.592769135265709 ], [ -50.272013644211853, -21.592853250616344 ], [ -50.272098734202352, -21.592937351254172 ], [ -50.272099321065873, -21.592937928102984 ], [ -50.272188321056397, -21.593024928161501 ], [ -50.272273116277987, -21.593107751483384 ], [ -50.272356899503023, -21.593193506148655 ], [ -50.272359348984224, -21.593195955587564 ], [ -50.272445728479951, -21.593280349413966 ], [ -50.272530115541215, -21.5933647365426 ], [ -50.272746482625749, -21.59317548676032 ], [ -50.272757749618364, -21.593186346513132 ], [ -50.272839425663499, -21.593266030521281 ], [ -50.272920439018797, -21.593345068003249 ], [ -50.273000471605293, -21.593426088711908 ], [ -50.273002425390906, -21.593428030381091 ], [ -50.273084425382407, -21.593508030434975 ], [ -50.273085075145595, -21.593508660519994 ], [ -50.273167749151547, -21.593588346369962 ], [ -50.273248765881057, -21.593667387143363 ], [ -50.273330115083205, -21.593748736410447 ], [ -50.273332074864953, -21.593750660434193 ], [ -50.273414414994399, -21.593830024475505 ], [ -50.273495763508897, -21.593910380997983 ], [ -50.273572805975164, -21.593986422989609 ], [ -50.273584531294397, -21.593996845038735 ], [ -50.273589531295215, -21.594000845041727 ], [ -50.273740010174919, -21.59383632249137 ], [ -50.27374109695505, -21.593837288474781 ], [ -50.27379282612398, -21.593791447509325 ], [ -50.273863114941392, -21.593861736376621 ], [ -50.273864458288323, -21.593863062820709 ], [ -50.273944117887517, -21.593940730990486 ], [ -50.274023779750188, -21.594019397141775 ], [ -50.274024424694204, -21.594020030178051 ], [ -50.274106424685712, -21.594100030231935 ], [ -50.274186458004813, -21.594178062788782 ], [ -50.274187786742353, -21.594179342409468 ], [ -50.274268769110215, -21.594256374476423 ], [ -50.274348771091745, -21.594335388840861 ], [ -50.274350098785327, -21.594336683948576 ], [ -50.274432098778369, -21.594415684002151 ], [ -50.274432753012363, -21.594416310492488 ], [ -50.274515424789151, -21.594494998146569 ], [ -50.274597098595073, -21.59457368394623 ], [ -50.274598445002248, -21.594574965069846 ], [ -50.274681081331416, -21.594652623364411 ], [ -50.274764720104635, -21.594732279398453 ], [ -50.274765444819636, -21.594732965014646 ], [ -50.274848097571329, -21.594810638742388 ], [ -50.27493075255051, -21.594889310407865 ], [ -50.274932099457402, -21.594890576659097 ], [ -50.275015076896501, -21.594967627194844 ], [ -50.275097073438303, -21.595046660065837 ], [ -50.275304640878815, -21.594858303267735 ], [ -50.27536141781389, -21.594913028053163 ], [ -50.27544144084353, -21.594992063206398 ], [ -50.275523113520478, -21.595073735948787 ], [ -50.275525752239616, -21.595076310268055 ], [ -50.275608083574888, -21.595154673887439 ], [ -50.275689407424395, -21.595234014289577 ], [ -50.275773391475454, -21.595315998784109 ], [ -50.275774073030952, -21.595316659895236 ], [ -50.27585707302385, -21.595396659949515 ], [ -50.275939083492929, -21.595475706245875 ], [ -50.276020112957397, -21.59555673577475 ], [ -50.276022072750294, -21.595558659809427 ], [ -50.276105072743192, -21.595638659863692 ], [ -50.276187730663139, -21.59571833020911 ], [ -50.276271390913045, -21.595799998611536 ], [ -50.276272072469588, -21.595800659723668 ], [ -50.276355060404093, -21.595880648155394 ], [ -50.276378482587198, -21.595903233862344 ], [ -50.27617146841169, -21.59608208767456 ], [ -50.276252468398788, -21.596164087728585 ], [ -50.276253752899713, -21.596165372319696 ], [ -50.276336752889577, -21.596247372374524 ], [ -50.276337422105009, -21.596248029384263 ], [ -50.276419090272334, -21.596327705707239 ], [ -50.276499472523923, -21.596407107750974 ], [ -50.27657921779565, -21.596489806620237 ], [ -50.276581111791941, -21.596491735346159 ], [ -50.276663111780422, -21.596573735400607 ], [ -50.276663760314662, -21.596574379968018 ], [ -50.276745756336027, -21.596655376101946 ], [ -50.276786674063764, -21.596695800893446 ], [ -50.276721975990654, -21.596633386317318 ], [ -50.27650002385608, -21.59683461360321 ], [ -50.276585023848703, -21.596916613658813 ], [ -50.27667002375356, -21.596998613629726 ], [ -50.276670624181456, -21.596999189650177 ], [ -50.276757323014742, -21.597081902392713 ], [ -50.276842012089958, -21.597163602504004 ], [ -50.276906875444261, -21.597226203243757 ], [ -50.276698701185865, -21.597410322156971 ], [ -50.276788701174745, -21.597499322216461 ], [ -50.276790482220569, -21.597501054401363 ], [ -50.276881888771122, -21.597588486820616 ], [ -50.276970997264655, -21.597675615193076 ], [ -50.27706140146465, -21.597765026011114 ] ], [ [ -50.272495122208156, -21.590201667216068 ], [ -50.272576963192343, -21.590290410530731 ], [ -50.272578731370601, -21.590292294550963 ], [ -50.27266373135258, -21.590381294608424 ], [ -50.272664916512689, -21.590382521347326 ], [ -50.272750916497564, -21.590470521404928 ], [ -50.272836319976086, -21.590557911083941 ], [ -50.272920731042383, -21.590646294510975 ], [ -50.272922518698365, -21.590648134204105 ], [ -50.272924984931286, -21.590650628788627 ], [ -50.272882159100035, -21.590612942062492 ], [ -50.272784404545881, -21.590526160017053 ], [ -50.272783268922154, -21.590525161991291 ], [ -50.272683512799603, -21.590438374222142 ], [ -50.272585755697229, -21.59035258743436 ], [ -50.272584706098556, -21.590351674878455 ], [ -50.272483901444012, -21.590264843202977 ], [ -50.272386182408781, -21.590180086952511 ], [ -50.272380463932087, -21.590175111885433 ], [ -50.27242895935354, -21.590133169155166 ], [ -50.272495122208156, -21.590201667216068 ] ], [ [ -50.271105692287549, -21.591121804492577 ], [ -50.271189979158073, -21.591195183699423 ], [ -50.271272569923156, -21.59126892550448 ], [ -50.271354178333993, -21.591343651331336 ], [ -50.271435174485859, -21.591419708749179 ], [ -50.271513470230282, -21.591494089762818 ], [ -50.271591117608629, -21.591571737202607 ], [ -50.271593127222012, -21.591573709234499 ], [ -50.271672432884188, -21.591650077709428 ], [ -50.271748794263495, -21.591728397136812 ], [ -50.271750117344112, -21.591729737065208 ], [ -50.271827451192223, -21.591807070976035 ], [ -50.271904138297174, -21.591885724482527 ], [ -50.271980491607465, -21.591966044267362 ], [ -50.271981127645468, -21.591966709202495 ], [ -50.272058127630082, -21.59204670925439 ], [ -50.272058793811411, -21.592047396938902 ], [ -50.272136459446813, -21.592127054067507 ], [ -50.272213127442939, -21.592206709195715 ], [ -50.272215116786334, -21.592208736892147 ], [ -50.272292111703408, -21.592285731871936 ], [ -50.272368127258069, -21.592364709137804 ], [ -50.272370116602303, -21.59236673683511 ], [ -50.272448116591335, -21.592444736886883 ], [ -50.272448790002606, -21.592445406022186 ], [ -50.272527114466342, -21.592522739098627 ], [ -50.272604448046579, -21.592601064198639 ], [ -50.272605116328506, -21.592601736750318 ], [ -50.272682111244478, -21.592678731728977 ], [ -50.272758126798145, -21.592757708993826 ], [ -50.272760116144468, -21.592759736693271 ], [ -50.27283778076999, -21.592837401381512 ], [ -50.272915447679075, -21.592916064084331 ], [ -50.272916789453667, -21.59291740585272 ], [ -50.272995451519641, -21.592995072257974 ], [ -50.273073115859702, -21.593072736660261 ], [ -50.273151449624791, -21.593151070488872 ], [ -50.273228792508519, -21.593230396589046 ], [ -50.273230115594572, -21.593231736522942 ], [ -50.273257312962336, -21.59325893392602 ], [ -50.273226560922879, -21.593228931945372 ], [ -50.273146528229184, -21.593147911259248 ], [ -50.273144574276316, -21.593145969426946 ], [ -50.273062574267826, -21.593065969480818 ], [ -50.272980574174873, -21.592985969452304 ], [ -50.272979924242122, -21.592985339203814 ], [ -50.272897579915607, -21.592905971239368 ], [ -50.272817227305019, -21.592826610698545 ], [ -50.272816573904549, -21.592825969312891 ], [ -50.272734573896059, -21.592745969366764 ], [ -50.2726525738031, -21.592665969338242 ], [ -50.272651923871031, -21.592665339090406 ], [ -50.272569249764807, -21.59258565326601 ], [ -50.272487573617205, -21.592505969281245 ], [ -50.272485552592904, -21.592504034126328 ], [ -50.27240357269465, -21.592426992833687 ], [ -50.272322573433584, -21.592347969224988 ], [ -50.272321923502155, -21.592347338977788 ], [ -50.272238923495046, -21.592267339032045 ], [ -50.272237593893294, -21.592266073128791 ], [ -50.272153593889087, -21.592187073183119 ], [ -50.272152947005807, -21.592186468394512 ], [ -50.272068944210375, -21.592108395265548 ], [ -50.271986923218861, -21.592029338947842 ], [ -50.271986244210304, -21.592028688585838 ], [ -50.271903244204722, -21.591949688639804 ], [ -50.271902634077861, -21.591949111169352 ], [ -50.271818282416596, -21.591869721429656 ], [ -50.271735922941588, -21.59179033886328 ], [ -50.271735276560946, -21.591789719566073 ], [ -50.271651276555211, -21.591709719620706 ], [ -50.271650633800469, -21.591709111085439 ], [ -50.271566282139261, -21.59162972134579 ], [ -50.271484256658987, -21.591550660702087 ], [ -50.271402239581207, -21.591470620001871 ], [ -50.27132088232738, -21.591389262812985 ], [ -50.271320249223933, -21.591388633490489 ], [ -50.271236891733516, -21.591306268416808 ], [ -50.271156834938488, -21.591225223332344 ], [ -50.271075471587949, -21.591141875579201 ], [ -50.270995798966489, -21.591059215304153 ], [ -50.27099515697126, -21.591058553360213 ], [ -50.270914773842726, -21.590976185532135 ], [ -50.270834718629963, -21.590892177047561 ], [ -50.270809149979407, -21.590864990166104 ], [ -50.270850408074644, -21.590900423597702 ], [ -50.270936353929912, -21.590974377056064 ], [ -50.271020694808712, -21.591046811123476 ], [ -50.271104937078256, -21.591121142587344 ], [ -50.271105692287549, -21.591121804492577 ] ], [ [ -50.274728993008416, -21.591532406508623 ], [ -50.274728369547553, -21.591531808265209 ], [ -50.274641384297382, -21.591448822399364 ], [ -50.274553399053303, -21.591364836547815 ], [ -50.274466369347984, -21.591281808262998 ], [ -50.274465749246005, -21.591281220042958 ], [ -50.274378385826125, -21.591198820515284 ], [ -50.274292014849635, -21.591115427911664 ], [ -50.274290749052952, -21.591114219984487 ], [ -50.274203396666827, -21.591031830863642 ], [ -50.274116343371823, -21.590947745358765 ], [ -50.274029648462381, -21.590863043501415 ], [ -50.274029014466343, -21.59086242773532 ], [ -50.273942025311925, -21.590778438271222 ], [ -50.273854036163847, -21.590693448818271 ], [ -50.273767649741664, -21.590610041298312 ], [ -50.27368027741187, -21.590523661903767 ], [ -50.273678426904809, -21.590521863775432 ], [ -50.273590353141273, -21.590437748447432 ], [ -50.273505270098916, -21.590353654808563 ], [ -50.273496643795163, -21.590345126544296 ], [ -50.27355586843133, -21.59040035854391 ], [ -50.273556481439989, -21.590400927041735 ], [ -50.273645533620325, -21.590483053001041 ], [ -50.273732602034293, -21.590566163821695 ], [ -50.273733251561147, -21.590566780123361 ], [ -50.273821251556384, -21.590649780180364 ], [ -50.273821868050355, -21.590650358370759 ], [ -50.273909929932579, -21.590732483557478 ], [ -50.273994671599098, -21.590814269181461 ], [ -50.274082337382794, -21.590899942627413 ], [ -50.274083631164395, -21.59090119187238 ], [ -50.274170631158249, -21.590984191929 ], [ -50.274171288773829, -21.590984815518823 ], [ -50.274257958860687, -21.591066504626895 ], [ -50.274344318313119, -21.591148893591797 ], [ -50.274429693174511, -21.591231290323396 ], [ -50.274514060997873, -21.591313673085594 ], [ -50.274598743247175, -21.591397359139066 ], [ -50.274599380556502, -21.591397985190468 ], [ -50.274684380547598, -21.591480985246339 ], [ -50.274769380451204, -21.591563985216752 ], [ -50.274852752462834, -21.591645372246425 ], [ -50.274921177237111, -21.59171379708458 ], [ -50.274903369828685, -21.591696808409122 ], [ -50.274901467856509, -21.591695025229814 ], [ -50.274813745203865, -21.591614202170533 ], [ -50.274728993008416, -21.591532406508623 ] ] ], [ [ [ -50.278367598467341, -21.591582990143898 ], [ -50.278285241888383, -21.591501625876688 ], [ -50.278284604299742, -21.591500999731544 ], [ -50.278200604290994, -21.59141899978675 ], [ -50.278117916105579, -21.591338304148415 ], [ -50.278116370704829, -21.59133677736936 ], [ -50.278317303936895, -21.591141964305919 ], [ -50.2782265771108, -21.591060112988057 ], [ -50.278137821835649, -21.590976288622731 ], [ -50.278048453851213, -21.590891885589421 ], [ -50.277959371405679, -21.590805772624503 ], [ -50.277939331000056, -21.590786187710616 ], [ -50.278127881511963, -21.590621262307156 ], [ -50.278043881500174, -21.590537262362918 ], [ -50.277961196611109, -21.590454577540591 ], [ -50.277878509788216, -21.590370894559065 ], [ -50.277877248202167, -21.590369632980067 ], [ -50.277793565662236, -21.590286946726462 ], [ -50.277710881111766, -21.590204262242228 ], [ -50.277710255526188, -21.590203640348619 ], [ -50.277625569203863, -21.590119950402386 ], [ -50.277542880917231, -21.59003726218199 ], [ -50.277540991276148, -21.59003540580818 ], [ -50.277455944799506, -21.58995332613263 ], [ -50.277374195931365, -21.589871577329696 ], [ -50.277291509108004, -21.589787894347719 ], [ -50.277289617646417, -21.589786014065155 ], [ -50.277205253005384, -21.589703634539038 ], [ -50.27712188043192, -21.589620262032113 ], [ -50.277120617452482, -21.589619014005546 ], [ -50.277036887257012, -21.589537253996898 ], [ -50.276955125207969, -21.589453521846583 ], [ -50.2769538801507, -21.58945226188596 ], [ -50.27687088013905, -21.589369261941044 ], [ -50.276785880041068, -21.589284261911402 ], [ -50.276785246939063, -21.589283632590323 ], [ -50.276701246928788, -21.589200632645792 ], [ -50.276534351110911, -21.589348378220951 ], [ -50.276491137190476, -21.589302622326279 ], [ -50.276407736537756, -21.589213264563153 ], [ -50.276325035691734, -21.58912358902737 ], [ -50.276242884519533, -21.589034509523923 ], [ -50.276161716752647, -21.58894344333391 ], [ -50.276160637909648, -21.588942246166965 ], [ -50.276078637886037, -21.588852246223347 ], [ -50.275843361963219, -21.589039753688247 ], [ -50.275924819052236, -21.589129157892579 ], [ -50.27600628307065, -21.589220556633002 ], [ -50.27600796426276, -21.58922241091858 ], [ -50.276090964240503, -21.589312410975413 ], [ -50.276173964134919, -21.589402410941869 ], [ -50.276174564537925, -21.589403058093374 ], [ -50.27625856451705, -21.58949305815063 ], [ -50.27625916279721, -21.589493695382377 ], [ -50.27634416277769, -21.589583695440066 ], [ -50.276344704743828, -21.589584266241786 ], [ -50.276428432850636, -21.58967198147678 ], [ -50.276513162569202, -21.589761695374293 ], [ -50.276514930705012, -21.589763535537354 ], [ -50.276601640654356, -21.589852238892721 ], [ -50.276688332112698, -21.589941919787048 ], [ -50.276773311852267, -21.590029898885778 ], [ -50.276774519320753, -21.590031134511989 ], [ -50.276860630559597, -21.5901182356071 ], [ -50.276871489224241, -21.5901295993439 ], [ -50.276859914687044, -21.590118303712284 ], [ -50.276777240183655, -21.590036625351573 ], [ -50.276776602597906, -21.590035999209277 ], [ -50.276692602589151, -21.589953999264466 ], [ -50.276609602268408, -21.589872999012144 ], [ -50.276524929720416, -21.589790318823926 ], [ -50.276442239802059, -21.589708625233978 ], [ -50.2764409680155, -21.5897073836448 ], [ -50.276355968008119, -21.589625383700369 ], [ -50.276272603806383, -21.589544996848556 ], [ -50.276188254733782, -21.589461640183369 ], [ -50.2761863058399, -21.58945974893555 ], [ -50.276101637774858, -21.589379065310933 ], [ -50.276016967627733, -21.58929738358411 ], [ -50.275932293270607, -21.589215697796412 ], [ -50.275847616958892, -21.589133013932539 ], [ -50.275846967348677, -21.589132383441001 ], [ -50.275761967341303, -21.589050383496577 ], [ -50.275677292983403, -21.588968697708133 ], [ -50.27559261667195, -21.588886013844515 ], [ -50.275383626255277, -21.589073227171237 ], [ -50.275370767025628, -21.589061234856175 ], [ -50.275283396357217, -21.588977835644084 ], [ -50.275280787423583, -21.588975403949917 ], [ -50.27519277564771, -21.588895303402055 ], [ -50.275105746552327, -21.588813219201651 ], [ -50.275019353116619, -21.588731790954341 ], [ -50.274934625614513, -21.588650019125328 ], [ -50.274850253683361, -21.588566639870553 ], [ -50.274665121795934, -21.588730507235407 ], [ -50.274664616474269, -21.588730013803641 ], [ -50.274457241442931, -21.588915780478292 ], [ -50.27438525399063, -21.588844639984504 ], [ -50.274383305101047, -21.588842748740873 ], [ -50.274298659776449, -21.588762086786545 ], [ -50.274212012074933, -21.588678427000556 ], [ -50.274211304910018, -21.588677748682766 ], [ -50.274126636844294, -21.588597065057488 ], [ -50.274041966695975, -21.588515383329543 ], [ -50.273848847045542, -21.588690490287942 ], [ -50.273818278816307, -21.588661720196534 ], [ -50.273735919334889, -21.588582337623972 ], [ -50.273524038304409, -21.588774625351999 ], [ -50.273438991548495, -21.588695512147417 ], [ -50.273438356258879, -21.588694924586825 ], [ -50.273351996977745, -21.58861551381079 ], [ -50.273267630326181, -21.588536109961598 ], [ -50.273072282725344, -21.588717665179203 ], [ -50.273071879269729, -21.588717261723914 ], [ -50.272846120577498, -21.588914738194092 ], [ -50.272848120577216, -21.588916738195419 ], [ -50.2728494639451, -21.588918064660707 ], [ -50.272858339966632, -21.588926718794351 ], [ -50.272805630702905, -21.588877110096931 ], [ -50.272804242843897, -21.588875820308058 ], [ -50.272719242842591, -21.588797820362434 ], [ -50.27250275700392, -21.589004179561613 ], [ -50.272587058708481, -21.589081538828474 ], [ -50.27267136913936, -21.589160889880311 ], [ -50.272672056390753, -21.589161532650252 ], [ -50.272757056387931, -21.589240532704938 ], [ -50.272759197860523, -21.589242484869036 ], [ -50.272843116938368, -21.589317518449747 ], [ -50.272927056209042, -21.589395532651221 ], [ -50.272927756552633, -21.58939617942665 ], [ -50.273012756551338, -21.589474179481019 ], [ -50.273014045977128, -21.589475349042541 ], [ -50.273100042222545, -21.589552449178502 ], [ -50.273184055937847, -21.589630532569799 ], [ -50.273184756282021, -21.589631179345755 ], [ -50.273269756280733, -21.589709179400142 ], [ -50.273354756190919, -21.589787179373293 ], [ -50.273355469874382, -21.589787830071945 ], [ -50.273440111821458, -21.589864505771988 ], [ -50.273524756012421, -21.589942179319959 ], [ -50.273525469696324, -21.589942830019016 ], [ -50.273609758102417, -21.590019185452547 ], [ -50.273694055398892, -21.590097532407942 ], [ -50.273696196878561, -21.590099484578506 ], [ -50.27378083201242, -21.590175158397443 ], [ -50.273865469430007, -21.590251829993811 ], [ -50.273950171360809, -21.590328560032066 ], [ -50.274032874932928, -21.590404288657666 ], [ -50.274033469165538, -21.590404829861182 ], [ -50.274117450267021, -21.590480906912934 ], [ -50.274199449649551, -21.590557966629682 ], [ -50.274200814182208, -21.590559233110103 ], [ -50.274284483688895, -21.590635930212677 ], [ -50.274367155140467, -21.590712625469994 ], [ -50.274368537494446, -21.59071389193663 ], [ -50.27445116457654, -21.590788649825953 ], [ -50.274530824897234, -21.590864376359384 ], [ -50.274531491848414, -21.590865006497253 ], [ -50.274613491844498, -21.590942006550243 ], [ -50.274614206961139, -21.590942673688012 ], [ -50.274696206958744, -21.591018673740713 ], [ -50.274777260408236, -21.591093723309257 ], [ -50.274779274486256, -21.591095554601836 ], [ -50.274861911241615, -21.591169337470596 ], [ -50.274940580132707, -21.59124308960924 ], [ -50.274941260151003, -21.591243723179378 ], [ -50.27502191900421, -21.591318407356862 ], [ -50.27510157995939, -21.591393089556931 ], [ -50.275181236578575, -21.591467767692496 ], [ -50.275259550047721, -21.591542115978282 ], [ -50.275336151410166, -21.591615771191034 ], [ -50.275412117387425, -21.591691737228619 ], [ -50.275412817665938, -21.591692432884411 ], [ -50.275488817656779, -21.591767432934589 ], [ -50.275489514080348, -21.591768115717208 ], [ -50.275565457229618, -21.591842086375252 ], [ -50.275638717058932, -21.591916323062851 ], [ -50.275711022136768, -21.591991599645759 ], [ -50.275940977711159, -21.59179840026945 ], [ -50.275907951013608, -21.591764016353185 ], [ -50.276043460686921, -21.591639080525425 ], [ -50.276098117370282, -21.591693737240856 ], [ -50.276293115676118, -21.591523174152176 ], [ -50.276335431745274, -21.591566047032703 ], [ -50.276338895314971, -21.591569443825339 ], [ -50.276416841417415, -21.591643443345742 ], [ -50.276492461680618, -21.591718081586038 ], [ -50.276568117245262, -21.591793737211269 ], [ -50.276774067242485, -21.591613595020885 ], [ -50.276793823977471, -21.591632376117719 ], [ -50.276794490930598, -21.591633006257425 ], [ -50.276876490926689, -21.591710006310418 ], [ -50.276877206045498, -21.591710673450208 ], [ -50.276958510484903, -21.591786028839241 ], [ -50.277038823711173, -21.591862376036914 ], [ -50.277039490664826, -21.591863006177114 ], [ -50.277121490660925, -21.591940006230114 ], [ -50.277203490571942, -21.592017006203228 ], [ -50.277284177621411, -21.592092712642959 ], [ -50.27736482335574, -21.592169375929021 ], [ -50.277556095068682, -21.591993382521554 ], [ -50.27762811179165, -21.592062732006752 ], [ -50.277705116826127, -21.592139737102404 ], [ -50.277785116733952, -21.592219737074529 ], [ -50.278010883113247, -21.592022262843475 ], [ -50.27793088310203, -21.591942262896573 ], [ -50.277852883010134, -21.591864262867396 ], [ -50.277850873227088, -21.591862290672132 ], [ -50.277790869751897, -21.59180450960357 ], [ -50.277792543367411, -21.591806108836025 ], [ -50.277793250069585, -21.591806779742967 ], [ -50.277881250064844, -21.591889779799967 ], [ -50.27788247966658, -21.591890926580646 ], [ -50.277972479664612, -21.591973926638353 ], [ -50.278158965153445, -21.59179705343519 ], [ -50.278229052987278, -21.591864638174719 ], [ -50.278311413042545, -21.591944021426777 ], [ -50.278393757665754, -21.592025374009879 ], [ -50.278394395083112, -21.59202599998779 ], [ -50.278478395074373, -21.592108000042995 ], [ -50.27847907662369, -21.592108661148142 ], [ -50.278562076616602, -21.592188661202385 ], [ -50.278783923230144, -21.591987338718223 ], [ -50.278701265120766, -21.591907668312427 ], [ -50.278617924473274, -21.591826312029294 ], [ -50.278535242171145, -21.591744625963798 ], [ -50.27853392294724, -21.591743338631698 ], [ -50.278450934911959, -21.59166335022503 ], [ -50.278367598467341, -21.591582990143898 ] ], [ [ -50.275812485595466, -21.591415884143551 ], [ -50.275811792973428, -21.591415213851217 ], [ -50.275733792967038, -21.591340213902143 ], [ -50.275655792880066, -21.591265213875594 ], [ -50.275655104315, -21.591264555998322 ], [ -50.27557786558156, -21.591191228142886 ], [ -50.275503567865861, -21.591115952886057 ], [ -50.275500819883689, -21.591113239962777 ], [ -50.275422514433643, -21.591037908195297 ], [ -50.275345199711381, -21.590961584747184 ], [ -50.275344521071936, -21.590960919063026 ], [ -50.275266206006215, -21.590884586716911 ], [ -50.275188881744008, -21.590807262516385 ], [ -50.275187503085924, -21.59080590165544 ], [ -50.275111203228931, -21.590731558263901 ], [ -50.275034846248239, -21.590652264542172 ], [ -50.2750308717862, -21.590648290272412 ], [ -50.274950544189146, -21.590570937831046 ], [ -50.274872216262715, -21.59049360145795 ], [ -50.274791553980535, -21.590413935069623 ], [ -50.2747122122584, -21.590334593411303 ], [ -50.274633541083659, -21.590254926463835 ], [ -50.274552524853505, -21.59017291009787 ], [ -50.274551224228532, -21.590171609579691 ], [ -50.274470224218675, -21.590091609633177 ], [ -50.274469570823136, -21.590090968252333 ], [ -50.274388888268263, -21.590012253626803 ], [ -50.27431017145669, -21.589931568961077 ], [ -50.274307554140712, -21.589928952104991 ], [ -50.274226578238981, -21.589849975669576 ], [ -50.274142602322534, -21.589767999243435 ], [ -50.274061556897131, -21.589688930588629 ], [ -50.273981524194163, -21.589607909893122 ], [ -50.273978944422943, -21.589605361061849 ], [ -50.273895587937282, -21.589524981655444 ], [ -50.273856283571995, -21.589486162575081 ], [ -50.27391336868358, -21.589539889764335 ], [ -50.273997696153749, -21.589619256854185 ], [ -50.274082032113469, -21.589700616312314 ], [ -50.274083368408235, -21.58970188962472 ], [ -50.274167381847946, -21.589780961156524 ], [ -50.274249413424521, -21.589861016130051 ], [ -50.274250031838989, -21.589861616170673 ], [ -50.274334066570631, -21.589942685033339 ], [ -50.274415119318562, -21.590023737845694 ], [ -50.274417079079797, -21.590025661849328 ], [ -50.274499419216767, -21.59010502589787 ], [ -50.274580763753711, -21.590185378491292 ], [ -50.274663759752791, -21.590267374603389 ], [ -50.274664428956569, -21.590268031601685 ], [ -50.274746428948085, -21.590348031655569 ], [ -50.274827769545873, -21.590427388398485 ], [ -50.274908118754041, -21.590507737670748 ], [ -50.274988118660332, -21.590587737641389 ], [ -50.274989428583801, -21.590589031487202 ], [ -50.275070437967265, -21.590668065094203 ], [ -50.27514946665633, -21.590748081706586 ], [ -50.27515142839686, -21.590750031429771 ], [ -50.275233109090912, -21.590829719973925 ], [ -50.27531178334646, -21.590907398413943 ], [ -50.275392774891252, -21.59098739012634 ], [ -50.275471120313682, -21.591064743898762 ], [ -50.27554945802607, -21.591144073292163 ], [ -50.275550782915928, -21.591145398176085 ], [ -50.275630111689757, -21.59122373540264 ], [ -50.275707449466303, -21.591302064752757 ], [ -50.275708117745843, -21.591302737302041 ], [ -50.275787117734744, -21.591381737354475 ], [ -50.275865117643384, -21.591459737325831 ], [ -50.275942782189766, -21.591537401934925 ], [ -50.276020449099939, -21.591616064638853 ], [ -50.276021117381092, -21.591616737189753 ], [ -50.276021320724979, -21.591616940533953 ], [ -50.27596643163897, -21.591564866300629 ], [ -50.27588914052707, -21.59149054798036 ], [ -50.275812485595466, -21.591415884143551 ] ] ], [ [ [ -50.271230925792267, -21.589654127366774 ], [ -50.271223077857677, -21.589642661091045 ], [ -50.271207675561854, -21.589624483105407 ], [ -50.271200505315647, -21.589612777057319 ], [ -50.271197351007132, -21.589599612725994 ], [ -50.271198493984187, -21.589586164305832 ], [ -50.271199064119031, -21.589583878819894 ], [ -50.271197781135974, -21.589567106788699 ], [ -50.271193558171142, -21.589549587668781 ], [ -50.271193267767529, -21.589548295120437 ], [ -50.271187658103997, -21.589521377590639 ], [ -50.271187600452649, -21.589521096205814 ], [ -50.271186056697282, -21.589513429988319 ], [ -50.27112173797898, -21.589570352421163 ], [ -50.271207427887283, -21.589655046002452 ], [ -50.271276794591948, -21.589724412762912 ], [ -50.271267283240149, -21.58971197991001 ], [ -50.271266037745661, -21.589710270450524 ], [ -50.27125277165414, -21.589691135227046 ], [ -50.27125149076705, -21.589689180736023 ], [ -50.271239442874979, -21.589669704434872 ], [ -50.271238158807201, -21.589667488201194 ], [ -50.271230925792267, -21.589654127366774 ] ] ], [ [ [ -50.271157024278587, -21.588359845776683 ], [ -50.271182198371747, -21.588347244606357 ], [ -50.271183150528358, -21.588346759385779 ], [ -50.271208147538481, -21.588333793029648 ], [ -50.271208994274019, -21.588333346842138 ], [ -50.271233832334346, -21.588320052352451 ], [ -50.271234575694564, -21.588319648978203 ], [ -50.271259272942949, -21.588306063590899 ], [ -50.271259914917351, -21.58830570627623 ], [ -50.27128448952309, -21.588291867399441 ], [ -50.271285031957028, -21.588291558897883 ], [ -50.2713094729787, -21.588277520852589 ], [ -50.27131009159757, -21.588277161523123 ], [ -50.271358830341988, -21.588248532779666 ], [ -50.271359374930071, -21.588248209722881 ], [ -50.271407802942164, -21.588219198086154 ], [ -50.271408265063357, -21.588218918924408 ], [ -50.271456416436436, -21.588189588340192 ], [ -50.271456899231147, -21.588189291683396 ], [ -50.271504771935454, -21.588159619705699 ], [ -50.271505274462662, -21.588159305404179 ], [ -50.271551003903177, -21.588130445317866 ], [ -50.271536067120998, -21.588116515520049 ], [ -50.271450988958335, -21.588034405262373 ], [ -50.271229010888469, -21.588235594658112 ], [ -50.271247381775922, -21.588253324720831 ], [ -50.271086232654007, -21.5883925881629 ], [ -50.271102563918731, -21.588385448690062 ], [ -50.271103843654288, -21.588384874881999 ], [ -50.271129426477529, -21.588373114451837 ], [ -50.27113059535214, -21.588372564808896 ], [ -50.27115596469141, -21.588360365682576 ], [ -50.271157024278587, -21.588359845776683 ] ] ], [ [ [ -50.271696463088311, -21.588035110889567 ], [ -50.271743171397027, -21.588003235296277 ], [ -50.271743751120248, -21.588002835524744 ], [ -50.271790296932828, -21.587970402690342 ], [ -50.271790742076263, -21.587970090022406 ], [ -50.271809806238799, -21.587956591931807 ], [ -50.271796222888355, -21.587943671193514 ], [ -50.271713239562281, -21.587864687123112 ], [ -50.271631206017041, -21.587786655262871 ], [ -50.271410793829652, -21.58798934465862 ], [ -50.271492777046738, -21.588067328752878 ], [ -50.271555845363253, -21.588127357677482 ], [ -50.271600765649133, -21.588098473123409 ], [ -50.271601303588433, -21.588098123859425 ], [ -50.271648431706943, -21.588067229169962 ], [ -50.271648985152623, -21.58806686273579 ], [ -50.271695895694812, -21.58803549418662 ], [ -50.271696463088311, -21.588035110889567 ] ] ] ] } }
]
}
