{
"type": "FeatureCollection",
"name": "305079_SITIO_NOSSA_SENHORA_APARECIDA_17-04-2026_30-06-2026_14h51m",
"crs": { "type": "name", "properties": { "name": "urn:ogc:def:crs:OGC:1.3:CRS84" } },
"features": [
{ "type": "Feature", "properties": { "CHAVE": "3050792", "FAZENDA": "305079", "NOME_FAZ": "SITIO NOSSA SENHORA APARECIDA", "ZONA": 999.0, "TALHAO": 2.0, "AREA_TOTAL": 5.8866402108017359, "TIPO_GEO": "TALHAO", "DATA_INICI": null, "DATA_FINAL": null, "HORA_INICI": null, "HORA_FINAL": null, "CLASSE": null, "PILOTO": null, "AERONAVE": null, "AREA_HA": null }, "geometry": { "type": "Polygon", "coordinates": [ [ [ -50.263462570228924, -21.58501779976471 ], [ -50.26350289734382, -21.585066070247308 ], [ -50.263543127656831, -21.585111380882207 ], [ -50.263583261165323, -21.585153731669511 ], [ -50.263615576195321, -21.58518738801201 ], [ -50.263640072735818, -21.585212349914009 ], [ -50.263656750778324, -21.585228617378799 ], [ -50.263672649854314, -21.585242305448709 ], [ -50.26367786938922, -21.585246962499209 ], [ -50.263682868252694, -21.585251666578326 ], [ -50.263687064114649, -21.585257696863245 ], [ -50.263690617485715, -21.585266286900882 ], [ -50.263695661897025, -21.585280018449311 ], [ -50.263699791697825, -21.58529153898602 ], [ -50.263702996015525, -21.58530117484332 ], [ -50.263705274850018, -21.585308926021312 ], [ -50.263706628201028, -21.585314792520208 ], [ -50.26370705606832, -21.585318774339704 ], [ -50.263707907972524, -21.585324839257112 ], [ -50.263708332009521, -21.58532692235481 ], [ -50.263709351461522, -21.585330100217906 ], [ -50.263711066640411, -21.585334388009308 ], [ -50.263713798329626, -21.585340468291204 ], [ -50.263721606228913, -21.585356789046603 ], [ -50.263725105085612, -21.585362735988305 ], [ -50.263729005450521, -21.585368229575515 ], [ -50.26373330732352, -21.585373269808208 ], [ -50.263738010704714, -21.58537785668641 ], [ -50.263742476609828, -21.585381852111606 ], [ -50.263746705039011, -21.585385256083711 ], [ -50.263750695992023, -21.585388068602906 ], [ -50.26375444946882, -21.58539028966911 ], [ -50.263759129140922, -21.585392306915512 ], [ -50.263764735008422, -21.585394120342102 ], [ -50.26377126707122, -21.585395729948715 ], [ -50.263778725329324, -21.58539713573531 ], [ -50.263786412525022, -21.585398155923023 ], [ -50.263794328658122, -21.585398790511604 ], [ -50.263802473728624, -21.585399039501219 ], [ -50.263817544855918, -21.585398827415919 ], [ -50.263826848369561, -21.585398873020889 ], [ -50.263833837838419, -21.585399784770903 ], [ -50.263860153252715, -21.58540354588531 ], [ -50.263895561816831, -21.585408765303697 ], [ -50.263912858155777, -21.585411415177862 ], [ -50.263949849069114, -21.585421641526807 ], [ -50.264031396852417, -21.585444406214414 ], [ -50.264078789298821, -21.585457217457801 ], [ -50.26412715646002, -21.585469869948017 ], [ -50.264176498336113, -21.585482363684108 ], [ -50.264303237298797, -21.585513451696794 ], [ -50.26449260095972, -21.585569630069198 ], [ -50.26457485247952, -21.585593384415606 ], [ -50.264663986773122, -21.585618526162605 ], [ -50.264760003846931, -21.585645055299409 ], [ -50.2650177719147, -21.585714992648782 ], [ -50.265231020830811, -21.585778952711006 ], [ -50.265320302327517, -21.585804292990211 ], [ -50.265413772705124, -21.585829449389212 ], [ -50.26551143196572, -21.585854421901011 ], [ -50.265613280111218, -21.585879210518414 ], [ -50.265701654624223, -21.585899598248417 ], [ -50.265776555490213, -21.585915585112115 ], [ -50.265837982697718, -21.585927171127501 ], [ -50.265958224108374, -21.585945190055192 ], [ -50.266098813582254, -21.585968798178143 ], [ -50.26608130048534, -21.585941602810642 ], [ -50.266035497844818, -21.585795391963192 ], [ -50.265989329512834, -21.585632150405736 ], [ -50.26594746091876, -21.585426282908188 ], [ -50.265933992343221, -21.585406022270703 ], [ -50.265926505279118, -21.585394350685213 ], [ -50.265918136781224, -21.585380370087098 ], [ -50.26590888685022, -21.58536408047631 ], [ -50.265898755486823, -21.585345481852709 ], [ -50.265860411375918, -21.585272769861515 ], [ -50.26585654971052, -21.585265187784707 ], [ -50.265853151231127, -21.585258200790513 ], [ -50.265850215937427, -21.585251808878805 ], [ -50.265847743829319, -21.585246012049716 ], [ -50.265845086731822, -21.585238010921906 ], [ -50.265842244644922, -21.585227805495318 ], [ -50.265839217568718, -21.5852153957699 ], [ -50.265836005503523, -21.585200781745705 ], [ -50.265832678721523, -21.585184300963899 ], [ -50.265829237222817, -21.585165953424312 ], [ -50.26582568100752, -21.585145739127015 ], [ -50.265822010075823, -21.585123658072014 ], [ -50.26581868329432, -21.585102670400101 ], [ -50.265815700662721, -21.585082776111317 ], [ -50.265813062180918, -21.585063975205706 ], [ -50.26581076784862, -21.585046267683317 ], [ -50.265808817666418, -21.585030160237011 ], [ -50.265807211634119, -21.585015652866897 ], [ -50.265805949751517, -21.585002745573007 ], [ -50.265805032018619, -21.584991438355395 ], [ -50.265804056927422, -21.584980877840209 ], [ -50.265803024477918, -21.58497106402751 ], [ -50.26580193467003, -21.584961996917311 ], [ -50.265799783733613, -21.58494572945321 ], [ -50.265798923359021, -21.584938155748009 ], [ -50.265798076554262, -21.584929651599801 ], [ -50.265666830170858, -21.584277590256914 ], [ -50.265594732161325, -21.583971007223983 ], [ -50.265256458395022, -21.58390075077341 ], [ -50.264764502699421, -21.583798423051608 ], [ -50.264524127470224, -21.583749581502005 ], [ -50.264262646063024, -21.583697539856708 ], [ -50.263980058521021, -21.583642298017601 ], [ -50.263220479797205, -21.583496122912099 ], [ -50.263027750663625, -21.583455588463313 ], [ -50.26295913129352, -21.583441463064304 ], [ -50.262898846097031, -21.583429397967716 ], [ -50.262846895069124, -21.583419393182513 ], [ -50.262803278205716, -21.583411448716415 ], [ -50.262767723886519, -21.58340540227951 ], [ -50.262740232108918, -21.583401253876911 ], [ -50.262720802870923, -21.583399003512515 ], [ -50.262709436171519, -21.583398651189007 ], [ -50.262700311369422, -21.58339856123451 ], [ -50.262693428464416, -21.583398733649201 ], [ -50.262688787456725, -21.583399168433601 ], [ -50.262686388346218, -21.583399865587616 ], [ -50.26268381175462, -21.583401532823309 ], [ -50.262681057681924, -21.583404170140604 ], [ -50.262678126127923, -21.583407777539513 ], [ -50.262675017092718, -21.58341235501991 ], [ -50.262670836741023, -21.583420181029005 ], [ -50.262665585072121, -21.583431255566612 ], [ -50.26265926208572, -21.583445578632713 ], [ -50.262651867780725, -21.583463150226997 ], [ -50.262645448848026, -21.583486580165509 ], [ -50.262640005287011, -21.583515868448313 ], [ -50.262635537097523, -21.583551015075507 ], [ -50.262632044279719, -21.583592020047007 ], [ -50.26263042746622, -21.583633549147113 ], [ -50.262630686658724, -21.583675602375809 ], [ -50.262632821858816, -21.583718179733321 ], [ -50.262636833068122, -21.583761281219303 ], [ -50.262641714779221, -21.583802112131313 ], [ -50.262647466992618, -21.583840672469204 ], [ -50.262654089708825, -21.583876962232917 ], [ -50.262661582928324, -21.583910981422406 ], [ -50.262671365080223, -21.583945662498014 ], [ -50.26268343616622, -21.583981005459204 ], [ -50.26269779618822, -21.584017010305612 ], [ -50.26271444514822, -21.584053677036614 ], [ -50.262736505419525, -21.584093744955222 ], [ -50.262763977008127, -21.584137214059307 ], [ -50.262796859920719, -21.584184084346308 ], [ -50.262835154165018, -21.584234355813209 ], [ -50.26288036595232, -21.584292186219106 ], [ -50.262932495297719, -21.584357575558613 ], [ -50.262991542218622, -21.584430523825514 ], [ -50.263057506734519, -21.584511031012909 ], [ -50.263170584317123, -21.584648777799611 ], [ -50.263217697348225, -21.584706017411101 ], [ -50.263320311740067, -21.584830407589656 ], [ -50.263422146314419, -21.584966569434414 ], [ -50.263462570228924, -21.58501779976471 ] ] ] } },
{ "type": "Feature", "properties": { "CHAVE": "3050793", "FAZENDA": "305079", "NOME_FAZ": "SITIO NOSSA SENHORA APARECIDA", "ZONA": 999.0, "TALHAO": 3.0, "AREA_TOTAL": 0.47424833934655197, "TIPO_GEO": "TALHAO", "DATA_INICI": null, "DATA_FINAL": null, "HORA_INICI": null, "HORA_FINAL": null, "CLASSE": null, "PILOTO": null, "AERONAVE": null, "AREA_HA": null }, "geometry": { "type": "Polygon", "coordinates": [ [ [ -50.266827863905533, -21.585633332533188 ], [ -50.26682900300294, -21.585629466253597 ], [ -50.266830876865995, -21.58562252071669 ], [ -50.266831574295828, -21.585619563217467 ], [ -50.26683279309114, -21.585612717502091 ], [ -50.266834630931697, -21.585597622077621 ], [ -50.266835390030209, -21.585590017113521 ], [ -50.266835762764202, -21.585582627145421 ], [ -50.266835774929561, -21.585579586022494 ], [ -50.266835555745033, -21.585574762164903 ], [ -50.266833840231001, -21.58555267209211 ], [ -50.266833512079813, -21.585549539387095 ], [ -50.266831833150455, -21.585540788721616 ], [ -50.266831554515328, -21.585539664355021 ], [ -50.266831058605561, -21.585538174573127 ], [ -50.266830188482295, -21.585536239662172 ], [ -50.266824458127459, -21.585525121290072 ], [ -50.26682296759666, -21.585522507688836 ], [ -50.266821380142446, -21.585520410664977 ], [ -50.266820329256852, -21.585519378696411 ], [ -50.266818054347198, -21.585517413746789 ], [ -50.266817098486293, -21.585516693124099 ], [ -50.266815988251494, -21.585516010164703 ], [ -50.266814904611479, -21.585515535210352 ], [ -50.266812925315229, -21.585514877075141 ], [ -50.266811698594083, -21.585514666188018 ], [ -50.266809941265734, -21.58551457163157 ], [ -50.266807871729796, -21.585514605157158 ], [ -50.266801304813299, -21.585514927092632 ], [ -50.266797262679944, -21.585515000089153 ], [ -50.26679045538269, -21.585514996074167 ], [ -50.266769793939972, -21.585514763977589 ], [ -50.266761083691215, -21.585514831723984 ], [ -50.266733121670683, -21.585515586246146 ], [ -50.266664965110252, -21.585518085714057 ], [ -50.266641910652154, -21.585518808924018 ], [ -50.266632376417476, -21.585518995469172 ], [ -50.266618513506344, -21.585519101007478 ], [ -50.266607084442221, -21.585518997821563 ], [ -50.26659568993378, -21.585518561267996 ], [ -50.266572050155233, -21.585517125000141 ], [ -50.266558959230913, -21.58551620958605 ], [ -50.266542594961251, -21.585514863736456 ], [ -50.26652329710975, -21.585513038604624 ], [ -50.2664878856787, -21.585509500156647 ], [ -50.266475765989455, -21.585508082858691 ], [ -50.266466594635759, -21.585506593476335 ], [ -50.266462406942509, -21.585505807923585 ], [ -50.266457171253769, -21.585504688581473 ], [ -50.266448979568835, -21.585502755382532 ], [ -50.266443302691023, -21.58550127737746 ], [ -50.266429219413617, -21.585497059967128 ], [ -50.266425145407659, -21.585495712704091 ], [ -50.266420939968057, -21.585494155751128 ], [ -50.266403751880972, -21.585486865008896 ], [ -50.266348955565114, -21.585463152463468 ], [ -50.266270796768829, -21.585428873306242 ], [ -50.266262187403967, -21.585425240140971 ], [ -50.266255658419077, -21.585422633503288 ], [ -50.266251703819385, -21.58542110670566 ], [ -50.266245961486185, -21.585419078183023 ], [ -50.266233404262422, -21.585415063307927 ], [ -50.266226791856482, -21.585413133098676 ], [ -50.266221705216637, -21.58541185593338 ], [ -50.266213297954828, -21.585409955917886 ], [ -50.266201753237787, -21.585407725868283 ], [ -50.266184738259618, -21.585404643116249 ], [ -50.266175002051995, -21.585402961549949 ], [ -50.266163470705706, -21.585401296152281 ], [ -50.266156402396014, -21.585400584914588 ], [ -50.266142937409526, -21.585399814434073 ], [ -50.266137906453139, -21.585399713619481 ], [ -50.266134535182445, -21.585399767542427 ], [ -50.266129031100441, -21.585399938214131 ], [ -50.266121914240998, -21.585400349480125 ], [ -50.266101293244674, -21.585401973007841 ], [ -50.266087836171039, -21.585403169826343 ], [ -50.266081608973373, -21.585403842307514 ], [ -50.266076281284448, -21.585404590148389 ], [ -50.266068729227626, -21.585405851229233 ], [ -50.266065689346625, -21.58540646677006 ], [ -50.266061063312144, -21.585407677324493 ], [ -50.26605777705258, -21.585408719629374 ], [ -50.266041137923168, -21.585414775813746 ], [ -50.266036335136263, -21.585416591608553 ], [ -50.266034825142398, -21.585417237265723 ], [ -50.266030903008271, -21.585419778608713 ], [ -50.266012085822524, -21.585432321288163 ], [ -50.266010725669204, -21.585433468076921 ], [ -50.266007511514985, -21.585436666902186 ], [ -50.265995417466939, -21.585449325540051 ], [ -50.265993398438134, -21.585451647131723 ], [ -50.265992407589913, -21.585452919492067 ], [ -50.265990311901945, -21.585456191850639 ], [ -50.265989840143924, -21.585457203309279 ], [ -50.26598954637727, -21.585458124236748 ], [ -50.265989246193385, -21.585459819322661 ], [ -50.265989101110364, -21.585464070684697 ], [ -50.265989379819757, -21.585467227185923 ], [ -50.26599028871599, -21.585472542040488 ], [ -50.265991242063677, -21.585477283761492 ], [ -50.265997295546128, -21.585503774077928 ], [ -50.266000123639948, -21.585515212359166 ], [ -50.26600427257091, -21.585530629038693 ], [ -50.266025459847867, -21.585603980344754 ], [ -50.266027752092555, -21.585612207300699 ], [ -50.266028930509165, -21.585616765910395 ], [ -50.266030756124962, -21.585624467582289 ], [ -50.26603283965909, -21.585634766440116 ], [ -50.26603831294927, -21.585664927354273 ], [ -50.266038422994981, -21.585665888879952 ], [ -50.266038456017071, -21.585668681873386 ], [ -50.266038289598455, -21.585676125041573 ], [ -50.266037117513434, -21.585709641646403 ], [ -50.26603695640032, -21.585719200506137 ], [ -50.266037197773194, -21.585726641527462 ], [ -50.266037509635581, -21.585731365431265 ], [ -50.266038265861638, -21.585737975679784 ], [ -50.266039765100636, -21.585748585819012 ], [ -50.266041270491669, -21.585757489230968 ], [ -50.266044533885271, -21.585772826492391 ], [ -50.266047005829073, -21.585783329233713 ], [ -50.266060298280138, -21.585838098738698 ], [ -50.266062649865532, -21.585848234767724 ], [ -50.266065176247608, -21.585859665149219 ], [ -50.266066553913916, -21.585866178254872 ], [ -50.266068057955593, -21.585874165264599 ], [ -50.26607096012917, -21.585892199558007 ], [ -50.26607177425754, -21.585896174214714 ], [ -50.266072819353909, -21.585900041265003 ], [ -50.266073353248501, -21.585901640696843 ], [ -50.266074151986345, -21.58590363394417 ], [ -50.266077484843784, -21.585910455230472 ], [ -50.266078984325688, -21.585912996620404 ], [ -50.266081556959506, -21.585916628861206 ], [ -50.266085050473251, -21.585921037956435 ], [ -50.266097771361409, -21.585935719296863 ], [ -50.266103015248973, -21.585941465928904 ], [ -50.266105884611171, -21.585944386507336 ], [ -50.26611081194288, -21.58594916460709 ], [ -50.266112963980973, -21.585951114086228 ], [ -50.266116536939492, -21.58595414352224 ], [ -50.266126558829093, -21.585962033704291 ], [ -50.266134130329135, -21.585967843085708 ], [ -50.266139056435264, -21.585971322635672 ], [ -50.266141589568122, -21.585972842141047 ], [ -50.266143308325333, -21.585973640039114 ], [ -50.266180966497323, -21.585989728304739 ], [ -50.266188303221668, -21.585992602125369 ], [ -50.266198383241793, -21.585996142025685 ], [ -50.266206831878222, -21.585998827016507 ], [ -50.266316705912516, -21.586031696436052 ], [ -50.266330289488181, -21.586036003137011 ], [ -50.266338788474201, -21.586038889832807 ], [ -50.266355304933334, -21.586044854884697 ], [ -50.266365853379483, -21.586048923055095 ], [ -50.26637754160592, -21.586053667735467 ], [ -50.26641338053058, -21.586068784428782 ], [ -50.266422630005025, -21.586072537130256 ], [ -50.266435096709607, -21.586077157531861 ], [ -50.266439292563625, -21.586078579299215 ], [ -50.266444768485222, -21.586080289209644 ], [ -50.266461400721262, -21.586084994868777 ], [ -50.266470561200343, -21.586087358948213 ], [ -50.266478062057296, -21.586089049024842 ], [ -50.266487359976097, -21.586091001160383 ], [ -50.266493661797071, -21.586092237880482 ], [ -50.266509406883479, -21.586095133949417 ], [ -50.26655504260188, -21.586103233327265 ], [ -50.266575621858472, -21.586106832278578 ], [ -50.266590423639549, -21.586109328294551 ], [ -50.26659628332628, -21.586110230646838 ], [ -50.266599156942021, -21.586110572521957 ], [ -50.266603039468869, -21.586110741019361 ], [ -50.266604341599077, -21.5861107011917 ], [ -50.266606587990964, -21.586110271053915 ], [ -50.266607478281536, -21.586109912859175 ], [ -50.266609452015402, -21.586108796481323 ], [ -50.266610601301615, -21.586108034209449 ], [ -50.266612141706823, -21.586106566788096 ], [ -50.266614902989367, -21.586103187879306 ], [ -50.266617171131216, -21.586100060190869 ], [ -50.266622794803261, -21.586091972989447 ], [ -50.266626270629743, -21.586086651347728 ], [ -50.26662785049767, -21.586084009541466 ], [ -50.266631138364119, -21.586078199472613 ], [ -50.266634493165668, -21.586071896485613 ], [ -50.26664761827837, -21.586045909867703 ], [ -50.266650669920253, -21.586039704376212 ], [ -50.266654505653186, -21.58603158439066 ], [ -50.266657019387154, -21.586025776777138 ], [ -50.266675220060264, -21.585981919710409 ], [ -50.266682811316151, -21.585964070581593 ], [ -50.266687354050738, -21.585953550599712 ], [ -50.266689619940507, -21.585948538507157 ], [ -50.266691001114424, -21.585945742645482 ], [ -50.266693010685117, -21.585942128083797 ], [ -50.266693975659642, -21.585940612711166 ], [ -50.266695401877008, -21.585938769511216 ], [ -50.26670091798858, -21.585933137085945 ], [ -50.266706501665979, -21.585927807654691 ], [ -50.266720714901311, -21.585914741521702 ], [ -50.26672168772744, -21.585913556711354 ], [ -50.266723225583846, -21.585910965036334 ], [ -50.266724653230334, -21.58590792491978 ], [ -50.266726942812205, -21.585902417370807 ], [ -50.266730075656746, -21.585894348400597 ], [ -50.266733881435563, -21.585883729954311 ], [ -50.266751851155981, -21.585831996199815 ], [ -50.266758219154113, -21.585814529300638 ], [ -50.266761272617039, -21.585806813043643 ], [ -50.26677624400687, -21.585770785308814 ], [ -50.266780064041697, -21.585761259116886 ], [ -50.266791314049762, -21.585731848245842 ], [ -50.266813814641232, -21.585672087302129 ], [ -50.266822957497013, -21.585647470801298 ], [ -50.266826815653602, -21.585636542506723 ], [ -50.266827863905533, -21.585633332533188 ] ] ] } },
{ "type": "Feature", "properties": { "CHAVE": "3050791", "FAZENDA": "305079", "NOME_FAZ": "SITIO NOSSA SENHORA APARECIDA", "ZONA": 999.0, "TALHAO": 1.0, "AREA_TOTAL": 3.0268657024662011, "TIPO_GEO": "TALHAO", "DATA_INICI": null, "DATA_FINAL": null, "HORA_INICI": null, "HORA_FINAL": null, "CLASSE": null, "PILOTO": null, "AERONAVE": null, "AREA_HA": null }, "geometry": { "type": "Polygon", "coordinates": [ [ [ -50.260065002530929, -21.583602036777613 ], [ -50.26007572244832, -21.583648242010408 ], [ -50.260087783370224, -21.583692893135616 ], [ -50.260101185297621, -21.583735990153002 ], [ -50.260115928231116, -21.58377753306231 ], [ -50.260133919024021, -21.583822324929802 ], [ -50.260155157680323, -21.583870365754414 ], [ -50.260179644204818, -21.5839216555351 ], [ -50.260249369605212, -21.584058805934728 ], [ -50.260307924843318, -21.584190082376907 ], [ -50.260332894609917, -21.584243202539717 ], [ -50.260359563725928, -21.584297255552109 ], [ -50.260387932193822, -21.584352241413509 ], [ -50.260418000015925, -21.584408160123004 ], [ -50.26044350494972, -21.584455214076211 ], [ -50.260464446986319, -21.584493403275211 ], [ -50.260480826118631, -21.584522727721712 ], [ -50.260492642340822, -21.584543187416809 ], [ -50.260504024458932, -21.584559741601705 ], [ -50.260514972471825, -21.58457239027641 ], [ -50.260525486378718, -21.584581133441016 ], [ -50.260535566178518, -21.584585971095706 ], [ -50.260560609647214, -21.584591787871403 ], [ -50.260600616787215, -21.584598583761501 ], [ -50.260655587601924, -21.584606358755412 ], [ -50.260778299329921, -21.584621740916702 ], [ -50.260833033097271, -21.584628702914308 ], [ -50.260867325154415, -21.584637502372807 ], [ -50.261006599460877, -21.584673687828502 ], [ -50.261173787811224, -21.584719473944006 ], [ -50.26124457548012, -21.584737870117404 ], [ -50.261319377519222, -21.584756375447114 ], [ -50.261398193930418, -21.584774989927705 ], [ -50.261606156828329, -21.584822014875403 ], [ -50.262231826476487, -21.584993125792046 ], [ -50.262640696657954, -21.585121569153429 ], [ -50.262863130483623, -21.58520003828211 ], [ -50.26293030628932, -21.585223387144904 ], [ -50.262975950943421, -21.585238787437603 ], [ -50.263000064430912, -21.585246239177309 ], [ -50.263005329137521, -21.585245183094909 ], [ -50.263013976794632, -21.585243130412902 ], [ -50.263016529239223, -21.58524235704321 ], [ -50.263018651496616, -21.58524155700551 ], [ -50.263020343566616, -21.585240730300004 ], [ -50.263021605449424, -21.585239876926511 ], [ -50.263024645439721, -21.58523753014941 ], [ -50.263028373729718, -21.585234329998713 ], [ -50.263030008441412, -21.585232569915814 ], [ -50.263031327682512, -21.585230756497001 ], [ -50.26303233145282, -21.585228889742407 ], [ -50.263033535977321, -21.585225283677797 ], [ -50.263033880127118, -21.585223831820109 ], [ -50.26303405220203, -21.585222614078901 ], [ -50.26303405220203, -21.585221630454118 ], [ -50.263032569068422, -21.585218800271111 ], [ -50.263029602801325, -21.585214123530008 ], [ -50.263025153401017, -21.58520760023071 ], [ -50.263019220867818, -21.585199230373011 ], [ -50.263008144358118, -21.585186372832514 ], [ -50.262991923874118, -21.585169027608401 ], [ -50.262970559419323, -21.585147194699012 ], [ -50.262904062426344, -21.58508116591106 ], [ -50.262860992618819, -21.585036903739308 ], [ -50.26284116431912, -21.585017730887699 ], [ -50.262818645525023, -21.584996998633695 ], [ -50.262793436238418, -21.584974706976407 ], [ -50.262765536461323, -21.584950855914407 ], [ -50.262733859529519, -21.584924863903812 ], [ -50.262698405446514, -21.584896730942209 ], [ -50.262659174216019, -21.584866457027601 ], [ -50.262616165842111, -21.584834042157109 ], [ -50.262570582314318, -21.584801469227113 ], [ -50.262522423634422, -21.584768738235617 ], [ -50.262471689804421, -21.584735849180213 ], [ -50.262269495600023, -21.584610612361708 ], [ -50.261899003605066, -21.584381382677005 ], [ -50.261694060434621, -21.584241149204409 ], [ -50.261569765653114, -21.584155968956225 ], [ -50.261540703312022, -21.5841307447734 ], [ -50.261476241471321, -21.584074571112101 ], [ -50.26144825567782, -21.584050032171117 ], [ -50.261428993399122, -21.584032956064707 ], [ -50.261418454629123, -21.58402334279581 ], [ -50.261415731732903, -21.584020117151741 ], [ -50.261406798986521, -21.584006023630806 ], [ -50.261398773874525, -21.583993005325322 ], [ -50.261388678815223, -21.583976364394101 ], [ -50.261380881660919, -21.583963375510805 ], [ -50.26137538241052, -21.583954038675699 ], [ -50.261371232669212, -21.583946669780318 ], [ -50.261369140015326, -21.583939647517688 ], [ -50.261368552283621, -21.583928410484205 ], [ -50.261367917923323, -21.583911747893609 ], [ -50.261367141880818, -21.58388784238501 ], [ -50.26136484154334, -21.583808911826786 ], [ -50.261369415809618, -21.5836699175149 ], [ -50.261370328943229, -21.583616021372105 ], [ -50.261370329448624, -21.583563405277097 ], [ -50.261369417326918, -21.583512069229901 ], [ -50.261364841514045, -21.583386314357675 ], [ -50.261364833041618, -21.583306166059209 ], [ -50.261364619608017, -21.583277543123515 ], [ -50.261364192732415, -21.583252109951609 ], [ -50.26136355241502, -21.583229866543615 ], [ -50.261362698655923, -21.583210812899509 ], [ -50.26136114254102, -21.583193890495608 ], [ -50.261358884070525, -21.583179099331812 ], [ -50.26135592324443, -21.583166439408217 ], [ -50.26135226006302, -21.583155910724614 ], [ -50.261346729730221, -21.583146132161005 ], [ -50.26133933224633, -21.583137103717011 ], [ -50.261330067611624, -21.58312882539251 ], [ -50.261318935826225, -21.583121297187116 ], [ -50.261299351798819, -21.583112885541208 ], [ -50.261271315531317, -21.583103590451898 ], [ -50.261234827025923, -21.583093411914906 ], [ -50.261189886285315, -21.583082349924712 ], [ -50.261130103711018, -21.583068310361707 ], [ -50.261055479311324, -21.583051293209909 ], [ -50.260966013096819, -21.583031298449811 ], [ -50.260861705079819, -21.583008326057804 ], [ -50.260818258642367, -21.582999101326301 ], [ -50.260817727215624, -21.583007007983504 ], [ -50.260816407974723, -21.583016448573201 ], [ -50.260814457792421, -21.583025089112507 ], [ -50.260811876668711, -21.583032929601316 ], [ -50.26080866460353, -21.583039970039707 ], [ -50.26080493631342, -21.583045623725106 ], [ -50.260800691798522, -21.583049890657414 ], [ -50.260795931058922, -21.583052770836712 ], [ -50.260788015612192, -21.583055010975858 ], [ -50.260776543950684, -21.583053944242902 ], [ -50.260743620282327, -21.583040396733701 ], [ -50.260738343318025, -21.583037623227611 ], [ -50.260731116171321, -21.583032822928413 ], [ -50.260725265623918, -21.583026742549613 ], [ -50.260720906392521, -21.58302236894361 ], [ -50.26071081133022, -21.583012661671216 ], [ -50.260705075499423, -21.583007328004815 ], [ -50.260700085326917, -21.583001994338112 ], [ -50.260695840812325, -21.582996660671203 ], [ -50.260691670942158, -21.582990304109046 ], [ -50.260686548766515, -21.582979699609204 ], [ -50.260682572658119, -21.582971030015308 ], [ -50.260672959051824, -21.58296907593521 ], [ -50.260588521026122, -21.582952798227016 ], [ -50.26039307927347, -21.58291750350995 ], [ -50.260288170061422, -21.582893650237402 ], [ -50.260253771476322, -21.582886806085114 ], [ -50.260226575586024, -21.58288258313431 ], [ -50.26020658238842, -21.582880981388499 ], [ -50.260193791882124, -21.582882000850201 ], [ -50.260181839462021, -21.582883789362 ], [ -50.26017072512802, -21.582886346924113 ], [ -50.260160448880022, -21.582889673536613 ], [ -50.26015101071782, -21.582893769199707 ], [ -50.260142677335722, -21.582898882820707 ], [ -50.260135448733521, -21.582905014399799 ], [ -50.260129324911318, -21.582912163937007 ], [ -50.260124305869027, -21.582920331432607 ], [ -50.260118561911028, -21.582935865980112 ], [ -50.260112093036021, -21.582958767579512 ], [ -50.26010489924262, -21.582989036230607 ], [ -50.260096980529212, -21.583026671933105 ], [ -50.260088101134421, -21.583072040056003 ], [ -50.260078261055725, -21.583125140599108 ], [ -50.26006746029033, -21.583185973561914 ], [ -50.260055698834819, -21.583254538944011 ], [ -50.26004709639993, -21.5833137911929 ], [ -50.260041652991511, -21.583363730309209 ], [ -50.260039368614123, -21.583404356293808 ], [ -50.260040243271028, -21.583435669146795 ], [ -50.260043243989323, -21.58347109362191 ], [ -50.260048370770619, -21.583510629718909 ], [ -50.260055623617021, -21.583554277437496 ], [ -50.260065002530929, -21.583602036777613 ] ] ] } },
{ "type": "Feature", "properties": { "CHAVE": "3050792", "FAZENDA": "305079", "NOME_FAZ": "SITIO NOSSA SENHORA APARECIDA", "ZONA": 999.0, "TALHAO": 2.0, "AREA_TOTAL": 1.413825055198092, "TIPO_GEO": "TALHAO", "DATA_INICI": null, "DATA_FINAL": null, "HORA_INICI": null, "HORA_FINAL": null, "CLASSE": null, "PILOTO": null, "AERONAVE": null, "AREA_HA": null }, "geometry": { "type": "Polygon", "coordinates": [ [ [ -50.265848978890773, -21.584830574361753 ], [ -50.265856564921407, -21.584826833723803 ], [ -50.265864637104016, -21.584823014005497 ], [ -50.265873195619392, -21.584819115048486 ], [ -50.265882240619504, -21.584815136727478 ], [ -50.265891762098498, -21.584811083191468 ], [ -50.265905308127145, -21.584806529345975 ], [ -50.265922671699521, -21.584801550991131 ], [ -50.265943913725927, -21.584796121771827 ], [ -50.26598920960371, -21.584785577800119 ], [ -50.266004313902307, -21.584782163212715 ], [ -50.266014427014959, -21.584779978980862 ], [ -50.266022017705659, -21.584778567421015 ], [ -50.266075297897473, -21.584769620691379 ], [ -50.26609302161377, -21.58476748725008 ], [ -50.266109251111196, -21.584766415459505 ], [ -50.266123944205873, -21.584766413260912 ], [ -50.266137113471004, -21.584767484124519 ], [ -50.266148311246702, -21.584768499508517 ], [ -50.266157641886764, -21.584769464797287 ], [ -50.266165098973701, -21.584770379674897 ], [ -50.266170806981258, -21.584771271080772 ], [ -50.266179596665765, -21.584773753435599 ], [ -50.266188733469981, -21.584778398758512 ], [ -50.266195177487973, -21.584782353852884 ], [ -50.266201309029213, -21.584787282541221 ], [ -50.266207200389438, -21.584793219499861 ], [ -50.266212854594478, -21.584800161975537 ], [ -50.266218308953263, -21.584808172893375 ], [ -50.266224269134298, -21.584820398681941 ], [ -50.266230761935553, -21.584836867286477 ], [ -50.266237795694231, -21.58485759078124 ], [ -50.266245366990731, -21.584882552019444 ], [ -50.266252435864878, -21.584908256708818 ], [ -50.266258980315527, -21.584934628474318 ], [ -50.266265002938127, -21.58496166980051 ], [ -50.2662705134655, -21.584989423895227 ], [ -50.266277280474561, -21.585022272663725 ], [ -50.266285309669307, -21.585060243265488 ], [ -50.266294600953422, -21.585103335147551 ], [ -50.266315193029442, -21.585197795039008 ], [ -50.266324714950187, -21.585242065855322 ], [ -50.266342205297732, -21.585324664338955 ], [ -50.266350919973668, -21.585358825733337 ], [ -50.266359863095644, -21.585386855385686 ], [ -50.266369022560816, -21.58540873862319 ], [ -50.266378426858438, -21.585424553643541 ], [ -50.266385661795063, -21.585436532988219 ], [ -50.266390686418454, -21.585444608513058 ], [ -50.266393362119835, -21.585448577043987 ], [ -50.266400504448661, -21.585451068028288 ], [ -50.266413617268753, -21.585455447554569 ], [ -50.266458549418438, -21.585470299545637 ], [ -50.266486075513001, -21.585477794954549 ], [ -50.266515580499359, -21.585484355482336 ], [ -50.266547063935946, -21.58548998032369 ], [ -50.266580523578355, -21.585494668600013 ], [ -50.266613868196409, -21.585498078210655 ], [ -50.266647097475314, -21.585500209168977 ], [ -50.266680211569749, -21.585501061536885 ], [ -50.266713215490142, -21.585500635295993 ], [ -50.266724710229205, -21.585500149449956 ], [ -50.266823755397176, -21.585321124651717 ], [ -50.266837467833703, -21.585284610707749 ], [ -50.266904510823515, -21.585037406746153 ], [ -50.266974981968609, -21.584707669631769 ], [ -50.267034583233517, -21.584357099447452 ], [ -50.267065117181652, -21.584276880822028 ], [ -50.267044459527582, -21.584272838714845 ], [ -50.265637674438423, -21.583980956083575 ], [ -50.265705685997567, -21.584270164229594 ], [ -50.265822956378095, -21.584852789168316 ], [ -50.265826421667015, -21.584848402983532 ], [ -50.265830862447793, -21.584843522541092 ], [ -50.265836103882414, -21.584838926145334 ], [ -50.265842143144745, -21.584834611064494 ], [ -50.265848978890773, -21.584830574361753 ] ] ] } },
{ "type": "Feature", "properties": { "CHAVE": "3050793", "FAZENDA": "305079", "NOME_FAZ": "SITIO NOSSA SENHORA APARECIDA", "ZONA": 999.0, "TALHAO": 3.0, "AREA_TOTAL": 10.167902784154936, "TIPO_GEO": "TALHAO", "DATA_INICI": null, "DATA_FINAL": null, "HORA_INICI": null, "HORA_FINAL": null, "CLASSE": null, "PILOTO": null, "AERONAVE": null, "AREA_HA": null }, "geometry": { "type": "Polygon", "coordinates": [ [ [ -50.269368785874448, -21.586652605612588 ], [ -50.269395320400022, -21.586638076272283 ], [ -50.26941674154952, -21.58662654319507 ], [ -50.269458710201498, -21.586604177707525 ], [ -50.269468907320459, -21.586598804351969 ], [ -50.269482410553195, -21.586591843898415 ], [ -50.269492637339937, -21.586586735666309 ], [ -50.269506737764083, -21.586579892074042 ], [ -50.269524091135487, -21.586571665376471 ], [ -50.269542200355787, -21.586563413592192 ], [ -50.269593917035856, -21.586540361216361 ], [ -50.269602405450996, -21.586536503697836 ], [ -50.26961409200355, -21.586530984009094 ], [ -50.269620593998411, -21.586527785882105 ], [ -50.269627843135737, -21.586523927703247 ], [ -50.269637828507513, -21.586518285552835 ], [ -50.26964370217118, -21.586514728803245 ], [ -50.269647453218717, -21.586512133534811 ], [ -50.269651487539171, -21.586509100853391 ], [ -50.26965384977224, -21.586507156875061 ], [ -50.269658916594047, -21.586502550062612 ], [ -50.269668888667461, -21.586492918755098 ], [ -50.269676550603208, -21.586485294974693 ], [ -50.269680879391565, -21.586480761647167 ], [ -50.269688342814518, -21.586472545996564 ], [ -50.269694885501998, -21.586464906195832 ], [ -50.269701482873977, -21.586456883584201 ], [ -50.269714211962238, -21.58644116795741 ], [ -50.269719251422934, -21.586434699859698 ], [ -50.269721981408168, -21.586430981740552 ], [ -50.269726504245334, -21.586424364296789 ], [ -50.269728823346469, -21.586420580579677 ], [ -50.269730871098005, -21.586416793678421 ], [ -50.269735884168782, -21.586406185072509 ], [ -50.269737432239843, -21.586403350851203 ], [ -50.269740285471435, -21.586399207762309 ], [ -50.269741479314398, -21.58639771494089 ], [ -50.269743292489636, -21.586395659198793 ], [ -50.269748472002817, -21.586390264786534 ], [ -50.269751816476699, -21.586386910813289 ], [ -50.26975586024124, -21.586383133707074 ], [ -50.26976192904624, -21.586377759442804 ], [ -50.269774050111856, -21.586367451422802 ], [ -50.269802125303208, -21.586344018277728 ], [ -50.269811304874523, -21.586336560732157 ], [ -50.269823038854376, -21.58632747429926 ], [ -50.26982935952924, -21.586322795622788 ], [ -50.269836099045477, -21.586318144669779 ], [ -50.269854895847928, -21.586306025684436 ], [ -50.269864619717282, -21.58629998671563 ], [ -50.269869882072832, -21.58629687623349 ], [ -50.269873942124505, -21.586294614354756 ], [ -50.269884608570081, -21.586289149547291 ], [ -50.269888046325306, -21.586287554616028 ], [ -50.26989038113706, -21.586286607614628 ], [ -50.269892027312885, -21.586286061112283 ], [ -50.269896918693213, -21.586284760210543 ], [ -50.269898834758081, -21.586284393013543 ], [ -50.269901391326641, -21.586284039113238 ], [ -50.269904756286216, -21.586283715119365 ], [ -50.269910555802085, -21.586283297211661 ], [ -50.269916404006239, -21.586282995233464 ], [ -50.269918835558492, -21.586283021641364 ], [ -50.269920584623961, -21.586283162468071 ], [ -50.269924788339132, -21.58628395349092 ], [ -50.26992612494265, -21.586284348728796 ], [ -50.26992829580491, -21.586285302164114 ], [ -50.269931112167384, -21.586286951189393 ], [ -50.269949194810117, -21.586298870491344 ], [ -50.269969184770908, -21.586312242202791 ], [ -50.269977019517043, -21.586317592218489 ], [ -50.269980979352283, -21.586320473467282 ], [ -50.269985421150366, -21.5863239575948 ], [ -50.269987022556911, -21.586325459223115 ], [ -50.269987921890568, -21.586326438111232 ], [ -50.269990971855449, -21.586330223524833 ], [ -50.269991938102713, -21.586331835748862 ], [ -50.269992436586499, -21.586333046447756 ], [ -50.269993171985391, -21.586335349837118 ], [ -50.26999361690941, -21.586337704530923 ], [ -50.26999398518069, -21.586341123031673 ], [ -50.269994421520984, -21.586347183075475 ], [ -50.269994335655973, -21.586349746162348 ], [ -50.269994132429865, -21.586350990902353 ], [ -50.269993018035571, -21.58635438915567 ], [ -50.269992443512301, -21.586355516098131 ], [ -50.269991225835966, -21.586357339232858 ], [ -50.269989584349574, -21.58635936030301 ], [ -50.269986421500839, -21.586362999986012 ], [ -50.26998498440711, -21.586364514847041 ], [ -50.269982395261508, -21.586366928711545 ], [ -50.269979711627613, -21.586369186486731 ], [ -50.269972931472623, -21.586374546139112 ], [ -50.26996457901771, -21.586380808084183 ], [ -50.26990719580651, -21.586422461866221 ], [ -50.269860132896227, -21.586457192742436 ], [ -50.269850147839804, -21.586464779750546 ], [ -50.269843912219486, -21.58646971681803 ], [ -50.269840001399849, -21.586473005768664 ], [ -50.269829675154654, -21.586482266858241 ], [ -50.269827282897182, -21.586484571534641 ], [ -50.269823054628198, -21.586488981697741 ], [ -50.269820969957117, -21.586491244669745 ], [ -50.269817294348194, -21.586495459755351 ], [ -50.26980060844042, -21.58651522273415 ], [ -50.269796065269169, -21.586520432481411 ], [ -50.269791491220531, -21.586525510459499 ], [ -50.269783677218172, -21.586534034488871 ], [ -50.269776943552166, -21.586541153503976 ], [ -50.269754417081401, -21.586564451029872 ], [ -50.269747939394051, -21.586570950897688 ], [ -50.269741022222348, -21.586577473149973 ], [ -50.269738532331914, -21.586579629145383 ], [ -50.269732703623383, -21.586584356224741 ], [ -50.269730098322057, -21.586586410041985 ], [ -50.269726993447733, -21.586588679508043 ], [ -50.269722618116404, -21.586591495068021 ], [ -50.269719442360476, -21.586593385998338 ], [ -50.269714195813762, -21.586596240659052 ], [ -50.269705125276218, -21.586600975389032 ], [ -50.269697434071517, -21.586604801359623 ], [ -50.269692647231132, -21.586606954296276 ], [ -50.269688596704384, -21.586608607155625 ], [ -50.269676605906291, -21.586612966743864 ], [ -50.269668764770252, -21.586615503760552 ], [ -50.269655497446209, -21.586619404069559 ], [ -50.269622147351413, -21.58662875037648 ], [ -50.269609240464803, -21.586632657409378 ], [ -50.269597582975152, -21.586636512930841 ], [ -50.269582080567609, -21.586641906597595 ], [ -50.269574687750932, -21.586644577872427 ], [ -50.269560512724603, -21.586649912095467 ], [ -50.269545157875285, -21.586655844747618 ], [ -50.269494967005876, -21.58667551026409 ], [ -50.269472839266136, -21.58668432784178 ], [ -50.269458277928294, -21.586690325289183 ], [ -50.269449870615986, -21.586694004883075 ], [ -50.269444568603895, -21.586696565309193 ], [ -50.269435277821614, -21.586701369616058 ], [ -50.269429790446523, -21.586704546601641 ], [ -50.269419610472809, -21.586711020160418 ], [ -50.269410466409155, -21.586717128545562 ], [ -50.269401199377533, -21.586723466577766 ], [ -50.269374904546936, -21.58674162601605 ], [ -50.269364395442032, -21.586749019978495 ], [ -50.269355435579641, -21.586755651864344 ], [ -50.269353320966289, -21.586757426451978 ], [ -50.269352072493277, -21.586758664516232 ], [ -50.269350086900573, -21.586761132207219 ], [ -50.269349113249255, -21.586762572629606 ], [ -50.269348506437453, -21.58676370246393 ], [ -50.269347513558451, -21.586766006690819 ], [ -50.269346571404832, -21.586768846911756 ], [ -50.269344783386131, -21.586775356750785 ], [ -50.269344333423135, -21.586777364102971 ], [ -50.269344067553405, -21.586779509241751 ], [ -50.269344098397092, -21.586780704392172 ], [ -50.269344346670579, -21.586782902136765 ], [ -50.269344564765177, -21.586783867523149 ], [ -50.269345196456115, -21.586785541494312 ], [ -50.269346036051942, -21.586787225982668 ], [ -50.269348571945315, -21.58679165398874 ], [ -50.269349414724594, -21.58679293304791 ], [ -50.269350634288166, -21.58679446633823 ], [ -50.269352213971807, -21.586795940825873 ], [ -50.269354761832048, -21.586797955863389 ], [ -50.26935721718403, -21.586799449800466 ], [ -50.269359681790192, -21.586800759681974 ], [ -50.269366571325875, -21.586804182945276 ], [ -50.269370755437514, -21.586806056648943 ], [ -50.269373509475919, -21.586807069070279 ], [ -50.269378753067656, -21.586808689313294 ], [ -50.269384502720726, -21.586809988257997 ], [ -50.269404667293919, -21.586813915219992 ], [ -50.269431143197941, -21.586819343435231 ], [ -50.269454077391302, -21.586824317863819 ], [ -50.269490227210085, -21.58683250946887 ], [ -50.269556020021064, -21.586847630077457 ], [ -50.269585824519268, -21.586854676278492 ], [ -50.269610069045711, -21.586860578810356 ], [ -50.269670638888108, -21.58687565495762 ], [ -50.269725033896989, -21.586889436984858 ], [ -50.269986878833592, -21.586956358285558 ], [ -50.270246228957816, -21.587022920746264 ], [ -50.270297035175346, -21.587035772151342 ], [ -50.27032385919567, -21.587042391576841 ], [ -50.270380040810814, -21.587055773896076 ], [ -50.270398611430892, -21.587060040411554 ], [ -50.270421879490911, -21.587065230661391 ], [ -50.270450930564486, -21.587071538297295 ], [ -50.270578197774391, -21.587098713339358 ], [ -50.270620936731135, -21.58710800978201 ], [ -50.270647113709053, -21.587114079560546 ], [ -50.270679602254347, -21.587121489320356 ], [ -50.270895388737927, -21.587170499893706 ], [ -50.270931135526169, -21.587178746674649 ], [ -50.270953534946045, -21.587184246570235 ], [ -50.270961061678072, -21.587185682677351 ], [ -50.270974591369217, -21.587187772890811 ], [ -50.270992540191088, -21.587190132069882 ], [ -50.271024486128894, -21.58719409005348 ], [ -50.271036129048483, -21.587195328117307 ], [ -50.271046074182692, -21.587196034785716 ], [ -50.271052259135686, -21.587196313085418 ], [ -50.271058089384496, -21.58719620477008 ], [ -50.271062719271008, -21.587195840741696 ], [ -50.271070565630708, -21.587195033263633 ], [ -50.271077546390117, -21.587194116117107 ], [ -50.271080658692732, -21.587193563295465 ], [ -50.271087050768472, -21.587192222451154 ], [ -50.271094381149595, -21.587190384945977 ], [ -50.271112395693713, -21.587185258886642 ], [ -50.271116423051275, -21.587184023266978 ], [ -50.271120672866807, -21.587182554333801 ], [ -50.27112318852064, -21.587181596819988 ], [ -50.271126341112222, -21.587180206612807 ], [ -50.271132175769118, -21.587177378292978 ], [ -50.271135674494751, -21.587175442673011 ], [ -50.271139290545833, -21.587173198693332 ], [ -50.271142907108811, -21.587170785036186 ], [ -50.271158513173553, -21.587159754798122 ], [ -50.271164118941911, -21.587155491851579 ], [ -50.271171027516552, -21.587149573031777 ], [ -50.271172914483827, -21.587147823759675 ], [ -50.271176042519102, -21.58714467138196 ], [ -50.271181279755126, -21.587138944664588 ], [ -50.271191687905052, -21.587127169511643 ], [ -50.271196346682189, -21.587121593966568 ], [ -50.271199075918666, -21.587118155885573 ], [ -50.27122196384223, -21.587087454188485 ], [ -50.271223939691289, -21.587084574014842 ], [ -50.271225988718868, -21.587081213142323 ], [ -50.271227779842334, -21.58707784643277 ], [ -50.271230739621707, -21.587071902500448 ], [ -50.271234366886873, -21.58706388084828 ], [ -50.271243041990346, -21.587043210255285 ], [ -50.271248251744836, -21.587030440035964 ], [ -50.271250890684207, -21.58702353383698 ], [ -50.271252213858823, -21.587019777676865 ], [ -50.271255376226982, -21.587010072640521 ], [ -50.271256804038202, -21.587005191349832 ], [ -50.27125812192768, -21.587000149292454 ], [ -50.271259330227053, -21.586995108553467 ], [ -50.271264045179201, -21.586974105756443 ], [ -50.271266079783658, -21.586965505917114 ], [ -50.271268162825123, -21.586957194855405 ], [ -50.271272624004055, -21.586940051978956 ], [ -50.271278285205092, -21.586919204993734 ], [ -50.271301562359632, -21.586834510495834 ], [ -50.271319126607558, -21.586769976221724 ], [ -50.2713228910224, -21.586756480308669 ], [ -50.271326927925806, -21.586742594114238 ], [ -50.271329469559006, -21.586734243541898 ], [ -50.271335618239789, -21.5867146518592 ], [ -50.271341031466577, -21.586697913224633 ], [ -50.271351020136507, -21.58666819501164 ], [ -50.27137593744942, -21.586595185289834 ], [ -50.271383059348885, -21.58657383858106 ], [ -50.271391500772495, -21.586547686834816 ], [ -50.271397243689719, -21.586529534670856 ], [ -50.271403791259367, -21.586508081434275 ], [ -50.271425933836596, -21.586433302512066 ], [ -50.271434263062034, -21.586404613446831 ], [ -50.271445853072308, -21.586363947823529 ], [ -50.271474420758402, -21.586261474612026 ], [ -50.271480656728286, -21.586238804306866 ], [ -50.271486151641419, -21.58621838933005 ], [ -50.271488814059126, -21.58620814084389 ], [ -50.271494015186526, -21.5861873987519 ], [ -50.271496936985329, -21.586175261485749 ], [ -50.271499798686193, -21.586162260490966 ], [ -50.271502204721273, -21.58615037361854 ], [ -50.271507415902391, -21.586123145677409 ], [ -50.271509188396138, -21.586114239066905 ], [ -50.271512456076493, -21.58609912867346 ], [ -50.271515115868347, -21.586087994089592 ], [ -50.271520369308249, -21.586067009551179 ], [ -50.271526017985437, -21.586045844797578 ], [ -50.271532356936561, -21.586022924373207 ], [ -50.271546252126669, -21.585973365238594 ], [ -50.27155307437404, -21.585948339542494 ], [ -50.271557732868708, -21.585930569645438 ], [ -50.271560175661655, -21.585920847117894 ], [ -50.27157002433669, -21.585880074463898 ], [ -50.271574823054621, -21.585859338223013 ], [ -50.271581599042356, -21.585829000703733 ], [ -50.271605634894385, -21.585718236869536 ], [ -50.271611096165259, -21.585693406112483 ], [ -50.271616431122055, -21.585669693076962 ], [ -50.271622946892677, -21.585641939367427 ], [ -50.271630955746069, -21.585609093030452 ], [ -50.271634531015053, -21.585594939888736 ], [ -50.27164086368024, -21.585571037898365 ], [ -50.271647343267347, -21.585547500109715 ], [ -50.27166691892559, -21.58547798158067 ], [ -50.271677028236738, -21.585442753231472 ], [ -50.271684435113308, -21.585417863743508 ], [ -50.271687465198042, -21.58540800876613 ], [ -50.271691604930076, -21.585395143170061 ], [ -50.271699777643846, -21.585370997078446 ], [ -50.271702615255059, -21.585362392133781 ], [ -50.271705203279836, -21.585353645042932 ], [ -50.271706338078822, -21.58534933044222 ], [ -50.271707514174814, -21.585343853117987 ], [ -50.271709360587536, -21.585333621582397 ], [ -50.271709991606542, -21.585329036540461 ], [ -50.271710558485552, -21.585322405565023 ], [ -50.271710777542481, -21.585318970519101 ], [ -50.271711010272696, -21.585312492931678 ], [ -50.271711579549297, -21.585282688464737 ], [ -50.271711817285997, -21.585274426043334 ], [ -50.271712154942172, -21.585266825782497 ], [ -50.271712371615891, -21.585263010772174 ], [ -50.271712766044281, -21.58525841631327 ], [ -50.271714466308616, -21.585244295171496 ], [ -50.271714619352373, -21.585240594232353 ], [ -50.271714558791629, -21.585239190853134 ], [ -50.271714364455818, -21.585238148374742 ], [ -50.271714155647089, -21.585237530219388 ], [ -50.271709003296245, -21.585226121758812 ], [ -50.271707526903583, -21.585223276370904 ], [ -50.271706029534002, -21.585221002999827 ], [ -50.271705008729334, -21.585219608032467 ], [ -50.271703088355736, -21.585217268512359 ], [ -50.271699539396273, -21.585213194669929 ], [ -50.271698412797178, -21.585212023257487 ], [ -50.271696690234265, -21.585210532668082 ], [ -50.271694597309988, -21.585209143857025 ], [ -50.271690417617904, -21.585206885888372 ], [ -50.271686115362733, -21.585205095630151 ], [ -50.271670123882821, -21.585199407414844 ], [ -50.271660772188802, -21.585196320557987 ], [ -50.271657417513929, -21.585195413738639 ], [ -50.271585352510101, -21.585177441259546 ], [ -50.271571253554285, -21.585173980266433 ], [ -50.271556407581407, -21.585170445309114 ], [ -50.271533583363464, -21.585165234330198 ], [ -50.271516592753542, -21.585161500702835 ], [ -50.271447569870745, -21.585146816523689 ], [ -50.271320833306689, -21.585120174346461 ], [ -50.270977037755529, -21.585048154825802 ], [ -50.270531534163574, -21.584955033135788 ], [ -50.270404060689472, -21.584928747778875 ], [ -50.270195674926008, -21.58488647107167 ], [ -50.270110618634313, -21.58486906100536 ], [ -50.270032724686217, -21.58485292969976 ], [ -50.269885786361279, -21.584822240293654 ], [ -50.269832288343125, -21.584811202789865 ], [ -50.26978888339459, -21.584802392688282 ], [ -50.269758171338673, -21.584796300223903 ], [ -50.269588499828835, -21.584763314696907 ], [ -50.269389954439859, -21.584724587795556 ], [ -50.269328056196429, -21.584712414251438 ], [ -50.269239762763618, -21.584694873757439 ], [ -50.269034483855137, -21.584653634895652 ], [ -50.268920305519892, -21.584630544125478 ], [ -50.268828888407953, -21.584611830914888 ], [ -50.268654282281005, -21.584575585389519 ], [ -50.268600601116411, -21.58456460668571 ], [ -50.268557144948218, -21.58455600132271 ], [ -50.268496068856663, -21.584544285885617 ], [ -50.26844606054749, -21.584535110348693 ], [ -50.268287336393492, -21.584506849731028 ], [ -50.268251203266288, -21.584500326186049 ], [ -50.268214758915022, -21.584493617489727 ], [ -50.268163331401567, -21.584484033115064 ], [ -50.268122841221384, -21.584476321340929 ], [ -50.267988134165002, -21.584450249499483 ], [ -50.267940318206094, -21.584441079968006 ], [ -50.267912293561331, -21.584435819511398 ], [ -50.267873479661667, -21.584428740686029 ], [ -50.26785579468563, -21.584425620929295 ], [ -50.267834721265345, -21.584422061888013 ], [ -50.267765529854302, -21.584411043825778 ], [ -50.267738933334606, -21.584407055175838 ], [ -50.267723927406593, -21.584405078795939 ], [ -50.26771669792776, -21.584404226975618 ], [ -50.267708848193948, -21.584403597857353 ], [ -50.267703480864043, -21.584403440104325 ], [ -50.267691757213726, -21.58440343654545 ], [ -50.267687496671073, -21.584403592505165 ], [ -50.267684248870921, -21.584403832313523 ], [ -50.267675750565104, -21.58440480813179 ], [ -50.267669198446413, -21.584405900458183 ], [ -50.267651454944982, -21.584409422323645 ], [ -50.267647295971045, -21.584410373511492 ], [ -50.26764306362692, -21.584411492299861 ], [ -50.267638865724933, -21.584412808113818 ], [ -50.267629441112042, -21.584416257002609 ], [ -50.267625674680367, -21.584417813146096 ], [ -50.267621781827486, -21.584419542792773 ], [ -50.26761526427368, -21.584422577558112 ], [ -50.267595434619352, -21.584432215290978 ], [ -50.267585639639705, -21.584437206570708 ], [ -50.267581749074296, -21.584439372766909 ], [ -50.267577280251395, -21.584442084591203 ], [ -50.267574796672513, -21.584443652098564 ], [ -50.267572658799665, -21.584445152397826 ], [ -50.267569759126928, -21.584447506943981 ], [ -50.267567930645725, -21.584449224235716 ], [ -50.267551886338353, -21.584465651867152 ], [ -50.267549082432566, -21.584468326555225 ], [ -50.267540101798495, -21.584476323116295 ], [ -50.267508448768069, -21.584504014732975 ], [ -50.267500168026373, -21.584511480135838 ], [ -50.267490777947117, -21.584520244093646 ], [ -50.267480415304576, -21.584530275380576 ], [ -50.26746343430586, -21.584547195076887 ], [ -50.267456573431247, -21.584554174901552 ], [ -50.267450563449366, -21.584560621321913 ], [ -50.267446119884113, -21.58456570654737 ], [ -50.267437413262194, -21.584576301437291 ], [ -50.26743408281429, -21.584580550554168 ], [ -50.267428040953746, -21.584588671656888 ], [ -50.267421746436064, -21.584597449656254 ], [ -50.267389285257529, -21.584643575505492 ], [ -50.267384946189814, -21.584649616457799 ], [ -50.267383270915573, -21.584652182784442 ], [ -50.267364168902567, -21.584682576691883 ], [ -50.267359305328156, -21.584690504710579 ], [ -50.267351173234381, -21.584704070531117 ], [ -50.267341077134894, -21.584721205762783 ], [ -50.267321783169081, -21.584754288031021 ], [ -50.267317029334137, -21.584762615913327 ], [ -50.267310145439161, -21.584775087571678 ], [ -50.26729940502139, -21.584795682679164 ], [ -50.267291425017291, -21.584811587155215 ], [ -50.267281130459509, -21.584832850270598 ], [ -50.267248933437514, -21.584900323297525 ], [ -50.267242619231652, -21.584913304555524 ], [ -50.267234758336109, -21.584929207955852 ], [ -50.267229914064785, -21.584938893325024 ], [ -50.267222879831102, -21.584952638382013 ], [ -50.267203778579855, -21.584989155226587 ], [ -50.267193310092793, -21.585008791785022 ], [ -50.267179882196231, -21.585032985909365 ], [ -50.267169742136979, -21.585050552445086 ], [ -50.26713509260194, -21.585109723935854 ], [ -50.26711317204591, -21.585153322971262 ], [ -50.267102086874523, -21.585175105181452 ], [ -50.267081799969453, -21.585214350738685 ], [ -50.267065468200862, -21.585245375185618 ], [ -50.267044754665264, -21.585284212518705 ], [ -50.267024343318965, -21.585321791033174 ], [ -50.267011435106781, -21.585345296683052 ], [ -50.266986325190615, -21.585390440609224 ], [ -50.266980908324754, -21.58540034365107 ], [ -50.266979251094469, -21.58540303388116 ], [ -50.266974260366595, -21.585410711467517 ], [ -50.266956387684417, -21.585437755654798 ], [ -50.266951458691423, -21.585444900588794 ], [ -50.266948201053204, -21.585449328096626 ], [ -50.266946556980798, -21.585451381864058 ], [ -50.266940178181429, -21.585458619469645 ], [ -50.26693799061448, -21.585460843064265 ], [ -50.266936512880747, -21.58546218834428 ], [ -50.266933181933751, -21.585465035389568 ], [ -50.26693094370313, -21.585466771722228 ], [ -50.266920257436468, -21.58547465193368 ], [ -50.266917102839372, -21.585477430708345 ], [ -50.266915385644062, -21.585479325998268 ], [ -50.266912851938663, -21.585482442926629 ], [ -50.266912004050376, -21.585483619653118 ], [ -50.266910198216415, -21.585486525276117 ], [ -50.266908491509056, -21.585489605686355 ], [ -50.266903886960044, -21.585498552313794 ], [ -50.266900765666946, -21.585505220086578 ], [ -50.266898210400882, -21.585511391178194 ], [ -50.266893830432032, -21.585522648938738 ], [ -50.266887534504903, -21.585540009503354 ], [ -50.266874857267638, -21.585575827939564 ], [ -50.266867486652856, -21.585597261137121 ], [ -50.266863657234616, -21.585608908552011 ], [ -50.266855817036323, -21.585634266984755 ], [ -50.266854088962802, -21.585640139328689 ], [ -50.266850893717844, -21.585651542570414 ], [ -50.266846344063275, -21.585668506854841 ], [ -50.266829823288781, -21.585731860227835 ], [ -50.266825719738762, -21.585746988391119 ], [ -50.266824065476598, -21.585752314146024 ], [ -50.266805132880563, -21.585796219845932 ], [ -50.266791494421348, -21.585827545596487 ], [ -50.266772046158287, -21.585871601234683 ], [ -50.266760725310014, -21.585896938872729 ], [ -50.266745726957474, -21.585929985856961 ], [ -50.266736442480791, -21.585950139109368 ], [ -50.266720120195039, -21.585984718201239 ], [ -50.266715527643207, -21.585994210287449 ], [ -50.266708027780744, -21.586009345157837 ], [ -50.266706775079662, -21.586012064155817 ], [ -50.266705126150178, -21.586016139772301 ], [ -50.266704259773043, -21.586018739376179 ], [ -50.266702551804357, -21.586024495610701 ], [ -50.266701863015925, -21.586027250755524 ], [ -50.266700805685034, -21.586032188667211 ], [ -50.266696860052683, -21.586054083240466 ], [ -50.266695749715574, -21.586060654227392 ], [ -50.266694749219305, -21.586067219127983 ], [ -50.266694297410481, -21.586071113562522 ], [ -50.266693824299821, -21.586076750836135 ], [ -50.266693700799692, -21.586079046074399 ], [ -50.266693724119605, -21.586081044616879 ], [ -50.266693877910242, -21.586082593468404 ], [ -50.266694154409997, -21.586083791981526 ], [ -50.266694731253239, -21.586085679617959 ], [ -50.266695324103694, -21.586086780625546 ], [ -50.266696746998598, -21.586088343998156 ], [ -50.26669841497025, -21.586089702605335 ], [ -50.266704570594122, -21.586093998175951 ], [ -50.26670696122315, -21.586095513377252 ], [ -50.266709593363501, -21.586096589533142 ], [ -50.266723807621332, -21.586103051046308 ], [ -50.266727074343088, -21.586104334411662 ], [ -50.266730668547595, -21.586105449982469 ], [ -50.266733273089379, -21.586106152652349 ], [ -50.266735943618571, -21.586106714449674 ], [ -50.266751853707383, -21.586109425010342 ], [ -50.26676481930815, -21.586112081316251 ], [ -50.266797773557435, -21.586119405905045 ], [ -50.266805666005801, -21.586121236761613 ], [ -50.26681390186117, -21.586123254623633 ], [ -50.266830873490619, -21.586127779676485 ], [ -50.266841186182248, -21.586130660261464 ], [ -50.26685501374034, -21.586134680856429 ], [ -50.266893300606526, -21.58614605484367 ], [ -50.266903250496746, -21.58614892287072 ], [ -50.266916722503645, -21.586152555850767 ], [ -50.266927237601536, -21.586155133600109 ], [ -50.266948937355579, -21.586159970047337 ], [ -50.266963717040966, -21.586162932992973 ], [ -50.266973973868872, -21.58616484840277 ], [ -50.26698778028674, -21.586167300886707 ], [ -50.267035870516537, -21.586175535806326 ], [ -50.267050077392192, -21.586178038128626 ], [ -50.267069172858953, -21.586181610085067 ], [ -50.267083932472076, -21.586184587449079 ], [ -50.267114120409659, -21.586191086692274 ], [ -50.267134495578453, -21.586195756571627 ], [ -50.267167413041328, -21.586203694818369 ], [ -50.267251739278677, -21.586224529122987 ], [ -50.267280693959798, -21.586231384703382 ], [ -50.267299014577475, -21.586235474526376 ], [ -50.267330660269799, -21.58624226304477 ], [ -50.267344588921667, -21.586245092071323 ], [ -50.267358386248254, -21.586247772828287 ], [ -50.267385758056932, -21.586252893032558 ], [ -50.267455997728234, -21.586265699453381 ], [ -50.267481869287032, -21.586270735977905 ], [ -50.267494344213759, -21.58627335746332 ], [ -50.267501770658136, -21.586275011571928 ], [ -50.267525408717098, -21.586280474337435 ], [ -50.26753562960009, -21.586282996472168 ], [ -50.26755297486919, -21.586287654759154 ], [ -50.267570125324546, -21.586292571517799 ], [ -50.267614774919068, -21.586305850019201 ], [ -50.267640244789703, -21.586313585308687 ], [ -50.267651783028981, -21.586317206270937 ], [ -50.267666767466025, -21.586322033399995 ], [ -50.267684302220488, -21.586327811933803 ], [ -50.26770105702829, -21.586333565955357 ], [ -50.267743691392397, -21.586348570355 ], [ -50.267759058253837, -21.586353720651818 ], [ -50.267772796391753, -21.586358014818792 ], [ -50.267785044951836, -21.586361593869277 ], [ -50.267823273696862, -21.586372016584363 ], [ -50.267838220544512, -21.586375908826291 ], [ -50.267849431330859, -21.586378730881076 ], [ -50.267868547308304, -21.58638348375333 ], [ -50.267895139070092, -21.586389964778252 ], [ -50.268186086321279, -21.586459834814644 ], [ -50.268205018417639, -21.586464435283961 ], [ -50.268224451849839, -21.586469291578467 ], [ -50.268268052512887, -21.586480582380936 ], [ -50.268303520802384, -21.586489928575961 ], [ -50.268345401853111, -21.586501122315816 ], [ -50.268487859492808, -21.586539427518503 ], [ -50.268529884787768, -21.586550596149028 ], [ -50.268553119122075, -21.58655665610981 ], [ -50.268596175143358, -21.586567608520916 ], [ -50.26861010874714, -21.586571032088919 ], [ -50.268633326369148, -21.586576483185727 ], [ -50.268650025054669, -21.586580218901158 ], [ -50.268744002195291, -21.586600864192874 ], [ -50.26875609837959, -21.586603844755842 ], [ -50.268854679469747, -21.586629193336048 ], [ -50.26889716483295, -21.586640305503057 ], [ -50.268923264238758, -21.586647344542019 ], [ -50.268937721286356, -21.586651326236318 ], [ -50.269023888498808, -21.586675761396783 ], [ -50.269059581142237, -21.586685646825678 ], [ -50.26914711131672, -21.586708875574594 ], [ -50.269159003754559, -21.586711865688169 ], [ -50.269182501438095, -21.586717580669863 ], [ -50.269188238136799, -21.586718887553033 ], [ -50.269194601632364, -21.5867201197476 ], [ -50.269197302796286, -21.586720438336169 ], [ -50.26920442963042, -21.586720949801752 ], [ -50.269206427939238, -21.586721361641242 ], [ -50.269214211501158, -21.586722171969388 ], [ -50.269217609875675, -21.586722445495244 ], [ -50.269220747815574, -21.586722529321449 ], [ -50.269225520337251, -21.586722324407905 ], [ -50.269228143429444, -21.586722008973631 ], [ -50.269231197814051, -21.586721327665504 ], [ -50.269234516047284, -21.586720347932577 ], [ -50.269242174244141, -21.586717880621414 ], [ -50.269246848684048, -21.58671613586187 ], [ -50.269253707384877, -21.586713071879782 ], [ -50.269267645345025, -21.586706106667481 ], [ -50.26927263945376, -21.586703821255401 ], [ -50.26928717498491, -21.586697432570574 ], [ -50.269291283925511, -21.586695434552837 ], [ -50.269304484916688, -21.586688467674087 ], [ -50.269319206349941, -21.586680354125502 ], [ -50.269368785874448, -21.586652605612588 ] ] ] } },
{ "type": "Feature", "properties": { "CHAVE": "3050793", "FAZENDA": "305079", "NOME_FAZ": "SITIO NOSSA SENHORA APARECIDA", "ZONA": 999.0, "TALHAO": 3.0, "AREA_TOTAL": 0.39789213155358999, "TIPO_GEO": "TALHAO", "DATA_INICI": null, "DATA_FINAL": null, "HORA_INICI": null, "HORA_FINAL": null, "CLASSE": null, "PILOTO": null, "AERONAVE": null, "AREA_HA": null }, "geometry": { "type": "Polygon", "coordinates": [ [ [ -50.266791398406838, -21.585475287794193 ], [ -50.266836789735613, -21.585465309982542 ], [ -50.266875386447587, -21.585454030031926 ], [ -50.266947290571792, -21.585401337837688 ], [ -50.2670611817449, -21.585204222512601 ], [ -50.267128525005184, -21.585066696125182 ], [ -50.267289691720883, -21.584755289739821 ], [ -50.267325849377045, -21.584688021679721 ], [ -50.267365672578286, -21.584613136474587 ], [ -50.267403498726445, -21.584574712510225 ], [ -50.267435002872773, -21.584531171881093 ], [ -50.267469704244313, -21.584482980538173 ], [ -50.26754702285681, -21.584435400724246 ], [ -50.267572990205245, -21.584410918872038 ], [ -50.26758171350702, -21.584389329660024 ], [ -50.267581498873668, -21.584377545072851 ], [ -50.267561700827599, -21.584373431631807 ], [ -50.267492383793098, -21.584359585556108 ], [ -50.267388919925097, -21.584339200672595 ], [ -50.267066493239398, -21.584276116479181 ], [ -50.267035582889299, -21.58435726903668 ], [ -50.266975978042097, -21.584707860291502 ], [ -50.266905496676699, -21.585037645227299 ], [ -50.266838433943299, -21.585284921988396 ], [ -50.266824678580299, -21.585321550238387 ], [ -50.266738296480675, -21.585477686456617 ], [ -50.266760562869521, -21.585476000149395 ], [ -50.266791398406838, -21.585475287794193 ] ] ] } },
{ "type": "Feature", "properties": { "CHAVE": null, "FAZENDA": "Faz. ABC", "NOME_FAZ": null, "ZONA": null, "TALHAO": null, "AREA_TOTAL": null, "TIPO_GEO": "VOO_PROCESSADO", "DATA_INICI": "17-04-2026", "DATA_FINAL": "17-04-2026", "HORA_INICI": "14:08:14", "HORA_FINAL": "14:08:14", "CLASSE": "NÃO APLICADO DENTRO DO TALHÃO", "PILOTO": "valmir alves", "AERONAVE": "PS-CBA", "AREA_HA": 0.00096810404045899999 }, "geometry": { "type": "MultiPolygon", "coordinates": [ [ [ [ -50.269506737764083, -21.586579892074042 ], [ -50.269524091135487, -21.586571665376471 ], [ -50.269542200355787, -21.586563413592192 ], [ -50.269593917035856, -21.586540361216361 ], [ -50.269602405450996, -21.586536503697836 ], [ -50.26961409200355, -21.586530984009094 ], [ -50.269620593998411, -21.586527785882105 ], [ -50.269627843135737, -21.586523927703247 ], [ -50.269637828507513, -21.586518285552835 ], [ -50.26964370217118, -21.586514728803245 ], [ -50.269647453218717, -21.586512133534811 ], [ -50.269651487539171, -21.586509100853391 ], [ -50.26965384977224, -21.586507156875061 ], [ -50.269658916594047, -21.586502550062612 ], [ -50.269659663189387, -21.586501828979937 ], [ -50.269652422935081, -21.58650030791787 ], [ -50.269534722361414, -21.586477559063081 ], [ -50.269531855239073, -21.586476978322317 ], [ -50.269415285865215, -21.586452281417483 ], [ -50.269297722383193, -21.586429559059322 ], [ -50.269294855262807, -21.586428978318953 ], [ -50.269178159338907, -21.586404254602613 ], [ -50.269061468330165, -21.586381509740555 ], [ -50.269060421850867, -21.586381302228421 ], [ -50.268941421742277, -21.58635730220243 ], [ -50.268939855298356, -21.58635697831393 ], [ -50.268822900012566, -21.586332199647934 ], [ -50.268707947908318, -21.58630940741606 ], [ -50.268707421884855, -21.586309302223121 ], [ -50.268588815842307, -21.586285381672802 ], [ -50.268472210240461, -21.586262459199975 ], [ -50.268469296086053, -21.586261858799322 ], [ -50.268354750075979, -21.586237172155624 ], [ -50.268239210262564, -21.586214459196412 ], [ -50.268238681493067, -21.586214354346708 ], [ -50.268123681388005, -21.586191354321766 ], [ -50.268122890401855, -21.586191194097477 ], [ -50.268006285680158, -21.586167275176308 ], [ -50.267891681410056, -21.586144354318233 ], [ -50.267890341691292, -21.586144080555218 ], [ -50.267775875674793, -21.586120191991405 ], [ -50.267662410604629, -21.586097299911746 ], [ -50.267548410500609, -21.586074299886846 ], [ -50.267546774973567, -21.586073961225544 ], [ -50.267434454359098, -21.586050105516041 ], [ -50.267322272846719, -21.586027272106776 ], [ -50.267208410533648, -21.586004299881768 ], [ -50.267205423095746, -21.586003668113715 ], [ -50.267093776348446, -21.585978967502271 ], [ -50.266982135141511, -21.585956244066406 ], [ -50.266977769181437, -21.585955293190541 ], [ -50.266865769081825, -21.585929293163066 ], [ -50.26693353829107, -21.585673925653975 ], [ -50.266895681625549, -21.585666354319574 ], [ -50.266944227145672, -21.585454025375292 ], [ -50.266940178181429, -21.585458619469645 ], [ -50.26693799061448, -21.585460843064265 ], [ -50.266936512880747, -21.58546218834428 ], [ -50.266933181933751, -21.585465035389568 ], [ -50.26693094370313, -21.585466771722228 ], [ -50.266920257436468, -21.58547465193368 ], [ -50.266917102839372, -21.585477430708345 ], [ -50.266915385644062, -21.585479325998268 ], [ -50.266912851938663, -21.585482442926629 ], [ -50.266912004050376, -21.585483619653118 ], [ -50.266910198216415, -21.585486525276117 ], [ -50.266908491509056, -21.585489605686355 ], [ -50.266903886960044, -21.585498552313794 ], [ -50.266900765666946, -21.585505220086578 ], [ -50.266898210400882, -21.585511391178194 ], [ -50.266893830432032, -21.585522648938738 ], [ -50.266887534504903, -21.585540009503354 ], [ -50.266874857267638, -21.585575827939564 ], [ -50.266867486652856, -21.585597261137121 ], [ -50.266863657234616, -21.585608908552011 ], [ -50.266855817036323, -21.585634266984755 ], [ -50.266854088962802, -21.585640139328689 ], [ -50.266850893717844, -21.585651542570414 ], [ -50.266846344063275, -21.585668506854841 ], [ -50.266829823288781, -21.585731860227835 ], [ -50.266825719738762, -21.585746988391119 ], [ -50.266824065476598, -21.585752314146024 ], [ -50.266805132880563, -21.585796219845932 ], [ -50.266791494421348, -21.585827545596487 ], [ -50.266772046158287, -21.585871601234683 ], [ -50.266760725310014, -21.585896938872729 ], [ -50.266745726957474, -21.585929985856961 ], [ -50.266736442480791, -21.585950139109368 ], [ -50.266720120195039, -21.585984718201239 ], [ -50.266715527643207, -21.585994210287449 ], [ -50.266708027780744, -21.586009345157837 ], [ -50.266706775079662, -21.586012064155817 ], [ -50.266705126150178, -21.586016139772301 ], [ -50.266704259773043, -21.586018739376179 ], [ -50.266702551804357, -21.586024495610701 ], [ -50.266701863015925, -21.586027250755524 ], [ -50.266700805685034, -21.586032188667211 ], [ -50.266696860052683, -21.586054083240466 ], [ -50.266695749715574, -21.586060654227392 ], [ -50.266694749219305, -21.586067219127983 ], [ -50.266694297410481, -21.586071113562522 ], [ -50.266693824299821, -21.586076750836135 ], [ -50.266693700799692, -21.586079046074399 ], [ -50.266693724119605, -21.586081044616879 ], [ -50.266693877910242, -21.586082593468404 ], [ -50.266694154409997, -21.586083791981526 ], [ -50.266694731253239, -21.586085679617959 ], [ -50.266695324103694, -21.586086780625546 ], [ -50.266696746998598, -21.586088343998156 ], [ -50.26669841497025, -21.586089702605335 ], [ -50.266704570594122, -21.586093998175951 ], [ -50.26670696122315, -21.586095513377252 ], [ -50.266709593363501, -21.586096589533142 ], [ -50.266723807621332, -21.586103051046308 ], [ -50.266727074343088, -21.586104334411662 ], [ -50.266730668547595, -21.586105449982469 ], [ -50.266733273089379, -21.586106152652349 ], [ -50.266735943618571, -21.586106714449674 ], [ -50.266751853707383, -21.586109425010342 ], [ -50.26676481930815, -21.586112081316251 ], [ -50.266797773557435, -21.586119405905045 ], [ -50.266805666005801, -21.586121236761613 ], [ -50.26681390186117, -21.586123254623633 ], [ -50.266830873490619, -21.586127779676485 ], [ -50.266841186182248, -21.586130660261464 ], [ -50.26685501374034, -21.586134680856429 ], [ -50.266893300606526, -21.58614605484367 ], [ -50.266903250496746, -21.58614892287072 ], [ -50.266916722503645, -21.586152555850767 ], [ -50.266927237601536, -21.586155133600109 ], [ -50.266948937355579, -21.586159970047337 ], [ -50.266963717040966, -21.586162932992973 ], [ -50.266973973868872, -21.58616484840277 ], [ -50.26698778028674, -21.586167300886707 ], [ -50.267035870516537, -21.586175535806326 ], [ -50.267050077392192, -21.586178038128626 ], [ -50.267069172858953, -21.586181610085067 ], [ -50.267083932472076, -21.586184587449079 ], [ -50.267114120409659, -21.586191086692274 ], [ -50.267134495578453, -21.586195756571627 ], [ -50.267167413041328, -21.586203694818369 ], [ -50.267251739278677, -21.586224529122987 ], [ -50.267280693959798, -21.586231384703382 ], [ -50.267299014577475, -21.586235474526376 ], [ -50.267330660269799, -21.58624226304477 ], [ -50.267344588921667, -21.586245092071323 ], [ -50.267358386248254, -21.586247772828287 ], [ -50.267385758056932, -21.586252893032558 ], [ -50.267455997728234, -21.586265699453381 ], [ -50.267481869287032, -21.586270735977905 ], [ -50.267494344213759, -21.58627335746332 ], [ -50.267501770658136, -21.586275011571928 ], [ -50.267525408717098, -21.586280474337435 ], [ -50.26753562960009, -21.586282996472168 ], [ -50.26755297486919, -21.586287654759154 ], [ -50.267570125324546, -21.586292571517799 ], [ -50.267614774919068, -21.586305850019201 ], [ -50.267640244789703, -21.586313585308687 ], [ -50.267651783028981, -21.586317206270937 ], [ -50.267666767466025, -21.586322033399995 ], [ -50.267684302220488, -21.586327811933803 ], [ -50.26770105702829, -21.586333565955357 ], [ -50.267743691392397, -21.586348570355 ], [ -50.267759058253837, -21.586353720651818 ], [ -50.267772796391753, -21.586358014818792 ], [ -50.267785044951836, -21.586361593869277 ], [ -50.267823273696862, -21.586372016584363 ], [ -50.267838220544512, -21.586375908826291 ], [ -50.267849431330859, -21.586378730881076 ], [ -50.267868547308304, -21.58638348375333 ], [ -50.267895139070092, -21.586389964778252 ], [ -50.268186086321279, -21.586459834814644 ], [ -50.268205018417639, -21.586464435283961 ], [ -50.268224451849839, -21.586469291578467 ], [ -50.268268052512887, -21.586480582380936 ], [ -50.268303520802384, -21.586489928575961 ], [ -50.268345401853111, -21.586501122315816 ], [ -50.268487859492808, -21.586539427518503 ], [ -50.268529884787768, -21.586550596149028 ], [ -50.268553119122075, -21.58655665610981 ], [ -50.268596175143358, -21.586567608520916 ], [ -50.26861010874714, -21.586571032088919 ], [ -50.268633326369148, -21.586576483185727 ], [ -50.268650025054669, -21.586580218901158 ], [ -50.268744002195291, -21.586600864192874 ], [ -50.26875609837959, -21.586603844755842 ], [ -50.268854679469747, -21.586629193336048 ], [ -50.26889716483295, -21.586640305503057 ], [ -50.268923264238758, -21.586647344542019 ], [ -50.268937721286356, -21.586651326236318 ], [ -50.269023888498808, -21.586675761396783 ], [ -50.269059581142237, -21.586685646825678 ], [ -50.26914711131672, -21.586708875574594 ], [ -50.269159003754559, -21.586711865688169 ], [ -50.269182501438095, -21.586717580669863 ], [ -50.269188238136799, -21.586718887553033 ], [ -50.269194601632364, -21.5867201197476 ], [ -50.269197302796286, -21.586720438336169 ], [ -50.26920442963042, -21.586720949801752 ], [ -50.269206427939238, -21.586721361641242 ], [ -50.269214211501158, -21.586722171969388 ], [ -50.269217609875675, -21.586722445495244 ], [ -50.269220747815574, -21.586722529321449 ], [ -50.269225520337251, -21.586722324407905 ], [ -50.269228143429444, -21.586722008973631 ], [ -50.269231197814051, -21.586721327665504 ], [ -50.269234516047284, -21.586720347932577 ], [ -50.269242174244141, -21.586717880621414 ], [ -50.269246848684048, -21.58671613586187 ], [ -50.269253707384877, -21.586713071879782 ], [ -50.269267645345025, -21.586706106667481 ], [ -50.26927263945376, -21.586703821255401 ], [ -50.26928717498491, -21.586697432570574 ], [ -50.269291283925511, -21.586695434552837 ], [ -50.269304484916688, -21.586688467674087 ], [ -50.269319206349941, -21.586680354125502 ], [ -50.269368785874448, -21.586652605612588 ], [ -50.269395320400022, -21.586638076272283 ], [ -50.26941674154952, -21.58662654319507 ], [ -50.269458710201498, -21.586604177707525 ], [ -50.269468907320459, -21.586598804351969 ], [ -50.269482410553195, -21.586591843898415 ], [ -50.269492637339937, -21.586586735666309 ], [ -50.269506737764083, -21.586579892074042 ] ] ], [ [ [ -50.269738532331914, -21.586579629145383 ], [ -50.269732703623383, -21.586584356224741 ], [ -50.269730098322057, -21.586586410041985 ], [ -50.269726993447733, -21.586588679508043 ], [ -50.269722618116404, -21.586591495068021 ], [ -50.269719442360476, -21.586593385998338 ], [ -50.269714195813762, -21.586596240659052 ], [ -50.269705125276218, -21.586600975389032 ], [ -50.269697434071517, -21.586604801359623 ], [ -50.269692647231132, -21.586606954296276 ], [ -50.269688596704384, -21.586608607155625 ], [ -50.269676605906291, -21.586612966743864 ], [ -50.269668764770252, -21.586615503760552 ], [ -50.269655497446209, -21.586619404069559 ], [ -50.269622147351413, -21.58662875037648 ], [ -50.269609240464803, -21.586632657409378 ], [ -50.269597582975152, -21.586636512930841 ], [ -50.269582080567609, -21.586641906597595 ], [ -50.269574687750932, -21.586644577872427 ], [ -50.269560512724603, -21.586649912095467 ], [ -50.269545157875285, -21.586655844747618 ], [ -50.269494967005876, -21.58667551026409 ], [ -50.269472839266136, -21.58668432784178 ], [ -50.269458277928294, -21.586690325289183 ], [ -50.269449870615986, -21.586694004883075 ], [ -50.269444568603895, -21.586696565309193 ], [ -50.269435277821614, -21.586701369616058 ], [ -50.269429790446523, -21.586704546601641 ], [ -50.269419610472809, -21.586711020160418 ], [ -50.269410466409155, -21.586717128545562 ], [ -50.269401199377533, -21.586723466577766 ], [ -50.269374904546936, -21.58674162601605 ], [ -50.269364395442032, -21.586749019978495 ], [ -50.269355435579641, -21.586755651864344 ], [ -50.269353320966289, -21.586757426451978 ], [ -50.269352072493277, -21.586758664516232 ], [ -50.269350086900573, -21.586761132207219 ], [ -50.269349113249255, -21.586762572629606 ], [ -50.269348506437453, -21.58676370246393 ], [ -50.269347513558451, -21.586766006690819 ], [ -50.269346571404832, -21.586768846911756 ], [ -50.269344783386131, -21.586775356750785 ], [ -50.269344333423135, -21.586777364102971 ], [ -50.269344067553405, -21.586779509241751 ], [ -50.269344098397092, -21.586780704392172 ], [ -50.269344346670579, -21.586782902136765 ], [ -50.269344564765177, -21.586783867523149 ], [ -50.269345196456115, -21.586785541494312 ], [ -50.269346036051942, -21.586787225982668 ], [ -50.269348571945315, -21.58679165398874 ], [ -50.269349414724594, -21.58679293304791 ], [ -50.269350634288166, -21.58679446633823 ], [ -50.269352213971807, -21.586795940825873 ], [ -50.269354761832048, -21.586797955863389 ], [ -50.26935721718403, -21.586799449800466 ], [ -50.269359681790192, -21.586800759681974 ], [ -50.269366571325875, -21.586804182945276 ], [ -50.269370755437514, -21.586806056648943 ], [ -50.269373509475919, -21.586807069070279 ], [ -50.269378753067656, -21.586808689313294 ], [ -50.269384502720726, -21.586809988257997 ], [ -50.269404667293919, -21.586813915219992 ], [ -50.269431143197941, -21.586819343435231 ], [ -50.269454077391302, -21.586824317863819 ], [ -50.269490227210085, -21.58683250946887 ], [ -50.269556020021064, -21.586847630077457 ], [ -50.269585824519268, -21.586854676278492 ], [ -50.269610069045711, -21.586860578810356 ], [ -50.269670638888108, -21.58687565495762 ], [ -50.269725033896989, -21.586889436984858 ], [ -50.269986878833592, -21.586956358285558 ], [ -50.270246228957816, -21.587022920746264 ], [ -50.270297035175346, -21.587035772151342 ], [ -50.27032385919567, -21.587042391576841 ], [ -50.270380040810814, -21.587055773896076 ], [ -50.270398611430892, -21.587060040411554 ], [ -50.270421879490911, -21.587065230661391 ], [ -50.270450930564486, -21.587071538297295 ], [ -50.270578197774391, -21.587098713339358 ], [ -50.270620936731135, -21.58710800978201 ], [ -50.270647113709053, -21.587114079560546 ], [ -50.270679602254347, -21.587121489320356 ], [ -50.270895388737927, -21.587170499893706 ], [ -50.270931135526169, -21.587178746674649 ], [ -50.270953534946045, -21.587184246570235 ], [ -50.270961061678072, -21.587185682677351 ], [ -50.270974591369217, -21.587187772890811 ], [ -50.270992540191088, -21.587190132069882 ], [ -50.271024486128894, -21.58719409005348 ], [ -50.271036129048483, -21.587195328117307 ], [ -50.271046074182692, -21.587196034785716 ], [ -50.271052259135686, -21.587196313085418 ], [ -50.271058089384496, -21.58719620477008 ], [ -50.271062719271008, -21.587195840741696 ], [ -50.271070565630708, -21.587195033263633 ], [ -50.271077546390117, -21.587194116117107 ], [ -50.271080658692732, -21.587193563295465 ], [ -50.271087050768472, -21.587192222451154 ], [ -50.271094381149595, -21.587190384945977 ], [ -50.271112395693713, -21.587185258886642 ], [ -50.271116423051275, -21.587184023266978 ], [ -50.271120672866807, -21.587182554333801 ], [ -50.27112318852064, -21.587181596819988 ], [ -50.271126341112222, -21.587180206612807 ], [ -50.271132175769118, -21.587177378292978 ], [ -50.271135674494751, -21.587175442673011 ], [ -50.271139290545833, -21.587173198693332 ], [ -50.271142907108811, -21.587170785036186 ], [ -50.271158513173553, -21.587159754798122 ], [ -50.271164118941911, -21.587155491851579 ], [ -50.271171027516552, -21.587149573031777 ], [ -50.271172914483827, -21.587147823759675 ], [ -50.271176042519102, -21.58714467138196 ], [ -50.271181279755126, -21.587138944664588 ], [ -50.271191687905052, -21.587127169511643 ], [ -50.271196346682189, -21.587121593966568 ], [ -50.271199075918666, -21.587118155885573 ], [ -50.27122196384223, -21.587087454188485 ], [ -50.271223939691289, -21.587084574014842 ], [ -50.271225988718868, -21.587081213142323 ], [ -50.271227779842334, -21.58707784643277 ], [ -50.271230739621707, -21.587071902500448 ], [ -50.271234366886873, -21.58706388084828 ], [ -50.271243041990346, -21.587043210255285 ], [ -50.271248251744836, -21.587030440035964 ], [ -50.271250890684207, -21.58702353383698 ], [ -50.271252213858823, -21.587019777676865 ], [ -50.271255376226982, -21.587010072640521 ], [ -50.271256804038202, -21.587005191349832 ], [ -50.27125812192768, -21.587000149292454 ], [ -50.271259330227053, -21.586995108553467 ], [ -50.271264045179201, -21.586974105756443 ], [ -50.271266079783658, -21.586965505917114 ], [ -50.271268162825123, -21.586957194855405 ], [ -50.271272624004055, -21.586940051978956 ], [ -50.271278285205092, -21.586919204993734 ], [ -50.271301562359632, -21.586834510495834 ], [ -50.271319126607558, -21.586769976221724 ], [ -50.2713228910224, -21.586756480308669 ], [ -50.271326927925806, -21.586742594114238 ], [ -50.271329469559006, -21.586734243541898 ], [ -50.271335618239789, -21.5867146518592 ], [ -50.271341031466577, -21.586697913224633 ], [ -50.271351020136507, -21.58666819501164 ], [ -50.27137593744942, -21.586595185289834 ], [ -50.271383059348885, -21.58657383858106 ], [ -50.271391500772495, -21.586547686834816 ], [ -50.271397243689719, -21.586529534670856 ], [ -50.271403791259367, -21.586508081434275 ], [ -50.271425933836596, -21.586433302512066 ], [ -50.271434263062034, -21.586404613446831 ], [ -50.271445853072308, -21.586363947823529 ], [ -50.271474420758402, -21.586261474612026 ], [ -50.271480656728286, -21.586238804306866 ], [ -50.271486151641419, -21.58621838933005 ], [ -50.271488814059126, -21.58620814084389 ], [ -50.271494015186526, -21.5861873987519 ], [ -50.271496936985329, -21.586175261485749 ], [ -50.271499798686193, -21.586162260490966 ], [ -50.271502204721273, -21.58615037361854 ], [ -50.271507415902391, -21.586123145677409 ], [ -50.271509188396138, -21.586114239066905 ], [ -50.271512456076493, -21.58609912867346 ], [ -50.271515115868347, -21.586087994089592 ], [ -50.271520369308249, -21.586067009551179 ], [ -50.271526017985437, -21.586045844797578 ], [ -50.271532356936561, -21.586022924373207 ], [ -50.271546252126669, -21.585973365238594 ], [ -50.27155307437404, -21.585948339542494 ], [ -50.271557732868708, -21.585930569645438 ], [ -50.271560175661655, -21.585920847117894 ], [ -50.27157002433669, -21.585880074463898 ], [ -50.271574823054621, -21.585859338223013 ], [ -50.271581599042356, -21.585829000703733 ], [ -50.271605634894385, -21.585718236869536 ], [ -50.271611096165259, -21.585693406112483 ], [ -50.271616431122055, -21.585669693076962 ], [ -50.271622946892677, -21.585641939367427 ], [ -50.271630955746069, -21.585609093030452 ], [ -50.271634531015053, -21.585594939888736 ], [ -50.27164086368024, -21.585571037898365 ], [ -50.271647343267347, -21.585547500109715 ], [ -50.27166691892559, -21.58547798158067 ], [ -50.271677028236738, -21.585442753231472 ], [ -50.271684435113308, -21.585417863743508 ], [ -50.271687465198042, -21.58540800876613 ], [ -50.271691604930076, -21.585395143170061 ], [ -50.271699777643846, -21.585370997078446 ], [ -50.271702615255059, -21.585362392133781 ], [ -50.271705203279836, -21.585353645042932 ], [ -50.271706338078822, -21.58534933044222 ], [ -50.271707514174814, -21.585343853117987 ], [ -50.271709360587536, -21.585333621582397 ], [ -50.271709991606542, -21.585329036540461 ], [ -50.271710558485552, -21.585322405565023 ], [ -50.271710777542481, -21.585318970519101 ], [ -50.271711010272696, -21.585312492931678 ], [ -50.271711579549297, -21.585282688464737 ], [ -50.271711817285997, -21.585274426043334 ], [ -50.271712154942172, -21.585266825782497 ], [ -50.271712371615891, -21.585263010772174 ], [ -50.271712766044281, -21.58525841631327 ], [ -50.271714466308616, -21.585244295171496 ], [ -50.271714619352373, -21.585240594232353 ], [ -50.271714558791629, -21.585239190853134 ], [ -50.271714364455818, -21.585238148374742 ], [ -50.271714155647089, -21.585237530219388 ], [ -50.271709003296245, -21.585226121758812 ], [ -50.271707526903583, -21.585223276370904 ], [ -50.271706029534002, -21.585221002999827 ], [ -50.271705008729334, -21.585219608032467 ], [ -50.271703088355736, -21.585217268512359 ], [ -50.271699539396273, -21.585213194669929 ], [ -50.271698412797178, -21.585212023257487 ], [ -50.271696690234265, -21.585210532668082 ], [ -50.271694597309988, -21.585209143857025 ], [ -50.271690417617904, -21.585206885888372 ], [ -50.271686115362733, -21.585205095630151 ], [ -50.271670123882821, -21.585199407414844 ], [ -50.271660772188802, -21.585196320557987 ], [ -50.271657417513929, -21.585195413738639 ], [ -50.271585352510101, -21.585177441259546 ], [ -50.271571253554285, -21.585173980266433 ], [ -50.271556407581407, -21.585170445309114 ], [ -50.271533583363464, -21.585165234330198 ], [ -50.271516592753542, -21.585161500702835 ], [ -50.271447569870745, -21.585146816523689 ], [ -50.271320833306689, -21.585120174346461 ], [ -50.270977037755529, -21.585048154825802 ], [ -50.270531534163574, -21.584955033135788 ], [ -50.270404060689472, -21.584928747778875 ], [ -50.270195674926008, -21.58488647107167 ], [ -50.270110618634313, -21.58486906100536 ], [ -50.270032724686217, -21.58485292969976 ], [ -50.269885786361279, -21.584822240293654 ], [ -50.269832288343125, -21.584811202789865 ], [ -50.26978888339459, -21.584802392688282 ], [ -50.269758171338673, -21.584796300223903 ], [ -50.269588499828835, -21.584763314696907 ], [ -50.269389954439859, -21.584724587795556 ], [ -50.269328056196429, -21.584712414251438 ], [ -50.269239762763618, -21.584694873757439 ], [ -50.269034483855137, -21.584653634895652 ], [ -50.268920305519892, -21.584630544125478 ], [ -50.268828888407953, -21.584611830914888 ], [ -50.268654282281005, -21.584575585389519 ], [ -50.268600601116411, -21.58456460668571 ], [ -50.268557144948218, -21.58455600132271 ], [ -50.268496068856663, -21.584544285885617 ], [ -50.26844606054749, -21.584535110348693 ], [ -50.268287336393492, -21.584506849731028 ], [ -50.268251203266288, -21.584500326186049 ], [ -50.268214758915022, -21.584493617489727 ], [ -50.268163331401567, -21.584484033115064 ], [ -50.268122841221384, -21.584476321340929 ], [ -50.267988134165002, -21.584450249499483 ], [ -50.267940318206094, -21.584441079968006 ], [ -50.267912293561331, -21.584435819511398 ], [ -50.267873479661667, -21.584428740686029 ], [ -50.26785579468563, -21.584425620929295 ], [ -50.267834721265345, -21.584422061888013 ], [ -50.267765529854302, -21.584411043825778 ], [ -50.267738933334606, -21.584407055175838 ], [ -50.267723927406593, -21.584405078795939 ], [ -50.26771669792776, -21.584404226975618 ], [ -50.267708848193948, -21.584403597857353 ], [ -50.267703480864043, -21.584403440104325 ], [ -50.267691757213726, -21.58440343654545 ], [ -50.267687496671073, -21.584403592505165 ], [ -50.267684248870921, -21.584403832313523 ], [ -50.267675750565104, -21.58440480813179 ], [ -50.267669198446413, -21.584405900458183 ], [ -50.267651454944982, -21.584409422323645 ], [ -50.267647295971045, -21.584410373511492 ], [ -50.26764306362692, -21.584411492299861 ], [ -50.267638865724933, -21.584412808113818 ], [ -50.267629441112042, -21.584416257002609 ], [ -50.267625674680367, -21.584417813146096 ], [ -50.267621781827486, -21.584419542792773 ], [ -50.26761526427368, -21.584422577558112 ], [ -50.267595434619352, -21.584432215290978 ], [ -50.267585639639705, -21.584437206570708 ], [ -50.267581749074296, -21.584439372766909 ], [ -50.267577280251395, -21.584442084591203 ], [ -50.267574796672513, -21.584443652098564 ], [ -50.267572658799665, -21.584445152397826 ], [ -50.267569759126928, -21.584447506943981 ], [ -50.267567930645725, -21.584449224235716 ], [ -50.267551886338353, -21.584465651867152 ], [ -50.267549082432566, -21.584468326555225 ], [ -50.267540101798495, -21.584476323116295 ], [ -50.267508448768069, -21.584504014732975 ], [ -50.267500168026373, -21.584511480135838 ], [ -50.267490777947117, -21.584520244093646 ], [ -50.267480415304576, -21.584530275380576 ], [ -50.26746343430586, -21.584547195076887 ], [ -50.267456573431247, -21.584554174901552 ], [ -50.267450563449366, -21.584560621321913 ], [ -50.267446119884113, -21.58456570654737 ], [ -50.267437413262194, -21.584576301437291 ], [ -50.26743408281429, -21.584580550554168 ], [ -50.267428040953746, -21.584588671656888 ], [ -50.26742289439337, -21.584595848776083 ], [ -50.267524909510875, -21.58462135255094 ], [ -50.267526579840954, -21.584621779523999 ], [ -50.267636745971508, -21.584650561661654 ], [ -50.267747909656848, -21.584678352577999 ], [ -50.267859909558872, -21.5847063525488 ], [ -50.267860895925686, -21.584706602410879 ], [ -50.267972068978658, -21.58473513354425 ], [ -50.268082230292634, -21.58476070670147 ], [ -50.268083254324885, -21.584760947899458 ], [ -50.268196254224996, -21.584787947871089 ], [ -50.268196574705854, -21.584788024787898 ], [ -50.268306787436501, -21.584814593924548 ], [ -50.268419607377531, -21.584839119994051 ], [ -50.268532224532557, -21.584863038677668 ], [ -50.268533576542332, -21.584863331806229 ], [ -50.268645618582873, -21.584888119864509 ], [ -50.268759261367727, -21.584911836615394 ], [ -50.268871864359532, -21.58493475580438 ], [ -50.268873989836869, -21.584935203120747 ], [ -50.268986986036758, -21.58495976750865 ], [ -50.269099970548801, -21.584981381932572 ], [ -50.269101051573379, -21.584981592502622 ], [ -50.269217051467251, -21.585004592477645 ], [ -50.269218657973553, -21.585004919369059 ], [ -50.269331642485078, -21.585028498742147 ], [ -50.269444615699406, -21.585049128629077 ], [ -50.26944865799554, -21.585049919365634 ], [ -50.26956176691295, -21.585073524701645 ], [ -50.269673865846279, -21.585094174500828 ], [ -50.26967497071545, -21.585094381945339 ], [ -50.269789970609686, -21.585116381921306 ], [ -50.269791318208334, -21.585116645576406 ], [ -50.269906053821003, -21.585139592695118 ], [ -50.270022380217675, -21.585162460273512 ], [ -50.270136970640323, -21.585184381915642 ], [ -50.270138318240285, -21.585184645571001 ], [ -50.270253318135225, -21.585207645546063 ], [ -50.270254658072666, -21.585207919353682 ], [ -50.270368988763828, -21.585231779668067 ], [ -50.270483318273079, -21.585254645565776 ], [ -50.27059831816802, -21.585277645540838 ], [ -50.270600224852245, -21.585278038672488 ], [ -50.270712272849778, -21.585301836473629 ], [ -50.270826318190018, -21.585324645537451 ], [ -50.270827939196636, -21.585324978260267 ], [ -50.270941129660322, -21.585348807827859 ], [ -50.271055318212007, -21.585371645533996 ], [ -50.271055864681706, -21.585371755794736 ], [ -50.271168864578748, -21.58539475576988 ], [ -50.271170515312249, -21.585395100618282 ], [ -50.271282515211084, -21.585419100592595 ], [ -50.271283576827919, -21.585419331769682 ], [ -50.271395362956326, -21.585444063210332 ], [ -50.271506144609376, -21.585466813009802 ], [ -50.271439855322178, -21.585749186979417 ], [ -50.271431702426582, -21.585747512723792 ], [ -50.27136742306805, -21.586001668227205 ], [ -50.271254859288554, -21.585976764732166 ], [ -50.271140214407104, -21.585952056779618 ], [ -50.2710281351278, -21.585929244178757 ], [ -50.271026009856314, -21.585928796905574 ], [ -50.270911009868904, -21.585903796904113 ], [ -50.270796009881479, -21.585878796902662 ], [ -50.270681675120379, -21.585853941515904 ], [ -50.270567341700755, -21.585830080624067 ], [ -50.270566009906176, -21.585829796899706 ], [ -50.27045167514575, -21.585804941513089 ], [ -50.270337341840566, -21.585781080645116 ], [ -50.270222341736215, -21.585757080619281 ], [ -50.270221009942979, -21.585756796895215 ], [ -50.270107343126021, -21.585732086713985 ], [ -50.269993681587344, -21.585709354401871 ], [ -50.269991009967192, -21.585708796892188 ], [ -50.269876675204408, -21.585683941505053 ], [ -50.269762480096027, -21.585660109478216 ], [ -50.269646618358571, -21.585636138080154 ], [ -50.269646341911042, -21.585636080635478 ], [ -50.269532144135482, -21.585612248052502 ], [ -50.269416948216659, -21.585589407478192 ], [ -50.269416681759317, -21.585589354416449 ], [ -50.269301681654262, -21.58556635439151 ], [ -50.269297686300156, -21.585565503364599 ], [ -50.269184543254404, -21.585539923194155 ], [ -50.269073219098466, -21.585517463053236 ], [ -50.268959029174411, -21.585495618020204 ], [ -50.2689574108621, -21.585495299983762 ], [ -50.268844219119366, -21.585472463049616 ], [ -50.2687300291947, -21.585450618016473 ], [ -50.268728681824484, -21.585450354405964 ], [ -50.268614354891952, -21.585427489015807 ], [ -50.268501837452895, -21.585405963937198 ], [ -50.268390653901982, -21.585387269353753 ], [ -50.268387029339351, -21.585386618032818 ], [ -50.268273266026689, -21.585364854613179 ], [ -50.26816050668198, -21.585345072267973 ], [ -50.268157503779065, -21.585344516594002 ], [ -50.268045881008376, -21.5853227847239 ], [ -50.267934263341495, -21.585303029380601 ], [ -50.267821263236506, -21.585283029358425 ], [ -50.267818768760996, -21.585282567945757 ], [ -50.267706706560048, -21.585260941903936 ], [ -50.267595653960257, -21.585242269338789 ], [ -50.267591503826516, -21.585241516584421 ], [ -50.267479757676625, -21.585219760693548 ], [ -50.267369015680053, -21.585199985333041 ], [ -50.267426984259131, -21.584916014657928 ], [ -50.267538984155188, -21.584936014635787 ], [ -50.267541496211692, -21.58493648342947 ], [ -50.26765242654907, -21.584958080483332 ], [ -50.267705554874979, -21.584967013562672 ], [ -50.267668090376418, -21.584957647436397 ], [ -50.267556090278447, -21.584929647407211 ], [ -50.267554420171621, -21.584929220491077 ], [ -50.267444253963177, -21.584900438323924 ], [ -50.267333090310593, -21.584872647405799 ], [ -50.267331764916037, -21.584872310147325 ], [ -50.267269939753412, -21.584856301843686 ], [ -50.267248933437514, -21.584900323297525 ], [ -50.267242619231652, -21.584913304555524 ], [ -50.267234758336109, -21.584929207955852 ], [ -50.267229914064785, -21.584938893325024 ], [ -50.267222879831102, -21.584952638382013 ], [ -50.267203778579855, -21.584989155226587 ], [ -50.267193310092793, -21.585008791785022 ], [ -50.267179882196231, -21.585032985909365 ], [ -50.267169742136979, -21.585050552445086 ], [ -50.26713509260194, -21.585109723935854 ], [ -50.26711317204591, -21.585153322971262 ], [ -50.267102086874523, -21.585175105181452 ], [ -50.267081799969453, -21.585214350738685 ], [ -50.267065468200862, -21.585245375185618 ], [ -50.267044754665264, -21.585284212518705 ], [ -50.267024343318965, -21.585321791033174 ], [ -50.267011435106781, -21.585345296683052 ], [ -50.26698712282883, -21.585389006573347 ], [ -50.26707531831827, -21.585406645668218 ], [ -50.267117627076637, -21.585415107418449 ], [ -50.267170318221687, -21.585184645652284 ], [ -50.267285318116613, -21.585207645627353 ], [ -50.267288576699194, -21.58520833186396 ], [ -50.267401283416085, -21.585233266974246 ], [ -50.267515989863966, -21.585258203154254 ], [ -50.26751731371629, -21.585258496698071 ], [ -50.267631369100002, -21.585284283128697 ], [ -50.26774676616914, -21.585308940617832 ], [ -50.267863109269605, -21.585332805864905 ], [ -50.267865281018238, -21.585333266713455 ], [ -50.267977932117851, -21.585357970898336 ], [ -50.268095577758899, -21.585381697745738 ], [ -50.268097421838611, -21.585382080705347 ], [ -50.268214421732885, -21.585407080678561 ], [ -50.26821470368921, -21.58540714118525 ], [ -50.268329121105694, -21.585431800107674 ], [ -50.268445531206005, -21.585454490207457 ], [ -50.268447871370398, -21.58545496406008 ], [ -50.268565703260954, -21.585479718655204 ], [ -50.268682531227974, -21.585502490203741 ], [ -50.268686157418699, -21.58550323962859 ], [ -50.268803222787412, -21.585528816932495 ], [ -50.268920029165926, -21.585551392950709 ], [ -50.269040780878846, -21.585574345751539 ], [ -50.269042577969955, -21.58557469775571 ], [ -50.269160803377481, -21.585598541531628 ], [ -50.269279904086225, -21.585621369163263 ], [ -50.26940078091026, -21.585644345745617 ], [ -50.269401277339007, -21.585644440900779 ], [ -50.269520277229716, -21.585667440875692 ], [ -50.269520811266325, -21.585667545012107 ], [ -50.269642419420677, -21.585691467923773 ], [ -50.269762027153462, -21.585714392735099 ], [ -50.269764077204364, -21.585714799224938 ], [ -50.269885697994489, -21.585739721513931 ], [ -50.270004550544648, -21.58576349202005 ], [ -50.270124659843695, -21.585786322709041 ], [ -50.270246538570049, -21.58580929984193 ], [ -50.270249602679137, -21.585809907784569 ], [ -50.270368073929973, -21.58583458929159 ], [ -50.270488538591387, -21.585857299837972 ], [ -50.270490318539636, -21.585857645602267 ], [ -50.270610318429988, -21.585881645576251 ], [ -50.270611602714197, -21.585881907779267 ], [ -50.270730073963819, -21.58590658928604 ], [ -50.270850538623378, -21.585929299832074 ], [ -50.270852841806345, -21.585929751129985 ], [ -50.270970841698812, -21.585953751104022 ], [ -50.270911408463732, -21.586209367291602 ], [ -50.271019602754826, -21.586231907765118 ], [ -50.270960215276908, -21.586481265386624 ], [ -50.271025144838454, -21.586495021647064 ], [ -50.270956855091278, -21.5867769783417 ], [ -50.270838854984468, -21.586751978314865 ], [ -50.270836272353719, -21.586751409304807 ], [ -50.270719697050993, -21.586724735290957 ], [ -50.270602642677211, -21.586700144031475 ], [ -50.270485157921378, -21.586676248822645 ], [ -50.270483855140988, -21.586675978335361 ], [ -50.270365855034179, -21.586650978308526 ], [ -50.27036539396164, -21.586650879929611 ], [ -50.27024462442801, -21.586624929447055 ], [ -50.270127766970823, -21.586600171507303 ], [ -50.270008681205148, -21.586576354349749 ], [ -50.270006855190253, -21.586575978328838 ], [ -50.269888855083458, -21.586550978302 ], [ -50.269887842257504, -21.586550760368826 ], [ -50.269788284737928, -21.586529008302289 ], [ -50.269783677218172, -21.586534034488871 ], [ -50.269776943552166, -21.586541153503976 ], [ -50.269754417081401, -21.586564451029872 ], [ -50.269747939394051, -21.586570950897688 ], [ -50.269741022222348, -21.586577473149973 ], [ -50.269738532331914, -21.586579629145383 ] ] ], [ [ [ -50.26683279309114, -21.585612717502091 ], [ -50.266834630931697, -21.585597622077621 ], [ -50.266835390030209, -21.585590017113521 ], [ -50.266835762764202, -21.585582627145421 ], [ -50.266835774929561, -21.585579586022494 ], [ -50.266835555745033, -21.585574762164903 ], [ -50.266833840231001, -21.58555267209211 ], [ -50.266833512079813, -21.585549539387095 ], [ -50.266831833150455, -21.585540788721616 ], [ -50.266831554515328, -21.585539664355021 ], [ -50.266831058605561, -21.585538174573127 ], [ -50.266830188482295, -21.585536239662172 ], [ -50.266824458127459, -21.585525121290072 ], [ -50.26682296759666, -21.585522507688836 ], [ -50.266821380142446, -21.585520410664977 ], [ -50.266820329256852, -21.585519378696411 ], [ -50.266818054347198, -21.585517413746789 ], [ -50.266817098486293, -21.585516693124099 ], [ -50.266815988251494, -21.585516010164703 ], [ -50.266814904611479, -21.585515535210352 ], [ -50.266812925315229, -21.585514877075141 ], [ -50.266811698594083, -21.585514666188018 ], [ -50.266809941265734, -21.58551457163157 ], [ -50.266807871729796, -21.585514605157158 ], [ -50.266801304813299, -21.585514927092632 ], [ -50.266797262679944, -21.585515000089153 ], [ -50.26679045538269, -21.585514996074167 ], [ -50.266769793939972, -21.585514763977589 ], [ -50.266761083691215, -21.585514831723984 ], [ -50.266733121670683, -21.585515586246146 ], [ -50.266664965110252, -21.585518085714057 ], [ -50.266641910652154, -21.585518808924018 ], [ -50.266632376417476, -21.585518995469172 ], [ -50.266618513506344, -21.585519101007478 ], [ -50.266607084442221, -21.585518997821563 ], [ -50.26659568993378, -21.585518561267996 ], [ -50.266572050155233, -21.585517125000141 ], [ -50.266558959230913, -21.58551620958605 ], [ -50.266542594961251, -21.585514863736456 ], [ -50.26652329710975, -21.585513038604624 ], [ -50.2664878856787, -21.585509500156647 ], [ -50.266475765989455, -21.585508082858691 ], [ -50.266466594635759, -21.585506593476335 ], [ -50.266462406942509, -21.585505807923585 ], [ -50.266457171253769, -21.585504688581473 ], [ -50.266448979568835, -21.585502755382532 ], [ -50.266443302691023, -21.58550127737746 ], [ -50.266429219413617, -21.585497059967128 ], [ -50.266425145407659, -21.585495712704091 ], [ -50.266420939968057, -21.585494155751128 ], [ -50.266403751880972, -21.585486865008896 ], [ -50.266348955565114, -21.585463152463468 ], [ -50.266270796768829, -21.585428873306242 ], [ -50.266262187403967, -21.585425240140971 ], [ -50.266255658419077, -21.585422633503288 ], [ -50.266251703819385, -21.58542110670566 ], [ -50.266245961486185, -21.585419078183023 ], [ -50.266233404262422, -21.585415063307927 ], [ -50.266226791856482, -21.585413133098676 ], [ -50.266221705216637, -21.58541185593338 ], [ -50.266213297954828, -21.585409955917886 ], [ -50.266201753237787, -21.585407725868283 ], [ -50.266184738259618, -21.585404643116249 ], [ -50.266175002051995, -21.585402961549949 ], [ -50.266163470705706, -21.585401296152281 ], [ -50.266156402396014, -21.585400584914588 ], [ -50.266142937409526, -21.585399814434073 ], [ -50.266137906453139, -21.585399713619481 ], [ -50.266134535182445, -21.585399767542427 ], [ -50.266129031100441, -21.585399938214131 ], [ -50.266121914240998, -21.585400349480125 ], [ -50.266101293244674, -21.585401973007841 ], [ -50.266087836171039, -21.585403169826343 ], [ -50.266081608973373, -21.585403842307514 ], [ -50.266076281284448, -21.585404590148389 ], [ -50.266068729227626, -21.585405851229233 ], [ -50.266065689346625, -21.58540646677006 ], [ -50.266061063312144, -21.585407677324493 ], [ -50.26605777705258, -21.585408719629374 ], [ -50.266041137923168, -21.585414775813746 ], [ -50.266036335136263, -21.585416591608553 ], [ -50.266034825142398, -21.585417237265723 ], [ -50.266030903008271, -21.585419778608713 ], [ -50.266012085822524, -21.585432321288163 ], [ -50.266010725669204, -21.585433468076921 ], [ -50.266007511514985, -21.585436666902186 ], [ -50.265995417466939, -21.585449325540051 ], [ -50.265993398438134, -21.585451647131723 ], [ -50.265992407589913, -21.585452919492067 ], [ -50.265990311901945, -21.585456191850639 ], [ -50.265989840143924, -21.585457203309279 ], [ -50.26598954637727, -21.585458124236748 ], [ -50.265989246193385, -21.585459819322661 ], [ -50.265989101110364, -21.585464070684697 ], [ -50.265989379819757, -21.585467227185923 ], [ -50.26599028871599, -21.585472542040488 ], [ -50.265991242063677, -21.585477283761492 ], [ -50.265997295546128, -21.585503774077928 ], [ -50.266000123639948, -21.585515212359166 ], [ -50.26600427257091, -21.585530629038693 ], [ -50.266025459847867, -21.585603980344754 ], [ -50.266027752092555, -21.585612207300699 ], [ -50.266028930509165, -21.585616765910395 ], [ -50.266030756124962, -21.585624467582289 ], [ -50.26603283965909, -21.585634766440116 ], [ -50.26603831294927, -21.585664927354273 ], [ -50.266038422994981, -21.585665888879952 ], [ -50.266038456017071, -21.585668681873386 ], [ -50.266038289598455, -21.585676125041573 ], [ -50.266037117513434, -21.585709641646403 ], [ -50.26603695640032, -21.585719200506137 ], [ -50.266037197773194, -21.585726641527462 ], [ -50.266037509635581, -21.585731365431265 ], [ -50.266038265861638, -21.585737975679784 ], [ -50.266039765100636, -21.585748585819012 ], [ -50.266041270491669, -21.585757489230968 ], [ -50.266044533885271, -21.585772826492391 ], [ -50.266047005829073, -21.585783329233713 ], [ -50.266060298280138, -21.585838098738698 ], [ -50.266062649865532, -21.585848234767724 ], [ -50.266065176247608, -21.585859665149219 ], [ -50.266066553913916, -21.585866178254872 ], [ -50.266068057955593, -21.585874165264599 ], [ -50.26607096012917, -21.585892199558007 ], [ -50.26607177425754, -21.585896174214714 ], [ -50.266072819353909, -21.585900041265003 ], [ -50.266073353248501, -21.585901640696843 ], [ -50.266074151986345, -21.58590363394417 ], [ -50.266077484843784, -21.585910455230472 ], [ -50.266078984325688, -21.585912996620404 ], [ -50.266081556959506, -21.585916628861206 ], [ -50.266085050473251, -21.585921037956435 ], [ -50.266097771361409, -21.585935719296863 ], [ -50.266103015248973, -21.585941465928904 ], [ -50.266105884611171, -21.585944386507336 ], [ -50.26611081194288, -21.58594916460709 ], [ -50.266112963980973, -21.585951114086228 ], [ -50.266116536939492, -21.58595414352224 ], [ -50.266126558829093, -21.585962033704291 ], [ -50.266134130329135, -21.585967843085708 ], [ -50.266139056435264, -21.585971322635672 ], [ -50.266141589568122, -21.585972842141047 ], [ -50.266143308325333, -21.585973640039114 ], [ -50.266180966497323, -21.585989728304739 ], [ -50.266188303221668, -21.585992602125369 ], [ -50.266198383241793, -21.585996142025685 ], [ -50.266206831878222, -21.585998827016507 ], [ -50.266316705912516, -21.586031696436052 ], [ -50.266330289488181, -21.586036003137011 ], [ -50.266338788474201, -21.586038889832807 ], [ -50.266355304933334, -21.586044854884697 ], [ -50.266365853379483, -21.586048923055095 ], [ -50.26637754160592, -21.586053667735467 ], [ -50.26641338053058, -21.586068784428782 ], [ -50.266422630005025, -21.586072537130256 ], [ -50.266435096709607, -21.586077157531861 ], [ -50.266439292563625, -21.586078579299215 ], [ -50.266444768485222, -21.586080289209644 ], [ -50.266461400721262, -21.586084994868777 ], [ -50.266470561200343, -21.586087358948213 ], [ -50.266478062057296, -21.586089049024842 ], [ -50.266487359976097, -21.586091001160383 ], [ -50.266493661797071, -21.586092237880482 ], [ -50.266509406883479, -21.586095133949417 ], [ -50.26655504260188, -21.586103233327265 ], [ -50.266575621858472, -21.586106832278578 ], [ -50.266590423639549, -21.586109328294551 ], [ -50.26659628332628, -21.586110230646838 ], [ -50.266599156942021, -21.586110572521957 ], [ -50.266603039468869, -21.586110741019361 ], [ -50.266604341599077, -21.5861107011917 ], [ -50.266606587990964, -21.586110271053915 ], [ -50.266607478281536, -21.586109912859175 ], [ -50.266609452015402, -21.586108796481323 ], [ -50.266610601301615, -21.586108034209449 ], [ -50.266612141706823, -21.586106566788096 ], [ -50.266614902989367, -21.586103187879306 ], [ -50.266617171131216, -21.586100060190869 ], [ -50.266622794803261, -21.586091972989447 ], [ -50.266626270629743, -21.586086651347728 ], [ -50.26662785049767, -21.586084009541466 ], [ -50.266631138364119, -21.586078199472613 ], [ -50.266634493165668, -21.586071896485613 ], [ -50.26664761827837, -21.586045909867703 ], [ -50.266650669920253, -21.586039704376212 ], [ -50.266654505653186, -21.58603158439066 ], [ -50.266657019387154, -21.586025776777138 ], [ -50.266675220060264, -21.585981919710409 ], [ -50.266682811316151, -21.585964070581593 ], [ -50.266687354050738, -21.585953550599712 ], [ -50.266689619940507, -21.585948538507157 ], [ -50.266691001114424, -21.585945742645482 ], [ -50.266693010685117, -21.585942128083797 ], [ -50.266693975659642, -21.585940612711166 ], [ -50.266695401877008, -21.585938769511216 ], [ -50.26670091798858, -21.585933137085945 ], [ -50.266706501665979, -21.585927807654691 ], [ -50.266720714901311, -21.585914741521702 ], [ -50.26672168772744, -21.585913556711354 ], [ -50.266723225583846, -21.585910965036334 ], [ -50.266724653230334, -21.58590792491978 ], [ -50.266726942812205, -21.585902417370807 ], [ -50.266730075656746, -21.585894348400597 ], [ -50.266733881435563, -21.585883729954311 ], [ -50.266751851155981, -21.585831996199815 ], [ -50.266758219154113, -21.585814529300638 ], [ -50.266761272617039, -21.585806813043643 ], [ -50.26677624400687, -21.585770785308814 ], [ -50.266780064041697, -21.585761259116886 ], [ -50.266791314049762, -21.585731848245842 ], [ -50.266813814641232, -21.585672087302129 ], [ -50.266822957497013, -21.585647470801298 ], [ -50.266826815653602, -21.585636542506723 ], [ -50.266827863905533, -21.585633332533188 ], [ -50.26682900300294, -21.585629466253597 ], [ -50.266830876865995, -21.58562252071669 ], [ -50.266831574295828, -21.585619563217467 ], [ -50.26683279309114, -21.585612717502091 ] ] ], [ [ [ -50.267109755075857, -21.584815563210107 ], [ -50.267109414450118, -21.584815476896051 ], [ -50.267000418124951, -21.584787732372607 ], [ -50.266960941733316, -21.584778215740748 ], [ -50.266905496676699, -21.585037645227299 ], [ -50.266838433943299, -21.585284921988396 ], [ -50.266824678580299, -21.585321550238387 ], [ -50.266738296480675, -21.585477686456617 ], [ -50.266760562869521, -21.585476000149395 ], [ -50.266791398406838, -21.585475287794193 ], [ -50.266836789735613, -21.585465309982542 ], [ -50.266875386447587, -21.585454030031926 ], [ -50.266947290571792, -21.585401337837688 ], [ -50.2670611817449, -21.585204222512601 ], [ -50.267128525005184, -21.585066696125182 ], [ -50.267241257121682, -21.584848875089612 ], [ -50.267220259545695, -21.584843438216378 ], [ -50.267109755075857, -21.584815563210107 ] ] ], [ [ [ -50.265922671699521, -21.584801550991131 ], [ -50.265943913725927, -21.584796121771827 ], [ -50.26598920960371, -21.584785577800119 ], [ -50.266004313902307, -21.584782163212715 ], [ -50.266014427014959, -21.584779978980862 ], [ -50.266022017705659, -21.584778567421015 ], [ -50.266075297897473, -21.584769620691379 ], [ -50.26609302161377, -21.58476748725008 ], [ -50.266109251111196, -21.584766415459505 ], [ -50.266123944205873, -21.584766413260912 ], [ -50.266137113471004, -21.584767484124519 ], [ -50.266148311246702, -21.584768499508517 ], [ -50.266157641886764, -21.584769464797287 ], [ -50.266165098973701, -21.584770379674897 ], [ -50.266170806981258, -21.584771271080772 ], [ -50.266179596665765, -21.584773753435599 ], [ -50.266188733469981, -21.584778398758512 ], [ -50.266195177487973, -21.584782353852884 ], [ -50.266201309029213, -21.584787282541221 ], [ -50.266207200389438, -21.584793219499861 ], [ -50.266212854594478, -21.584800161975537 ], [ -50.266218308953263, -21.584808172893375 ], [ -50.266224269134298, -21.584820398681941 ], [ -50.266230761935553, -21.584836867286477 ], [ -50.266237795694231, -21.58485759078124 ], [ -50.266245366990731, -21.584882552019444 ], [ -50.266252435864878, -21.584908256708818 ], [ -50.266258980315527, -21.584934628474318 ], [ -50.266265002938127, -21.58496166980051 ], [ -50.2662705134655, -21.584989423895227 ], [ -50.266277280474561, -21.585022272663725 ], [ -50.266285309669307, -21.585060243265488 ], [ -50.266294600953422, -21.585103335147551 ], [ -50.266315193029442, -21.585197795039008 ], [ -50.266324714950187, -21.585242065855322 ], [ -50.266342205297732, -21.585324664338955 ], [ -50.266350919973668, -21.585358825733337 ], [ -50.266359863095644, -21.585386855385686 ], [ -50.266369022560816, -21.58540873862319 ], [ -50.266378426858438, -21.585424553643541 ], [ -50.266385661795063, -21.585436532988219 ], [ -50.266390686418454, -21.585444608513058 ], [ -50.266393362119835, -21.585448577043987 ], [ -50.266400504448661, -21.585451068028288 ], [ -50.266413617268753, -21.585455447554569 ], [ -50.266458549418438, -21.585470299545637 ], [ -50.266486075513001, -21.585477794954549 ], [ -50.266515580499359, -21.585484355482336 ], [ -50.266547063935946, -21.58548998032369 ], [ -50.266580523578355, -21.585494668600013 ], [ -50.266613868196409, -21.585498078210655 ], [ -50.266647097475314, -21.585500209168977 ], [ -50.266680211569749, -21.585501061536885 ], [ -50.266713215490142, -21.585500635295993 ], [ -50.266724710229205, -21.585500149449956 ], [ -50.266823755397176, -21.585321124651717 ], [ -50.266837467833703, -21.585284610707749 ], [ -50.266904510823515, -21.585037406746153 ], [ -50.266959955713489, -21.584777978039497 ], [ -50.266889425384022, -21.584760975189134 ], [ -50.266966574537776, -21.584481024797501 ], [ -50.267011666300959, -21.584491895131453 ], [ -50.267034583233517, -21.584357099447452 ], [ -50.267065117181652, -21.584276880822028 ], [ -50.267044459527582, -21.584272838714845 ], [ -50.265637674438423, -21.583980956083575 ], [ -50.265686641252252, -21.584189179532959 ], [ -50.265723864011164, -21.584196755845369 ], [ -50.265726280463042, -21.584197266694726 ], [ -50.265840280360514, -21.584222266668032 ], [ -50.265769719567146, -21.584503733320201 ], [ -50.265751912635054, -21.58449982829065 ], [ -50.265822956378095, -21.584852789168316 ], [ -50.265826421667015, -21.584848402983532 ], [ -50.265830862447793, -21.584843522541092 ], [ -50.265836103882414, -21.584838926145334 ], [ -50.265842143144745, -21.584834611064494 ], [ -50.265848978890773, -21.584830574361753 ], [ -50.265856564921407, -21.584826833723803 ], [ -50.265864637104016, -21.584823014005497 ], [ -50.265873195619392, -21.584819115048486 ], [ -50.265882240619504, -21.584815136727478 ], [ -50.265891762098498, -21.584811083191468 ], [ -50.265905308127145, -21.584806529345975 ], [ -50.265922671699521, -21.584801550991131 ] ] ], [ [ [ -50.267581498873668, -21.584377545072851 ], [ -50.267561700827599, -21.584373431631807 ], [ -50.267492383793098, -21.584359585556108 ], [ -50.267388919925097, -21.584339200672595 ], [ -50.267066493239398, -21.584276116479181 ], [ -50.267035582889299, -21.58435726903668 ], [ -50.267012654295904, -21.584492133308764 ], [ -50.267078574438969, -21.584508024769164 ], [ -50.267080585563953, -21.584508523118661 ], [ -50.267190415210841, -21.584536479751385 ], [ -50.267301244746115, -21.584564436746504 ], [ -50.267302235098221, -21.58456468986796 ], [ -50.267390792220723, -21.584587619833517 ], [ -50.267403498726445, -21.584574712510225 ], [ -50.267435002872773, -21.584531171881093 ], [ -50.267469704244313, -21.584482980538173 ], [ -50.26754702285681, -21.584435400724246 ], [ -50.267572990205245, -21.584410918872038 ], [ -50.26758171350702, -21.584389329660024 ], [ -50.267581498873668, -21.584377545072851 ] ] ], [ [ [ -50.263687064114649, -21.585257696863245 ], [ -50.263690617485715, -21.585266286900882 ], [ -50.263695661897025, -21.585280018449311 ], [ -50.263699791697825, -21.58529153898602 ], [ -50.263702996015525, -21.58530117484332 ], [ -50.263705274850018, -21.585308926021312 ], [ -50.263706628201028, -21.585314792520208 ], [ -50.26370705606832, -21.585318774339704 ], [ -50.263707907972524, -21.585324839257112 ], [ -50.263708332009521, -21.58532692235481 ], [ -50.263709351461522, -21.585330100217906 ], [ -50.263711066640411, -21.585334388009308 ], [ -50.263713798329626, -21.585340468291204 ], [ -50.263721606228913, -21.585356789046603 ], [ -50.263725105085612, -21.585362735988305 ], [ -50.263729005450521, -21.585368229575515 ], [ -50.26373330732352, -21.585373269808208 ], [ -50.263738010704714, -21.58537785668641 ], [ -50.263742476609828, -21.585381852111606 ], [ -50.263746705039011, -21.585385256083711 ], [ -50.263750695992023, -21.585388068602906 ], [ -50.26375444946882, -21.58539028966911 ], [ -50.263759129140922, -21.585392306915512 ], [ -50.263764735008422, -21.585394120342102 ], [ -50.26377126707122, -21.585395729948715 ], [ -50.263778725329324, -21.58539713573531 ], [ -50.263786412525022, -21.585398155923023 ], [ -50.263794328658122, -21.585398790511604 ], [ -50.263802473728624, -21.585399039501219 ], [ -50.263817544855918, -21.585398827415919 ], [ -50.263826848369561, -21.585398873020889 ], [ -50.263833837838419, -21.585399784770903 ], [ -50.263860153252715, -21.58540354588531 ], [ -50.263895561816831, -21.585408765303697 ], [ -50.263912858155777, -21.585411415177862 ], [ -50.263949849069114, -21.585421641526807 ], [ -50.264031396852417, -21.585444406214414 ], [ -50.264078789298821, -21.585457217457801 ], [ -50.26412715646002, -21.585469869948017 ], [ -50.264176498336113, -21.585482363684108 ], [ -50.264303237298797, -21.585513451696794 ], [ -50.26449260095972, -21.585569630069198 ], [ -50.26457485247952, -21.585593384415606 ], [ -50.264663986773122, -21.585618526162605 ], [ -50.264760003846931, -21.585645055299409 ], [ -50.2650177719147, -21.585714992648782 ], [ -50.265231020830811, -21.585778952711006 ], [ -50.265320302327517, -21.585804292990211 ], [ -50.265413772705124, -21.585829449389212 ], [ -50.26551143196572, -21.585854421901011 ], [ -50.265613280111218, -21.585879210518414 ], [ -50.265701654624223, -21.585899598248417 ], [ -50.265776555490213, -21.585915585112115 ], [ -50.265837982697718, -21.585927171127501 ], [ -50.265958224108374, -21.585945190055192 ], [ -50.266098813582254, -21.585968798178143 ], [ -50.26608130048534, -21.585941602810642 ], [ -50.266035497844818, -21.585795391963192 ], [ -50.265989329512834, -21.585632150405736 ], [ -50.26594746091876, -21.585426282908188 ], [ -50.265933992343221, -21.585406022270703 ], [ -50.265926505279118, -21.585394350685213 ], [ -50.265918136781224, -21.585380370087098 ], [ -50.26590888685022, -21.58536408047631 ], [ -50.265898755486823, -21.585345481852709 ], [ -50.265860411375918, -21.585272769861515 ], [ -50.26585654971052, -21.585265187784707 ], [ -50.265853151231127, -21.585258200790513 ], [ -50.265850215937427, -21.585251808878805 ], [ -50.265847743829319, -21.585246012049716 ], [ -50.265845086731822, -21.585238010921906 ], [ -50.265842244644922, -21.585227805495318 ], [ -50.265839217568718, -21.5852153957699 ], [ -50.265836005503523, -21.585200781745705 ], [ -50.265832678721523, -21.585184300963899 ], [ -50.265829237222817, -21.585165953424312 ], [ -50.26582568100752, -21.585145739127015 ], [ -50.265822010075823, -21.585123658072014 ], [ -50.26581868329432, -21.585102670400101 ], [ -50.265815700662721, -21.585082776111317 ], [ -50.265813062180918, -21.585063975205706 ], [ -50.26581076784862, -21.585046267683317 ], [ -50.265808817666418, -21.585030160237011 ], [ -50.265807211634119, -21.585015652866897 ], [ -50.265805949751517, -21.585002745573007 ], [ -50.265805032018619, -21.584991438355395 ], [ -50.265804056927422, -21.584980877840209 ], [ -50.265803024477918, -21.58497106402751 ], [ -50.26580193467003, -21.584961996917311 ], [ -50.265799783733613, -21.58494572945321 ], [ -50.265798923359021, -21.584938155748009 ], [ -50.265798076554262, -21.584929651599801 ], [ -50.265709698734575, -21.584490570854943 ], [ -50.265656925503706, -21.584478997776273 ], [ -50.265545135817916, -21.584456244119082 ], [ -50.265544061410736, -21.584456021684193 ], [ -50.265432216473123, -21.584432475378353 ], [ -50.265319384517213, -21.584411871277617 ], [ -50.265315342496763, -21.584411080594723 ], [ -50.265201421631417, -21.584387305801826 ], [ -50.265090565902653, -21.584365723266796 ], [ -50.264975630592609, -21.584344916008295 ], [ -50.264971342529499, -21.584344080589524 ], [ -50.264858600570399, -21.584320551829695 ], [ -50.264743872678267, -21.584299959639406 ], [ -50.264742538486807, -21.584299714472373 ], [ -50.264625538378972, -21.584277714448238 ], [ -50.264624211237361, -21.584277459233761 ], [ -50.264507748288686, -21.584254564804198 ], [ -50.264393197488246, -21.584232839648745 ], [ -50.264276110895864, -21.58421200220025 ], [ -50.264272422838388, -21.584211302228628 ], [ -50.264155262320571, -21.584187673213282 ], [ -50.264039110914894, -21.584167002196008 ], [ -50.264035159197199, -21.584166248824012 ], [ -50.263917940439306, -21.584142407716936 ], [ -50.263799723396694, -21.584119559040573 ], [ -50.263798159219611, -21.584119248820361 ], [ -50.263680813681027, -21.58409538192733 ], [ -50.263637123464356, -21.584086866036092 ], [ -50.263720589189894, -21.58410826750092 ], [ -50.263836310685505, -21.584135961528901 ], [ -50.263839189290636, -21.584136678139398 ], [ -50.263955025631354, -21.584166635808728 ], [ -50.264070900177416, -21.584196347226076 ], [ -50.264184935061671, -21.584224112236328 ], [ -50.264188801249873, -21.584225103818138 ], [ -50.264301875048304, -21.584255584576713 ], [ -50.26441493509423, -21.584283112234711 ], [ -50.264417521794734, -21.584283764480439 ], [ -50.264531390588807, -21.584313469378625 ], [ -50.264644254719599, -21.584341190388113 ], [ -50.264645895700674, -21.584341602467045 ], [ -50.264756914474361, -21.584370094006673 ], [ -50.264867919496375, -21.584395634980169 ], [ -50.264869254113563, -21.584395947958974 ], [ -50.264980770896194, -21.584422593557996 ], [ -50.265093280462445, -21.584447266703773 ], [ -50.265028974519709, -21.584703781981737 ], [ -50.26504657452724, -21.584708024839987 ], [ -50.264974750087333, -21.584968653485806 ], [ -50.265036359499938, -21.584982283884582 ], [ -50.265122828829206, -21.585001167987823 ], [ -50.265150515020402, -21.585007100742047 ], [ -50.265093693249192, -21.585239061689744 ], [ -50.265137626528009, -21.585249559020337 ], [ -50.265250989856128, -21.585274203217342 ], [ -50.265252920050109, -21.585274635059843 ], [ -50.265365919949417, -21.585300635032297 ], [ -50.265292079975303, -21.585581364955143 ], [ -50.265180043490538, -21.585555586644958 ], [ -50.26506600996845, -21.585530796744301 ], [ -50.265062745482865, -21.585530051997129 ], [ -50.26495036057991, -21.585503198962957 ], [ -50.264833976942931, -21.585476341195836 ], [ -50.264833371043558, -21.585476200157643 ], [ -50.264719027954598, -21.585449354384675 ], [ -50.264604686286312, -21.585423503220312 ], [ -50.264603977089465, -21.585423341220771 ], [ -50.264486976985289, -21.585396341192197 ], [ -50.264486676478775, -21.585396271545687 ], [ -50.264371474021473, -21.585369457176441 ], [ -50.264255273629594, -21.585343634862479 ], [ -50.264253676507053, -21.585343271543227 ], [ -50.264137826735841, -21.585316306505803 ], [ -50.264022928008849, -21.585289791411199 ], [ -50.263907890725406, -21.585266194014974 ], [ -50.263903977173207, -21.585265341213134 ], [ -50.263788413199443, -21.585238672599878 ], [ -50.26367185574145, -21.585213978218455 ], [ -50.263671296609367, -21.585213858737468 ], [ -50.263633575421224, -21.585205729169733 ], [ -50.263640072735818, -21.585212349914009 ], [ -50.263656750778324, -21.585228617378799 ], [ -50.263672649854314, -21.585242305448709 ], [ -50.26367786938922, -21.585246962499209 ], [ -50.263682868252694, -21.585251666578326 ], [ -50.263687064114649, -21.585257696863245 ] ] ], [ [ [ -50.262763977008127, -21.584137214059307 ], [ -50.262796859920719, -21.584184084346308 ], [ -50.262822663499975, -21.584217958465093 ], [ -50.262855705429359, -21.584225141492038 ], [ -50.26297242115993, -21.584250080746383 ], [ -50.262972989473312, -21.584250203236341 ], [ -50.263087050450871, -21.584274999097197 ], [ -50.263203108776374, -21.584298805928764 ], [ -50.263204989498043, -21.584299203233254 ], [ -50.263318523501489, -21.584323884534744 ], [ -50.263433051145434, -21.584346592597619 ], [ -50.263435421326257, -21.584347080765248 ], [ -50.263552421220531, -21.584372080738436 ], [ -50.263552989534872, -21.584372203228579 ], [ -50.263667705516049, -21.584397141481265 ], [ -50.263775926757987, -21.584420265674257 ], [ -50.263758246239334, -21.584415693125635 ], [ -50.263642689133363, -21.584388038428401 ], [ -50.263640138098836, -21.584387406169935 ], [ -50.263523613952259, -21.584357528178757 ], [ -50.263408888839031, -21.584328846895744 ], [ -50.263292689180687, -21.584301038425512 ], [ -50.263289810811649, -21.584300321873538 ], [ -50.26317554727536, -21.584270770954653 ], [ -50.263058294456897, -21.584243182050869 ], [ -50.263056409427456, -21.584242726687137 ], [ -50.2629394093249, -21.584213726656824 ], [ -50.263010066735312, -21.583964356466016 ], [ -50.262969723470917, -21.583956559026987 ], [ -50.262968159297372, -21.583956248807485 ], [ -50.262850813757488, -21.583932381914185 ], [ -50.262733596493931, -21.583909534477293 ], [ -50.262658047955, -21.583894932656271 ], [ -50.262661582928324, -21.583910981422406 ], [ -50.262671365080223, -21.583945662498014 ], [ -50.26268343616622, -21.583981005459204 ], [ -50.26269779618822, -21.584017010305612 ], [ -50.26271444514822, -21.584053677036614 ], [ -50.262736505419525, -21.584093744955222 ], [ -50.262763977008127, -21.584137214059307 ] ] ], [ [ [ -50.261407035413399, -21.584139619525271 ], [ -50.261446438941228, -21.584148301656949 ], [ -50.261447435072071, -21.584148524403997 ], [ -50.261566434965751, -21.584175524375325 ], [ -50.261567323069265, -21.584175728481512 ], [ -50.261614684599721, -21.584186752284161 ], [ -50.261569765653114, -21.584155968956225 ], [ -50.261540703312022, -21.5841307447734 ], [ -50.261476241471321, -21.584074571112101 ], [ -50.26144825567782, -21.584050032171117 ], [ -50.261433816551722, -21.584037231813603 ], [ -50.261407035413399, -21.584139619525271 ] ] ], [ [ [ -50.260307924843318, -21.584190082376907 ], [ -50.260332894609917, -21.584243202539717 ], [ -50.260359563725928, -21.584297255552109 ], [ -50.260387932193822, -21.584352241413509 ], [ -50.260418000015925, -21.584408160123004 ], [ -50.26044350494972, -21.584455214076211 ], [ -50.260464446986319, -21.584493403275211 ], [ -50.260480826118631, -21.584522727721712 ], [ -50.260492642340822, -21.584543187416809 ], [ -50.260504024458932, -21.584559741601705 ], [ -50.260514972471825, -21.58457239027641 ], [ -50.260525486378718, -21.584581133441016 ], [ -50.260535566178518, -21.584585971095706 ], [ -50.260560609647214, -21.584591787871403 ], [ -50.260600616787215, -21.584598583761501 ], [ -50.260655587601924, -21.584606358755412 ], [ -50.260778299329921, -21.584621740916702 ], [ -50.260833033097271, -21.584628702914308 ], [ -50.260867325154415, -21.584637502372807 ], [ -50.261006599460877, -21.584673687828502 ], [ -50.261173787811224, -21.584719473944006 ], [ -50.26124457548012, -21.584737870117404 ], [ -50.261319377519222, -21.584756375447114 ], [ -50.261398193930418, -21.584774989927705 ], [ -50.261606156828329, -21.584822014875403 ], [ -50.262231826476487, -21.584993125792046 ], [ -50.262640696657954, -21.585121569153429 ], [ -50.262863130483623, -21.58520003828211 ], [ -50.26293030628932, -21.585223387144904 ], [ -50.262975950943421, -21.585238787437603 ], [ -50.263000064430912, -21.585246239177309 ], [ -50.263005329137521, -21.585245183094909 ], [ -50.263013976794632, -21.585243130412902 ], [ -50.263016529239223, -21.58524235704321 ], [ -50.263018651496616, -21.58524155700551 ], [ -50.263020343566616, -21.585240730300004 ], [ -50.263021605449424, -21.585239876926511 ], [ -50.263024645439721, -21.58523753014941 ], [ -50.263028373729718, -21.585234329998713 ], [ -50.263030008441412, -21.585232569915814 ], [ -50.263031327682512, -21.585230756497001 ], [ -50.26303233145282, -21.585228889742407 ], [ -50.263033535977321, -21.585225283677797 ], [ -50.263033880127118, -21.585223831820109 ], [ -50.26303405220203, -21.585222614078901 ], [ -50.26303405220203, -21.585221630454118 ], [ -50.263032569068422, -21.585218800271111 ], [ -50.263029602801325, -21.585214123530008 ], [ -50.263025153401017, -21.58520760023071 ], [ -50.263019220867818, -21.585199230373011 ], [ -50.263008144358118, -21.585186372832514 ], [ -50.262991923874118, -21.585169027608401 ], [ -50.262970559419323, -21.585147194699012 ], [ -50.262904062426344, -21.58508116591106 ], [ -50.262860992618819, -21.585036903739308 ], [ -50.26284116431912, -21.585017730887699 ], [ -50.262818645525023, -21.584996998633695 ], [ -50.262793436238418, -21.584974706976407 ], [ -50.262765536461323, -21.584950855914407 ], [ -50.262733859529519, -21.584924863903812 ], [ -50.262698405446514, -21.584896730942209 ], [ -50.262659174216019, -21.584866457027601 ], [ -50.262616165842111, -21.584834042157109 ], [ -50.262570582314318, -21.584801469227113 ], [ -50.262522423634422, -21.584768738235617 ], [ -50.262471689804421, -21.584735849180213 ], [ -50.262269495600023, -21.584610612361708 ], [ -50.261899003605066, -21.584381382677005 ], [ -50.26178205214422, -21.584301358007519 ], [ -50.261724689203113, -21.584511038394908 ], [ -50.261608182616989, -21.584483156472352 ], [ -50.261493120584795, -21.584456374787919 ], [ -50.261375062524905, -21.584429588500939 ], [ -50.261257560880097, -21.584403698303447 ], [ -50.26125597762158, -21.584403341203423 ], [ -50.261139125519271, -21.584376375329182 ], [ -50.261022057446638, -21.584349588562535 ], [ -50.26090434938078, -21.584323870829405 ], [ -50.260786856301884, -21.584298978223515 ], [ -50.26066885619511, -21.584273978196649 ], [ -50.260666565055473, -21.584273475602643 ], [ -50.260548708592175, -21.584246735056496 ], [ -50.260431856220663, -21.584221978193476 ], [ -50.260491745000202, -21.583974699739112 ], [ -50.260451294616949, -21.583965182000231 ], [ -50.260449090965025, -21.583964647321441 ], [ -50.26033388906805, -21.583935846842643 ], [ -50.260217689405792, -21.583908038371455 ], [ -50.260294310516429, -21.583627961615285 ], [ -50.260411310413069, -21.583655961585837 ], [ -50.260412909055852, -21.583656352694764 ], [ -50.260527809235612, -21.583685077735264 ], [ -50.26064570520083, -21.583712817957277 ], [ -50.26064631056277, -21.58371296161215 ], [ -50.260763158082284, -21.583740925116448 ], [ -50.260881005520858, -21.583768888910658 ], [ -50.260882276735174, -21.583769195935272 ], [ -50.260999794025892, -21.583798077298642 ], [ -50.261115519456354, -21.583825772268916 ], [ -50.261232726208377, -21.583852590758205 ], [ -50.261234310639161, -21.583852961606766 ], [ -50.261350519486093, -21.583880772266621 ], [ -50.26136704603789, -21.583884553765085 ], [ -50.261365979649668, -21.583847963213227 ], [ -50.261299398335488, -21.583834092103743 ], [ -50.261299129597731, -21.583834035881516 ], [ -50.261180129489894, -21.583809035854596 ], [ -50.261179856525267, -21.583808978266134 ], [ -50.261062127340431, -21.583784035638104 ], [ -50.260942398371917, -21.583759092098653 ], [ -50.260941856549906, -21.583758978262814 ], [ -50.26082412736308, -21.583734035634357 ], [ -50.260704661063066, -21.583709146817586 ], [ -50.260582923821183, -21.583684200657096 ], [ -50.260582398529401, -21.583684092118649 ], [ -50.260462398541527, -21.583659092116932 ], [ -50.260342398432634, -21.583634092089984 ], [ -50.260409601498033, -21.583351907899015 ], [ -50.260497815382742, -21.583370285788543 ], [ -50.260548438586476, -21.583169301640986 ], [ -50.260666438480456, -21.583195301613223 ], [ -50.260667147653947, -21.583195459523573 ], [ -50.260787147546566, -21.583222459494863 ], [ -50.260787726013298, -21.583222590752346 ], [ -50.260904942082021, -21.583249411374045 ], [ -50.261022379743601, -21.583275070018441 ], [ -50.26114160135819, -21.583299907850289 ], [ -50.261142143418105, -21.583300021736051 ], [ -50.261260143430434, -21.583325021734414 ], [ -50.261364837379574, -21.583347202652561 ], [ -50.261364833041618, -21.583306166059209 ], [ -50.261364619608017, -21.583277543123515 ], [ -50.261364192732415, -21.583252109951609 ], [ -50.26136355241502, -21.583229866543615 ], [ -50.261362698655923, -21.583210812899509 ], [ -50.26136114254102, -21.583193890495608 ], [ -50.261358884070525, -21.583179099331812 ], [ -50.26135592324443, -21.583166439408217 ], [ -50.26135226006302, -21.583155910724614 ], [ -50.261346729730221, -21.583146132161005 ], [ -50.26133933224633, -21.583137103717011 ], [ -50.261330067611624, -21.58312882539251 ], [ -50.261318935826225, -21.583121297187116 ], [ -50.261299351798819, -21.583112885541208 ], [ -50.261271315531317, -21.583103590451898 ], [ -50.261234827025923, -21.583093411914906 ], [ -50.261189886285315, -21.583082349924712 ], [ -50.261130103711018, -21.583068310361707 ], [ -50.261055479311324, -21.583051293209909 ], [ -50.260966013096819, -21.583031298449811 ], [ -50.260861705079819, -21.583008326057804 ], [ -50.260818258642367, -21.582999101326301 ], [ -50.260817727215624, -21.583007007983504 ], [ -50.260816407974723, -21.583016448573201 ], [ -50.260814457792421, -21.583025089112507 ], [ -50.260811876668711, -21.583032929601316 ], [ -50.26080866460353, -21.583039970039707 ], [ -50.26080493631342, -21.583045623725106 ], [ -50.260800691798522, -21.583049890657414 ], [ -50.260795931058922, -21.583052770836712 ], [ -50.260788015612192, -21.583055010975858 ], [ -50.260776543950684, -21.583053944242902 ], [ -50.260743620282327, -21.583040396733701 ], [ -50.260738343318025, -21.583037623227611 ], [ -50.260731116171321, -21.583032822928413 ], [ -50.260725265623918, -21.583026742549613 ], [ -50.260720906392521, -21.58302236894361 ], [ -50.26071081133022, -21.583012661671216 ], [ -50.260705075499423, -21.583007328004815 ], [ -50.260700085326917, -21.583001994338112 ], [ -50.260695840812325, -21.582996660671203 ], [ -50.260691670942158, -21.582990304109046 ], [ -50.260686548766515, -21.582979699609204 ], [ -50.260682572658119, -21.582971030015308 ], [ -50.260672959051824, -21.58296907593521 ], [ -50.260588521026122, -21.582952798227016 ], [ -50.26039307927347, -21.58291750350995 ], [ -50.260288170061422, -21.582893650237402 ], [ -50.260253771476322, -21.582886806085114 ], [ -50.260226575586024, -21.58288258313431 ], [ -50.26020658238842, -21.582880981388499 ], [ -50.260193791882124, -21.582882000850201 ], [ -50.260181839462021, -21.582883789362 ], [ -50.26017072512802, -21.582886346924113 ], [ -50.260160448880022, -21.582889673536613 ], [ -50.26015101071782, -21.582893769199707 ], [ -50.260142677335722, -21.582898882820707 ], [ -50.260135448733521, -21.582905014399799 ], [ -50.260129324911318, -21.582912163937007 ], [ -50.260124305869027, -21.582920331432607 ], [ -50.260118561911028, -21.582935865980112 ], [ -50.260112093036021, -21.582958767579512 ], [ -50.26010489924262, -21.582989036230607 ], [ -50.260096980529212, -21.583026671933105 ], [ -50.260088101134421, -21.583072040056003 ], [ -50.260078261055725, -21.583125140599108 ], [ -50.26006746029033, -21.583185973561914 ], [ -50.260055698834819, -21.583254538944011 ], [ -50.26004709639993, -21.5833137911929 ], [ -50.260041652991511, -21.583363730309209 ], [ -50.260039368614123, -21.583404356293808 ], [ -50.260040243271028, -21.583435669146795 ], [ -50.260043243989323, -21.58347109362191 ], [ -50.260048370770619, -21.583510629718909 ], [ -50.260055623617021, -21.583554277437496 ], [ -50.260065002530929, -21.583602036777613 ], [ -50.26007572244832, -21.583648242010408 ], [ -50.260087783370224, -21.583692893135616 ], [ -50.260101185297621, -21.583735990153002 ], [ -50.260115928231116, -21.58377753306231 ], [ -50.260133919024021, -21.583822324929802 ], [ -50.260155157680323, -21.583870365754414 ], [ -50.260179644204818, -21.5839216555351 ], [ -50.260249369605212, -21.584058805934728 ], [ -50.260307924843318, -21.584190082376907 ] ], [ [ -50.261255351328444, -21.584414726357803 ], [ -50.261370725858832, -21.584440365137379 ], [ -50.261371726619394, -21.584440590824112 ], [ -50.261488804051957, -21.584467379724025 ], [ -50.261607878777895, -21.584493179243246 ], [ -50.261609726647293, -21.584493590821385 ], [ -50.261726437874621, -21.58452029592873 ], [ -50.261842873073299, -21.58454496439845 ], [ -50.261962601940532, -21.584569907908094 ], [ -50.261962870922453, -21.584569964181394 ], [ -50.262080702828143, -21.58459471877967 ], [ -50.262197530809779, -21.584617490331027 ], [ -50.262200878961977, -21.584618179261533 ], [ -50.262320878853835, -21.584644179233699 ], [ -50.262251121074542, -21.584925820754702 ], [ -50.262132790960301, -21.584900182559618 ], [ -50.262016469016451, -21.584877509633774 ], [ -50.262014129115578, -21.584877035834364 ], [ -50.261895263473193, -21.584852064056573 ], [ -50.261775397881237, -21.584827092053946 ], [ -50.261774856051716, -21.584826978216544 ], [ -50.261656855944935, -21.584801978189674 ], [ -50.261654273383002, -21.584801409194775 ], [ -50.261537195861891, -21.584774620266312 ], [ -50.261418121042311, -21.584748820717341 ], [ -50.261416273410902, -21.584748409192059 ], [ -50.261298773284302, -21.584721523565548 ], [ -50.261182273963044, -21.584695634822925 ], [ -50.261179031955969, -21.584694879659061 ], [ -50.261060205572626, -21.584665921964177 ], [ -50.260944379299929, -21.584637963893574 ], [ -50.261021620621761, -21.584358036093004 ], [ -50.26113762051947, -21.584386036063602 ], [ -50.261137968069811, -21.584386120357767 ], [ -50.261255351328444, -21.584414726357803 ] ] ], [ [ [ -50.262638788727749, -21.583777638468728 ], [ -50.262641714779221, -21.583802112131313 ], [ -50.262638788727749, -21.58377763846871 ], [ -50.262638788727749, -21.583777638468728 ] ] ], [ [ [ -50.263220479797205, -21.583496122912099 ], [ -50.263027750663625, -21.583455588463313 ], [ -50.26295913129352, -21.583441463064304 ], [ -50.262898846097031, -21.583429397967716 ], [ -50.262846895069124, -21.583419393182513 ], [ -50.262803278205716, -21.583411448716415 ], [ -50.262767723886519, -21.58340540227951 ], [ -50.262740232108918, -21.583401253876911 ], [ -50.262720802870923, -21.583399003512515 ], [ -50.262709436171519, -21.583398651189007 ], [ -50.262700311369422, -21.58339856123451 ], [ -50.262693428464416, -21.583398733649201 ], [ -50.262688787456725, -21.583399168433601 ], [ -50.262686388346218, -21.583399865587616 ], [ -50.26268381175462, -21.583401532823309 ], [ -50.262681057681924, -21.583404170140604 ], [ -50.262678126127923, -21.583407777539513 ], [ -50.262675017092718, -21.58341235501991 ], [ -50.262670836741023, -21.583420181029005 ], [ -50.262665585072121, -21.583431255566612 ], [ -50.26265926208572, -21.583445578632713 ], [ -50.262651867780725, -21.583463150226997 ], [ -50.262645448848026, -21.583486580165509 ], [ -50.262640005287011, -21.583515868448313 ], [ -50.262635537097523, -21.583551015075507 ], [ -50.262632044279719, -21.583592020047007 ], [ -50.26263042746622, -21.583633549147113 ], [ -50.262630686658724, -21.583675602375809 ], [ -50.262632821858816, -21.583718179733321 ], [ -50.262636833068122, -21.583761281219303 ], [ -50.262638788727749, -21.58377763846871 ], [ -50.262677276432143, -21.58360344096883 ], [ -50.262796276322895, -21.583626440943704 ], [ -50.262796530508538, -21.583626490280139 ], [ -50.262914530400337, -21.583649490255063 ], [ -50.26291584074221, -21.583649751207822 ], [ -50.263033059407228, -21.583673592288452 ], [ -50.263151276354762, -21.583696440937914 ], [ -50.263151530540647, -21.583696490274402 ], [ -50.263269278501191, -21.583719441144201 ], [ -50.263389026284777, -21.583742392798612 ], [ -50.263390840786577, -21.583742751200425 ], [ -50.263508059450118, -21.58376659228075 ], [ -50.263626276397126, -21.583789440930122 ], [ -50.263626530583338, -21.583789490266675 ], [ -50.26374453047513, -21.583812490241613 ], [ -50.263745840819965, -21.583812751194937 ], [ -50.263863059483263, -21.583836592275219 ], [ -50.263981276428986, -21.583859440924329 ], [ -50.263982840842388, -21.583859751191298 ], [ -50.264098870134873, -21.583883350366143 ], [ -50.2642148889149, -21.583903997771706 ], [ -50.264218577202733, -21.583904697786821 ], [ -50.264335737624961, -21.583928326776196 ], [ -50.264451888933927, -21.583948997767461 ], [ -50.264453713807498, -21.583949333185974 ], [ -50.264569713700702, -21.583971333161866 ], [ -50.264570788803788, -21.583971540781064 ], [ -50.264687125724322, -21.583994410428431 ], [ -50.2648027949324, -21.584016160190224 ], [ -50.264919127152126, -21.584037040328244 ], [ -50.264923657505435, -21.584037919425295 ], [ -50.26503651970274, -21.584061473271962 ], [ -50.265150369238391, -21.584082083959302 ], [ -50.265152495832311, -21.584082483445744 ], [ -50.265265495728656, -21.584104483421775 ], [ -50.265267657538168, -21.584104919420099 ], [ -50.265380642074696, -21.584128498798382 ], [ -50.265493615314362, -21.584149128689933 ], [ -50.265497938622623, -21.584149978330458 ], [ -50.2656114017406, -21.584173865298819 ], [ -50.265643997784856, -21.584180499890699 ], [ -50.265594732161325, -21.583971007223983 ], [ -50.265256458395022, -21.58390075077341 ], [ -50.264764502699421, -21.583798423051608 ], [ -50.264524127470224, -21.583749581502005 ], [ -50.264262646063024, -21.583697539856708 ], [ -50.263980058521021, -21.583642298017601 ], [ -50.263220479797205, -21.583496122912099 ] ] ] ] } },
{ "type": "Feature", "properties": { "CHAVE": null, "FAZENDA": "Faz. ABC", "NOME_FAZ": null, "ZONA": null, "TALHAO": null, "AREA_TOTAL": null, "TIPO_GEO": "VOO_PROCESSADO", "DATA_INICI": "17-04-2026", "DATA_FINAL": "17-04-2026", "HORA_INICI": "14:08:14", "HORA_FINAL": "14:08:14", "CLASSE": "APLICADO FORA DO TALHÃO", "PILOTO": "valmir alves", "AERONAVE": "PS-CBA", "AREA_HA": 1.8581438836e-05 }, "geometry": { "type": "MultiPolygon", "coordinates": [ [ [ [ -50.263551263925812, -21.585188013790294 ], [ -50.263547379268203, -21.585183967889623 ], [ -50.263547065284037, -21.585183638723496 ], [ -50.263507241711132, -21.585141614983655 ], [ -50.263505723369505, -21.585139959842085 ], [ -50.263465970732817, -21.585095187191637 ], [ -50.263464619383441, -21.585093618308616 ], [ -50.26342471781355, -21.585045857176702 ], [ -50.263423512720685, -21.585044373088312 ], [ -50.263383468051764, -21.584993623368703 ], [ -50.263382394784472, -21.584992226412901 ], [ -50.263294418077358, -21.584874593738018 ], [ -50.263294418092165, -21.584874593741485 ], [ -50.263282030880916, -21.584858030937035 ], [ -50.263280693387671, -21.584856328758814 ], [ -50.263267214421596, -21.584839989405868 ], [ -50.263267214418747, -21.584839989417649 ], [ -50.263179410991889, -21.584733553109533 ], [ -50.263132257579748, -21.584676264297737 ], [ -50.263062916031835, -21.584591795010397 ], [ -50.263005371279192, -21.58480620013037 ], [ -50.263120029948595, -21.584833119996539 ], [ -50.263236689011833, -21.58486103840939 ], [ -50.26323737124968, -21.584861200132622 ], [ -50.263260748031463, -21.584866688598041 ], [ -50.263200855790735, -21.585113978211979 ], [ -50.263318855897516, -21.585138978238835 ], [ -50.263436855885182, -21.585163978240463 ], [ -50.263437128854697, -21.585164035829951 ], [ -50.263551263925812, -21.585188013790294 ] ] ], [ [ [ -50.263019891048764, -21.58455719403451 ], [ -50.263037472339889, -21.584560800453875 ], [ -50.263019158670645, -21.584538491425057 ], [ -50.262953250674528, -21.58445805319143 ], [ -50.262952992796627, -21.584457736538766 ], [ -50.262894041938431, -21.584384906926111 ], [ -50.26289372404117, -21.584384511190919 ], [ -50.262841714766651, -21.58431927244208 ], [ -50.262841313278308, -21.584318763894451 ], [ -50.262796255855676, -21.584261130916214 ], [ -50.26279573312722, -21.584260453569414 ], [ -50.262757793844813, -21.584210648067231 ], [ -50.262756226216759, -21.584208504349569 ], [ -50.262752096366597, -21.58420261778646 ], [ -50.262740989448126, -21.584200203239359 ], [ -50.262671010480048, -21.584481796749003 ], [ -50.262786010583632, -21.584506796775742 ], [ -50.262786578663544, -21.584506919215421 ], [ -50.262903294487288, -21.584531858498327 ], [ -50.26301801055844, -21.584556796778759 ], [ -50.263019891048764, -21.58455719403451 ] ] ], [ [ [ -50.261801310719122, -21.584230961591857 ], [ -50.261739269992518, -21.584216114240988 ], [ -50.261794949660526, -21.584254213349968 ], [ -50.261801310719122, -21.584230961591857 ] ] ], [ [ [ -50.26141619304753, -21.583910376966639 ], [ -50.261416570328564, -21.583920286831603 ], [ -50.261422533770975, -21.583940475151767 ], [ -50.261422996080199, -21.583941260077378 ], [ -50.261423185730706, -21.583941579017662 ], [ -50.261430685430931, -21.583954072381196 ], [ -50.261430792285772, -21.583954249450425 ], [ -50.261440615327878, -21.583970441974351 ], [ -50.261440781069012, -21.583970712999157 ], [ -50.261448107094516, -21.583982597243637 ], [ -50.261467726237242, -21.583907590755715 ], [ -50.261415715598275, -21.583895690018426 ], [ -50.261416184705233, -21.583910140419935 ], [ -50.26141619304753, -21.583910376966639 ] ] ], [ [ [ -50.261494276207181, -21.583372440965171 ], [ -50.261413134914555, -21.583356758197446 ], [ -50.261413137885754, -21.583384777481282 ], [ -50.261413165830703, -21.583386309441561 ], [ -50.261417678810787, -21.583510336379032 ], [ -50.261417710726867, -21.583511515159568 ], [ -50.261418616038583, -21.583562466975735 ], [ -50.261418618504777, -21.583562744739609 ], [ -50.261418618504777, -21.583562744739609 ], [ -50.261418626040076, -21.583563593428689 ], [ -50.261418625555528, -21.583615842935114 ], [ -50.261418616462009, -21.583616915894982 ], [ -50.261418006681758, -21.583652907830604 ], [ -50.261418006681907, -21.583652907830626 ], [ -50.261417709231083, -21.583670464689366 ], [ -50.261417684031386, -21.583671475736065 ], [ -50.261413201593591, -21.583807681108244 ], [ -50.261413196664058, -21.583810301707469 ], [ -50.261414589420312, -21.583858090250494 ], [ -50.261419398444389, -21.58385909213068 ], [ -50.261486601486297, -21.583576907858312 ], [ -50.261450751216067, -21.58356943905709 ], [ -50.261494276207181, -21.583372440965171 ] ] ] ] } },
{ "type": "Feature", "properties": { "CHAVE": null, "FAZENDA": "Faz. ABC", "NOME_FAZ": null, "ZONA": null, "TALHAO": null, "AREA_TOTAL": null, "TIPO_GEO": "VOO_PROCESSADO", "DATA_INICI": "17-04-2026", "DATA_FINAL": "17-04-2026", "HORA_INICI": "14:08:14", "HORA_FINAL": "14:08:14", "CLASSE": "SOBREPOSIÇÃO", "PILOTO": "valmir alves", "AERONAVE": "PS-CBA", "AREA_HA": 8.5397858272000002e-05 }, "geometry": { "type": "MultiPolygon", "coordinates": [ [ [ [ -50.270669871825845, -21.58641796406117 ], [ -50.270668841903188, -21.586417751140758 ], [ -50.27055149402451, -21.586393883779909 ], [ -50.270434375512295, -21.586369070539799 ], [ -50.270313606076513, -21.586343120086784 ], [ -50.270313144763648, -21.586343021656624 ], [ -50.270195144870456, -21.586318021683446 ], [ -50.270193318618254, -21.5863176456138 ], [ -50.270074232949213, -21.586293828484418 ], [ -50.26995765165055, -21.586269129060735 ], [ -50.269839157777518, -21.586243239647217 ], [ -50.269837871620169, -21.586242964047397 ], [ -50.269718871728031, -21.586217964074276 ], [ -50.269716277464248, -21.586217440901862 ], [ -50.269598714078782, -21.586194718571324 ], [ -50.269482144797443, -21.586170021693292 ], [ -50.269479277442471, -21.586169440905604 ], [ -50.269361714055904, -21.586146718574842 ], [ -50.26924514477372, -21.586122021696649 ], [ -50.26924253149609, -21.586121490224304 ], [ -50.269125055226951, -21.586098592311558 ], [ -50.269007362309779, -21.586074855929056 ], [ -50.26889014473818, -21.586050021701674 ], [ -50.268888051919092, -21.586049592548651 ], [ -50.268772315134299, -21.586026644741896 ], [ -50.268653578156311, -21.586002697792328 ], [ -50.268652789586383, -21.586002540764802 ], [ -50.268537249867123, -21.585979827832993 ], [ -50.268422703947337, -21.585955141215941 ], [ -50.268419789564263, -21.58595454076838 ], [ -50.268303054155609, -21.58593159278611 ], [ -50.268188714260965, -21.585908724811127 ], [ -50.268072109636215, -21.585884805917654 ], [ -50.268071318417917, -21.585884645646413 ], [ -50.267956989031141, -21.585861779773236 ], [ -50.267842658343653, -21.585837919459589 ], [ -50.267841589338794, -21.585837700075974 ], [ -50.267727589442806, -21.585814700100883 ], [ -50.267614408174957, -21.585791865287888 ], [ -50.267502225058237, -21.585768038788935 ], [ -50.267500864721335, -21.585767755893091 ], [ -50.267387864824293, -21.58574475591795 ], [ -50.26738758929487, -21.58574470008277 ], [ -50.267275086461872, -21.585722002147214 ], [ -50.267163576932866, -21.585697331901006 ], [ -50.267160864687575, -21.585696755898045 ], [ -50.267050055139585, -21.585674201746894 ], [ -50.266940230842359, -21.585648706824216 ], [ -50.26693353829107, -21.585673925653975 ], [ -50.267010681730618, -21.585689354344535 ], [ -50.267125011098521, -21.585712220222266 ], [ -50.267239341881243, -21.585736080563326 ], [ -50.267240948166318, -21.585736407409815 ], [ -50.267356948272443, -21.585759407434793 ], [ -50.267357210464091, -21.585759459198883 ], [ -50.26747289178833, -21.585782199976421 ], [ -50.267588578145194, -21.585806919287126 ], [ -50.267591210441964, -21.585807459202499 ], [ -50.267707684040545, -21.585830355725989 ], [ -50.267824226005757, -21.585854059180758 ], [ -50.267939296269034, -21.585878858810275 ], [ -50.267940128497706, -21.585879035907677 ], [ -50.26805899197079, -21.585904007229825 ], [ -50.268176855500833, -21.585928978320858 ], [ -50.268177397338683, -21.585929092160008 ], [ -50.268297262925756, -21.585954064161587 ], [ -50.268416128568902, -21.585979035939513 ], [ -50.26853512855665, -21.586004035941158 ], [ -50.268535397302273, -21.586004092165044 ], [ -50.268654895398782, -21.586028987606209 ], [ -50.268775118198185, -21.586054820608695 ], [ -50.268893842487202, -21.586080760373534 ], [ -50.26889466371383, -21.586080937593771 ], [ -50.269016663824139, -21.586106937621668 ], [ -50.269017397252348, -21.586107092171673 ], [ -50.269136121645921, -21.58613182642501 ], [ -50.269254851026808, -21.586158540539667 ], [ -50.269257922657602, -21.586159200742241 ], [ -50.26937965989022, -21.58618414690082 ], [ -50.269499397323933, -21.586209092203603 ], [ -50.269499922633663, -21.586209200745756 ], [ -50.269620525151197, -21.586233914381143 ], [ -50.26974013357421, -21.586260603867874 ], [ -50.269744188531767, -21.586261454967286 ], [ -50.269865555050693, -21.586285330352393 ], [ -50.269986157485626, -21.586310043970357 ], [ -50.270106257141684, -21.586335850512103 ], [ -50.270226120344546, -21.586361820877027 ], [ -50.270227922560537, -21.586362200756156 ], [ -50.270349792237468, -21.586387174054909 ], [ -50.270470661962165, -21.586412147142688 ], [ -50.270470922536624, -21.586412200759707 ], [ -50.270591383104978, -21.58643688530718 ], [ -50.270709850868116, -21.586463540557741 ], [ -50.270712397079123, -21.586464092195321 ], [ -50.270832397188045, -21.586489092222219 ], [ -50.27095239717589, -21.586514092223904 ], [ -50.270960215276908, -21.586481265386624 ], [ -50.270908438869256, -21.586470295810802 ], [ -50.270791727676652, -21.58644359071134 ], [ -50.270788871717976, -21.586442964034301 ], [ -50.270669871825845, -21.58641796406117 ] ] ], [ [ [ -50.270659077284016, -21.586154799202561 ], [ -50.270537207704471, -21.586129825932353 ], [ -50.270416338079023, -21.586104852873401 ], [ -50.270416077260087, -21.58610479920609 ], [ -50.270294979691478, -21.586079984135118 ], [ -50.27017587969204, -21.586054179139214 ], [ -50.270175605818352, -21.586054120045187 ], [ -50.270054605927605, -21.586028120073017 ], [ -50.270053077223309, -21.586027799211241 ], [ -50.269931077334348, -21.586002799238212 ], [ -50.269929811290453, -21.586002544996408 ], [ -50.26980984499513, -21.585978945074299 ], [ -50.269690866460898, -21.585952396148823 ], [ -50.269688077186949, -21.585951799216492 ], [ -50.269566340053331, -21.585926853086878 ], [ -50.269446602715703, -21.585901907812318 ], [ -50.269446077163032, -21.585901799220007 ], [ -50.269325616685698, -21.585877114700747 ], [ -50.269207149006732, -21.585850459476831 ], [ -50.269204602569445, -21.585849907790415 ], [ -50.269084969592967, -21.585824984258007 ], [ -50.268963747086872, -21.585799149957786 ], [ -50.268845157547815, -21.585773239642513 ], [ -50.268844605678154, -21.585773120062896 ], [ -50.268723605787393, -21.585747120090737 ], [ -50.26872260251951, -21.585746907797056 ], [ -50.268602737027024, -21.585721935823742 ], [ -50.268483871481429, -21.585696964074607 ], [ -50.268364871469181, -21.585671964076251 ], [ -50.268364602483103, -21.585671907802091 ], [ -50.268244873619857, -21.585646964293243 ], [ -50.268127144535683, -21.585622021694757 ], [ -50.268126871324654, -21.58562196405434 ], [ -50.268008287808328, -21.585597051555276 ], [ -50.267892703764346, -21.585572141204995 ], [ -50.267890841509441, -21.585571751164807 ], [ -50.267772841616967, -21.585547751190756 ], [ -50.267771789384867, -21.585547540762281 ], [ -50.267656108154682, -21.585524800012035 ], [ -50.267540421889755, -21.585500080728309 ], [ -50.267537789362748, -21.585499540765888 ], [ -50.267420920588343, -21.585476566566371 ], [ -50.267305855838018, -21.585453752007972 ], [ -50.267191658153713, -21.585429919451492 ], [ -50.26719031821321, -21.58542964564327 ], [ -50.267117627076637, -21.585415107418449 ], [ -50.267105681711357, -21.58546735433729 ], [ -50.267219048557806, -21.585490027711064 ], [ -50.267330423329419, -21.585514668150786 ], [ -50.267331009960614, -21.585514796807388 ], [ -50.267445347446078, -21.585539652786917 ], [ -50.26755968631236, -21.58556550331728 ], [ -50.267561578139286, -21.585565919276959 ], [ -50.267678578245018, -21.585590919303758 ], [ -50.26767989055552, -21.585591194098399 ], [ -50.267795803010792, -21.585614971016753 ], [ -50.267908719011963, -21.585639733301452 ], [ -50.26791142206509, -21.585640302217723 ], [ -50.268029498880999, -21.58566411603374 ], [ -50.268145437189418, -21.585688889180449 ], [ -50.268261296344178, -21.585713858830015 ], [ -50.268264468620252, -21.585714509757373 ], [ -50.268381296681888, -21.585737281333085 ], [ -50.268499128667692, -21.585762035955685 ], [ -50.268501468598274, -21.585762509761111 ], [ -50.268617650794013, -21.585785155447923 ], [ -50.268734842616325, -21.585810760387478 ], [ -50.26873872264882, -21.585811559079449 ], [ -50.268857722758099, -21.585834559104534 ], [ -50.268858218945638, -21.585834654213521 ], [ -50.268978319392367, -21.585857483228356 ], [ -50.2690964220712, -21.585881302259732 ], [ -50.269097972713688, -21.585881607221964 ], [ -50.269217972824023, -21.585904607247091 ], [ -50.269218218914226, -21.585904654219444 ], [ -50.269338970726366, -21.585927607047324 ], [ -50.269457455587713, -21.585950507486668 ], [ -50.269579188779389, -21.585974455003786 ], [ -50.269579972671622, -21.585974607229904 ], [ -50.269698946281359, -21.585997410509435 ], [ -50.269819922838344, -21.586022200791305 ], [ -50.269820681448856, -21.586022354377853 ], [ -50.269940681558509, -21.58604635440388 ], [ -50.269942218850602, -21.586046654231339 ], [ -50.27006321896198, -21.586069654256484 ], [ -50.270063461253834, -21.58606970012319 ], [ -50.270183926015633, -21.586092410697585 ], [ -50.270302397360503, -21.586117092231341 ], [ -50.270305461232496, -21.586117700127158 ], [ -50.2704265702816, -21.586140532165324 ], [ -50.270545038763913, -21.58616422586574 ], [ -50.270664397325447, -21.586189092236658 ], [ -50.270667461200503, -21.586189700133072 ], [ -50.270788307882164, -21.586212482708618 ], [ -50.27090515823329, -21.586236248885307 ], [ -50.270911408463732, -21.586209367291602 ], [ -50.270899602863757, -21.586206907792018 ], [ -50.270780878448427, -21.586182173543502 ], [ -50.270662149165432, -21.586155459458773 ], [ -50.270659077284016, -21.586154799202561 ] ] ], [ [ [ -50.271094929123066, -21.58564697244222 ], [ -50.270980990175516, -21.585622203109537 ], [ -50.270865990162925, -21.585597203110979 ], [ -50.270750990150347, -21.58557220311242 ], [ -50.270749658125503, -21.585571919339088 ], [ -50.270635324796437, -21.5855480584747 ], [ -50.27052099012564, -21.585523203115397 ], [ -50.270519658101719, -21.585522919342257 ], [ -50.270404658206076, -21.585498919368078 ], [ -50.270290324760467, -21.585475058479357 ], [ -50.270175990088845, -21.585450203119862 ], [ -50.270173318240644, -21.585449645562761 ], [ -50.270059656792796, -21.585426913277569 ], [ -50.26994599006462, -21.585402203122907 ], [ -50.26994465804291, -21.585401919350254 ], [ -50.269829658147259, -21.585377919376086 ], [ -50.269829381467126, -21.585377861883096 ], [ -50.269713519824414, -21.585353890512835 ], [ -50.269598658123918, -21.585329919379337 ], [ -50.269597051610752, -21.58532959248652 ], [ -50.269481184967695, -21.585306618931959 ], [ -50.269368321983947, -21.585284046339751 ], [ -50.269255313728507, -21.585258496650731 ], [ -50.269251589091752, -21.585257700002163 ], [ -50.269137589195786, -21.585234700027069 ], [ -50.269135970655356, -21.585234381945909 ], [ -50.269021780825618, -21.585212536939082 ], [ -50.268908589174465, -21.585189700030607 ], [ -50.268906970635058, -21.585189381949633 ], [ -50.268792645052429, -21.58516751097266 ], [ -50.268678318213631, -21.585144645608551 ], [ -50.26867697061477, -21.585144381953398 ], [ -50.268561970720533, -21.585122381977449 ], [ -50.268558345934643, -21.585121730616574 ], [ -50.268447162476249, -21.585103036056864 ], [ -50.268333970701931, -21.585081381981386 ], [ -50.268331493152083, -21.585080927700972 ], [ -50.268218997649107, -21.585061191651906 ], [ -50.268107496259141, -21.585039483419894 ], [ -50.268104736606603, -21.58503897060837 ], [ -50.267991736711593, -21.585018970630536 ], [ -50.26787998596803, -21.584999191741876 ], [ -50.267767231278746, -21.584977432068289 ], [ -50.267763345876368, -21.584976730631531 ], [ -50.267705554874979, -21.584967013562672 ], [ -50.267779596734762, -21.584985524030856 ], [ -50.267892104090265, -21.585014397604642 ], [ -50.267895769531933, -21.585015293258365 ], [ -50.268007257173394, -21.585041174322512 ], [ -50.268119585415768, -21.585068013818397 ], [ -50.26823142531476, -21.585094975227054 ], [ -50.268235010152274, -21.585095796860212 ], [ -50.26835001025588, -21.58512079688694 ], [ -50.268350775294792, -21.585120961285323 ], [ -50.268463098686588, -21.585144817585181 ], [ -50.26857542348629, -21.585169668208486 ], [ -50.268577342014055, -21.585170080611672 ], [ -50.268692342118399, -21.585194080637486 ], [ -50.268693135469576, -21.585194244160078 ], [ -50.268805071146055, -21.585217027532128 ], [ -50.268919010194935, -21.58524179689433 ], [ -50.268923029280963, -21.585242618033522 ], [ -50.269037488471248, -21.58526451457827 ], [ -50.269152144282621, -21.585287248062105 ], [ -50.269266342061407, -21.585311080645752 ], [ -50.269270384132192, -21.58531187133848 ], [ -50.26938335743845, -21.585332501250942 ], [ -50.269496342039425, -21.585356080649177 ], [ -50.2695001339859, -21.585356825466665 ], [ -50.269613581252322, -21.585377723651185 ], [ -50.269727354897149, -21.585399489047933 ], [ -50.269841681829789, -21.585422354438098 ], [ -50.269842210593985, -21.58542245928675 ], [ -50.26995921070116, -21.585445459311771 ], [ -50.269960029189434, -21.585445618050489 ], [ -50.270074354866502, -21.585467489053595 ], [ -50.270188011178718, -21.585490220319922 ], [ -50.270302341962299, -21.58551408066112 ], [ -50.270303681670768, -21.585514354422042 ], [ -50.270418681775844, -21.585537354446977 ], [ -50.270532727093837, -21.585560163514828 ], [ -50.270644775179591, -21.585583961341992 ], [ -50.27064668163797, -21.585584354427208 ], [ -50.270760870282949, -21.585607192160403 ], [ -50.270874060836768, -21.585631021754388 ], [ -50.270875681615983, -21.585631354430639 ], [ -50.270990408377713, -21.585654299787002 ], [ -50.271102308976403, -21.58567707601911 ], [ -50.271212953473132, -21.585700785557997 ], [ -50.271325423200736, -21.58572566824504 ], [ -50.271327855220271, -21.585726186954592 ], [ -50.271431702426582, -21.585747512723792 ], [ -50.271438576859104, -21.585720331760918 ], [ -50.271325576960592, -21.585695331787534 ], [ -50.271324703727863, -21.585695141094362 ], [ -50.271208703832542, -21.585670141121096 ], [ -50.271206864701291, -21.585669755785741 ], [ -50.271094929123066, -21.58564697244222 ] ] ], [ [ [ -50.263466064649258, -21.584915887700205 ], [ -50.263467676609523, -21.584916271525891 ], [ -50.263582869509833, -21.584943083671298 ], [ -50.263697064618803, -21.584970887702195 ], [ -50.263698371190685, -21.584971200137005 ], [ -50.263813029858362, -21.584998120002755 ], [ -50.26392968892182, -21.585026038415652 ], [ -50.263930371161159, -21.585026200139225 ], [ -50.264045371263194, -21.585053200167717 ], [ -50.264046686471183, -21.585053503231265 ], [ -50.26416102814386, -21.58507935439663 ], [ -50.264275371234724, -21.585106200170038 ], [ -50.264390371220223, -21.585133200171182 ], [ -50.264505371205743, -21.5851602001723 ], [ -50.264506686415601, -21.585160503236263 ], [ -50.264621028086189, -21.585186354401163 ], [ -50.264735371177238, -21.585213200174621 ], [ -50.264738010120354, -21.585213796756616 ], [ -50.264852716661181, -21.585238732965454 ], [ -50.264965423466144, -21.58526366810338 ], [ -50.264965857536119, -21.585263763518196 ], [ -50.265052857614435, -21.585282763538491 ], [ -50.265053484883332, -21.585282899240109 ], [ -50.26508148490862, -21.585288899246539 ], [ -50.265093693249192, -21.585239061689744 ], [ -50.265026254539379, -21.58522294801805 ], [ -50.265025022877403, -21.585222658762987 ], [ -50.264908326083372, -21.585195728738228 ], [ -50.264793628981941, -21.585168799857936 ], [ -50.264792313536645, -21.585168496739819 ], [ -50.264677668443035, -21.585142576984016 ], [ -50.264561173230256, -21.585115693477796 ], [ -50.264445323548351, -21.585088728470087 ], [ -50.26444372619229, -21.585088365097832 ], [ -50.264327525890167, -21.58506254281312 ], [ -50.264212323520063, -21.585035728472544 ], [ -50.264212022778409, -21.585035658771574 ], [ -50.264095022882593, -21.585008658800152 ], [ -50.264091109099724, -21.585007805948329 ], [ -50.263976071905994, -21.584984208580014 ], [ -50.263861022855515, -21.584957658802825 ], [ -50.26385814408146, -21.584957021743428 ], [ -50.263740423871099, -21.584932081025233 ], [ -50.263624703423979, -21.584907141277807 ], [ -50.263623870967649, -21.584906964132024 ], [ -50.263505007588478, -21.584881992838174 ], [ -50.263387144151302, -21.584857021775136 ], [ -50.263269144138967, -21.584832021776762 ], [ -50.263267214421596, -21.584839989405868 ], [ -50.263280693387671, -21.584856328758814 ], [ -50.263282030880916, -21.584858030937035 ], [ -50.263294418092165, -21.584874593741485 ], [ -50.263351717221241, -21.584888046582872 ], [ -50.263466064649258, -21.584915887700205 ] ] ], [ [ [ -50.264695628848244, -21.584905799840957 ], [ -50.264694313407368, -21.584905496723863 ], [ -50.264579971824801, -21.584879645588043 ], [ -50.264465628819757, -21.58485279984329 ], [ -50.264350628805275, -21.584825799844406 ], [ -50.264235628790772, -21.584798799845533 ], [ -50.264234313351793, -21.584798496728858 ], [ -50.264119971766853, -21.584772645592498 ], [ -50.264005970078863, -21.584745879983178 ], [ -50.263889311103803, -21.584717961600525 ], [ -50.263888628630738, -21.5847177998216 ], [ -50.263774282746688, -21.584690953401402 ], [ -50.26365993540356, -21.584663112313599 ], [ -50.263658323211367, -21.584662728432821 ], [ -50.263543130397679, -21.584635916317193 ], [ -50.263428935373106, -21.584608112315575 ], [ -50.263427628571733, -21.584607799825982 ], [ -50.263312969988263, -21.584580879989307 ], [ -50.263196311013779, -21.584552961606814 ], [ -50.263195628542228, -21.584552799828224 ], [ -50.263080628644268, -21.584525799856721 ], [ -50.263069472951464, -21.584567364683114 ], [ -50.263135949467753, -21.584581000894111 ], [ -50.263250010533731, -21.584605796781855 ], [ -50.263252948681973, -21.584606407367065 ], [ -50.263367761646421, -21.584629172010935 ], [ -50.263483294426948, -21.584653858506343 ], [ -50.263598010496885, -21.584678796786513 ], [ -50.263598578578133, -21.584678919226469 ], [ -50.263715294401443, -21.584703858509283 ], [ -50.263829864884215, -21.584728765140103 ], [ -50.263942543151849, -21.58475347529108 ], [ -50.264056371401161, -21.58478020018843 ], [ -50.264059010329412, -21.58478079676706 ], [ -50.264173347821391, -21.584805652748024 ], [ -50.264287686694381, -21.584831503279919 ], [ -50.264289296666981, -21.584831858754541 ], [ -50.264403830580051, -21.584856542792249 ], [ -50.26451737134569, -21.584883200193321 ], [ -50.264518080213108, -21.584883364958358 ], [ -50.264631080313791, -21.584909364985879 ], [ -50.264632423523999, -21.584909668093346 ], [ -50.264744395704163, -21.584934440704117 ], [ -50.26485789791974, -21.584961089054634 ], [ -50.264969425394554, -21.58498797514665 ], [ -50.264974750087333, -21.584968653485806 ], [ -50.264923576562438, -21.584957331911362 ], [ -50.264922989704218, -21.584957203205018 ], [ -50.264809312078228, -21.584932490682299 ], [ -50.264695628848244, -21.584905799840957 ] ] ], [ [ [ -50.263992064758249, -21.584475887720771 ], [ -50.26410512488615, -21.584503415409444 ], [ -50.264218198763182, -21.58453389619816 ], [ -50.264222064725701, -21.584534887722398 ], [ -50.264335768452362, -21.58456257211316 ], [ -50.264449478221415, -21.584592235535702 ], [ -50.264451745100857, -21.584592809568857 ], [ -50.264564923498348, -21.584620607776742 ], [ -50.264677104315261, -21.584649397548478 ], [ -50.264681080327669, -21.584650364979751 ], [ -50.264793412373528, -21.584676211295765 ], [ -50.264905745908671, -21.584703052056199 ], [ -50.264908719362673, -21.584703733257754 ], [ -50.265022719465215, -21.584728733284443 ], [ -50.265028974519709, -21.584703781981737 ], [ -50.264934574626039, -21.584681024868321 ], [ -50.264933628619694, -21.584680799790284 ], [ -50.264818628721734, -21.584653799818764 ], [ -50.264816576301655, -21.58465333186809 ], [ -50.2647042487311, -21.584628480640109 ], [ -50.264592274352111, -21.584602716627892 ], [ -50.264477628679799, -21.58457579982225 ], [ -50.264474703157049, -21.584575141207157 ], [ -50.264359509263848, -21.58455031494158 ], [ -50.264245313334243, -21.584524496735447 ], [ -50.264243989495164, -21.584524203194565 ], [ -50.26413031186167, -21.584499490670211 ], [ -50.264016628624333, -21.584472799827157 ], [ -50.264014280466938, -21.584472266735087 ], [ -50.263900280569473, -21.584447266761767 ], [ -50.263899989456469, -21.584447203198835 ], [ -50.263784989560051, -21.584422203225582 ], [ -50.26378442124534, -21.584422080735333 ], [ -50.263775926757987, -21.584420265674257 ], [ -50.263872810727179, -21.584445321876974 ], [ -50.263873137946312, -21.584445406140855 ], [ -50.263990138048008, -21.584475406172004 ], [ -50.263992064758249, -21.584475887720771 ] ] ], [ [ [ -50.261094726433569, -21.584068590804893 ], [ -50.261093156565899, -21.584068239713428 ], [ -50.26097415667298, -21.584042239741208 ], [ -50.260973143640143, -21.58404202176359 ], [ -50.260855143746909, -21.584017021790448 ], [ -50.260738291347963, -21.583992264930934 ], [ -50.260620434976417, -21.583965524413706 ], [ -50.260618143602244, -21.583965021768403 ], [ -50.260500143709017, -21.583940021795275 ], [ -50.260491745000202, -21.583974699739112 ], [ -50.260569991886385, -21.583993110774326 ], [ -50.260686689462823, -21.584021038404057 ], [ -50.260686994297465, -21.584021111046756 ], [ -50.260804358095939, -21.584048960088616 ], [ -50.260921723288988, -21.584077804081343 ], [ -50.260922689313112, -21.584078038377747 ], [ -50.261039689416471, -21.584106038407199 ], [ -50.261041273611418, -21.584106409200711 ], [ -50.261158480452586, -21.584133227720034 ], [ -50.261274689386447, -21.584161038409427 ], [ -50.26127627358256, -21.584161409203201 ], [ -50.261394273687806, -21.584188409231825 ], [ -50.261407035413399, -21.584139619525271 ], [ -50.261329231681486, -21.584122476333206 ], [ -50.261213022407112, -21.58409565881254 ], [ -50.26121272632831, -21.584095590776272 ], [ -50.261094726433569, -21.584068590804893 ] ] ], [ [ [ -50.263370753615142, -21.58402130686482 ], [ -50.263256189206167, -21.583991678142834 ], [ -50.263252705360891, -21.583990817906656 ], [ -50.263134649513198, -21.583963040065186 ], [ -50.263018590595088, -21.583934273329273 ], [ -50.263010066735312, -21.583964356466016 ], [ -50.263088596466709, -21.583979534483998 ], [ -50.263206469502038, -21.584002509740579 ], [ -50.263206973540292, -21.584002607166354 ], [ -50.263326065248357, -21.584025433081383 ], [ -50.263443159253008, -21.584049248814871 ], [ -50.263444723428542, -21.584049559034774 ], [ -50.263563596424746, -21.584072534491867 ], [ -50.263637123464356, -21.584086866036092 ], [ -50.263604861920641, -21.584078593846652 ], [ -50.263603909188319, -21.584078352612622 ], [ -50.263487909289786, -21.584049352642889 ], [ -50.263486310638179, -21.584048961531796 ], [ -50.263370753615142, -21.58402130686482 ] ] ], [ [ [ -50.261248006950339, -21.583526992812882 ], [ -50.261130143511203, -21.583502021749474 ], [ -50.261129601449866, -21.583501907863408 ], [ -50.261009872578043, -21.583476964352823 ], [ -50.260892143486558, -21.583452021752805 ], [ -50.260891601425598, -21.583451907866831 ], [ -50.260771601534493, -21.583426907893774 ], [ -50.260771075999436, -21.583426799305098 ], [ -50.260649338857775, -21.583401853173882 ], [ -50.260529601510164, -21.583376907897293 ], [ -50.260497815382742, -21.583370285788543 ], [ -50.260477561340878, -21.583450698347157 ], [ -50.260595206659474, -21.58347662020153 ], [ -50.260714563010978, -21.583503475385115 ], [ -50.260832274016998, -21.583530409263805 ], [ -50.260833843631424, -21.583530760298768 ], [ -50.260952843738515, -21.583556760326548 ], [ -50.260954398463582, -21.583557092111747 ], [ -50.261074127430881, -21.58358203565097 ], [ -50.26119185661836, -21.583606978279558 ], [ -50.261309856606033, -21.583631978281201 ], [ -50.261312723618481, -21.583632558999696 ], [ -50.261418006681758, -21.583652907830604 ], [ -50.261418616462009, -21.583616915894982 ], [ -50.261418625555528, -21.583615842935114 ], [ -50.261418626040076, -21.583563593428689 ], [ -50.261418618504777, -21.583562744739609 ], [ -50.261366735993541, -21.583551935884962 ], [ -50.261248006950339, -21.583526992812882 ] ] ] ] } },
{ "type": "Feature", "properties": { "CHAVE": null, "FAZENDA": "Faz. ABC", "NOME_FAZ": null, "ZONA": null, "TALHAO": null, "AREA_TOTAL": null, "TIPO_GEO": "VOO_PROCESSADO", "DATA_INICI": "17-04-2026", "DATA_FINAL": "17-04-2026", "HORA_INICI": "14:08:14", "HORA_FINAL": "14:08:14", "CLASSE": "APLICADO", "PILOTO": "valmir alves", "AERONAVE": "PS-CBA", "AREA_HA": 0.001188347303725 }, "geometry": { "type": "MultiPolygon", "coordinates": [ [ [ [ -50.267205423095746, -21.586003668113715 ], [ -50.267208410533648, -21.586004299881768 ], [ -50.267322272846719, -21.586027272106776 ], [ -50.267434454359098, -21.586050105516041 ], [ -50.267546774973567, -21.586073961225544 ], [ -50.267548410500609, -21.586074299886846 ], [ -50.267662410604629, -21.586097299911746 ], [ -50.267775875674793, -21.586120191991405 ], [ -50.267890341691292, -21.586144080555218 ], [ -50.267891681410056, -21.586144354318233 ], [ -50.268006285680158, -21.586167275176308 ], [ -50.268122890401855, -21.586191194097477 ], [ -50.268123681388005, -21.586191354321766 ], [ -50.268238681493067, -21.586214354346708 ], [ -50.268239210262564, -21.586214459196412 ], [ -50.268354750075979, -21.586237172155624 ], [ -50.268469296086053, -21.586261858799322 ], [ -50.268472210240461, -21.586262459199975 ], [ -50.268588815842307, -21.586285381672802 ], [ -50.268707421884855, -21.586309302223121 ], [ -50.268707947908318, -21.58630940741606 ], [ -50.268822900012566, -21.586332199647934 ], [ -50.268939855298356, -21.58635697831393 ], [ -50.268941421742277, -21.58635730220243 ], [ -50.269060421850867, -21.586381302228421 ], [ -50.269061468330165, -21.586381509740555 ], [ -50.269178159338907, -21.586404254602613 ], [ -50.269294855262807, -21.586428978318953 ], [ -50.269297722383193, -21.586429559059322 ], [ -50.269415285865215, -21.586452281417483 ], [ -50.269531855239073, -21.586476978322317 ], [ -50.269534722361414, -21.586477559063081 ], [ -50.269652422935081, -21.58650030791787 ], [ -50.269769484601305, -21.586524900708763 ], [ -50.269887842257504, -21.586550760368826 ], [ -50.269888855083458, -21.586550978302 ], [ -50.270006855190253, -21.586575978328838 ], [ -50.270008681205148, -21.586576354349749 ], [ -50.270127766970823, -21.586600171507303 ], [ -50.27024462442801, -21.586624929447055 ], [ -50.27036539396164, -21.586650879929611 ], [ -50.270365855034179, -21.586650978308526 ], [ -50.270483855140988, -21.586675978335361 ], [ -50.270485157921378, -21.586676248822645 ], [ -50.270602642677211, -21.586700144031475 ], [ -50.270719697050993, -21.586724735290957 ], [ -50.270836272353719, -21.586751409304807 ], [ -50.270838854984468, -21.586751978314865 ], [ -50.270956855091278, -21.5867769783417 ], [ -50.271025144838454, -21.586495021647064 ], [ -50.270960215288468, -21.586481265400135 ], [ -50.271019602754826, -21.586231907765118 ], [ -50.270911408474362, -21.586209367298011 ], [ -50.270970841698812, -21.585953751104022 ], [ -50.270852841806345, -21.585929751129985 ], [ -50.270850538623378, -21.585929299832074 ], [ -50.270730073963819, -21.58590658928604 ], [ -50.270611602714197, -21.585881907779267 ], [ -50.270610318429988, -21.585881645576251 ], [ -50.270490318539636, -21.585857645602267 ], [ -50.270488538591387, -21.585857299837972 ], [ -50.270368073929973, -21.58583458929159 ], [ -50.270249602679137, -21.585809907784569 ], [ -50.270246538570049, -21.58580929984193 ], [ -50.270124659843695, -21.585786322709041 ], [ -50.270004550544648, -21.58576349202005 ], [ -50.269885697994489, -21.585739721513931 ], [ -50.269764077204364, -21.585714799224938 ], [ -50.269762027153462, -21.585714392735099 ], [ -50.269642419420677, -21.585691467923773 ], [ -50.269520811266325, -21.585667545012107 ], [ -50.269520277229716, -21.585667440875692 ], [ -50.269401277339007, -21.585644440900779 ], [ -50.26940078091026, -21.585644345745617 ], [ -50.269279904086225, -21.585621369163263 ], [ -50.269160803377481, -21.585598541531628 ], [ -50.269042577969955, -21.58557469775571 ], [ -50.269040780878846, -21.585574345751539 ], [ -50.268920029165926, -21.585551392950709 ], [ -50.268803222787412, -21.585528816932495 ], [ -50.268686157418699, -21.58550323962859 ], [ -50.268682531227974, -21.585502490203741 ], [ -50.268565703260954, -21.585479718655204 ], [ -50.268447871370398, -21.58545496406008 ], [ -50.268445531206005, -21.585454490207457 ], [ -50.268329121105694, -21.585431800107674 ], [ -50.26821470368921, -21.58540714118525 ], [ -50.268214421732885, -21.585407080678561 ], [ -50.268097421838611, -21.585382080705347 ], [ -50.268095577758899, -21.585381697745738 ], [ -50.267977932117851, -21.585357970898336 ], [ -50.267865281018238, -21.585333266713455 ], [ -50.267863109269605, -21.585332805864905 ], [ -50.26774676616914, -21.585308940617832 ], [ -50.267631369100002, -21.585284283128697 ], [ -50.26751731371629, -21.585258496698071 ], [ -50.267515989863966, -21.585258203154254 ], [ -50.267401283416085, -21.585233266974246 ], [ -50.267288576699194, -21.58520833186396 ], [ -50.267285318116613, -21.585207645627353 ], [ -50.267170318221687, -21.585184645652284 ], [ -50.267117627094422, -21.58541510743202 ], [ -50.26707531831827, -21.585406645668218 ], [ -50.266960318307483, -21.585383645669996 ], [ -50.266895681625549, -21.585666354319574 ], [ -50.266933538300982, -21.585673925665485 ], [ -50.266865769081825, -21.585929293163066 ], [ -50.266977769181437, -21.585955293190541 ], [ -50.266982135141511, -21.585956244066406 ], [ -50.267093776348446, -21.585978967502271 ], [ -50.267205423095746, -21.586003668113715 ] ] ], [ [ [ -50.267538984155188, -21.584936014635787 ], [ -50.267426984259131, -21.584916014657928 ], [ -50.267369015680053, -21.585199985333041 ], [ -50.267479757676625, -21.585219760693548 ], [ -50.267591503826516, -21.585241516584421 ], [ -50.267595653960257, -21.585242269338789 ], [ -50.267706706560048, -21.585260941903936 ], [ -50.267818768760996, -21.585282567945757 ], [ -50.267821263236506, -21.585283029358425 ], [ -50.267934263341495, -21.585303029380601 ], [ -50.268045881008376, -21.5853227847239 ], [ -50.268157503779065, -21.585344516594002 ], [ -50.26816050668198, -21.585345072267973 ], [ -50.268273266026689, -21.585364854613179 ], [ -50.268387029339351, -21.585386618032818 ], [ -50.268390653901982, -21.585387269353753 ], [ -50.268501837452895, -21.585405963937198 ], [ -50.268614354891952, -21.585427489015807 ], [ -50.268728681824484, -21.585450354405964 ], [ -50.2687300291947, -21.585450618016473 ], [ -50.268844219119366, -21.585472463049616 ], [ -50.2689574108621, -21.585495299983762 ], [ -50.268959029174411, -21.585495618020204 ], [ -50.269073219098466, -21.585517463053236 ], [ -50.269184543254404, -21.585539923194155 ], [ -50.269297686300156, -21.585565503364599 ], [ -50.269301681654262, -21.58556635439151 ], [ -50.269416681759317, -21.585589354416449 ], [ -50.269416948216659, -21.585589407478192 ], [ -50.269532144135482, -21.585612248052502 ], [ -50.269646341911042, -21.585636080635478 ], [ -50.269646618358571, -21.585636138080154 ], [ -50.269762480096027, -21.585660109478216 ], [ -50.269876675204408, -21.585683941505053 ], [ -50.269991009967192, -21.585708796892188 ], [ -50.269993681587344, -21.585709354401871 ], [ -50.270107343126021, -21.585732086713985 ], [ -50.270221009942979, -21.585756796895215 ], [ -50.270222341736215, -21.585757080619281 ], [ -50.270337341840566, -21.585781080645116 ], [ -50.27045167514575, -21.585804941513089 ], [ -50.270566009906176, -21.585829796899706 ], [ -50.270567341700755, -21.585830080624067 ], [ -50.270681675120379, -21.585853941515904 ], [ -50.270796009881479, -21.585878796902662 ], [ -50.270911009868904, -21.585903796904113 ], [ -50.271026009856314, -21.585928796905574 ], [ -50.2710281351278, -21.585929244178757 ], [ -50.271140214407104, -21.585952056779618 ], [ -50.271254859288554, -21.585976764732166 ], [ -50.27136742306805, -21.586001668227205 ], [ -50.271431702438512, -21.585747512729 ], [ -50.271439855322178, -21.585749186979417 ], [ -50.271506144609376, -21.585466813009802 ], [ -50.271395362956326, -21.585444063210332 ], [ -50.271283576827919, -21.585419331769682 ], [ -50.271282515211084, -21.585419100592595 ], [ -50.271170515312249, -21.585395100618282 ], [ -50.271168864578748, -21.58539475576988 ], [ -50.271055864681706, -21.585371755794736 ], [ -50.271055318212007, -21.585371645533996 ], [ -50.270941129660322, -21.585348807827859 ], [ -50.270827939196636, -21.585324978260267 ], [ -50.270826318190018, -21.585324645537451 ], [ -50.270712272849778, -21.585301836473629 ], [ -50.270600224852245, -21.585278038672488 ], [ -50.27059831816802, -21.585277645540838 ], [ -50.270483318273079, -21.585254645565776 ], [ -50.270368988763828, -21.585231779668067 ], [ -50.270254658072666, -21.585207919353682 ], [ -50.270253318135225, -21.585207645546063 ], [ -50.270138318240285, -21.585184645571001 ], [ -50.270136970640323, -21.585184381915642 ], [ -50.270022380217675, -21.585162460273512 ], [ -50.269906053821003, -21.585139592695118 ], [ -50.269791318208334, -21.585116645576406 ], [ -50.269789970609686, -21.585116381921306 ], [ -50.26967497071545, -21.585094381945339 ], [ -50.269673865846279, -21.585094174500828 ], [ -50.26956176691295, -21.585073524701645 ], [ -50.26944865799554, -21.585049919365634 ], [ -50.269444615699406, -21.585049128629077 ], [ -50.269331642485078, -21.585028498742147 ], [ -50.269218657973553, -21.585004919369059 ], [ -50.269217051467251, -21.585004592477645 ], [ -50.269101051573379, -21.584981592502622 ], [ -50.269099970548801, -21.584981381932572 ], [ -50.268986986036758, -21.58495976750865 ], [ -50.268873989836869, -21.584935203120747 ], [ -50.268871864359532, -21.58493475580438 ], [ -50.268759261367727, -21.584911836615394 ], [ -50.268645618582873, -21.584888119864509 ], [ -50.268533576542332, -21.584863331806229 ], [ -50.268532224532557, -21.584863038677668 ], [ -50.268419607377531, -21.584839119994051 ], [ -50.268306787436501, -21.584814593924548 ], [ -50.268196574705854, -21.584788024787898 ], [ -50.268196254224996, -21.584787947871089 ], [ -50.268083254324885, -21.584760947899458 ], [ -50.268082230292634, -21.58476070670147 ], [ -50.267972068978658, -21.58473513354425 ], [ -50.267860895925686, -21.584706602410879 ], [ -50.267859909558872, -21.5847063525488 ], [ -50.267747909656848, -21.584678352577999 ], [ -50.267636745971508, -21.584650561661654 ], [ -50.267526579840954, -21.584621779523999 ], [ -50.267524909510875, -21.58462135255094 ], [ -50.26741357310668, -21.58459351845482 ], [ -50.267302235098221, -21.58456468986796 ], [ -50.267301244746115, -21.584564436746504 ], [ -50.267190415210841, -21.584536479751385 ], [ -50.267080585563953, -21.584508523118661 ], [ -50.267078574438969, -21.584508024769164 ], [ -50.266966574537776, -21.584481024797501 ], [ -50.266889425384022, -21.584760975189134 ], [ -50.267000418124951, -21.584787732372607 ], [ -50.267109414450118, -21.584815476896051 ], [ -50.267109755075857, -21.584815563210107 ], [ -50.267220259545695, -21.584843438216378 ], [ -50.267331764916037, -21.584872310147325 ], [ -50.267333090310593, -21.584872647405799 ], [ -50.267444253963177, -21.584900438323924 ], [ -50.267554420171621, -21.584929220491077 ], [ -50.267556090278447, -21.584929647407211 ], [ -50.267668090376418, -21.584957647436397 ], [ -50.267705554878766, -21.584967013573088 ], [ -50.26765242654907, -21.584958080483332 ], [ -50.267541496211692, -21.58493648342947 ], [ -50.267538984155188, -21.584936014635787 ] ] ], [ [ [ -50.263423512720685, -21.585044373088312 ], [ -50.26342471781355, -21.585045857176702 ], [ -50.263464619383441, -21.585093618308616 ], [ -50.263465970732817, -21.585095187191637 ], [ -50.263505723369505, -21.585139959842085 ], [ -50.263507241711132, -21.585141614983655 ], [ -50.263547065284037, -21.585183638723496 ], [ -50.263547379268203, -21.585183967889623 ], [ -50.263551263925812, -21.585188013790294 ], [ -50.263555712472204, -21.585188948359026 ], [ -50.263671296609367, -21.585213858737468 ], [ -50.26367185574145, -21.585213978218455 ], [ -50.263788413199443, -21.585238672599878 ], [ -50.263903977173207, -21.585265341213134 ], [ -50.263907890725406, -21.585266194014974 ], [ -50.264022928008849, -21.585289791411199 ], [ -50.264137826735841, -21.585316306505803 ], [ -50.264253676507053, -21.585343271543227 ], [ -50.264255273629594, -21.585343634862479 ], [ -50.264371474021473, -21.585369457176441 ], [ -50.264486676478775, -21.585396271545687 ], [ -50.264486976985289, -21.585396341192197 ], [ -50.264603977089465, -21.585423341220771 ], [ -50.264604686286312, -21.585423503220312 ], [ -50.264719027954598, -21.585449354384675 ], [ -50.264833371043558, -21.585476200157643 ], [ -50.264833976942931, -21.585476341195836 ], [ -50.26495036057991, -21.585503198962957 ], [ -50.265062745482865, -21.585530051997129 ], [ -50.26506600996845, -21.585530796744301 ], [ -50.265180043490538, -21.585555586644958 ], [ -50.265292079975303, -21.585581364955143 ], [ -50.265365919949417, -21.585300635032297 ], [ -50.265252920050109, -21.585274635059843 ], [ -50.265250989856128, -21.585274203217342 ], [ -50.265137626528009, -21.585249559020337 ], [ -50.265093693267175, -21.585239061704037 ], [ -50.265150515020402, -21.585007100742047 ], [ -50.265122828829206, -21.585001167987823 ], [ -50.265036359499938, -21.584982283884582 ], [ -50.264974750094531, -21.58496865349786 ], [ -50.26504657452724, -21.584708024839987 ], [ -50.265028974529862, -21.584703781989795 ], [ -50.265093280462445, -21.584447266703773 ], [ -50.264980770896194, -21.584422593557996 ], [ -50.264869254113563, -21.584395947958974 ], [ -50.264867919496375, -21.584395634980169 ], [ -50.264756914474361, -21.584370094006673 ], [ -50.264645895700674, -21.584341602467045 ], [ -50.264644254719599, -21.584341190388113 ], [ -50.264531390588807, -21.584313469378625 ], [ -50.264417521794734, -21.584283764480439 ], [ -50.26441493509423, -21.584283112234711 ], [ -50.264301875048304, -21.584255584576713 ], [ -50.264188801249873, -21.584225103818138 ], [ -50.264184935061671, -21.584224112236328 ], [ -50.264070900177416, -21.584196347226076 ], [ -50.263955025631354, -21.584166635808728 ], [ -50.263839189290636, -21.584136678139398 ], [ -50.263836310685505, -21.584135961528901 ], [ -50.263720589189894, -21.58410826750092 ], [ -50.263637123483768, -21.584086866050306 ], [ -50.263680813681027, -21.58409538192733 ], [ -50.263798159219611, -21.584119248820361 ], [ -50.263799723396694, -21.584119559040573 ], [ -50.263917940439306, -21.584142407716936 ], [ -50.264035159197199, -21.584166248824012 ], [ -50.264039110914894, -21.584167002196008 ], [ -50.264155262320571, -21.584187673213282 ], [ -50.264272422838388, -21.584211302228628 ], [ -50.264276110895864, -21.58421200220025 ], [ -50.264393197488246, -21.584232839648745 ], [ -50.264507748288686, -21.584254564804198 ], [ -50.264624211237361, -21.584277459233761 ], [ -50.264625538378972, -21.584277714448238 ], [ -50.264742538486807, -21.584299714472373 ], [ -50.264743872678267, -21.584299959639406 ], [ -50.264858600570399, -21.584320551829695 ], [ -50.264971342529499, -21.584344080589524 ], [ -50.264975630592609, -21.584344916008295 ], [ -50.265090565902653, -21.584365723266796 ], [ -50.265201421631417, -21.584387305801826 ], [ -50.265315342496763, -21.584411080594723 ], [ -50.265319384517213, -21.584411871277617 ], [ -50.265432216473123, -21.584432475378353 ], [ -50.265544061410736, -21.584456021684193 ], [ -50.265545135817916, -21.584456244119082 ], [ -50.265656925503706, -21.584478997776273 ], [ -50.265769719567146, -21.584503733320201 ], [ -50.265840280360514, -21.584222266668032 ], [ -50.265726280463042, -21.584197266694726 ], [ -50.265723864011164, -21.584196755845369 ], [ -50.2656114017406, -21.584173865298819 ], [ -50.265497938622623, -21.584149978330458 ], [ -50.265493615314362, -21.584149128689933 ], [ -50.265380642074696, -21.584128498798382 ], [ -50.265267657538168, -21.584104919420099 ], [ -50.265265495728656, -21.584104483421775 ], [ -50.265152495832311, -21.584082483445744 ], [ -50.265150369238391, -21.584082083959302 ], [ -50.26503651970274, -21.584061473271962 ], [ -50.264923657505435, -21.584037919425295 ], [ -50.264919127152126, -21.584037040328244 ], [ -50.2648027949324, -21.584016160190224 ], [ -50.264687125724322, -21.583994410428431 ], [ -50.264570788803788, -21.583971540781064 ], [ -50.264569713700702, -21.583971333161866 ], [ -50.264453713807498, -21.583949333185974 ], [ -50.264451888933927, -21.583948997767461 ], [ -50.264335737624961, -21.583928326776196 ], [ -50.264218577202733, -21.583904697786821 ], [ -50.2642148889149, -21.583903997771706 ], [ -50.264098870134873, -21.583883350366143 ], [ -50.263982840842388, -21.583859751191298 ], [ -50.263981276428986, -21.583859440924329 ], [ -50.263863059483263, -21.583836592275219 ], [ -50.263745840819965, -21.583812751194937 ], [ -50.26374453047513, -21.583812490241613 ], [ -50.263626530583338, -21.583789490266675 ], [ -50.263626276397126, -21.583789440930122 ], [ -50.263508059450118, -21.58376659228075 ], [ -50.263390840786577, -21.583742751200425 ], [ -50.263389026284777, -21.583742392798612 ], [ -50.263269278501191, -21.583719441144201 ], [ -50.263151530540647, -21.583696490274402 ], [ -50.263151276354762, -21.583696440937914 ], [ -50.263033059407228, -21.583673592288452 ], [ -50.26291584074221, -21.583649751207822 ], [ -50.262914530400337, -21.583649490255063 ], [ -50.262796530508538, -21.583626490280139 ], [ -50.262796276322895, -21.583626440943704 ], [ -50.262677276432143, -21.58360344096883 ], [ -50.262614723502764, -21.583886559021177 ], [ -50.262733596493931, -21.583909534477293 ], [ -50.262850813757488, -21.583932381914185 ], [ -50.262968159297372, -21.583956248807485 ], [ -50.262969723470917, -21.583956559026987 ], [ -50.263010066747846, -21.583964356478713 ], [ -50.2629394093249, -21.584213726656824 ], [ -50.263056409427456, -21.584242726687137 ], [ -50.263058294456897, -21.584243182050869 ], [ -50.26317554727536, -21.584270770954653 ], [ -50.263289810811649, -21.584300321873538 ], [ -50.263292689180687, -21.584301038425512 ], [ -50.263408888839031, -21.584328846895744 ], [ -50.263523613952259, -21.584357528178757 ], [ -50.263640138098836, -21.584387406169935 ], [ -50.263642689133363, -21.584388038428401 ], [ -50.263758246239334, -21.584415693125635 ], [ -50.263775926694287, -21.584420265663674 ], [ -50.263667705516049, -21.584397141481265 ], [ -50.263552989534872, -21.584372203228579 ], [ -50.263552421220531, -21.584372080738436 ], [ -50.263435421326257, -21.584347080765248 ], [ -50.263433051145434, -21.584346592597619 ], [ -50.263318523501489, -21.584323884534744 ], [ -50.263204989498043, -21.584299203233254 ], [ -50.263203108776374, -21.584298805928764 ], [ -50.263087050450871, -21.584274999097197 ], [ -50.262972989473312, -21.584250203236341 ], [ -50.26297242115993, -21.584250080746383 ], [ -50.262855705429359, -21.584225141492038 ], [ -50.262752096366597, -21.58420261778646 ], [ -50.262756226216759, -21.584208504349569 ], [ -50.262757793844813, -21.584210648067231 ], [ -50.26279573312722, -21.584260453569414 ], [ -50.262796255855676, -21.584261130916214 ], [ -50.262841313278308, -21.584318763894451 ], [ -50.262841714766651, -21.58431927244208 ], [ -50.26289372404117, -21.584384511190919 ], [ -50.262894041938431, -21.584384906926111 ], [ -50.262952992796627, -21.584457736538766 ], [ -50.262953250674528, -21.58445805319143 ], [ -50.263019158670645, -21.584538491425057 ], [ -50.263037472339889, -21.584560800453875 ], [ -50.263069472951656, -21.584567364690116 ], [ -50.263062916031835, -21.584591795010397 ], [ -50.263132257579748, -21.584676264297737 ], [ -50.263179410991889, -21.584733553109533 ], [ -50.263280693387671, -21.584856328758814 ], [ -50.263282030880916, -21.584858030937035 ], [ -50.263382394784472, -21.584992226412901 ], [ -50.263383468051764, -21.584993623368703 ], [ -50.263423512720685, -21.585044373088312 ] ] ], [ [ [ -50.261416273410902, -21.584748409192059 ], [ -50.261418121042311, -21.584748820717341 ], [ -50.261537195861891, -21.584774620266312 ], [ -50.261654273383002, -21.584801409194775 ], [ -50.261656855944935, -21.584801978189674 ], [ -50.261774856051716, -21.584826978216544 ], [ -50.261775397881237, -21.584827092053946 ], [ -50.261895263473193, -21.584852064056573 ], [ -50.262014129115578, -21.584877035834364 ], [ -50.262016469016451, -21.584877509633774 ], [ -50.262132790960301, -21.584900182559618 ], [ -50.262251121074542, -21.584925820754702 ], [ -50.262320878853835, -21.584644179233699 ], [ -50.262200878961977, -21.584618179261533 ], [ -50.262197530809779, -21.584617490331027 ], [ -50.262080702828143, -21.58459471877967 ], [ -50.261962870922453, -21.584569964181394 ], [ -50.261962601940532, -21.584569907908094 ], [ -50.261842873073299, -21.58454496439845 ], [ -50.261726437874621, -21.58452029592873 ], [ -50.261609726647293, -21.584493590821385 ], [ -50.261607878777895, -21.584493179243246 ], [ -50.261488804051957, -21.584467379724025 ], [ -50.261371726619394, -21.584440590824112 ], [ -50.261370725858832, -21.584440365137379 ], [ -50.261255351328444, -21.584414726357803 ], [ -50.261137968069811, -21.584386120357767 ], [ -50.26113762051947, -21.584386036063602 ], [ -50.261021620621761, -21.584358036093004 ], [ -50.260944379299929, -21.584637963893574 ], [ -50.261060205572626, -21.584665921964177 ], [ -50.261179031955969, -21.584694879659061 ], [ -50.261182273963044, -21.584695634822925 ], [ -50.261298773284302, -21.584721523565548 ], [ -50.261416273410902, -21.584748409192059 ] ] ], [ [ [ -50.261566434965751, -21.584175524375325 ], [ -50.261447435072071, -21.584148524403997 ], [ -50.261446438941228, -21.584148301656949 ], [ -50.26140703542525, -21.58413961953805 ], [ -50.261448107094516, -21.583982597243637 ], [ -50.261440781069012, -21.583970712999157 ], [ -50.261440615327878, -21.583970441974351 ], [ -50.261430792285772, -21.583954249450425 ], [ -50.261430685430931, -21.583954072381196 ], [ -50.261423185730706, -21.583941579017662 ], [ -50.261422996080199, -21.583941260077378 ], [ -50.261422533770975, -21.583940475151767 ], [ -50.261416570328564, -21.583920286831603 ], [ -50.26141619304753, -21.583910376966639 ], [ -50.261416184705233, -21.583910140419935 ], [ -50.261415715598275, -21.583895690018426 ], [ -50.261350519486093, -21.583880772266621 ], [ -50.261234310639161, -21.583852961606766 ], [ -50.261232726208377, -21.583852590758205 ], [ -50.261115519456354, -21.583825772268916 ], [ -50.260999794025892, -21.583798077298642 ], [ -50.260882276735174, -21.583769195935272 ], [ -50.260881005520858, -21.583768888910658 ], [ -50.260763158082284, -21.583740925116448 ], [ -50.26064631056277, -21.58371296161215 ], [ -50.26064570520083, -21.583712817957277 ], [ -50.260527809235612, -21.583685077735264 ], [ -50.260412909055852, -21.583656352694764 ], [ -50.260411310413069, -21.583655961585837 ], [ -50.260294310516429, -21.583627961615285 ], [ -50.260217689405792, -21.583908038371455 ], [ -50.26033388906805, -21.583935846842643 ], [ -50.260449090965025, -21.583964647321441 ], [ -50.260451294616949, -21.583965182000231 ], [ -50.260491745012672, -21.583974699752687 ], [ -50.260431856220663, -21.584221978193476 ], [ -50.260548708592175, -21.584246735056496 ], [ -50.260666565055473, -21.584273475602643 ], [ -50.26066885619511, -21.584273978196649 ], [ -50.260786856301884, -21.584298978223515 ], [ -50.26090434938078, -21.584323870829405 ], [ -50.261022057446638, -21.584349588562535 ], [ -50.261139125519271, -21.584376375329182 ], [ -50.26125597762158, -21.584403341203423 ], [ -50.261257560880097, -21.584403698303447 ], [ -50.261375062524905, -21.584429588500939 ], [ -50.261493120584795, -21.584456374787919 ], [ -50.261608182616989, -21.584483156472352 ], [ -50.261724689203113, -21.584511038394908 ], [ -50.261794949660526, -21.584254213349968 ], [ -50.261739269992518, -21.584216114240988 ], [ -50.261684310822488, -21.584202961621308 ], [ -50.261683322966157, -21.584202728452983 ], [ -50.261567323069265, -21.584175728481512 ], [ -50.261566434965751, -21.584175524375325 ] ] ], [ [ [ -50.261418616462009, -21.583616915894982 ], [ -50.261418625555528, -21.583615842935114 ], [ -50.261418626040076, -21.583563593428689 ], [ -50.261418616038583, -21.583562466975735 ], [ -50.261417710726867, -21.583511515159568 ], [ -50.261417678810787, -21.583510336379032 ], [ -50.261413165830703, -21.583386309441561 ], [ -50.261413137885754, -21.583384777481282 ], [ -50.261413134914555, -21.583356758197446 ], [ -50.261376712766705, -21.583349718624039 ], [ -50.261260143430434, -21.583325021734414 ], [ -50.261142143418105, -21.583300021736051 ], [ -50.26114160135819, -21.583299907850289 ], [ -50.261022379743601, -21.583275070018441 ], [ -50.260904942082021, -21.583249411374045 ], [ -50.260787726013298, -21.583222590752346 ], [ -50.260787147546566, -21.583222459494863 ], [ -50.260667147653947, -21.583195459523573 ], [ -50.260666438480456, -21.583195301613223 ], [ -50.260548438586476, -21.583169301640986 ], [ -50.260497815409877, -21.583370285803394 ], [ -50.260409601498033, -21.583351907899015 ], [ -50.260342398432634, -21.583634092089984 ], [ -50.260462398541527, -21.583659092116932 ], [ -50.260582398529401, -21.583684092118649 ], [ -50.260582923821183, -21.583684200657096 ], [ -50.260704661063066, -21.583709146817586 ], [ -50.26082412736308, -21.583734035634357 ], [ -50.260941856549906, -21.583758978262814 ], [ -50.260942398371917, -21.583759092098653 ], [ -50.261062127340431, -21.583784035638104 ], [ -50.261179856525267, -21.583808978266134 ], [ -50.261180129489894, -21.583809035854596 ], [ -50.261299129597731, -21.583834035881516 ], [ -50.261299398335488, -21.583834092103743 ], [ -50.261414589420312, -21.583858090250494 ], [ -50.261413196664058, -21.583810301707469 ], [ -50.261413201593591, -21.583807681108244 ], [ -50.261417684031386, -21.583671475736065 ], [ -50.261417709231083, -21.583670464689366 ], [ -50.261418616462009, -21.583616915894982 ] ] ] ] } }
]
}
