{
"type": "FeatureCollection",
"name": "307554_SITIO_LOPES_13-04-2026_30-06-2026_14h53m",
"crs": { "type": "name", "properties": { "name": "urn:ogc:def:crs:OGC:1.3:CRS84" } },
"features": [
{ "type": "Feature", "properties": { "CHAVE": "3075541", "FAZENDA": "307554", "NOME_FAZ": "SITIO LOPES", "ZONA": 999.0, "TALHAO": 1.0, "AREA_TOTAL": 17.777497134979068, "TIPO_GEO": "TALHAO", "DATA_INICI": null, "DATA_FINAL": null, "HORA_INICI": null, "HORA_FINAL": null, "CLASSE": null, "PILOTO": null, "AERONAVE": null, "AREA_HA": null }, "geometry": { "type": "Polygon", "coordinates": [ [ [ -50.515139237086927, -21.570366059861048 ], [ -50.515129101699522, -21.57037112929914 ], [ -50.515113674543635, -21.570378413129013 ], [ -50.515066795537891, -21.570399410406729 ], [ -50.515044113506491, -21.570409362016541 ], [ -50.514968812521623, -21.570441884609533 ], [ -50.514850204531733, -21.570492714968346 ], [ -50.514782923725583, -21.570521248540455 ], [ -50.514718090176245, -21.570548312490008 ], [ -50.514689197140946, -21.570560146353586 ], [ -50.514572858633223, -21.570607068358015 ], [ -50.514531680418308, -21.57062415075114 ], [ -50.514498972790733, -21.570638095893351 ], [ -50.514437033453568, -21.570665168165444 ], [ -50.514418480786702, -21.570672905979386 ], [ -50.514377816808498, -21.570688935857664 ], [ -50.514361014526038, -21.570695323656555 ], [ -50.514336467496186, -21.570704399098645 ], [ -50.514239444617097, -21.570739369385883 ], [ -50.514211829412538, -21.570749513002731 ], [ -50.514190936235671, -21.570757325041409 ], [ -50.514133908683938, -21.570779051885271 ], [ -50.514073670990747, -21.570802645653295 ], [ -50.513699945593416, -21.570950756343155 ], [ -50.513610488415964, -21.570986515658237 ], [ -50.513439545102031, -21.571055222692511 ], [ -50.51340284187539, -21.571069804546315 ], [ -50.513306382656609, -21.571107338475876 ], [ -50.513270741469967, -21.571120907069815 ], [ -50.51314208290551, -21.57116932959299 ], [ -50.513109333014292, -21.571181951074497 ], [ -50.513086838805641, -21.571190841223395 ], [ -50.513052106070269, -21.571204890188067 ], [ -50.513032149158278, -21.57121317099659 ], [ -50.513007011159686, -21.571223964459818 ], [ -50.512922416243548, -21.571261738426223 ], [ -50.512897175814793, -21.571272609752516 ], [ -50.512877082333119, -21.571280994382082 ], [ -50.512842042314816, -21.571295276942003 ], [ -50.512819309107009, -21.571304348773943 ], [ -50.51278614950246, -21.571317281710417 ], [ -50.51265575860495, -21.571367103119734 ], [ -50.512619939573078, -21.571381053262382 ], [ -50.512593660472582, -21.571391481382022 ], [ -50.512524343413368, -21.571419573737842 ], [ -50.512488465324871, -21.571434513951736 ], [ -50.512390351286932, -21.57147614257617 ], [ -50.512356134337757, -21.571490502724906 ], [ -50.512318099509983, -21.571506096770431 ], [ -50.512288925081165, -21.571517726699128 ], [ -50.512239436619303, -21.571537022435649 ], [ -50.512208125149819, -21.571548976184189 ], [ -50.512163679205258, -21.571565541695193 ], [ -50.512120914097295, -21.571581197127578 ], [ -50.511995614035825, -21.571626672244737 ], [ -50.511929057812878, -21.571651124062281 ], [ -50.511871426276969, -21.571672752796303 ], [ -50.511832036046272, -21.571688180607737 ], [ -50.511784299100782, -21.571707614533597 ], [ -50.511757590409843, -21.571718724606221 ], [ -50.511680686784786, -21.571751137672354 ], [ -50.511401364531103, -21.571870008509496 ], [ -50.511269628081763, -21.571925702802897 ], [ -50.511220475842535, -21.571946197968803 ], [ -50.511140852379853, -21.571979112415274 ], [ -50.511092687054308, -21.571998846017777 ], [ -50.511027814548555, -21.572025132387608 ], [ -50.510967859025875, -21.57204920939521 ], [ -50.510684784306811, -21.572162392746868 ], [ -50.51022701103421, -21.572346118497677 ], [ -50.510068553563059, -21.572408891023159 ], [ -50.50979219805123, -21.572516996452439 ], [ -50.509733478516232, -21.572540242731211 ], [ -50.509690726478354, -21.572557374289584 ], [ -50.509621189894403, -21.572585522680249 ], [ -50.509578952774163, -21.572602794710683 ], [ -50.509521778002757, -21.572626462417805 ], [ -50.509189890178, -21.572765706933339 ], [ -50.509083403719991, -21.572810126260773 ], [ -50.509045755283502, -21.5728256830423 ], [ -50.509007744921085, -21.572841160569052 ], [ -50.508900709750058, -21.572883945079766 ], [ -50.508882537857964, -21.572891509656476 ], [ -50.508870304674431, -21.572896836119099 ], [ -50.508851777015771, -21.572905250930209 ], [ -50.508841365283331, -21.572910209236941 ], [ -50.508828657745326, -21.572916669346821 ], [ -50.508817890247641, -21.572922477889779 ], [ -50.508779934066951, -21.57294390873891 ], [ -50.508767614570537, -21.572951421066595 ], [ -50.508764330561384, -21.572953591719141 ], [ -50.508761500111682, -21.572955746335868 ], [ -50.508760066704774, -21.572957166711245 ], [ -50.508758596933667, -21.572959273220636 ], [ -50.508759264991404, -21.572961745080114 ], [ -50.508762738935943, -21.572967054149103 ], [ -50.508767860786079, -21.572973430737783 ], [ -50.508779752393309, -21.572987251434412 ], [ -50.508789164730601, -21.572997766807912 ], [ -50.508805510136391, -21.573015492231303 ], [ -50.50887906541633, -21.573093696185929 ], [ -50.508897662701614, -21.573113804798709 ], [ -50.50891007753318, -21.573127497762822 ], [ -50.508928724742823, -21.57314846804239 ], [ -50.508939100944666, -21.573160405420175 ], [ -50.508951582338661, -21.573175247274822 ], [ -50.508989988231342, -21.573222837845062 ], [ -50.50912795800641, -21.573396004403186 ], [ -50.50914044172081, -21.573411192089932 ], [ -50.509159055471116, -21.573433035257747 ], [ -50.509180746338295, -21.573458050270403 ], [ -50.509410866705409, -21.573720673364363 ], [ -50.509435990735746, -21.573749184379139 ], [ -50.509461905277803, -21.573778282615599 ], [ -50.50947997214702, -21.573798268663008 ], [ -50.5095082582137, -21.573829128568299 ], [ -50.509524763202862, -21.573846860183188 ], [ -50.509545992100144, -21.573869195123919 ], [ -50.509618945082551, -21.573944166758771 ], [ -50.50963957197537, -21.573966022152742 ], [ -50.509655274285109, -21.573983114374919 ], [ -50.509681754324518, -21.574012535646414 ], [ -50.509698416507938, -21.574031402755896 ], [ -50.50972192301758, -21.57405858281345 ], [ -50.509788477865662, -21.574137134691878 ], [ -50.509850636253333, -21.574211304249214 ], [ -50.509891767246458, -21.574261196579357 ], [ -50.50991160560455, -21.574285586106889 ], [ -50.509980153823491, -21.574370707947132 ], [ -50.509997827977401, -21.574392450372446 ], [ -50.510040930240301, -21.574444407188565 ], [ -50.510068654163433, -21.574476805770217 ], [ -50.510120090742937, -21.574535886924192 ], [ -50.510158948210645, -21.574579781646175 ], [ -50.510230637644661, -21.574659715140537 ], [ -50.510245716956469, -21.574677080551858 ], [ -50.510256524043754, -21.574689913475041 ], [ -50.510273865994783, -21.57471104683297 ], [ -50.51028425462534, -21.574724043569521 ], [ -50.510298078564922, -21.574741900421689 ], [ -50.510310729834508, -21.574758665105179 ], [ -50.510346629309652, -21.57480677277519 ], [ -50.510357808233259, -21.57482134700005 ], [ -50.510364670170141, -21.574829966901959 ], [ -50.51037407705666, -21.574841252383006 ], [ -50.510378712425087, -21.574846425846935 ], [ -50.510383211643095, -21.574850660757978 ], [ -50.510386074971116, -21.57485254547915 ], [ -50.510390165737057, -21.574853964731684 ], [ -50.510392429613553, -21.57485459971625 ], [ -50.510395130477079, -21.574855085417461 ], [ -50.510401379864248, -21.574855297786051 ], [ -50.510404045642638, -21.574855169531045 ], [ -50.510412007892533, -21.57485417080979 ], [ -50.510419952599705, -21.574852865110149 ], [ -50.510424196543866, -21.574851997341181 ], [ -50.510428983669179, -21.574850699734139 ], [ -50.510432718267204, -21.574849404824686 ], [ -50.510439134935865, -21.574846817703342 ], [ -50.510443242932844, -21.574844950575567 ], [ -50.510449150255084, -21.5748419363136 ], [ -50.510472154157434, -21.574828976915086 ], [ -50.510478732055979, -21.574825391307193 ], [ -50.5104921625543, -21.574818461227053 ], [ -50.510504931264826, -21.574812250188792 ], [ -50.510542602423598, -21.574794646011938 ], [ -50.51057094355609, -21.574780656994321 ], [ -50.510595496714672, -21.574768185684196 ], [ -50.510648983041378, -21.57474056886532 ], [ -50.510700586907127, -21.574713039156507 ], [ -50.510835636340481, -21.57463952441217 ], [ -50.510879365635205, -21.574615446162198 ], [ -50.510898728158494, -21.574604581063721 ], [ -50.510912378156462, -21.574596803202216 ], [ -50.510919084246147, -21.574592832846974 ], [ -50.510925552517961, -21.574588699643385 ], [ -50.510929626881463, -21.57458578132611 ], [ -50.510935381700158, -21.574581159577953 ], [ -50.510938341003964, -21.57457842909194 ], [ -50.510941464096902, -21.574574859382157 ], [ -50.510943709947988, -21.574571640351909 ], [ -50.510971414581242, -21.574524979096942 ], [ -50.510974925537354, -21.57451837021549 ], [ -50.51097725155924, -21.574513399622585 ], [ -50.510979796424017, -21.574506866084295 ], [ -50.510981445314663, -21.57450165317433 ], [ -50.510983458950797, -21.574491988005288 ], [ -50.510987245749661, -21.574464060123578 ], [ -50.510989903570895, -21.5744469263702 ], [ -50.511009879848977, -21.574328780664107 ], [ -50.511013992092536, -21.574306265487785 ], [ -50.511015602259043, -21.574298753410311 ], [ -50.511018286854757, -21.574287477398105 ], [ -50.511019957860825, -21.574281207682873 ], [ -50.511022286283421, -21.574273674549406 ], [ -50.511024495981658, -21.574267389042163 ], [ -50.511028796653449, -21.574256065653852 ], [ -50.511031485595744, -21.574249952389664 ], [ -50.511035251751068, -21.574242935985467 ], [ -50.511038839734233, -21.574237355242616 ], [ -50.51104583752808, -21.57422762941815 ], [ -50.511050802403915, -21.574221323042124 ], [ -50.511058699237509, -21.574212129738441 ], [ -50.511066895750538, -21.574203113941483 ], [ -50.511083588453964, -21.574185259853333 ], [ -50.511092171835855, -21.574176268354762 ], [ -50.511101229280094, -21.574167147948039 ], [ -50.511107741639016, -21.574160938768873 ], [ -50.511118221271339, -21.574151431638064 ], [ -50.511124517352016, -21.574146020990643 ], [ -50.511132925962144, -21.574139296179432 ], [ -50.511140644231524, -21.574133498808063 ], [ -50.511155390428684, -21.574122831504514 ], [ -50.511162964628504, -21.574117531740988 ], [ -50.511170941031864, -21.574112299754628 ], [ -50.511176660837847, -21.574108879540972 ], [ -50.511185843852431, -21.574103850886338 ], [ -50.511191347730993, -21.574101124966539 ], [ -50.511198676352286, -21.574097975861914 ], [ -50.511205386842541, -21.574095453273948 ], [ -50.511235201854397, -21.574084989432052 ], [ -50.511259551164073, -21.57407602101739 ], [ -50.511357961342604, -21.574039015244722 ], [ -50.511378770324022, -21.5740315710601 ], [ -50.51139491087396, -21.574026041605215 ], [ -50.511422523541448, -21.574016897423853 ], [ -50.511440131807262, -21.574011250656795 ], [ -50.511465343937672, -21.574003454537497 ], [ -50.511537779605611, -21.57398186358412 ], [ -50.511590822094249, -21.573966464302263 ], [ -50.511647152877131, -21.573950840104956 ], [ -50.511700339886751, -21.573936648648949 ], [ -50.511787879413077, -21.573914018928228 ], [ -50.511843809071131, -21.573899841254843 ], [ -50.511885683065486, -21.573889818006396 ], [ -50.511898335118701, -21.573886971126505 ], [ -50.511911754558078, -21.57388422204669 ], [ -50.511921468237361, -21.573882487127175 ], [ -50.511946528443822, -21.573878445996037 ], [ -50.511969974437463, -21.573873896309298 ], [ -50.511991135515188, -21.573869449955872 ], [ -50.512028821522009, -21.5738611546181 ], [ -50.512187381754352, -21.573825256894565 ], [ -50.512252527010013, -21.573811077113028 ], [ -50.512264778507507, -21.573808590973993 ], [ -50.512278196915979, -21.573806145892402 ], [ -50.512288309432748, -21.573804556895695 ], [ -50.512305228574519, -21.573802234986765 ], [ -50.51231579500886, -21.573800986094728 ], [ -50.512330575170267, -21.573799561327778 ], [ -50.512442289494359, -21.573791355188956 ], [ -50.512514222184294, -21.573785870188566 ], [ -50.512580321985141, -21.573780605524249 ], [ -50.512659926129182, -21.573774039708383 ], [ -50.512701992981668, -21.573770192990928 ], [ -50.5127439510917, -21.573765538090811 ], [ -50.51275984123842, -21.573763586649594 ], [ -50.512801654357318, -21.573757854172204 ], [ -50.51285971641655, -21.573749331577922 ], [ -50.512890267755807, -21.573744498507356 ], [ -50.51291627722599, -21.573739843256469 ], [ -50.512926063215595, -21.573737769711975 ], [ -50.512933424333404, -21.573735996003609 ], [ -50.512952513622864, -21.573730854332609 ], [ -50.512967264134005, -21.573726255917087 ], [ -50.512987120653854, -21.573719405224598 ], [ -50.513010716807464, -21.57371066309619 ], [ -50.513034233072823, -21.573701741207785 ], [ -50.513048243723517, -21.573696216946864 ], [ -50.513066759410876, -21.573688566053509 ], [ -50.513083608238624, -21.573681338825001 ], [ -50.513115639031753, -21.573667308030064 ], [ -50.513172807910415, -21.57364165273599 ], [ -50.513359497714163, -21.573556554099639 ], [ -50.51343857649637, -21.573520929689305 ], [ -50.513510111305315, -21.573488992389269 ], [ -50.513746082458432, -21.573384530007111 ], [ -50.514229520944326, -21.573170932499234 ], [ -50.514357558574332, -21.57311419428018 ], [ -50.514479709604061, -21.573059842098331 ], [ -50.514538285476355, -21.573033567886831 ], [ -50.514605855935997, -21.573003011306401 ], [ -50.514776367106151, -21.572925166447845 ], [ -50.514812965796352, -21.572908612136239 ], [ -50.514883275258235, -21.572877272937127 ], [ -50.514909815626076, -21.572865576976291 ], [ -50.514979378410224, -21.572835347446983 ], [ -50.515317449827826, -21.57268985494699 ], [ -50.515395864412355, -21.572655403243559 ], [ -50.515471658196105, -21.572621520091534 ], [ -50.515546652990992, -21.572587724342462 ], [ -50.515622126248743, -21.572553394276113 ], [ -50.515666721740807, -21.572532791901548 ], [ -50.515687290974043, -21.572522841835497 ], [ -50.515693635610262, -21.572519515937042 ], [ -50.51569748153689, -21.572517291764353 ], [ -50.515702674680597, -21.572513945144824 ], [ -50.515708166633694, -21.572510107152802 ], [ -50.5157154308408, -21.572503931824514 ], [ -50.515720471987912, -21.572498815590553 ], [ -50.515727558962247, -21.572491012455718 ], [ -50.51573257027092, -21.572484627890194 ], [ -50.515736377075896, -21.572479270633764 ], [ -50.515745811461358, -21.572464658231731 ], [ -50.515775169490183, -21.572416376546109 ], [ -50.51580681829941, -21.572363416536628 ], [ -50.515817718934748, -21.572344459297629 ], [ -50.515824529956525, -21.572332126739109 ], [ -50.515833305606868, -21.572315456587035 ], [ -50.51583754057615, -21.572307008140694 ], [ -50.515845366500933, -21.5722910822759 ], [ -50.515853237916176, -21.57227450794295 ], [ -50.515859907366767, -21.572259128868218 ], [ -50.515864905960967, -21.572246316172915 ], [ -50.515871447707298, -21.572227444710883 ], [ -50.515877802430879, -21.572208028344388 ], [ -50.515885039411209, -21.572183946938345 ], [ -50.515896617502719, -21.572142756845889 ], [ -50.515902135497775, -21.572121751293341 ], [ -50.515909838079587, -21.572089830128924 ], [ -50.51591247734784, -21.572079958231196 ], [ -50.515915261740496, -21.572071129147851 ], [ -50.515916629479086, -21.572067554240359 ], [ -50.515920227866523, -21.572059700422052 ], [ -50.515922745421854, -21.572054785327065 ], [ -50.51592616764809, -21.572049641217873 ], [ -50.515928612320899, -21.572047097354545 ], [ -50.515932095244629, -21.572044182983873 ], [ -50.515934598597376, -21.57204261219087 ], [ -50.515937770012769, -21.572041217071039 ], [ -50.515939582786899, -21.572040657708818 ], [ -50.515944870984121, -21.572039442471457 ], [ -50.515948955481988, -21.572038081855311 ], [ -50.515953740460183, -21.572035524522644 ], [ -50.515955716481862, -21.57203427939265 ], [ -50.515961435433617, -21.572030126437841 ], [ -50.515978423973756, -21.572017082185003 ], [ -50.515996528102242, -21.572003682125001 ], [ -50.516001091045077, -21.571999936976347 ], [ -50.516005487260479, -21.57199606104405 ], [ -50.516009511297852, -21.571992398300065 ], [ -50.516013623298782, -21.571988347809743 ], [ -50.516018534269826, -21.571982339362897 ], [ -50.516021543176905, -21.571977677605314 ], [ -50.51602717243145, -21.571967907048748 ], [ -50.516034277985256, -21.571954495301444 ], [ -50.516040481770716, -21.571942302850164 ], [ -50.516045274396895, -21.571931846516129 ], [ -50.516050887939542, -21.571917483593712 ], [ -50.516053205930618, -21.57191113752231 ], [ -50.516059914027352, -21.571891565815136 ], [ -50.516066499184646, -21.57187172736122 ], [ -50.516079850967571, -21.57183053661441 ], [ -50.516093435888486, -21.571786254111398 ], [ -50.516096275551241, -21.571776623121647 ], [ -50.516101956057575, -21.571756072632013 ], [ -50.516106217322694, -21.571739693382192 ], [ -50.516112847137208, -21.571712926038916 ], [ -50.516141399038496, -21.571593139581758 ], [ -50.516169169733082, -21.571479272219012 ], [ -50.516186258489739, -21.571410827949034 ], [ -50.516207786657688, -21.571327345573266 ], [ -50.516215696200334, -21.571294591076668 ], [ -50.516220249605631, -21.571274124174405 ], [ -50.516249262669938, -21.571137515965656 ], [ -50.516253612729002, -21.571115823659852 ], [ -50.516256051913366, -21.571102800830932 ], [ -50.516258748387408, -21.571086871630971 ], [ -50.516261617232871, -21.571066573567837 ], [ -50.516262397614092, -21.571059953743163 ], [ -50.516262940263786, -21.571053145018411 ], [ -50.516263064298734, -21.571048416968463 ], [ -50.516262893753982, -21.571041041543403 ], [ -50.51626256127544, -21.571036755184917 ], [ -50.516261734384635, -21.571031271534626 ], [ -50.516260688711867, -21.571026418475856 ], [ -50.516258378584531, -21.571017342949929 ], [ -50.516257103275663, -21.571012660061008 ], [ -50.516254336452789, -21.571004081241121 ], [ -50.516250615762964, -21.570994700483627 ], [ -50.516248402777457, -21.570989933796998 ], [ -50.516241796201967, -21.570977070016717 ], [ -50.516238971358817, -21.57097198304438 ], [ -50.516230935283772, -21.570958924007531 ], [ -50.516223118436756, -21.570946965910469 ], [ -50.516208572511111, -21.57092547933313 ], [ -50.516169947698799, -21.570869975566485 ], [ -50.516149055679399, -21.570841092728873 ], [ -50.516122770235476, -21.570805974613258 ], [ -50.516107818364048, -21.570786490559041 ], [ -50.516049418777058, -21.570711537925082 ], [ -50.516022063222572, -21.570676147400508 ], [ -50.515976817625855, -21.570616773293757 ], [ -50.515921012681737, -21.570542621530159 ], [ -50.515904498761607, -21.57052092652096 ], [ -50.51586910792188, -21.570475074216812 ], [ -50.51583384460605, -21.570429978010697 ], [ -50.51577340758751, -21.570353415233509 ], [ -50.515735374184636, -21.570305412524323 ], [ -50.515708714518503, -21.570272114548626 ], [ -50.515694094751737, -21.570254261609886 ], [ -50.515689722173853, -21.570249173024791 ], [ -50.515680512422321, -21.570239075578762 ], [ -50.515676865586563, -21.57023543397549 ], [ -50.51566905677096, -21.570228537272978 ], [ -50.515661282245006, -21.570222500643993 ], [ -50.515647965217802, -21.570213181737348 ], [ -50.515643251650346, -21.570210101661726 ], [ -50.51563795005071, -21.570206985130024 ], [ -50.515633827618714, -21.570204870986135 ], [ -50.515626761922434, -21.570201645086183 ], [ -50.515622248503405, -21.570199816463379 ], [ -50.51561577394255, -21.57019755649501 ], [ -50.515609496426841, -21.570195618503774 ], [ -50.515591002597688, -21.570190344083166 ], [ -50.515581006323799, -21.57018777852948 ], [ -50.515572084951046, -21.570185919715787 ], [ -50.515565611588663, -21.570185162532145 ], [ -50.515554085086414, -21.570184769970542 ], [ -50.515541021053636, -21.570185021537412 ], [ -50.515515968263813, -21.570186118484248 ], [ -50.515502979309105, -21.570187065195082 ], [ -50.515498405348161, -21.570187619418981 ], [ -50.515487121999044, -21.570189509242162 ], [ -50.515481815109815, -21.570190779427094 ], [ -50.515468332975587, -21.570194817133338 ], [ -50.515463427184358, -21.570196485172573 ], [ -50.515457494689194, -21.570198778557 ], [ -50.515452512988439, -21.570200932825188 ], [ -50.515443500381153, -21.570205102245051 ], [ -50.51542837815537, -21.570212699582726 ], [ -50.515350759822454, -21.570254134913839 ], [ -50.515139237086927, -21.570366059861048 ] ] ] } },
{ "type": "Feature", "properties": { "CHAVE": null, "FAZENDA": "Faz. ABC", "NOME_FAZ": null, "ZONA": null, "TALHAO": null, "AREA_TOTAL": null, "TIPO_GEO": "VOO_PROCESSADO", "DATA_INICI": "13-04-2026", "DATA_FINAL": "13-04-2026", "HORA_INICI": "10:09:54", "HORA_FINAL": "10:09:54", "CLASSE": "NÃO APLICADO DENTRO DO TALHÃO", "PILOTO": "valmir alves", "AERONAVE": "PS-CBA", "AREA_HA": 0.00061159534718799996 }, "geometry": { "type": "MultiPolygon", "coordinates": [ [ [ [ -50.511898335118701, -21.573886971126505 ], [ -50.511911754558078, -21.57388422204669 ], [ -50.511921468237361, -21.573882487127175 ], [ -50.511946528443822, -21.573878445996037 ], [ -50.511969974437463, -21.573873896309298 ], [ -50.511991135515188, -21.573869449955872 ], [ -50.512028821522009, -21.5738611546181 ], [ -50.512187381754352, -21.573825256894565 ], [ -50.512252527010013, -21.573811077113028 ], [ -50.512264778507507, -21.573808590973993 ], [ -50.512278196915979, -21.573806145892402 ], [ -50.512288309432748, -21.573804556895695 ], [ -50.512305228574519, -21.573802234986765 ], [ -50.51231579500886, -21.573800986094728 ], [ -50.512330575170267, -21.573799561327778 ], [ -50.512442289494359, -21.573791355188956 ], [ -50.512514222184294, -21.573785870188566 ], [ -50.512580321985141, -21.573780605524249 ], [ -50.512659926129182, -21.573774039708383 ], [ -50.512701992981668, -21.573770192990928 ], [ -50.5127439510917, -21.573765538090811 ], [ -50.51275984123842, -21.573763586649594 ], [ -50.512801654357318, -21.573757854172204 ], [ -50.51285971641655, -21.573749331577922 ], [ -50.512890267755807, -21.573744498507356 ], [ -50.51291627722599, -21.573739843256469 ], [ -50.512926063215595, -21.573737769711975 ], [ -50.512933424333404, -21.573735996003609 ], [ -50.512952513622864, -21.573730854332609 ], [ -50.512967264134005, -21.573726255917087 ], [ -50.512987120653854, -21.573719405224598 ], [ -50.513010716807464, -21.57371066309619 ], [ -50.513034233072823, -21.573701741207785 ], [ -50.513048243723517, -21.573696216946864 ], [ -50.513066759410876, -21.573688566053509 ], [ -50.513083608238624, -21.573681338825001 ], [ -50.513115639031753, -21.573667308030064 ], [ -50.513172807910415, -21.57364165273599 ], [ -50.513359497714163, -21.573556554099639 ], [ -50.51343857649637, -21.573520929689305 ], [ -50.513510111305315, -21.573488992389269 ], [ -50.513746082458432, -21.573384530007111 ], [ -50.514229520944326, -21.573170932499234 ], [ -50.514357558574332, -21.57311419428018 ], [ -50.514479709604061, -21.573059842098331 ], [ -50.514538285476355, -21.573033567886831 ], [ -50.514605855935997, -21.573003011306401 ], [ -50.514776367106151, -21.572925166447845 ], [ -50.514812965796352, -21.572908612136239 ], [ -50.514883275258235, -21.572877272937127 ], [ -50.514909815626076, -21.572865576976291 ], [ -50.514979378410224, -21.572835347446983 ], [ -50.515317449827826, -21.57268985494699 ], [ -50.515395864412355, -21.572655403243559 ], [ -50.515471658196105, -21.572621520091534 ], [ -50.515546652990992, -21.572587724342462 ], [ -50.515622126248743, -21.572553394276113 ], [ -50.515666721740807, -21.572532791901548 ], [ -50.515687290974043, -21.572522841835497 ], [ -50.515693635610262, -21.572519515937042 ], [ -50.51569748153689, -21.572517291764353 ], [ -50.515702674680597, -21.572513945144824 ], [ -50.515708166633694, -21.572510107152802 ], [ -50.5157154308408, -21.572503931824514 ], [ -50.515720471987912, -21.572498815590553 ], [ -50.515727558962247, -21.572491012455718 ], [ -50.51573257027092, -21.572484627890194 ], [ -50.515736377075896, -21.572479270633764 ], [ -50.515745811461358, -21.572464658231731 ], [ -50.515775169490183, -21.572416376546109 ], [ -50.51580681829941, -21.572363416536628 ], [ -50.515817718934748, -21.572344459297629 ], [ -50.515824529956525, -21.572332126739109 ], [ -50.515833305606868, -21.572315456587035 ], [ -50.51583754057615, -21.572307008140694 ], [ -50.515845366500933, -21.5722910822759 ], [ -50.515853237916176, -21.57227450794295 ], [ -50.515857989586486, -21.572263551074478 ], [ -50.515801294151835, -21.572289675445493 ], [ -50.515798401540643, -21.572290973589585 ], [ -50.515695733470416, -21.572335828577859 ], [ -50.515592064659742, -21.572381682096466 ], [ -50.515591401613847, -21.572381973569783 ], [ -50.515488401650025, -21.572426973559981 ], [ -50.515385401575948, -21.572471973598354 ], [ -50.515383870654595, -21.572472632958966 ], [ -50.515277870576838, -21.57251763299746 ], [ -50.51527718469719, -21.572517922291222 ], [ -50.515173297189158, -21.572561456109714 ], [ -50.515071401683642, -21.572605973569026 ], [ -50.515067981982348, -21.572607420558793 ], [ -50.514962982015426, -21.572650420549927 ], [ -50.514857981936629, -21.572693420586866 ], [ -50.514857490253149, -21.572693620992474 ], [ -50.514751490173168, -21.572736621029446 ], [ -50.514750280029027, -21.572737106218366 ], [ -50.514645488046597, -21.57277862757444 ], [ -50.514540687203684, -21.572822129815545 ], [ -50.51453753592088, -21.572823398920548 ], [ -50.514432535839909, -21.572864398955932 ], [ -50.514430354373729, -21.572865232555444 ], [ -50.514324582173899, -21.572904773568315 ], [ -50.514218801399601, -21.572946294997102 ], [ -50.514216820078303, -21.572947057645965 ], [ -50.514110819995089, -21.572987057680582 ], [ -50.514110354461486, -21.572987232532217 ], [ -50.514004344861746, -21.573026862292615 ], [ -50.513897329703809, -21.573068479301824 ], [ -50.513894111775933, -21.573069691277443 ], [ -50.513788352364045, -21.573108239103657 ], [ -50.513682584439671, -21.573148767002856 ], [ -50.513681820224562, -21.573149057607029 ], [ -50.513575820141362, -21.573189057641645 ], [ -50.513574111860642, -21.573189691255074 ], [ -50.513469208423501, -21.573227927090823 ], [ -50.513365280315497, -21.573269106155589 ], [ -50.513364801753802, -21.573269294887705 ], [ -50.513257801671521, -21.573311294923929 ], [ -50.513255354695268, -21.573312232470276 ], [ -50.513150068825425, -21.573351591677721 ], [ -50.513047128844363, -21.573392767673695 ], [ -50.512941490706261, -21.573435620885 ], [ -50.512939057064536, -21.573436585075079 ], [ -50.512833669881907, -21.57347734804582 ], [ -50.512729133790415, -21.5735187680107 ], [ -50.512624982603093, -21.573561420405966 ], [ -50.512622801972277, -21.573562294829461 ], [ -50.512517502474125, -21.573603627347339 ], [ -50.512414185466021, -21.573646922097932 ], [ -50.51241053653353, -21.573648398756809 ], [ -50.512306516590229, -21.573689016072144 ], [ -50.512201490932242, -21.573731620824248 ], [ -50.512200280775723, -21.573732106018134 ], [ -50.512095739674656, -21.57377352796847 ], [ -50.511992185598722, -21.573816922061898 ], [ -50.511989023123483, -21.573818207858078 ], [ -50.511885758714108, -21.573858917869789 ], [ -50.511780491062026, -21.573901620789425 ], [ -50.511779766602437, -21.573901912621388 ], [ -50.511678073948417, -21.57394258968769 ], [ -50.511700339886751, -21.573936648648949 ], [ -50.511787879413077, -21.573914018928228 ], [ -50.511843809071131, -21.573899841254843 ], [ -50.511885683065486, -21.573889818006396 ], [ -50.511898335118701, -21.573886971126505 ] ] ], [ [ [ -50.514968812521623, -21.570441884609533 ], [ -50.514850204531733, -21.570492714968346 ], [ -50.514782923725583, -21.570521248540455 ], [ -50.514718090176245, -21.570548312490008 ], [ -50.514689197140946, -21.570560146353586 ], [ -50.514572858633223, -21.570607068358015 ], [ -50.514531680418308, -21.57062415075114 ], [ -50.514498972790733, -21.570638095893351 ], [ -50.514437033453568, -21.570665168165444 ], [ -50.514418480786702, -21.570672905979386 ], [ -50.514377816808498, -21.570688935857664 ], [ -50.514361014526038, -21.570695323656555 ], [ -50.514336467496186, -21.570704399098645 ], [ -50.514239444617097, -21.570739369385883 ], [ -50.514211829412538, -21.570749513002731 ], [ -50.514190936235671, -21.570757325041409 ], [ -50.514133908683938, -21.570779051885271 ], [ -50.514073670990747, -21.570802645653295 ], [ -50.513699945593416, -21.570950756343155 ], [ -50.513610488415964, -21.570986515658237 ], [ -50.513439545102031, -21.571055222692511 ], [ -50.51340284187539, -21.571069804546315 ], [ -50.513306382656609, -21.571107338475876 ], [ -50.513270741469967, -21.571120907069815 ], [ -50.51314208290551, -21.57116932959299 ], [ -50.513109333014292, -21.571181951074497 ], [ -50.513086838805641, -21.571190841223395 ], [ -50.513052106070269, -21.571204890188067 ], [ -50.513032149158278, -21.57121317099659 ], [ -50.513007011159686, -21.571223964459818 ], [ -50.512922416243548, -21.571261738426223 ], [ -50.512897175814793, -21.571272609752516 ], [ -50.512877082333119, -21.571280994382082 ], [ -50.512842042314816, -21.571295276942003 ], [ -50.512819309107009, -21.571304348773943 ], [ -50.51278614950246, -21.571317281710417 ], [ -50.51265575860495, -21.571367103119734 ], [ -50.512619939573078, -21.571381053262382 ], [ -50.512593660472582, -21.571391481382022 ], [ -50.512524343413368, -21.571419573737842 ], [ -50.512488465324871, -21.571434513951736 ], [ -50.512390351286932, -21.57147614257617 ], [ -50.512356134337757, -21.571490502724906 ], [ -50.512318099509983, -21.571506096770431 ], [ -50.512288925081165, -21.571517726699128 ], [ -50.512239436619303, -21.571537022435649 ], [ -50.512208125149819, -21.571548976184189 ], [ -50.512163679205258, -21.571565541695193 ], [ -50.512120914097295, -21.571581197127578 ], [ -50.511995614035825, -21.571626672244737 ], [ -50.511929057812878, -21.571651124062281 ], [ -50.511871426276969, -21.571672752796303 ], [ -50.511832036046272, -21.571688180607737 ], [ -50.511784299100782, -21.571707614533597 ], [ -50.511757590409843, -21.571718724606221 ], [ -50.511680686784786, -21.571751137672354 ], [ -50.511401364531103, -21.571870008509496 ], [ -50.511269628081763, -21.571925702802897 ], [ -50.511220475842535, -21.571946197968803 ], [ -50.511140852379853, -21.571979112415274 ], [ -50.511092687054308, -21.571998846017777 ], [ -50.511027814548555, -21.572025132387608 ], [ -50.510967859025875, -21.57204920939521 ], [ -50.510684784306811, -21.572162392746868 ], [ -50.51022701103421, -21.572346118497677 ], [ -50.510068553563059, -21.572408891023159 ], [ -50.50979219805123, -21.572516996452439 ], [ -50.509733478516232, -21.572540242731211 ], [ -50.509690726478354, -21.572557374289584 ], [ -50.509621189894403, -21.572585522680249 ], [ -50.509578952774163, -21.572602794710683 ], [ -50.509521778002757, -21.572626462417805 ], [ -50.509189890178, -21.572765706933339 ], [ -50.509083403719991, -21.572810126260773 ], [ -50.509045755283502, -21.5728256830423 ], [ -50.509007744921085, -21.572841160569052 ], [ -50.508900709750058, -21.572883945079766 ], [ -50.508882537857964, -21.572891509656476 ], [ -50.508870304674431, -21.572896836119099 ], [ -50.508851777015771, -21.572905250930209 ], [ -50.508841365283331, -21.572910209236941 ], [ -50.508828657745326, -21.572916669346821 ], [ -50.508817890247641, -21.572922477889779 ], [ -50.508779934066951, -21.57294390873891 ], [ -50.508767614570537, -21.572951421066595 ], [ -50.508764330561384, -21.572953591719141 ], [ -50.508761500111682, -21.572955746335868 ], [ -50.508760066704774, -21.572957166711245 ], [ -50.508758596933667, -21.572959273220636 ], [ -50.508759264991404, -21.572961745080114 ], [ -50.508762738935943, -21.572967054149103 ], [ -50.508767860786079, -21.572973430737783 ], [ -50.508779752393309, -21.572987251434412 ], [ -50.508789164730601, -21.572997766807912 ], [ -50.508805510136391, -21.573015492231303 ], [ -50.50887906541633, -21.573093696185929 ], [ -50.508897662701614, -21.573113804798709 ], [ -50.50891007753318, -21.573127497762822 ], [ -50.508928724742823, -21.57314846804239 ], [ -50.508939100944666, -21.573160405420175 ], [ -50.508951582338661, -21.573175247274822 ], [ -50.508989988231342, -21.573222837845062 ], [ -50.50912795800641, -21.573396004403186 ], [ -50.50914044172081, -21.573411192089932 ], [ -50.509159055471116, -21.573433035257747 ], [ -50.509180746338295, -21.573458050270403 ], [ -50.509410866705409, -21.573720673364363 ], [ -50.509435990735746, -21.573749184379139 ], [ -50.509461905277803, -21.573778282615599 ], [ -50.50947997214702, -21.573798268663008 ], [ -50.5095082582137, -21.573829128568299 ], [ -50.509524763202862, -21.573846860183188 ], [ -50.509545992100144, -21.573869195123919 ], [ -50.509618945082551, -21.573944166758771 ], [ -50.50963957197537, -21.573966022152742 ], [ -50.509655274285109, -21.573983114374919 ], [ -50.509681754324518, -21.574012535646414 ], [ -50.509698416507938, -21.574031402755896 ], [ -50.50972192301758, -21.57405858281345 ], [ -50.509788477865662, -21.574137134691878 ], [ -50.509850636253333, -21.574211304249214 ], [ -50.509891767246458, -21.574261196579357 ], [ -50.50991160560455, -21.574285586106889 ], [ -50.509980153823491, -21.574370707947132 ], [ -50.509997827977401, -21.574392450372446 ], [ -50.510040930240301, -21.574444407188565 ], [ -50.510068654163433, -21.574476805770217 ], [ -50.510120090742937, -21.574535886924192 ], [ -50.510158948210645, -21.574579781646175 ], [ -50.510230637644661, -21.574659715140537 ], [ -50.510245716956469, -21.574677080551858 ], [ -50.510256524043754, -21.574689913475041 ], [ -50.510273865994783, -21.57471104683297 ], [ -50.51028425462534, -21.574724043569521 ], [ -50.510298078564922, -21.574741900421689 ], [ -50.510310729834508, -21.574758665105179 ], [ -50.510346629309652, -21.57480677277519 ], [ -50.510357808233259, -21.57482134700005 ], [ -50.510364670170141, -21.574829966901959 ], [ -50.51037407705666, -21.574841252383006 ], [ -50.510378712425087, -21.574846425846935 ], [ -50.510383211643095, -21.574850660757978 ], [ -50.510386074971116, -21.57485254547915 ], [ -50.510390165737057, -21.574853964731684 ], [ -50.510392429613553, -21.57485459971625 ], [ -50.510395130477079, -21.574855085417461 ], [ -50.510401379864248, -21.574855297786051 ], [ -50.510404045642638, -21.574855169531045 ], [ -50.510412007892533, -21.57485417080979 ], [ -50.510419952599705, -21.574852865110149 ], [ -50.510424196543866, -21.574851997341181 ], [ -50.510428983669179, -21.574850699734139 ], [ -50.510432718267204, -21.574849404824686 ], [ -50.510439134935865, -21.574846817703342 ], [ -50.510443242932844, -21.574844950575567 ], [ -50.510449150255084, -21.5748419363136 ], [ -50.510472154157434, -21.574828976915086 ], [ -50.510478732055979, -21.574825391307193 ], [ -50.5104921625543, -21.574818461227053 ], [ -50.510504931264826, -21.574812250188792 ], [ -50.510542602423598, -21.574794646011938 ], [ -50.51057094355609, -21.574780656994321 ], [ -50.510595496714672, -21.574768185684196 ], [ -50.510648983041378, -21.57474056886532 ], [ -50.510700586907127, -21.574713039156507 ], [ -50.510835636340481, -21.57463952441217 ], [ -50.510879365635205, -21.574615446162198 ], [ -50.510898728158494, -21.574604581063721 ], [ -50.510912378156462, -21.574596803202216 ], [ -50.510919084246147, -21.574592832846974 ], [ -50.510925552517961, -21.574588699643385 ], [ -50.510929626881463, -21.57458578132611 ], [ -50.510935381700158, -21.574581159577953 ], [ -50.510938341003964, -21.57457842909194 ], [ -50.510941464096902, -21.574574859382157 ], [ -50.510943709947988, -21.574571640351909 ], [ -50.510971414581242, -21.574524979096942 ], [ -50.510974925537354, -21.57451837021549 ], [ -50.51097725155924, -21.574513399622585 ], [ -50.510979796424017, -21.574506866084295 ], [ -50.510981445314663, -21.57450165317433 ], [ -50.510983458950797, -21.574491988005288 ], [ -50.510987245749661, -21.574464060123578 ], [ -50.510989903570895, -21.5744469263702 ], [ -50.511009879848977, -21.574328780664107 ], [ -50.511013992092536, -21.574306265487785 ], [ -50.511015602259043, -21.574298753410311 ], [ -50.511018286854757, -21.574287477398105 ], [ -50.511019957860825, -21.574281207682873 ], [ -50.511022286283421, -21.574273674549406 ], [ -50.511024495981658, -21.574267389042163 ], [ -50.511028796653449, -21.574256065653852 ], [ -50.511031485595744, -21.574249952389664 ], [ -50.511035251751068, -21.574242935985467 ], [ -50.511038839734233, -21.574237355242616 ], [ -50.51104583752808, -21.57422762941815 ], [ -50.511050802403915, -21.574221323042124 ], [ -50.511058699237509, -21.574212129738441 ], [ -50.511066895750538, -21.574203113941483 ], [ -50.511079210832278, -21.57418994204539 ], [ -50.511046241603523, -21.574203316356673 ], [ -50.510944683330031, -21.57424571447573 ], [ -50.51084037514341, -21.574290417989591 ], [ -50.510840202923632, -21.574290491678607 ], [ -50.510737804200126, -21.574334234828328 ], [ -50.510635403106328, -21.574378973175961 ], [ -50.510504597009245, -21.574117026798518 ], [ -50.510576727205432, -21.5740855136102 ], [ -50.510468545303034, -21.573870975910371 ], [ -50.510410988066774, -21.573895004662269 ], [ -50.510409982960475, -21.573895420267249 ], [ -50.510305435260392, -21.573938235044505 ], [ -50.510209886293524, -21.573978047118416 ], [ -50.510186905388721, -21.573985653800705 ], [ -50.510178905381522, -21.573987653802458 ], [ -50.510119216499845, -21.573778765102503 ], [ -50.510115556895201, -21.573779976431908 ], [ -50.510098917895398, -21.573745038176945 ], [ -50.510097877489066, -21.573745463386548 ], [ -50.51009742876991, -21.573745645985106 ], [ -50.509981428682295, -21.573792646025513 ], [ -50.509980766509031, -21.573792912605647 ], [ -50.50986576642152, -21.57383891264524 ], [ -50.509744233687172, -21.573573087332569 ], [ -50.509858902181634, -21.573527219939528 ], [ -50.509974346825999, -21.573480444959142 ], [ -50.510089122534893, -21.573433536630876 ], [ -50.510090014474827, -21.573433175218838 ], [ -50.510207014386026, -21.573386175259294 ], [ -50.510207677572538, -21.573385910563012 ], [ -50.510323345685165, -21.573340042178099 ], [ -50.510439468582113, -21.573293394523493 ], [ -50.510555924439785, -21.573245617766315 ], [ -50.51055657164251, -21.573245353894102 ], [ -50.510672247755394, -21.573198485129279 ], [ -50.510788924512887, -21.573150617746652 ], [ -50.510790883439839, -21.573149829113152 ], [ -50.510908675668986, -21.573103306136929 ], [ -50.511023476727274, -21.573055802255467 ], [ -50.511025451969815, -21.573055000256378 ], [ -50.511142686536779, -21.573008305137208 ], [ -50.511258924659082, -21.572960617707256 ], [ -50.511259803302252, -21.572960260271547 ], [ -50.511378803212139, -21.572912260312844 ], [ -50.511379452077591, -21.572912000227639 ], [ -50.511496368676312, -21.572865431756988 ], [ -50.511613292432401, -21.572816878676822 ], [ -50.511614366987573, -21.57281643702407 ], [ -50.511732366898663, -21.572768437065317 ], [ -50.511732803448268, -21.572768260232486 ], [ -50.511851046232046, -21.572720565669506 ], [ -50.511968292544964, -21.572671878646435 ], [ -50.511969367098509, -21.572671436994366 ], [ -50.512087367009592, -21.572623437035606 ], [ -50.512087803558579, -21.572623260203006 ], [ -50.512206486121741, -21.572575388249845 ], [ -50.512326169299769, -21.572526517623913 ], [ -50.512326367209461, -21.572526436964594 ], [ -50.512443294553854, -21.57247887330465 ], [ -50.512560229083554, -21.572429324780593 ], [ -50.512562803706942, -21.572428260163448 ], [ -50.512681803616836, -21.572380260204731 ], [ -50.512682234591921, -21.572380087090856 ], [ -50.512800192506006, -21.572332903930953 ], [ -50.512916176361614, -21.572282775320836 ], [ -50.512919803818818, -21.572281260133622 ], [ -50.513037511363777, -21.572233781465549 ], [ -50.51315422927636, -21.572184324728287 ], [ -50.513155115026777, -21.572183952542428 ], [ -50.513274671564936, -21.572134137324138 ], [ -50.513392229355091, -21.572084324707021 ], [ -50.51339480396949, -21.572083260093589 ], [ -50.513512511516865, -21.572035781424553 ], [ -50.513628178468295, -21.57198677001028 ], [ -50.513745134644807, -21.571935230006812 ], [ -50.513747675194246, -21.571934136604447 ], [ -50.513866452215225, -21.571884230299137 ], [ -50.513876075107994, -21.571880152802688 ], [ -50.513786670443288, -21.571916547625833 ], [ -50.51378642736799, -21.571916646344963 ], [ -50.513671111040658, -21.571963369344868 ], [ -50.513558791828835, -21.572010086190222 ], [ -50.513557876273389, -21.572010463680439 ], [ -50.513442876186986, -21.572057463720807 ], [ -50.513442670671537, -21.572057547547974 ], [ -50.513330324698011, -21.572103281312273 ], [ -50.513215976067933, -21.572151009441349 ], [ -50.513215331184149, -21.572151276960707 ], [ -50.513101331220454, -21.572198276950974 ], [ -50.512987331256738, -21.572245276941231 ], [ -50.512873331171548, -21.572292276981567 ], [ -50.5128726708515, -21.572292547499874 ], [ -50.512760790186036, -21.572338091846927 ], [ -50.512648901685608, -21.572385619710804 ], [ -50.51264733136567, -21.572386276912003 ], [ -50.51253333128048, -21.572433276952353 ], [ -50.5125328765982, -21.572433463593494 ], [ -50.512418335067316, -21.572480276224425 ], [ -50.512305792230592, -21.572527086082005 ], [ -50.512304215252122, -21.572527732176194 ], [ -50.5121910057006, -21.572573413228397 ], [ -50.512078792302852, -21.572620086062503 ], [ -50.512077671102659, -21.572620547432734 ], [ -50.5119650016374, -21.572666412883805 ], [ -50.511851562162704, -21.572713181795173 ], [ -50.511738792532149, -21.572760085983049 ], [ -50.511625792448164, -21.572807086023342 ], [ -50.511624671245869, -21.572807547394444 ], [ -50.511511671160768, -21.572853547433979 ], [ -50.51151008779415, -21.572854182195432 ], [ -50.511397445762213, -21.572898646160283 ], [ -50.511285792555348, -21.572945085994341 ], [ -50.511283538321472, -21.572946003578117 ], [ -50.51117053823527, -21.572991003616877 ], [ -50.511170087896744, -21.572991182168142 ], [ -50.511056313249782, -21.573036093217382 ], [ -50.51094353842317, -21.573081003550886 ], [ -50.510830538336975, -21.573126003589639 ], [ -50.510827798379125, -21.573127065788363 ], [ -50.510715054811719, -21.573169591874763 ], [ -50.510605302171903, -21.573213097429328 ], [ -50.510602798442136, -21.573214065771662 ], [ -50.510489018114164, -21.573256982916451 ], [ -50.510376460361549, -21.573299814631188 ], [ -50.510265264909187, -21.573342505746169 ], [ -50.510153844931551, -21.573386277884072 ], [ -50.510151954698493, -21.573387006754263 ], [ -50.510041319194109, -21.573428868840537 ], [ -50.509929683050522, -21.573471729149187 ], [ -50.509818964591865, -21.573514237133065 ], [ -50.509711236501538, -21.573557723705552 ], [ -50.50970720864597, -21.573559286948321 ], [ -50.509597208559079, -21.573600286983829 ], [ -50.509482791544102, -21.57333171299636 ], [ -50.509590765741969, -21.573291468072004 ], [ -50.509697763525359, -21.57324827630978 ], [ -50.509700317142126, -21.573247270792898 ], [ -50.509706138805299, -21.57324503569026 ], [ -50.509614567585302, -21.572973122780336 ], [ -50.509726377426944, -21.57294017880956 ], [ -50.509836739711339, -21.572907368401214 ], [ -50.509947855561634, -21.572873636804395 ], [ -50.510060223883158, -21.572838832457712 ], [ -50.510172028744769, -21.572803893439275 ], [ -50.510172419239318, -21.572803771949921 ], [ -50.510284992104097, -21.572768904249433 ], [ -50.510397750813809, -21.572733296236976 ], [ -50.510507895943775, -21.572697231019319 ], [ -50.510617873778223, -21.572657953222883 ], [ -50.51061830038585, -21.57265780153757 ], [ -50.510731086989573, -21.572617877078578 ], [ -50.510840267212764, -21.572578884145177 ], [ -50.510948698131244, -21.572535902522855 ], [ -50.510952676937684, -21.572534386008769 ], [ -50.511062325471812, -21.572494246817083 ], [ -50.511171538592301, -21.572450366549067 ], [ -50.511279926231744, -21.572406026156219 ], [ -50.511388787676765, -21.572359512634964 ], [ -50.511497665611614, -21.572312992069108 ], [ -50.511606052131484, -21.572264710807673 ], [ -50.511713503452434, -21.572215959752423 ], [ -50.511822112152949, -21.572166592169278 ], [ -50.511929784221145, -21.572115225686129 ], [ -50.511932554231777, -21.572113936728908 ], [ -50.512039959046263, -21.572065206774294 ], [ -50.512148858118451, -21.572014717212404 ], [ -50.512256351673756, -21.571963956375011 ], [ -50.512258453112743, -21.571962982672119 ], [ -50.512368453154025, -21.571912982660809 ], [ -50.512478453195307, -21.571862982649535 ], [ -50.512588453236582, -21.571812982638232 ], [ -50.512698453277864, -21.571762982626939 ], [ -50.512808453319153, -21.571712982615662 ], [ -50.512918453360427, -21.571662982604366 ], [ -50.51302845328356, -21.571612982646784 ], [ -50.513029552521878, -21.571612487999101 ], [ -50.513139552443839, -21.571563488040763 ], [ -50.513140524555745, -21.571563058881861 ], [ -50.513251188442389, -21.571514643438579 ], [ -50.513360864502339, -21.571464251742476 ], [ -50.513363664272283, -21.571462997848808 ], [ -50.513473047980405, -21.571415266782811 ], [ -50.513584434242745, -21.571365540779599 ], [ -50.513586627115707, -21.571364581469521 ], [ -50.513698387811104, -21.57131668403477 ], [ -50.513807745894333, -21.571269394059499 ], [ -50.513918356081177, -21.571219026927732 ], [ -50.513922099147663, -21.571217380084597 ], [ -50.514034862985589, -21.571169480407228 ], [ -50.514146314006204, -21.57112171569014 ], [ -50.51425900138257, -21.571072851258823 ], [ -50.514260565006808, -21.571072183083956 ], [ -50.514373855433689, -21.571024481857599 ], [ -50.514484149115695, -21.570976787298246 ], [ -50.514484471976687, -21.570976648103919 ], [ -50.514598471893748, -21.570927648145783 ], [ -50.514601330228466, -21.570926452217034 ], [ -50.514713445210958, -21.570880812494931 ], [ -50.514826250433558, -21.570833315564482 ], [ -50.514940936346868, -21.570784449398605 ], [ -50.514941099489214, -21.570784379992524 ], [ -50.515054099406363, -21.570736380033605 ], [ -50.515056124741584, -21.570735536053206 ], [ -50.515170108873782, -21.570688951239479 ], [ -50.515282018011952, -21.570641414619789 ], [ -50.515396936498618, -21.570592449357591 ], [ -50.515400235955298, -21.570591086760395 ], [ -50.515515235867824, -21.570545086799996 ], [ -50.515636764240881, -21.570810913177795 ], [ -50.515599003716289, -21.570826017389408 ], [ -50.515713507465961, -21.571093175027929 ], [ -50.515709577339138, -21.571094648825675 ], [ -50.515608548082994, -21.571138909265905 ], [ -50.515606900823663, -21.571139619924963 ], [ -50.515493900740815, -21.571187619966032 ], [ -50.515493435117705, -21.571187816884727 ], [ -50.515380218832846, -21.571235486905458 ], [ -50.515268542592317, -21.571283912892078 ], [ -50.515235297742841, -21.571298623004427 ], [ -50.515281061563613, -21.571279394510714 ], [ -50.515379986618107, -21.571236856742619 ], [ -50.515395524742708, -21.571230058813981 ], [ -50.515522057898735, -21.57148310685 ], [ -50.515552413091349, -21.571469550163894 ], [ -50.515555130168181, -21.571468366835543 ], [ -50.515659765531225, -21.571423946168622 ], [ -50.515761413276046, -21.571378550094259 ], [ -50.515864090934052, -21.5713326940595 ], [ -50.515967769305625, -21.571285839417548 ], [ -50.51597062715728, -21.571284581416844 ], [ -50.51607451614089, -21.571240057572822 ], [ -50.516176413315769, -21.571194550102671 ], [ -50.516219272612247, -21.571278515619198 ], [ -50.516220249605631, -21.571274124174405 ], [ -50.516249262669938, -21.571137515965656 ], [ -50.516253612729002, -21.571115823659852 ], [ -50.516256051913366, -21.571102800830932 ], [ -50.516258748387408, -21.571086871630971 ], [ -50.516261617232871, -21.571066573567837 ], [ -50.516262397614092, -21.571059953743163 ], [ -50.516262940263786, -21.571053145018411 ], [ -50.516263064298734, -21.571048416968463 ], [ -50.516262893753982, -21.571041041543403 ], [ -50.51626256127544, -21.571036755184917 ], [ -50.516261734384635, -21.571031271534626 ], [ -50.516260688711867, -21.571026418475856 ], [ -50.516258378584531, -21.571017342949929 ], [ -50.516257103275663, -21.571012660061008 ], [ -50.516254336452789, -21.571004081241121 ], [ -50.516250615762964, -21.570994700483627 ], [ -50.516248402777457, -21.570989933796998 ], [ -50.516241796201967, -21.570977070016717 ], [ -50.516238971358817, -21.57097198304438 ], [ -50.516230935283772, -21.570958924007531 ], [ -50.516223118436756, -21.570946965910469 ], [ -50.516208572511111, -21.57092547933313 ], [ -50.516169947698799, -21.570869975566485 ], [ -50.516149055679399, -21.570841092728873 ], [ -50.516122770235476, -21.570805974613258 ], [ -50.516107818364048, -21.570786490559041 ], [ -50.516049418777058, -21.570711537925082 ], [ -50.516022063222572, -21.570676147400508 ], [ -50.515976817625855, -21.570616773293757 ], [ -50.515921012681737, -21.570542621530159 ], [ -50.515904498761607, -21.57052092652096 ], [ -50.51586910792188, -21.570475074216812 ], [ -50.51583384460605, -21.570429978010697 ], [ -50.51577340758751, -21.570353415233509 ], [ -50.515735374184636, -21.570305412524323 ], [ -50.515708714518503, -21.570272114548626 ], [ -50.515694094751737, -21.570254261609886 ], [ -50.515689722173853, -21.570249173024791 ], [ -50.515680512422321, -21.570239075578762 ], [ -50.515676865586563, -21.57023543397549 ], [ -50.51566905677096, -21.570228537272978 ], [ -50.515661282245006, -21.570222500643993 ], [ -50.515647965217802, -21.570213181737348 ], [ -50.515643251650346, -21.570210101661726 ], [ -50.51563795005071, -21.570206985130024 ], [ -50.515633827618714, -21.570204870986135 ], [ -50.515626761922434, -21.570201645086183 ], [ -50.515622248503405, -21.570199816463379 ], [ -50.51561577394255, -21.57019755649501 ], [ -50.515609496426841, -21.570195618503774 ], [ -50.515591002597688, -21.570190344083166 ], [ -50.515581006323799, -21.57018777852948 ], [ -50.515572084951046, -21.570185919715787 ], [ -50.515565611588663, -21.570185162532145 ], [ -50.515554085086414, -21.570184769970542 ], [ -50.515541021053636, -21.570185021537412 ], [ -50.515515968263813, -21.570186118484248 ], [ -50.515502979309105, -21.570187065195082 ], [ -50.515498405348161, -21.570187619418981 ], [ -50.515487121999044, -21.570189509242162 ], [ -50.515481815109815, -21.570190779427094 ], [ -50.515468332975587, -21.570194817133338 ], [ -50.515463427184358, -21.570196485172573 ], [ -50.515457494689194, -21.570198778557 ], [ -50.515452512988439, -21.570200932825188 ], [ -50.515443500381153, -21.570205102245051 ], [ -50.51542837815537, -21.570212699582726 ], [ -50.515350759822454, -21.570254134913839 ], [ -50.515139237086927, -21.570366059861048 ], [ -50.515129101699522, -21.57037112929914 ], [ -50.515113674543635, -21.570378413129013 ], [ -50.515066795537891, -21.570399410406729 ], [ -50.515044113506491, -21.570409362016541 ], [ -50.514968812521623, -21.570441884609533 ] ] ], [ [ [ -50.51591247734784, -21.572079958231196 ], [ -50.515915261740496, -21.572071129147851 ], [ -50.515916629479086, -21.572067554240359 ], [ -50.515920227866523, -21.572059700422052 ], [ -50.515922745421854, -21.572054785327065 ], [ -50.51592616764809, -21.572049641217873 ], [ -50.515928612320899, -21.572047097354545 ], [ -50.515932095244629, -21.572044182983873 ], [ -50.515934598597376, -21.57204261219087 ], [ -50.515937770012769, -21.572041217071039 ], [ -50.515939582786899, -21.572040657708818 ], [ -50.515944870984121, -21.572039442471457 ], [ -50.515948955481988, -21.572038081855311 ], [ -50.515953740460183, -21.572035524522644 ], [ -50.515955716481862, -21.57203427939265 ], [ -50.515961435433617, -21.572030126437841 ], [ -50.515978423973756, -21.572017082185003 ], [ -50.515996528102242, -21.572003682125001 ], [ -50.516001091045077, -21.571999936976347 ], [ -50.516005487260479, -21.57199606104405 ], [ -50.516009511297852, -21.571992398300065 ], [ -50.516013623298782, -21.571988347809743 ], [ -50.516018534269826, -21.571982339362897 ], [ -50.516021543176905, -21.571977677605314 ], [ -50.51602717243145, -21.571967907048748 ], [ -50.516034277985256, -21.571954495301444 ], [ -50.516040481770716, -21.571942302850164 ], [ -50.516045274396895, -21.571931846516129 ], [ -50.516050887939542, -21.571917483593712 ], [ -50.516053205930618, -21.57191113752231 ], [ -50.516059914027352, -21.571891565815136 ], [ -50.516066499184646, -21.57187172736122 ], [ -50.516079850967571, -21.57183053661441 ], [ -50.516093435888486, -21.571786254111398 ], [ -50.516096275551241, -21.571776623121647 ], [ -50.516101956057575, -21.571756072632013 ], [ -50.516106217322694, -21.571739693382192 ], [ -50.516112847137208, -21.571712926038916 ], [ -50.516141399038496, -21.571593139581758 ], [ -50.516158756725247, -21.571521968368973 ], [ -50.516100808756597, -21.571546803216176 ], [ -50.515998230739562, -21.571593160595427 ], [ -50.515997586914146, -21.571593449840194 ], [ -50.515950862313126, -21.571614317140714 ], [ -50.516064184169423, -21.571850922417728 ], [ -50.515959184091756, -21.571894922455456 ], [ -50.515957489636868, -21.571895621140818 ], [ -50.515851489556894, -21.571938621177793 ], [ -50.515850279422828, -21.571939106362681 ], [ -50.515744885626688, -21.571980866173028 ], [ -50.515639489621805, -21.572023621160376 ], [ -50.515639004967717, -21.572023816845967 ], [ -50.515532004886538, -21.572066816882963 ], [ -50.515531765208721, -21.572066912978016 ], [ -50.515426885122807, -21.572108865016663 ], [ -50.515320848050798, -21.572151478050262 ], [ -50.515215686710228, -21.572195129932073 ], [ -50.51521400509823, -21.572195816811139 ], [ -50.515107848116742, -21.572238478032713 ], [ -50.515003030937791, -21.572281987055128 ], [ -50.514896374270563, -21.572326842668012 ], [ -50.514894005198407, -21.572327816784505 ], [ -50.514787494184731, -21.57237062028058 ], [ -50.514683928974691, -21.572413032704741 ], [ -50.514578870522627, -21.572457632996013 ], [ -50.51457600529784, -21.572458816758076 ], [ -50.514470194229524, -21.572501338967953 ], [ -50.514364374442053, -21.57254584262164 ], [ -50.514363687095688, -21.572546129811872 ], [ -50.514257687016809, -21.572590129849619 ], [ -50.514256981962468, -21.572590420547797 ], [ -50.514152679776984, -21.572633134781068 ], [ -50.514046374545437, -21.572677842593723 ], [ -50.514045196602794, -21.572678332475625 ], [ -50.51393844206541, -21.572722231542659 ], [ -50.513832936212587, -21.572766026429939 ], [ -50.513728184806396, -21.572809922262341 ], [ -50.513726005565033, -21.572810816687102 ], [ -50.51361960219829, -21.572853576923226 ], [ -50.513513196657648, -21.572897332477197 ], [ -50.51351249040227, -21.572897620936388 ], [ -50.513409416509454, -21.57293943393514 ], [ -50.513461032088188, -21.572920620781751 ], [ -50.513565797358638, -21.572881086720429 ], [ -50.513672415582334, -21.572840233011856 ], [ -50.513674888410925, -21.572839308669593 ], [ -50.51378027209222, -21.572800897798448 ], [ -50.513886670319231, -21.572759520713223 ], [ -50.513888645726311, -21.572758767413227 ], [ -50.513995412724476, -21.572718854519888 ], [ -50.514100186540624, -21.572679317234286 ], [ -50.514206198625367, -21.572637705017577 ], [ -50.514208645814072, -21.572636767389984 ], [ -50.514314551600947, -21.572597176445136 ], [ -50.514416881016388, -21.572557219248711 ], [ -50.514521312829039, -21.572513870198637 ], [ -50.514523720160021, -21.572512893723538 ], [ -50.514629113902956, -21.572471133942923 ], [ -50.514734263828984, -21.572428478788588 ], [ -50.514839018206985, -21.572385579381198 ], [ -50.514942298887036, -21.572343283489008 ], [ -50.515043598357835, -21.572299026443815 ], [ -50.515045815492812, -21.572298077647158 ], [ -50.515150472100387, -21.572254221550224 ], [ -50.515255362077305, -21.572209692792072 ], [ -50.515357598575818, -21.572165026366317 ], [ -50.515460266610241, -21.572120171405953 ], [ -50.515563935382623, -21.572074317916666 ], [ -50.515564598649028, -21.572074026346506 ], [ -50.51566614506806, -21.572029661412714 ], [ -50.515766705897299, -21.571983324566592 ], [ -50.515880434524213, -21.572199269925079 ], [ -50.515885039411209, -21.572183946938345 ], [ -50.515896617502719, -21.572142756845889 ], [ -50.515902135497775, -21.572121751293341 ], [ -50.515909838079587, -21.572089830128924 ], [ -50.51591247734784, -21.572079958231196 ] ] ], [ [ [ -50.516215696200334, -21.571294591076668 ], [ -50.516219272612247, -21.571278515619209 ], [ -50.516219272612247, -21.571278515619198 ], [ -50.516215696200334, -21.571294591076668 ] ] ], [ [ [ -50.515296900549288, -21.570952620003304 ], [ -50.515294875455183, -21.570953463883416 ], [ -50.515180891274319, -21.571000048728081 ], [ -50.515068982218537, -21.571047585323523 ], [ -50.514954063682609, -21.571096550618748 ], [ -50.514953435040198, -21.571096816891114 ], [ -50.51483943495613, -21.571144816932232 ], [ -50.514837669966681, -21.571145547720594 ], [ -50.514726105527473, -21.571190963338523 ], [ -50.514613689656052, -21.571239282446665 ], [ -50.514502850918653, -21.571287212717618 ], [ -50.514501435189956, -21.571287816850841 ], [ -50.514388218905182, -21.57133548687154 ], [ -50.51427599865071, -21.571384148757762 ], [ -50.514275372925191, -21.571384418506369 ], [ -50.514163372843548, -21.571432418547413 ], [ -50.514162901048579, -21.571432619849908 ], [ -50.514051784283929, -21.57147981989819 ], [ -50.513941643959413, -21.571529973088293 ], [ -50.513938851232254, -21.571531212613564 ], [ -50.513827851151831, -21.571579212654541 ], [ -50.513827373080012, -21.571579418464687 ], [ -50.513716473452824, -21.571626946882855 ], [ -50.513644415464299, -21.571659115631949 ], [ -50.513663451160312, -21.571651402893867 ], [ -50.513775675594644, -21.571605718615984 ], [ -50.513890024177684, -21.571557990516958 ], [ -50.513890208429018, -21.571557913746801 ], [ -50.514002570824204, -21.571511178950914 ], [ -50.514116935804587, -21.571462449530195 ], [ -50.514117098948027, -21.571462380123659 ], [ -50.51423009886517, -21.571414380164718 ], [ -50.514230564732301, -21.571414183142867 ], [ -50.514344250007404, -21.571366315664466 ], [ -50.514458467895182, -21.571317648918381 ], [ -50.514571001340272, -21.571268851235946 ], [ -50.514683695454913, -21.571219983883019 ], [ -50.514797152649166, -21.571170221962397 ], [ -50.514909915403585, -21.571120326945113 ], [ -50.514912564963737, -21.571119183080938 ], [ -50.515025234449681, -21.571071743303676 ], [ -50.515136915483026, -21.57102232692344 ], [ -50.515138001537906, -21.571021851182518 ], [ -50.515251001456193, -21.57097285122433 ], [ -50.515252565079052, -21.57097218305007 ], [ -50.515366332008604, -21.57092428119082 ], [ -50.515478273432301, -21.570876730857659 ], [ -50.515541834013845, -21.570848885273094 ], [ -50.515523422383986, -21.570856249925889 ], [ -50.515410063530858, -21.57090455065979 ], [ -50.515409900632129, -21.570904619962231 ], [ -50.515296900549288, -21.570952620003304 ] ] ] ] } },
{ "type": "Feature", "properties": { "CHAVE": null, "FAZENDA": "Faz. ABC", "NOME_FAZ": null, "ZONA": null, "TALHAO": null, "AREA_TOTAL": null, "TIPO_GEO": "VOO_PROCESSADO", "DATA_INICI": "13-04-2026", "DATA_FINAL": "13-04-2026", "HORA_INICI": "10:09:54", "HORA_FINAL": "10:09:54", "CLASSE": "APLICADO FORA DO TALHÃO", "PILOTO": "valmir alves", "AERONAVE": "PS-CBA", "AREA_HA": 7.482155e-07 }, "geometry": { "type": "Polygon", "coordinates": [ [ [ -50.516309586801512, -21.571455449870903 ], [ -50.51625301272415, -21.571344615769146 ], [ -50.516233288811343, -21.571421101661944 ], [ -50.516233207793455, -21.571421420917098 ], [ -50.516216255290402, -21.571489319548313 ], [ -50.516216199457297, -21.571489545796517 ], [ -50.516214116335057, -21.57149808717266 ], [ -50.516309586801512, -21.571455449870903 ] ] ] } },
{ "type": "Feature", "properties": { "CHAVE": null, "FAZENDA": "Faz. ABC", "NOME_FAZ": null, "ZONA": null, "TALHAO": null, "AREA_TOTAL": null, "TIPO_GEO": "VOO_PROCESSADO", "DATA_INICI": "13-04-2026", "DATA_FINAL": "13-04-2026", "HORA_INICI": "10:09:54", "HORA_FINAL": "10:09:54", "CLASSE": "SOBREPOSIÇÃO", "PILOTO": "valmir alves", "AERONAVE": "PS-CBA", "AREA_HA": 7.9824451002000001e-05 }, "geometry": { "type": "MultiPolygon", "coordinates": [ [ [ [ -50.513244958903393, -21.57300279908058 ], [ -50.51313941763437, -21.573044226491145 ], [ -50.513033645492541, -21.573083767475172 ], [ -50.513030233922834, -21.573085087245058 ], [ -50.512925234002722, -21.573127087208903 ], [ -50.51292450932354, -21.573127379129268 ], [ -50.512819721815283, -21.57316988726545 ], [ -50.512714943123711, -21.573210414868459 ], [ -50.512713719523745, -21.573210893908993 ], [ -50.512607719604823, -21.573252893872791 ], [ -50.512606017428652, -21.573253579607915 ], [ -50.512502104233306, -21.5732961345314 ], [ -50.512396198217225, -21.573337705112777 ], [ -50.512392814568635, -21.573339077915875 ], [ -50.512289628955614, -21.573382317597058 ], [ -50.512186463654267, -21.573422601186461 ], [ -50.512184509097573, -21.573423379190029 ], [ -50.512079113150065, -21.57346613414564 ], [ -50.511973719413334, -21.573507893923818 ], [ -50.511970814435934, -21.573509077951925 ], [ -50.511867388080496, -21.573552418515554 ], [ -50.511764977063876, -21.573592792084884 ], [ -50.511763508967789, -21.573593379224853 ], [ -50.511657870879674, -21.573636232407178 ], [ -50.511553233586163, -21.573678087320253 ], [ -50.511550309527557, -21.573679290529302 ], [ -50.511447161038895, -21.573722930269621 ], [ -50.511343262806228, -21.573765479064786 ], [ -50.511237508916423, -21.573808379223021 ], [ -50.511235309425359, -21.573809290557019 ], [ -50.511132160937713, -21.573852930296912 ], [ -50.511028262704798, -21.573895479092176 ], [ -50.510922508817096, -21.573938379249569 ], [ -50.510921011684118, -21.573938995400987 ], [ -50.510818011760513, -21.573981995364129 ], [ -50.510816624894105, -21.573982582024119 ], [ -50.510711711055514, -21.574027545092214 ], [ -50.510608797265448, -21.574071508259149 ], [ -50.510607596935117, -21.574072026836884 ], [ -50.510576727205432, -21.5740855136102 ], [ -50.510586927863486, -21.574105742739725 ], [ -50.51068806774505, -21.574061122198014 ], [ -50.510789852677583, -21.57401764125035 ], [ -50.510891501935731, -21.573974789106838 ], [ -50.510892202557592, -21.573974491781538 ], [ -50.510994852607809, -21.573930641269353 ], [ -50.511096245177484, -21.573887897337794 ], [ -50.511198988143157, -21.573845004638308 ], [ -50.511200721940135, -21.57384426880661 ], [ -50.51130185743007, -21.573800641727299 ], [ -50.511403735094227, -21.573758110270102 ], [ -50.511507120976368, -21.573715364179478 ], [ -50.51160975943408, -21.573673511599853 ], [ -50.51160998268324, -21.573673420370177 ], [ -50.511714982762051, -21.573630420333238 ], [ -50.511717202284537, -21.573629491855659 ], [ -50.511819096392678, -21.573585964270556 ], [ -50.51192176401964, -21.573543919428332 ], [ -50.512025536420033, -21.573503398772516 ], [ -50.512029185346734, -21.573501922115984 ], [ -50.512133585105452, -21.573458173640816 ], [ -50.512237982596737, -21.573415420377561 ], [ -50.512238197056938, -21.573415332369724 ], [ -50.512343872014085, -21.573371877242955 ], [ -50.512447536292136, -21.573331398806292 ], [ -50.512450196991431, -21.573330332387407 ], [ -50.51255684421308, -21.57328647745047 ], [ -50.512662248401426, -21.573243719143093 ], [ -50.512769005860953, -21.573200816608182 ], [ -50.512769982319647, -21.573200420467845 ], [ -50.512874982398444, -21.573157420430906 ], [ -50.512875196858083, -21.573157332423285 ], [ -50.512981844080286, -21.573113477486114 ], [ -50.513087490534396, -21.573070620901028 ], [ -50.513088196791003, -21.573070332441329 ], [ -50.51319460233136, -21.573026576887468 ], [ -50.513301005696313, -21.572983816652084 ], [ -50.513301982152846, -21.572983420512642 ], [ -50.513406736462073, -21.572940521124288 ], [ -50.513409416509454, -21.57293943393514 ], [ -50.513354888326219, -21.572959308691956 ], [ -50.513350719711383, -21.572960893858738 ], [ -50.513244958903393, -21.57300279908058 ] ] ], [ [ [ -50.515516752636074, -21.571758280587158 ], [ -50.515410115019371, -21.571801134952057 ], [ -50.515305234979856, -21.571843086963597 ], [ -50.515304995076875, -21.571843183148914 ], [ -50.515197995158061, -21.571886183111911 ], [ -50.515196313322498, -21.571886870082118 ], [ -50.515091152026351, -21.571930521936299 ], [ -50.514984995092021, -21.571973183129487 ], [ -50.51498331325498, -21.571973870100315 ], [ -50.514877313333862, -21.572017870062563 ], [ -50.514876625763094, -21.572018157346495 ], [ -50.514770806016713, -21.572062660973401 ], [ -50.514664994991847, -21.572105183156101 ], [ -50.514664018317248, -21.572105579383923 ], [ -50.514559018396028, -21.57214857934699 ], [ -50.514557129512959, -21.572149367018099 ], [ -50.514452555788083, -21.572193761519149 ], [ -50.514346994892428, -21.57223618318255 ], [ -50.514344625591612, -21.572237157392873 ], [ -50.514237968970264, -21.572282012976121 ], [ -50.514132665233731, -21.572325723956133 ], [ -50.51402801822686, -21.572368579392219 ], [ -50.514026625488228, -21.572369157420777 ], [ -50.51392021344607, -21.572413910143755 ], [ -50.513813803588164, -21.572457667463407 ], [ -50.513813312879314, -21.572457870201298 ], [ -50.513707312958196, -21.572501870163538 ], [ -50.513706815228268, -21.572502077751462 ], [ -50.513602901244077, -21.572545622654527 ], [ -50.513496994625228, -21.572588183253526 ], [ -50.513495803373139, -21.572588667537392 ], [ -50.513389156196823, -21.572632522446334 ], [ -50.51328350978752, -21.57267537900394 ], [ -50.513283017878912, -21.572675579501261 ], [ -50.513178505455983, -21.572718379822408 ], [ -50.513071994493956, -21.572761183288556 ], [ -50.513070803239778, -21.572761667573264 ], [ -50.512964156062694, -21.572805522482529 ], [ -50.512858509655402, -21.572848379039311 ], [ -50.512857803172693, -21.572848667591295 ], [ -50.512750910448609, -21.572892623473052 ], [ -50.512646505290732, -21.572935379866561 ], [ -50.512539994329316, -21.572978183332456 ], [ -50.512539509443265, -21.57297837911165 ], [ -50.512433509523269, -21.573021379074689 ], [ -50.512432803039331, -21.573021667627177 ], [ -50.512327128128184, -21.573065122726639 ], [ -50.512223463895658, -21.57310560113697 ], [ -50.512220802973822, -21.573106667644865 ], [ -50.512113910245752, -21.57315062352826 ], [ -50.512009017592611, -21.573193579562457 ], [ -50.512007814687927, -21.573194077897835 ], [ -50.511904629072156, -21.573237317580173 ], [ -50.511801463767767, -21.573277601170744 ], [ -50.51179901741542, -21.573278579625843 ], [ -50.511694017494207, -21.57332157958891 ], [ -50.51169179775404, -21.573322508157329 ], [ -50.511589903684872, -21.573366035715939 ], [ -50.511486129011494, -21.573408533910456 ], [ -50.511383240753609, -21.573450488341173 ], [ -50.511382518324481, -21.573450784978537 ], [ -50.511278518402094, -21.57349378494165 ], [ -50.511278012036719, -21.57349399531974 ], [ -50.511175012113092, -21.573536995282883 ], [ -50.511173278100415, -21.57353773120596 ], [ -50.511072142648707, -21.573581358258338 ], [ -50.510970012045277, -21.573623995301087 ], [ -50.510969498245338, -21.57362421085065 ], [ -50.510867498320515, -21.573667210813841 ], [ -50.510866797480972, -21.573667508231452 ], [ -50.510764147471797, -21.573711358715514 ], [ -50.510662498252238, -21.573754210832231 ], [ -50.510661797412098, -21.573754508250083 ], [ -50.510558797487363, -21.573798508212469 ], [ -50.510557072179942, -21.573799257272693 ], [ -50.510455072252832, -21.573844257234363 ], [ -50.510468545303034, -21.573870975910371 ], [ -50.51051398814316, -21.573852004625412 ], [ -50.510514185614639, -21.573851922030698 ], [ -50.51061822536483, -21.573808324416429 ], [ -50.510721259345871, -21.573766714534756 ], [ -50.51072248171004, -21.573766215021969 ], [ -50.510826232446306, -21.573723318078248 ], [ -50.510930982795173, -21.573680420311575 ], [ -50.510931481643496, -21.573680215039875 ], [ -50.51103548172108, -21.573637215002972 ], [ -50.51103618544672, -21.573636922076112 ], [ -50.511140585203968, -21.573593173601548 ], [ -50.511243895856381, -21.573550865425233 ], [ -50.511349801921874, -21.573509294815725 ], [ -50.511351982551091, -21.573508420392898 ], [ -50.511456982629888, -21.573465420355976 ], [ -50.511457481477137, -21.573465215084713 ], [ -50.511560147098884, -21.573422766794611 ], [ -50.511665801826361, -21.573381294841067 ], [ -50.511667982452721, -21.573380420419372 ], [ -50.511772982531511, -21.573337420382433 ], [ -50.51177319699152, -21.573337332374674 ], [ -50.511879241491144, -21.573293725286341 ], [ -50.511983434554885, -21.573252441238175 ], [ -50.512089584588381, -21.573211766922448 ], [ -50.512092005749579, -21.573210816640682 ], [ -50.512198404773869, -21.573168058150205 ], [ -50.512304801636176, -21.573126294891672 ], [ -50.51230768742672, -21.573125129726751 ], [ -50.51241164857592, -21.573081976038171 ], [ -50.512516584463746, -21.573041766955356 ], [ -50.512517801459182, -21.573041294953118 ], [ -50.512624801541449, -21.572999294916894 ], [ -50.512626490361527, -21.572998620950592 ], [ -50.512731648059436, -21.572955962635049 ], [ -50.512837801478049, -21.57291429493376 ], [ -50.512839490296642, -21.572913620968034 ], [ -50.512945490376637, -21.572870620931056 ], [ -50.512946196631738, -21.572870332471986 ], [ -50.51305308940784, -21.572826376559252 ], [ -50.513156291728251, -21.572784112747946 ], [ -50.513261584245228, -21.572743767012977 ], [ -50.513265687129731, -21.572742129807246 ], [ -50.513370848465087, -21.572698477927613 ], [ -50.513477005442475, -21.572655816707691 ], [ -50.513479184680229, -21.572654922284407 ], [ -50.513583098708523, -21.572611377353656 ], [ -50.513689005376449, -21.572568816725273 ], [ -50.513692373766169, -21.572567418339343 ], [ -50.513796182361958, -21.572522928936085 ], [ -50.513899736106403, -21.572480521207151 ], [ -50.514005490045925, -21.572437621019517 ], [ -50.514007184509957, -21.572436922330375 ], [ -50.514111339482241, -21.572393276432489 ], [ -50.514216489979461, -21.572350621037245 ], [ -50.514322489946608, -21.572307621046036 ], [ -50.514324184408423, -21.572306922357829 ], [ -50.514428584174063, -21.572263173879747 ], [ -50.514532981673007, -21.572220420613359 ], [ -50.514534184340462, -21.57221992237616 ], [ -50.514638584106827, -21.572176173897763 ], [ -50.514742981606105, -21.572133420631239 ], [ -50.514847981573048, -21.572090420640098 ], [ -50.514850373387119, -21.572089418442513 ], [ -50.51495468158884, -21.572044714922178 ], [ -50.515056986702284, -21.572002005015189 ], [ -50.515058373317309, -21.572001418461415 ], [ -50.515162532234115, -21.571956778920406 ], [ -50.515267686599294, -21.571913129933289 ], [ -50.515270401113831, -21.571911973696878 ], [ -50.51537288807036, -21.571867197836337 ], [ -50.515477373287482, -21.571822418451696 ], [ -50.51547840104147, -21.571821973716531 ], [ -50.515581401115561, -21.571776973678137 ], [ -50.515582586952981, -21.571776449848809 ], [ -50.515684234619854, -21.571731053797553 ], [ -50.515788870022917, -21.571686633101539 ], [ -50.51579158687877, -21.571685449869115 ], [ -50.515894586951688, -21.571639449829984 ], [ -50.515950862313126, -21.571614317140714 ], [ -50.515937815942927, -21.571587077558359 ], [ -50.515833661009445, -21.571630723430495 ], [ -50.515729114514201, -21.571673133796615 ], [ -50.515623720766214, -21.571714893579241 ], [ -50.515622510408022, -21.571715378853888 ], [ -50.515516752636074, -21.571758280587158 ] ] ], [ [ [ -50.510444985563709, -21.573605824777719 ], [ -50.510561985652515, -21.57355882473729 ], [ -50.510563075583178, -21.573558382251804 ], [ -50.510679752392562, -21.573510514837775 ], [ -50.5107954285548, -21.573463646042839 ], [ -50.510796075510079, -21.573463382271459 ], [ -50.51091209904142, -21.573415782869279 ], [ -50.511030116759059, -21.573369170824606 ], [ -50.511032523297565, -21.573368197762292 ], [ -50.51114753874846, -21.573320605157043 ], [ -50.511264548228567, -21.573273999681096 ], [ -50.511266075363885, -21.573273382310852 ], [ -50.511382636721599, -21.573225562261666 ], [ -50.511500872781831, -21.573177870400482 ], [ -50.511618548120779, -21.573130999709853 ], [ -50.511620707591419, -21.573130121341663 ], [ -50.51173817129736, -21.573081344034762 ], [ -50.511855415082557, -21.573033651642362 ], [ -50.51197419675119, -21.572985739703753 ], [ -50.511975707478875, -21.572985121372042 ], [ -50.512093171186017, -21.572936344064654 ], [ -50.512210414970518, -21.5728886516725 ], [ -50.51232919664087, -21.572840739733198 ], [ -50.512329830720333, -21.572840482395243 ], [ -50.512449731886285, -21.572791522747281 ], [ -50.512567632989459, -21.572743562971358 ], [ -50.512569770942967, -21.572742675237887 ], [ -50.512686488899362, -21.57269321847135 ], [ -50.512803981143911, -21.572645826636187 ], [ -50.512923765608086, -21.572597912845623 ], [ -50.512927823667596, -21.572596224697602 ], [ -50.513044020432886, -21.572546004056193 ], [ -50.513161196380651, -21.572498739802604 ], [ -50.513163770750175, -21.57249767529018 ], [ -50.513281328586075, -21.572447862642019 ], [ -50.513400885174207, -21.572398047391019 ], [ -50.513401770671443, -21.572397675311446 ], [ -50.513518488632428, -21.572348218542952 ], [ -50.51363619622996, -21.572300739842618 ], [ -50.513638770594312, -21.572299675332346 ], [ -50.513756770680978, -21.572249675289545 ], [ -50.513758865387054, -21.572248770011612 ], [ -50.513875600482947, -21.572197327420589 ], [ -50.513993325006183, -21.572147863328713 ], [ -50.513993770474592, -21.572147675364548 ], [ -50.514111770561257, -21.572097675321764 ], [ -50.514229770521879, -21.572047675332371 ], [ -50.514232324847391, -21.572046566645547 ], [ -50.514347526529825, -21.571995365891517 ], [ -50.514463706798715, -21.571947121536187 ], [ -50.514465823148974, -21.571946224838577 ], [ -50.51458359839441, -21.571895321971816 ], [ -50.514702297415553, -21.571844450956259 ], [ -50.514818996049648, -21.57179457973896 ], [ -50.514936770283207, -21.571744675396534 ], [ -50.515054770243836, -21.571694675407134 ], [ -50.515057324560466, -21.571693566724157 ], [ -50.51517305276078, -21.571642131961884 ], [ -50.515289547462729, -21.571592769793511 ], [ -50.515408324532324, -21.571542863455743 ], [ -50.515409550142472, -21.571542342480246 ], [ -50.515509550215192, -21.571499342443509 ], [ -50.515510475361467, -21.571498941166396 ], [ -50.515526475372972, -21.571491941160438 ], [ -50.515522057898735, -21.57148310685 ], [ -50.515450004894085, -21.571515285857384 ], [ -50.515348112079302, -21.571559802129723 ], [ -50.515243626903128, -21.571604581485058 ], [ -50.515242598927642, -21.571605026315968 ], [ -50.51514095029259, -21.571649435908487 ], [ -50.515036313591168, -21.571692870005407 ], [ -50.515034626720237, -21.571693581552264 ], [ -50.514930318559379, -21.571738285044461 ], [ -50.514828013486131, -21.571780994924165 ], [ -50.514826626650425, -21.571781581571166 ], [ -50.514722818089936, -21.571826070949157 ], [ -50.51461901861628, -21.571868579299906 ], [ -50.51451401858322, -21.571911579308765 ], [ -50.514512815694204, -21.571912077637638 ], [ -50.514408415970941, -21.571955826088246 ], [ -50.514304018516327, -21.571998579326664 ], [ -50.514302815626252, -21.571999077655974 ], [ -50.514198660695968, -21.572042723526778 ], [ -50.514093510243178, -21.572085378894275 ], [ -50.513987510210328, -21.572128378903074 ], [ -50.51398581552472, -21.572129077683421 ], [ -50.513881660595366, -21.572172723553837 ], [ -50.513776510143863, -21.57221537892082 ], [ -50.513776018237621, -21.572215579417158 ], [ -50.513671018316415, -21.572258579380218 ], [ -50.513668626271368, -21.572259581674338 ], [ -50.513565301627182, -21.572303863659897 ], [ -50.5134599948138, -21.572346183215359 ], [ -50.513457815354428, -21.57234707772939 ], [ -50.513353901368127, -21.572390622633304 ], [ -50.513247994747786, -21.572433183232931 ], [ -50.513246312902972, -21.572433870206932 ], [ -50.513142351789803, -21.572477023872562 ], [ -50.513037415943444, -21.572517232930863 ], [ -50.513034018004689, -21.572518579479684 ], [ -50.512929018083483, -21.572561579442734 ], [ -50.512928803399028, -21.572561667542587 ], [ -50.512822156221624, -21.572605522451987 ], [ -50.512717352080998, -21.572648037334968 ], [ -50.512611198711461, -21.572689705008479 ], [ -50.512609509668273, -21.57269037906368 ], [ -50.512504352016634, -21.572733037352219 ], [ -50.512398806069214, -21.572774466598631 ], [ -50.512292415724943, -21.572815232988482 ], [ -50.512288312605982, -21.572816870287451 ], [ -50.512183749244102, -21.572860273942812 ], [ -50.512078198553333, -21.572901705050576 ], [ -50.512076994278281, -21.572902183373969 ], [ -50.511971200622924, -21.572944698577473 ], [ -50.511865415600319, -21.572985233021406 ], [ -50.51186371970369, -21.572985893888227 ], [ -50.511757719784789, -21.573027893852032 ], [ -50.511755803039243, -21.573028667639921 ], [ -50.511648910312061, -21.573072623522936 ], [ -50.511545104381263, -21.573115134519 ], [ -50.511439198363149, -21.573156705101173 ], [ -50.51143651855655, -21.573157784928782 ], [ -50.511332767865163, -21.573200681844586 ], [ -50.51122910428397, -21.57324313454501 ], [ -50.511123198267647, -21.573284705126511 ], [ -50.511121017415334, -21.573285579638615 ], [ -50.511016017494136, -21.573328579601686 ], [ -50.511014814587917, -21.573329077937693 ], [ -50.510910166137478, -21.573372930616721 ], [ -50.510806767698575, -21.573415681889522 ], [ -50.510702017394173, -21.573458579628475 ], [ -50.510701518323657, -21.573458784991544 ], [ -50.510598128429891, -21.573501532731552 ], [ -50.510494740842276, -21.573543285406597 ], [ -50.510492814420012, -21.573544077983108 ], [ -50.510387913198407, -21.573588036585157 ], [ -50.510285513808213, -21.573630785840383 ], [ -50.510181017228867, -21.573673579672779 ], [ -50.51018011374709, -21.573673952892189 ], [ -50.510084113818372, -21.573713952857897 ], [ -50.510098917895398, -21.573745038176945 ], [ -50.510212432211958, -21.573698645364527 ], [ -50.510328654459713, -21.57365195779013 ], [ -50.510444322624195, -21.57360608937547 ], [ -50.510444985563709, -21.573605824777719 ] ] ], [ [ [ -50.510043707309258, -21.573148495908022 ], [ -50.510044580892988, -21.573148228023609 ], [ -50.510157580989137, -21.573113227993012 ], [ -50.510157971249861, -21.573113106576407 ], [ -50.510269776184366, -21.57307816753357 ], [ -50.51038258094583, -21.573043228004785 ], [ -50.510383434195568, -21.573042961143202 ], [ -50.510497434291942, -21.573006961111773 ], [ -50.51049906115081, -21.573006437913282 ], [ -50.510612061245133, -21.572969437881 ], [ -50.51061612623139, -21.572968046793353 ], [ -50.510727913136598, -21.572928122896212 ], [ -50.510840699804717, -21.572888198409437 ], [ -50.510841126175876, -21.572888046808185 ], [ -50.510953126266109, -21.572848046773423 ], [ -50.510958301891833, -21.572846097493176 ], [ -50.511067323839917, -21.57280288158255 ], [ -50.511177323253328, -21.572762613936433 ], [ -50.511181994695725, -21.572760820995363 ], [ -50.511293994780722, -21.572715820956628 ], [ -50.511294926927768, -21.57271544303331 ], [ -50.511404927010375, -21.572670442994667 ], [ -50.511407212474296, -21.572669487330344 ], [ -50.511517212554658, -21.572622487290165 ], [ -50.511627212517425, -21.572575487300224 ], [ -50.511629448166637, -21.572574511819759 ], [ -50.511739448244683, -21.572525511778078 ], [ -50.511740446011245, -21.57252506321008 ], [ -50.511848446086837, -21.572476063168502 ], [ -50.511958547291727, -21.57242601720138 ], [ -50.511961215827881, -21.572424774328432 ], [ -50.51206883779092, -21.572373431732501 ], [ -50.512175445962271, -21.572325063202459 ], [ -50.512176633690757, -21.572324518439299 ], [ -50.512286633766443, -21.572273518396141 ], [ -50.512287648374546, -21.572273043639221 ], [ -50.512394601676348, -21.57222253790551 ], [ -50.512503547082744, -21.572173017258322 ], [ -50.512613547041454, -21.572123017269625 ], [ -50.512723547000171, -21.572073017280907 ], [ -50.512833546958895, -21.572023017292203 ], [ -50.512943546917604, -21.571973017303492 ], [ -50.513053546876314, -21.571923017314791 ], [ -50.513162998258714, -21.571873266679258 ], [ -50.513271962413917, -21.57182472809415 ], [ -50.51338347564041, -21.571775941050785 ], [ -50.513386135540173, -21.571774748273125 ], [ -50.513495742461892, -21.571724388329056 ], [ -50.513604335922388, -21.571677002084776 ], [ -50.513605565795146, -21.571676459236524 ], [ -50.513644415464299, -21.571659115631949 ], [ -50.513547572829317, -21.571698353591955 ], [ -50.513546208198932, -21.57169891382647 ], [ -50.513433665406588, -21.571745723655322 ], [ -50.513319226648186, -21.571792494273112 ], [ -50.513206329523619, -21.571838452389663 ], [ -50.513205023958818, -21.571838990576044 ], [ -50.513090346158101, -21.571886856087492 ], [ -50.512976669012104, -21.571933722975654 ], [ -50.512862668975799, -21.571980722985401 ], [ -50.512748998761282, -21.572027587016173 ], [ -50.512636329343671, -21.57207345243777 ], [ -50.512634098344911, -21.572074380305846 ], [ -50.512521881630825, -21.572122047577185 ], [ -50.512408896010939, -21.572168629362391 ], [ -50.512294123598572, -21.572215536343155 ], [ -50.512293207797157, -21.572215913934684 ], [ -50.512180994445615, -21.572262586739669 ], [ -50.512067784943554, -21.57230826776172 ], [ -50.512066207724907, -21.572308913954181 ], [ -50.511953767429993, -21.572355681151418 ], [ -50.511841329092505, -21.572401452504906 ], [ -50.511840668529111, -21.572401723122852 ], [ -50.511726668614308, -21.572448723082523 ], [ -50.511726207616121, -21.572448913983521 ], [ -50.511613207700108, -21.572495913943218 ], [ -50.511500767286101, -21.572542681189979 ], [ -50.511389118740603, -21.572588131035641 ], [ -50.511275912400912, -21.572632817744044 ], [ -50.511273207472399, -21.572633914022337 ], [ -50.511161330770506, -21.572680446805077 ], [ -50.511049686890601, -21.572724906752459 ], [ -50.510935912298308, -21.572769817771345 ], [ -50.510935461719086, -21.57276999641801 ], [ -50.510822461805276, -21.572814996379254 ], [ -50.510710826299288, -21.572859452992947 ], [ -50.510598201814496, -21.572901934154242 ], [ -50.51059569785118, -21.572902902586701 ], [ -50.510485945261635, -21.572946408114046 ], [ -50.510373201751484, -21.572988934170926 ], [ -50.51037276250149, -21.572989100585581 ], [ -50.510259762589826, -21.573032100548403 ], [ -50.510259317181131, -21.573032270796386 ], [ -50.510147317268284, -21.573075270759222 ], [ -50.510146155089636, -21.573075722132309 ], [ -50.510035097713541, -21.573119351812114 ], [ -50.509925045492892, -21.57316099318912 ], [ -50.509924317086508, -21.573161270821625 ], [ -50.509812317173662, -21.573204270784469 ], [ -50.509706138805299, -21.57324503569026 ], [ -50.509707432500015, -21.573248877206119 ], [ -50.509819432596807, -21.573215877177244 ], [ -50.509819812566562, -21.573215764717773 ], [ -50.509930812662233, -21.573182764688909 ], [ -50.509931707213333, -21.573182495937761 ], [ -50.510043707309258, -21.573148495908022 ] ] ], [ [ [ -50.515041675473277, -21.571380433293879 ], [ -50.514925947313415, -21.571431868025002 ], [ -50.514809229956022, -21.571481324525738 ], [ -50.514691229916671, -21.571531324536345 ], [ -50.514690778539276, -21.571531516614687 ], [ -50.514573778624722, -21.571581516571943 ], [ -50.514573626807625, -21.571581581543686 ], [ -50.514454626894377, -21.571632581500101 ], [ -50.514454176880236, -21.571632775179886 ], [ -50.514337231536182, -21.571683319348008 ], [ -50.51422029340069, -21.571731878398229 ], [ -50.514216675186361, -21.571733433372493 ], [ -50.514100947030691, -21.571784868101783 ], [ -50.51398422967798, -21.571834324600516 ], [ -50.513876075107994, -21.571880152802688 ], [ -50.513899670528374, -21.571870547586283 ], [ -50.513900975849047, -21.571870009500437 ], [ -50.514015883835498, -21.5718220479006 ], [ -50.514128791766716, -21.571775086189277 ], [ -50.514130064224879, -21.571774550487177 ], [ -50.514244982760651, -21.571725585192027 ], [ -50.514357668488849, -21.571677718682203 ], [ -50.514471435464472, -21.571629816791919 ], [ -50.514472064110272, -21.571629550518121 ], [ -50.514587064194416, -21.571580550476217 ], [ -50.514587998813909, -21.571580148728227 ], [ -50.514700998895627, -21.571531148686411 ], [ -50.514813998856432, -21.571482148697005 ], [ -50.514814609841537, -21.571481882240338 ], [ -50.514928609923317, -21.571431882197722 ], [ -50.514929084632406, -21.571431673071423 ], [ -50.515040765703802, -21.571382256661956 ], [ -50.515153435233024, -21.571334816853881 ], [ -50.515156084552963, -21.571333673093115 ], [ -50.515235297742841, -21.571298623004427 ], [ -50.515162675668087, -21.571329136477399 ], [ -50.515162229949723, -21.57132932454698 ], [ -50.515044230036388, -21.5713793245042 ], [ -50.515041675473277, -21.571380433293879 ] ] ], [ [ [ -50.515541834013845, -21.570848885273094 ], [ -50.515599003716289, -21.570826017389408 ], [ -50.5155984926377, -21.570824824952027 ], [ -50.515590492643987, -21.570827824949436 ], [ -50.515582451957414, -21.570831090747681 ], [ -50.515541834013845, -21.570848885273094 ] ] ] ] } },
{ "type": "Feature", "properties": { "CHAVE": null, "FAZENDA": "Faz. ABC", "NOME_FAZ": null, "ZONA": null, "TALHAO": null, "AREA_TOTAL": null, "TIPO_GEO": "VOO_PROCESSADO", "DATA_INICI": "13-04-2026", "DATA_FINAL": "13-04-2026", "HORA_INICI": "10:09:54", "HORA_FINAL": "10:09:54", "CLASSE": "APLICADO", "PILOTO": "valmir alves", "AERONAVE": "PS-CBA", "AREA_HA": 0.0011705914933669999 }, "geometry": { "type": "Polygon", "coordinates": [ [ [ -50.515563935382623, -21.572074317916666 ], [ -50.515460266610241, -21.572120171405953 ], [ -50.515357598575818, -21.572165026366317 ], [ -50.515255362077305, -21.572209692792072 ], [ -50.515150472100387, -21.572254221550224 ], [ -50.515045815492812, -21.572298077647158 ], [ -50.515043598357835, -21.572299026443815 ], [ -50.514942298887036, -21.572343283489008 ], [ -50.514839018206985, -21.572385579381198 ], [ -50.514734263828984, -21.572428478788588 ], [ -50.514629113902956, -21.572471133942923 ], [ -50.514523720160021, -21.572512893723538 ], [ -50.514521312829039, -21.572513870198637 ], [ -50.514416881016388, -21.572557219248711 ], [ -50.514314551600947, -21.572597176445136 ], [ -50.514208645814072, -21.572636767389984 ], [ -50.514206198625367, -21.572637705017577 ], [ -50.514100186540624, -21.572679317234286 ], [ -50.513995412724476, -21.572718854519888 ], [ -50.513888645726311, -21.572758767413227 ], [ -50.513886670319231, -21.572759520713223 ], [ -50.51378027209222, -21.572800897798448 ], [ -50.513674888410925, -21.572839308669593 ], [ -50.513672415582334, -21.572840233011856 ], [ -50.513565797358638, -21.572881086720429 ], [ -50.513461032088188, -21.572920620781751 ], [ -50.513409416267486, -21.572939434034449 ], [ -50.51351249040227, -21.572897620936388 ], [ -50.513513196657648, -21.572897332477197 ], [ -50.51361960219829, -21.572853576923226 ], [ -50.513726005565033, -21.572810816687102 ], [ -50.513728184806396, -21.572809922262341 ], [ -50.513832936212587, -21.572766026429939 ], [ -50.51393844206541, -21.572722231542659 ], [ -50.514045196602794, -21.572678332475625 ], [ -50.514046374545437, -21.572677842593723 ], [ -50.514152679776984, -21.572633134781068 ], [ -50.514256981962468, -21.572590420547797 ], [ -50.514257687016809, -21.572590129849619 ], [ -50.514363687095688, -21.572546129811872 ], [ -50.514364374442053, -21.57254584262164 ], [ -50.514470194229524, -21.572501338967953 ], [ -50.51457600529784, -21.572458816758076 ], [ -50.514578870522627, -21.572457632996013 ], [ -50.514683928974691, -21.572413032704741 ], [ -50.514787494184731, -21.57237062028058 ], [ -50.514894005198407, -21.572327816784505 ], [ -50.514896374270563, -21.572326842668012 ], [ -50.515003030937791, -21.572281987055128 ], [ -50.515107848116742, -21.572238478032713 ], [ -50.51521400509823, -21.572195816811139 ], [ -50.515215686710228, -21.572195129932073 ], [ -50.515320848050798, -21.572151478050262 ], [ -50.515426885122807, -21.572108865016663 ], [ -50.515531765208721, -21.572066912978016 ], [ -50.515532004886538, -21.572066816882963 ], [ -50.515639004967717, -21.572023816845967 ], [ -50.515639489621805, -21.572023621160376 ], [ -50.515744885626688, -21.571980866173028 ], [ -50.515850279422828, -21.571939106362681 ], [ -50.515851489556894, -21.571938621177793 ], [ -50.515957489636868, -21.571895621140818 ], [ -50.515959184091756, -21.571894922455456 ], [ -50.516064184169423, -21.571850922417728 ], [ -50.51595086229883, -21.571614317158716 ], [ -50.515997586914146, -21.571593449840194 ], [ -50.515998230739562, -21.571593160595427 ], [ -50.516100808756597, -21.571546803216176 ], [ -50.516204373033332, -21.571502418519906 ], [ -50.516206586728579, -21.571501449910013 ], [ -50.516214116335057, -21.57149808717266 ], [ -50.516216199457297, -21.571489545796517 ], [ -50.516216255290402, -21.571489319548313 ], [ -50.516233207793455, -21.571421420917098 ], [ -50.516233288811343, -21.571421101661944 ], [ -50.51625301272415, -21.571344615769146 ], [ -50.516176413315769, -21.571194550102671 ], [ -50.51607451614089, -21.571240057572822 ], [ -50.51597062715728, -21.571284581416844 ], [ -50.515967769305625, -21.571285839417548 ], [ -50.515864090934052, -21.5713326940595 ], [ -50.515761413276046, -21.571378550094259 ], [ -50.515659765531225, -21.571423946168622 ], [ -50.515555130168181, -21.571468366835543 ], [ -50.515552413091349, -21.571469550163894 ], [ -50.515522057895836, -21.571483106860953 ], [ -50.515395524742708, -21.571230058813981 ], [ -50.515379986618107, -21.571236856742619 ], [ -50.515281061563613, -21.571279394510714 ], [ -50.515235297627022, -21.571298623067236 ], [ -50.515268542592317, -21.571283912892078 ], [ -50.515380218832846, -21.571235486905458 ], [ -50.515493435117705, -21.571187816884727 ], [ -50.515493900740815, -21.571187619966032 ], [ -50.515606900823663, -21.571139619924963 ], [ -50.515608548082994, -21.571138909265905 ], [ -50.515709577339138, -21.571094648825675 ], [ -50.515713507465961, -21.571093175027929 ], [ -50.515599003719771, -21.570826017399831 ], [ -50.515636764240881, -21.570810913177795 ], [ -50.515515235867824, -21.570545086799996 ], [ -50.515400235955298, -21.570591086760395 ], [ -50.515396936498618, -21.570592449357591 ], [ -50.515282018011952, -21.570641414619789 ], [ -50.515170108873782, -21.570688951239479 ], [ -50.515056124741584, -21.570735536053206 ], [ -50.515054099406363, -21.570736380033605 ], [ -50.514941099489214, -21.570784379992524 ], [ -50.514940936346868, -21.570784449398605 ], [ -50.514826250433558, -21.570833315564482 ], [ -50.514713445210958, -21.570880812494931 ], [ -50.514601330228466, -21.570926452217034 ], [ -50.514598471893748, -21.570927648145783 ], [ -50.514484471976687, -21.570976648103919 ], [ -50.514484149115695, -21.570976787298246 ], [ -50.514373855433689, -21.571024481857599 ], [ -50.514260565006808, -21.571072183083956 ], [ -50.51425900138257, -21.571072851258823 ], [ -50.514146314006204, -21.57112171569014 ], [ -50.514034862985589, -21.571169480407228 ], [ -50.513922099147663, -21.571217380084597 ], [ -50.513918356081177, -21.571219026927732 ], [ -50.513807745894333, -21.571269394059499 ], [ -50.513698387811104, -21.57131668403477 ], [ -50.513586627115707, -21.571364581469521 ], [ -50.513584434242745, -21.571365540779599 ], [ -50.513473047980405, -21.571415266782811 ], [ -50.513363664272283, -21.571462997848808 ], [ -50.513360864502339, -21.571464251742476 ], [ -50.513251188442389, -21.571514643438579 ], [ -50.513140524555745, -21.571563058881861 ], [ -50.513139552443839, -21.571563488040763 ], [ -50.513029552521878, -21.571612487999101 ], [ -50.51302845328356, -21.571612982646784 ], [ -50.512918453360427, -21.571662982604366 ], [ -50.512808453319153, -21.571712982615662 ], [ -50.512698453277864, -21.571762982626939 ], [ -50.512588453236582, -21.571812982638232 ], [ -50.512478453195307, -21.571862982649535 ], [ -50.512368453154025, -21.571912982660809 ], [ -50.512258453112743, -21.571962982672119 ], [ -50.512256351673756, -21.571963956375011 ], [ -50.512148858118451, -21.572014717212404 ], [ -50.512039959046263, -21.572065206774294 ], [ -50.511932554231777, -21.572113936728908 ], [ -50.511929784221145, -21.572115225686129 ], [ -50.511822112152949, -21.572166592169278 ], [ -50.511713503452434, -21.572215959752423 ], [ -50.511606052131484, -21.572264710807673 ], [ -50.511497665611614, -21.572312992069108 ], [ -50.511388787676765, -21.572359512634964 ], [ -50.511279926231744, -21.572406026156219 ], [ -50.511171538592301, -21.572450366549067 ], [ -50.511062325471812, -21.572494246817083 ], [ -50.510952676937684, -21.572534386008769 ], [ -50.510948698131244, -21.572535902522855 ], [ -50.510840267212764, -21.572578884145177 ], [ -50.510731086989573, -21.572617877078578 ], [ -50.51061830038585, -21.57265780153757 ], [ -50.510617873778223, -21.572657953222883 ], [ -50.510507895943775, -21.572697231019319 ], [ -50.510397750813809, -21.572733296236976 ], [ -50.510284992104097, -21.572768904249433 ], [ -50.510172419239318, -21.572803771949921 ], [ -50.510172028744769, -21.572803893439275 ], [ -50.510060223883158, -21.572838832457712 ], [ -50.509947855561634, -21.572873636804395 ], [ -50.509836739711339, -21.572907368401214 ], [ -50.509726377426944, -21.57294017880956 ], [ -50.509614567585302, -21.572973122780336 ], [ -50.509706138803871, -21.573245035693319 ], [ -50.509700317142126, -21.573247270792898 ], [ -50.509697763525359, -21.57324827630978 ], [ -50.509590765741969, -21.573291468072004 ], [ -50.509482791544102, -21.57333171299636 ], [ -50.509597208559079, -21.573600286983829 ], [ -50.50970720864597, -21.573559286948321 ], [ -50.509711236501538, -21.573557723705552 ], [ -50.509818964591865, -21.573514237133065 ], [ -50.509929683050522, -21.573471729149187 ], [ -50.510041319194109, -21.573428868840537 ], [ -50.510151954698493, -21.573387006754263 ], [ -50.510153844931551, -21.573386277884072 ], [ -50.510265264909187, -21.573342505746169 ], [ -50.510376460361549, -21.573299814631188 ], [ -50.510489018114164, -21.573256982916451 ], [ -50.510602798442136, -21.573214065771662 ], [ -50.510605302171903, -21.573213097429328 ], [ -50.510715054811719, -21.573169591874763 ], [ -50.510827798379125, -21.573127065788363 ], [ -50.510830538336975, -21.573126003589639 ], [ -50.51094353842317, -21.573081003550886 ], [ -50.511056313249782, -21.573036093217382 ], [ -50.511170087896744, -21.572991182168142 ], [ -50.51117053823527, -21.572991003616877 ], [ -50.511283538321472, -21.572946003578117 ], [ -50.511285792555348, -21.572945085994341 ], [ -50.511397445762213, -21.572898646160283 ], [ -50.51151008779415, -21.572854182195432 ], [ -50.511511671160768, -21.572853547433979 ], [ -50.511624671245869, -21.572807547394444 ], [ -50.511625792448164, -21.572807086023342 ], [ -50.511738792532149, -21.572760085983049 ], [ -50.511851562162704, -21.572713181795173 ], [ -50.5119650016374, -21.572666412883805 ], [ -50.512077671102659, -21.572620547432734 ], [ -50.512078792302852, -21.572620086062503 ], [ -50.5121910057006, -21.572573413228397 ], [ -50.512304215252122, -21.572527732176194 ], [ -50.512305792230592, -21.572527086082005 ], [ -50.512418335067316, -21.572480276224425 ], [ -50.5125328765982, -21.572433463593494 ], [ -50.51253333128048, -21.572433276952353 ], [ -50.51264733136567, -21.572386276912003 ], [ -50.512648901685608, -21.572385619710804 ], [ -50.512760790186036, -21.572338091846927 ], [ -50.5128726708515, -21.572292547499874 ], [ -50.512873331171548, -21.572292276981567 ], [ -50.512987331256738, -21.572245276941231 ], [ -50.513101331220454, -21.572198276950974 ], [ -50.513215331184149, -21.572151276960707 ], [ -50.513215976067933, -21.572151009441349 ], [ -50.513330324698011, -21.572103281312273 ], [ -50.513442670671537, -21.572057547547974 ], [ -50.513442876186986, -21.572057463720807 ], [ -50.513557876273389, -21.572010463680439 ], [ -50.513558791828835, -21.572010086190222 ], [ -50.513671111040658, -21.571963369344868 ], [ -50.51378642736799, -21.571916646344963 ], [ -50.513786670443288, -21.571916547625833 ], [ -50.51387607484601, -21.571880152918148 ], [ -50.513866452215225, -21.571884230299137 ], [ -50.513747675194246, -21.571934136604447 ], [ -50.513745134644807, -21.571935230006812 ], [ -50.513628178468295, -21.57198677001028 ], [ -50.513512511516865, -21.572035781424553 ], [ -50.51339480396949, -21.572083260093589 ], [ -50.513392229355091, -21.572084324707021 ], [ -50.513274671564936, -21.572134137324138 ], [ -50.513155115026777, -21.572183952542428 ], [ -50.51315422927636, -21.572184324728287 ], [ -50.513037511363777, -21.572233781465549 ], [ -50.512919803818818, -21.572281260133622 ], [ -50.512916176361614, -21.572282775320836 ], [ -50.512800192506006, -21.572332903930953 ], [ -50.512682234591921, -21.572380087090856 ], [ -50.512681803616836, -21.572380260204731 ], [ -50.512562803706942, -21.572428260163448 ], [ -50.512560229083554, -21.572429324780593 ], [ -50.512443294553854, -21.57247887330465 ], [ -50.512326367209461, -21.572526436964594 ], [ -50.512326169299769, -21.572526517623913 ], [ -50.512206486121741, -21.572575388249845 ], [ -50.512087803558579, -21.572623260203006 ], [ -50.512087367009592, -21.572623437035606 ], [ -50.511969367098509, -21.572671436994366 ], [ -50.511968292544964, -21.572671878646435 ], [ -50.511851046232046, -21.572720565669506 ], [ -50.511732803448268, -21.572768260232486 ], [ -50.511732366898663, -21.572768437065317 ], [ -50.511614366987573, -21.57281643702407 ], [ -50.511613292432401, -21.572816878676822 ], [ -50.511496368676312, -21.572865431756988 ], [ -50.511379452077591, -21.572912000227639 ], [ -50.511378803212139, -21.572912260312844 ], [ -50.511259803302252, -21.572960260271547 ], [ -50.511258924659082, -21.572960617707256 ], [ -50.511142686536779, -21.573008305137208 ], [ -50.511025451969815, -21.573055000256378 ], [ -50.511023476727274, -21.573055802255467 ], [ -50.510908675668986, -21.573103306136929 ], [ -50.510790883439839, -21.573149829113152 ], [ -50.510788924512887, -21.573150617746652 ], [ -50.510672247755394, -21.573198485129279 ], [ -50.51055657164251, -21.573245353894102 ], [ -50.510555924439785, -21.573245617766315 ], [ -50.510439468582113, -21.573293394523493 ], [ -50.510323345685165, -21.573340042178099 ], [ -50.510207677572538, -21.573385910563012 ], [ -50.510207014386026, -21.573386175259294 ], [ -50.510090014474827, -21.573433175218838 ], [ -50.510089122534893, -21.573433536630876 ], [ -50.509974346825999, -21.573480444959142 ], [ -50.509858902181634, -21.573527219939528 ], [ -50.509744233687172, -21.573573087332569 ], [ -50.50986576642152, -21.57383891264524 ], [ -50.509980766509031, -21.573792912605647 ], [ -50.509981428682295, -21.573792646025513 ], [ -50.51009742876991, -21.573745645985106 ], [ -50.510097877489066, -21.573745463386548 ], [ -50.510098917892385, -21.573745038178686 ], [ -50.510115556895201, -21.573779976431908 ], [ -50.510119216499845, -21.573778765102503 ], [ -50.510178905381522, -21.573987653802458 ], [ -50.510186905388721, -21.573985653800705 ], [ -50.510209886293524, -21.573978047118416 ], [ -50.510305435260392, -21.573938235044505 ], [ -50.510409982960475, -21.573895420267249 ], [ -50.510410988066774, -21.573895004662269 ], [ -50.510468545288049, -21.573870975927719 ], [ -50.510576727194305, -21.574085513624766 ], [ -50.510504597009245, -21.574117026798518 ], [ -50.510635403106328, -21.574378973175961 ], [ -50.510737804200126, -21.574334234828328 ], [ -50.510840202923632, -21.574290491678607 ], [ -50.51084037514341, -21.574290417989591 ], [ -50.510944683330031, -21.57424571447573 ], [ -50.511046241603523, -21.574203316356673 ], [ -50.511151491372722, -21.57416062069078 ], [ -50.51115198306352, -21.574160420282197 ], [ -50.511256983142317, -21.574117420245269 ], [ -50.511258690611243, -21.574116709456387 ], [ -50.511361594732129, -21.574073173092774 ], [ -50.511466491273396, -21.574030620717313 ], [ -50.511466982963555, -21.57403042030899 ], [ -50.511571983042359, -21.573987420272047 ], [ -50.511573690509053, -21.5739867094841 ], [ -50.511676235201456, -21.573943325186551 ], [ -50.511779766602437, -21.573901912621388 ], [ -50.511780491062026, -21.573901620789425 ], [ -50.511885758714108, -21.573858917869789 ], [ -50.511989023123483, -21.573818207858078 ], [ -50.511992185598722, -21.573816922061898 ], [ -50.512095739674656, -21.57377352796847 ], [ -50.512200280775723, -21.573732106018134 ], [ -50.512201490932242, -21.573731620824248 ], [ -50.512306516590229, -21.573689016072144 ], [ -50.51241053653353, -21.573648398756809 ], [ -50.512414185466021, -21.573646922097932 ], [ -50.512517502474125, -21.573603627347339 ], [ -50.512622801972277, -21.573562294829461 ], [ -50.512624982603093, -21.573561420405966 ], [ -50.512729133790415, -21.5735187680107 ], [ -50.512833669881907, -21.57347734804582 ], [ -50.512939057064536, -21.573436585075079 ], [ -50.512941490706261, -21.573435620885 ], [ -50.513047128844363, -21.573392767673695 ], [ -50.513150068825425, -21.573351591677721 ], [ -50.513255354695268, -21.573312232470276 ], [ -50.513257801671521, -21.573311294923929 ], [ -50.513364801753802, -21.573269294887705 ], [ -50.513365280315497, -21.573269106155589 ], [ -50.513469208423501, -21.573227927090823 ], [ -50.513574111860642, -21.573189691255074 ], [ -50.513575820141362, -21.573189057641645 ], [ -50.513681820224562, -21.573149057607029 ], [ -50.513682584439671, -21.573148767002856 ], [ -50.513788352364045, -21.573108239103657 ], [ -50.513894111775933, -21.573069691277443 ], [ -50.513897329703809, -21.573068479301824 ], [ -50.514004344861746, -21.573026862292615 ], [ -50.514110354461486, -21.572987232532217 ], [ -50.514110819995089, -21.572987057680582 ], [ -50.514216820078303, -21.572947057645965 ], [ -50.514218801399601, -21.572946294997102 ], [ -50.514324582173899, -21.572904773568315 ], [ -50.514430354373729, -21.572865232555444 ], [ -50.514432535839909, -21.572864398955932 ], [ -50.51453753592088, -21.572823398920548 ], [ -50.514540687203684, -21.572822129815545 ], [ -50.514645488046597, -21.57277862757444 ], [ -50.514750280029027, -21.572737106218366 ], [ -50.514751490173168, -21.572736621029446 ], [ -50.514857490253149, -21.572693620992474 ], [ -50.514857981936629, -21.572693420586866 ], [ -50.514962982015426, -21.572650420549927 ], [ -50.515067981982348, -21.572607420558793 ], [ -50.515071401683642, -21.572605973569026 ], [ -50.515173297189158, -21.572561456109714 ], [ -50.51527718469719, -21.572517922291222 ], [ -50.515277870576838, -21.57251763299746 ], [ -50.515383870654595, -21.572472632958966 ], [ -50.515385401575948, -21.572471973598354 ], [ -50.515488401650025, -21.572426973559981 ], [ -50.515591401613847, -21.572381973569783 ], [ -50.515592064659742, -21.572381682096466 ], [ -50.515695733470416, -21.572335828577859 ], [ -50.515798401540643, -21.572290973589585 ], [ -50.515801294151835, -21.572289675445493 ], [ -50.515903294222355, -21.572242675405697 ], [ -50.515766705897299, -21.571983324566592 ], [ -50.51566614506806, -21.572029661412714 ], [ -50.515564598649028, -21.572074026346506 ], [ -50.515563935382623, -21.572074317916666 ] ], [ [ -50.515252565079052, -21.57097218305007 ], [ -50.515251001456193, -21.57097285122433 ], [ -50.515138001537906, -21.571021851182518 ], [ -50.515136915483026, -21.57102232692344 ], [ -50.515025234449681, -21.571071743303676 ], [ -50.514912564963737, -21.571119183080938 ], [ -50.514909915403585, -21.571120326945113 ], [ -50.514797152649166, -21.571170221962397 ], [ -50.514683695454913, -21.571219983883019 ], [ -50.514571001340272, -21.571268851235946 ], [ -50.514458467895182, -21.571317648918381 ], [ -50.514344250007404, -21.571366315664466 ], [ -50.514230564732301, -21.571414183142867 ], [ -50.51423009886517, -21.571414380164718 ], [ -50.514117098948027, -21.571462380123659 ], [ -50.514116935804587, -21.571462449530195 ], [ -50.514002570824204, -21.571511178950914 ], [ -50.513890208429018, -21.571557913746801 ], [ -50.513890024177684, -21.571557990516958 ], [ -50.513775675594644, -21.571605718615984 ], [ -50.513663451160312, -21.571651402893867 ], [ -50.513644415577652, -21.571659115593711 ], [ -50.513716473452824, -21.571626946882855 ], [ -50.513827373080012, -21.571579418464687 ], [ -50.513827851151831, -21.571579212654541 ], [ -50.513938851232254, -21.571531212613564 ], [ -50.513941643959413, -21.571529973088293 ], [ -50.514051784283929, -21.57147981989819 ], [ -50.514162901048579, -21.571432619849908 ], [ -50.514163372843548, -21.571432418547413 ], [ -50.514275372925191, -21.571384418506369 ], [ -50.51427599865071, -21.571384148757762 ], [ -50.514388218905182, -21.57133548687154 ], [ -50.514501435189956, -21.571287816850841 ], [ -50.514502850918653, -21.571287212717618 ], [ -50.514613689656052, -21.571239282446665 ], [ -50.514726105527473, -21.571190963338523 ], [ -50.514837669966681, -21.571145547720594 ], [ -50.51483943495613, -21.571144816932232 ], [ -50.514953435040198, -21.571096816891114 ], [ -50.514954063682609, -21.571096550618748 ], [ -50.515068982218537, -21.571047585323523 ], [ -50.515180891274319, -21.571000048728081 ], [ -50.515294875455183, -21.570953463883416 ], [ -50.515296900549288, -21.570952620003304 ], [ -50.515409900632129, -21.570904619962231 ], [ -50.515410063530858, -21.57090455065979 ], [ -50.515523422383986, -21.570856249925889 ], [ -50.515541834119794, -21.570848885237933 ], [ -50.515478273432301, -21.570876730857659 ], [ -50.515366332008604, -21.57092428119082 ], [ -50.515252565079052, -21.57097218305007 ] ] ] } }
]
}
