{
"type": "FeatureCollection",
"name": "308095_FAZENDA_BOA_ESPERANÇA_17-04-2026_30-06-2026_12h51m",
"crs": { "type": "name", "properties": { "name": "urn:ogc:def:crs:OGC:1.3:CRS84" } },
"features": [
{ "type": "Feature", "properties": { "CHAVE": "3080951", "FAZENDA": "308095", "NOME_FAZ": "FAZENDA BOA ESPERANÇA", "ZONA": 1.0, "TALHAO": 1.0, "AREA_TOTAL": 4.912762303762884, "TIPO_GEO": "TALHAO", "DATA_INICI": null, "DATA_FINAL": null, "HORA_INICI": null, "HORA_FINAL": null, "CLASSE": null, "PILOTO": null, "AERONAVE": null, "AREA_HA": null }, "geometry": { "type": "Polygon", "coordinates": [ [ [ -50.485143134295697, -21.643048408653595 ], [ -50.485013694488202, -21.643447294590985 ], [ -50.485001366887502, -21.643495724451007 ], [ -50.4849969641729, -21.643545915396697 ], [ -50.484997844715792, -21.643590823084995 ], [ -50.485003815965001, -21.643616200894794 ], [ -50.485048035661599, -21.643637491859199 ], [ -50.485115837465507, -21.643668310860992 ], [ -50.485220622071601, -21.643697368776891 ], [ -50.485301632019102, -21.643697368776895 ], [ -50.485365911651407, -21.643686802261993 ], [ -50.485454846485197, -21.643619881001001 ], [ -50.485500634716402, -21.643590823085002 ], [ -50.485556989462502, -21.643567928969407 ], [ -50.485622380611801, -21.643567928974392 ], [ -50.486017806196998, -21.643675201784394 ], [ -50.486087592470199, -21.643690088274095 ], [ -50.486121378250402, -21.643697295291101 ], [ -50.486167401447901, -21.643708424510596 ], [ -50.486267587589403, -21.643740515379395 ], [ -50.486425653882797, -21.643780806799292 ], [ -50.486463508386407, -21.643786083474897 ], [ -50.486575625890403, -21.643781297982596 ], [ -50.4871309599108, -21.643661926924903 ], [ -50.487321164012201, -21.643583170567485 ], [ -50.48733722708711, -21.643465565856395 ], [ -50.487361882288504, -21.642938120654392 ], [ -50.4873521963165, -21.642916987624602 ], [ -50.487341629801598, -21.642893212966101 ], [ -50.487335466001298, -21.642865916135896 ], [ -50.4873460325162, -21.642833336048302 ], [ -50.487363643374302, -21.642798114331995 ], [ -50.487375090432103, -21.642773459130606 ], [ -50.487393581833203, -21.642224000355899 ], [ -50.487387418032803, -21.642054055574601 ], [ -50.487377732060899, -21.642008267343392 ], [ -50.487376851518, -21.641989775942292 ], [ -50.487405028890997, -21.641895557851086 ], [ -50.487414714863, -21.641862097220599 ], [ -50.487428803549498, -21.641793414873806 ], [ -50.487430564635297, -21.641670138866694 ], [ -50.487428607763697, -21.641662913498099 ], [ -50.487312571885603, -21.641681585924491 ], [ -50.487030798154997, -21.641697435696795 ], [ -50.486099183758199, -21.641732657413105 ], [ -50.485775143967999, -21.641757312614594 ], [ -50.485232275895804, -21.641821641024507 ], [ -50.485200589720499, -21.641834360118992 ], [ -50.485189642028601, -21.641855379690984 ], [ -50.4851906836127, -21.641862317356395 ], [ -50.485212697185403, -21.642032262137597 ], [ -50.485245277273002, -21.642285858495192 ], [ -50.485276096274802, -21.642545618653102 ], [ -50.485275215731903, -21.642584362541005 ], [ -50.485250560530503, -21.642678580632193 ], [ -50.485143134295697, -21.643048408653595 ] ] ] } },
{ "type": "Feature", "properties": { "CHAVE": "3080951", "FAZENDA": "308095", "NOME_FAZ": "FAZENDA BOA ESPERANÇA", "ZONA": 1.0, "TALHAO": 1.0, "AREA_TOTAL": 4.6449316850788902, "TIPO_GEO": "TALHAO", "DATA_INICI": null, "DATA_FINAL": null, "HORA_INICI": null, "HORA_FINAL": null, "CLASSE": null, "PILOTO": null, "AERONAVE": null, "AREA_HA": null }, "geometry": { "type": "Polygon", "coordinates": [ [ [ -50.485092062806999, -21.641205432346901 ], [ -50.485179913110898, -21.641790578393298 ], [ -50.485190604633601, -21.641797053540799 ], [ -50.485967102322, -21.641718568726599 ], [ -50.486555304984599, -21.641690391353603 ], [ -50.487307288628202, -21.6416586918088 ], [ -50.487420285813997, -21.641632186307501 ], [ -50.487407670519701, -21.641585606747501 ], [ -50.487407670519701, -21.6415459823166 ], [ -50.4874208786634, -21.641467613997794 ], [ -50.487459622551299, -21.640944571510293 ], [ -50.487439370064401, -21.640916394137303 ], [ -50.487434086806999, -21.640904066536596 ], [ -50.487430564635297, -21.640823056588996 ], [ -50.487464025265901, -21.640735002298189 ], [ -50.487493083181803, -21.640118622262595 ], [ -50.487484277752706, -21.640101891947392 ], [ -50.487461383637097, -21.640072834031393 ], [ -50.487456980922602, -21.640041134486705 ], [ -50.487463144723002, -21.639966288339501 ], [ -50.487492202638897, -21.639898486535596 ], [ -50.487500127525102, -21.639868548076691 ], [ -50.487523902183604, -21.639665142664899 ], [ -50.487525279613799, -21.639503294734602 ], [ -50.487478334088102, -21.639523595392497 ], [ -50.486611879866402, -21.639858201697503 ], [ -50.485800459576602, -21.640206016146294 ], [ -50.485744633320898, -21.640227853368195 ], [ -50.485395972562102, -21.640364236329297 ], [ -50.485262447859697, -21.6404164659012 ], [ -50.485125523437503, -21.640486469062395 ], [ -50.485053087841102, -21.640540994762596 ], [ -50.485044009371599, -21.640551401790795 ], [ -50.485032185889303, -21.640590813397086 ], [ -50.485025581817503, -21.640639243257091 ], [ -50.485027802830501, -21.640726695663297 ], [ -50.485092062806999, -21.641205432346901 ] ] ] } },
{ "type": "Feature", "properties": { "CHAVE": "3080951", "FAZENDA": "308095", "NOME_FAZ": "FAZENDA BOA ESPERANÇA", "ZONA": 1.0, "TALHAO": 1.0, "AREA_TOTAL": 7.8437746016219263, "TIPO_GEO": "TALHAO", "DATA_INICI": null, "DATA_FINAL": null, "HORA_INICI": null, "HORA_FINAL": null, "CLASSE": null, "PILOTO": null, "AERONAVE": null, "AREA_HA": null }, "geometry": { "type": "Polygon", "coordinates": [ [ [ -50.4787422477607, -21.643076586026698 ], [ -50.478441982629001, -21.643195019047788 ], [ -50.478411213081202, -21.643217751779488 ], [ -50.478382986254204, -21.643238605921802 ], [ -50.478361063092102, -21.643275258711494 ], [ -50.47834885349851, -21.643339967346694 ], [ -50.478354705543801, -21.643452063995795 ], [ -50.478409402541402, -21.644103739329001 ], [ -50.478522112033701, -21.6450912682004 ], [ -50.478539722891803, -21.645125609373796 ], [ -50.478559975378708, -21.645143220231997 ], [ -50.478603562252701, -21.645150264575197 ], [ -50.4786590908246, -21.645137344567285 ], [ -50.4793595083393, -21.6448786170881 ], [ -50.480392385170603, -21.644499983637704 ], [ -50.481098580582902, -21.644240223479809 ], [ -50.482447132046701, -21.643740515379406 ], [ -50.482574810768405, -21.643668751132406 ], [ -50.482696325689702, -21.643543714039399 ], [ -50.482730666863098, -21.643483837121686 ], [ -50.482736965443998, -21.643447190838604 ], [ -50.482715905526497, -21.643314024374881 ], [ -50.482714156683599, -21.643307728540098 ], [ -50.482706231797401, -21.643293199582097 ], [ -50.4827036835214, -21.643290419644703 ], [ -50.482549935431301, -21.643223196420905 ], [ -50.4819273915952, -21.642983688749901 ], [ -50.480429781006301, -21.642420930292804 ], [ -50.4804044926356, -21.642418380202901 ], [ -50.480393731235402, -21.642418221947583 ], [ -50.479984253532599, -21.642589205526992 ], [ -50.479067168093799, -21.642960794634199 ], [ -50.478948125810902, -21.643003217657689 ], [ -50.4787422477607, -21.643076586026698 ] ] ] } },
{ "type": "Feature", "properties": { "CHAVE": "3080951", "FAZENDA": "308095", "NOME_FAZ": "FAZENDA BOA ESPERANÇA", "ZONA": 1.0, "TALHAO": 1.0, "AREA_TOTAL": 2.865347150464542, "TIPO_GEO": "TALHAO", "DATA_INICI": null, "DATA_FINAL": null, "HORA_INICI": null, "HORA_FINAL": null, "CLASSE": null, "PILOTO": null, "AERONAVE": null, "AREA_HA": null }, "geometry": { "type": "Polygon", "coordinates": [ [ [ -50.487453458750899, -21.641950151511399 ], [ -50.487456980922602, -21.642017072772493 ], [ -50.487449936579303, -21.642076949690203 ], [ -50.487428803549498, -21.642249536100195 ], [ -50.487409431605499, -21.642596470005994 ], [ -50.487411632962797, -21.64279679351759 ], [ -50.487420878663301, -21.642846103920494 ], [ -50.487422199477699, -21.642881765908189 ], [ -50.487417356491697, -21.642908622466901 ], [ -50.487406349705402, -21.642943844183304 ], [ -50.487403708076599, -21.642979506171006 ], [ -50.487384776404099, -21.643298262703794 ], [ -50.487371976435597, -21.643560285687201 ], [ -50.487845960752203, -21.643307948675805 ], [ -50.487931373414305, -21.643238385786002 ], [ -50.487940178843402, -21.643225617913906 ], [ -50.487948103729607, -21.643163979910291 ], [ -50.487964834044803, -21.643064918833097 ], [ -50.487978482459901, -21.6430248541308 ], [ -50.488014144447703, -21.642986550514301 ], [ -50.488053328607101, -21.642957492598399 ], [ -50.488073581094007, -21.642945164997599 ], [ -50.4881110041676, -21.642921830610604 ], [ -50.488305604150298, -21.642854909349502 ], [ -50.4883417064095, -21.6428566704354 ], [ -50.488374726768498, -21.642877363193687 ], [ -50.488406426313198, -21.6428998170379 ], [ -50.488452654815902, -21.642921830610597 ], [ -50.488483473817702, -21.642928874953807 ], [ -50.488516934448199, -21.642925793053688 ], [ -50.488649896427297, -21.642875161836393 ], [ -50.489119225797403, -21.642624207107598 ], [ -50.489194952487502, -21.642559046932401 ], [ -50.489230614475296, -21.642498069335993 ], [ -50.4892278814158, -21.642466639159398 ], [ -50.488769209991403, -21.641349401112404 ], [ -50.488759864116197, -21.641327254078597 ], [ -50.488735851052802, -21.641317248634699 ], [ -50.488624580818801, -21.641350501791006 ], [ -50.488154370905796, -21.64149843299959 ], [ -50.487721143795, -21.641623470092501 ], [ -50.487474835162601, -21.641662360946 ], [ -50.487474591780703, -21.641664855609196 ], [ -50.487453458750899, -21.641774042929796 ], [ -50.487444653321901, -21.641869141563905 ], [ -50.487453458750899, -21.641950151511399 ] ] ] } },
{ "type": "Feature", "properties": { "CHAVE": "3080951", "FAZENDA": "308095", "NOME_FAZ": "FAZENDA BOA ESPERANÇA", "ZONA": 1.0, "TALHAO": 1.0, "AREA_TOTAL": 0.092952955176121996, "TIPO_GEO": "TALHAO", "DATA_INICI": null, "DATA_FINAL": null, "HORA_INICI": null, "HORA_FINAL": null, "CLASSE": null, "PILOTO": null, "AERONAVE": null, "AREA_HA": null }, "geometry": { "type": "Polygon", "coordinates": [ [ [ -50.485747186730698, -21.64394127916249 ], [ -50.485809705277099, -21.643938637533804 ], [ -50.485891595767598, -21.64392895156179 ], [ -50.485933861827199, -21.643911340703593 ], [ -50.485955875399902, -21.643899013102896 ], [ -50.4859708446293, -21.64387347735849 ], [ -50.485974366801003, -21.6437959895826 ], [ -50.485973486257997, -21.643765170580796 ], [ -50.485982291687101, -21.643737873750695 ], [ -50.486002182216303, -21.64372039419629 ], [ -50.486002544173999, -21.643713878956412 ], [ -50.485996380373699, -21.643702431898586 ], [ -50.485994337604197, -21.643700695544709 ], [ -50.485746198381499, -21.643622708933098 ], [ -50.485734859129998, -21.643623403172601 ], [ -50.485722121996801, -21.643632825161788 ], [ -50.485701398499401, -21.643678877375891 ], [ -50.485682026555502, -21.643729068321598 ], [ -50.485667057325998, -21.643788945239407 ], [ -50.485661774068603, -21.6438549859575 ], [ -50.485679384926698, -21.643899013102892 ], [ -50.485717248271797, -21.643933354276292 ], [ -50.485747186730698, -21.64394127916249 ] ] ] } },
{ "type": "Feature", "properties": { "CHAVE": "3080951", "FAZENDA": "308095", "NOME_FAZ": "FAZENDA BOA ESPERANÇA", "ZONA": 1.0, "TALHAO": 1.0, "AREA_TOTAL": 2.0042094375484858, "TIPO_GEO": "TALHAO", "DATA_INICI": null, "DATA_FINAL": null, "HORA_INICI": null, "HORA_FINAL": null, "CLASSE": null, "PILOTO": null, "AERONAVE": null, "AREA_HA": null }, "geometry": { "type": "Polygon", "coordinates": [ [ [ -50.482704280243404, -21.6432405150683 ], [ -50.482656701258797, -21.642939661604505 ], [ -50.482543111223698, -21.642318878854194 ], [ -50.482408572329099, -21.641645457780502 ], [ -50.482402224358403, -21.641631174842999 ], [ -50.482393418929298, -21.641623249956801 ], [ -50.482368763727898, -21.641621488871003 ], [ -50.482305364638506, -21.641636458100393 ], [ -50.481527845250604, -21.641944648118304 ], [ -50.480531797153397, -21.642360570123294 ], [ -50.480514120227603, -21.6423818376722 ], [ -50.480507956427303, -21.642399448530302 ], [ -50.480514753442499, -21.642415918222305 ], [ -50.480656768178797, -21.642480018206403 ], [ -50.4816958088104, -21.642860412742692 ], [ -50.482681162798698, -21.643248186991201 ], [ -50.482691702839503, -21.643248732165198 ], [ -50.482702269354398, -21.643246971079396 ], [ -50.482704280243404, -21.6432405150683 ] ] ] } },
{ "type": "Feature", "properties": { "CHAVE": "3080951", "FAZENDA": "308095", "NOME_FAZ": "FAZENDA BOA ESPERANÇA", "ZONA": 1.0, "TALHAO": 1.0, "AREA_TOTAL": 2.022358173397556, "TIPO_GEO": "TALHAO", "DATA_INICI": null, "DATA_FINAL": null, "HORA_INICI": null, "HORA_FINAL": null, "CLASSE": null, "PILOTO": null, "AERONAVE": null, "AREA_HA": null }, "geometry": { "type": "Polygon", "coordinates": [ [ [ -50.487523902183604, -21.640214601439592 ], [ -50.4875018886109, -21.640484928112393 ], [ -50.487500127525102, -21.640713869268392 ], [ -50.487500127525102, -21.640766701842995 ], [ -50.487523902183604, -21.640837145275484 ], [ -50.4875212605549, -21.640896141650401 ], [ -50.487500127525102, -21.640948093681999 ], [ -50.487470189066201, -21.6413372936474 ], [ -50.487464025265801, -21.641481702684295 ], [ -50.4874710696091, -21.641532774172997 ], [ -50.487481636124002, -21.641592651090704 ], [ -50.487478860702403, -21.641621099171502 ], [ -50.487684160992899, -21.641591770547802 ], [ -50.488525960013, -21.641350501790988 ], [ -50.488687998593001, -21.641278591275501 ], [ -50.488696785337197, -21.641261566957294 ], [ -50.488703829680503, -21.641217539811901 ], [ -50.4887031002729, -21.641192739957205 ], [ -50.488204781987299, -21.640011856434995 ], [ -50.487931373414305, -21.639406483185688 ], [ -50.487912441741798, -21.6393840293415 ], [ -50.487875018668198, -21.639366858754791 ], [ -50.487849731750401, -21.639362991344793 ], [ -50.487569391515997, -21.639484219403297 ], [ -50.487555601728303, -21.639681872980201 ], [ -50.487545915756307, -21.639978615940208 ], [ -50.487523902183604, -21.640214601439592 ] ] ] } },
{ "type": "Feature", "properties": { "CHAVE": null, "FAZENDA": "Faz. ABC", "NOME_FAZ": null, "ZONA": null, "TALHAO": null, "AREA_TOTAL": null, "TIPO_GEO": "VOO_PROCESSADO", "DATA_INICI": "17-04-2026", "DATA_FINAL": "17-04-2026", "HORA_INICI": "09:16:36", "HORA_FINAL": "09:16:36", "CLASSE": "NÃO APLICADO DENTRO DO TALHÃO", "PILOTO": "valmir alves", "AERONAVE": "PS-CBA", "AREA_HA": 0.00098221050578299997 }, "geometry": { "type": "MultiPolygon", "coordinates": [ [ [ [ -50.487355183588839, -21.643081424979496 ], [ -50.487355183588853, -21.643081424979485 ], [ -50.487361882288504, -21.642938120654392 ], [ -50.487355183588839, -21.643081424979496 ] ] ], [ [ [ -50.485003815965001, -21.643616200894794 ], [ -50.485048035661599, -21.643637491859199 ], [ -50.485115837465507, -21.643668310860992 ], [ -50.485220622071601, -21.643697368776891 ], [ -50.485301632019102, -21.643697368776895 ], [ -50.485365911651407, -21.643686802261993 ], [ -50.485454846485197, -21.643619881001001 ], [ -50.485500634716402, -21.643590823085002 ], [ -50.485556989462502, -21.643567928969407 ], [ -50.485622380611801, -21.643567928974392 ], [ -50.486017806196998, -21.643675201784394 ], [ -50.486087592470199, -21.643690088274095 ], [ -50.486121378250402, -21.643697295291101 ], [ -50.486167401447901, -21.643708424510596 ], [ -50.486267587589403, -21.643740515379395 ], [ -50.486425653882797, -21.643780806799292 ], [ -50.486463508386407, -21.643786083474897 ], [ -50.486575625890403, -21.643781297982596 ], [ -50.4871309599108, -21.643661926924903 ], [ -50.487321164012201, -21.643583170567485 ], [ -50.48733722708711, -21.643465565856395 ], [ -50.487355183588839, -21.643081424979496 ], [ -50.487282049351478, -21.643110809274226 ], [ -50.487279289818176, -21.643111888570111 ], [ -50.48716651274399, -21.643154803743503 ], [ -50.487055091571186, -21.643197581518866 ], [ -50.486942446934059, -21.643241443151208 ], [ -50.486938513911902, -21.64324291580558 ], [ -50.486824887481937, -21.643283781454187 ], [ -50.486710691308474, -21.643325487885583 ], [ -50.486598121211571, -21.643367328101462 ], [ -50.486596941210287, -21.643367761456389 ], [ -50.486483941119502, -21.643408761492022 ], [ -50.486372058981928, -21.64313923848902 ], [ -50.486484467941317, -21.643098452940311 ], [ -50.48659687880199, -21.643056671915247 ], [ -50.486597739800537, -21.643056354684159 ], [ -50.48671273970843, -21.643014354720641 ], [ -50.486713486280792, -21.643014084140088 ], [ -50.486825508889467, -21.642973795310542 ], [ -50.486936553085251, -21.642930556865576 ], [ -50.486937264717326, -21.642930281711806 ], [ -50.48704926462981, -21.642887281749012 ], [ -50.487049710375686, -21.642887111372161 ], [ -50.487161324938803, -21.642844638577891 ], [ -50.487271950792184, -21.642800190694167 ], [ -50.487375592213461, -21.642758549055934 ], [ -50.487376917357935, -21.642719173334527 ], [ -50.487363131736558, -21.642724053200766 ], [ -50.487249513448923, -21.642764915920637 ], [ -50.487248392909798, -21.64276531426572 ], [ -50.487138543655149, -21.642803909952434 ], [ -50.487025687377027, -21.642845488583632 ], [ -50.487023749363303, -21.642846188561165 ], [ -50.486910962862773, -21.642886112988524 ], [ -50.486799176123107, -21.642926036826456 ], [ -50.486798749418632, -21.642926188546223 ], [ -50.486687160325992, -21.642965689112891 ], [ -50.486576560542687, -21.643007164034174 ], [ -50.486573749475369, -21.643008188531031 ], [ -50.486460749503038, -21.643048188523533 ], [ -50.486348131989303, -21.643088053132669 ], [ -50.486234513703721, -21.64312891585179 ], [ -50.486123486397013, -21.642859084129523 ], [ -50.486237486305065, -21.64281808416516 ], [ -50.48623825068826, -21.64281781142342 ], [ -50.48635125071592, -21.642777811415932 ], [ -50.486462839746871, -21.642738310876918 ], [ -50.48657343947275, -21.642696835982246 ], [ -50.486576250772657, -21.642695811400745 ], [ -50.486689037207711, -21.642655887001371 ], [ -50.486800823886462, -21.642615963189844 ], [ -50.486801250827988, -21.642615811385809 ], [ -50.486913279215763, -21.642576155322068 ], [ -50.487026312634661, -21.642534511433386 ], [ -50.487028607279569, -21.642533685682306 ], [ -50.487139046094363, -21.642494882857903 ], [ -50.487252486559861, -21.642454084096318 ], [ -50.487253250940029, -21.642453811355665 ], [ -50.48736625084824, -21.642413811390476 ], [ -50.487367867714667, -21.642413248670135 ], [ -50.487387438217816, -21.642406553498461 ], [ -50.487387801736489, -21.642395751800795 ], [ -50.487293414528224, -21.642430223653545 ], [ -50.487179561929551, -21.642473784650889 ], [ -50.48717567684168, -21.642475214172958 ], [ -50.4870604699598, -21.642515933849417 ], [ -50.486946839054511, -21.642557433834927 ], [ -50.486832416434773, -21.642600217947873 ], [ -50.486831259895432, -21.64260064535662 ], [ -50.486716259803316, -21.642642645393099 ], [ -50.48671467695781, -21.642643214141867 ], [ -50.486599258549539, -21.642684008581877 ], [ -50.486484049289821, -21.642725722281913 ], [ -50.486369839204116, -21.642767433794457 ], [ -50.486255416586104, -21.642810217906749 ], [ -50.486141486343378, -21.642543892534857 ], [ -50.486109936990985, -21.642555121960388 ], [ -50.485989545181575, -21.642597905829355 ], [ -50.485872151408067, -21.642640684918884 ], [ -50.485871336430819, -21.642640979424577 ], [ -50.485752310710559, -21.642683630310756 ], [ -50.485635279864333, -21.642727268934159 ], [ -50.485634151594603, -21.642727684856723 ], [ -50.485516151500001, -21.642770684894082 ], [ -50.485515741316199, -21.642770833739466 ], [ -50.485396741220413, -21.642813833776835 ], [ -50.485285258880687, -21.642544166204331 ], [ -50.485404053582194, -21.642501240390668 ], [ -50.485521283500496, -21.642458521016671 ], [ -50.485638720145637, -21.642414731084184 ], [ -50.485640663766588, -21.64241402051946 ], [ -50.485677670531878, -21.642400759762765 ], [ -50.485582183228239, -21.642155141159552 ], [ -50.485684954763592, -21.642120218794865 ], [ -50.4857867265642, -21.642085297100188 ], [ -50.485787183275079, -21.642085141146879 ], [ -50.485889722395889, -21.642050297758065 ], [ -50.485990262590981, -21.642015457098022 ], [ -50.485991632668942, -21.642014989178136 ], [ -50.486094946472534, -21.641980220111382 ], [ -50.486195262638553, -21.641945457085072 ], [ -50.486195726766177, -21.641945297037648 ], [ -50.486297726789772, -21.641910297031263 ], [ -50.486399258386584, -21.641875457759706 ], [ -50.486498791105326, -21.641840621309889 ], [ -50.486501536497244, -21.641839687970972 ], [ -50.486600629610841, -21.641806987245047 ], [ -50.486701018048763, -21.641772540233642 ], [ -50.486799311815602, -21.641737789913758 ], [ -50.486800262886526, -21.641737457009757 ], [ -50.486901262803734, -21.64170245704026 ], [ -50.486901670864462, -21.641702317635939 ], [ -50.486649226335402, -21.641711861852535 ], [ -50.486567130644737, -21.641745370301333 ], [ -50.486470397574259, -21.641785260231547 ], [ -50.486469863337042, -21.641785479410657 ], [ -50.486372130706961, -21.641825370284391 ], [ -50.486275397636241, -21.641865260214697 ], [ -50.486274337279617, -21.64186569305123 ], [ -50.48617614084656, -21.641905368382083 ], [ -50.486080940432217, -21.641945035225557 ], [ -50.486079863460155, -21.641945479377309 ], [ -50.485981863386158, -21.641985479411741 ], [ -50.485981337371292, -21.641985693026481 ], [ -50.485882337296083, -21.642025693060937 ], [ -50.485881819339347, -21.64202590128922 ], [ -50.485781819262925, -21.642065901323715 ], [ -50.485780234473509, -21.642066525514007 ], [ -50.485682688245682, -21.642104349565003 ], [ -50.485607140830709, -21.642134170915664 ], [ -50.485598925139101, -21.642137158916622 ], [ -50.485574925119124, -21.642145158923601 ], [ -50.48547107497572, -21.641872841059879 ], [ -50.485490921543366, -21.64186622553791 ], [ -50.485562859218788, -21.641837829088526 ], [ -50.485563765709287, -21.641837474432045 ], [ -50.48566097138351, -21.641799782439534 ], [ -50.485732186388908, -21.641771296440009 ], [ -50.485728325858418, -21.641762860434962 ], [ -50.485232275895804, -21.641821641024507 ], [ -50.485200589720499, -21.641834360118992 ], [ -50.485189642028601, -21.641855379690984 ], [ -50.4851906836127, -21.641862317356395 ], [ -50.485212697185403, -21.642032262137597 ], [ -50.485245277273002, -21.642285858495192 ], [ -50.485276096274802, -21.642545618653102 ], [ -50.485275215731903, -21.642584362541005 ], [ -50.485250560530503, -21.642678580632193 ], [ -50.485143134295697, -21.643048408653595 ], [ -50.485013694488202, -21.643447294590985 ], [ -50.485001366887502, -21.643495724451007 ], [ -50.4849969641729, -21.643545915396697 ], [ -50.484997844715792, -21.643590823084995 ], [ -50.485003815965001, -21.643616200894794 ] ] ], [ [ [ -50.487829487573642, -21.642575377669328 ], [ -50.487829950963373, -21.6425751906479 ], [ -50.487941950878017, -21.642530190686685 ], [ -50.487942407973492, -21.642530007845476 ], [ -50.488055407886932, -21.642485007884286 ], [ -50.488057265045825, -21.642484281624053 ], [ -50.488168104065792, -21.642441727361565 ], [ -50.488278950979144, -21.642397190659214 ], [ -50.488280553602877, -21.642396556712033 ], [ -50.488371042050552, -21.642361322275363 ], [ -50.488267318664747, -21.642398626302775 ], [ -50.488155340531087, -21.642440246496836 ], [ -50.488043560163703, -21.642482164137714 ], [ -50.488040749112244, -21.642483188628795 ], [ -50.487928938654953, -21.642522767554546 ], [ -50.487817120627724, -21.642564328239747 ], [ -50.487813132422197, -21.642565751293052 ], [ -50.48770098186273, -21.642604118592338 ], [ -50.487591813469898, -21.642644442054827 ], [ -50.487588132476134, -21.642645751278604 ], [ -50.487474942495794, -21.642684474168838 ], [ -50.487410648781349, -21.64270723300702 ], [ -50.487411055030243, -21.642744201656111 ], [ -50.487494487470308, -21.64271037769733 ], [ -50.487494950860665, -21.642710190675658 ], [ -50.4876069508949, -21.642665190666396 ], [ -50.487718719070948, -21.642620283814544 ], [ -50.487829487573642, -21.642575377669328 ] ] ], [ [ [ -50.487818251079041, -21.642252811318173 ], [ -50.487929840117815, -21.642213310776373 ], [ -50.488040439851737, -21.64217183587871 ], [ -50.488040879564586, -21.642171671716454 ], [ -50.488153879474837, -21.642129671752901 ], [ -50.488155486908035, -21.642129083991545 ], [ -50.48826704923605, -21.642088960701734 ], [ -50.488375644630914, -21.642045913881571 ], [ -50.48837771099808, -21.64204511122232 ], [ -50.488490710909382, -21.642002111259565 ], [ -50.48849348699779, -21.642001083967706 ], [ -50.488605509627995, -21.641960795130444 ], [ -50.488716553845073, -21.641917556677189 ], [ -50.488835446261895, -21.642184443301566 ], [ -50.488733580036609, -21.642224108029975 ], [ -50.488849289363046, -21.642489888691486 ], [ -50.488737095481966, -21.642532581942096 ], [ -50.488625897857013, -21.642576266726973 ], [ -50.488624289426681, -21.642576888674398 ], [ -50.488511868929621, -21.642619668159334 ], [ -50.488400249724776, -21.642663130508534 ], [ -50.48828904904493, -21.642707809357226 ], [ -50.488286735147547, -21.642708718317962 ], [ -50.488175666169575, -21.642751360875994 ], [ -50.488063820840061, -21.642795901055457 ], [ -50.487952281004524, -21.642840716172415 ], [ -50.487841512452327, -21.642885622346764 ], [ -50.487841049299881, -21.642885809272453 ], [ -50.487729049334121, -21.642930809263188 ], [ -50.48761728110884, -21.642975716144019 ], [ -50.487506512555669, -21.64302062231874 ], [ -50.487506049402612, -21.643020809244685 ], [ -50.487398693155008, -21.643063943455626 ], [ -50.487384776404099, -21.643298262703794 ], [ -50.487371976435597, -21.643560285687201 ], [ -50.487845960752203, -21.643307948675805 ], [ -50.487931373414305, -21.643238385786002 ], [ -50.487940178843402, -21.643225617913906 ], [ -50.487948103729607, -21.643163979910291 ], [ -50.487964834044803, -21.643064918833097 ], [ -50.487978482459901, -21.6430248541308 ], [ -50.488014144447703, -21.642986550514301 ], [ -50.488053328607101, -21.642957492598399 ], [ -50.488073581094007, -21.642945164997599 ], [ -50.4881110041676, -21.642921830610604 ], [ -50.488305604150298, -21.642854909349502 ], [ -50.4883417064095, -21.6428566704354 ], [ -50.488374726768498, -21.642877363193687 ], [ -50.488406426313198, -21.6428998170379 ], [ -50.488452654815902, -21.642921830610597 ], [ -50.488483473817702, -21.642928874953807 ], [ -50.488516934448199, -21.642925793053688 ], [ -50.488649896427297, -21.642875161836393 ], [ -50.489119225797403, -21.642624207107598 ], [ -50.489194952487502, -21.642559046932401 ], [ -50.489230614475296, -21.642498069335993 ], [ -50.4892278814158, -21.642466639159398 ], [ -50.488769209991403, -21.641349401112404 ], [ -50.488759864116197, -21.641327254078597 ], [ -50.488735851052802, -21.641317248634699 ], [ -50.488624580818801, -21.641350501791006 ], [ -50.488450804205961, -21.64140517308493 ], [ -50.48848444899955, -21.641494316806064 ], [ -50.488394710802737, -21.641523921160772 ], [ -50.488470740569447, -21.641707833941236 ], [ -50.488458963566991, -21.641712089497062 ], [ -50.488562988621574, -21.641957377175491 ], [ -50.488447202453891, -21.642000297913278 ], [ -50.488332558643414, -21.642043164732552 ], [ -50.488215701046506, -21.642087111182587 ], [ -50.488215416186932, -21.642087218002164 ], [ -50.488100558706599, -21.642130164715489 ], [ -50.487983701109535, -21.642174111165577 ], [ -50.487983416249698, -21.642174217985261 ], [ -50.487868416280705, -21.642217217976906 ], [ -50.487753989969114, -21.64226000347081 ], [ -50.487639561804905, -21.642303784684824 ], [ -50.487636092038109, -21.642305066774199 ], [ -50.487522257822491, -21.642345651149679 ], [ -50.487421329497927, -21.642383389569062 ], [ -50.487420670902026, -21.642395184423069 ], [ -50.487480018208736, -21.642374881398474 ], [ -50.487589186544497, -21.642334557961206 ], [ -50.487592867768583, -21.642333248655696 ], [ -50.487704863068096, -21.642294934477 ], [ -50.487815879385842, -21.642253671776967 ], [ -50.487818251079041, -21.642252811318173 ] ] ], [ [ [ -50.488605906454303, -21.642270414896565 ], [ -50.488495325398773, -21.642312494416544 ], [ -50.488411503782771, -21.642345721005867 ], [ -50.488506904591958, -21.642309418046331 ], [ -50.4886092057911, -21.642269228292889 ], [ -50.488605906454303, -21.642270414896565 ] ] ], [ [ [ -50.487200156836487, -21.641600150155956 ], [ -50.487200605912214, -21.641599998203802 ], [ -50.487298605830951, -21.641566998232587 ], [ -50.487299536675934, -21.64156668792285 ], [ -50.487398845617349, -21.641533915973682 ], [ -50.487410364228225, -21.641529999646139 ], [ -50.4874208786634, -21.641467613997794 ], [ -50.48742370630589, -21.641429440824108 ], [ -50.487339347646675, -21.641455004054883 ], [ -50.48724070285143, -21.641487234533297 ], [ -50.487145479860089, -21.641519299420018 ], [ -50.487049543301588, -21.641554541422778 ], [ -50.487049047642785, -21.641554722581304 ], [ -50.486951647951102, -21.641590140653978 ], [ -50.486856161413989, -21.641627166048902 ], [ -50.486761014640692, -21.64166542094096 ], [ -50.486717494526637, -21.641683554323706 ], [ -50.486895742929207, -21.641676040339494 ], [ -50.486991706177555, -21.641671995050327 ], [ -50.486999696463037, -21.641669304444125 ], [ -50.487098791246389, -21.641634621271493 ], [ -50.48710015691907, -21.641634150126301 ], [ -50.487200156836487, -21.641600150155956 ] ] ], [ [ [ -50.487478334088102, -21.639523595392497 ], [ -50.486611879866402, -21.639858201697503 ], [ -50.485800459576602, -21.640206016146294 ], [ -50.485744633320898, -21.640227853368195 ], [ -50.485395972562102, -21.640364236329297 ], [ -50.485262447859697, -21.6404164659012 ], [ -50.485125523437503, -21.640486469062395 ], [ -50.485053087841102, -21.640540994762596 ], [ -50.485044009371599, -21.640551401790795 ], [ -50.485032185889303, -21.640590813397086 ], [ -50.485025581817503, -21.640639243257091 ], [ -50.485027802830501, -21.640726695663297 ], [ -50.485092062806999, -21.641205432346901 ], [ -50.485179913110898, -21.641790578393298 ], [ -50.485190604633601, -21.641797053540799 ], [ -50.48571950918582, -21.641743594301804 ], [ -50.485634605512693, -21.64155806337109 ], [ -50.485560333435231, -21.641585252258711 ], [ -50.485448288568101, -21.641627888804095 ], [ -50.48533171153705, -21.641360111175437 ], [ -50.485444711448338, -21.641317111212658 ], [ -50.485446626989486, -21.641316396175775 ], [ -50.485469477147106, -21.641308031386526 ], [ -50.485378440787393, -21.641095835726787 ], [ -50.485481807352663, -21.641057073268023 ], [ -50.485585176297931, -21.641017315984477 ], [ -50.485689176216738, -21.640977316019082 ], [ -50.485691245868956, -21.640976536275776 ], [ -50.485792713327868, -21.640939101682548 ], [ -50.485813400827702, -21.640930988938123 ], [ -50.485692181681053, -21.640666098491362 ], [ -50.48570218167341, -21.640662098494811 ], [ -50.485706161844483, -21.640660567341882 ], [ -50.485797884769127, -21.64062666974181 ], [ -50.485896608111581, -21.640589773141727 ], [ -50.485896765664208, -21.640589714352078 ], [ -50.485998765583275, -21.640551714385012 ], [ -50.486001393210927, -21.640550761317122 ], [ -50.486101422559216, -21.640515456844035 ], [ -50.486201472906373, -21.640477202301888 ], [ -50.4862026082981, -21.640476773080408 ], [ -50.486301608219684, -21.640439773112483 ], [ -50.486301765772048, -21.64043971432292 ], [ -50.486403765691129, -21.640401714355868 ], [ -50.486404104215765, -21.640401588670507 ], [ -50.486504104136174, -21.640364588702624 ], [ -50.486506393340079, -21.640363761282707 ], [ -50.486606578796724, -21.640328401712502 ], [ -50.48670478201015, -21.640291084493686 ], [ -50.486706104295159, -21.640290588649059 ], [ -50.486805441958076, -21.640253833716692 ], [ -50.486904782064876, -21.640216084478872 ], [ -50.486906104348819, -21.640215588634653 ], [ -50.487004784598085, -21.64017907694555 ], [ -50.487103474659342, -21.640140587824593 ], [ -50.487107441175475, -21.640139100710897 ], [ -50.487206106809019, -21.64010358108558 ], [ -50.487304782174348, -21.640066084449245 ], [ -50.487305104721393, -21.640065962276516 ], [ -50.487402943404838, -21.640029023184706 ], [ -50.487459756231068, -21.6400074343127 ], [ -50.487463144723002, -21.639966288339501 ], [ -50.487492202638897, -21.639898486535596 ], [ -50.487500127525102, -21.639868548076691 ], [ -50.487523902183604, -21.639665142664899 ], [ -50.487525279613799, -21.639503294734602 ], [ -50.487478334088102, -21.639523595392497 ] ] ], [ [ [ -50.487599478314991, -21.641467380375449 ], [ -50.487600445846255, -21.641467070982635 ], [ -50.487698445763115, -21.641436071009746 ], [ -50.487699887280755, -21.64143562238619 ], [ -50.487796679495951, -21.641405992117178 ], [ -50.48789447837472, -21.641374380358954 ], [ -50.487896887318875, -21.641373622375717 ], [ -50.487993448249114, -21.641344062908317 ], [ -50.488090018684737, -21.641312529705445 ], [ -50.488094342793843, -21.641311184261436 ], [ -50.488191389397201, -21.641282466389605 ], [ -50.488285990705769, -21.641253208253712 ], [ -50.488381551094506, -21.64122168317768 ], [ -50.488439520502403, -21.641375276295083 ], [ -50.488525960013, -21.641350501790988 ], [ -50.488687998593001, -21.641278591275501 ], [ -50.488696785337197, -21.641261566957294 ], [ -50.488703829680503, -21.641217539811901 ], [ -50.4887031002729, -21.641192739957205 ], [ -50.488204781987299, -21.640011856434995 ], [ -50.487931373414305, -21.639406483185688 ], [ -50.487912441741798, -21.6393840293415 ], [ -50.487875018668198, -21.639366858754791 ], [ -50.487849731750401, -21.639362991344793 ], [ -50.487569391515997, -21.639484219403297 ], [ -50.487555601728303, -21.639681872980201 ], [ -50.487546071781324, -21.639973835901177 ], [ -50.487598444758135, -21.639952993595838 ], [ -50.487601608676613, -21.639951772978453 ], [ -50.487699685466339, -21.639915118019747 ], [ -50.487796767184548, -21.639877474091143 ], [ -50.487894767108379, -21.639839474123995 ], [ -50.488013232998249, -21.640106525854911 ], [ -50.487915233026392, -21.640144525847315 ], [ -50.487817232950221, -21.640182525880167 ], [ -50.487815391505521, -21.640183226969562 ], [ -50.48773359348791, -21.640213797948665 ], [ -50.48784540784149, -21.640480590996074 ], [ -50.487744407760722, -21.640517591028193 ], [ -50.487742606792871, -21.6405182386974 ], [ -50.487643082858007, -21.640553364795007 ], [ -50.487616327881582, -21.640563799236482 ], [ -50.487697390178688, -21.640762195167266 ], [ -50.48773126346498, -21.640750456900339 ], [ -50.487732606491207, -21.640749998087145 ], [ -50.487829697119231, -21.640717304305994 ], [ -50.487928791912687, -21.640682621129837 ], [ -50.488037208185929, -21.640953378852274 ], [ -50.487937208104313, -21.640988378882746 ], [ -50.487935393685667, -21.640989001867247 ], [ -50.48790776322825, -21.640998306001347 ], [ -50.487956243471118, -21.640986305940888 ], [ -50.488056058775534, -21.64096135211399 ], [ -50.488056791206496, -21.64096117080258 ], [ -50.488158424764912, -21.640936260616002 ], [ -50.488258058801264, -21.640911352106063 ], [ -50.488337941272739, -21.641190647883526 ], [ -50.488237941182369, -21.641215647905369 ], [ -50.488237208958708, -21.64121582916545 ], [ -50.488135575319411, -21.641240739370463 ], [ -50.488035941208111, -21.641265647897438 ], [ -50.488035571878498, -21.641265739772599 ], [ -50.487935849352667, -21.641290423565799 ], [ -50.487835120858819, -21.641317086989741 ], [ -50.487832941338119, -21.64131764786352 ], [ -50.487734756407242, -21.641342194096158 ], [ -50.487634559145548, -21.641369699225919 ], [ -50.487633899148136, -21.641369878912485 ], [ -50.48753565526814, -21.641396404760371 ], [ -50.487466801656261, -21.641416655822567 ], [ -50.487464025265801, -21.641481702684295 ], [ -50.487467984713753, -21.641510408681807 ], [ -50.487498156903413, -21.641500150137713 ], [ -50.487500478398346, -21.641499380347486 ], [ -50.487599478314991, -21.641467380375449 ] ] ], [ [ [ -50.478522112033701, -21.6450912682004 ], [ -50.478539722891803, -21.645125609373796 ], [ -50.478559975378708, -21.645143220231997 ], [ -50.478603562252701, -21.645150264575197 ], [ -50.4786590908246, -21.645137344567285 ], [ -50.4793595083393, -21.6448786170881 ], [ -50.480392385170603, -21.644499983637704 ], [ -50.481098580582902, -21.644240223479809 ], [ -50.482447132046701, -21.643740515379406 ], [ -50.482574810768405, -21.643668751132406 ], [ -50.482696325689702, -21.643543714039399 ], [ -50.48272056624392, -21.643501448457688 ], [ -50.482676343164961, -21.643517874174151 ], [ -50.482572589604771, -21.643558387472176 ], [ -50.482570087878358, -21.643559340426069 ], [ -50.482466343223216, -21.643597874158438 ], [ -50.482362589664326, -21.643638387455947 ], [ -50.48236008793581, -21.643639340410644 ], [ -50.482256343281726, -21.643677874142622 ], [ -50.48215258972386, -21.643718387439719 ], [ -50.482151345593728, -21.6437188673079 ], [ -50.482046345511321, -21.643758867342516 ], [ -50.482044162906959, -21.643759680786655 ], [ -50.481937626021775, -21.643798511990582 ], [ -50.481833480750659, -21.643837194522622 ], [ -50.481728109311824, -21.643876957332751 ], [ -50.481623345626808, -21.64391686731112 ], [ -50.481622406730224, -21.643917221638858 ], [ -50.481515876828098, -21.643957045904504 ], [ -50.481411345685295, -21.643996867295268 ], [ -50.481410406787909, -21.643997221623309 ], [ -50.48130363991541, -21.644037134475909 ], [ -50.48119787285205, -21.644077046578303 ], [ -50.481091872881095, -21.644117046570436 ], [ -50.480985872797518, -21.644157046605091 ], [ -50.48098540690328, -21.644157221592174 ], [ -50.48087864003174, -21.644197134444404 ], [ -50.480774108296011, -21.644236580385908 ], [ -50.480669334878655, -21.644278094384841 ], [ -50.480666872998754, -21.644279046538692 ], [ -50.480560872915163, -21.644319046573351 ], [ -50.480559163303354, -21.644319680680443 ], [ -50.48045340486027, -21.644358228153433 ], [ -50.480347874438593, -21.644398665046882 ], [ -50.48024211058312, -21.64443957371137 ], [ -50.480240407107438, -21.644440221537163 ], [ -50.480133640235884, -21.644480134389411 ], [ -50.480027873061118, -21.644520046533838 ], [ -50.480027407165096, -21.644520221521603 ], [ -50.479921635918679, -21.644559762177906 ], [ -50.479815856082908, -21.644601283238185 ], [ -50.479813407224263, -21.644602221505693 ], [ -50.47970664035148, -21.644642134358396 ], [ -50.479600873178732, -21.644682046502041 ], [ -50.47960040728195, -21.644682221490072 ], [ -50.479494023789165, -21.644721991023314 ], [ -50.479387874706809, -21.644762664973946 ], [ -50.479282110852182, -21.644803573638104 ], [ -50.479278711401292, -21.644804844662225 ], [ -50.479171561320655, -21.644843537749704 ], [ -50.479065407313243, -21.644883221493377 ], [ -50.478950592790483, -21.644614778486744 ], [ -50.478963842882081, -21.644609825181853 ], [ -50.478877667856004, -21.644412108380596 ], [ -50.478825762032102, -21.644432162905964 ], [ -50.478811385007106, -21.644438552695497 ], [ -50.478678615110177, -21.644177447278317 ], [ -50.47869661509732, -21.64416944728514 ], [ -50.478703945498452, -21.644166404660332 ], [ -50.478791059958148, -21.644132746804079 ], [ -50.478895179008511, -21.644091099187609 ], [ -50.478897362257037, -21.644090244310931 ], [ -50.479003752133863, -21.644049478100062 ], [ -50.47911014416681, -21.644007716744873 ], [ -50.479110889657044, -21.644007426261048 ], [ -50.479216032234859, -21.64396675790934 ], [ -50.479320179134255, -21.643925099153268 ], [ -50.479323593300293, -21.643923778379172 ], [ -50.479429364499545, -21.643884237747397 ], [ -50.479534661106825, -21.643842906372264 ], [ -50.479639179228194, -21.64380109912759 ], [ -50.479640889810177, -21.643800426219673 ], [ -50.479746516690561, -21.643759570543189 ], [ -50.479852661201022, -21.643717906346644 ], [ -50.479906787557589, -21.643696255806031 ], [ -50.479901192645407, -21.64369830394368 ], [ -50.479791006897067, -21.643739995851352 ], [ -50.47979056115333, -21.643740163757741 ], [ -50.479678561064731, -21.643782163794143 ], [ -50.479677374791009, -21.643782603342292 ], [ -50.479565594677176, -21.643823522851093 ], [ -50.479454814303963, -21.643864441730475 ], [ -50.479454374849219, -21.643864603326527 ], [ -50.479342968986387, -21.643905385832923 ], [ -50.47923156118388, -21.64394716376173 ], [ -50.479229609955624, -21.643947881151654 ], [ -50.479120040259488, -21.643987365729924 ], [ -50.479011459354098, -21.644028823896544 ], [ -50.479006967486526, -21.644030463041812 ], [ -50.478894967394886, -21.644069463075766 ], [ -50.478819910248916, -21.643881062620483 ], [ -50.478762459501908, -21.643903438176551 ], [ -50.47876182579818, -21.643903683446609 ], [ -50.478748825788031, -21.643908683450938 ], [ -50.478631174317925, -21.64364131652826 ], [ -50.478643857165522, -21.64363643851037 ], [ -50.478738616740472, -21.643599532175013 ], [ -50.478846016167502, -21.643557765735089 ], [ -50.478863022485221, -21.643550994701794 ], [ -50.478744665803333, -21.643289905512383 ], [ -50.478850665721865, -21.643247905548623 ], [ -50.478854052951668, -21.64324660744149 ], [ -50.478961823203221, -21.643206692536463 ], [ -50.479068593750434, -21.643166778316065 ], [ -50.479069505430921, -21.643166440631635 ], [ -50.479177815302428, -21.643126693892803 ], [ -50.479282978231957, -21.643087009771289 ], [ -50.479390595720403, -21.643046154987307 ], [ -50.479497362958057, -21.643005244179875 ], [ -50.479501094066997, -21.64300386707583 ], [ -50.479607070763514, -21.642966230494643 ], [ -50.479713823406641, -21.642926692481154 ], [ -50.47982059395224, -21.64288677826136 ], [ -50.479821053209378, -21.64288660737181 ], [ -50.479929053123442, -21.64284660740649 ], [ -50.479931094176578, -21.642845867046418 ], [ -50.480037464901898, -21.642808090529602 ], [ -50.480143837733699, -21.642769319125946 ], [ -50.480144290083857, -21.642769155014449 ], [ -50.480252063798432, -21.642730236731175 ], [ -50.48035883778882, -21.642691319110991 ], [ -50.480360539340531, -21.642690709692364 ], [ -50.480467455944193, -21.642653090889915 ], [ -50.480572378776927, -21.642614487208377 ], [ -50.480574094337413, -21.642613867003018 ], [ -50.480680298361811, -21.64257614968847 ], [ -50.480762537089277, -21.642545970340755 ], [ -50.480429781006301, -21.642420930292804 ], [ -50.4804044926356, -21.642418380202901 ], [ -50.480393731235402, -21.642418221947583 ], [ -50.479984253532599, -21.642589205526992 ], [ -50.479067168093799, -21.642960794634199 ], [ -50.478948125810902, -21.643003217657689 ], [ -50.4787422477607, -21.643076586026698 ], [ -50.478441982629001, -21.643195019047788 ], [ -50.478411213081202, -21.643217751779488 ], [ -50.478382986254204, -21.643238605921802 ], [ -50.478361063092102, -21.643275258711494 ], [ -50.47834885349851, -21.643339967346694 ], [ -50.478354705543801, -21.643452063995795 ], [ -50.478409402541402, -21.644103739329001 ], [ -50.478522112033701, -21.6450912682004 ] ] ], [ [ [ -50.485955875399902, -21.643899013102896 ], [ -50.4859708446293, -21.64387347735849 ], [ -50.485974366801003, -21.6437959895826 ], [ -50.485973486257997, -21.643765170580796 ], [ -50.485982291687101, -21.643737873750695 ], [ -50.486002182216303, -21.64372039419629 ], [ -50.486002544173999, -21.643713878956412 ], [ -50.485996380373699, -21.643702431898586 ], [ -50.485994337604197, -21.643700695544709 ], [ -50.485746198381499, -21.643622708933098 ], [ -50.485734859129998, -21.643623403172601 ], [ -50.485722121996801, -21.643632825161788 ], [ -50.485701398499401, -21.643678877375891 ], [ -50.485682026555502, -21.643729068321598 ], [ -50.485667057325998, -21.643788945239407 ], [ -50.485661774068603, -21.6438549859575 ], [ -50.485679384926698, -21.643899013102892 ], [ -50.485717248271797, -21.643933354276292 ], [ -50.485747186730698, -21.64394127916249 ], [ -50.485809705277099, -21.643938637533804 ], [ -50.485891595767598, -21.64392895156179 ], [ -50.485933861827199, -21.643911340703593 ], [ -50.485955875399902, -21.643899013102896 ] ] ], [ [ [ -50.482348410361503, -21.643330612558149 ], [ -50.48235091230832, -21.643329659520433 ], [ -50.482454656911521, -21.643291125813995 ], [ -50.482558410421063, -21.643250612541927 ], [ -50.482560912365756, -21.643249659505027 ], [ -50.482587701982361, -21.643239709076845 ], [ -50.482549935431301, -21.643223196420905 ], [ -50.482037892414866, -21.643026201087871 ], [ -50.482087923556463, -21.643149336046431 ], [ -50.48210617460559, -21.643142316412668 ], [ -50.482212168667424, -21.643383192869138 ], [ -50.482244656852906, -21.643371125829855 ], [ -50.482348410361503, -21.643330612558149 ] ] ], [ [ [ -50.481779218944887, -21.643000532959785 ], [ -50.481874776396367, -21.64296391749005 ], [ -50.481831300641836, -21.642947580567263 ], [ -50.481797522509382, -21.642934887728522 ], [ -50.481818121010456, -21.64298332802473 ], [ -50.481706287726993, -21.64302489438143 ], [ -50.481659969726486, -21.643042929710425 ], [ -50.481673642059057, -21.643038028308482 ], [ -50.481674094026296, -21.643037867040078 ], [ -50.481779218944887, -21.643000532959785 ] ] ], [ [ [ -50.481980296407244, -21.64297236942566 ], [ -50.481918524672615, -21.642948059900082 ], [ -50.481918524672601, -21.642948059900082 ], [ -50.481980296407244, -21.64297236942566 ] ] ], [ [ [ -50.481527845250604, -21.641944648118304 ], [ -50.480531797153397, -21.642360570123294 ], [ -50.480514120227603, -21.6423818376722 ], [ -50.480507956427303, -21.642399448530302 ], [ -50.480514753442499, -21.642415918222305 ], [ -50.480656768178797, -21.642480018206403 ], [ -50.480799806159943, -21.64253238465373 ], [ -50.480894615546532, -21.642498396385541 ], [ -50.481000594260514, -21.642458778177211 ], [ -50.481002642593516, -21.642458028201027 ], [ -50.481106995586416, -21.6424206186405 ], [ -50.481212363416404, -21.642380244054078 ], [ -50.481216094500404, -21.642378866959234 ], [ -50.481321605452735, -21.642341395782708 ], [ -50.481426128375638, -21.64230195317273 ], [ -50.481426594487267, -21.642301778104027 ], [ -50.481533594402492, -21.6422617781387 ], [ -50.48153609458226, -21.642260866937324 ], [ -50.481641840291125, -21.642223312389202 ], [ -50.481747361365287, -21.642183865261202 ], [ -50.481852891890711, -21.642144042424505 ], [ -50.481957655525456, -21.642104132471548 ], [ -50.481958594629965, -21.642103778065398 ], [ -50.482065594545212, -21.642063778100059 ], [ -50.48218040555853, -21.642332221880054 ], [ -50.482096360200771, -21.642363640707881 ], [ -50.482195405753785, -21.642595221842019 ], [ -50.48208840566901, -21.642635221876695 ], [ -50.482087946641826, -21.64263539268071 ], [ -50.48198017633117, -21.642675307613537 ], [ -50.481873405726695, -21.642715221861085 ], [ -50.481872946699092, -21.642715392665252 ], [ -50.481765176389352, -21.642755307597721 ], [ -50.4817271963324, -21.642769505750884 ], [ -50.481779930602762, -21.642893517865527 ], [ -50.481918524672615, -21.642948059900082 ], [ -50.481995093994314, -21.642920867058443 ], [ -50.482022819374691, -21.642989103829681 ], [ -50.482624700292106, -21.643225966848661 ], [ -50.482664796248862, -21.643211074065984 ], [ -50.482697609010934, -21.64319833124673 ], [ -50.482656701258797, -21.642939661604505 ], [ -50.482543111223698, -21.642318878854194 ], [ -50.482408572329099, -21.641645457780502 ], [ -50.482402224358403, -21.641631174842999 ], [ -50.482393418929298, -21.641623249956801 ], [ -50.482368763727898, -21.641621488871003 ], [ -50.482305364638506, -21.641636458100393 ], [ -50.481527845250604, -21.641944648118304 ] ] ], [ [ [ -50.485879138496543, -21.641749399987393 ], [ -50.485775143967999, -21.641757312614594 ], [ -50.485879138496529, -21.641749399987404 ], [ -50.485879138496543, -21.641749399987393 ] ] ] ] } },
{ "type": "Feature", "properties": { "CHAVE": null, "FAZENDA": "Faz. ABC", "NOME_FAZ": null, "ZONA": null, "TALHAO": null, "AREA_TOTAL": null, "TIPO_GEO": "VOO_PROCESSADO", "DATA_INICI": "17-04-2026", "DATA_FINAL": "17-04-2026", "HORA_INICI": "09:16:36", "HORA_FINAL": "09:16:36", "CLASSE": "APLICADO FORA DO TALHÃO", "PILOTO": "valmir alves", "AERONAVE": "PS-CBA", "AREA_HA": 2.173775157e-06 }, "geometry": { "type": "Polygon", "coordinates": [ [ [ -50.482782312869809, -21.643478495229104 ], [ -50.482885312949833, -21.643438495194545 ], [ -50.482766687156918, -21.643171504784316 ], [ -50.482743626255015, -21.643180460473694 ], [ -50.48275131586486, -21.643229083642456 ], [ -50.482749174872254, -21.64325834994947 ], [ -50.482750041256736, -21.643270479650013 ], [ -50.482754336044856, -21.643281954124028 ], [ -50.482756006412465, -21.643285016462784 ], [ -50.482761584608454, -21.643298753520469 ], [ -50.482762346569345, -21.643301496576612 ], [ -50.48276389372603, -21.64330861615257 ], [ -50.482784222169215, -21.64343715707782 ], [ -50.48278408393135, -21.643457777611292 ], [ -50.482780398083008, -21.64347922258457 ], [ -50.482782312869809, -21.643478495229104 ] ] ] } },
{ "type": "Feature", "properties": { "CHAVE": null, "FAZENDA": "Faz. ABC", "NOME_FAZ": null, "ZONA": null, "TALHAO": null, "AREA_TOTAL": null, "TIPO_GEO": "VOO_PROCESSADO", "DATA_INICI": "17-04-2026", "DATA_FINAL": "17-04-2026", "HORA_INICI": "09:16:36", "HORA_FINAL": "09:16:36", "CLASSE": "SOBREPOSIÇÃO", "PILOTO": "valmir alves", "AERONAVE": "PS-CBA", "AREA_HA": 0.00011683922587 }, "geometry": { "type": "MultiPolygon", "coordinates": [ [ [ [ -50.488385355392211, -21.642356086134527 ], [ -50.488411503782771, -21.642345721005867 ], [ -50.488394710767182, -21.642352111267858 ], [ -50.488393553515245, -21.642352556750083 ], [ -50.488371042050552, -21.642361322275363 ], [ -50.488380513284653, -21.642357915954086 ], [ -50.488385355392211, -21.642356086134527 ] ] ], [ [ [ -50.488722446174258, -21.642228443339594 ], [ -50.488733580036609, -21.642224108029975 ], [ -50.488732710742113, -21.642222111288028 ], [ -50.488619710830818, -21.642265111250779 ], [ -50.488618102164217, -21.642265733289456 ], [ -50.4886092057911, -21.642269228292889 ], [ -50.488718513194897, -21.642229915977936 ], [ -50.488722446174258, -21.642228443339594 ] ] ], [ [ [ -50.486463936774953, -21.642428122029578 ], [ -50.486584936873072, -21.642385121992174 ], [ -50.486703012501835, -21.642343095092119 ], [ -50.486820240222741, -21.642301369968973 ], [ -50.486938464972141, -21.64226063706975 ], [ -50.486942279527923, -21.642259269025971 ], [ -50.487058579164781, -21.642215903057249 ], [ -50.487174863222883, -21.642175499271449 ], [ -50.487176012260399, -21.642175095168049 ], [ -50.48729401235601, -21.642133095131516 ], [ -50.487294422232942, -21.642132948619999 ], [ -50.487411422327391, -21.642090948583462 ], [ -50.487411740712574, -21.642090833914196 ], [ -50.487530740808353, -21.64204783387682 ], [ -50.487646425507791, -21.64200594806999 ], [ -50.487764012238628, -21.641964095163107 ], [ -50.487765566852495, -21.641963532836389 ], [ -50.487881022122004, -21.641921100555592 ], [ -50.487998464714643, -21.641880637138605 ], [ -50.488003128265483, -21.641878949794656 ], [ -50.488117007877598, -21.641835754077224 ], [ -50.488232862963699, -21.641795499340844 ], [ -50.488236700828331, -21.641794111226005 ], [ -50.488352723331523, -21.641750478828733 ], [ -50.488458963566991, -21.641712089497062 ], [ -50.488449011481535, -21.641688622804878 ], [ -50.488333011573779, -21.641731622767566 ], [ -50.488332583979613, -21.641731781961017 ], [ -50.488217584070675, -21.641774781923729 ], [ -50.488217298965331, -21.641774888835453 ], [ -50.48810044142963, -21.641818835255805 ], [ -50.487985584007916, -21.641861781940623 ], [ -50.487985298902309, -21.64186188885245 ], [ -50.487868441368619, -21.641905835272063 ], [ -50.487753583945157, -21.641948781957527 ], [ -50.487638583914141, -21.641991781965896 ], [ -50.487637438210655, -21.641992215332611 ], [ -50.487524164907974, -21.64203555468039 ], [ -50.487410908155056, -21.642075933171707 ], [ -50.487408583730783, -21.642076782028116 ], [ -50.487294161170247, -21.642119566113003 ], [ -50.487179740448816, -21.642161354547326 ], [ -50.487177438086015, -21.642162215366536 ], [ -50.487064370393746, -21.642205476046104 ], [ -50.486950323351991, -21.642245785773184 ], [ -50.486948740266754, -21.642246354608012 ], [ -50.486833740358854, -21.64228835457153 ], [ -50.486832583577936, -21.642288782069496 ], [ -50.486718161018111, -21.642331566154134 ], [ -50.486604530052396, -21.642373066156296 ], [ -50.486489323235851, -21.642413785804273 ], [ -50.486488161652701, -21.642414201362936 ], [ -50.486372161745976, -21.642456201326432 ], [ -50.486371740118003, -21.642456354648189 ], [ -50.486256740210116, -21.642498354611703 ], [ -50.486255583426598, -21.642498782110628 ], [ -50.486140583517674, -21.642541782073348 ], [ -50.486141486343378, -21.642543892534857 ], [ -50.486228012619897, -21.64251309506027 ], [ -50.486230279709758, -21.642512268976233 ], [ -50.486346579341649, -21.642468903009366 ], [ -50.486462863395367, -21.642428499225101 ], [ -50.486463936774953, -21.642428122029578 ] ] ], [ [ [ -50.488123208325419, -21.641525170821676 ], [ -50.488007137230973, -21.641565500605754 ], [ -50.488002871748215, -21.641567050223085 ], [ -50.487889189016563, -21.641610171256854 ], [ -50.487772535480524, -21.641650362808225 ], [ -50.487769433156508, -21.641651467181578 ], [ -50.487653208934269, -21.64169418206405 ], [ -50.487535987956917, -21.641735904781964 ], [ -50.487535162136083, -21.641736201249316 ], [ -50.48741921075986, -21.641778183641442 ], [ -50.48730041851141, -21.641821108568848 ], [ -50.487183782694402, -21.641862977833917 ], [ -50.487066561499411, -21.641904700629812 ], [ -50.486949136971781, -21.641945500675146 ], [ -50.486945720482069, -21.64194673099238 ], [ -50.486829618183329, -21.641990023372628 ], [ -50.486712535223035, -21.642030362877072 ], [ -50.486710987627269, -21.642030904881608 ], [ -50.486592987722879, -21.642072904845076 ], [ -50.486475025466028, -21.642114891408596 ], [ -50.486354599266001, -21.642157687493921 ], [ -50.486237136799296, -21.642198500721477 ], [ -50.486233720300227, -21.642199731042098 ], [ -50.486116850460547, -21.642243309623687 ], [ -50.486000025340552, -21.64228489144309 ], [ -50.48587906320693, -21.642327877983877 ], [ -50.485877848599081, -21.642328315099373 ], [ -50.485760255736793, -21.642371166732953 ], [ -50.485677670531878, -21.642400759762765 ], [ -50.485687816868079, -21.642426858823377 ], [ -50.485790816953191, -21.64239185879287 ], [ -50.485791273448932, -21.642391702912999 ], [ -50.48589304530843, -21.642356781194902 ], [ -50.485995816906346, -21.642321858805566 ], [ -50.485996737424067, -21.642321542914871 ], [ -50.486097053647079, -21.642286779865778 ], [ -50.486200367512907, -21.642252010774552 ], [ -50.486201737376511, -21.642251542927809 ], [ -50.486302505530652, -21.64221662326873 ], [ -50.486404273414848, -21.642181702914524 ], [ -50.486506273391257, -21.642146702920915 ], [ -50.486507208911654, -21.642146378702705 ], [ -50.486605841010871, -21.642111857466627 ], [ -50.48670446368039, -21.642079311983942 ], [ -50.486706273237814, -21.642078702970281 ], [ -50.486808273321763, -21.642043702939784 ], [ -50.486809688203337, -21.642043210098514 ], [ -50.486908213331823, -21.642008377980556 ], [ -50.487008066907457, -21.641973775254623 ], [ -50.487105394332481, -21.641941001732278 ], [ -50.487107208770603, -21.641940378741086 ], [ -50.487206527200819, -21.641905617288877 ], [ -50.487305618847152, -21.641871926127397 ], [ -50.487402929371903, -21.6418391582963 ], [ -50.487502463501698, -21.641806312032056 ], [ -50.48750384311036, -21.641805849874864 ], [ -50.487602685723012, -21.641772243385457 ], [ -50.487700038558025, -21.641740775801175 ], [ -50.487796834746597, -21.641710156597949 ], [ -50.487894112891695, -21.641680377573152 ], [ -50.487896521634433, -21.641679619653271 ], [ -50.487994320576007, -21.641648007873613 ], [ -50.488091112853574, -21.641618377583612 ], [ -50.48809398132633, -21.641617470306535 ], [ -50.488189829955665, -21.641586172794625 ], [ -50.488285657376963, -21.641557815699528 ], [ -50.488287560021647, -21.641557239988959 ], [ -50.488384560104549, -21.641527239962727 ], [ -50.488387448918495, -21.641526316834007 ], [ -50.488394710802737, -21.641523921160772 ], [ -50.48835925953167, -21.641438166039926 ], [ -50.488240259627425, -21.641481166002546 ], [ -50.488238299183507, -21.641481888792036 ], [ -50.488123208325419, -21.641525170821676 ] ] ], [ [ [ -50.487649440844713, -21.64106430078651 ], [ -50.487547770720056, -21.641092210232848 ], [ -50.487448101019972, -21.641119121052096 ], [ -50.487444601090218, -21.641120108087673 ], [ -50.487342601178767, -21.641150108061403 ], [ -50.487341326932089, -21.641150488510448 ], [ -50.487242327017256, -21.641180488484181 ], [ -50.487238990661652, -21.641181538889214 ], [ -50.487137990746355, -21.641214538860389 ], [ -50.48713660607347, -21.641214998191334 ], [ -50.487038606154734, -21.64124799816253 ], [ -50.487034456722526, -21.641249458589126 ], [ -50.486936704462664, -21.641285367580146 ], [ -50.486837952538238, -21.641321277368373 ], [ -50.486834765987069, -21.641322474370494 ], [ -50.486736766063245, -21.641360474337649 ], [ -50.486734916398611, -21.641361204749526 ], [ -50.48663791647251, -21.641400204715914 ], [ -50.48663605979575, -21.641400964734039 ], [ -50.486540597447103, -21.641440740708358 ], [ -50.486443136909166, -21.641480520515348 ], [ -50.486442602464393, -21.64148073977956 ], [ -50.486345869434679, -21.641520629684472 ], [ -50.486248136847607, -21.641560520532025 ], [ -50.486247602402429, -21.641560739796397 ], [ -50.48615113178689, -21.64160052148938 ], [ -50.486052662905443, -21.641640306891773 ], [ -50.486051059608478, -21.641640964785118 ], [ -50.485955597260627, -21.64168074075911 ], [ -50.485858399519401, -21.641720413302245 ], [ -50.485759921589285, -21.641760202360885 ], [ -50.485732186388908, -21.641771296440009 ], [ -50.485744819097292, -21.641798901348693 ], [ -50.485762595984383, -21.641791790593324 ], [ -50.485841900391257, -21.641762776783406 ], [ -50.485944455537577, -21.641725936582731 ], [ -50.485946235080398, -21.641725285501263 ], [ -50.486048235161327, -21.641687285468311 ], [ -50.486049527798976, -21.641686797572451 ], [ -50.486150049929279, -21.641648362637717 ], [ -50.486248559892466, -21.641612899048148 ], [ -50.486252023136672, -21.641611607235724 ], [ -50.486352374315167, -21.641572857767706 ], [ -50.486451887234594, -21.641535417260553 ], [ -50.486550047599003, -21.641499722579901 ], [ -50.486553023053254, -21.64149860725842 ], [ -50.486652541484098, -21.64146017934678 ], [ -50.48675004754601, -21.641424722594074 ], [ -50.486754037117876, -21.641423211733379 ], [ -50.486851473843984, -21.641384827565599 ], [ -50.486949896495794, -21.641348411181212 ], [ -50.486952233830827, -21.641347525685941 ], [ -50.48704840614154, -21.64131023437924 ], [ -50.4871465596554, -21.641274899111306 ], [ -50.487151556059239, -21.641273006246085 ], [ -50.487247316174404, -21.641234897626038 ], [ -50.487344047386983, -21.641199722636468 ], [ -50.487344896283084, -21.64119941124904 ], [ -50.487444037615468, -21.64116272895377 ], [ -50.487541174950216, -21.641128037046073 ], [ -50.48754339209853, -21.64112722686642 ], [ -50.487641044790294, -21.641090730403651 ], [ -50.487738212665946, -21.641056378122066 ], [ -50.48783806625331, -21.641021775392062 ], [ -50.48790776322825, -21.640998306001347 ], [ -50.487855428286288, -21.641011260195278 ], [ -50.487852879128091, -21.641011913022485 ], [ -50.487751966784352, -21.641038625114319 ], [ -50.487653058826254, -21.641063352104183 ], [ -50.487649440844713, -21.64106430078651 ] ] ], [ [ [ -50.487429713242292, -21.640858360045733 ], [ -50.487332825229259, -21.640892962905017 ], [ -50.487331103740274, -21.640893588763497 ], [ -50.487231527776252, -21.640930431867716 ], [ -50.487132952794049, -21.640966277313236 ], [ -50.487128443974321, -21.640967993765557 ], [ -50.487032924596591, -21.641006006576443 ], [ -50.486935440526025, -21.641041100838674 ], [ -50.486931766199625, -21.641042474325818 ], [ -50.486834931079251, -21.641080022634995 ], [ -50.486736103686738, -21.641116588767112 ], [ -50.486732962913692, -21.641117788278653 ], [ -50.486635946524245, -21.641156006853574 ], [ -50.48653895263503, -21.641191277355627 ], [ -50.486535976974359, -21.641192392754352 ], [ -50.486436458593758, -21.641230820641198 ], [ -50.486338952582031, -21.641266277369809 ], [ -50.486337277017832, -21.641266897198619 ], [ -50.486236277097568, -21.641304897165679 ], [ -50.486234976890927, -21.641305392777042 ], [ -50.486135700257954, -21.641343727315899 ], [ -50.486037440288946, -21.64137910090184 ], [ -50.48603447222667, -21.641380202440669 ], [ -50.485933117448312, -21.64141895573535 ], [ -50.485832652641093, -21.641456383798115 ], [ -50.485730544646174, -21.641493063366475 ], [ -50.485729655836181, -21.641493385590703 ], [ -50.485647655901801, -21.641523385564657 ], [ -50.48564318099649, -21.641525098636031 ], [ -50.485623181011761, -21.641533098629122 ], [ -50.485634605512693, -21.64155806337109 ], [ -50.485671373202223, -21.6415446037694 ], [ -50.485672119857469, -21.641544328348004 ], [ -50.485785119947217, -21.641502328311585 ], [ -50.485898119917067, -21.64146032831972 ], [ -50.486010317932163, -21.641418626399911 ], [ -50.486123512561093, -21.64137791604799 ], [ -50.48612628838481, -21.641376888853937 ], [ -50.486238705047803, -21.641334110828545 ], [ -50.486350903142814, -21.641292408878513 ], [ -50.486464686322783, -21.641250488756533 ], [ -50.486466288292036, -21.641249888879099 ], [ -50.486578704955853, -21.641207110853397 ], [ -50.486690903053116, -21.641165408902509 ], [ -50.486804313226649, -21.641123626204134 ], [ -50.486916939554362, -21.641082761781501 ], [ -50.486917686082087, -21.641082488833312 ], [ -50.487031686173012, -21.641040488796857 ], [ -50.487033288138697, -21.641039888920769 ], [ -50.487144526629699, -21.640997559226886 ], [ -50.487255748020011, -21.640958188820168 ], [ -50.487257685992958, -21.640957488857367 ], [ -50.48737131307842, -21.640915626244155 ], [ -50.48748393940771, -21.640874761820939 ], [ -50.487485119376565, -21.640874328477917 ], [ -50.487598119466305, -21.640832328441494 ], [ -50.487598391880134, -21.640832226910376 ], [ -50.487696286642432, -21.640795639976709 ], [ -50.487709174665412, -21.640791037111029 ], [ -50.487697390178688, -21.640762195167266 ], [ -50.487630263547757, -21.640785456869843 ], [ -50.48762931248698, -21.640785789770298 ], [ -50.487530312567429, -21.640820789739852 ], [ -50.487527607926779, -21.640821773145774 ], [ -50.487429713242292, -21.640858360045733 ] ] ], [ [ [ -50.487328592261917, -21.640360408973926 ], [ -50.487327765714305, -21.640360714333067 ], [ -50.487225765795209, -21.640398714300112 ], [ -50.487124417943086, -21.640436471340546 ], [ -50.487023072531805, -21.640473233889036 ], [ -50.487021277603574, -21.640473897069594 ], [ -50.486920277683303, -21.640511897036667 ], [ -50.486919472874277, -21.640512202294101 ], [ -50.486818357308167, -21.640550864125384 ], [ -50.486716246146131, -21.640588536201541 ], [ -50.486715765550336, -21.640588714377298 ], [ -50.486613765631247, -21.640626714344329 ], [ -50.486613277492722, -21.640626897099509 ], [ -50.486512277572459, -21.640664897066575 ], [ -50.486511472762139, -21.640665202324506 ], [ -50.486409472842013, -21.640704202290735 ], [ -50.486409176417752, -21.640704315964609 ], [ -50.486306208203999, -21.64074391912083 ], [ -50.486204246008271, -21.640781536238503 ], [ -50.486203765411467, -21.640781714414622 ], [ -50.486101765492386, -21.640819714381671 ], [ -50.486098431332429, -21.640820998841182 ], [ -50.485997328198351, -21.64086124377496 ], [ -50.485896245924678, -21.640898536260863 ], [ -50.485893194023568, -21.640899697491122 ], [ -50.485813400827702, -21.640930988938123 ], [ -50.485813818428007, -21.640931901486457 ], [ -50.485821839745249, -21.64092869295931 ], [ -50.485911838331624, -21.640895432609096 ], [ -50.485912391913722, -21.640895226870459 ], [ -50.486011313228403, -21.640858256275358 ], [ -50.486111925350201, -21.64082077332576 ], [ -50.486212606971286, -21.640785238633427 ], [ -50.486216527119282, -21.640783797711229 ], [ -50.48631796041208, -21.640745014390433 ], [ -50.486416313121119, -21.640708256304293 ], [ -50.486518065228076, -21.640670348653831 ], [ -50.486616754875364, -21.640633833482106 ], [ -50.486717606842134, -21.640598238667835 ], [ -50.486721218016328, -21.640596915518802 ], [ -50.486820558173434, -21.640559166256317 ], [ -50.486919895887375, -21.640522411299266 ], [ -50.486921217961608, -21.640521915533615 ], [ -50.487020558118893, -21.640484166271058 ], [ -50.487119895833715, -21.640447411313669 ], [ -50.487122525370239, -21.640446412187821 ], [ -50.487220553178823, -21.640408181339861 ], [ -50.487318559005935, -21.640372899239097 ], [ -50.487321217852134, -21.640371915563243 ], [ -50.487421056730241, -21.640333976786565 ], [ -50.487518895460369, -21.640297037671218 ], [ -50.487519217797406, -21.640296915578006 ], [ -50.487619217875945, -21.64025891554509 ], [ -50.487621555275439, -21.640258006415802 ], [ -50.487717980614676, -21.640219633063438 ], [ -50.48773359348791, -21.640213797948665 ], [ -50.48773259226067, -21.640211408984662 ], [ -50.487632490662605, -21.640248079864964 ], [ -50.487531393389339, -21.640283761253137 ], [ -50.487526474544978, -21.640285587839323 ], [ -50.487428026545629, -21.640323982556271 ], [ -50.487328592261917, -21.640360408973926 ] ] ], [ [ [ -50.481824837280598, -21.64352931916039 ], [ -50.481823912053308, -21.643529659600411 ], [ -50.481718912136749, -21.64356865956659 ], [ -50.48171812742671, -21.643568953354393 ], [ -50.481612127510296, -21.643608953319738 ], [ -50.481611654396012, -21.643609132702995 ], [ -50.481507123304738, -21.643648954068102 ], [ -50.481400593458289, -21.643688778306586 ], [ -50.48139965433753, -21.643689132718865 ], [ -50.48129512324698, -21.643728954083674 ], [ -50.481188593400596, -21.643768778322148 ], [ -50.481188127281456, -21.643768953393675 ], [ -50.481082127365056, -21.643808953359027 ], [ -50.480976127336028, -21.643848953366874 ], [ -50.480870360102301, -21.643888865527554 ], [ -50.480763593285239, -21.643928778353288 ], [ -50.480763127165289, -21.643928953425117 ], [ -50.480657127248882, -21.64396895339047 ], [ -50.480654665148201, -21.643969905629575 ], [ -50.480549891780122, -21.644011419602222 ], [ -50.480445979976579, -21.644050631600354 ], [ -50.480339836884205, -21.644089319266616 ], [ -50.480337362131571, -21.644090244328019 ], [ -50.480230362215302, -21.644131244292534 ], [ -50.480229889440757, -21.644131426303051 ], [ -50.480124739199468, -21.644172097619681 ], [ -50.480018593081084, -21.644211778408284 ], [ -50.480018126959763, -21.644211953480628 ], [ -50.479912359837499, -21.644251865599262 ], [ -50.479805593023428, -21.64429177842387 ], [ -50.479803143942007, -21.644292716776572 ], [ -50.479697364157488, -21.644334237810256 ], [ -50.479591592964255, -21.644373778439775 ], [ -50.479591126842152, -21.644373953512428 ], [ -50.479485359723341, -21.64441386562973 ], [ -50.479378592906563, -21.644453778455375 ], [ -50.479377361864287, -21.644454244400592 ], [ -50.479270361948025, -21.644495244365135 ], [ -50.479269889171697, -21.644495426376331 ], [ -50.479165580928466, -21.644535772014841 ], [ -50.479059288786715, -21.644574155285099 ], [ -50.479057592705708, -21.644574778521413 ], [ -50.478963842882081, -21.644609825181853 ], [ -50.478984346162349, -21.644656867151834 ], [ -50.479089346244756, -21.644616867117211 ], [ -50.479194346215507, -21.644576867125146 ], [ -50.479299346186266, -21.644536867133052 ], [ -50.479404346157004, -21.64449686714098 ], [ -50.479406821099992, -21.644495900819972 ], [ -50.479510588080579, -21.644454394024219 ], [ -50.479614346097016, -21.644414867157099 ], [ -50.479719346067739, -21.644374867165038 ], [ -50.479720590206327, -21.644374387293627 ], [ -50.479825590287668, -21.644333387258211 ], [ -50.479929343726241, -21.644292874007689 ], [ -50.480033088371769, -21.644254340278909 ], [ -50.480036820915984, -21.644252900870388 ], [ -50.480140587899847, -21.644211394073324 ], [ -50.480244345919246, -21.644171867205081 ], [ -50.480246820853843, -21.64417090088735 ], [ -50.480350826355341, -21.644129298683126 ], [ -50.480453826001224, -21.644089683430963 ], [ -50.480456314014553, -21.644088702667545 ], [ -50.480558214061517, -21.644047550722252 ], [ -50.48066108819576, -21.644009340325887 ], [ -50.480665313952777, -21.644007702684487 ], [ -50.480767836329321, -21.643966299413503 ], [ -50.480871345739956, -21.64392686725326 ], [ -50.480976345710694, -21.643886867261195 ], [ -50.480979814382856, -21.643885499595392 ], [ -50.481081088920895, -21.643844203178226 ], [ -50.481184345650675, -21.643804867277279 ], [ -50.481185313105513, -21.643804495149801 ], [ -50.481287594331612, -21.643764774282122 ], [ -50.481392872590604, -21.643725046633843 ], [ -50.481394313046202, -21.643724495165905 ], [ -50.481496829961657, -21.643684682768278 ], [ -50.481600552514386, -21.643645169411808 ], [ -50.481702756046779, -21.643607463251247 ], [ -50.48170434539422, -21.643606867358987 ], [ -50.481808317091264, -21.643567259090673 ], [ -50.481911282876986, -21.64352963697371 ], [ -50.481915570525565, -21.643528000714465 ], [ -50.482016673658933, -21.643487755774807 ], [ -50.482117755934645, -21.643450463281358 ], [ -50.482119825419176, -21.643449683601119 ], [ -50.482223825500384, -21.643409683566517 ], [ -50.482212168667424, -21.643383192869138 ], [ -50.48214091225087, -21.643409659535862 ], [ -50.482138410301964, -21.643410612574375 ], [ -50.482034031330556, -21.643451370074121 ], [ -50.481930742588716, -21.643490718163278 ], [ -50.481824837280598, -21.64352931916039 ] ] ], [ [ [ -50.481692654628596, -21.643299132655144 ], [ -50.481588447619046, -21.643338830560676 ], [ -50.481486244138047, -21.643376536696312 ], [ -50.481484654571588, -21.643377132670619 ], [ -50.481379654653978, -21.643417132635999 ], [ -50.481378686980506, -21.643417504847516 ], [ -50.481276405802554, -21.643457225690167 ], [ -50.481171127597477, -21.643496953311328 ], [ -50.481169686921191, -21.643497504863635 ], [ -50.481067170054153, -21.643537317235911 ], [ -50.480962654536945, -21.643577132667616 ], [ -50.480959185649866, -21.643578500417899 ], [ -50.480857911156143, -21.643619796809819 ], [ -50.480754654476932, -21.643659132683702 ], [ -50.480649654447667, -21.643699132691633 ], [ -50.480646686077975, -21.643700297329172 ], [ -50.480544786074958, -21.643741449250196 ], [ -50.48044191199093, -21.64377965962063 ], [ -50.480437686016195, -21.643781297346106 ], [ -50.480334925520282, -21.643822796773502 ], [ -50.480232174185964, -21.643862316513637 ], [ -50.480230179174953, -21.643863099126701 ], [ -50.480126412238093, -21.643904605897923 ], [ -50.480022654268396, -21.643944132739808 ], [ -50.480020179112806, -21.643945099143657 ], [ -50.479917035410089, -21.643986356621525 ], [ -50.479813911814922, -21.644024659667604 ], [ -50.479811409850036, -21.644025612712195 ], [ -50.479706409931381, -21.644066612676784 ], [ -50.479602030852234, -21.644107370218606 ], [ -50.479497654119889, -21.644147132779846 ], [ -50.479392654090617, -21.644187132787767 ], [ -50.479390178928796, -21.644188099194064 ], [ -50.479286411996021, -21.64422960596367 ], [ -50.479182654030623, -21.644269132803906 ], [ -50.479077654001365, -21.644309132811838 ], [ -50.478972653972114, -21.644349132819766 ], [ -50.478867653942878, -21.644389132827683 ], [ -50.478877667856004, -21.644412108380596 ], [ -50.478910054676447, -21.644399595289325 ], [ -50.478911821020269, -21.644398900826431 ], [ -50.479015732974432, -21.644357336041175 ], [ -50.479121637932366, -21.644316755632914 ], [ -50.479122855858094, -21.644316283269887 ], [ -50.479229483601145, -21.644274429385806 ], [ -50.479335110531899, -21.644233573682527 ], [ -50.479336820894524, -21.644232900860782 ], [ -50.479440122329869, -21.644191580283337 ], [ -50.479545406888221, -21.644152221566284 ], [ -50.479547855734786, -21.644151283303422 ], [ -50.479654855817451, -21.644109283267159 ], [ -50.479655820800595, -21.644108900886444 ], [ -50.47975996774813, -21.644067242103734 ], [ -50.479865110378775, -21.644026573723888 ], [ -50.479865855641329, -21.644026283328746 ], [ -50.479972855723979, -21.643984283292482 ], [ -50.479973820705879, -21.643983900912257 ], [ -50.48007773266459, -21.6439423361252 ], [ -50.480183255529582, -21.643901902126565 ], [ -50.480288872684177, -21.643862046593281 ], [ -50.480290855517993, -21.643861283362259 ], [ -50.480396635363256, -21.643819762298261 ], [ -50.480502406619735, -21.643780221638178 ], [ -50.480502872511998, -21.643780046651838 ], [ -50.480608639688334, -21.643740134506821 ], [ -50.480715406562041, -21.643700221653759 ], [ -50.480715872453892, -21.643700046667572 ], [ -50.480821639631493, -21.643660134522083 ], [ -50.480927951234513, -21.643620391863877 ], [ -50.481035927383509, -21.643580767586364 ], [ -50.481141358205534, -21.64354297162874 ], [ -50.481143406334567, -21.643542221727152 ], [ -50.481250176935212, -21.643502307481036 ], [ -50.481356929516714, -21.643462769485399 ], [ -50.481462906267716, -21.643425132879628 ], [ -50.481464162545144, -21.643424680864381 ], [ -50.481571162630942, -21.643385680830509 ], [ -50.481571947075913, -21.643385392605776 ], [ -50.48167915426766, -21.643345686235978 ], [ -50.481784132191841, -21.643308052637966 ], [ -50.481890906160245, -21.643270132908558 ], [ -50.481894637049137, -21.643268755885572 ], [ -50.481999781129964, -21.64322846702963 ], [ -50.482104906105427, -21.643191132923246 ], [ -50.482087923556463, -21.643149336046431 ], [ -50.482003206418987, -21.643181919558462 ], [ -50.481901244250182, -21.643219536666216 ], [ -50.481897429504166, -21.643220999298894 ], [ -50.481796560297589, -21.643261151116025 ], [ -50.481694717308265, -21.643298362974132 ], [ -50.481692654628596, -21.643299132655144 ] ] ], [ [ [ -50.48124609391882, -21.643192867069036 ], [ -50.48124405285742, -21.643193607432089 ], [ -50.48113605294337, -21.643233607397399 ], [ -50.481135593684392, -21.643233778287637 ], [ -50.481029614979043, -21.643273396492731 ], [ -50.480924641980565, -21.643311028319651 ], [ -50.480923505194824, -21.643311440660277 ], [ -50.480814505281948, -21.643351440625555 ], [ -50.480813593599365, -21.64335177831077 ], [ -50.480706593684147, -21.643391778276118 ], [ -50.480706127566989, -21.643391953346885 ], [ -50.480600360445131, -21.643431865465349 ], [ -50.480493593626463, -21.643471778291691 ], [ -50.4804931275089, -21.643471953362624 ], [ -50.480387360384341, -21.643511865482111 ], [ -50.480280593568779, -21.64355177830728 ], [ -50.480278144506926, -21.643552716652486 ], [ -50.480172133174428, -21.643594328574064 ], [ -50.480067127503887, -21.643633953351902 ], [ -50.480066362478276, -21.643634244264248 ], [ -50.479959362562006, -21.643675244228778 ], [ -50.479957179322916, -21.643676099101761 ], [ -50.479906787557589, -21.643696255806031 ], [ -50.480012374702305, -21.643657603366162 ], [ -50.480013121374377, -21.643657327938566 ], [ -50.48012612146416, -21.643615327902157 ], [ -50.480126560944051, -21.643615163826858 ], [ -50.480237752912096, -21.643573466836067 ], [ -50.480349941282256, -21.643532761318227 ], [ -50.480351560884102, -21.643532163843151 ], [ -50.480463560972709, -21.643490163806756 ], [ -50.480464289927895, -21.643489888434694 ], [ -50.480576925793898, -21.64344702699568 ], [ -50.480688341186472, -21.643405246220237 ], [ -50.480801121283257, -21.643363327951064 ], [ -50.480802735463172, -21.64336271812827 ], [ -50.480913343711528, -21.643320252458565 ], [ -50.481024941103811, -21.643279761366081 ], [ -50.481025687649144, -21.643279488411466 ], [ -50.481139687740104, -21.643237488375025 ], [ -50.481142446883119, -21.643236443046284 ], [ -50.481253491134467, -21.643193204573812 ], [ -50.481365513804754, -21.643152915715309 ], [ -50.481368006469481, -21.643151995967518 ], [ -50.481477764369032, -21.643110465948766 ], [ -50.481590513746603, -21.643069915730951 ], [ -50.481594446758436, -21.643068443080459 ], [ -50.481659969726486, -21.643042929710425 ], [ -50.481567642144697, -21.643076028275466 ], [ -50.481566052941147, -21.643076607409323 ], [ -50.481458444828775, -21.64311646226307 ], [ -50.481352464641922, -21.643155090553009 ], [ -50.48124609391882, -21.643192867069036 ] ] ], [ [ [ -50.479181918005096, -21.643739647935959 ], [ -50.479182383272054, -21.643739467829327 ], [ -50.479289549941932, -21.643697791898866 ], [ -50.479397712622287, -21.643657106850505 ], [ -50.479399383210456, -21.643656467846082 ], [ -50.479507383294312, -21.643614467809815 ], [ -50.479509545516656, -21.64361360887218 ], [ -50.479614236809198, -21.643571139759157 ], [ -50.479721917850185, -21.643529647977811 ], [ -50.479722383116133, -21.643529467871584 ], [ -50.479830010601937, -21.643487612734713 ], [ -50.479936637281661, -21.643446755779131 ], [ -50.479937383054505, -21.643446467888293 ], [ -50.480045383138361, -21.643404467852005 ], [ -50.480153010509063, -21.643362612759923 ], [ -50.480259637189839, -21.643321755803925 ], [ -50.480259917580746, -21.64332164806402 ], [ -50.480368395680856, -21.643279849159761 ], [ -50.480473872220927, -21.643240046688494 ], [ -50.480474917520297, -21.643239648080424 ], [ -50.48058354480392, -21.64319779169254 ], [ -50.480691021733229, -21.643156990262341 ], [ -50.480796872131599, -21.643117046712614 ], [ -50.480797917429598, -21.64311664810506 ], [ -50.480905934915242, -21.643075026685494 ], [ -50.48101294692821, -21.643035392603363 ], [ -50.481013405957334, -21.643035221798613 ], [ -50.481120176560026, -21.642995307551754 ], [ -50.481227946870931, -21.642955392618831 ], [ -50.481228405899685, -21.642955221814237 ], [ -50.481335176503912, -21.642915307566788 ], [ -50.481442946813644, -21.642875392634298 ], [ -50.481443405842008, -21.642875221829851 ], [ -50.481550176443641, -21.642835307583372 ], [ -50.481657946756386, -21.642795392649784 ], [ -50.481658405784358, -21.642795221845464 ], [ -50.4817271963324, -21.642769505750884 ], [ -50.481703879092827, -21.642714671955577 ], [ -50.48159087918259, -21.642756671919155 ], [ -50.481588553260842, -21.642757556936335 ], [ -50.481477509060042, -21.642800795383266 ], [ -50.48136548644608, -21.642841084214737 ], [ -50.481362993547798, -21.642842004048571 ], [ -50.481253235703129, -21.642883534041129 ], [ -50.481140486387929, -21.64292408423038 ], [ -50.481136553136146, -21.642925556970514 ], [ -50.481024927410992, -21.642969021851435 ], [ -50.480912685346503, -21.64301037418765 ], [ -50.480800059088395, -21.643051238579368 ], [ -50.480797264555122, -21.643052281888181 ], [ -50.480686069895341, -21.643094972691884 ], [ -50.480573878909823, -21.643136671992824 ], [ -50.48057343919271, -21.643136836156661 ], [ -50.480461439281299, -21.643178836120281 ], [ -50.480460710088501, -21.643179111582072 ], [ -50.480348074280776, -21.64322197299234 ], [ -50.480237247219854, -21.643263533137254 ], [ -50.480125058909948, -21.643304238627234 ], [ -50.480123439071328, -21.643304836189561 ], [ -50.480011658765129, -21.643346753801321 ], [ -50.479899251681239, -21.64338853342246 ], [ -50.479787625489422, -21.643429396579055 ], [ -50.479785993120203, -21.643430004164749 ], [ -50.479675215939913, -21.643471919851407 ], [ -50.479564031204951, -21.643513614124036 ], [ -50.479452625400725, -21.643554396602916 ], [ -50.479452185710372, -21.643554558285576 ], [ -50.479341405394727, -21.643595477138131 ], [ -50.479229625342505, -21.643636396618685 ], [ -50.479228438831498, -21.643636836254686 ], [ -50.479117411931611, -21.643678471339445 ], [ -50.479007390234713, -21.64371811879488 ], [ -50.479004540665059, -21.643719176119227 ], [ -50.478896773010462, -21.643760323766809 ], [ -50.478787032703316, -21.64379853690652 ], [ -50.478819910248916, -21.643881062620483 ], [ -50.478857421479461, -21.643866452982049 ], [ -50.478965383450209, -21.64382446776753 ], [ -50.478966582307322, -21.643823996004834 ], [ -50.479073752189642, -21.643781326510933 ], [ -50.479181918005096, -21.643739647935959 ] ] ], [ [ [ -50.481650594234608, -21.642486778169314 ], [ -50.481543823686259, -21.642526692390131 ], [ -50.481436053432567, -21.642566607295954 ], [ -50.481435594176958, -21.642566778184932 ], [ -50.481328823629553, -21.642606692405391 ], [ -50.481221053375307, -21.642646607311427 ], [ -50.481220594119286, -21.64264677820055 ], [ -50.481113823571206, -21.642686692421261 ], [ -50.481006053318019, -21.642726607326907 ], [ -50.481005594061628, -21.642726778216176 ], [ -50.480898823514721, -21.642766692436432 ], [ -50.480791053260745, -21.642806607342379 ], [ -50.480789082591471, -21.642807351910392 ], [ -50.480680604546727, -21.642849150786702 ], [ -50.480575128056458, -21.642888953232561 ], [ -50.480574828813133, -21.642889066494231 ], [ -50.480466828898038, -21.642930066458728 ], [ -50.480466082500776, -21.642930351935011 ], [ -50.480357604456437, -21.642972150811183 ], [ -50.480252127967141, -21.643011953256668 ], [ -50.480251082440333, -21.64301235195142 ], [ -50.480142222663389, -21.643054297917033 ], [ -50.480035362999558, -21.643095244139918 ], [ -50.480034616999674, -21.643095532118341 ], [ -50.479926617083528, -21.643137532082058 ], [ -50.479818989536575, -21.643179387235698 ], [ -50.479712362907726, -21.64322024416472 ], [ -50.479711616906854, -21.643220532143527 ], [ -50.47960384946591, -21.643262441700315 ], [ -50.479495082340975, -21.643304351965011 ], [ -50.479492454513128, -21.643305391142174 ], [ -50.479387532212883, -21.643347953958191 ], [ -50.479281450194165, -21.643389208072868 ], [ -50.479173287568031, -21.643429893093909 ], [ -50.479171616750925, -21.643430532185779 ], [ -50.479063849311288, -21.64347244174207 ], [ -50.478955082186062, -21.643514352006868 ], [ -50.478953417718586, -21.643515004010254 ], [ -50.478863022485221, -21.643550994701794 ], [ -50.47886533430497, -21.643556094465779 ], [ -50.478969648987928, -21.64351476222976 ], [ -50.479075947237284, -21.643475392504236 ], [ -50.479076406268518, -21.643475221698736 ], [ -50.479182951085569, -21.643435391857821 ], [ -50.479291494758506, -21.643395559314371 ], [ -50.479292872214685, -21.643395046686329 ], [ -50.479398872298276, -21.643355046651696 ], [ -50.479399171315237, -21.643354933475685 ], [ -50.479507171400158, -21.643313933440204 ], [ -50.479507637063897, -21.643313755834903 ], [ -50.479612781144404, -21.643273466979071 ], [ -50.479717906119539, -21.643236132872833 ], [ -50.479719946950887, -21.643235392593134 ], [ -50.479827947036831, -21.64319539255845 ], [ -50.479828406066709, -21.643195221753423 ], [ -50.479935176668562, -21.643155307506866 ], [ -50.480041929254789, -21.643115769509471 ], [ -50.480147906009947, -21.643078132902229 ], [ -50.480149162282252, -21.64307768088883 ], [ -50.480255936331453, -21.643038763242252 ], [ -50.480363710104136, -21.642999844932891 ], [ -50.480364162227126, -21.642999680903785 ], [ -50.480470313456237, -21.642960990266673 ], [ -50.48057746084644, -21.642923290256565 ], [ -50.480579621240928, -21.642922512806081 ], [ -50.480684765516934, -21.642883827645601 ], [ -50.480790905849119, -21.642846132945643 ], [ -50.480792494252029, -21.642845559462657 ], [ -50.480900926819487, -21.642805767692309 ], [ -50.481006357647054, -21.642767971732717 ], [ -50.481008405758445, -21.642767221837563 ], [ -50.481114384528503, -21.642727603603252 ], [ -50.481219357592572, -21.642689971747377 ], [ -50.481222636605551, -21.642688755960709 ], [ -50.48132778069867, -21.642648467100056 ], [ -50.48143290568612, -21.642611132989419 ], [ -50.481435871645246, -21.642610046841725 ], [ -50.481541638824673, -21.642570134695564 ], [ -50.481647159838403, -21.642530687585108 ], [ -50.481752905604282, -21.642493133011321 ], [ -50.481755405560286, -21.642492221891402 ], [ -50.481862405645039, -21.642452221856725 ], [ -50.481862871530609, -21.642452046872897 ], [ -50.481968871614185, -21.64241204683826 ], [ -50.481969344497358, -21.642411867542577 ], [ -50.482073875647458, -21.64237204614906 ], [ -50.482096360200771, -21.642363640707881 ], [ -50.482080594349959, -21.642326778138081 ], [ -50.481973823800843, -21.642366692359182 ], [ -50.481866053547122, -21.642406607265009 ], [ -50.48186559429228, -21.642406778153706 ], [ -50.481758823742766, -21.642446692374957 ], [ -50.48165105348987, -21.642486607280471 ], [ -50.481650594234608, -21.642486778169314 ] ] ], [ [ [ -50.485805792070586, -21.641245080813874 ], [ -50.485907754315861, -21.641207463671769 ], [ -50.485910806005137, -21.641206302521933 ], [ -50.486011286748614, -21.641166898305848 ], [ -50.486112754260134, -21.641129463686667 ], [ -50.486116568697327, -21.64112800117217 ], [ -50.48621790970472, -21.641087661544699 ], [ -50.486317994553602, -21.64105037502901 ], [ -50.486420754176535, -21.641012463709039 ], [ -50.48642282360705, -21.641011684049168 ], [ -50.486526675536908, -21.640971740995901 ], [ -50.48662812539655, -21.640932951340602 ], [ -50.486728478707484, -21.640895194646372 ], [ -50.486829994415515, -21.640857375066066 ], [ -50.486932754038683, -21.640819463746002 ], [ -50.486934527151369, -21.640818797719025 ], [ -50.487036125284412, -21.640779951370998 ], [ -50.487135827248295, -21.640742439738322 ], [ -50.48723692765153, -21.64070576605986 ], [ -50.487238234335585, -21.64070528567272 ], [ -50.4873402344165, -21.640667285639768 ], [ -50.487441821583936, -21.6406294394375 ], [ -50.487542407921012, -21.640592590974684 ], [ -50.487545525484606, -21.64059141217308 ], [ -50.487616327881582, -21.640563799236482 ], [ -50.487598825434766, -21.640520962870479 ], [ -50.487584825446106, -21.640525962866143 ], [ -50.487582608145189, -21.640526773101811 ], [ -50.487483744378792, -21.640563722183487 ], [ -50.487371469760618, -21.640605452569687 ], [ -50.487259060784467, -21.640646238124472 ], [ -50.487258314018725, -21.640646511159648 ], [ -50.487145280579909, -21.640688155055674 ], [ -50.487033252171258, -21.640727811126794 ], [ -50.487029711877746, -21.640729111095979 ], [ -50.486917511157785, -21.640771806942066 ], [ -50.486804686904804, -21.640813373769003 ], [ -50.486692060637822, -21.640854238163925 ], [ -50.486691313870431, -21.640854511199695 ], [ -50.486577313961348, -21.640896511163241 ], [ -50.486576880398005, -21.64089667160345 ], [ -50.486463880487754, -21.640938671567032 ], [ -50.4864627117244, -21.640939111137662 ], [ -50.486350511006222, -21.640981806983078 ], [ -50.486237313870753, -21.641023511187591 ], [ -50.486236880306834, -21.64102367162802 ], [ -50.486123880396583, -21.64106567159158 ], [ -50.486122711631644, -21.641066111162804 ], [ -50.48601109432645, -21.641108585001803 ], [ -50.485898487631587, -21.64114908389767 ], [ -50.48589688021638, -21.641149671652435 ], [ -50.48578388030613, -21.641191671616006 ], [ -50.485670880275983, -21.641233671624146 ], [ -50.485558253191336, -21.641275533015552 ], [ -50.485469477147106, -21.641308031386526 ], [ -50.485493559316595, -21.641364164253222 ], [ -50.485597559398833, -21.641325164219424 ], [ -50.485598823837506, -21.641324683986745 ], [ -50.485702823918707, -21.641284683952129 ], [ -50.485805792070586, -21.641245080813874 ] ] ] ] } },
{ "type": "Feature", "properties": { "CHAVE": null, "FAZENDA": "Faz. ABC", "NOME_FAZ": null, "ZONA": null, "TALHAO": null, "AREA_TOTAL": null, "TIPO_GEO": "VOO_PROCESSADO", "DATA_INICI": "17-04-2026", "DATA_FINAL": "17-04-2026", "HORA_INICI": "09:16:36", "HORA_FINAL": "09:16:36", "CLASSE": "APLICADO", "PILOTO": "valmir alves", "AERONAVE": "PS-CBA", "AREA_HA": 0.001487915458428 }, "geometry": { "type": "MultiPolygon", "coordinates": [ [ [ [ -50.486938513911902, -21.64324291580558 ], [ -50.486942446934059, -21.643241443151208 ], [ -50.487055091571186, -21.643197581518866 ], [ -50.48716651274399, -21.643154803743503 ], [ -50.487279289818176, -21.643111888570111 ], [ -50.487282049351478, -21.643110809274226 ], [ -50.487394049436837, -21.643065809235434 ], [ -50.487506049402612, -21.643020809244685 ], [ -50.487506512555669, -21.64302062231874 ], [ -50.48761728110884, -21.642975716144019 ], [ -50.487729049334121, -21.642930809263188 ], [ -50.487841049299881, -21.642885809272453 ], [ -50.487841512452327, -21.642885622346764 ], [ -50.487952281004524, -21.642840716172415 ], [ -50.488063820840061, -21.642795901055457 ], [ -50.488175666169575, -21.642751360875994 ], [ -50.488286735147547, -21.642708718317962 ], [ -50.48828904904493, -21.642707809357226 ], [ -50.488400249724776, -21.642663130508534 ], [ -50.488511868929621, -21.642619668159334 ], [ -50.488624289426681, -21.642576888674398 ], [ -50.488625897857013, -21.642576266726973 ], [ -50.488737095481966, -21.642532581942096 ], [ -50.488849289363046, -21.642489888691486 ], [ -50.488733580036893, -21.642224108034501 ], [ -50.488835446261895, -21.642184443301566 ], [ -50.488716553845073, -21.641917556677189 ], [ -50.488605509627995, -21.641960795130444 ], [ -50.48849348699779, -21.642001083967706 ], [ -50.488490710909382, -21.642002111259565 ], [ -50.48837771099808, -21.64204511122232 ], [ -50.488375644630914, -21.642045913881571 ], [ -50.48826704923605, -21.642088960701734 ], [ -50.488155486908035, -21.642129083991545 ], [ -50.488153879474837, -21.642129671752901 ], [ -50.488040879564586, -21.642171671716454 ], [ -50.488040439851737, -21.64217183587871 ], [ -50.487929840117815, -21.642213310776373 ], [ -50.487818251079041, -21.642252811318173 ], [ -50.487815879385842, -21.642253671776967 ], [ -50.487704863068096, -21.642294934477 ], [ -50.487592867768583, -21.642333248655696 ], [ -50.487589186544497, -21.642334557961206 ], [ -50.487480018208736, -21.642374881398474 ], [ -50.487367867714667, -21.642413248670135 ], [ -50.48736625084824, -21.642413811390476 ], [ -50.487253250940029, -21.642453811355665 ], [ -50.487252486559861, -21.642454084096318 ], [ -50.487139046094363, -21.642494882857903 ], [ -50.487028607279569, -21.642533685682306 ], [ -50.487026312634661, -21.642534511433386 ], [ -50.486913279215763, -21.642576155322068 ], [ -50.486801250827988, -21.642615811385809 ], [ -50.486800823886462, -21.642615963189844 ], [ -50.486689037207711, -21.642655887001371 ], [ -50.486576250772657, -21.642695811400745 ], [ -50.48657343947275, -21.642696835982246 ], [ -50.486462839746871, -21.642738310876918 ], [ -50.48635125071592, -21.642777811415932 ], [ -50.48623825068826, -21.64281781142342 ], [ -50.486237486305065, -21.64281808416516 ], [ -50.486123486397013, -21.642859084129523 ], [ -50.486234513703721, -21.64312891585179 ], [ -50.486348131989303, -21.643088053132669 ], [ -50.486460749503038, -21.643048188523533 ], [ -50.486573749475369, -21.643008188531031 ], [ -50.486576560542687, -21.643007164034174 ], [ -50.486687160325992, -21.642965689112891 ], [ -50.486798749418632, -21.642926188546223 ], [ -50.486799176123107, -21.642926036826456 ], [ -50.486910962862773, -21.642886112988524 ], [ -50.487023749363303, -21.642846188561165 ], [ -50.487025687377027, -21.642845488583632 ], [ -50.487138543655149, -21.642803909952434 ], [ -50.487248392909798, -21.64276531426572 ], [ -50.487249513448923, -21.642764915920637 ], [ -50.487363131736558, -21.642724053200766 ], [ -50.487474942495794, -21.642684474168838 ], [ -50.487588132476134, -21.642645751278604 ], [ -50.487591813469898, -21.642644442054827 ], [ -50.48770098186273, -21.642604118592338 ], [ -50.487813132422197, -21.642565751293052 ], [ -50.487817120627724, -21.642564328239747 ], [ -50.487928938654953, -21.642522767554546 ], [ -50.488040749112244, -21.642483188628795 ], [ -50.488043560163703, -21.642482164137714 ], [ -50.488155340531087, -21.642440246496836 ], [ -50.488267318664747, -21.642398626302775 ], [ -50.488371042201194, -21.642361322225057 ], [ -50.488280553602877, -21.642396556712033 ], [ -50.488278950979144, -21.642397190659214 ], [ -50.488168104065792, -21.642441727361565 ], [ -50.488057265045825, -21.642484281624053 ], [ -50.488055407886932, -21.642485007884286 ], [ -50.487942407973492, -21.642530007845476 ], [ -50.487941950878017, -21.642530190686685 ], [ -50.487829950963373, -21.6425751906479 ], [ -50.487829487573642, -21.642575377669328 ], [ -50.487718719070948, -21.642620283814544 ], [ -50.4876069508949, -21.642665190666396 ], [ -50.487494950860665, -21.642710190675658 ], [ -50.487494487470308, -21.64271037769733 ], [ -50.487383718967834, -21.642755283842462 ], [ -50.487271950792184, -21.642800190694167 ], [ -50.487161324938803, -21.642844638577891 ], [ -50.487049710375686, -21.642887111372161 ], [ -50.48704926462981, -21.642887281749012 ], [ -50.486937264717326, -21.642930281711806 ], [ -50.486936553085251, -21.642930556865576 ], [ -50.486825508889467, -21.642973795310542 ], [ -50.486713486280792, -21.643014084140088 ], [ -50.48671273970843, -21.643014354720641 ], [ -50.486597739800537, -21.643056354684159 ], [ -50.48659687880199, -21.643056671915247 ], [ -50.486484467941317, -21.643098452940311 ], [ -50.486372058981928, -21.64313923848902 ], [ -50.486483941119502, -21.643408761492022 ], [ -50.486596941210287, -21.643367761456389 ], [ -50.486598121211571, -21.643367328101462 ], [ -50.486710691308474, -21.643325487885583 ], [ -50.486824887481937, -21.643283781454187 ], [ -50.486938513911902, -21.64324291580558 ] ], [ [ -50.488605906454303, -21.642270414896565 ], [ -50.488609205861238, -21.642269228269083 ], [ -50.488506904591958, -21.642309418046331 ], [ -50.488411503945223, -21.642345720950534 ], [ -50.488495325398773, -21.642312494416544 ], [ -50.488605906454303, -21.642270414896565 ] ] ], [ [ [ -50.486716259803316, -21.642642645393099 ], [ -50.486831259895432, -21.64260064535662 ], [ -50.486832416434773, -21.642600217947873 ], [ -50.486946839054511, -21.642557433834927 ], [ -50.4870604699598, -21.642515933849417 ], [ -50.48717567684168, -21.642475214172958 ], [ -50.487179561929551, -21.642473784650889 ], [ -50.487293414528224, -21.642430223653545 ], [ -50.487407259745218, -21.642388645397027 ], [ -50.487408416281923, -21.642388217989268 ], [ -50.487522257822491, -21.642345651149679 ], [ -50.487636092038109, -21.642305066774199 ], [ -50.487639561804905, -21.642303784684824 ], [ -50.487753989969114, -21.64226000347081 ], [ -50.487868416280705, -21.642217217976906 ], [ -50.487983416249698, -21.642174217985261 ], [ -50.487983701109535, -21.642174111165577 ], [ -50.488100558706599, -21.642130164715489 ], [ -50.488215416186932, -21.642087218002164 ], [ -50.488215701046506, -21.642087111182587 ], [ -50.488332558643414, -21.642043164732552 ], [ -50.488447202453891, -21.642000297913278 ], [ -50.488562988621574, -21.641957377175491 ], [ -50.488458963553413, -21.641712089506914 ], [ -50.488470740569447, -21.641707833941236 ], [ -50.488394710762073, -21.641523921176656 ], [ -50.48848444899955, -21.641494316806064 ], [ -50.488381551094506, -21.64122168317768 ], [ -50.488285990705769, -21.641253208253712 ], [ -50.488191389397201, -21.641282466389605 ], [ -50.488094342793843, -21.641311184261436 ], [ -50.488090018684737, -21.641312529705445 ], [ -50.487993448249114, -21.641344062908317 ], [ -50.487896887318875, -21.641373622375717 ], [ -50.48789447837472, -21.641374380358954 ], [ -50.487796679495951, -21.641405992117178 ], [ -50.487699887280755, -21.64143562238619 ], [ -50.487698445763115, -21.641436071009746 ], [ -50.487600445846255, -21.641467070982635 ], [ -50.487599478314991, -21.641467380375449 ], [ -50.487500478398346, -21.641499380347486 ], [ -50.487498156903413, -21.641500150137713 ], [ -50.487398845617349, -21.641533915973682 ], [ -50.487299536675934, -21.64156668792285 ], [ -50.487298605830951, -21.641566998232587 ], [ -50.487200605912214, -21.641599998203802 ], [ -50.487200156836487, -21.641600150155956 ], [ -50.48710015691907, -21.641634150126301 ], [ -50.487098791246389, -21.641634621271493 ], [ -50.486999696463037, -21.641669304444125 ], [ -50.486902605844406, -21.641701998222121 ], [ -50.486901262803734, -21.64170245704026 ], [ -50.486800262886526, -21.641737457009757 ], [ -50.486799311815602, -21.641737789913758 ], [ -50.486701018048763, -21.641772540233642 ], [ -50.486600629610841, -21.641806987245047 ], [ -50.486501536497244, -21.641839687970972 ], [ -50.486498791105326, -21.641840621309889 ], [ -50.486399258386584, -21.641875457759706 ], [ -50.486297726789772, -21.641910297031263 ], [ -50.486195726766177, -21.641945297037648 ], [ -50.486195262638553, -21.641945457085072 ], [ -50.486094946472534, -21.641980220111382 ], [ -50.485991632668942, -21.642014989178136 ], [ -50.485990262590981, -21.642015457098022 ], [ -50.485889722395889, -21.642050297758065 ], [ -50.485787183275079, -21.642085141146879 ], [ -50.4857867265642, -21.642085297100188 ], [ -50.485684954763592, -21.642120218794865 ], [ -50.485582183228239, -21.642155141159552 ], [ -50.485677670520289, -21.64240075977893 ], [ -50.485640663766588, -21.64241402051946 ], [ -50.485638720145637, -21.642414731084184 ], [ -50.485521283500496, -21.642458521016671 ], [ -50.485404053582194, -21.642501240390668 ], [ -50.485285258880687, -21.642544166204331 ], [ -50.485396741220413, -21.642813833776835 ], [ -50.485515741316199, -21.642770833739466 ], [ -50.485516151500001, -21.642770684894082 ], [ -50.485634151594603, -21.642727684856723 ], [ -50.485635279864333, -21.642727268934159 ], [ -50.485752310710559, -21.642683630310756 ], [ -50.485871336430819, -21.642640979424577 ], [ -50.485872151408067, -21.642640684918884 ], [ -50.485989545181575, -21.642597905829355 ], [ -50.486109936990985, -21.642555121960388 ], [ -50.486141486345829, -21.64254389254468 ], [ -50.486255416586104, -21.642810217906749 ], [ -50.486369839204116, -21.642767433794457 ], [ -50.486484049289821, -21.642725722281913 ], [ -50.486599258549539, -21.642684008581877 ], [ -50.48671467695781, -21.642643214141867 ], [ -50.486716259803316, -21.642642645393099 ] ] ], [ [ [ -50.487907763212512, -21.640998306014009 ], [ -50.487935393685667, -21.640989001867247 ], [ -50.487937208104313, -21.640988378882746 ], [ -50.488037208185929, -21.640953378852274 ], [ -50.487928791912687, -21.640682621129837 ], [ -50.487829697119231, -21.640717304305994 ], [ -50.487732606491207, -21.640749998087145 ], [ -50.48773126346498, -21.640750456900339 ], [ -50.487697390163817, -21.640762195181203 ], [ -50.48761632785952, -21.640563799252849 ], [ -50.487643082858007, -21.640553364795007 ], [ -50.487742606792871, -21.6405182386974 ], [ -50.487744407760722, -21.640517591028193 ], [ -50.48784540784149, -21.640480590996074 ], [ -50.48773359348808, -21.640213797953709 ], [ -50.487815391505521, -21.640183226969562 ], [ -50.487817232950221, -21.640182525880167 ], [ -50.487915233026392, -21.640144525847315 ], [ -50.488013232998249, -21.640106525854911 ], [ -50.487894767108379, -21.639839474123995 ], [ -50.487796767184548, -21.639877474091143 ], [ -50.487699685466339, -21.639915118019747 ], [ -50.487601608676613, -21.639951772978453 ], [ -50.487598444758135, -21.639952993595838 ], [ -50.487501609550456, -21.639991530052786 ], [ -50.487402943404838, -21.640029023184706 ], [ -50.487305104721393, -21.640065962276516 ], [ -50.487304782174348, -21.640066084449245 ], [ -50.487206106809019, -21.64010358108558 ], [ -50.487107441175475, -21.640139100710897 ], [ -50.487103474659342, -21.640140587824593 ], [ -50.487004784598085, -21.64017907694555 ], [ -50.486906104348819, -21.640215588634653 ], [ -50.486904782064876, -21.640216084478872 ], [ -50.486805441958076, -21.640253833716692 ], [ -50.486706104295159, -21.640290588649059 ], [ -50.48670478201015, -21.640291084493686 ], [ -50.486606578796724, -21.640328401712502 ], [ -50.486506393340079, -21.640363761282707 ], [ -50.486504104136174, -21.640364588702624 ], [ -50.486404104215765, -21.640401588670507 ], [ -50.486403765691129, -21.640401714355868 ], [ -50.486301765772048, -21.64043971432292 ], [ -50.486301608219684, -21.640439773112483 ], [ -50.4862026082981, -21.640476773080408 ], [ -50.486201472906373, -21.640477202301888 ], [ -50.486101422559216, -21.640515456844035 ], [ -50.486001393210927, -21.640550761317122 ], [ -50.485998765583275, -21.640551714385012 ], [ -50.485896765664208, -21.640589714352078 ], [ -50.485896608111581, -21.640589773141727 ], [ -50.485797884769127, -21.64062666974181 ], [ -50.485706161844483, -21.640660567341882 ], [ -50.48570218167341, -21.640662098494811 ], [ -50.485692181681053, -21.640666098491362 ], [ -50.485813400829642, -21.640930988944149 ], [ -50.485792713327868, -21.640939101682548 ], [ -50.485691245868956, -21.640976536275776 ], [ -50.485689176216738, -21.640977316019082 ], [ -50.485585176297931, -21.641017315984477 ], [ -50.485481807352663, -21.641057073268023 ], [ -50.485378440787393, -21.641095835726787 ], [ -50.485469477117903, -21.641308031405273 ], [ -50.485446626989486, -21.641316396175775 ], [ -50.485444711448338, -21.641317111212658 ], [ -50.48533171153705, -21.641360111175437 ], [ -50.485448288568101, -21.641627888804095 ], [ -50.485560333435231, -21.641585252258711 ], [ -50.48563460549957, -21.641558063386729 ], [ -50.485732186373326, -21.641771296454447 ], [ -50.48566097138351, -21.641799782439534 ], [ -50.485563765709287, -21.641837474432045 ], [ -50.485562859218788, -21.641837829088526 ], [ -50.485490921543366, -21.64186622553791 ], [ -50.48547107497572, -21.641872841059879 ], [ -50.485574925119124, -21.642145158923601 ], [ -50.485598925139101, -21.642137158916622 ], [ -50.485607140830709, -21.642134170915664 ], [ -50.485682688245682, -21.642104349565003 ], [ -50.485780234473509, -21.642066525514007 ], [ -50.485781819262925, -21.642065901323715 ], [ -50.485881819339347, -21.64202590128922 ], [ -50.485882337296083, -21.642025693060937 ], [ -50.485981337371292, -21.641985693026481 ], [ -50.485981863386158, -21.641985479411741 ], [ -50.486079863460155, -21.641945479377309 ], [ -50.486080940432217, -21.641945035225557 ], [ -50.48617614084656, -21.641905368382083 ], [ -50.486274337279617, -21.64186569305123 ], [ -50.486275397636241, -21.641865260214697 ], [ -50.486372130706961, -21.641825370284391 ], [ -50.486469863337042, -21.641785479410657 ], [ -50.486470397574259, -21.641785260231547 ], [ -50.486567130644737, -21.641745370301333 ], [ -50.486664863275493, -21.641705479427312 ], [ -50.486665940244947, -21.64170503527664 ], [ -50.486761014640692, -21.64166542094096 ], [ -50.486856161413989, -21.641627166048902 ], [ -50.486951647951102, -21.641590140653978 ], [ -50.487049047642785, -21.641554722581304 ], [ -50.487049543301588, -21.641554541422778 ], [ -50.487145479860089, -21.641519299420018 ], [ -50.48724070285143, -21.641487234533297 ], [ -50.487339347646675, -21.641455004054883 ], [ -50.48743603691176, -21.641425704276763 ], [ -50.48753565526814, -21.641396404760371 ], [ -50.487633899148136, -21.641369878912485 ], [ -50.487634559145548, -21.641369699225919 ], [ -50.487734756407242, -21.641342194096158 ], [ -50.487832941338119, -21.64131764786352 ], [ -50.487835120858819, -21.641317086989741 ], [ -50.487935849352667, -21.641290423565799 ], [ -50.488035571878498, -21.641265739772599 ], [ -50.488035941208111, -21.641265647897438 ], [ -50.488135575319411, -21.641240739370463 ], [ -50.488237208958708, -21.64121582916545 ], [ -50.488237941182369, -21.641215647905369 ], [ -50.488337941272739, -21.641190647883526 ], [ -50.488258058801264, -21.640911352106063 ], [ -50.488158424764912, -21.640936260616002 ], [ -50.488056791206496, -21.64096117080258 ], [ -50.488056058775534, -21.64096135211399 ], [ -50.487956243471118, -21.640986305940888 ], [ -50.487907763212512, -21.640998306014009 ] ] ], [ [ [ -50.482761584608454, -21.643298753520469 ], [ -50.482756006412465, -21.643285016462784 ], [ -50.482754336044856, -21.643281954124028 ], [ -50.482750041256736, -21.643270479650013 ], [ -50.482749174872254, -21.64325834994947 ], [ -50.48275131586486, -21.643229083642456 ], [ -50.482743626255015, -21.643180460473694 ], [ -50.482664796248862, -21.643211074065984 ], [ -50.482560912365756, -21.643249659505027 ], [ -50.482558410421063, -21.643250612541927 ], [ -50.482454656911521, -21.643291125813995 ], [ -50.48235091230832, -21.643329659520433 ], [ -50.482348410361503, -21.643330612558149 ], [ -50.482244656852906, -21.643371125829855 ], [ -50.482212168653263, -21.64338319288365 ], [ -50.48210617460559, -21.643142316412668 ], [ -50.482087923534444, -21.643149336061196 ], [ -50.481995093994314, -21.642920867058443 ], [ -50.481888094081114, -21.642958867025406 ], [ -50.481884362972842, -21.642960244129203 ], [ -50.481779218944887, -21.643000532959785 ], [ -50.481674094026296, -21.643037867040078 ], [ -50.481673642059057, -21.643038028308482 ], [ -50.481659969968106, -21.643042929628781 ], [ -50.481706287726993, -21.64302489438143 ], [ -50.481818121010456, -21.64298332802473 ], [ -50.481727196304938, -21.642769505771625 ], [ -50.481765176389352, -21.642755307597721 ], [ -50.481872946699092, -21.642715392665252 ], [ -50.481873405726695, -21.642715221861085 ], [ -50.48198017633117, -21.642675307613537 ], [ -50.482087946641826, -21.64263539268071 ], [ -50.48208840566901, -21.642635221876695 ], [ -50.482195405753785, -21.642595221842019 ], [ -50.482096360180641, -21.642363640722994 ], [ -50.48218040555853, -21.642332221880054 ], [ -50.482065594545212, -21.642063778100059 ], [ -50.481958594629965, -21.642103778065398 ], [ -50.481957655525456, -21.642104132471548 ], [ -50.481852891890711, -21.642144042424505 ], [ -50.481747361365287, -21.642183865261202 ], [ -50.481641840291125, -21.642223312389202 ], [ -50.48153609458226, -21.642260866937324 ], [ -50.481533594402492, -21.6422617781387 ], [ -50.481426594487267, -21.642301778104027 ], [ -50.481426128375638, -21.64230195317273 ], [ -50.481321605452735, -21.642341395782708 ], [ -50.481216094500404, -21.642378866959234 ], [ -50.481212363416404, -21.642380244054078 ], [ -50.481106995586416, -21.6424206186405 ], [ -50.481002642593516, -21.642458028201027 ], [ -50.481000594260514, -21.642458778177211 ], [ -50.480894615546532, -21.642498396385541 ], [ -50.480789642539037, -21.64253602821568 ], [ -50.480788505763122, -21.64253644055276 ], [ -50.480680298361811, -21.64257614968847 ], [ -50.480574094337413, -21.642613867003018 ], [ -50.480572378776927, -21.642614487208377 ], [ -50.480467455944193, -21.642653090889915 ], [ -50.480360539340531, -21.642690709692364 ], [ -50.48035883778882, -21.642691319110991 ], [ -50.480252063798432, -21.642730236731175 ], [ -50.480144290083857, -21.642769155014449 ], [ -50.480143837733699, -21.642769319125946 ], [ -50.480037464901898, -21.642808090529602 ], [ -50.479931094176578, -21.642845867046418 ], [ -50.479929053123442, -21.64284660740649 ], [ -50.479821053209378, -21.64288660737181 ], [ -50.47982059395224, -21.64288677826136 ], [ -50.479713823406641, -21.642926692481154 ], [ -50.479607070763514, -21.642966230494643 ], [ -50.479501094066997, -21.64300386707583 ], [ -50.479497362958057, -21.643005244179875 ], [ -50.479390595720403, -21.643046154987307 ], [ -50.479282978231957, -21.643087009771289 ], [ -50.479177815302428, -21.643126693892803 ], [ -50.479069505430921, -21.643166440631635 ], [ -50.479068593750434, -21.643166778316065 ], [ -50.478961823203221, -21.643206692536463 ], [ -50.478854052951668, -21.64324660744149 ], [ -50.478850665721865, -21.643247905548623 ], [ -50.478744665803333, -21.643289905512383 ], [ -50.478863022483907, -21.643550994708679 ], [ -50.478846016167502, -21.643557765735089 ], [ -50.478738616740472, -21.643599532175013 ], [ -50.478643857165522, -21.64363643851037 ], [ -50.478631174317925, -21.64364131652826 ], [ -50.478748825788031, -21.643908683450938 ], [ -50.47876182579818, -21.643903683446609 ], [ -50.478762459501908, -21.643903438176551 ], [ -50.478819910213367, -21.643881062643164 ], [ -50.478894967394886, -21.644069463075766 ], [ -50.479006967486526, -21.644030463041812 ], [ -50.479011459354098, -21.644028823896544 ], [ -50.479120040259488, -21.643987365729924 ], [ -50.479229609955624, -21.643947881151654 ], [ -50.47923156118388, -21.64394716376173 ], [ -50.479342968986387, -21.643905385832923 ], [ -50.479454374849219, -21.643864603326527 ], [ -50.479454814303963, -21.643864441730475 ], [ -50.479565594677176, -21.643823522851093 ], [ -50.479677374791009, -21.643782603342292 ], [ -50.479678561064731, -21.643782163794143 ], [ -50.47979056115333, -21.643740163757741 ], [ -50.479791006897067, -21.643739995851352 ], [ -50.479901192645407, -21.64369830394368 ], [ -50.479906787822308, -21.643696255711468 ], [ -50.479852661201022, -21.643717906346644 ], [ -50.479746516690561, -21.643759570543189 ], [ -50.479640889810177, -21.643800426219673 ], [ -50.479639179228194, -21.64380109912759 ], [ -50.479534661106825, -21.643842906372264 ], [ -50.479429364499545, -21.643884237747397 ], [ -50.479323593300293, -21.643923778379172 ], [ -50.479320179134255, -21.643925099153268 ], [ -50.479216032234859, -21.64396675790934 ], [ -50.479110889657044, -21.644007426261048 ], [ -50.47911014416681, -21.644007716744873 ], [ -50.479003752133863, -21.644049478100062 ], [ -50.478897362257037, -21.644090244310931 ], [ -50.478895179008511, -21.644091099187609 ], [ -50.478791059958148, -21.644132746804079 ], [ -50.478703945498452, -21.644166404660332 ], [ -50.47869661509732, -21.64416944728514 ], [ -50.478678615110177, -21.644177447278317 ], [ -50.478811385007106, -21.644438552695497 ], [ -50.478825762032102, -21.644432162905964 ], [ -50.478877667843228, -21.644412108392387 ], [ -50.478963842855507, -21.644609825196756 ], [ -50.478950592790483, -21.644614778486744 ], [ -50.479065407313243, -21.644883221493377 ], [ -50.479171561320655, -21.644843537749704 ], [ -50.479278711401292, -21.644804844662225 ], [ -50.479282110852182, -21.644803573638104 ], [ -50.479387874706809, -21.644762664973946 ], [ -50.479494023789165, -21.644721991023314 ], [ -50.47960040728195, -21.644682221490072 ], [ -50.479600873178732, -21.644682046502041 ], [ -50.47970664035148, -21.644642134358396 ], [ -50.479813407224263, -21.644602221505693 ], [ -50.479815856082908, -21.644601283238185 ], [ -50.479921635918679, -21.644559762177906 ], [ -50.480027407165096, -21.644520221521603 ], [ -50.480027873061118, -21.644520046533838 ], [ -50.480133640235884, -21.644480134389411 ], [ -50.480240407107438, -21.644440221537163 ], [ -50.48024211058312, -21.64443957371137 ], [ -50.480347874438593, -21.644398665046882 ], [ -50.48045340486027, -21.644358228153433 ], [ -50.480559163303354, -21.644319680680443 ], [ -50.480560872915163, -21.644319046573351 ], [ -50.480666872998754, -21.644279046538692 ], [ -50.480669334878655, -21.644278094384841 ], [ -50.480774108296011, -21.644236580385908 ], [ -50.48087864003174, -21.644197134444404 ], [ -50.48098540690328, -21.644157221592174 ], [ -50.480985872797518, -21.644157046605091 ], [ -50.481091872881095, -21.644117046570436 ], [ -50.48119787285205, -21.644077046578303 ], [ -50.48130363991541, -21.644037134475909 ], [ -50.481410406787909, -21.643997221623309 ], [ -50.481411345685295, -21.643996867295268 ], [ -50.481515876828098, -21.643957045904504 ], [ -50.481622406730224, -21.643917221638858 ], [ -50.481623345626808, -21.64391686731112 ], [ -50.481728109311824, -21.643876957332751 ], [ -50.481833480750659, -21.643837194522622 ], [ -50.481937626021775, -21.643798511990582 ], [ -50.482044162906959, -21.643759680786655 ], [ -50.482046345511321, -21.643758867342516 ], [ -50.482151345593728, -21.6437188673079 ], [ -50.48215258972386, -21.643718387439719 ], [ -50.482256343281726, -21.643677874142622 ], [ -50.48236008793581, -21.643639340410644 ], [ -50.482362589664326, -21.643638387455947 ], [ -50.482466343223216, -21.643597874158438 ], [ -50.482570087878358, -21.643559340426069 ], [ -50.482572589604771, -21.643558387472176 ], [ -50.482676343164961, -21.643517874174151 ], [ -50.482780087820935, -21.643479340441466 ], [ -50.482780398083008, -21.64347922258457 ], [ -50.48278408393135, -21.643457777611292 ], [ -50.482784222169215, -21.64343715707782 ], [ -50.48276389372603, -21.64330861615257 ], [ -50.482762346569345, -21.643301496576612 ], [ -50.482761584608454, -21.643298753520469 ] ] ] ] } }
]
}
