{
"type": "FeatureCollection",
"name": "202906_SITIO_NOVA_PROMISSAO_26-03-2026_02-07-2026_15h59m",
"crs": { "type": "name", "properties": { "name": "urn:ogc:def:crs:OGC:1.3:CRS84" } },
"features": [
{ "type": "Feature", "properties": { "CHAVE": "2029061", "FAZENDA": "202906", "NOME_FAZ": "SITIO NOVA PROMISSAO", "ZONA": 1.0, "TALHAO": 1.0, "AREA_TOTAL": 5.0736402448160582, "TIPO_GEO": "TALHAO", "DATA_INICI": null, "DATA_FINAL": null, "HORA_INICI": null, "HORA_FINAL": null, "CLASSE": null, "PILOTO": null, "AERONAVE": null, "AREA_HA": null }, "geometry": { "type": "Polygon", "coordinates": [ [ [ -50.468947481976848, -21.60245863776079 ], [ -50.468921055884628, -21.602421125661923 ], [ -50.468894365224465, -21.602388777211562 ], [ -50.468870598174064, -21.602363084324711 ], [ -50.4688527026995, -21.602328181592309 ], [ -50.468840341653127, -21.602305028615095 ], [ -50.46881307867438, -21.602268921461 ], [ -50.468783661566789, -21.602229130264881 ], [ -50.46875567287892, -21.602190195456089 ], [ -50.468728535453707, -21.602151224136765 ], [ -50.468700516441665, -21.602112546592519 ], [ -50.468672298073102, -21.602076322923761 ], [ -50.468611818061525, -21.602001300360211 ], [ -50.468584367806031, -21.601963135294216 ], [ -50.468538694379156, -21.601898970520317 ], [ -50.468512021824445, -21.601861160571083 ], [ -50.468484407803189, -21.601824320745887 ], [ -50.468452811066356, -21.601786610205412 ], [ -50.468422789541783, -21.601749591584369 ], [ -50.468402927101394, -21.601725637605451 ], [ -50.468390203465098, -21.601704318729468 ], [ -50.468385497297348, -21.601688264991875 ], [ -50.468368775677675, -21.601648791110382 ], [ -50.468344437660775, -21.601609023842204 ], [ -50.468318136154657, -21.601569308281523 ], [ -50.468291540421731, -21.601531076185683 ], [ -50.468262657555556, -21.601495683090562 ], [ -50.468231263056467, -21.601459108636163 ], [ -50.468203872169198, -21.601420914426154 ], [ -50.468175089708758, -21.601383872911601 ], [ -50.468118217547833, -21.60130691825168 ], [ -50.468089183290431, -21.601268772282022 ], [ -50.468061176888099, -21.601229427205709 ], [ -50.468033276710266, -21.601191868936279 ], [ -50.468004544618196, -21.601154157729955 ], [ -50.467977222382572, -21.601121507784715 ], [ -50.467957251922634, -21.601103983104348 ], [ -50.467920045812825, -21.601071858088186 ], [ -50.467900570736923, -21.601052491119304 ], [ -50.467881240941047, -21.601009553382202 ], [ -50.467860444785977, -21.60097093312994 ], [ -50.467833948033494, -21.600931028385165 ], [ -50.467808379248631, -21.600891690680527 ], [ -50.467782411616426, -21.600852151012244 ], [ -50.467756362841257, -21.60081545304104 ], [ -50.467727925943677, -21.600780809623803 ], [ -50.467694500663391, -21.600746720690573 ], [ -50.467660805152974, -21.600714552487382 ], [ -50.467629619410182, -21.600687294856129 ], [ -50.467598475036326, -21.600665577410545 ], [ -50.467567240291508, -21.600652604113684 ], [ -50.467541890580826, -21.600646796212004 ], [ -50.467427254470103, -21.600619047713213 ], [ -50.467420682037151, -21.600663228880432 ], [ -50.467413046085362, -21.600710646958287 ], [ -50.467406266677536, -21.600755079642695 ], [ -50.467400991925501, -21.600801463829903 ], [ -50.46739881935855, -21.600837913566043 ], [ -50.467402327952207, -21.600882754681578 ], [ -50.467405038273334, -21.600920871661444 ], [ -50.467403523658334, -21.601015733323703 ], [ -50.46740356920823, -21.60106461467818 ], [ -50.467400336868579, -21.601111298775439 ], [ -50.467393513745463, -21.60115734047368 ], [ -50.467381464435732, -21.601204251119974 ], [ -50.467371933924476, -21.601247841919101 ], [ -50.467364838804343, -21.60129197435284 ], [ -50.467357747133065, -21.601338991643065 ], [ -50.467350080637331, -21.60138749022023 ], [ -50.467341028931912, -21.601433139840847 ], [ -50.467333030703124, -21.601478094113968 ], [ -50.467323565821516, -21.601524236787942 ], [ -50.467314288615299, -21.601570849686951 ], [ -50.467306447008049, -21.601617619063688 ], [ -50.467298040082703, -21.601665195502591 ], [ -50.467289362616057, -21.60171200241416 ], [ -50.467279661947636, -21.601756637065051 ], [ -50.467274046052935, -21.601797339645948 ], [ -50.467264907521454, -21.601835034070831 ], [ -50.467251195715413, -21.601875891113927 ], [ -50.467245024186482, -21.601919658315019 ], [ -50.467234875808359, -21.601966595927216 ], [ -50.467225785604221, -21.602013185103011 ], [ -50.46721726374944, -21.602059826147457 ], [ -50.467208421031756, -21.602107024175094 ], [ -50.467198515930107, -21.602152633809652 ], [ -50.467187159841117, -21.602199889674932 ], [ -50.467178229127718, -21.602245375830062 ], [ -50.467169759226628, -21.602292303356865 ], [ -50.467158033401198, -21.602341148821534 ], [ -50.46714612993997, -21.602388553348714 ], [ -50.467134020991999, -21.602432527957156 ], [ -50.467121614265821, -21.602478647402343 ], [ -50.467111436705814, -21.602514306993402 ], [ -50.467124740851297, -21.602531750383047 ], [ -50.467154120964118, -21.602570816794081 ], [ -50.467184541541179, -21.602610003043733 ], [ -50.467243080530331, -21.602686624545871 ], [ -50.46732930574597, -21.602798542637903 ], [ -50.467357967376181, -21.602836414599725 ], [ -50.467415247781574, -21.602911310541998 ], [ -50.467500239537827, -21.603023194734217 ], [ -50.467529139198277, -21.603060320275446 ], [ -50.467589309569057, -21.603138965436923 ], [ -50.467647348815518, -21.603215690900175 ], [ -50.467677214172987, -21.603254748463119 ], [ -50.467707872293097, -21.603293754070339 ], [ -50.467764615196081, -21.603367794580794 ], [ -50.467792551855588, -21.603404760968711 ], [ -50.467812131371453, -21.603430308773341 ], [ -50.467895136295375, -21.603375448983535 ], [ -50.467928412323808, -21.603419510685448 ], [ -50.46795653399046, -21.603456386185446 ], [ -50.46801388082379, -21.603533177018772 ], [ -50.468043507323799, -21.60357177085211 ], [ -50.468073282490472, -21.603610152185443 ], [ -50.468102721490446, -21.603648572185435 ], [ -50.468131830157127, -21.603686157518776 ], [ -50.468160426323799, -21.603723918018776 ], [ -50.46824688432379, -21.603836931518767 ], [ -50.468274893323795, -21.60387403051876 ], [ -50.468303655990454, -21.603911423018754 ], [ -50.468361768990455, -21.603987770018755 ], [ -50.468456284017222, -21.60411083948134 ], [ -50.468490144092755, -21.604100822644693 ], [ -50.468587267594593, -21.604073249157793 ], [ -50.468634133999842, -21.604060416657987 ], [ -50.46868340536772, -21.604046206531475 ], [ -50.468731781619496, -21.604031895476968 ], [ -50.468779587344741, -21.60401856982639 ], [ -50.468827147863053, -21.604005922819134 ], [ -50.468923301716075, -21.603979228562874 ], [ -50.468971110941233, -21.60396620689599 ], [ -50.46902039677061, -21.603953020247857 ], [ -50.46906837145572, -21.603940810597685 ], [ -50.469116533734677, -21.603928214064158 ], [ -50.4691647722982, -21.603915108211325 ], [ -50.469213804999342, -21.60390270958105 ], [ -50.469261656822553, -21.603890186957901 ], [ -50.469356377161226, -21.603863899155915 ], [ -50.469405965576549, -21.603850779866825 ], [ -50.469453678783594, -21.603837503341236 ], [ -50.469501407844987, -21.603825080647145 ], [ -50.469642602853632, -21.603786397962057 ], [ -50.469691366339895, -21.603772314679521 ], [ -50.469739649750771, -21.603758888746984 ], [ -50.469786271628529, -21.603746136865706 ], [ -50.469835216528693, -21.603733049938057 ], [ -50.469873854160781, -21.603722001252507 ], [ -50.469862272678377, -21.603705959807449 ], [ -50.469833664039236, -21.603668006879083 ], [ -50.469805927692143, -21.603626602637554 ], [ -50.469779882439404, -21.603587372233005 ], [ -50.469754305796023, -21.603556404589199 ], [ -50.469730066297544, -21.603526286635411 ], [ -50.469703671532123, -21.603485281108405 ], [ -50.469651384446351, -21.603406587236421 ], [ -50.469624820108791, -21.603366997124112 ], [ -50.469597584363314, -21.603329372475351 ], [ -50.469568256258484, -21.603290151346666 ], [ -50.469538025209964, -21.603251699873628 ], [ -50.469479354616006, -21.603175773597428 ], [ -50.469449095896351, -21.603137399972621 ], [ -50.469418524381396, -21.603100599237319 ], [ -50.469394095566976, -21.60306839807739 ], [ -50.46936846882123, -21.603027016432684 ], [ -50.469341188710835, -21.602988118043275 ], [ -50.469285848954343, -21.602913100784082 ], [ -50.469257900549422, -21.602875593455586 ], [ -50.469231043435926, -21.602837460652207 ], [ -50.469202450196256, -21.602798940367617 ], [ -50.469173895857026, -21.60276003475375 ], [ -50.4691452994985, -21.602723010114776 ], [ -50.469114995837955, -21.60268578751414 ], [ -50.469086984130186, -21.602647120517076 ], [ -50.469060543109883, -21.602606822956446 ], [ -50.469034173542802, -21.602568907857087 ], [ -50.469005370801959, -21.602533240801915 ], [ -50.468976192409393, -21.602496315977582 ], [ -50.468947481976848, -21.60245863776079 ] ] ] } },
{ "type": "Feature", "properties": { "CHAVE": "2029061", "FAZENDA": "202906", "NOME_FAZ": "SITIO NOVA PROMISSAO", "ZONA": 1.0, "TALHAO": 1.0, "AREA_TOTAL": 5.0273581936919598, "TIPO_GEO": "TALHAO", "DATA_INICI": null, "DATA_FINAL": null, "HORA_INICI": null, "HORA_FINAL": null, "CLASSE": null, "PILOTO": null, "AERONAVE": null, "AREA_HA": null }, "geometry": { "type": "Polygon", "coordinates": [ [ [ -50.471345260256072, -21.605782812985701 ], [ -50.47134157554261, -21.605760275446485 ], [ -50.47132295662918, -21.605721087325065 ], [ -50.471301986214371, -21.605678864466817 ], [ -50.471278469529636, -21.605639586715448 ], [ -50.471252160461134, -21.605600598048468 ], [ -50.47116853613776, -21.605481536582118 ], [ -50.471139560170187, -21.605442355652311 ], [ -50.471111235641835, -21.605404576114996 ], [ -50.471081915737948, -21.60536782051555 ], [ -50.471023724435838, -21.605291308898749 ], [ -50.470992105809238, -21.605254223503483 ], [ -50.470963611363878, -21.605212214135264 ], [ -50.470937625798953, -21.605173111892118 ], [ -50.470911886639684, -21.605133832480689 ], [ -50.470885223200355, -21.605095212200773 ], [ -50.470859163478828, -21.605056593867726 ], [ -50.470830516337521, -21.605015992278933 ], [ -50.470801895178759, -21.604977245678178 ], [ -50.470771675990349, -21.604939188823995 ], [ -50.470741746838861, -21.604900201417671 ], [ -50.470713051155201, -21.604861958704312 ], [ -50.470654176828312, -21.604785900615756 ], [ -50.470598008769592, -21.604707514799806 ], [ -50.470541912341552, -21.604630821684868 ], [ -50.470484728060505, -21.604554806264215 ], [ -50.470426650733039, -21.604480418674189 ], [ -50.470398238250127, -21.604442316770982 ], [ -50.470368918658799, -21.604404841088968 ], [ -50.470340355448151, -21.604364531118858 ], [ -50.470312243097098, -21.604325334280571 ], [ -50.470283086037192, -21.604285563605284 ], [ -50.47025493929749, -21.60424792387413 ], [ -50.47022638166861, -21.604210418875326 ], [ -50.47019784779917, -21.604173574416979 ], [ -50.470140530473422, -21.604095464702613 ], [ -50.470111055227413, -21.604054034972975 ], [ -50.47008528044163, -21.604014125365218 ], [ -50.470058212353997, -21.603975152780695 ], [ -50.470029870297971, -21.603937340130113 ], [ -50.470002181037032, -21.603898938004313 ], [ -50.469973570882061, -21.603861629209415 ], [ -50.469945384936381, -21.603823879887742 ], [ -50.469917730757068, -21.60378373739259 ], [ -50.469901885932913, -21.603761223411631 ], [ -50.469848919787538, -21.603776369432556 ], [ -50.469799691354304, -21.603789532171543 ], [ -50.469753313565448, -21.603802217290273 ], [ -50.469705377309694, -21.603815546691063 ], [ -50.469656491129292, -21.603829665408536 ], [ -50.469514689471168, -21.603868514056799 ], [ -50.469467043865905, -21.60388091502935 ], [ -50.469419429072978, -21.603894164170377 ], [ -50.469369871821627, -21.603907275214663 ], [ -50.469274990160294, -21.603933606412674 ], [ -50.46922661831676, -21.603946265122897 ], [ -50.46917781601794, -21.603958605492597 ], [ -50.469129777581486, -21.603971656973091 ], [ -50.469081219193725, -21.603984357106246 ], [ -50.469033383212192, -21.603996531456065 ], [ -50.468984508374959, -21.604009608141251 ], [ -50.468936954933497, -21.604022560140994 ], [ -50.468840600786457, -21.604049309551442 ], [ -50.468793092971445, -21.60406194254417 ], [ -50.468745966363464, -21.604075078893558 ], [ -50.468697807948601, -21.60408932550574 ], [ -50.46864803931642, -21.604103679045895 ], [ -50.468601080388304, -21.604116536879452 ], [ -50.468504435890218, -21.604143974392514 ], [ -50.468409459677623, -21.604172249440651 ], [ -50.468376065612738, -21.604181723278273 ], [ -50.46839174849476, -21.604213997666736 ], [ -50.468411702916619, -21.604256968800325 ], [ -50.468432510997495, -21.604300886680242 ], [ -50.468452232520193, -21.604343298673832 ], [ -50.468472132257702, -21.604384956729007 ], [ -50.468492480943041, -21.604428828559996 ], [ -50.468513143805218, -21.604470795906597 ], [ -50.468532848384932, -21.604514007904104 ], [ -50.46855228484808, -21.604555315685658 ], [ -50.468573213087303, -21.604599142973768 ], [ -50.468592558284904, -21.60464078095254 ], [ -50.468631299158197, -21.604725751233541 ], [ -50.468651565638282, -21.604768897479733 ], [ -50.468672423336223, -21.604812511554293 ], [ -50.468691624510477, -21.604854927278073 ], [ -50.468711281587652, -21.604896969772071 ], [ -50.468730673861181, -21.604939751869086 ], [ -50.468750306843368, -21.604981129881416 ], [ -50.468770092328029, -21.605023336447186 ], [ -50.468789827876556, -21.605064718886204 ], [ -50.46881106452836, -21.605108599454187 ], [ -50.468830434654762, -21.605152367395036 ], [ -50.468850873312732, -21.605194399951365 ], [ -50.468871230438637, -21.605236781356524 ], [ -50.468890448849983, -21.605278611063465 ], [ -50.468910876918613, -21.605321810853187 ], [ -50.46893088979612, -21.605365191548117 ], [ -50.468949798338905, -21.605407258169464 ], [ -50.468970005671245, -21.605450350564677 ], [ -50.468990101093041, -21.605492391028701 ], [ -50.469009427418513, -21.60553494974366 ], [ -50.469028858849114, -21.605575382168546 ], [ -50.46904212423037, -21.605595996966571 ], [ -50.469060542255662, -21.605615305093956 ], [ -50.469092246796414, -21.605635789904014 ], [ -50.469135309407278, -21.605656087221124 ], [ -50.469179341624063, -21.605677647655114 ], [ -50.46922565876438, -21.605699523232406 ], [ -50.469357231727273, -21.605763040282383 ], [ -50.469401309674247, -21.605783440996156 ], [ -50.469446924895266, -21.605804993364877 ], [ -50.469491030848147, -21.605826029541447 ], [ -50.469579306389242, -21.60586886833449 ], [ -50.469668089404003, -21.605911511404759 ], [ -50.469712129598548, -21.605932083394176 ], [ -50.469756670564109, -21.60595370308226 ], [ -50.469801502492238, -21.605974631692028 ], [ -50.469844907048618, -21.605995356484193 ], [ -50.469978506943562, -21.606060039534814 ], [ -50.47002162620862, -21.606081271578606 ], [ -50.470066343411304, -21.606101959479133 ], [ -50.470110932751211, -21.606123744476609 ], [ -50.470154852613064, -21.606144414942264 ], [ -50.470197748255707, -21.606165568607985 ], [ -50.470242817603378, -21.606186591563883 ], [ -50.470286827807044, -21.606207904651114 ], [ -50.470330396768212, -21.606228737324894 ], [ -50.470373325600512, -21.606249956112901 ], [ -50.470418178515459, -21.606271803162631 ], [ -50.470461966490049, -21.606292691341384 ], [ -50.470507777952427, -21.606314017104339 ], [ -50.470552313239104, -21.60633548049578 ], [ -50.470597878362717, -21.606357104852226 ], [ -50.470642282988237, -21.606377750150447 ], [ -50.47068604427389, -21.606398712926218 ], [ -50.470731180144483, -21.606420886783152 ], [ -50.470775650375913, -21.606441533912719 ], [ -50.470865538828576, -21.606484182222736 ], [ -50.47090956822138, -21.606505350880472 ], [ -50.470974676369387, -21.606538534552069 ], [ -50.47101016681534, -21.606473961425948 ], [ -50.471055053484619, -21.606391485152599 ], [ -50.471077888627534, -21.606350884012265 ], [ -50.471100897401428, -21.606309373051126 ], [ -50.47112261078297, -21.606268694571668 ], [ -50.471144835815473, -21.606227561711741 ], [ -50.471191327453994, -21.606144943724932 ], [ -50.471214162691062, -21.606103565917788 ], [ -50.471236753247041, -21.606060111505883 ], [ -50.471262182928115, -21.606018038748857 ], [ -50.471285365695444, -21.605974769864162 ], [ -50.471309257978632, -21.605932995043336 ], [ -50.47134131842936, -21.605880221116994 ], [ -50.471342628455837, -21.605826849101113 ], [ -50.471345260256072, -21.605782812985701 ] ] ] } },
{ "type": "Feature", "properties": { "CHAVE": "2029061", "FAZENDA": "202906", "NOME_FAZ": "SITIO NOVA PROMISSAO", "ZONA": 1.0, "TALHAO": 1.0, "AREA_TOTAL": 10.81123851721771, "TIPO_GEO": "TALHAO", "DATA_INICI": null, "DATA_FINAL": null, "HORA_INICI": null, "HORA_FINAL": null, "CLASSE": null, "PILOTO": null, "AERONAVE": null, "AREA_HA": null }, "geometry": { "type": "Polygon", "coordinates": [ [ [ -50.469709205912693, -21.607793228396535 ], [ -50.469812486370756, -21.607821320408231 ], [ -50.469860342996853, -21.607836409539807 ], [ -50.469956605119698, -21.607864924763529 ], [ -50.470006014870215, -21.607880919014775 ], [ -50.470052252450792, -21.607900223944227 ], [ -50.470096450239637, -21.607919795390053 ], [ -50.470142852412884, -21.607940864050882 ], [ -50.470191484491352, -21.607961384259408 ], [ -50.470235264180261, -21.607880638240392 ], [ -50.470257522674267, -21.607840058305033 ], [ -50.470301566293038, -21.607758680217124 ], [ -50.470325597320205, -21.607716359565071 ], [ -50.470348516044261, -21.607676503698137 ], [ -50.470371579759913, -21.607635649184932 ], [ -50.470394604488483, -21.607592717336178 ], [ -50.470416238056274, -21.607550190813086 ], [ -50.470438537100272, -21.607507171115962 ], [ -50.470460909562163, -21.607465992243963 ], [ -50.470484717818223, -21.607424803832128 ], [ -50.470506757833377, -21.607381976610171 ], [ -50.470529422262011, -21.607339751909748 ], [ -50.470552083033944, -21.607299287182034 ], [ -50.470573971179256, -21.6072572774119 ], [ -50.470599146580703, -21.607215737289422 ], [ -50.470622432874514, -21.607173281521277 ], [ -50.470645876380743, -21.607132609658056 ], [ -50.470670286793585, -21.607092586685852 ], [ -50.470692225695721, -21.607052294841516 ], [ -50.470715547910743, -21.607010168349849 ], [ -50.470759726845948, -21.606927182642167 ], [ -50.47078215934593, -21.606886883292969 ], [ -50.470804411203176, -21.606844742881233 ], [ -50.470825547661001, -21.606803664577281 ], [ -50.47084817795097, -21.606763277438656 ], [ -50.470870638922683, -21.606721552100172 ], [ -50.470894641446868, -21.606679459735282 ], [ -50.470918237058754, -21.606638718184382 ], [ -50.470952314960279, -21.606578582470075 ], [ -50.470886940089713, -21.606545265489373 ], [ -50.470843565149274, -21.6065244114805 ], [ -50.470753982935271, -21.606481908457205 ], [ -50.470709203833344, -21.606461117920077 ], [ -50.47066379937062, -21.606438812110358 ], [ -50.470620517989616, -21.606418079219484 ], [ -50.470576194948471, -21.606397471851043 ], [ -50.470530318072043, -21.60637569954077 ], [ -50.470485949025409, -21.606354316265584 ], [ -50.470440227487806, -21.606333032361846 ], [ -50.470396045462358, -21.606311956207268 ], [ -50.470350881377264, -21.606289957590299 ], [ -50.470308113542941, -21.606268818378346 ], [ -50.470264725170765, -21.606248072052139 ], [ -50.470220928707768, -21.606226862472703 ], [ -50.470175698388786, -21.606205764428601 ], [ -50.470132726364746, -21.606184573094314 ], [ -50.470088889226631, -21.606163941560002 ], [ -50.470044446566533, -21.60614222822413 ], [ -50.469999659769215, -21.606121508124641 ], [ -50.469956190700927, -21.606100103835082 ], [ -50.469822833595863, -21.606035537885717 ], [ -50.4697797311523, -21.606014957344595 ], [ -50.469734754747051, -21.605993961287698 ], [ -50.469690208379305, -21.605972338975761 ], [ -50.469646215240523, -21.605951788965204 ], [ -50.469557171588583, -21.605909020368763 ], [ -50.469468951462993, -21.605866208161771 ], [ -50.469425059415933, -21.605845274005077 ], [ -50.469379703970269, -21.605823844373816 ], [ -50.469335460583913, -21.605803367087596 ], [ -50.469203734546781, -21.605739776137543 ], [ -50.469157248353746, -21.605717820714805 ], [ -50.469113233570553, -21.605696268815496 ], [ -50.46906752951449, -21.605674726465754 ], [ -50.469028336054784, -21.605649402941829 ], [ -50.469003066413634, -21.605622912068494 ], [ -50.468985981462097, -21.605596361532747 ], [ -50.468965161226386, -21.605553039290758 ], [ -50.468945815885178, -21.605510438672393 ], [ -50.468925835640299, -21.605468639136454 ], [ -50.468905410639366, -21.605425082531639 ], [ -50.46888644618214, -21.605382891486315 ], [ -50.468866609726291, -21.605339893181242 ], [ -50.468846167128255, -21.605296662637659 ], [ -50.468827004206233, -21.605254953677925 ], [ -50.468806854665431, -21.605213004416463 ], [ -50.468786118323486, -21.605170359639413 ], [ -50.468766731783198, -21.605126554580274 ], [ -50.468745765101602, -21.605083231814955 ], [ -50.46872591298353, -21.605041604920647 ], [ -50.46870610913485, -21.604999359153059 ], [ -50.468686356450377, -21.604957728832034 ], [ -50.468666913057277, -21.604914833929065 ], [ -50.468647251467779, -21.604872781756381 ], [ -50.46862812897534, -21.604830539813516 ], [ -50.468607403673225, -21.604787202554764 ], [ -50.468586973820038, -21.604743708467627 ], [ -50.468548181693336, -21.604658626415265 ], [ -50.468529006224237, -21.604617353727388 ], [ -50.468508123796788, -21.60457362234883 ], [ -50.46848852292662, -21.604531965130381 ], [ -50.468468979172961, -21.604489105794595 ], [ -50.468448378701801, -21.604447265141189 ], [ -50.468427920720508, -21.604403157638803 ], [ -50.468408030124678, -21.604361518694024 ], [ -50.468388279314063, -21.604319043687571 ], [ -50.46836746639493, -21.604275115567514 ], [ -50.46834760281677, -21.60423234003445 ], [ -50.468327332758982, -21.604190625496351 ], [ -50.468268133583621, -21.604193752696169 ], [ -50.468216809157127, -21.604121964185421 ], [ -50.468187695823786, -21.60408199901876 ], [ -50.468159481823804, -21.604042424685428 ], [ -50.468131456990463, -21.604003614185437 ], [ -50.468102768990462, -21.603964664018765 ], [ -50.468073694657122, -21.603926158852119 ], [ -50.468044095490448, -21.603886063852102 ], [ -50.467988632323788, -21.603809240018784 ], [ -50.467931648323784, -21.60373062601878 ], [ -50.467902613157136, -21.60369096651878 ], [ -50.467845191323789, -21.603611613685437 ], [ -50.467816086323801, -21.603572839852109 ], [ -50.467787079157119, -21.603533824352105 ], [ -50.46775959149047, -21.603496432518767 ], [ -50.467745209569088, -21.603474538811206 ], [ -50.467772682902726, -21.603456381109201 ], [ -50.467697148999662, -21.603357230420691 ], [ -50.467668793017616, -21.603320307631488 ], [ -50.467638105471075, -21.603281264572058 ], [ -50.467607971828542, -21.603241856134986 ], [ -50.467549952741685, -21.603165156931567 ], [ -50.467489980112425, -21.60308677009305 ], [ -50.46746102110621, -21.603049568300975 ], [ -50.467375909195802, -21.602937525826473 ], [ -50.467318617601229, -21.602862615435445 ], [ -50.467289980898094, -21.60282477639727 ], [ -50.46720379078041, -21.602712903822621 ], [ -50.467145363769532, -21.6026364283248 ], [ -50.467114818346644, -21.602597081241111 ], [ -50.46709642675517, -21.602572626139544 ], [ -50.467086275540254, -21.602615493681466 ], [ -50.467076695720749, -21.60266147017564 ], [ -50.46706644583093, -21.602708175757346 ], [ -50.467045369020099, -21.602800512341009 ], [ -50.467035902065419, -21.602846055898453 ], [ -50.467027102240415, -21.602890340159473 ], [ -50.467018989823863, -21.602935140805329 ], [ -50.467012971716436, -21.602981502746033 ], [ -50.467005539476432, -21.603029392426702 ], [ -50.466997799961831, -21.603077607836919 ], [ -50.466983695833449, -21.603169182626456 ], [ -50.466969499838072, -21.603231945536805 ], [ -50.466959641875825, -21.603276793331254 ], [ -50.466931548273863, -21.603425752045251 ], [ -50.466923917976963, -21.60347133477811 ], [ -50.466916450618648, -21.603517813556643 ], [ -50.466900385998763, -21.6036094614234 ], [ -50.466891779827144, -21.603656648184256 ], [ -50.466880941950251, -21.603703344620698 ], [ -50.466869626350991, -21.603748083834557 ], [ -50.466858593435909, -21.603793822864443 ], [ -50.466849787449, -21.603839701034303 ], [ -50.466840564860469, -21.603885669507601 ], [ -50.466831624645394, -21.603932195377016 ], [ -50.466812752083108, -21.604025450418494 ], [ -50.466803910094818, -21.604071988784895 ], [ -50.466794569353894, -21.604116527530973 ], [ -50.466786199390619, -21.604163354527078 ], [ -50.466770503909856, -21.604254397360961 ], [ -50.466761019804956, -21.604302729952281 ], [ -50.466751945303464, -21.604347422326583 ], [ -50.466735726945167, -21.604440514699203 ], [ -50.466728444351517, -21.604487430330604 ], [ -50.466719137718648, -21.604534814667215 ], [ -50.466711249760948, -21.604581558321161 ], [ -50.466700062064326, -21.604627384551677 ], [ -50.466690349539434, -21.604674036957128 ], [ -50.466681830278475, -21.604718128744395 ], [ -50.466674097258633, -21.604763104858215 ], [ -50.466664998713789, -21.604810284653539 ], [ -50.466656880979997, -21.604854960922879 ], [ -50.466648971745094, -21.604901129144405 ], [ -50.466640532500215, -21.604946485033597 ], [ -50.466631692084697, -21.604991345143624 ], [ -50.466623338202147, -21.605035711212725 ], [ -50.46661509100349, -21.605083846601705 ], [ -50.466606611159698, -21.605131862240505 ], [ -50.466596407774745, -21.605178882459782 ], [ -50.466587259117723, -21.605223501844982 ], [ -50.466578657662481, -21.605267931767415 ], [ -50.466569916441813, -21.605316344802205 ], [ -50.466552544548477, -21.605415026311892 ], [ -50.466527210700903, -21.605554692225105 ], [ -50.466519758642612, -21.605599005285505 ], [ -50.466512894503339, -21.605647637700109 ], [ -50.466508685820521, -21.605679511344995 ], [ -50.466515329905505, -21.60569389323857 ], [ -50.466536817647786, -21.605729855134495 ], [ -50.466562756509447, -21.605767626243981 ], [ -50.466589350478507, -21.605803744799022 ], [ -50.466620366823236, -21.605836479497114 ], [ -50.466654300712108, -21.60586903785623 ], [ -50.466763346726253, -21.605967053028181 ], [ -50.466834385849097, -21.606031560798534 ], [ -50.46687001888214, -21.606065546781366 ], [ -50.466941291901662, -21.606130695600516 ], [ -50.46701279451743, -21.606197861423308 ], [ -50.467048134517114, -21.606230102065108 ], [ -50.467083087843712, -21.606262715610466 ], [ -50.467117736120805, -21.606295557689155 ], [ -50.467153481046601, -21.606328563803313 ], [ -50.467190495367184, -21.606362134037838 ], [ -50.467261094463005, -21.606428456134189 ], [ -50.467296660448625, -21.60646220498149 ], [ -50.467326863315186, -21.606490092126222 ], [ -50.467347841117153, -21.606484099258413 ], [ -50.467389051904505, -21.606490082342294 ], [ -50.467440314246581, -21.606505326256229 ], [ -50.467485493533324, -21.606526249118001 ], [ -50.467532300322873, -21.60655186657587 ], [ -50.467577920217543, -21.606579106743908 ], [ -50.467620630160013, -21.606605630397826 ], [ -50.467703520688694, -21.606654073728308 ], [ -50.467747895205733, -21.606680607210723 ], [ -50.4677919105198, -21.606705874158475 ], [ -50.467835203693241, -21.606727180946066 ], [ -50.467878901253393, -21.606746561740248 ], [ -50.467926561378903, -21.606766620758041 ], [ -50.467973254890737, -21.606783568974144 ], [ -50.468018714685371, -21.606797672152204 ], [ -50.468069039477257, -21.606813729755586 ], [ -50.468115199002902, -21.606830883009323 ], [ -50.468160353353831, -21.606848063664106 ], [ -50.468205775373754, -21.606866176190355 ], [ -50.468254523081761, -21.606887409284212 ], [ -50.468298540333201, -21.606909011604834 ], [ -50.468341989506165, -21.606931643094732 ], [ -50.468386094936236, -21.606957634791559 ], [ -50.468427500913364, -21.606985875748194 ], [ -50.468466780485336, -21.607019517346185 ], [ -50.468504182236494, -21.607053136070764 ], [ -50.468576139914028, -21.607119176888968 ], [ -50.46861109080826, -21.607154766267559 ], [ -50.468646714220647, -21.607188429027811 ], [ -50.468682844739241, -21.607218658311265 ], [ -50.468721770892991, -21.607247615767253 ], [ -50.468760382243651, -21.607275444564401 ], [ -50.46880050526363, -21.607299224120933 ], [ -50.468843769637544, -21.607323783988342 ], [ -50.46888632928524, -21.607346852504353 ], [ -50.468931689038989, -21.607370609015007 ], [ -50.469020431163628, -21.607421323186294 ], [ -50.469065639274142, -21.607447339558512 ], [ -50.469107415135689, -21.607473437516067 ], [ -50.469150363285308, -21.607503168475723 ], [ -50.469191868937877, -21.607533429562682 ], [ -50.469232389625866, -21.607563411119944 ], [ -50.469271439573568, -21.60759097032879 ], [ -50.469351895539653, -21.607642028001379 ], [ -50.469391560907283, -21.607667482721194 ], [ -50.469434663357326, -21.607693034511676 ], [ -50.469478521353039, -21.607715936590413 ], [ -50.469521895942847, -21.607734715776672 ], [ -50.469567743893698, -21.60775238674573 ], [ -50.469614745836417, -21.607768578985766 ], [ -50.469660061547835, -21.607781056536044 ], [ -50.469709205912693, -21.607793228396535 ] ] ] } },
{ "type": "Feature", "properties": { "CHAVE": "2029061", "FAZENDA": "202906", "NOME_FAZ": "SITIO NOVA PROMISSAO", "ZONA": 1.0, "TALHAO": 1.0, "AREA_TOTAL": 6.0087956627313064, "TIPO_GEO": "TALHAO", "DATA_INICI": null, "DATA_FINAL": null, "HORA_INICI": null, "HORA_FINAL": null, "CLASSE": null, "PILOTO": null, "AERONAVE": null, "AREA_HA": null }, "geometry": { "type": "Polygon", "coordinates": [ [ [ -50.468848214018948, -21.608678444307422 ], [ -50.468898237620934, -21.608661957232922 ], [ -50.468992293410253, -21.608632791118293 ], [ -50.469007919638408, -21.608624627224017 ], [ -50.469014467512189, -21.608617112524701 ], [ -50.469016183689916, -21.60861242144432 ], [ -50.469015654048199, -21.608598519657278 ], [ -50.469008868250732, -21.608582698390649 ], [ -50.468982532442404, -21.608546173927191 ], [ -50.468953398279709, -21.608510602320827 ], [ -50.468921364889496, -21.608473133101398 ], [ -50.468888708019236, -21.608437017727095 ], [ -50.4688217950997, -21.608365303301586 ], [ -50.468787204956953, -21.60832943079021 ], [ -50.468718020313233, -21.60826383131413 ], [ -50.468681428193364, -21.608230228021004 ], [ -50.468644668652388, -21.608197374076106 ], [ -50.46860796147719, -21.608164825324373 ], [ -50.468571757470897, -21.608133214740608 ], [ -50.46853315971876, -21.608101132689189 ], [ -50.468494490027055, -21.608067772453527 ], [ -50.468458452224887, -21.608035657317828 ], [ -50.468423406462804, -21.608002537676757 ], [ -50.468389697042035, -21.607968624187038 ], [ -50.46835662784293, -21.607933263114109 ], [ -50.468324211823358, -21.607893506899291 ], [ -50.468295771508814, -21.607855358168628 ], [ -50.468268599201039, -21.607816897082181 ], [ -50.468213499005905, -21.607740627106967 ], [ -50.468184358746335, -21.607703561323206 ], [ -50.468154231998135, -21.607668487224512 ], [ -50.468122171597123, -21.607636835239521 ], [ -50.468087546216317, -21.607607140680074 ], [ -50.468049046469226, -21.607576566101407 ], [ -50.468012775691179, -21.60754397365957 ], [ -50.467978830652683, -21.607508338763871 ], [ -50.467947519378797, -21.607472973045454 ], [ -50.467925932100485, -21.60745029858629 ], [ -50.467891250051764, -21.607413408250924 ], [ -50.467857985576948, -21.607375013648834 ], [ -50.467827434358874, -21.607338155637773 ], [ -50.467797153597679, -21.607302735401525 ], [ -50.467763489564753, -21.607264613895754 ], [ -50.467730476458236, -21.607226077697774 ], [ -50.467698972679607, -21.607188467206051 ], [ -50.467668094359382, -21.607148008395455 ], [ -50.467640551729225, -21.607108633878497 ], [ -50.46761405536428, -21.607066925942103 ], [ -50.467588349010981, -21.607028147620589 ], [ -50.467562586970288, -21.606988517966467 ], [ -50.467537688407099, -21.606949306605451 ], [ -50.467513269117795, -21.606909690676439 ], [ -50.467487850111759, -21.606867530712723 ], [ -50.46746188405686, -21.606825290067082 ], [ -50.467434949982128, -21.606783681583639 ], [ -50.467409237811324, -21.606741728571173 ], [ -50.467383050417354, -21.606702266328824 ], [ -50.467329719900313, -21.60662294189332 ], [ -50.46730738627857, -21.60657880207626 ], [ -50.467296739359291, -21.60654520868561 ], [ -50.467297515982409, -21.60652647703434 ], [ -50.467262486195196, -21.606494133054042 ], [ -50.46722680151418, -21.606460271568043 ], [ -50.467156531943324, -21.606394259664395 ], [ -50.467119694930552, -21.606360850232296 ], [ -50.46708357085636, -21.606327494013062 ], [ -50.467048834133443, -21.606294568091741 ], [ -50.467014207793397, -21.606262259637145 ], [ -50.466978807459753, -21.606229963945591 ], [ -50.466907268408832, -21.606162763768406 ], [ -50.46683590909501, -21.606097537587551 ], [ -50.466800314128072, -21.606063587903705 ], [ -50.466708512789879, -21.605980347907941 ], [ -50.466710631424249, -21.606023074335013 ], [ -50.466704872914413, -21.606048861487043 ], [ -50.46669041050955, -21.606079666586556 ], [ -50.466661809307453, -21.606111924711321 ], [ -50.46662106043064, -21.606142764365746 ], [ -50.466575377112918, -21.606161196787543 ], [ -50.466530562538637, -21.606171558593733 ], [ -50.466490297210093, -21.606179881604657 ], [ -50.466466210035819, -21.606188850426577 ], [ -50.466440528398444, -21.606205046787512 ], [ -50.466427191333217, -21.606219521906674 ], [ -50.466415680784031, -21.606242276914138 ], [ -50.46640343760474, -21.606284767297197 ], [ -50.466393693454499, -21.606329417199191 ], [ -50.466385947840287, -21.606374387301489 ], [ -50.466377660023568, -21.606419924924442 ], [ -50.466370759309129, -21.606464407872892 ], [ -50.46636396294705, -21.606510414508747 ], [ -50.46636144060097, -21.606542223453769 ], [ -50.466350602328887, -21.606586483527479 ], [ -50.46633448470218, -21.606677968987 ], [ -50.466324511471143, -21.606723850604361 ], [ -50.466314324545493, -21.606768864291293 ], [ -50.466292506751095, -21.606857608419929 ], [ -50.466284260864619, -21.606902516232903 ], [ -50.466275148815512, -21.6069502832114 ], [ -50.466265241384981, -21.606997982652025 ], [ -50.466256424221818, -21.607043132586384 ], [ -50.466249399113622, -21.60709019525439 ], [ -50.466242967937482, -21.607138249380718 ], [ -50.466225804827367, -21.607232357507279 ], [ -50.466218925072305, -21.607277069943873 ], [ -50.466212807847839, -21.607322086859281 ], [ -50.466205768484414, -21.607368361431313 ], [ -50.466198455213636, -21.607413933827612 ], [ -50.46618996913466, -21.607460393955204 ], [ -50.46617470679714, -21.607554752665642 ], [ -50.466166775750253, -21.607600584973643 ], [ -50.466160545766265, -21.607645740529506 ], [ -50.466154472985799, -21.60769271623624 ], [ -50.466138613672307, -21.607783953366262 ], [ -50.466130391880974, -21.607828546285369 ], [ -50.466114168812453, -21.607920198143368 ], [ -50.466105325540042, -21.607966438668015 ], [ -50.466095919180056, -21.608006001973894 ], [ -50.466087080817182, -21.608052213433773 ], [ -50.466082482446652, -21.608074884924999 ], [ -50.466075960893157, -21.608119505112764 ], [ -50.46606058944225, -21.608211241565051 ], [ -50.466054109686844, -21.608257471262075 ], [ -50.466045506559695, -21.608304563501346 ], [ -50.466037674846348, -21.608349905025197 ], [ -50.466035000907659, -21.608367979759521 ], [ -50.466029116287828, -21.60841427407706 ], [ -50.466021602116143, -21.608461913408931 ], [ -50.466014520172926, -21.608508948259132 ], [ -50.466009632550922, -21.608556889379216 ], [ -50.466004085632314, -21.608580638436131 ], [ -50.46599167996888, -21.60861313118912 ], [ -50.465963792997016, -21.608656302523382 ], [ -50.465936506834851, -21.608696383645402 ], [ -50.465924132943357, -21.608716151763812 ], [ -50.465894093958397, -21.608756747156054 ], [ -50.465873682152939, -21.608895587929563 ], [ -50.465947354586099, -21.60890712643689 ], [ -50.465996047677166, -21.608912844051147 ], [ -50.466045611672349, -21.608916749581152 ], [ -50.466094987090337, -21.60892027774414 ], [ -50.466144378465934, -21.608924503049003 ], [ -50.466241396422348, -21.608933623401644 ], [ -50.466291417522164, -21.608938040163302 ], [ -50.46633968310875, -21.608942692374185 ], [ -50.4664888287544, -21.608955116036885 ], [ -50.466538396125756, -21.608959860166443 ], [ -50.466639051747457, -21.608968529621023 ], [ -50.466688397762354, -21.60897239107107 ], [ -50.466736958903276, -21.608977287092177 ], [ -50.466785973031939, -21.60898084396668 ], [ -50.466885197298971, -21.608991929590317 ], [ -50.46693321081797, -21.608996471860667 ], [ -50.466982006142629, -21.608999502534957 ], [ -50.467033545183874, -21.609004075517877 ], [ -50.467085245092534, -21.609009211243766 ], [ -50.46713476190525, -21.609013691991684 ], [ -50.467185447543336, -21.609016791663031 ], [ -50.467235449298592, -21.609022086079179 ], [ -50.467365789053382, -21.609034249090506 ], [ -50.467414496694033, -21.60903778399949 ], [ -50.467464799326521, -21.609041727588728 ], [ -50.467514318355569, -21.609045259966553 ], [ -50.467564373526898, -21.609049882578482 ], [ -50.467614062316279, -21.609054959039291 ], [ -50.467712305267824, -21.609062437483995 ], [ -50.467789096845841, -21.609066450406768 ], [ -50.467836247257218, -21.609050414254185 ], [ -50.467884333780667, -21.609032378286305 ], [ -50.467977705936477, -21.608998360713858 ], [ -50.46802749682292, -21.608981055036129 ], [ -50.468122880928966, -21.608944836016487 ], [ -50.46822163116218, -21.608907826541358 ], [ -50.468271774697513, -21.60889115803171 ], [ -50.468321182816624, -21.608874028490984 ], [ -50.468368498387441, -21.608857878240705 ], [ -50.468413613484266, -21.608841500675577 ], [ -50.468561271696991, -21.608788407267433 ], [ -50.468609550390298, -21.608769954250281 ], [ -50.468657615452948, -21.608750060354701 ], [ -50.468705431578513, -21.608731078866334 ], [ -50.468754077478117, -21.608713156958139 ], [ -50.468802627411769, -21.608695575579009 ], [ -50.468848214018948, -21.608678444307422 ] ] ] } },
{ "type": "Feature", "properties": { "CHAVE": "2029061", "FAZENDA": "202906", "NOME_FAZ": "SITIO NOVA PROMISSAO", "ZONA": 1.0, "TALHAO": 1.0, "AREA_TOTAL": 2.1731370406883652, "TIPO_GEO": "TALHAO", "DATA_INICI": null, "DATA_FINAL": null, "HORA_INICI": null, "HORA_FINAL": null, "CLASSE": null, "PILOTO": null, "AERONAVE": null, "AREA_HA": null }, "geometry": { "type": "Polygon", "coordinates": [ [ [ -50.472469122993054, -21.607314799504252 ], [ -50.472463968434248, -21.607293279875531 ], [ -50.472442847915922, -21.607256097466838 ], [ -50.472419280572836, -21.607216820771644 ], [ -50.47236422570208, -21.607140484785553 ], [ -50.472337051485418, -21.607101186381197 ], [ -50.472310668721583, -21.607060492347951 ], [ -50.47228543900659, -21.607020621549335 ], [ -50.472230969936767, -21.606943477762297 ], [ -50.47220343156053, -21.606903023815399 ], [ -50.472147916516683, -21.606825514704216 ], [ -50.472118643961338, -21.606788678118424 ], [ -50.472087535241691, -21.606751190899253 ], [ -50.472058956083046, -21.606711542787068 ], [ -50.472003780462721, -21.606636671037862 ], [ -50.471976087948235, -21.606597819134105 ], [ -50.47194686120244, -21.606558709493441 ], [ -50.471917026061284, -21.606523043507941 ], [ -50.471896906100575, -21.6064955672895 ], [ -50.471871487957884, -21.606451803541056 ], [ -50.471851916901954, -21.606416176031349 ], [ -50.471829123709817, -21.606376315799967 ], [ -50.471806136142661, -21.606337510775024 ], [ -50.471778922259347, -21.606299185986789 ], [ -50.471749049925286, -21.606261430377739 ], [ -50.47171986554028, -21.606223587244088 ], [ -50.471692874882542, -21.606185803246493 ], [ -50.471664687364687, -21.606149557234023 ], [ -50.471604929790892, -21.606077285424533 ], [ -50.471576644976253, -21.606049690600024 ], [ -50.471542683652288, -21.606026895179301 ], [ -50.471509700424328, -21.606012557560106 ], [ -50.471493424153728, -21.60600689669872 ], [ -50.471485530484856, -21.606023439365444 ], [ -50.471462384194766, -21.606065199869139 ], [ -50.471439472761958, -21.606106949108753 ], [ -50.471418076105358, -21.606147913416329 ], [ -50.471396360962707, -21.606188540015513 ], [ -50.471352353501025, -21.606269766312153 ], [ -50.471327887637948, -21.606312064173594 ], [ -50.471282654297546, -21.606395924762712 ], [ -50.471259999529941, -21.606435961279136 ], [ -50.471237327294418, -21.606476825428995 ], [ -50.47121528883531, -21.606518137552616 ], [ -50.471193204689733, -21.606558849396759 ], [ -50.471169806945262, -21.606600221780571 ], [ -50.471146440924791, -21.606642208061512 ], [ -50.471123703262641, -21.606683366632815 ], [ -50.471078540858606, -21.606766331129705 ], [ -50.471055268866181, -21.606807651276362 ], [ -50.471034456426153, -21.606849290942975 ], [ -50.471011378734872, -21.606891927536616 ], [ -50.470990129814972, -21.606932809716884 ], [ -50.470945428264784, -21.607016043351084 ], [ -50.470921588598124, -21.607057625012271 ], [ -50.470898185653724, -21.607099246483866 ], [ -50.470875398322327, -21.607140281844377 ], [ -50.470854673327146, -21.607179546353876 ], [ -50.47078525677275, -21.607304712876754 ], [ -50.47076174823831, -21.607346573291743 ], [ -50.470738642054663, -21.607389524951181 ], [ -50.470715244659594, -21.607430961103841 ], [ -50.470671652937845, -21.607513251456204 ], [ -50.470626762158268, -21.607594259080717 ], [ -50.470604795807965, -21.607634426003859 ], [ -50.470583133561405, -21.607675082131518 ], [ -50.470559101134235, -21.607717587619458 ], [ -50.470535535972594, -21.607760178369272 ], [ -50.470512227455764, -21.607801286861616 ], [ -50.47046732811819, -21.607885404145613 ], [ -50.470441974664304, -21.607926450156079 ], [ -50.470395128504883, -21.608007115379717 ], [ -50.470384619851004, -21.608028167060588 ], [ -50.470421351500633, -21.608033916520764 ], [ -50.470473400233971, -21.608039756368949 ], [ -50.470524578005815, -21.608044340762628 ], [ -50.470573398607279, -21.608044808823394 ], [ -50.470613886367346, -21.60803865274417 ], [ -50.470660776436034, -21.608024392650101 ], [ -50.470717022832062, -21.608004683470249 ], [ -50.4707759824025, -21.607982486822891 ], [ -50.470821697558328, -21.607967009986673 ], [ -50.470916518376853, -21.607934169905221 ], [ -50.470963801596767, -21.607917316851939 ], [ -50.47100557186247, -21.607899516547434 ], [ -50.471047181940264, -21.607876466713972 ], [ -50.471082560209183, -21.60785760806931 ], [ -50.471177419206199, -21.607825560647751 ], [ -50.47122686731182, -21.607809259312376 ], [ -50.471271187439591, -21.607794064201943 ], [ -50.471312643150519, -21.607775609400619 ], [ -50.471348737039747, -21.607758746952708 ], [ -50.471398479629471, -21.607740774775312 ], [ -50.471445225448001, -21.607725517614913 ], [ -50.471480254487261, -21.607714624711868 ], [ -50.471529083396732, -21.607702352398306 ], [ -50.4715758965893, -21.607687281974652 ], [ -50.471620757993513, -21.607669710864922 ], [ -50.471665780205647, -21.607651857550422 ], [ -50.471683283473652, -21.607644083667122 ], [ -50.471688455849872, -21.607645049580373 ], [ -50.471731294224924, -21.607632818769613 ], [ -50.471776986145606, -21.607618944719942 ], [ -50.47182337367957, -21.607601087878276 ], [ -50.471871969586672, -21.607584520196184 ], [ -50.471963446292193, -21.607551943583285 ], [ -50.472011000785514, -21.607535546287608 ], [ -50.472059721489224, -21.607519926371396 ], [ -50.472105967649355, -21.60750401259617 ], [ -50.472151405341606, -21.607486236512365 ], [ -50.47219492579395, -21.607467554499664 ], [ -50.47223699748421, -21.607446819710159 ], [ -50.472273163187829, -21.60742646070576 ], [ -50.472322645199952, -21.607408437095231 ], [ -50.472367455237531, -21.607390791502585 ], [ -50.472409805101648, -21.607368823343595 ], [ -50.472449976704389, -21.607346662981758 ], [ -50.472462864121574, -21.607335996876106 ], [ -50.47246811737741, -21.607325889176355 ], [ -50.472469122993054, -21.607314799504252 ] ] ] } },
{ "type": "Feature", "properties": { "CHAVE": null, "FAZENDA": "Faz. ABC", "NOME_FAZ": null, "ZONA": null, "TALHAO": null, "AREA_TOTAL": null, "TIPO_GEO": "VOO_PROCESSADO", "DATA_INICI": "26-03-2026", "DATA_FINAL": "26-03-2026", "HORA_INICI": "12:15:53", "HORA_FINAL": "12:15:53", "CLASSE": "NÃO APLICADO DENTRO DO TALHÃO", "PILOTO": "valmir alves", "AERONAVE": "PS-CBA", "AREA_HA": 0.001428920466419 }, "geometry": { "type": "MultiPolygon", "coordinates": [ [ [ [ -50.472310668721583, -21.607060492347951 ], [ -50.47228543900659, -21.607020621549335 ], [ -50.472230969936767, -21.606943477762297 ], [ -50.47220343156053, -21.606903023815399 ], [ -50.472147916516683, -21.606825514704216 ], [ -50.472118643961338, -21.606788678118424 ], [ -50.472087535241691, -21.606751190899253 ], [ -50.472058956083046, -21.606711542787068 ], [ -50.472003780462721, -21.606636671037862 ], [ -50.471976087948235, -21.606597819134105 ], [ -50.47194686120244, -21.606558709493441 ], [ -50.471917026061284, -21.606523043507941 ], [ -50.471896906100575, -21.6064955672895 ], [ -50.471871487957884, -21.606451803541056 ], [ -50.471851916901954, -21.606416176031349 ], [ -50.471829123709817, -21.606376315799967 ], [ -50.471806136142661, -21.606337510775024 ], [ -50.471778922259347, -21.606299185986789 ], [ -50.471749049925286, -21.606261430377739 ], [ -50.47171986554028, -21.606223587244088 ], [ -50.471692874882542, -21.606185803246493 ], [ -50.471664687364687, -21.606149557234023 ], [ -50.471604929790892, -21.606077285424533 ], [ -50.471576644976253, -21.606049690600024 ], [ -50.471542683652288, -21.606026895179301 ], [ -50.471509700424328, -21.606012557560106 ], [ -50.471493424153728, -21.60600689669872 ], [ -50.471485530484856, -21.606023439365444 ], [ -50.471462384194766, -21.606065199869139 ], [ -50.471439472761958, -21.606106949108753 ], [ -50.471418076105358, -21.606147913416329 ], [ -50.471396360962707, -21.606188540015513 ], [ -50.471352353501025, -21.606269766312153 ], [ -50.471327887637948, -21.606312064173594 ], [ -50.471282654297546, -21.606395924762712 ], [ -50.471259999529941, -21.606435961279136 ], [ -50.471237327294418, -21.606476825428995 ], [ -50.47121528883531, -21.606518137552616 ], [ -50.471193204689733, -21.606558849396759 ], [ -50.471169806945262, -21.606600221780571 ], [ -50.471146440924791, -21.606642208061512 ], [ -50.471123703262641, -21.606683366632815 ], [ -50.471078540858606, -21.606766331129705 ], [ -50.471067094966131, -21.606786653667942 ], [ -50.471066741504941, -21.60678847679338 ], [ -50.47105321809935, -21.606883141325646 ], [ -50.471052624024892, -21.606886919029755 ], [ -50.471035833097055, -21.60698470208769 ], [ -50.471021035468837, -21.607081380586557 ], [ -50.471006050937518, -21.607180279177371 ], [ -50.47100602005866, -21.607180481944845 ], [ -50.470991020158984, -21.60727848196046 ], [ -50.470990955536948, -21.607278899808918 ], [ -50.470976004112181, -21.607374589569201 ], [ -50.470961051250953, -21.607473279135814 ], [ -50.470710419126164, -21.607440070513405 ], [ -50.470671652937845, -21.607513251456204 ], [ -50.47064205232855, -21.607566667214748 ], [ -50.470627100463467, -21.607643787774858 ], [ -50.470602068956481, -21.60763954381202 ], [ -50.470583133561405, -21.607675082131518 ], [ -50.470559101134235, -21.607717587619458 ], [ -50.470535535972594, -21.607760178369272 ], [ -50.470512227455764, -21.607801286861616 ], [ -50.47046732811819, -21.607885404145613 ], [ -50.470441974664304, -21.607926450156079 ], [ -50.470395128504883, -21.608007115379717 ], [ -50.470384619851004, -21.608028167060588 ], [ -50.470421351500633, -21.608033916520764 ], [ -50.470473400233971, -21.608039756368949 ], [ -50.470524578005815, -21.608044340762628 ], [ -50.470573398607279, -21.608044808823394 ], [ -50.470613886367346, -21.60803865274417 ], [ -50.470660776436034, -21.608024392650101 ], [ -50.470717022832062, -21.608004683470249 ], [ -50.4707759824025, -21.607982486822891 ], [ -50.470821697558328, -21.607967009986673 ], [ -50.470916518376853, -21.607934169905221 ], [ -50.470963801596767, -21.607917316851939 ], [ -50.47100557186247, -21.607899516547434 ], [ -50.471047181940264, -21.607876466713972 ], [ -50.471082560209183, -21.60785760806931 ], [ -50.471177419206199, -21.607825560647751 ], [ -50.47122686731182, -21.607809259312376 ], [ -50.471271187439591, -21.607794064201943 ], [ -50.471312643150519, -21.607775609400619 ], [ -50.471348737039747, -21.607758746952708 ], [ -50.471398479629471, -21.607740774775312 ], [ -50.471445225448001, -21.607725517614913 ], [ -50.471480254487261, -21.607714624711868 ], [ -50.471529083396732, -21.607702352398306 ], [ -50.4715758965893, -21.607687281974652 ], [ -50.471620757993513, -21.607669710864922 ], [ -50.471665780205647, -21.607651857550422 ], [ -50.471683283473652, -21.607644083667122 ], [ -50.471688455849872, -21.607645049580373 ], [ -50.471731294224924, -21.607632818769613 ], [ -50.471776986145606, -21.607618944719942 ], [ -50.47182337367957, -21.607601087878276 ], [ -50.471871969586672, -21.607584520196184 ], [ -50.471963446292193, -21.607551943583285 ], [ -50.472011000785514, -21.607535546287608 ], [ -50.472059721489224, -21.607519926371396 ], [ -50.472105967649355, -21.60750401259617 ], [ -50.472151405341606, -21.607486236512365 ], [ -50.47219492579395, -21.607467554499664 ], [ -50.47223699748421, -21.607446819710159 ], [ -50.472273163187829, -21.60742646070576 ], [ -50.472322645199952, -21.607408437095231 ], [ -50.472367455237531, -21.607390791502585 ], [ -50.472409805101648, -21.607368823343595 ], [ -50.472449976704389, -21.607346662981758 ], [ -50.472462864121574, -21.607335996876106 ], [ -50.47246811737741, -21.607325889176355 ], [ -50.472469122993054, -21.607314799504252 ], [ -50.472463968434248, -21.607293279875531 ], [ -50.472442847915922, -21.607256097466838 ], [ -50.472419280572836, -21.607216820771644 ], [ -50.47236422570208, -21.607140484785553 ], [ -50.472337051485418, -21.607101186381197 ], [ -50.472310668721583, -21.607060492347951 ] ] ], [ [ [ -50.470804832707508, -21.606506034552744 ], [ -50.470804832707508, -21.606506034552755 ], [ -50.470843565149274, -21.6065244114805 ], [ -50.470804832707508, -21.606506034552744 ] ] ], [ [ [ -50.470775650375913, -21.606441533912719 ], [ -50.470861443680789, -21.606482239246454 ], [ -50.470861443680789, -21.606482239246443 ], [ -50.470775650375913, -21.606441533912719 ] ] ], [ [ [ -50.470191484491352, -21.607961384259408 ], [ -50.470220856000317, -21.607907212279638 ], [ -50.470060482487469, -21.607882463129471 ], [ -50.470078408392176, -21.607780883603962 ], [ -50.470095336947395, -21.607681304479264 ], [ -50.470095522920772, -21.607680236326406 ], [ -50.470113389255253, -21.607579986926137 ], [ -50.470130264048656, -21.607478738800342 ], [ -50.470130337170652, -21.607478304413945 ], [ -50.470147174676192, -21.607379260873369 ], [ -50.470163025903751, -21.607277219283322 ], [ -50.470163264271754, -21.607275738735549 ], [ -50.4701802643755, -21.607173738753001 ], [ -50.470180300409545, -21.607173523614993 ], [ -50.470197174699898, -21.607073271101481 ], [ -50.470213057366429, -21.606972019777761 ], [ -50.470213264598591, -21.606970738688229 ], [ -50.470230264702337, -21.606868738705696 ], [ -50.470230523793347, -21.606867236192198 ], [ -50.470248390127097, -21.606766986796014 ], [ -50.470265264919838, -21.606665738674209 ], [ -50.470265406724167, -21.606664903899365 ], [ -50.470283406829616, -21.606560903917739 ], [ -50.47028375886655, -21.606558954549055 ], [ -50.47030261722302, -21.606458708051932 ], [ -50.470320484117465, -21.60635746291501 ], [ -50.470321005347593, -21.606354678979439 ], [ -50.470335342442276, -21.606282277032118 ], [ -50.470319670974881, -21.606274530966029 ], [ -50.470315366265758, -21.606272403241768 ], [ -50.470315121279036, -21.606273672725255 ], [ -50.47031507865622, -21.606273892617292 ], [ -50.47029307876948, -21.606386892639382 ], [ -50.470292944071005, -21.606387575199872 ], [ -50.470270055991804, -21.606502016191016 ], [ -50.470248163205909, -21.60661645637591 ], [ -50.470247899093906, -21.606617800294693 ], [ -50.470225012884782, -21.606731236872392 ], [ -50.470203121892808, -21.606844672623819 ], [ -50.470202899339313, -21.60684580025254 ], [ -50.470179922165229, -21.606959687701877 ], [ -50.47015694480141, -21.607074575117924 ], [ -50.470156717192225, -21.60707568897358 ], [ -50.470132833456638, -21.607190132442678 ], [ -50.470109945048868, -21.60730457507573 ], [ -50.470109717440018, -21.607305688929728 ], [ -50.470085860201515, -21.607420005433116 ], [ -50.470067635939778, -21.607512038443343 ], [ -50.470067236253549, -21.607517634133043 ], [ -50.469758763770194, -21.607498365724368 ], [ -50.469759763784936, -21.607484365725593 ], [ -50.469762004157573, -21.607467679183078 ], [ -50.469782004258612, -21.607366679203096 ], [ -50.469782282506515, -21.607365310909138 ], [ -50.469806166479309, -21.607250867442239 ], [ -50.469829055124691, -21.607136424809568 ], [ -50.469829282754304, -21.607135310865296 ], [ -50.469853166726935, -21.607020867399196 ], [ -50.46987605537214, -21.606906424767352 ], [ -50.469876100605973, -21.606906199586856 ], [ -50.46989898705057, -21.606792763011352 ], [ -50.469920878278387, -21.60667932726022 ], [ -50.469921100851387, -21.606678199544703 ], [ -50.469943965511639, -21.606564870943185 ], [ -50.469965836965962, -21.606450543508089 ], [ -50.46996605587271, -21.606449424639393 ], [ -50.469988987761532, -21.606334765791459 ], [ -50.470010899998577, -21.606222217175048 ], [ -50.470027820911312, -21.606134536554915 ], [ -50.470019471769156, -21.6061306739198 ], [ -50.470005880609435, -21.606124386125209 ], [ -50.470002179315998, -21.606143375471206 ], [ -50.469980281402343, -21.606260828573156 ], [ -50.469980242863606, -21.606261034402536 ], [ -50.469958365423551, -21.606377383251615 ], [ -50.469937481610422, -21.606494731079565 ], [ -50.46993690086515, -21.606497790859173 ], [ -50.469913228451517, -21.606615167182756 ], [ -50.469892516265773, -21.60673253692817 ], [ -50.469892319525378, -21.606733625886058 ], [ -50.469870338072624, -21.606852526232711 ], [ -50.46984855472062, -21.606971345192914 ], [ -50.469828735516693, -21.60709026116163 ], [ -50.46982848225818, -21.607091730940279 ], [ -50.469807482377533, -21.60720973096166 ], [ -50.469807356735224, -21.607210426472307 ], [ -50.469785356864065, -21.607330426451956 ], [ -50.469763356992907, -21.607450426431615 ], [ -50.469741469046568, -21.607569815909372 ], [ -50.469721575496123, -21.607684204510836 ], [ -50.469720945458931, -21.60768757498122 ], [ -50.469719945463936, -21.60769257498222 ], [ -50.469416054594717, -21.607639424880048 ], [ -50.469416718248411, -21.607636106628913 ], [ -50.469436424672288, -21.607522795370581 ], [ -50.469436642940387, -21.607521573407539 ], [ -50.469447576051678, -21.607461938594255 ], [ -50.469146414442712, -21.607405685910212 ], [ -50.469168201963008, -21.607303681197294 ], [ -50.469188004447325, -21.607203679175793 ], [ -50.469188104666571, -21.607203178008991 ], [ -50.469194198339693, -21.607172999973567 ], [ -50.469000420436565, -21.6071729999281 ], [ -50.469000420444004, -21.607165999928249 ], [ -50.469002470844835, -21.607142533738827 ], [ -50.469021470954168, -21.607034533758192 ], [ -50.46902175632755, -21.607032965560972 ], [ -50.469043566324935, -21.606916976672906 ], [ -50.469063391704488, -21.606801990167302 ], [ -50.469074218067234, -21.606739197643826 ], [ -50.469057634435856, -21.606816085758872 ], [ -50.469036737621124, -21.60691658998806 ], [ -50.469035827279036, -21.60692065562894 ], [ -50.469012344900165, -21.607018499295858 ], [ -50.468991791793322, -21.60711832917373 ], [ -50.468990827497706, -21.6071226555854 ], [ -50.468966827595132, -21.607222655608787 ], [ -50.468665172473543, -21.607159344255695 ], [ -50.468688655054287, -21.60706150059092 ], [ -50.468709208368402, -21.606961670709776 ], [ -50.468710172692212, -21.606957344212162 ], [ -50.468711020194775, -21.60695381296669 ], [ -50.468414147031574, -21.606900970677579 ], [ -50.468437147144265, -21.606787970700534 ], [ -50.468437332180706, -21.606787076942734 ], [ -50.468461332293906, -21.606673076966572 ], [ -50.468461519504807, -21.606672201976505 ], [ -50.46846674032836, -21.606648186302685 ], [ -50.468346660425262, -21.606595681043672 ], [ -50.468341309662222, -21.606613017899335 ], [ -50.468264619334732, -21.606604035763503 ], [ -50.4682796194503, -21.606492035779457 ], [ -50.46827966989607, -21.606491663049049 ], [ -50.46829567002105, -21.606374663033996 ], [ -50.46831151563778, -21.606258792852739 ], [ -50.468325396760761, -21.606142787934683 ], [ -50.468333467577878, -21.606075916033721 ], [ -50.468294162082458, -21.606068901101331 ], [ -50.468314108786274, -21.60597116275013 ], [ -50.468334056523695, -21.605871424581117 ], [ -50.468334108639887, -21.605871165310706 ], [ -50.468353870330887, -21.605773345444096 ], [ -50.468371653022309, -21.605676529117215 ], [ -50.468371805768555, -21.605675711576225 ], [ -50.468390728247996, -21.605576120125203 ], [ -50.468408653234867, -21.605478529083594 ], [ -50.468408901917066, -21.605477211718267 ], [ -50.468427497216993, -21.605381299634853 ], [ -50.468443158227146, -21.605284397760435 ], [ -50.468443417092431, -21.605282852653964 ], [ -50.46846026500387, -21.605185729985116 ], [ -50.468476124465305, -21.605086608998985 ], [ -50.468476417304771, -21.605084852622085 ], [ -50.468493397642177, -21.604986966560528 ], [ -50.468510283640931, -21.604888631048681 ], [ -50.468526052082503, -21.604792049963162 ], [ -50.468540921795494, -21.604692919235362 ], [ -50.468541378393333, -21.604690080463133 ], [ -50.46854715798861, -21.604656423024814 ], [ -50.468542068219243, -21.60464546796231 ], [ -50.468522371216665, -21.60475333311615 ], [ -50.46852220168968, -21.604754243920237 ], [ -50.468500201814301, -21.60487024389996 ], [ -50.468478395050198, -21.604985225651923 ], [ -50.468458572687219, -21.605099204922556 ], [ -50.46845844482197, -21.605099928560175 ], [ -50.4684374449402, -21.605216928581523 ], [ -50.468437202188262, -21.605218243839136 ], [ -50.468415431998338, -21.605333032744515 ], [ -50.468395639738993, -21.605448818168345 ], [ -50.468395161917606, -21.605451456531373 ], [ -50.468373414009029, -21.605565139400415 ], [ -50.468353639987633, -21.605680818131479 ], [ -50.468353242205538, -21.605683034496696 ], [ -50.468331327410297, -21.605799582008341 ], [ -50.468310528111608, -21.605914474034563 ], [ -50.468290640362767, -21.606030818075865 ], [ -50.468290203064086, -21.606033243696686 ], [ -50.468268432872939, -21.606148032608569 ], [ -50.468248640612501, -21.606263818038837 ], [ -50.468248451697832, -21.606264897001804 ], [ -50.468230490740098, -21.606365100827251 ], [ -50.46823002310304, -21.606370244894425 ], [ -50.46796887340416, -21.606349483273057 ], [ -50.467968574023956, -21.606351204719559 ], [ -50.467944530798185, -21.606347548015343 ], [ -50.467921976926206, -21.606345754963481 ], [ -50.467922123728947, -21.606344140152128 ], [ -50.467663426027904, -21.606304795141469 ], [ -50.467683426144461, -21.606189795161889 ], [ -50.467683496305341, -21.606189395277227 ], [ -50.467703496419659, -21.60607639529761 ], [ -50.467703878986846, -21.606074327118833 ], [ -50.467710479265257, -21.606040125860925 ], [ -50.467704705488551, -21.606067739712579 ], [ -50.467704259760133, -21.60606979238749 ], [ -50.467679544304794, -21.606179529513938 ], [ -50.467656804693931, -21.606290262090745 ], [ -50.467394272410971, -21.606243114679192 ], [ -50.467392804654075, -21.606250262053258 ], [ -50.467369804765625, -21.606362262076203 ], [ -50.467369512561689, -21.606363648371705 ], [ -50.467345662405904, -21.606473955871209 ], [ -50.467343313802495, -21.60648539260642 ], [ -50.467347841117153, -21.606484099258413 ], [ -50.467389051904505, -21.606490082342294 ], [ -50.467440314246581, -21.606505326256229 ], [ -50.467485493533324, -21.606526249118001 ], [ -50.467532300322873, -21.60655186657587 ], [ -50.467577920217543, -21.606579106743908 ], [ -50.467620630160013, -21.606605630397826 ], [ -50.467703520688694, -21.606654073728308 ], [ -50.467747895205733, -21.606680607210723 ], [ -50.4677919105198, -21.606705874158475 ], [ -50.467835203693241, -21.606727180946066 ], [ -50.467878901253393, -21.606746561740248 ], [ -50.467926561378903, -21.606766620758041 ], [ -50.467973254890737, -21.606783568974144 ], [ -50.468018714685371, -21.606797672152204 ], [ -50.468069039477257, -21.606813729755586 ], [ -50.468115199002902, -21.606830883009323 ], [ -50.468160353353831, -21.606848063664106 ], [ -50.468205775373754, -21.606866176190355 ], [ -50.468254523081761, -21.606887409284212 ], [ -50.468298540333201, -21.606909011604834 ], [ -50.468341989506165, -21.606931643094732 ], [ -50.468386094936236, -21.606957634791559 ], [ -50.468427500913364, -21.606985875748194 ], [ -50.468466780485336, -21.607019517346185 ], [ -50.468504182236494, -21.607053136070764 ], [ -50.468576139914028, -21.607119176888968 ], [ -50.46861109080826, -21.607154766267559 ], [ -50.468646714220647, -21.607188429027811 ], [ -50.468682844739241, -21.607218658311265 ], [ -50.468721770892991, -21.607247615767253 ], [ -50.468760382243651, -21.607275444564401 ], [ -50.46880050526363, -21.607299224120933 ], [ -50.468843769637544, -21.607323783988342 ], [ -50.46888632928524, -21.607346852504353 ], [ -50.468931689038989, -21.607370609015007 ], [ -50.469020431163628, -21.607421323186294 ], [ -50.469065639274142, -21.607447339558512 ], [ -50.469107415135689, -21.607473437516067 ], [ -50.469150363285308, -21.607503168475723 ], [ -50.469191868937877, -21.607533429562682 ], [ -50.469232389625866, -21.607563411119944 ], [ -50.469271439573568, -21.60759097032879 ], [ -50.469351895539653, -21.607642028001379 ], [ -50.469391560907283, -21.607667482721194 ], [ -50.469434663357326, -21.607693034511676 ], [ -50.469478521353039, -21.607715936590413 ], [ -50.469521895942847, -21.607734715776672 ], [ -50.469567743893698, -21.60775238674573 ], [ -50.469614745836417, -21.607768578985766 ], [ -50.469660061547835, -21.607781056536044 ], [ -50.469709205912693, -21.607793228396535 ], [ -50.469812486370756, -21.607821320408231 ], [ -50.469860342996853, -21.607836409539807 ], [ -50.469956605119698, -21.607864924763529 ], [ -50.470006014870215, -21.607880919014775 ], [ -50.470052252450792, -21.607900223944227 ], [ -50.470096450239637, -21.607919795390053 ], [ -50.470142852412884, -21.607940864050882 ], [ -50.470191484491352, -21.607961384259408 ] ] ], [ [ [ -50.471081915737948, -21.60536782051555 ], [ -50.471023724435838, -21.605291308898749 ], [ -50.470992105809238, -21.605254223503483 ], [ -50.470963611363878, -21.605212214135264 ], [ -50.470937625798953, -21.605173111892118 ], [ -50.470911886639684, -21.605133832480689 ], [ -50.470885223200355, -21.605095212200773 ], [ -50.470859163478828, -21.605056593867726 ], [ -50.470830516337521, -21.605015992278933 ], [ -50.470801895178759, -21.604977245678178 ], [ -50.470771675990349, -21.604939188823995 ], [ -50.470741746838861, -21.604900201417671 ], [ -50.470713051155201, -21.604861958704312 ], [ -50.470654176828312, -21.604785900615756 ], [ -50.470598008769592, -21.604707514799806 ], [ -50.470541912341552, -21.604630821684868 ], [ -50.470484728060505, -21.604554806264215 ], [ -50.470426650733039, -21.604480418674189 ], [ -50.470398238250127, -21.604442316770982 ], [ -50.470368918658799, -21.604404841088968 ], [ -50.470340355448151, -21.604364531118858 ], [ -50.470312243097098, -21.604325334280571 ], [ -50.470283086037192, -21.604285563605284 ], [ -50.47025493929749, -21.60424792387413 ], [ -50.47022638166861, -21.604210418875326 ], [ -50.47019784779917, -21.604173574416979 ], [ -50.470140530473422, -21.604095464702613 ], [ -50.470111055227413, -21.604054034972975 ], [ -50.47008528044163, -21.604014125365218 ], [ -50.470058212353997, -21.603975152780695 ], [ -50.470029870297971, -21.603937340130113 ], [ -50.470002181037032, -21.603898938004313 ], [ -50.469973570882061, -21.603861629209415 ], [ -50.469945384936381, -21.603823879887742 ], [ -50.469917730757068, -21.60378373739259 ], [ -50.469901885932913, -21.603761223411631 ], [ -50.469848919787538, -21.603776369432556 ], [ -50.469799691354304, -21.603789532171543 ], [ -50.469753313565448, -21.603802217290273 ], [ -50.469705377309694, -21.603815546691063 ], [ -50.469656491129292, -21.603829665408536 ], [ -50.469514689471168, -21.603868514056799 ], [ -50.469467043865905, -21.60388091502935 ], [ -50.469419429072978, -21.603894164170377 ], [ -50.469369871821627, -21.603907275214663 ], [ -50.469274990160294, -21.603933606412674 ], [ -50.46922661831676, -21.603946265122897 ], [ -50.46917781601794, -21.603958605492597 ], [ -50.469129777581486, -21.603971656973091 ], [ -50.469081219193725, -21.603984357106246 ], [ -50.469047364380636, -21.603992973221658 ], [ -50.469249640727135, -21.604013879374499 ], [ -50.469236640841288, -21.604123879388638 ], [ -50.469236334591329, -21.604126285829832 ], [ -50.469221334708813, -21.604236285815727 ], [ -50.469206334826282, -21.604346285801608 ], [ -50.469191334939666, -21.604456285817513 ], [ -50.469191015253259, -21.604458494380896 ], [ -50.469174092749782, -21.604568989130545 ], [ -50.469158166428173, -21.604678483380965 ], [ -50.469158042835808, -21.604679314993131 ], [ -50.469141042950497, -21.604791315010864 ], [ -50.469140700852016, -21.604793453748595 ], [ -50.469121978956956, -21.604904800449649 ], [ -50.469106216055032, -21.605015141572316 ], [ -50.469105502468054, -21.605019604747671 ], [ -50.469085502582388, -21.605132604768048 ], [ -50.469085466132974, -21.605132809793258 ], [ -50.469076218103794, -21.605184599059367 ], [ -50.469085957496951, -21.605134928417637 ], [ -50.469086057311358, -21.605134424405286 ], [ -50.469106007034028, -21.6050346763104 ], [ -50.469125957714155, -21.604932928381242 ], [ -50.469126057528698, -21.604932424368236 ], [ -50.469146032200861, -21.604832551526403 ], [ -50.469166007117238, -21.604731678728207 ], [ -50.46916605774495, -21.604731424331369 ], [ -50.469186057844858, -21.604631424351378 ], [ -50.469405831746464, -21.604669864096572 ], [ -50.46940995719897, -21.604642684832264 ], [ -50.4694268942253, -21.604531100488458 ], [ -50.46944283383246, -21.604421516479356 ], [ -50.469443202055608, -21.604419133706468 ], [ -50.469461202167643, -21.604309133725007 ], [ -50.469766797881491, -21.604352866135532 ], [ -50.469748992712013, -21.604461676201087 ], [ -50.469733166324765, -21.604570483397254 ], [ -50.469733042732294, -21.604571315010084 ], [ -50.469716042852092, -21.604683314994148 ], [ -50.469699042966788, -21.604795315011877 ], [ -50.469698766144923, -21.604797062022779 ], [ -50.469680939184236, -21.604905014858101 ], [ -50.469664095795522, -21.605017965434492 ], [ -50.469663829961029, -21.60501967348975 ], [ -50.46964596844952, -21.605129820188907 ], [ -50.469644836841248, -21.605137408674157 ], [ -50.469925942761677, -21.605186575438957 ], [ -50.469924942766681, -21.605191575439957 ], [ -50.469924837007092, -21.605192098901199 ], [ -50.469904966842563, -21.605289463203221 ], [ -50.469885090591411, -21.605391826444599 ], [ -50.469884639080753, -21.605394052360349 ], [ -50.469862666391691, -21.605497923763263 ], [ -50.469858903651065, -21.605515882387007 ], [ -50.47011524210847, -21.605558034524506 ], [ -50.470093242226163, -21.605675034546699 ], [ -50.470092987397891, -21.605676353877172 ], [ -50.470070118207964, -21.605791694744777 ], [ -50.47004824247643, -21.605908034506282 ], [ -50.470048030658695, -21.605909135981531 ], [ -50.470025051844679, -21.606026028827863 ], [ -50.470014927193951, -21.60607797296549 ], [ -50.47002162620862, -21.606081271578606 ], [ -50.470036583194769, -21.606088191256557 ], [ -50.470053665424707, -21.605995459675512 ], [ -50.470053879022899, -21.605994327096177 ], [ -50.470075879137262, -21.6058803271183 ], [ -50.470075921777031, -21.605880107141193 ], [ -50.470097790347729, -21.605767782810585 ], [ -50.4701186657908, -21.605654459617448 ], [ -50.470118922021108, -21.605653107100547 ], [ -50.470140811083624, -21.60554067751703 ], [ -50.470161617622573, -21.605428719149447 ], [ -50.470181533640293, -21.605317190101509 ], [ -50.47048646641278, -21.605364809759717 ], [ -50.470466466526013, -21.605476809780061 ], [ -50.470466295012137, -21.605477751114186 ], [ -50.470445295125934, -21.605590751135427 ], [ -50.470445077922896, -21.60559189273939 ], [ -50.470423209585704, -21.605704217072059 ], [ -50.470402334378655, -21.605817540265296 ], [ -50.470402078166984, -21.605818892698732 ], [ -50.470380099690964, -21.605931782747071 ], [ -50.470358230240755, -21.606045106873257 ], [ -50.470337334744755, -21.60615854020725 ], [ -50.470337121164675, -21.606159672703122 ], [ -50.47032435086129, -21.606225846450211 ], [ -50.470330396768212, -21.606228737324894 ], [ -50.470344208570374, -21.606235564198261 ], [ -50.470358524551045, -21.606155236109633 ], [ -50.470663475501929, -21.606202763751593 ], [ -50.470645475604066, -21.60630376376989 ], [ -50.470644994609493, -21.606306320862711 ], [ -50.470642447815855, -21.606319182238209 ], [ -50.470890111463369, -21.606337230923074 ], [ -50.470889111475948, -21.606349230924238 ], [ -50.470887794949199, -21.606358063220014 ], [ -50.471058289717206, -21.606385731094747 ], [ -50.471077888627534, -21.606350884012265 ], [ -50.471100897401428, -21.606309373051126 ], [ -50.47112261078297, -21.606268694571668 ], [ -50.471144835815473, -21.606227561711741 ], [ -50.471191327453994, -21.606144943724932 ], [ -50.471214162691062, -21.606103565917788 ], [ -50.471236753247041, -21.606060111505883 ], [ -50.471262182928115, -21.606018038748857 ], [ -50.471285365695444, -21.605974769864162 ], [ -50.471309257978632, -21.605932995043336 ], [ -50.47134131842936, -21.605880221116994 ], [ -50.471342628455837, -21.605826849101113 ], [ -50.471345260256072, -21.605782812985701 ], [ -50.47134157554261, -21.605760275446485 ], [ -50.47132295662918, -21.605721087325065 ], [ -50.471301986214371, -21.605678864466817 ], [ -50.471278469529636, -21.605639586715448 ], [ -50.471252160461134, -21.605600598048468 ], [ -50.47116853613776, -21.605481536582118 ], [ -50.471139560170187, -21.605442355652311 ], [ -50.471111235641835, -21.605404576114996 ], [ -50.471081915737948, -21.60536782051555 ] ] ], [ [ [ -50.468585605705059, -21.604408010080451 ], [ -50.468585160798725, -21.604410456714746 ], [ -50.468563357094219, -21.604524431245718 ], [ -50.46855641968201, -21.604563974730311 ], [ -50.468561145462033, -21.604573871316468 ], [ -50.468561262286869, -21.604574115967523 ], [ -50.468575265799885, -21.604491742868042 ], [ -50.46859119417568, -21.604394182191104 ], [ -50.46859141804687, -21.604392852510671 ], [ -50.46860837900487, -21.604295078165055 ], [ -50.468625340728217, -21.604195303934912 ], [ -50.468625654621228, -21.604193528830649 ], [ -50.468641846276505, -21.6041053747634 ], [ -50.468640405970696, -21.60410576913382 ], [ -50.468639155151713, -21.60410611162083 ], [ -50.468626501544492, -21.604177604922643 ], [ -50.468626370606863, -21.604178333172527 ], [ -50.468605491437103, -21.604292672136474 ], [ -50.468585605705059, -21.604408010080451 ] ] ], [ [ [ -50.46875567287892, -21.602190195456089 ], [ -50.468728535453707, -21.602151224136765 ], [ -50.468700516441665, -21.602112546592519 ], [ -50.468672298073102, -21.602076322923761 ], [ -50.468611818061525, -21.602001300360211 ], [ -50.468584367806031, -21.601963135294216 ], [ -50.468538694379156, -21.601898970520317 ], [ -50.468512021824445, -21.601861160571083 ], [ -50.468484407803189, -21.601824320745887 ], [ -50.468452811066356, -21.601786610205412 ], [ -50.468422789541783, -21.601749591584369 ], [ -50.468402927101394, -21.601725637605451 ], [ -50.468390203465098, -21.601704318729468 ], [ -50.468385497297348, -21.601688264991875 ], [ -50.468368775677675, -21.601648791110382 ], [ -50.468344437660775, -21.601609023842204 ], [ -50.468318136154657, -21.601569308281523 ], [ -50.468291540421731, -21.601531076185683 ], [ -50.468262657555556, -21.601495683090562 ], [ -50.468231263056467, -21.601459108636163 ], [ -50.468203872169198, -21.601420914426154 ], [ -50.468175089708758, -21.601383872911601 ], [ -50.468118217547833, -21.60130691825168 ], [ -50.468089183290431, -21.601268772282022 ], [ -50.468061176888099, -21.601229427205709 ], [ -50.468033276710266, -21.601191868936279 ], [ -50.468004544618196, -21.601154157729955 ], [ -50.467977222382572, -21.601121507784715 ], [ -50.467957251922634, -21.601103983104348 ], [ -50.467920045812825, -21.601071858088186 ], [ -50.467900570736923, -21.601052491119304 ], [ -50.467881240941047, -21.601009553382202 ], [ -50.467860444785977, -21.60097093312994 ], [ -50.467833948033494, -21.600931028385165 ], [ -50.467808379248631, -21.600891690680527 ], [ -50.467782411616426, -21.600852151012244 ], [ -50.467756362841257, -21.60081545304104 ], [ -50.467727925943677, -21.600780809623803 ], [ -50.467694500663391, -21.600746720690573 ], [ -50.467660805152974, -21.600714552487382 ], [ -50.467629619410182, -21.600687294856129 ], [ -50.467598475036326, -21.600665577410545 ], [ -50.467567240291508, -21.600652604113684 ], [ -50.467541890580826, -21.600646796212004 ], [ -50.467427254470103, -21.600619047713213 ], [ -50.467420682037151, -21.600663228880432 ], [ -50.467413046085362, -21.600710646958287 ], [ -50.467406266677536, -21.600755079642695 ], [ -50.467400991925501, -21.600801463829903 ], [ -50.46739881935855, -21.600837913566043 ], [ -50.467402327952207, -21.600882754681578 ], [ -50.467405038273334, -21.600920871661444 ], [ -50.467403523658334, -21.601015733323703 ], [ -50.46740356920823, -21.60106461467818 ], [ -50.467400336868579, -21.601111298775439 ], [ -50.467393513745463, -21.60115734047368 ], [ -50.467381464435732, -21.601204251119974 ], [ -50.467371933924476, -21.601247841919101 ], [ -50.467364838804343, -21.60129197435284 ], [ -50.467357747133065, -21.601338991643065 ], [ -50.467350080637331, -21.60138749022023 ], [ -50.467341028931912, -21.601433139840847 ], [ -50.467333030703124, -21.601478094113968 ], [ -50.467323565821516, -21.601524236787942 ], [ -50.467314288615299, -21.601570849686951 ], [ -50.467306447008049, -21.601617619063688 ], [ -50.467298040082703, -21.601665195502591 ], [ -50.467289362616057, -21.60171200241416 ], [ -50.467279661947636, -21.601756637065051 ], [ -50.467274046052935, -21.601797339645948 ], [ -50.467264907521454, -21.601835034070831 ], [ -50.467251195715413, -21.601875891113927 ], [ -50.467245024186482, -21.601919658315019 ], [ -50.467234875808359, -21.601966595927216 ], [ -50.467225785604221, -21.602013185103011 ], [ -50.46721726374944, -21.602059826147457 ], [ -50.467208421031756, -21.602107024175094 ], [ -50.467198515930107, -21.602152633809652 ], [ -50.467187159841117, -21.602199889674932 ], [ -50.467178229127718, -21.602245375830062 ], [ -50.467169759226628, -21.602292303356865 ], [ -50.467158033401198, -21.602341148821534 ], [ -50.46714612993997, -21.602388553348714 ], [ -50.467134020991999, -21.602432527957156 ], [ -50.467121614265821, -21.602478647402343 ], [ -50.467111436705814, -21.602514306993402 ], [ -50.467124740851297, -21.602531750383047 ], [ -50.467154120964118, -21.602570816794081 ], [ -50.467184541541179, -21.602610003043733 ], [ -50.467243080530331, -21.602686624545871 ], [ -50.46732930574597, -21.602798542637903 ], [ -50.467357967376181, -21.602836414599725 ], [ -50.467414717521173, -21.602910617209751 ], [ -50.46741839435871, -21.602889986186558 ], [ -50.467435269148289, -21.602788738083582 ], [ -50.467435569643314, -21.60278700440325 ], [ -50.467453528546862, -21.602687233295164 ], [ -50.467471488238743, -21.60258546230952 ], [ -50.467471748201305, -21.602584033799619 ], [ -50.467489748297879, -21.602488033817789 ], [ -50.467491484305157, -21.602480091313993 ], [ -50.467492484309041, -21.602476091314969 ], [ -50.467793515762075, -21.602541908550162 ], [ -50.467793502882749, -21.602541960067644 ], [ -50.467776385662084, -21.602633252416091 ], [ -50.467758511916998, -21.602734537569983 ], [ -50.467758430309139, -21.602734995439778 ], [ -50.467751532461484, -21.60277331703794 ], [ -50.468015920185984, -21.602831122284385 ], [ -50.468031338130878, -21.602740328278735 ], [ -50.468336661919899, -21.602785671582115 ], [ -50.468325996397965, -21.602848480042219 ], [ -50.468580307906343, -21.602889666790208 ], [ -50.468560308015128, -21.602997666810442 ], [ -50.468559940374384, -21.602999575813403 ], [ -50.468538131161012, -21.603108622447582 ], [ -50.468518308249159, -21.603215666773149 ], [ -50.468517893300309, -21.603217811238054 ], [ -50.468496272006796, -21.603324935472269 ], [ -50.468493879364352, -21.603338787696334 ], [ -50.468770500697637, -21.603381605014327 ], [ -50.468750500818842, -21.603494604995792 ], [ -50.468730500933162, -21.603607605016158 ], [ -50.468730118378915, -21.603609673148469 ], [ -50.468708356284914, -21.603722440971865 ], [ -50.468688571333161, -21.603836205126417 ], [ -50.468688501185646, -21.603836604939683 ], [ -50.468668501299966, -21.603949604960054 ], [ -50.468668160305391, -21.603951456795606 ], [ -50.468648085678069, -21.604056392919222 ], [ -50.468650918719675, -21.604055575854854 ], [ -50.468661610929999, -21.603996769035259 ], [ -50.468661903510906, -21.60399521145408 ], [ -50.468680729977748, -21.603898107041548 ], [ -50.468698568520125, -21.603799004601939 ], [ -50.468698886380622, -21.603797301033147 ], [ -50.468715886468878, -21.603709301050234 ], [ -50.468720427832295, -21.603691980601599 ], [ -50.468723427840409, -21.603682980604386 ], [ -50.46901857224961, -21.603769019266302 ], [ -50.469018415247412, -21.603769490274342 ], [ -50.469003278053037, -21.603847847933196 ], [ -50.468985431634337, -21.603946995277656 ], [ -50.468985096447902, -21.60394878838882 ], [ -50.468982299803258, -21.603963213264993 ], [ -50.46902039677061, -21.603953020247857 ], [ -50.46906837145572, -21.603940810597685 ], [ -50.469116533734677, -21.603928214064158 ], [ -50.4691647722982, -21.603915108211325 ], [ -50.469213804999342, -21.60390270958105 ], [ -50.469261656822553, -21.603890186957901 ], [ -50.469356377161226, -21.603863899155915 ], [ -50.469405965576549, -21.603850779866825 ], [ -50.469453678783594, -21.603837503341236 ], [ -50.469501407844987, -21.603825080647145 ], [ -50.469642602853632, -21.603786397962057 ], [ -50.469691366339895, -21.603772314679521 ], [ -50.469739649750771, -21.603758888746984 ], [ -50.469786271628529, -21.603746136865706 ], [ -50.469835216528693, -21.603733049938057 ], [ -50.469873854160781, -21.603722001252507 ], [ -50.469862272678377, -21.603705959807449 ], [ -50.469833664039236, -21.603668006879083 ], [ -50.469805927692143, -21.603626602637554 ], [ -50.469779882439404, -21.603587372233005 ], [ -50.469754305796023, -21.603556404589199 ], [ -50.469730066297544, -21.603526286635411 ], [ -50.469703671532123, -21.603485281108405 ], [ -50.469651384446351, -21.603406587236421 ], [ -50.469624820108791, -21.603366997124112 ], [ -50.469597584363314, -21.603329372475351 ], [ -50.469568256258484, -21.603290151346666 ], [ -50.469538025209964, -21.603251699873628 ], [ -50.469479354616006, -21.603175773597428 ], [ -50.469449095896351, -21.603137399972621 ], [ -50.469418524381396, -21.603100599237319 ], [ -50.469394095566976, -21.60306839807739 ], [ -50.46936846882123, -21.603027016432684 ], [ -50.469341188710835, -21.602988118043275 ], [ -50.469285848954343, -21.602913100784082 ], [ -50.469257900549422, -21.602875593455586 ], [ -50.469231043435926, -21.602837460652207 ], [ -50.469202450196256, -21.602798940367617 ], [ -50.469173895857026, -21.60276003475375 ], [ -50.4691452994985, -21.602723010114776 ], [ -50.469114995837955, -21.60268578751414 ], [ -50.469086984130186, -21.602647120517076 ], [ -50.469060543109883, -21.602606822956446 ], [ -50.469034173542802, -21.602568907857087 ], [ -50.469005370801959, -21.602533240801915 ], [ -50.468976192409393, -21.602496315977582 ], [ -50.468947481976848, -21.60245863776079 ], [ -50.468921055884628, -21.602421125661923 ], [ -50.468894365224465, -21.602388777211562 ], [ -50.468870598174064, -21.602363084324711 ], [ -50.4688527026995, -21.602328181592309 ], [ -50.468840341653127, -21.602305028615095 ], [ -50.46881307867438, -21.602268921461 ], [ -50.468783661566789, -21.602229130264881 ], [ -50.46875567287892, -21.602190195456089 ] ] ], [ [ [ -50.468982532442404, -21.608546173927191 ], [ -50.468953398279709, -21.608510602320827 ], [ -50.468921364889496, -21.608473133101398 ], [ -50.468888708019236, -21.608437017727095 ], [ -50.4688217950997, -21.608365303301586 ], [ -50.468787204956953, -21.60832943079021 ], [ -50.468718020313233, -21.60826383131413 ], [ -50.468681428193364, -21.608230228021004 ], [ -50.468644668652388, -21.608197374076106 ], [ -50.46860796147719, -21.608164825324373 ], [ -50.468571757470897, -21.608133214740608 ], [ -50.46853315971876, -21.608101132689189 ], [ -50.468494490027055, -21.608067772453527 ], [ -50.468458452224887, -21.608035657317828 ], [ -50.468423406462804, -21.608002537676757 ], [ -50.468389697042035, -21.607968624187038 ], [ -50.46835662784293, -21.607933263114109 ], [ -50.468324211823358, -21.607893506899291 ], [ -50.468295771508814, -21.607855358168628 ], [ -50.468268599201039, -21.607816897082181 ], [ -50.468213499005905, -21.607740627106967 ], [ -50.468184358746335, -21.607703561323206 ], [ -50.468154231998135, -21.607668487224512 ], [ -50.468122171597123, -21.607636835239521 ], [ -50.468087546216317, -21.607607140680074 ], [ -50.468049046469226, -21.607576566101407 ], [ -50.468012775691179, -21.60754397365957 ], [ -50.467978830652683, -21.607508338763871 ], [ -50.467947519378797, -21.607472973045454 ], [ -50.467925932100485, -21.60745029858629 ], [ -50.467891250051764, -21.607413408250924 ], [ -50.467857985576948, -21.607375013648834 ], [ -50.467827434358874, -21.607338155637773 ], [ -50.467797153597679, -21.607302735401525 ], [ -50.467796030248259, -21.607301463308804 ], [ -50.467783468509083, -21.607371809458737 ], [ -50.467783296997389, -21.607372750780875 ], [ -50.4677622971112, -21.607485750802105 ], [ -50.467762122541551, -21.607486672459032 ], [ -50.467740282137626, -21.607599846072215 ], [ -50.467720431453465, -21.607710018006529 ], [ -50.467720122783462, -21.607711672419061 ], [ -50.467698170086358, -21.607825427917795 ], [ -50.467677216487132, -21.607936183266013 ], [ -50.467677036654621, -21.607937115979773 ], [ -50.467655141881131, -21.608048580871763 ], [ -50.46763624278649, -21.608149045036015 ], [ -50.467633785939299, -21.608159723361474 ], [ -50.467630785949765, -21.608170723364339 ], [ -50.467331214126752, -21.608099276502141 ], [ -50.467332769842237, -21.608093572233656 ], [ -50.467350757370696, -21.607997954844851 ], [ -50.467350963290976, -21.607996883860245 ], [ -50.467372871851076, -21.607885349963421 ], [ -50.467393783680322, -21.60777481661691 ], [ -50.467393877159004, -21.607774327420724 ], [ -50.467415717798211, -21.60766115381043 ], [ -50.467435568712176, -21.607550981875097 ], [ -50.467435877400916, -21.607549327380745 ], [ -50.467457788634121, -21.607435787966804 ], [ -50.46747861563842, -21.607323719476909 ], [ -50.467498531657242, -21.60721219042285 ], [ -50.467498920396601, -21.607210107387754 ], [ -50.467519502743954, -21.607104389537994 ], [ -50.467519887793486, -21.607099769001888 ], [ -50.467640504106043, -21.607108558914824 ], [ -50.46761405536428, -21.607066925942103 ], [ -50.467588349010981, -21.607028147620589 ], [ -50.467562586970288, -21.606988517966467 ], [ -50.467537688407099, -21.606949306605451 ], [ -50.467523688689894, -21.606926594568431 ], [ -50.467517990693835, -21.606955343699184 ], [ -50.467517756582168, -21.60695649867581 ], [ -50.467494876268454, -21.607066921612891 ], [ -50.467473127412674, -21.607176655051852 ], [ -50.467452256864171, -21.607287965261758 ], [ -50.467451944984468, -21.607289575025387 ], [ -50.467430221180919, -21.607398194608681 ], [ -50.467410468648595, -21.607508809434915 ], [ -50.467409897916063, -21.607511810442791 ], [ -50.46738815799187, -21.607619522440832 ], [ -50.467368393050592, -21.607728230240362 ], [ -50.467367945459067, -21.607730574944473 ], [ -50.467346200861719, -21.60783929849725 ], [ -50.467326625374874, -21.607947943078113 ], [ -50.467308801803256, -21.608056865600233 ], [ -50.467308393412985, -21.608059230145901 ], [ -50.467288393524015, -21.608169230166183 ], [ -50.467288354084658, -21.608169446093527 ], [ -50.467268572669091, -21.608277255421903 ], [ -50.467250786123529, -21.608384963518116 ], [ -50.467232802272363, -21.608494865533416 ], [ -50.467232504052305, -21.608496616141768 ], [ -50.467217581017152, -21.608580887903337 ], [ -50.467217581017273, -21.608580999928321 ], [ -50.466908418986115, -21.608580999928051 ], [ -50.466908418986819, -21.608580339766821 ], [ -50.466907708202456, -21.608583739187139 ], [ -50.466884708311788, -21.608693739210018 ], [ -50.466884460760539, -21.608694897986368 ], [ -50.46686046086927, -21.608804898010106 ], [ -50.466557539194021, -21.608747101853147 ], [ -50.466562702352029, -21.608723437491353 ], [ -50.466311053541311, -21.60867942506346 ], [ -50.466331053648908, -21.60857942504509 ], [ -50.466351053748852, -21.608479425065116 ], [ -50.466351432250669, -21.608477597745548 ], [ -50.466372236815111, -21.608380510248335 ], [ -50.466392053961876, -21.608281425028778 ], [ -50.466392316476188, -21.608280144450681 ], [ -50.466412864351824, -21.608182297908705 ], [ -50.466430482343917, -21.608082463209126 ], [ -50.466431054186948, -21.608079424953353 ], [ -50.466451003910606, -21.607979676853599 ], [ -50.466470728690673, -21.607879081009532 ], [ -50.466488482861202, -21.607779460968654 ], [ -50.466506443698051, -21.607676685682822 ], [ -50.466506713139552, -21.607675193030133 ], [ -50.46652557434949, -21.607573938680666 ], [ -50.466543443917899, -21.607471685649564 ], [ -50.466543713359769, -21.607470192994867 ], [ -50.466562554263611, -21.607369047656515 ], [ -50.466580406150541, -21.607265904042716 ], [ -50.466580444144959, -21.607265685581076 ], [ -50.466598371057884, -21.60716310441487 ], [ -50.466615300599948, -21.607062523642242 ], [ -50.466615406375382, -21.60706190397481 ], [ -50.466633406480824, -21.606957903993202 ], [ -50.466633670562551, -21.606956426758245 ], [ -50.466652534540401, -21.606854164719913 ], [ -50.466670406702768, -21.606750903959941 ], [ -50.466670444697314, -21.606750685497548 ], [ -50.466688444807794, -21.606647685480876 ], [ -50.46670644491212, -21.606544685499262 ], [ -50.466707208874702, -21.606540670598378 ], [ -50.466727796720775, -21.606440672994594 ], [ -50.466745445131913, -21.606339685465997 ], [ -50.466745861973067, -21.60633741411862 ], [ -50.46676586207743, -21.60623341413875 ], [ -50.466766005555392, -21.606232678970521 ], [ -50.46678595670371, -21.606131926200668 ], [ -50.466799389196922, -21.606062749231128 ], [ -50.466708512789879, -21.605980347907941 ], [ -50.466710631424249, -21.606023074335013 ], [ -50.466704872914413, -21.606048861487043 ], [ -50.46669041050955, -21.606079666586556 ], [ -50.466661809307453, -21.606111924711321 ], [ -50.46662106043064, -21.606142764365746 ], [ -50.466575377112918, -21.606161196787543 ], [ -50.466530562538637, -21.606171558593733 ], [ -50.466490297210093, -21.606179881604657 ], [ -50.466466210035819, -21.606188850426577 ], [ -50.466440528398444, -21.606205046787512 ], [ -50.466427191333217, -21.606219521906674 ], [ -50.466415680784031, -21.606242276914138 ], [ -50.46640343760474, -21.606284767297197 ], [ -50.466393693454499, -21.606329417199191 ], [ -50.466385947840287, -21.606374387301489 ], [ -50.466377660023568, -21.606419924924442 ], [ -50.466370759309129, -21.606464407872892 ], [ -50.46636396294705, -21.606510414508747 ], [ -50.46636144060097, -21.606542223453769 ], [ -50.466350602328887, -21.606586483527479 ], [ -50.46633448470218, -21.606677968987 ], [ -50.466324511471143, -21.606723850604361 ], [ -50.466314324545493, -21.606768864291293 ], [ -50.466292506751095, -21.606857608419929 ], [ -50.466284260864619, -21.606902516232903 ], [ -50.466275148815512, -21.6069502832114 ], [ -50.466265241384981, -21.606997982652025 ], [ -50.466256424221818, -21.607043132586384 ], [ -50.466249399113622, -21.60709019525439 ], [ -50.466242967937482, -21.607138249380718 ], [ -50.466225804827367, -21.607232357507279 ], [ -50.466218925072305, -21.607277069943873 ], [ -50.466212807847839, -21.607322086859281 ], [ -50.466205768484414, -21.607368361431313 ], [ -50.466198455213636, -21.607413933827612 ], [ -50.46618996913466, -21.607460393955204 ], [ -50.46617470679714, -21.607554752665642 ], [ -50.466166775750253, -21.607600584973643 ], [ -50.466160545766265, -21.607645740529506 ], [ -50.466154472985799, -21.60769271623624 ], [ -50.466138613672307, -21.607783953366262 ], [ -50.466130391880974, -21.607828546285369 ], [ -50.466114168812453, -21.607920198143368 ], [ -50.466105325540042, -21.607966438668015 ], [ -50.466095919180056, -21.608006001973894 ], [ -50.466087080817182, -21.608052213433773 ], [ -50.466082482446652, -21.608074884924999 ], [ -50.466075960893157, -21.608119505112764 ], [ -50.46606058944225, -21.608211241565051 ], [ -50.466054109686844, -21.608257471262075 ], [ -50.466045506559695, -21.608304563501346 ], [ -50.466037674846348, -21.608349905025197 ], [ -50.466035000907659, -21.608367979759521 ], [ -50.466029116287828, -21.60841427407706 ], [ -50.466021602116143, -21.608461913408931 ], [ -50.466014520172926, -21.608508948259132 ], [ -50.466009632550922, -21.608556889379216 ], [ -50.466004085632314, -21.608580638436131 ], [ -50.46599167996888, -21.60861313118912 ], [ -50.465963792997016, -21.608656302523382 ], [ -50.465936506834851, -21.608696383645402 ], [ -50.465924132943357, -21.608716151763812 ], [ -50.465894093958397, -21.608756747156054 ], [ -50.465873682152939, -21.608895587929563 ], [ -50.465947354586099, -21.60890712643689 ], [ -50.465996047677166, -21.608912844051147 ], [ -50.466045611672349, -21.608916749581152 ], [ -50.466094987090337, -21.60892027774414 ], [ -50.466144378465934, -21.608924503049003 ], [ -50.466241396422348, -21.608933623401644 ], [ -50.466291417522164, -21.608938040163302 ], [ -50.46633968310875, -21.608942692374185 ], [ -50.4664888287544, -21.608955116036885 ], [ -50.466538396125756, -21.608959860166443 ], [ -50.466639051747457, -21.608968529621023 ], [ -50.466688397762354, -21.60897239107107 ], [ -50.466736958903276, -21.608977287092177 ], [ -50.466785973031939, -21.60898084396668 ], [ -50.466885197298971, -21.608991929590317 ], [ -50.46693321081797, -21.608996471860667 ], [ -50.466982006142629, -21.608999502534957 ], [ -50.467033545183874, -21.609004075517877 ], [ -50.467085245092534, -21.609009211243766 ], [ -50.46713476190525, -21.609013691991684 ], [ -50.467185447543336, -21.609016791663031 ], [ -50.467235449298592, -21.609022086079179 ], [ -50.467365789053382, -21.609034249090506 ], [ -50.467414496694033, -21.60903778399949 ], [ -50.467464799326521, -21.609041727588728 ], [ -50.467514318355569, -21.609045259966553 ], [ -50.467564373526898, -21.609049882578482 ], [ -50.467614062316279, -21.609054959039291 ], [ -50.467712305267824, -21.609062437483995 ], [ -50.467789096845841, -21.609066450406768 ], [ -50.467836247257218, -21.609050414254185 ], [ -50.467884333780667, -21.609032378286305 ], [ -50.467977705936477, -21.608998360713858 ], [ -50.46802749682292, -21.608981055036129 ], [ -50.468122880928966, -21.608944836016487 ], [ -50.46822163116218, -21.608907826541358 ], [ -50.468271774697513, -21.60889115803171 ], [ -50.468321182816624, -21.608874028490984 ], [ -50.468368498387441, -21.608857878240705 ], [ -50.468413613484266, -21.608841500675577 ], [ -50.468561271696991, -21.608788407267433 ], [ -50.468609550390298, -21.608769954250281 ], [ -50.468657615452948, -21.608750060354701 ], [ -50.468705431578513, -21.608731078866334 ], [ -50.468754077478117, -21.608713156958139 ], [ -50.468802627411769, -21.608695575579009 ], [ -50.468848214018948, -21.608678444307422 ], [ -50.468898237620934, -21.608661957232922 ], [ -50.468992293410253, -21.608632791118293 ], [ -50.469007919638408, -21.608624627224017 ], [ -50.469014467512189, -21.608617112524701 ], [ -50.469016183689916, -21.60861242144432 ], [ -50.469015654048199, -21.608598519657278 ], [ -50.469008868250732, -21.608582698390649 ], [ -50.468982532442404, -21.608546173927191 ] ] ], [ [ [ -50.467065229691073, -21.606310108960169 ], [ -50.467061647613001, -21.60632873586707 ], [ -50.467065599318069, -21.606310459318763 ], [ -50.467065229691073, -21.606310108960169 ] ] ], [ [ [ -50.467157010488698, -21.605862655974722 ], [ -50.467178988061789, -21.605751769710409 ], [ -50.467200780834332, -21.605640825274545 ], [ -50.467216534190385, -21.605554182312591 ], [ -50.467212769716561, -21.605571464752053 ], [ -50.467193043029653, -21.605672071387779 ], [ -50.467192526381275, -21.60567458103889 ], [ -50.467170823007706, -21.605775206255217 ], [ -50.467151091056301, -21.605876826348368 ], [ -50.467150790421513, -21.605878329359061 ], [ -50.467129919923629, -21.605979700860324 ], [ -50.467110067488903, -21.606080948814064 ], [ -50.467090091386325, -21.606183826293517 ], [ -50.467089994401711, -21.606184320871623 ], [ -50.467075814601266, -21.606255929240024 ], [ -50.467076670586678, -21.606256727925636 ], [ -50.467089195414992, -21.606195737765329 ], [ -50.467112195526546, -21.606083737788243 ], [ -50.467112487752537, -21.606082351401788 ], [ -50.467136114149739, -21.605973079839629 ], [ -50.467156785746425, -21.605863816285702 ], [ -50.467157010488698, -21.605862655974722 ] ] ], [ [ [ -50.46709642675517, -21.602572626139544 ], [ -50.467086275540254, -21.602615493681466 ], [ -50.467076695720749, -21.60266147017564 ], [ -50.46706644583093, -21.602708175757346 ], [ -50.467045369020099, -21.602800512341009 ], [ -50.467035902065419, -21.602846055898453 ], [ -50.467027102240415, -21.602890340159473 ], [ -50.467018989823863, -21.602935140805329 ], [ -50.467012971716436, -21.602981502746033 ], [ -50.467005539476432, -21.603029392426702 ], [ -50.466997799961831, -21.603077607836919 ], [ -50.466983695833449, -21.603169182626456 ], [ -50.466969499838072, -21.603231945536805 ], [ -50.466959641875825, -21.603276793331254 ], [ -50.466931548273863, -21.603425752045251 ], [ -50.466923917976963, -21.60347133477811 ], [ -50.466916450618648, -21.603517813556643 ], [ -50.466900385998763, -21.6036094614234 ], [ -50.466891779827144, -21.603656648184256 ], [ -50.466880941950251, -21.603703344620698 ], [ -50.466869626350991, -21.603748083834557 ], [ -50.466858593435909, -21.603793822864443 ], [ -50.466849787449, -21.603839701034303 ], [ -50.466840564860469, -21.603885669507601 ], [ -50.466831624645394, -21.603932195377016 ], [ -50.466812752083108, -21.604025450418494 ], [ -50.466803910094818, -21.604071988784895 ], [ -50.466794569353894, -21.604116527530973 ], [ -50.466786199390619, -21.604163354527078 ], [ -50.466770503909856, -21.604254397360961 ], [ -50.466761019804956, -21.604302729952281 ], [ -50.466751945303464, -21.604347422326583 ], [ -50.466735726945167, -21.604440514699203 ], [ -50.466728444351517, -21.604487430330604 ], [ -50.466719137718648, -21.604534814667215 ], [ -50.466711249760948, -21.604581558321161 ], [ -50.466700062064326, -21.604627384551677 ], [ -50.466690349539434, -21.604674036957128 ], [ -50.466681830278475, -21.604718128744395 ], [ -50.466674097258633, -21.604763104858215 ], [ -50.466664998713789, -21.604810284653539 ], [ -50.466656880979997, -21.604854960922879 ], [ -50.466648971745094, -21.604901129144405 ], [ -50.466640532500215, -21.604946485033597 ], [ -50.466631692084697, -21.604991345143624 ], [ -50.466623338202147, -21.605035711212725 ], [ -50.46661509100349, -21.605083846601705 ], [ -50.466606611159698, -21.605131862240505 ], [ -50.466596407774745, -21.605178882459782 ], [ -50.466587259117723, -21.605223501844982 ], [ -50.466578657662481, -21.605267931767415 ], [ -50.466569916441813, -21.605316344802205 ], [ -50.466552544548477, -21.605415026311892 ], [ -50.466527210700903, -21.605554692225105 ], [ -50.466519758642612, -21.605599005285505 ], [ -50.466512894503339, -21.605647637700109 ], [ -50.466508685820521, -21.605679511344995 ], [ -50.466515329905505, -21.60569389323857 ], [ -50.466536817647786, -21.605729855134495 ], [ -50.466562756509447, -21.605767626243981 ], [ -50.466589350478507, -21.605803744799022 ], [ -50.466620366823236, -21.605836479497114 ], [ -50.466654300712108, -21.60586903785623 ], [ -50.466763346726253, -21.605967053028181 ], [ -50.466809815291896, -21.606009249263739 ], [ -50.466825956690379, -21.605926928568088 ], [ -50.466826209537075, -21.605925670482595 ], [ -50.466847055069422, -21.605824421265137 ], [ -50.466866909104112, -21.605722173533717 ], [ -50.466867473580407, -21.605719418802451 ], [ -50.466889203492372, -21.605618671513589 ], [ -50.46690895713013, -21.6055179284944 ], [ -50.466909532705913, -21.605515147001658 ], [ -50.466931367070821, -21.605414907894353 ], [ -50.466952210196041, -21.605313670367341 ], [ -50.466973210297603, -21.605211670388286 ], [ -50.466973264261682, -21.605211409569296 ], [ -50.466994106626636, -21.605111168219551 ], [ -50.467013957676265, -21.605009928402826 ], [ -50.467014593863823, -21.605006870032067 ], [ -50.467036285604664, -21.604908271674908 ], [ -50.467055982372507, -21.604808803518523 ], [ -50.467075958002013, -21.604706928348222 ], [ -50.467076210850692, -21.604705670252834 ], [ -50.467097133369073, -21.604604047104754 ], [ -50.467117032598338, -21.604504551475159 ], [ -50.467136857777085, -21.604404434848583 ], [ -50.467155716753751, -21.604303192486931 ], [ -50.467156058252414, -21.604301424260306 ], [ -50.4671760079748, -21.604201676166781 ], [ -50.46719573274811, -21.604101080357065 ], [ -50.467213526937705, -21.604001235765786 ], [ -50.467214058578421, -21.60399842420474 ], [ -50.467233755421127, -21.603899940503982 ], [ -50.467251486936831, -21.603799462508135 ], [ -50.467251958988079, -21.603796928145801 ], [ -50.467271882356556, -21.60369531950575 ], [ -50.467290641839753, -21.603596585925029 ], [ -50.467308487262812, -21.603495462458401 ], [ -50.467308762235014, -21.603493954029716 ], [ -50.467327663593629, -21.603393478943175 ], [ -50.467345527895638, -21.603294233395772 ], [ -50.467363487593936, -21.603192462373805 ], [ -50.467381487697146, -21.603090462392142 ], [ -50.467381808579809, -21.603088711128507 ], [ -50.467400663993459, -21.602989472653615 ], [ -50.467403458551118, -21.602973792171881 ], [ -50.467375909195802, -21.602937525826473 ], [ -50.467318617601229, -21.602862615435445 ], [ -50.467289980898094, -21.60282477639727 ], [ -50.46720379078041, -21.602712903822621 ], [ -50.467145363769532, -21.6026364283248 ], [ -50.467114818346644, -21.602597081241111 ], [ -50.46709642675517, -21.602572626139544 ] ] ], [ [ [ -50.467800797483143, -21.604026866214387 ], [ -50.467800389082015, -21.604029230822889 ], [ -50.467780621332025, -21.604137954072467 ], [ -50.467779272836985, -21.604146269845394 ], [ -50.467781081962542, -21.604137306496739 ], [ -50.46780286785738, -21.604028377589181 ], [ -50.467822691000407, -21.603921333218416 ], [ -50.467842670763773, -21.603813443103419 ], [ -50.467862650709314, -21.603704553018705 ], [ -50.467862691233407, -21.603704333181323 ], [ -50.467872796942459, -21.603649762659966 ], [ -50.467868907916582, -21.603644388306613 ], [ -50.467867525558042, -21.603642477986778 ], [ -50.467857495917357, -21.603697641327095 ], [ -50.467838598006296, -21.603807050946866 ], [ -50.467838427260411, -21.603808018616544 ], [ -50.467818621050107, -21.603917943720923 ], [ -50.467800797483143, -21.604026866214387 ] ] ], [ [ [ -50.467958600514642, -21.603165826093594 ], [ -50.467977405149625, -21.603059926929465 ], [ -50.467990826427858, -21.602980145381956 ], [ -50.46797813107888, -21.603043622457051 ], [ -50.467958308167091, -21.603150666782266 ], [ -50.467957940526745, -21.603152575783202 ], [ -50.467936153238135, -21.603261512793033 ], [ -50.467916476883993, -21.603368749532027 ], [ -50.46791156278524, -21.603397199749296 ], [ -50.467914041594661, -21.60340048200883 ], [ -50.467916269541547, -21.603403432094417 ], [ -50.467920488345897, -21.603380439741471 ], [ -50.467938337557577, -21.603275328363189 ], [ -50.46793869169624, -21.603273333107602 ], [ -50.467958600514642, -21.603165826093594 ] ] ] ] } },
{ "type": "Feature", "properties": { "CHAVE": null, "FAZENDA": "Faz. ABC", "NOME_FAZ": null, "ZONA": null, "TALHAO": null, "AREA_TOTAL": null, "TIPO_GEO": "VOO_PROCESSADO", "DATA_INICI": "26-03-2026", "DATA_FINAL": "26-03-2026", "HORA_INICI": "12:15:53", "HORA_FINAL": "12:15:53", "CLASSE": "APLICADO FORA DO TALHÃO", "PILOTO": "valmir alves", "AERONAVE": "PS-CBA", "AREA_HA": 2.1976644201e-05 }, "geometry": { "type": "MultiPolygon", "coordinates": [ [ [ [ -50.470412598145458, -21.607659750784553 ], [ -50.470391278046705, -21.60769751671581 ], [ -50.470391017293892, -21.607697974357091 ], [ -50.470368262312739, -21.607737545493414 ], [ -50.470368142934539, -21.607737754404454 ], [ -50.470344675010132, -21.607779083406474 ], [ -50.470344238954979, -21.607779869857886 ], [ -50.470300652665792, -21.607860402994302 ], [ -50.47030047469849, -21.607860729623248 ], [ -50.470278349442808, -21.607901066670351 ], [ -50.47027824650538, -21.607901255426597 ], [ -50.470270834934752, -21.607914925125321 ], [ -50.470365517565064, -21.607929536731653 ], [ -50.470383517461826, -21.607827536713334 ], [ -50.47038366320497, -21.607826695398995 ], [ -50.470400572255706, -21.607727229783563 ], [ -50.470412598145458, -21.607659750784553 ] ] ], [ [ [ -50.470743144786759, -21.607058575172505 ], [ -50.470735273602095, -21.607072792757251 ], [ -50.470735124621086, -21.60707306409881 ], [ -50.470713593294882, -21.607112607431574 ], [ -50.47071196420972, -21.607115431846445 ], [ -50.470700874248394, -21.607133614800748 ], [ -50.470700874247775, -21.607133614804805 ], [ -50.470688410657566, -21.607154049939851 ], [ -50.470687849341715, -21.607154996435455 ], [ -50.470665423852068, -21.607193902172956 ], [ -50.470664963976873, -21.607194719918674 ], [ -50.470642358376118, -21.607235934663102 ], [ -50.470640924359145, -21.60723842020699 ], [ -50.470617479758353, -21.607277104478261 ], [ -50.470616079956194, -21.607279591507751 ], [ -50.47059566245963, -21.607318778692985 ], [ -50.470594713505847, -21.607320534792997 ], [ -50.470572601337231, -21.607360019915077 ], [ -50.470572221812695, -21.60736071205671 ], [ -50.470550291755913, -21.607401568616318 ], [ -50.470549936567274, -21.607402244334232 ], [ -50.470528491975443, -21.607443914578635 ], [ -50.470526943016338, -21.607446751766613 ], [ -50.470503990050396, -21.607486460541743 ], [ -50.470503418679215, -21.607487479846416 ], [ -50.47048201338918, -21.60752687855776 ], [ -50.470481611295526, -21.607527636132982 ], [ -50.470459861084628, -21.607569597035532 ], [ -50.470459707938552, -21.607569895265012 ], [ -50.470438393966496, -21.607611793562068 ], [ -50.470552569988968, -21.607631151517495 ], [ -50.470561502874773, -21.60761438611193 ], [ -50.470561845028172, -21.607613752292799 ], [ -50.470583724182639, -21.607573744834195 ], [ -50.470583902639142, -21.607573420669095 ], [ -50.470628359634077, -21.60749319587266 ], [ -50.470628756422933, -21.607492463637072 ], [ -50.470671819713537, -21.607411170876123 ], [ -50.470672674001754, -21.607409609336042 ], [ -50.470695480433129, -21.607369219784808 ], [ -50.470695917070401, -21.607368427687618 ], [ -50.470718500100759, -21.60732644853071 ], [ -50.470719079238457, -21.607325395022201 ], [ -50.470742374082747, -21.607283915135348 ], [ -50.470742489051879, -21.607283709130453 ], [ -50.470811348122481, -21.60715954788424 ], [ -50.470811782675298, -21.60715874485885 ], [ -50.470831972359818, -21.607120494542407 ], [ -50.470832641816358, -21.607119258240161 ], [ -50.470855286828019, -21.607078479189806 ], [ -50.470855458674336, -21.607078171657285 ], [ -50.470878787576581, -21.607036681888825 ], [ -50.470879061271312, -21.607036199853354 ], [ -50.470902245317454, -21.60699576176016 ], [ -50.470902839692172, -21.606994690942219 ], [ -50.470946680256908, -21.6069130604943 ], [ -50.470946958516869, -21.606912533868748 ], [ -50.470967847647714, -21.60687234393264 ], [ -50.470968367303655, -21.606871364317854 ], [ -50.470990673462147, -21.606830153172236 ], [ -50.470991335668643, -21.606828880642759 ], [ -50.471011264153496, -21.606789009537891 ], [ -50.471012796062304, -21.606786125364938 ], [ -50.471035487602784, -21.606745835849399 ], [ -50.471035796406213, -21.606745278192275 ], [ -50.471080621382136, -21.606662933603101 ], [ -50.471080819167, -21.606662572940696 ], [ -50.471094991114761, -21.606636920157896 ], [ -50.471102490343164, -21.60659368905176 ], [ -50.471120347690182, -21.606495473079555 ], [ -50.471138302589949, -21.606398715576116 ], [ -50.471108304633844, -21.606393847510663 ], [ -50.47109810831352, -21.606411976691994 ], [ -50.4710978106393, -21.606412514684905 ], [ -50.471053086176461, -21.606494691376668 ], [ -50.471019404502719, -21.60655597356428 ], [ -50.471007006524246, -21.606571733267451 ], [ -50.471000239623827, -21.606583804799047 ], [ -50.470993231054116, -21.606602852732941 ], [ -50.470960971289308, -21.606659780092023 ], [ -50.470960661259021, -21.606660321248718 ], [ -50.470937266644263, -21.60670071576634 ], [ -50.47093711865454, -21.606700973280375 ], [ -50.470913798218405, -21.606741869512767 ], [ -50.470913275116452, -21.606742813446488 ], [ -50.47089141388058, -21.606783424688327 ], [ -50.470890874290937, -21.606784407058377 ], [ -50.470869101945716, -21.606823263086621 ], [ -50.470868360593357, -21.606824643013216 ], [ -50.470847993681701, -21.606864225740996 ], [ -50.470847669824565, -21.606864847021455 ], [ -50.470825586286821, -21.606906668694112 ], [ -50.470824889027362, -21.60690795451892 ], [ -50.470802977339261, -21.606947318264972 ], [ -50.470802582178365, -21.606948044061603 ], [ -50.470758876473909, -21.607030140897333 ], [ -50.470758358110025, -21.607031095609763 ], [ -50.470743144785779, -21.607058575177422 ], [ -50.470743144786759, -21.607058575172505 ] ] ], [ [ [ -50.46782811223364, -21.607122230855829 ], [ -50.467701322811621, -21.607112991077585 ], [ -50.467707446241043, -21.60712174503379 ], [ -50.467708552511688, -21.607123258581478 ], [ -50.467737039545007, -21.607160584156968 ], [ -50.467738330217642, -21.607162197906106 ], [ -50.467768178877662, -21.607197832438228 ], [ -50.46776850709422, -21.607198219890748 ], [ -50.4678007411039, -21.607235846637515 ], [ -50.467801193855173, -21.607236367163672 ], [ -50.46780681080557, -21.607242727855613 ], [ -50.467825079547417, -21.607148892452155 ], [ -50.467827112246226, -21.607134230856996 ], [ -50.46782811223364, -21.607122230855829 ] ] ], [ [ [ -50.467551919278002, -21.606617186594757 ], [ -50.467551192661659, -21.606616744088967 ], [ -50.467511456714583, -21.606593017291708 ], [ -50.467389109174249, -21.606576556721993 ], [ -50.467384745530239, -21.606582885674165 ], [ -50.467380910121712, -21.606597008887597 ], [ -50.467382082115023, -21.606611539141035 ], [ -50.46738813956437, -21.606624964545237 ], [ -50.467423907808922, -21.606678166617247 ], [ -50.467424132543243, -21.606678503071041 ], [ -50.467450059930194, -21.606717573487558 ], [ -50.467451358337669, -21.606719608676286 ], [ -50.467476286187242, -21.60676028193955 ], [ -50.467476872364863, -21.606761212409797 ], [ -50.467503066940523, -21.60680167847697 ], [ -50.467503899608403, -21.606802998263511 ], [ -50.467529679401736, -21.606844935885633 ], [ -50.467529978143652, -21.606845426588563 ], [ -50.467537351960658, -21.606857656795636 ], [ -50.46753985212306, -21.606845042273747 ], [ -50.467562636879038, -21.606736071160789 ], [ -50.467583861339307, -21.60663702320026 ], [ -50.467551919278002, -21.606617186594757 ] ] ] ] } },
{ "type": "Feature", "properties": { "CHAVE": null, "FAZENDA": "Faz. ABC", "NOME_FAZ": null, "ZONA": null, "TALHAO": null, "AREA_TOTAL": null, "TIPO_GEO": "VOO_PROCESSADO", "DATA_INICI": "26-03-2026", "DATA_FINAL": "26-03-2026", "HORA_INICI": "12:15:53", "HORA_FINAL": "12:15:53", "CLASSE": "SOBREPOSIÇÃO", "PILOTO": "valmir alves", "AERONAVE": "PS-CBA", "AREA_HA": 0.00012893358852299999 }, "geometry": { "type": "MultiPolygon", "coordinates": [ [ [ [ -50.470667410741434, -21.607434371925446 ], [ -50.4706722606049, -21.607410364977692 ], [ -50.470671819713537, -21.607411170876123 ], [ -50.470660046302946, -21.607433396141282 ], [ -50.470667410741434, -21.607434371925446 ] ] ], [ [ [ -50.470485717744296, -21.607218368689217 ], [ -50.47050269953818, -21.6071174762283 ], [ -50.470502942785124, -21.607115980099074 ], [ -50.470518842135874, -21.60701462106174 ], [ -50.470535610032719, -21.606914013049565 ], [ -50.470553476157498, -21.606813763650692 ], [ -50.47055373523385, -21.606812261203938 ], [ -50.470570665533664, -21.606710678768017 ], [ -50.470588424332924, -21.606608071753495 ], [ -50.470607241087414, -21.606508045293463 ], [ -50.470607516038292, -21.606506536964456 ], [ -50.470625269874752, -21.6064059312971 ], [ -50.470642447815855, -21.606319182238209 ], [ -50.47058188856375, -21.606314768934652 ], [ -50.470581618796018, -21.606318006106495 ], [ -50.470564535070181, -21.60639713034692 ], [ -50.470542592174155, -21.606496870313975 ], [ -50.470542375456418, -21.606497873363622 ], [ -50.470521375358196, -21.606596873342827 ], [ -50.470521055691677, -21.606598424705801 ], [ -50.470501055591754, -21.606698424685788 ], [ -50.470481055484164, -21.606798424704127 ], [ -50.470461107738892, -21.606898162912412 ], [ -50.470441161034657, -21.606995901265623 ], [ -50.47044105526345, -21.606996424778824 ], [ -50.470421055163527, -21.607096424758815 ], [ -50.470401107417977, -21.607196162968435 ], [ -50.470381160713814, -21.607293901321324 ], [ -50.470381107050819, -21.607294165603662 ], [ -50.470361106951991, -21.607393165583687 ], [ -50.470360803864914, -21.60739471190568 ], [ -50.470341851258773, -21.607494461917817 ], [ -50.470322899593583, -21.607592212087116 ], [ -50.470421459207408, -21.607608922361052 ], [ -50.470435699793974, -21.607523478305669 ], [ -50.470452662778619, -21.607423695429464 ], [ -50.470452974248488, -21.607421780593487 ], [ -50.470468859060325, -21.607319521428181 ], [ -50.470485717744296, -21.607218368689217 ] ] ], [ [ [ -50.47076483892733, -21.606952098576901 ], [ -50.470764944682074, -21.606951575139792 ], [ -50.470784944582142, -21.606851575119784 ], [ -50.470804944474544, -21.606751575138141 ], [ -50.470824789068125, -21.606652351655189 ], [ -50.470845518145765, -21.606554628382828 ], [ -50.470867407790841, -21.60645512952766 ], [ -50.470867521173695, -21.606454609309996 ], [ -50.470886521086591, -21.606366609291207 ], [ -50.470887794949199, -21.606358063220014 ], [ -50.470833697464954, -21.606349284285425 ], [ -50.470815697367243, -21.606446284267225 ], [ -50.470815608244642, -21.606446769438453 ], [ -50.470797608144714, -21.606545769420197 ], [ -50.470797415676124, -21.606546852882289 ], [ -50.470780645001639, -21.60664353030705 ], [ -50.470761900503774, -21.606740211934138 ], [ -50.470760782044955, -21.606746858548767 ], [ -50.47074705230645, -21.606842966013584 ], [ -50.470730375925939, -21.606940080813771 ], [ -50.470729980198421, -21.60694251788701 ], [ -50.470714980098109, -21.607040517871411 ], [ -50.470714949209778, -21.607040720698297 ], [ -50.470700874248394, -21.607133614800748 ], [ -50.47071196420972, -21.607115431846445 ], [ -50.470713593294882, -21.607112607431574 ], [ -50.470735124621086, -21.60707306409881 ], [ -50.470735273602095, -21.607072792757251 ], [ -50.470743144786759, -21.607058575172505 ], [ -50.470744892425856, -21.607049836931623 ], [ -50.47076483892733, -21.606952098576901 ] ] ], [ [ [ -50.469534640859699, -21.607053052082129 ], [ -50.469556640756487, -21.606949052060312 ], [ -50.469556844067561, -21.606948073226153 ], [ -50.469577717361439, -21.606845694168499 ], [ -50.469599584853178, -21.606743314050867 ], [ -50.469599640525615, -21.60674305214194 ], [ -50.469621640422403, -21.606639052120098 ], [ -50.469621843733869, -21.606638073284035 ], [ -50.469642743772205, -21.606535563050439 ], [ -50.469664612483541, -21.606432183180775 ], [ -50.469686584406865, -21.606329314131429 ], [ -50.469686943984826, -21.606327575250759 ], [ -50.469707769778537, -21.606223445741765 ], [ -50.469729481375808, -21.606121795497447 ], [ -50.469752374973453, -21.606018276136396 ], [ -50.469752584061595, -21.606017314233991 ], [ -50.469774583959506, -21.605914314212196 ], [ -50.469774943538425, -21.605912575326926 ], [ -50.469795522076993, -21.605809682101039 ], [ -50.469819034012112, -21.605708776264343 ], [ -50.469819842729663, -21.605705073458243 ], [ -50.469840769021722, -21.605602434455648 ], [ -50.469858903651065, -21.605515882387007 ], [ -50.469810757947073, -21.605507965337193 ], [ -50.469788881973621, -21.605624305097543 ], [ -50.469766012544277, -21.605739645961982 ], [ -50.469765757696798, -21.605740965377613 ], [ -50.469743861209331, -21.605857414234571 ], [ -50.469720969281916, -21.605973863857525 ], [ -50.469720927316359, -21.605974078241875 ], [ -50.469697927198112, -21.606092078218786 ], [ -50.469697718771599, -21.606093171310679 ], [ -50.469675737842806, -21.606211068360881 ], [ -50.469653757074241, -21.606327965436922 ], [ -50.469653518561834, -21.606329268803002 ], [ -50.469632791232243, -21.60644573597342 ], [ -50.469609099075143, -21.606563208979214 ], [ -50.469608483907201, -21.606566462954355 ], [ -50.469587579933908, -21.606684918102822 ], [ -50.469565680409438, -21.606803373953227 ], [ -50.46956564370354, -21.606803573328474 ], [ -50.469543643582504, -21.60692357330619 ], [ -50.469543264655293, -21.606925738719603 ], [ -50.469523387117292, -21.607045003200071 ], [ -50.469502579589943, -21.607161921001136 ], [ -50.469480643198082, -21.607281573366844 ], [ -50.469458643069238, -21.60740157338719 ], [ -50.469447576051678, -21.607461938594255 ], [ -50.469449585619394, -21.607462313952784 ], [ -50.469471585517304, -21.607359313930974 ], [ -50.469471995711856, -21.607357320706438 ], [ -50.469491945974347, -21.607256571352032 ], [ -50.469512689976654, -21.60715383862215 ], [ -50.469534469020154, -21.607053852537259 ], [ -50.469534640859699, -21.607053052082129 ] ] ], [ [ [ -50.468534627109548, -21.606328712956941 ], [ -50.468534519864448, -21.60632920195615 ], [ -50.468509519750739, -21.606444201931446 ], [ -50.468509147512364, -21.606445970636774 ], [ -50.468486327613157, -21.606558085222439 ], [ -50.46846674032836, -21.606648186302685 ], [ -50.468556028127317, -21.606687227631738 ], [ -50.468558028124384, -21.606683227630032 ], [ -50.468571380706408, -21.606639964095841 ], [ -50.468586355627323, -21.606528150475651 ], [ -50.468602330025242, -21.606411336793418 ], [ -50.468618329900274, -21.606294336808475 ], [ -50.468618619846374, -21.60629207506782 ], [ -50.468632611535767, -21.606175143491704 ], [ -50.468646603156458, -21.606059211908999 ], [ -50.468646750613438, -21.606057939598724 ], [ -50.468659750491689, -21.605940939584421 ], [ -50.468659872098812, -21.60593980131252 ], [ -50.468671871976738, -21.605822801299109 ], [ -50.468658687301158, -21.605821618715339 ], [ -50.468676271914553, -21.605725879720222 ], [ -50.468695194187035, -21.605626288266414 ], [ -50.468695346918352, -21.605625470796124 ], [ -50.468713225738917, -21.605528129998859 ], [ -50.468732098041748, -21.605430788124607 ], [ -50.468732841922382, -21.605426602116559 ], [ -50.468748716859423, -21.605328375308222 ], [ -50.46876558285998, -21.605231147189652 ], [ -50.46876587568488, -21.605229390877973 ], [ -50.468781734939, -21.605130269891955 ], [ -50.468798582647636, -21.60503314722154 ], [ -50.468798621976404, -21.605032919350428 ], [ -50.468815621875969, -21.604933919333046 ], [ -50.468815806398354, -21.604932817625517 ], [ -50.468831806298532, -21.604834817609021 ], [ -50.46883207835247, -21.604833080640294 ], [ -50.468846865025647, -21.604734502131183 ], [ -50.46886362155751, -21.604636919380418 ], [ -50.46886365974138, -21.604636695896588 ], [ -50.468880659639851, -21.604536695879151 ], [ -50.468880805973178, -21.604535817685939 ], [ -50.468896697249193, -21.604438482997221 ], [ -50.468913581905547, -21.604341147332971 ], [ -50.468913659424125, -21.60434069594336 ], [ -50.46893050828443, -21.604241584391847 ], [ -50.468948345334375, -21.604144471012603 ], [ -50.46894838922384, -21.604144230844394 ], [ -50.468966247390455, -21.604046010365277 ], [ -50.468977921541828, -21.603985795997886 ], [ -50.468942359309686, -21.603982120484297 ], [ -50.468929501537524, -21.604090916049469 ], [ -50.468914665337074, -21.604199714013685 ], [ -50.46889966521961, -21.604309714027803 ], [ -50.468884815844376, -21.604418608608142 ], [ -50.46886798467947, -21.604528505461527 ], [ -50.468867833729043, -21.604529516495631 ], [ -50.46885189412184, -21.604639100505182 ], [ -50.468835119593223, -21.604749614284103 ], [ -50.468816299083478, -21.604861546092661 ], [ -50.468815784103668, -21.6048648583042 ], [ -50.46880010353339, -21.604974621491571 ], [ -50.468780515616515, -21.605085292567573 ], [ -50.468760533806879, -21.605197190047626 ], [ -50.468760461816579, -21.605197596759378 ], [ -50.468740479384941, -21.605311495942079 ], [ -50.468720699872236, -21.605423249530769 ], [ -50.468698922178817, -21.605535107084663 ], [ -50.468698879538955, -21.605535327062245 ], [ -50.468677010436593, -21.605648648164003 ], [ -50.468654148258558, -21.605760970465042 ], [ -50.468654056635089, -21.605761424562708 ], [ -50.46864231151018, -21.605820149906794 ], [ -50.468642311505363, -21.605820149906354 ], [ -50.468642311502627, -21.605820149920021 ], [ -50.468364128055754, -21.605795198559168 ], [ -50.468352186330307, -21.605911629184934 ], [ -50.468339320139975, -21.606027423799635 ], [ -50.468333467577878, -21.606075916033721 ], [ -50.468580435107299, -21.606119992849077 ], [ -50.468559573157513, -21.606215957347732 ], [ -50.468534627109548, -21.606328712956941 ] ] ], [ [ [ -50.469348243610291, -21.606966034278489 ], [ -50.46934860847135, -21.606964009675064 ], [ -50.469368608353697, -21.60684800965462 ], [ -50.469388608229323, -21.606732009673209 ], [ -50.469408591293771, -21.60661610719723 ], [ -50.469428574223507, -21.606501204661207 ], [ -50.469428766244135, -21.60650007220659 ], [ -50.469447672511933, -21.606385638809147 ], [ -50.469467573976836, -21.60627120469832 ], [ -50.469467948849669, -21.606268935570164 ], [ -50.469485948732142, -21.606153935551497 ], [ -50.469503948609066, -21.606038935568314 ], [ -50.469521948485983, -21.605923935585157 ], [ -50.469522122054485, -21.605922794965743 ], [ -50.469538925157032, -21.605809126113819 ], [ -50.469557701832962, -21.605697453608997 ], [ -50.469557919979238, -21.605696115398736 ], [ -50.469575905425387, -21.605582206817811 ], [ -50.469593890747468, -21.60546929822042 ], [ -50.469594070323922, -21.605468138642284 ], [ -50.469610968919753, -21.605355811899585 ], [ -50.469628860749189, -21.605244484235289 ], [ -50.469629096036108, -21.60524296540304 ], [ -50.469644836841248, -21.605137408674157 ], [ -50.469622057296952, -21.605133424423329 ], [ -50.469621109656522, -21.60513816260087 ], [ -50.469601162954895, -21.605235900941359 ], [ -50.469600909568967, -21.605237173437498 ], [ -50.469581125896546, -21.605339058805434 ], [ -50.469559360877611, -21.605441947480706 ], [ -50.469559306711012, -21.605442204765147 ], [ -50.469537306606682, -21.605547204743306 ], [ -50.469537157432654, -21.605547926425192 ], [ -50.469516535810442, -21.60564907005849 ], [ -50.469492965954025, -21.605750223576258 ], [ -50.469492056625128, -21.605754424556366 ], [ -50.469471230615717, -21.605858554063104 ], [ -50.469449518799344, -21.605960204346175 ], [ -50.469426624987946, -21.606063723704324 ], [ -50.469426415879475, -21.606064685691088 ], [ -50.469404415777383, -21.606167685669291 ], [ -50.469404056178725, -21.606169424632537 ], [ -50.469383230168845, -21.606273554141584 ], [ -50.469361415553138, -21.606375685709772 ], [ -50.469361359862262, -21.606375947702837 ], [ -50.469339359759054, -21.606479947681002 ], [ -50.469339156428454, -21.606480926599382 ], [ -50.469318256177431, -21.606583436832675 ], [ -50.469296387243141, -21.606686816742332 ], [ -50.469274415106831, -21.606789685790336 ], [ -50.469274156094762, -21.606790926657279 ], [ -50.469253255843526, -21.606893436891635 ], [ -50.469231443913841, -21.606996547326464 ], [ -50.469209530943168, -21.607097147304209 ], [ -50.469209104770385, -21.607099178029966 ], [ -50.469194198339693, -21.607172999973567 ], [ -50.469231678152632, -21.607172999982357 ], [ -50.469231264597227, -21.60717773307849 ], [ -50.469307529207555, -21.607189466122264 ], [ -50.469326391026655, -21.607082250935989 ], [ -50.469348243610291, -21.606966034278489 ] ] ], [ [ [ -50.468789852659867, -21.606613029248656 ], [ -50.468812672326322, -21.606500914663911 ], [ -50.468837427028028, -21.606387042493136 ], [ -50.46886237284302, -21.606274286881821 ], [ -50.468862480066427, -21.606273797976844 ], [ -50.468887479952706, -21.60615879795213 ], [ -50.468887667142596, -21.606157923051732 ], [ -50.468911667029396, -21.606043923027897 ], [ -50.468911852046425, -21.606043029354915 ], [ -50.468934851933739, -21.605930029331972 ], [ -50.468934943538457, -21.605929575322598 ], [ -50.468957898000347, -21.605814802416976 ], [ -50.468980851688308, -21.60570202937447 ], [ -50.468981120632229, -21.605700672821822 ], [ -50.469003099289075, -21.605586782804124 ], [ -50.469025077765217, -21.605473892755271 ], [ -50.46902550294606, -21.605471604712434 ], [ -50.469045502831712, -21.605358604692046 ], [ -50.469045538351104, -21.605358403122104 ], [ -50.469065502551011, -21.605244606505632 ], [ -50.469076218103794, -21.605184599059367 ], [ -50.469065981867381, -21.605236803588259 ], [ -50.469046006473029, -21.605337678800005 ], [ -50.469045957278666, -21.605337928454244 ], [ -50.46902595717652, -21.605439928434166 ], [ -50.469006230273131, -21.605540535108883 ], [ -50.468984532526228, -21.60564014701788 ], [ -50.468983956950737, -21.605642928509194 ], [ -50.46896395684859, -21.605744928489127 ], [ -50.468943956738912, -21.605846928507514 ], [ -50.468924229834826, -21.605947535185752 ], [ -50.468902532087114, -21.60604714709843 ], [ -50.468901956513122, -21.60604992858255 ], [ -50.468881956410968, -21.606151928562483 ], [ -50.468862105352748, -21.606253168423002 ], [ -50.468841366064396, -21.606352914026136 ], [ -50.468819502051574, -21.606454283053043 ], [ -50.468797531539067, -21.606555147199007 ], [ -50.468797208804425, -21.606556670633481 ], [ -50.468776337656095, -21.606658044271907 ], [ -50.468754472413941, -21.606759418998131 ], [ -50.468754262540003, -21.606760409895514 ], [ -50.468733686379117, -21.606859370938821 ], [ -50.468711020194775, -21.60695381296669 ], [ -50.468717853027968, -21.606955029184899 ], [ -50.468740761902673, -21.606842476313549 ], [ -50.468764575606819, -21.606729360661586 ], [ -50.468789480444542, -21.606614797861987 ], [ -50.468789852659867, -21.606613029248656 ] ] ], [ [ [ -50.469122527319804, -21.606511580924845 ], [ -50.469144527218837, -21.606409580903076 ], [ -50.469144737073989, -21.606408590084612 ], [ -50.469165736973544, -21.606307590063729 ], [ -50.469166043756353, -21.606306071281217 ], [ -50.469186043654204, -21.60620407126115 ], [ -50.469205770334405, -21.606103464659544 ], [ -50.469227467876216, -21.606003852743054 ], [ -50.469228043428409, -21.606001071336198 ], [ -50.469248043326267, -21.605899071316138 ], [ -50.46926804321658, -21.605797071334514 ], [ -50.469287769896091, -21.60569646473644 ], [ -50.469309467437093, -21.605596852823631 ], [ -50.469310042990791, -21.605594071409552 ], [ -50.469330042888657, -21.605492071389495 ], [ -50.46935001829921, -21.605390196255371 ], [ -50.469369993484058, -21.605289321042168 ], [ -50.469370042662817, -21.605289071464505 ], [ -50.46938999313172, -21.605187323533613 ], [ -50.46940994264736, -21.60508757543699 ], [ -50.469410042445617, -21.605087071500915 ], [ -50.469429992914442, -21.604985323570439 ], [ -50.469449942430025, -21.60488557547405 ], [ -50.469449993041927, -21.604885321154022 ], [ -50.469469967748957, -21.604784448354092 ], [ -50.469489942213777, -21.60468457551093 ], [ -50.469405831746464, -21.604669864096572 ], [ -50.469393089785832, -21.604753810552232 ], [ -50.46937523379367, -21.604861937819315 ], [ -50.469374904366589, -21.604864034443214 ], [ -50.469358031716332, -21.604977179655986 ], [ -50.469340169974572, -21.605087326352148 ], [ -50.469339904126016, -21.605089034474656 ], [ -50.469323017343335, -21.605202274457042 ], [ -50.469305139184932, -21.605313515606522 ], [ -50.469304929837477, -21.605314861235446 ], [ -50.469288016998448, -21.605427281088481 ], [ -50.469270109185175, -21.605539701621311 ], [ -50.469270080184785, -21.60553988448023 ], [ -50.469252185792705, -21.605653214879112 ], [ -50.469233298102523, -21.605765546232274 ], [ -50.469232878108386, -21.60576820491195 ], [ -50.46921596234553, -21.605882634261139 ], [ -50.469198051443733, -21.605997064256421 ], [ -50.469180051320649, -21.606112064273251 ], [ -50.469162229000695, -21.606225928334236 ], [ -50.469142425958481, -21.606339795142262 ], [ -50.469142233922469, -21.606340927673578 ], [ -50.469123327415488, -21.606455361070868 ], [ -50.469103425711815, -21.606569795179379 ], [ -50.469103391946511, -21.606569990169181 ], [ -50.469083391828867, -21.60668599014873 ], [ -50.469074218067234, -21.606739197643826 ], [ -50.469079527547727, -21.606714580843221 ], [ -50.469079791357295, -21.606713329250038 ], [ -50.469100634265509, -21.606612091757441 ], [ -50.46912246842426, -21.606511852642477 ], [ -50.469122527319804, -21.606511580924845 ] ] ], [ [ [ -50.466977946006182, -21.608252574889836 ], [ -50.466999829360908, -21.608143157548135 ], [ -50.467022707609907, -21.608033739292168 ], [ -50.467023036734844, -21.608032116002594 ], [ -50.467044877012093, -21.607920928548531 ], [ -50.467067707370695, -21.607811739334569 ], [ -50.467067991607564, -21.607810343542557 ], [ -50.467089900438481, -21.607699802952617 ], [ -50.467112806094626, -21.607588261801816 ], [ -50.467112991367685, -21.607587343583134 ], [ -50.467134900198474, -21.607476802993837 ], [ -50.467157688657281, -21.607365832546492 ], [ -50.4671815664462, -21.60725440232558 ], [ -50.467181756887072, -21.607253498662416 ], [ -50.467204756776617, -21.607142498639512 ], [ -50.467204805605363, -21.607142261929614 ], [ -50.46722768829639, -21.607030832610473 ], [ -50.467251566085004, -21.606919402390975 ], [ -50.467251756526274, -21.606918498725872 ], [ -50.467274756415833, -21.60680749870297 ], [ -50.467274805244685, -21.606807261992564 ], [ -50.467297518140498, -21.606696659507154 ], [ -50.467322201673809, -21.606588051465696 ], [ -50.467322805005708, -21.606585262034283 ], [ -50.467326327264466, -21.606568110078936 ], [ -50.467283996474627, -21.60656241491813 ], [ -50.467282600650719, -21.606571487712067 ], [ -50.467259434178551, -21.606679597389615 ], [ -50.467259293843689, -21.606680260321649 ], [ -50.467236293734359, -21.606790260298791 ], [ -50.467236009475386, -21.606791656185052 ], [ -50.467214123910367, -21.606902078229805 ], [ -50.467191243367878, -21.60701250116394 ], [ -50.467191009236593, -21.607013656225465 ], [ -50.46716900912557, -21.60712465620341 ], [ -50.467168743303958, -21.607126034621121 ], [ -50.467147894262226, -21.607237228893261 ], [ -50.467126054964282, -21.607346424814903 ], [ -50.467125531517738, -21.607349190446659 ], [ -50.467105799855766, -21.607459687109273 ], [ -50.467084102034271, -21.607567189397592 ], [ -50.467083607114382, -21.607569769641294 ], [ -50.467063820473079, -21.607678595545188 ], [ -50.46704205448966, -21.6077874248958 ], [ -50.467041568463216, -21.607789981916156 ], [ -50.467021568351072, -21.607900981895835 ], [ -50.467021198357941, -21.607903134278871 ], [ -50.467003391968952, -21.608011950405817 ], [ -50.466983626162218, -21.60812066171831 ], [ -50.466963645859799, -21.608229553747645 ], [ -50.466963230217445, -21.608231938378779 ], [ -50.466945230106496, -21.608340938360243 ], [ -50.466945197888847, -21.608341134345679 ], [ -50.46692734114928, -21.608450258168265 ], [ -50.466910495903271, -21.608545383702062 ], [ -50.466908418998869, -21.608568999928302 ], [ -50.466908418986819, -21.608580339766821 ], [ -50.466930586831424, -21.608474319114865 ], [ -50.466954460404494, -21.608364898051832 ], [ -50.466954707956276, -21.608363739273035 ], [ -50.466977707846937, -21.608253739250156 ], [ -50.466977946006182, -21.608252574889836 ] ] ], [ [ [ -50.466971219124389, -21.606752619496177 ], [ -50.466948337216479, -21.606863049020706 ], [ -50.466924433866325, -21.606974597448282 ], [ -50.466924194566218, -21.606975737955874 ], [ -50.466901218763574, -21.607087619559831 ], [ -50.466878336855501, -21.607198049085078 ], [ -50.466854433505127, -21.607309597513677 ], [ -50.466854194205524, -21.607310738018853 ], [ -50.46683119409397, -21.607422737995915 ], [ -50.466831008801535, -21.607423656301115 ], [ -50.466809099741155, -21.607534196889858 ], [ -50.466786193853828, -21.607645738037796 ], [ -50.466786008561655, -21.607646656341682 ], [ -50.466764146902598, -21.607756957770739 ], [ -50.466741292580949, -21.607866260505318 ], [ -50.466740963435043, -21.607867883881589 ], [ -50.466719122926783, -21.607979071335571 ], [ -50.466696292341744, -21.60808826054771 ], [ -50.466696054162391, -21.608089424994468 ], [ -50.466674170580475, -21.608198842335895 ], [ -50.466651413349297, -21.608307680727609 ], [ -50.466627539550061, -21.608417101787687 ], [ -50.466627291977034, -21.608418260654616 ], [ -50.466604291867704, -21.608528260631729 ], [ -50.466581412993548, -21.608637680791784 ], [ -50.466562702352029, -21.608723437491353 ], [ -50.466614946517353, -21.608732574798822 ], [ -50.466634946417415, -21.608632574778802 ], [ -50.466654763350995, -21.608533489596713 ], [ -50.466675567714525, -21.608436402096647 ], [ -50.466675946196716, -21.608434574853504 ], [ -50.466695817929001, -21.60833521567622 ], [ -50.466716683485686, -21.608235855391257 ], [ -50.46671751781188, -21.608231536670331 ], [ -50.466735249125428, -21.608131058633639 ], [ -50.466754945771797, -21.608032574888895 ], [ -50.466755045568121, -21.608032070962548 ], [ -50.466775045465972, -21.607930070942469 ], [ -50.466775477269778, -21.607927763489766 ], [ -50.466793477167641, -21.607826763471436 ], [ -50.466793556458391, -21.6078263141966 ], [ -50.466811425813624, -21.607724061164536 ], [ -50.466830286812858, -21.607622806812245 ], [ -50.466830556238541, -21.607621314229842 ], [ -50.466848425593589, -21.607519061198794 ], [ -50.466867286592631, -21.607417806847494 ], [ -50.466867594006558, -21.607416095836665 ], [ -50.466885574993604, -21.607312205062374 ], [ -50.466903555802801, -21.607209314261588 ], [ -50.466903699553093, -21.607208476235964 ], [ -50.466920647282485, -21.607107786159791 ], [ -50.466938465623301, -21.607004835125153 ], [ -50.466957329388272, -21.606902573084014 ], [ -50.466957593454339, -21.606901095919433 ], [ -50.466975574441264, -21.606797205145771 ], [ -50.466993555250447, -21.606694314345113 ], [ -50.467011203445018, -21.606593326852028 ], [ -50.467031791083897, -21.606493329243285 ], [ -50.467032555024524, -21.606489314413437 ], [ -50.467050356182675, -21.606387451622901 ], [ -50.467061647613001, -21.60632873586707 ], [ -50.467042487391254, -21.606417351467684 ], [ -50.467042195165881, -21.60641873785119 ], [ -50.467019482041017, -21.606529340336071 ], [ -50.466994798283658, -21.606637948373486 ], [ -50.466994194926905, -21.606640737892914 ], [ -50.466971219124389, -21.606752619496177 ] ] ], [ [ [ -50.467483034339217, -21.605804116404837 ], [ -50.467505034227095, -21.605692116382762 ], [ -50.467505390857909, -21.605690230582358 ], [ -50.467525219103251, -21.605581174608258 ], [ -50.467547033988325, -21.605470116422826 ], [ -50.467547429034923, -21.605468018378524 ], [ -50.467567409796274, -21.605357124511155 ], [ -50.467587390389497, -21.605247230618062 ], [ -50.467587466216628, -21.605246809808335 ], [ -50.467607428515073, -21.605135020284017 ], [ -50.4676273901512, -21.6050252306554 ], [ -50.467627634122621, -21.60502384829784 ], [ -50.467646515599696, -21.604913540048599 ], [ -50.46766638991398, -21.604804230692569 ], [ -50.467666465741317, -21.604803809881609 ], [ -50.467686465628098, -21.604691809861251 ], [ -50.46768659895406, -21.604691050805055 ], [ -50.467705598842535, -21.60458105078563 ], [ -50.467705859987831, -21.604579484364283 ], [ -50.467723638838955, -21.604468859682466 ], [ -50.467743389437345, -21.604360230767245 ], [ -50.467743598598105, -21.604359050858307 ], [ -50.467762598486573, -21.604249050838899 ], [ -50.467762829085039, -21.604247673635712 ], [ -50.467779272836985, -21.604146269845394 ], [ -50.46775910560811, -21.604246188783236 ], [ -50.467758610677571, -21.604248769082513 ], [ -50.467738867372795, -21.604357356637212 ], [ -50.467717153956428, -21.6044639492276 ], [ -50.467716829414776, -21.604465594137142 ], [ -50.467695941048568, -21.604575008792569 ], [ -50.467674057828013, -21.604684424326454 ], [ -50.467652057709671, -21.604794424346622 ], [ -50.46765174580576, -21.604796034217845 ], [ -50.467630896766316, -21.604907228477746 ], [ -50.467609057470796, -21.605016424387347 ], [ -50.46758714976589, -21.605125962343131 ], [ -50.467564245280471, -21.605236500827523 ], [ -50.467564057224621, -21.605237424470062 ], [ -50.467542149528029, -21.605346962384264 ], [ -50.467519245042453, -21.605457500869385 ], [ -50.467496390072142, -21.605567800391643 ], [ -50.467472612240662, -21.605676781601851 ], [ -50.467447683412615, -21.605788462233811 ], [ -50.467447195836129, -21.605790737732157 ], [ -50.467424244773667, -21.605902498862935 ], [ -50.467401509487111, -21.606011232303288 ], [ -50.467376740195682, -21.606121207451551 ], [ -50.467376195477648, -21.606123737794736 ], [ -50.467353195366094, -21.60623573777179 ], [ -50.467394272410971, -21.606243114679192 ], [ -50.467415662044949, -21.606138955935528 ], [ -50.4674395122004, -21.60602864843759 ], [ -50.467440214421018, -21.606025183597239 ], [ -50.467461104469869, -21.605914764160254 ], [ -50.467482989458468, -21.605804343865422 ], [ -50.467483034339217, -21.605804116404837 ] ] ], [ [ [ -50.468030120955639, -21.606011672720975 ], [ -50.468030573657259, -21.60600920477475 ], [ -50.468050538760316, -21.605894404743001 ], [ -50.468070503266148, -21.605781604619676 ], [ -50.46807053878544, -21.605781403050326 ], [ -50.468090538670005, -21.605667403029919 ], [ -50.468110538547741, -21.605553403048461 ], [ -50.468130520734995, -21.605439503903437 ], [ -50.468150502778052, -21.605326604694319 ], [ -50.468170502656832, -21.605213604712866 ], [ -50.4681708606767, -21.605211484271226 ], [ -50.468188860562471, -21.605099484252623 ], [ -50.468188919308744, -21.605099115482442 ], [ -50.468206722399955, -21.604986361824778 ], [ -50.468226502293099, -21.604874604768462 ], [ -50.46822666788038, -21.604873649350452 ], [ -50.468245667766652, -21.60476164933096 ], [ -50.468245889951405, -21.604760298356908 ], [ -50.468263782153045, -21.604647974353419 ], [ -50.468282667525479, -21.604536649366452 ], [ -50.468282829405638, -21.604535673593887 ], [ -50.468300655868049, -21.604425743033939 ], [ -50.468320465235799, -21.604314809925498 ], [ -50.468320859714289, -21.604312484406069 ], [ -50.468338621152725, -21.604201968070701 ], [ -50.468358349716553, -21.604094446785826 ], [ -50.468358859477732, -21.604091484439198 ], [ -50.468376543538085, -21.603981449570991 ], [ -50.468397169956035, -21.603873405838694 ], [ -50.468397388918682, -21.60387223089003 ], [ -50.468417388807666, -21.603762230869744 ], [ -50.468437388689608, -21.603652230888233 ], [ -50.468457348942302, -21.603542448869025 ], [ -50.468477308491451, -21.603434666696973 ], [ -50.468477597617699, -21.60343305100869 ], [ -50.468493879364352, -21.603338787696334 ], [ -50.468465499355027, -21.603334394846847 ], [ -50.468445499240708, -21.603447394826482 ], [ -50.468425682371063, -21.60355935948067 ], [ -50.468403881563567, -21.60367232669137 ], [ -50.468403428835217, -21.603674794755033 ], [ -50.46838346349336, -21.603789594781627 ], [ -50.468363662816422, -21.603901467947338 ], [ -50.468341839635542, -21.604015543044088 ], [ -50.468341498622493, -21.604017394958884 ], [ -50.468321562983121, -21.604130030657476 ], [ -50.468300629331274, -21.604244666667601 ], [ -50.46830039446403, -21.60424598980094 ], [ -50.468280605572438, -21.604360764677917 ], [ -50.468258839142209, -21.604474543124972 ], [ -50.468258462603366, -21.604476596644108 ], [ -50.468238544099393, -21.604590131441451 ], [ -50.468217712044655, -21.604704211089889 ], [ -50.468195798249724, -21.604819755919344 ], [ -50.468173798125086, -21.604935755939636 ], [ -50.468173427481169, -21.604937794958907 ], [ -50.468153490316411, -21.605052432968236 ], [ -50.468132673243879, -21.605168413127114 ], [ -50.46811079775113, -21.60528375600046 ], [ -50.468110360430821, -21.605286181713019 ], [ -50.468090586168195, -21.605401860443507 ], [ -50.468068838023328, -21.605515543308339 ], [ -50.46806836018218, -21.605518181749893 ], [ -50.468048549744779, -21.605634072101314 ], [ -50.468026757732332, -21.60574996534277 ], [ -50.468026590634018, -21.605750870860412 ], [ -50.468005590516896, -21.605866870839098 ], [ -50.468005359807059, -21.605868181805494 ], [ -50.467985567305114, -21.605983967235243 ], [ -50.46796379687531, -21.606098756142906 ], [ -50.467963359557331, -21.606101181842522 ], [ -50.467943451715399, -21.606217642006534 ], [ -50.467924548248313, -21.60632310284014 ], [ -50.467922976937722, -21.606334754964635 ], [ -50.467922123728947, -21.606344140152128 ], [ -50.467944530798185, -21.606347548015343 ], [ -50.46796887340416, -21.606349483273057 ], [ -50.467988539127056, -21.606236404687536 ], [ -50.468008320379639, -21.606124639952032 ], [ -50.468030120955639, -21.606011672720975 ] ] ], [ [ [ -50.467775457562929, -21.605734898620028 ], [ -50.467799457454205, -21.605624898596304 ], [ -50.46779975513757, -21.60562349897226 ], [ -50.467822755027143, -21.605512498949377 ], [ -50.4678457549076, -21.605401498970391 ], [ -50.467845942943939, -21.60540057541424 ], [ -50.467867850413143, -21.605291037499452 ], [ -50.467890754669583, -21.605180499012256 ], [ -50.467890942706191, -21.605179575454788 ], [ -50.467912942596286, -21.605069575432758 ], [ -50.467934942477939, -21.604959575452931 ], [ -50.467935254362345, -21.604957965665029 ], [ -50.467956103170394, -21.604846771405111 ], [ -50.467977942239074, -21.604737575493672 ], [ -50.467999942120734, -21.604627575513842 ], [ -50.468000170751985, -21.604626405745854 ], [ -50.468021013460749, -21.604517229057773 ], [ -50.468042845995491, -21.60441005061293 ], [ -50.468043389487377, -21.604407230799175 ], [ -50.468063154423604, -21.60429852302747 ], [ -50.468084894342219, -21.604190811057173 ], [ -50.468084941642118, -21.60419057563621 ], [ -50.46810694153222, -21.604080575614194 ], [ -50.468107309170371, -21.604078666624687 ], [ -50.468127309061579, -21.60397066660444 ], [ -50.468147308945611, -21.603862666622909 ], [ -50.468147349454952, -21.603862446863047 ], [ -50.468167329173951, -21.603753556775999 ], [ -50.468187308712615, -21.603645666660018 ], [ -50.468187731776212, -21.603643261687552 ], [ -50.468205549335245, -21.603536355663628 ], [ -50.468225348996135, -21.60342844689788 ], [ -50.468225662600815, -21.603426671516086 ], [ -50.468243492889073, -21.60332167028437 ], [ -50.468263308249782, -21.603214666733738 ], [ -50.468263487177644, -21.603213680222318 ], [ -50.46828248706943, -21.603106680202973 ], [ -50.468282697199975, -21.603105464823358 ], [ -50.468300697091252, -21.602998464804887 ], [ -50.468318679582161, -21.602891568222674 ], [ -50.468325996397965, -21.602848480042219 ], [ -50.468275692148467, -21.60284033307137 ], [ -50.46825586901388, -21.602947377396617 ], [ -50.468234059574357, -21.60305642402691 ], [ -50.468233691914442, -21.60305833310866 ], [ -50.468213890639269, -21.603165259393808 ], [ -50.468192106650029, -21.603273188602365 ], [ -50.468191402545372, -21.603276948871716 ], [ -50.468172542103794, -21.603386140242343 ], [ -50.468152691454563, -21.603493333144353 ], [ -50.468152611482381, -21.603493768954674 ], [ -50.468132611371374, -21.603603768934381 ], [ -50.468112611253318, -21.603713768952872 ], [ -50.468092718026227, -21.603823181074915 ], [ -50.468071829989789, -21.603932594002011 ], [ -50.468071140684842, -21.603936515439845 ], [ -50.468053379015593, -21.604047031774599 ], [ -50.468033650227916, -21.604154553055395 ], [ -50.468033140448291, -21.604157515472966 ], [ -50.46801532744891, -21.604268351192797 ], [ -50.467995534704066, -21.604379189915399 ], [ -50.467995170756232, -21.604381326285207 ], [ -50.467977249802288, -21.604491838121906 ], [ -50.46795833241152, -21.604603350474886 ], [ -50.467958110211917, -21.604604701522096 ], [ -50.4679402177753, -21.604717025525456 ], [ -50.467921413254786, -21.604827872542327 ], [ -50.467901497645244, -21.604940395072322 ], [ -50.467901080855292, -21.604942884396518 ], [ -50.4678831098581, -21.605056699957419 ], [ -50.467865309965262, -21.605167454125731 ], [ -50.467845497281509, -21.605279395127926 ], [ -50.467825497160291, -21.605392395146474 ], [ -50.467825461626795, -21.605392596794069 ], [ -50.467805461511361, -21.605506596773669 ], [ -50.467785461389084, -21.605620596792221 ], [ -50.467765478950554, -21.60573449601414 ], [ -50.46774549667218, -21.605847395221126 ], [ -50.467745426511151, -21.605847795106683 ], [ -50.467725641318872, -21.605961559280203 ], [ -50.467710479265257, -21.606040125860925 ], [ -50.467727705379232, -21.6059577396897 ], [ -50.467727804335446, -21.605957262153343 ], [ -50.467750570204423, -21.605846401710149 ], [ -50.467775316541584, -21.605735537605103 ], [ -50.467775457562929, -21.605734898620028 ] ] ], [ [ [ -50.467653868861724, -21.6031003774258 ], [ -50.467632059422009, -21.603209424057091 ], [ -50.467631651245433, -21.603211552936195 ], [ -50.467611651135542, -21.603320552915932 ], [ -50.467611402509434, -21.60332194888078 ], [ -50.467592523050982, -21.603431250348358 ], [ -50.467572650900429, -21.603539552953073 ], [ -50.467572611445284, -21.603539768964371 ], [ -50.467552611334284, -21.603649768944063 ], [ -50.467552402156777, -21.603650948933549 ], [ -50.467533485664056, -21.603760464808548 ], [ -50.467513572680986, -21.603870981224468 ], [ -50.46751320267802, -21.603873133664738 ], [ -50.467495396294183, -21.603981949760175 ], [ -50.467475610860902, -21.604090769018224 ], [ -50.467475171076835, -21.604093326243383 ], [ -50.467457282713916, -21.604203637103588 ], [ -50.467438503425228, -21.604312358643721 ], [ -50.467418610505582, -21.604421769073856 ], [ -50.46741814017475, -21.604424515514754 ], [ -50.467400266042162, -21.604535731616235 ], [ -50.467381466681459, -21.604644569361849 ], [ -50.467361571893747, -21.604755979521926 ], [ -50.467341610028953, -21.604865769148528 ], [ -50.467341366041154, -21.604867151582518 ], [ -50.467322484333813, -21.604977459831627 ], [ -50.467302609791723, -21.6050867691857 ], [ -50.467302533949699, -21.60508719007326 ], [ -50.467282571418274, -21.605198979596196 ], [ -50.46726260955343, -21.605308769223026 ], [ -50.467262571130711, -21.605308981503104 ], [ -50.467242760278019, -21.605418931099887 ], [ -50.467220965957281, -21.605529883417201 ], [ -50.467220609307049, -21.605531769299333 ], [ -50.467216534190385, -21.605554182312591 ], [ -50.467234467257434, -21.60547185283983 ], [ -50.467234789973944, -21.605470329476042 ], [ -50.467255789872382, -21.605368329455107 ], [ -50.467276762908909, -21.605266459907053 ], [ -50.467297735698551, -21.605165590272506 ], [ -50.467298042483513, -21.605164071479344 ], [ -50.467317741914179, -21.605063603851224 ], [ -50.467339406101196, -21.604965129809578 ], [ -50.467339993079911, -21.604962321132263 ], [ -50.467359992978878, -21.604861321112217 ], [ -50.467360042157758, -21.604861071533946 ], [ -50.467379918610966, -21.604759701085399 ], [ -50.467400789107899, -21.604658329588833 ], [ -50.467400942132251, -21.604657575546387 ], [ -50.467420942032341, -21.604557575526393 ], [ -50.467420992644321, -21.60455732120591 ], [ -50.467440992543303, -21.604456321185861 ], [ -50.46744128340405, -21.604454807393886 ], [ -50.467460118429713, -21.604353692480665 ], [ -50.467479941706337, -21.604254575581958 ], [ -50.467480041505098, -21.604254071643329 ], [ -50.467500041402964, -21.604152071623265 ], [ -50.467500473217399, -21.604149764113757 ], [ -50.467518222144164, -21.604050172331554 ], [ -50.467537941380307, -21.603951575637549 ], [ -50.467538513218919, -21.603948537371352 ], [ -50.467556289150309, -21.603847806498724 ], [ -50.467576040967423, -21.603747071696233 ], [ -50.46757619212849, -21.603746288627018 ], [ -50.467595192028028, -21.603646288607866 ], [ -50.467595512892949, -21.603644537421086 ], [ -50.467613379573827, -21.603543292297864 ], [ -50.467632237718988, -21.603443045812803 ], [ -50.46763243106146, -21.603441995356928 ], [ -50.467650430960454, -21.603341995338635 ], [ -50.467650512567992, -21.603341537470673 ], [ -50.467668512464783, -21.603239537452321 ], [ -50.467686357670367, -21.60313841402327 ], [ -50.467705191375785, -21.603039288714136 ], [ -50.467705472024633, -21.603037764297373 ], [ -50.467723471922518, -21.602936764279043 ], [ -50.467723731005378, -21.602935261794588 ], [ -50.467740586287007, -21.602834129471084 ], [ -50.467751532461484, -21.60277331703794 ], [ -50.467718483987959, -21.602766091380389 ], [ -50.467715483976349, -21.602778091377477 ], [ -50.467713701371913, -21.602786283688022 ], [ -50.467695874021686, -21.602882352758833 ], [ -50.467674059656552, -21.602991424017105 ], [ -50.467673691996509, -21.60299333309953 ], [ -50.467653868861724, -21.6031003774258 ] ] ], [ [ [ -50.468013303073732, -21.602846535039166 ], [ -50.467995302965022, -21.602953535020678 ], [ -50.467990826427858, -21.602980145381956 ], [ -50.467999940292209, -21.602934575823177 ], [ -50.46800029878068, -21.602932716191777 ], [ -50.468017534101627, -21.602839836443582 ], [ -50.468019516083132, -21.602831908484742 ], [ -50.468015920185984, -21.602831122284385 ], [ -50.468013338023248, -21.602846328260274 ], [ -50.468013303073732, -21.602846535039166 ] ] ] ] } },
{ "type": "Feature", "properties": { "CHAVE": null, "FAZENDA": "Faz. ABC", "NOME_FAZ": null, "ZONA": null, "TALHAO": null, "AREA_TOTAL": null, "TIPO_GEO": "VOO_PROCESSADO", "DATA_INICI": "26-03-2026", "DATA_FINAL": "26-03-2026", "HORA_INICI": "12:15:53", "HORA_FINAL": "12:15:53", "CLASSE": "APLICADO", "PILOTO": "valmir alves", "AERONAVE": "PS-CBA", "AREA_HA": 0.001550940333978 }, "geometry": { "type": "MultiPolygon", "coordinates": [ [ [ [ -50.470561845028172, -21.607613752292799 ], [ -50.470561502874773, -21.60761438611193 ], [ -50.470552569988968, -21.607631151517495 ], [ -50.470627100463467, -21.607643787774858 ], [ -50.470646100365201, -21.607545787755761 ], [ -50.470646196291639, -21.607545287975235 ], [ -50.470665049145005, -21.607446061887885 ], [ -50.470667410740518, -21.607434371932055 ], [ -50.470961051250953, -21.607473279135814 ], [ -50.470976004112181, -21.607374589569201 ], [ -50.470990955536948, -21.607278899808918 ], [ -50.470991020158984, -21.60727848196046 ], [ -50.47100602005866, -21.607180481944845 ], [ -50.471006050937518, -21.607180279177371 ], [ -50.471021035468837, -21.607081380586557 ], [ -50.471035833097055, -21.60698470208769 ], [ -50.471052624024892, -21.606886919029755 ], [ -50.47105321809935, -21.606883141325646 ], [ -50.471066741504941, -21.60678847679338 ], [ -50.471085099455024, -21.606693787908732 ], [ -50.471085584474949, -21.606691146996056 ], [ -50.471094991114761, -21.606636920157896 ], [ -50.471080819167, -21.606662572940696 ], [ -50.471080621382136, -21.606662933603101 ], [ -50.471035796406213, -21.606745278192275 ], [ -50.471035487602784, -21.606745835849399 ], [ -50.471012796062304, -21.606786125364938 ], [ -50.471011264153496, -21.606789009537891 ], [ -50.470991335668643, -21.606828880642759 ], [ -50.470990673462147, -21.606830153172236 ], [ -50.470968367303655, -21.606871364317854 ], [ -50.470967847647714, -21.60687234393264 ], [ -50.470946958516869, -21.606912533868748 ], [ -50.470946680256908, -21.6069130604943 ], [ -50.470902839692172, -21.606994690942219 ], [ -50.470902245317454, -21.60699576176016 ], [ -50.470879061271312, -21.607036199853354 ], [ -50.470878787576581, -21.607036681888825 ], [ -50.470855458674336, -21.607078171657285 ], [ -50.470855286828019, -21.607078479189806 ], [ -50.470832641816358, -21.607119258240161 ], [ -50.470831972359818, -21.607120494542407 ], [ -50.470811782675298, -21.60715874485885 ], [ -50.470811348122481, -21.60715954788424 ], [ -50.470742489051879, -21.607283709130453 ], [ -50.470742374082747, -21.607283915135348 ], [ -50.470719079238457, -21.607325395022201 ], [ -50.470718500100759, -21.60732644853071 ], [ -50.470695917070401, -21.607368427687618 ], [ -50.470695480433129, -21.607369219784808 ], [ -50.470672674001754, -21.607409609336042 ], [ -50.4706722606049, -21.607410364977699 ], [ -50.4706722606049, -21.607410364977692 ], [ -50.470671819713537, -21.607411170876123 ], [ -50.470660046302946, -21.607433396141282 ], [ -50.470660046308126, -21.607433396141971 ], [ -50.470628756422933, -21.607492463637072 ], [ -50.470628359634077, -21.60749319587266 ], [ -50.470583902639142, -21.607573420669095 ], [ -50.470583724182639, -21.607573744834195 ], [ -50.470561845028172, -21.607613752292799 ] ] ], [ [ [ -50.470344238954979, -21.607779869857886 ], [ -50.470344675010132, -21.607779083406474 ], [ -50.470368142934539, -21.607737754404454 ], [ -50.470368262312739, -21.607737545493414 ], [ -50.470391017293892, -21.607697974357091 ], [ -50.470391278046705, -21.60769751671581 ], [ -50.470412598145458, -21.607659750784553 ], [ -50.470418477030073, -21.607626763516507 ], [ -50.470418736105032, -21.607625261077803 ], [ -50.470421459208247, -21.607608922366516 ], [ -50.470438393966496, -21.607611793562068 ], [ -50.470459707938552, -21.607569895265012 ], [ -50.470459861084628, -21.607569597035532 ], [ -50.470481611295526, -21.607527636132982 ], [ -50.47048201338918, -21.60752687855776 ], [ -50.470503418679215, -21.607487479846416 ], [ -50.470503990050396, -21.607486460541743 ], [ -50.470526943016338, -21.607446751766613 ], [ -50.470528491975443, -21.607443914578635 ], [ -50.470549936567274, -21.607402244334232 ], [ -50.470550291755913, -21.607401568616318 ], [ -50.470572221812695, -21.60736071205671 ], [ -50.470572601337231, -21.607360019915077 ], [ -50.470594713505847, -21.607320534792997 ], [ -50.47059566245963, -21.607318778692985 ], [ -50.470616079956194, -21.607279591507751 ], [ -50.470617479758353, -21.607277104478261 ], [ -50.470640924359145, -21.60723842020699 ], [ -50.470642358376118, -21.607235934663102 ], [ -50.470664963976873, -21.607194719918674 ], [ -50.470665423852068, -21.607193902172956 ], [ -50.470687849341715, -21.607154996435455 ], [ -50.470688410657566, -21.607154049939851 ], [ -50.47071196420972, -21.607115431846445 ], [ -50.470713593294882, -21.607112607431574 ], [ -50.470735124621086, -21.60707306409881 ], [ -50.470735273602095, -21.607072792757251 ], [ -50.470758358110025, -21.607031095609763 ], [ -50.470758876473909, -21.607030140897333 ], [ -50.470802582178365, -21.606948044061603 ], [ -50.470802977339261, -21.606947318264972 ], [ -50.470824889027362, -21.60690795451892 ], [ -50.470825586286821, -21.606906668694112 ], [ -50.470847669824565, -21.606864847021455 ], [ -50.470847993681701, -21.606864225740996 ], [ -50.470868360593357, -21.606824643013216 ], [ -50.470869101945716, -21.606823263086621 ], [ -50.470890874290937, -21.606784407058377 ], [ -50.47089141388058, -21.606783424688327 ], [ -50.470913275116452, -21.606742813446488 ], [ -50.470913798218405, -21.606741869512767 ], [ -50.47093711865454, -21.606700973280375 ], [ -50.470937266644263, -21.60670071576634 ], [ -50.470960661259021, -21.606660321248718 ], [ -50.470960971289308, -21.606659780092023 ], [ -50.470993231054116, -21.606602852732941 ], [ -50.471000239623827, -21.606583804799047 ], [ -50.471007006524246, -21.606571733267451 ], [ -50.471019404502719, -21.60655597356428 ], [ -50.471053086176461, -21.606494691376668 ], [ -50.4710978106393, -21.606412514684905 ], [ -50.47109810831352, -21.606411976691994 ], [ -50.471108304633844, -21.606393847510663 ], [ -50.470887794943764, -21.606358063257026 ], [ -50.470889111475948, -21.606349230924238 ], [ -50.470890111463369, -21.606337230923074 ], [ -50.470642447808594, -21.606319182283233 ], [ -50.470644994609493, -21.606306320862711 ], [ -50.470645475604066, -21.60630376376989 ], [ -50.470663475501929, -21.606202763751593 ], [ -50.470358524551045, -21.606155236109633 ], [ -50.470340752670062, -21.606254955525529 ], [ -50.470321005347593, -21.606354678979439 ], [ -50.470320484117465, -21.60635746291501 ], [ -50.47030261722302, -21.606458708051932 ], [ -50.47028375886655, -21.606558954549055 ], [ -50.470283406829616, -21.606560903917739 ], [ -50.470265406724167, -21.606664903899365 ], [ -50.470265264919838, -21.606665738674209 ], [ -50.470248390127097, -21.606766986796014 ], [ -50.470230523793347, -21.606867236192198 ], [ -50.470230264702337, -21.606868738705696 ], [ -50.470213264598591, -21.606970738688229 ], [ -50.470213057366429, -21.606972019777761 ], [ -50.470197174699898, -21.607073271101481 ], [ -50.470180300409545, -21.607173523614993 ], [ -50.4701802643755, -21.607173738753001 ], [ -50.470163264271754, -21.607275738735549 ], [ -50.470163025903751, -21.607277219283322 ], [ -50.470147174676192, -21.607379260873369 ], [ -50.470130337170652, -21.607478304413945 ], [ -50.470130264048656, -21.607478738800342 ], [ -50.470113389255253, -21.607579986926137 ], [ -50.470095522920772, -21.607680236326406 ], [ -50.470095336947395, -21.607681304479264 ], [ -50.470078408392176, -21.607780883603962 ], [ -50.470060482487469, -21.607882463129471 ], [ -50.470270834934752, -21.607914925125321 ], [ -50.47027824650538, -21.607901255426597 ], [ -50.470278349442808, -21.607901066670351 ], [ -50.47030047469849, -21.607860729623248 ], [ -50.470300652665792, -21.607860402994302 ], [ -50.470344238954979, -21.607779869857886 ] ] ], [ [ [ -50.469416718248411, -21.607636106628913 ], [ -50.469416054594717, -21.607639424880048 ], [ -50.469719945463936, -21.60769257498222 ], [ -50.469720945458931, -21.60768757498122 ], [ -50.469721575496123, -21.607684204510836 ], [ -50.469741469046568, -21.607569815909372 ], [ -50.469763356992907, -21.607450426431615 ], [ -50.469785356864065, -21.607330426451956 ], [ -50.469807356735224, -21.607210426472307 ], [ -50.469807482377533, -21.60720973096166 ], [ -50.46982848225818, -21.607091730940279 ], [ -50.469828735516693, -21.60709026116163 ], [ -50.46984855472062, -21.606971345192914 ], [ -50.469870338072624, -21.606852526232711 ], [ -50.469892319525378, -21.606733625886058 ], [ -50.469892516265773, -21.60673253692817 ], [ -50.469913228451517, -21.606615167182756 ], [ -50.46993690086515, -21.606497790859173 ], [ -50.469937481610422, -21.606494731079565 ], [ -50.469958365423551, -21.606377383251615 ], [ -50.469980242863606, -21.606261034402536 ], [ -50.469980281402343, -21.606260828573156 ], [ -50.470002179315998, -21.606143375471206 ], [ -50.470025051844679, -21.606026028827863 ], [ -50.470048030658695, -21.605909135981531 ], [ -50.47004824247643, -21.605908034506282 ], [ -50.470070118207964, -21.605791694744777 ], [ -50.470092987397891, -21.605676353877172 ], [ -50.470093242226163, -21.605675034546699 ], [ -50.47011524210847, -21.605558034524506 ], [ -50.469858903645466, -21.605515882425337 ], [ -50.469862666391691, -21.605497923763263 ], [ -50.469884639080753, -21.605394052360349 ], [ -50.469885090591411, -21.605391826444599 ], [ -50.469904966842563, -21.605289463203221 ], [ -50.469924837007092, -21.605192098901199 ], [ -50.469924942766681, -21.605191575439957 ], [ -50.469925942761677, -21.605186575438957 ], [ -50.469644836839137, -21.605137408694308 ], [ -50.46964596844952, -21.605129820188907 ], [ -50.469663829961029, -21.60501967348975 ], [ -50.469664095795522, -21.605017965434492 ], [ -50.469680939184236, -21.604905014858101 ], [ -50.469698766144923, -21.604797062022779 ], [ -50.469699042966788, -21.604795315011877 ], [ -50.469716042852092, -21.604683314994148 ], [ -50.469733042732294, -21.604571315010084 ], [ -50.469733166324765, -21.604570483397254 ], [ -50.469748992712013, -21.604461676201087 ], [ -50.469766797881491, -21.604352866135532 ], [ -50.469461202167643, -21.604309133725007 ], [ -50.469443202055608, -21.604419133706468 ], [ -50.46944283383246, -21.604421516479356 ], [ -50.4694268942253, -21.604531100488458 ], [ -50.46940995719897, -21.604642684832264 ], [ -50.469405831740247, -21.604669864154719 ], [ -50.469186057844858, -21.604631424351378 ], [ -50.46916605774495, -21.604731424331369 ], [ -50.469166007117238, -21.604731678728207 ], [ -50.469146032200861, -21.604832551526403 ], [ -50.469126057528698, -21.604932424368236 ], [ -50.469125957714155, -21.604932928381242 ], [ -50.469106007034028, -21.6050346763104 ], [ -50.469086057311358, -21.605134424405286 ], [ -50.469085957496951, -21.605134928417637 ], [ -50.469076218111617, -21.605184599038854 ], [ -50.469085466132974, -21.605132809793258 ], [ -50.469085502582388, -21.605132604768048 ], [ -50.469105502468054, -21.605019604747671 ], [ -50.469106216055032, -21.605015141572316 ], [ -50.469121978956956, -21.604904800449649 ], [ -50.469140700852016, -21.604793453748595 ], [ -50.469141042950497, -21.604791315010864 ], [ -50.469158042835808, -21.604679314993131 ], [ -50.469158166428173, -21.604678483380965 ], [ -50.469174092749782, -21.604568989130545 ], [ -50.469191015253259, -21.604458494380896 ], [ -50.469191334939666, -21.604456285817513 ], [ -50.469206334826282, -21.604346285801608 ], [ -50.469221334708813, -21.604236285815727 ], [ -50.469236334591329, -21.604126285829832 ], [ -50.469236640841288, -21.604123879388638 ], [ -50.469249640727135, -21.604013879374499 ], [ -50.468977921539356, -21.603985796027313 ], [ -50.468985096447902, -21.60394878838882 ], [ -50.468985431634337, -21.603946995277656 ], [ -50.469003278053037, -21.603847847933196 ], [ -50.469018415247412, -21.603769490274342 ], [ -50.46901857224961, -21.603769019266302 ], [ -50.468723427840409, -21.603682980604386 ], [ -50.468720427832295, -21.603691980601599 ], [ -50.468715886468878, -21.603709301050234 ], [ -50.468698886380622, -21.603797301033147 ], [ -50.468698568520125, -21.603799004601939 ], [ -50.468680729977748, -21.603898107041548 ], [ -50.468661903510906, -21.60399521145408 ], [ -50.468661610929999, -21.603996769035259 ], [ -50.468643632666726, -21.604095648916285 ], [ -50.468625654621228, -21.604193528830649 ], [ -50.468625340728217, -21.604195303934912 ], [ -50.46860837900487, -21.604295078165055 ], [ -50.46859141804687, -21.604392852510671 ], [ -50.46859119417568, -21.604394182191104 ], [ -50.468575265799885, -21.604491742868042 ], [ -50.468558359308055, -21.604591192208531 ], [ -50.468541378393333, -21.604690080463133 ], [ -50.468540921795494, -21.604692919235362 ], [ -50.468526052082503, -21.604792049963162 ], [ -50.468510283640931, -21.604888631048681 ], [ -50.468493397642177, -21.604986966560528 ], [ -50.468476417304771, -21.605084852622085 ], [ -50.468476124465305, -21.605086608998985 ], [ -50.46846026500387, -21.605185729985116 ], [ -50.468443417092431, -21.605282852653964 ], [ -50.468443158227146, -21.605284397760435 ], [ -50.468427497216993, -21.605381299634853 ], [ -50.468408901917066, -21.605477211718267 ], [ -50.468408653234867, -21.605478529083594 ], [ -50.468390728247996, -21.605576120125203 ], [ -50.468371805768555, -21.605675711576225 ], [ -50.468371653022309, -21.605676529117215 ], [ -50.468353870330887, -21.605773345444096 ], [ -50.468334108639887, -21.605871165310706 ], [ -50.468334056523695, -21.605871424581117 ], [ -50.468314108786274, -21.60597116275013 ], [ -50.468294162082458, -21.606068901101331 ], [ -50.468333467576869, -21.606075916066931 ], [ -50.468325396760761, -21.606142787934683 ], [ -50.46831151563778, -21.606258792852739 ], [ -50.46829567002105, -21.606374663033996 ], [ -50.46827966989607, -21.606491663049049 ], [ -50.4682796194503, -21.606492035779457 ], [ -50.468264619334732, -21.606604035763503 ], [ -50.468341309662222, -21.606613017899335 ], [ -50.468346660425262, -21.606595681043672 ], [ -50.468466740322434, -21.606648186346121 ], [ -50.468461519504807, -21.606672201976505 ], [ -50.468461332293906, -21.606673076966572 ], [ -50.468437332180706, -21.606787076942734 ], [ -50.468437147144265, -21.606787970700534 ], [ -50.468414147031574, -21.606900970677579 ], [ -50.468711020193851, -21.606953812973039 ], [ -50.468710172692212, -21.606957344212162 ], [ -50.468709208368402, -21.606961670709776 ], [ -50.468688655054287, -21.60706150059092 ], [ -50.468665172473543, -21.607159344255695 ], [ -50.468966827595132, -21.607222655608787 ], [ -50.468990827497706, -21.6071226555854 ], [ -50.468991791793322, -21.60711832917373 ], [ -50.469012344900165, -21.607018499295858 ], [ -50.469035827279036, -21.60692065562894 ], [ -50.469036737621124, -21.60691658998806 ], [ -50.469057634435856, -21.606816085758872 ], [ -50.469074218076642, -21.606739197614331 ], [ -50.469063391704488, -21.606801990167302 ], [ -50.469043566324935, -21.606916976672906 ], [ -50.46902175632755, -21.607032965560972 ], [ -50.469021470954168, -21.607034533758192 ], [ -50.469002470844835, -21.607142533738827 ], [ -50.469000420444004, -21.607165999928249 ], [ -50.469000420436565, -21.6071729999281 ], [ -50.469194198338641, -21.607172999995395 ], [ -50.469188104666571, -21.607203178008991 ], [ -50.469188004447325, -21.607203679175793 ], [ -50.469168201963008, -21.607303681197294 ], [ -50.469146414442712, -21.607405685910212 ], [ -50.469447576056098, -21.607461938597041 ], [ -50.469436642940387, -21.607521573407539 ], [ -50.469436424672288, -21.607522795370581 ], [ -50.469416718248411, -21.607636106628913 ] ] ], [ [ [ -50.470097790347729, -21.605767782810585 ], [ -50.470075921777031, -21.605880107141193 ], [ -50.470075879137262, -21.6058803271183 ], [ -50.470053879022899, -21.605994327096177 ], [ -50.470053665424707, -21.605995459675512 ], [ -50.470032769692459, -21.606108893009178 ], [ -50.470010899998577, -21.606222217175048 ], [ -50.469988987761532, -21.606334765791459 ], [ -50.46996605587271, -21.606449424639393 ], [ -50.469965836965962, -21.606450543508089 ], [ -50.469943965511639, -21.606564870943185 ], [ -50.469921100851387, -21.606678199544703 ], [ -50.469920878278387, -21.60667932726022 ], [ -50.46989898705057, -21.606792763011352 ], [ -50.469876100605973, -21.606906199586856 ], [ -50.46987605537214, -21.606906424767352 ], [ -50.469853166726935, -21.607020867399196 ], [ -50.469829282754304, -21.607135310865296 ], [ -50.469829055124691, -21.607136424809568 ], [ -50.469806166479309, -21.607250867442239 ], [ -50.469782282506515, -21.607365310909138 ], [ -50.469782004258612, -21.607366679203096 ], [ -50.469762004157573, -21.607467679183078 ], [ -50.469759763784936, -21.607484365725593 ], [ -50.469758763770194, -21.607498365724368 ], [ -50.470067236253549, -21.607517634133043 ], [ -50.470067635939778, -21.607512038443343 ], [ -50.470085860201515, -21.607420005433116 ], [ -50.470109717440018, -21.607305688929728 ], [ -50.470109945048868, -21.60730457507573 ], [ -50.470132833456638, -21.607190132442678 ], [ -50.470156717192225, -21.60707568897358 ], [ -50.47015694480141, -21.607074575117924 ], [ -50.470179922165229, -21.606959687701877 ], [ -50.470202899339313, -21.60684580025254 ], [ -50.470203121892808, -21.606844672623819 ], [ -50.470225012884782, -21.606731236872392 ], [ -50.470247899093906, -21.606617800294693 ], [ -50.470248163205909, -21.60661645637591 ], [ -50.470270055991804, -21.606502016191016 ], [ -50.470292944071005, -21.606387575199872 ], [ -50.47029307876948, -21.606386892639382 ], [ -50.47031507865622, -21.606273892617292 ], [ -50.470315121279036, -21.606273672725255 ], [ -50.470337121164675, -21.606159672703122 ], [ -50.470337334744755, -21.60615854020725 ], [ -50.470358230240755, -21.606045106873257 ], [ -50.470380099690964, -21.605931782747071 ], [ -50.470402078166984, -21.605818892698732 ], [ -50.470402334378655, -21.605817540265296 ], [ -50.470423209585704, -21.605704217072059 ], [ -50.470445077922896, -21.60559189273939 ], [ -50.470445295125934, -21.605590751135427 ], [ -50.470466295012137, -21.605477751114186 ], [ -50.470466466526013, -21.605476809780061 ], [ -50.47048646641278, -21.605364809759717 ], [ -50.470181533640293, -21.605317190101509 ], [ -50.470161617622573, -21.605428719149447 ], [ -50.470140811083624, -21.60554067751703 ], [ -50.470118922021108, -21.605653107100547 ], [ -50.4701186657908, -21.605654459617448 ], [ -50.470097790347729, -21.605767782810585 ] ] ], [ [ [ -50.467738330217642, -21.607162197906106 ], [ -50.467737039545007, -21.607160584156968 ], [ -50.467708552511688, -21.607123258581478 ], [ -50.467707446241043, -21.60712174503379 ], [ -50.467701322811621, -21.607112991077585 ], [ -50.467519887793486, -21.607099769001888 ], [ -50.467519502743954, -21.607104389537994 ], [ -50.467498920396601, -21.607210107387754 ], [ -50.467498531657242, -21.60721219042285 ], [ -50.46747861563842, -21.607323719476909 ], [ -50.467457788634121, -21.607435787966804 ], [ -50.467435877400916, -21.607549327380745 ], [ -50.467435568712176, -21.607550981875097 ], [ -50.467415717798211, -21.60766115381043 ], [ -50.467393877159004, -21.607774327420724 ], [ -50.467393783680322, -21.60777481661691 ], [ -50.467372871851076, -21.607885349963421 ], [ -50.467350963290976, -21.607996883860245 ], [ -50.467350757370696, -21.607997954844851 ], [ -50.467332769842237, -21.608093572233656 ], [ -50.467331214126752, -21.608099276502141 ], [ -50.467630785949765, -21.608170723364339 ], [ -50.467633785939299, -21.608159723361474 ], [ -50.46763624278649, -21.608149045036015 ], [ -50.467655141881131, -21.608048580871763 ], [ -50.467677036654621, -21.607937115979773 ], [ -50.467677216487132, -21.607936183266013 ], [ -50.467698170086358, -21.607825427917795 ], [ -50.467720122783462, -21.607711672419061 ], [ -50.467720431453465, -21.607710018006529 ], [ -50.467740282137626, -21.607599846072215 ], [ -50.467762122541551, -21.607486672459032 ], [ -50.4677622971112, -21.607485750802105 ], [ -50.467783296997389, -21.607372750780875 ], [ -50.467783468509083, -21.607371809458737 ], [ -50.467803282174366, -21.607260852285624 ], [ -50.46780681080557, -21.607242727855613 ], [ -50.467801193855173, -21.607236367163672 ], [ -50.4678007411039, -21.607235846637515 ], [ -50.46776850709422, -21.607198219890748 ], [ -50.467768178877662, -21.607197832438228 ], [ -50.467738330217642, -21.607162197906106 ] ] ], [ [ [ -50.467476286187242, -21.60676028193955 ], [ -50.467451358337669, -21.606719608676286 ], [ -50.467450059930194, -21.606717573487558 ], [ -50.467424132543243, -21.606678503071041 ], [ -50.467423907808922, -21.606678166617247 ], [ -50.46738813956437, -21.606624964545237 ], [ -50.467382082115023, -21.606611539141035 ], [ -50.467380910121712, -21.606597008887597 ], [ -50.467384745530239, -21.606582885674165 ], [ -50.467389109174249, -21.606576556721993 ], [ -50.467326327265219, -21.606568110087334 ], [ -50.467345662405904, -21.606473955871209 ], [ -50.467369512561689, -21.606363648371705 ], [ -50.467369804765625, -21.606362262076203 ], [ -50.467392804654075, -21.606250262053258 ], [ -50.467394272405215, -21.606243114712825 ], [ -50.467656804693931, -21.606290262090745 ], [ -50.467679544304794, -21.606179529513938 ], [ -50.467704259760133, -21.60606979238749 ], [ -50.467704705488551, -21.606067739712579 ], [ -50.467710479273087, -21.60604012584044 ], [ -50.467703878986846, -21.606074327118833 ], [ -50.467703496419659, -21.60607639529761 ], [ -50.467683496305341, -21.606189395277227 ], [ -50.467683426144461, -21.606189795161889 ], [ -50.467663426027904, -21.606304795141469 ], [ -50.467922123725558, -21.606344140189517 ], [ -50.467921976926206, -21.606345754963481 ], [ -50.467944530774353, -21.606347548033039 ], [ -50.467968574023956, -21.606351204719559 ], [ -50.467968873398014, -21.606349483309828 ], [ -50.46823002310304, -21.606370244894425 ], [ -50.468230490740098, -21.606365100827251 ], [ -50.468248451697832, -21.606264897001804 ], [ -50.468248640612501, -21.606263818038837 ], [ -50.468268432872939, -21.606148032608569 ], [ -50.468290203064086, -21.606033243696686 ], [ -50.468290640362767, -21.606030818075865 ], [ -50.468310528111608, -21.605914474034563 ], [ -50.468331327410297, -21.605799582008341 ], [ -50.468353242205538, -21.605683034496696 ], [ -50.468353639987633, -21.605680818131479 ], [ -50.468373414009029, -21.605565139400415 ], [ -50.468395161917606, -21.605451456531373 ], [ -50.468395639738993, -21.605448818168345 ], [ -50.468415431998338, -21.605333032744515 ], [ -50.468437202188262, -21.605218243839136 ], [ -50.4684374449402, -21.605216928581523 ], [ -50.46845844482197, -21.605099928560175 ], [ -50.468458572687219, -21.605099204922556 ], [ -50.468478395050198, -21.604985225651923 ], [ -50.468500201814301, -21.60487024389996 ], [ -50.46852220168968, -21.604754243920237 ], [ -50.468522371216665, -21.60475333311615 ], [ -50.468543371100644, -21.604638333094869 ], [ -50.468543537564329, -21.604637403237405 ], [ -50.468563357094219, -21.604524431245718 ], [ -50.468585160798725, -21.604410456714746 ], [ -50.468585605705059, -21.604408010080451 ], [ -50.468605491437103, -21.604292672136474 ], [ -50.468626370606863, -21.604178333172527 ], [ -50.468626501544492, -21.604177604922643 ], [ -50.46864633736152, -21.604065531896431 ], [ -50.468668160305391, -21.603951456795606 ], [ -50.468668501299966, -21.603949604960054 ], [ -50.468688501185646, -21.603836604939683 ], [ -50.468688571333161, -21.603836205126417 ], [ -50.468708356284914, -21.603722440971865 ], [ -50.468730118378915, -21.603609673148469 ], [ -50.468730500933162, -21.603607605016158 ], [ -50.468750500818842, -21.603494604995792 ], [ -50.468770500697637, -21.603381605014327 ], [ -50.468493879361816, -21.603338787720752 ], [ -50.468496272006796, -21.603324935472269 ], [ -50.468517893300309, -21.603217811238054 ], [ -50.468518308249159, -21.603215666773149 ], [ -50.468538131161012, -21.603108622447582 ], [ -50.468559940374384, -21.602999575813403 ], [ -50.468560308015128, -21.602997666810442 ], [ -50.468580307906343, -21.602889666790208 ], [ -50.468325996394611, -21.602848480082294 ], [ -50.468336661919899, -21.602785671582115 ], [ -50.468031338130878, -21.602740328278735 ], [ -50.468015920187099, -21.60283112228819 ], [ -50.46775153245941, -21.602773317066891 ], [ -50.467758430309139, -21.602734995439778 ], [ -50.467758511916998, -21.602734537569983 ], [ -50.467776385662084, -21.602633252416091 ], [ -50.467793502882749, -21.602541960067644 ], [ -50.467793515762075, -21.602541908550162 ], [ -50.467492484309041, -21.602476091314969 ], [ -50.467491484305157, -21.602480091313993 ], [ -50.467489748297879, -21.602488033817789 ], [ -50.467471748201305, -21.602584033799619 ], [ -50.467471488238743, -21.60258546230952 ], [ -50.467453528546862, -21.602687233295164 ], [ -50.467435569643314, -21.60278700440325 ], [ -50.467435269148289, -21.602788738083582 ], [ -50.46741839435871, -21.602889986186558 ], [ -50.467400663993459, -21.602989472653615 ], [ -50.467381808579809, -21.603088711128507 ], [ -50.467381487697146, -21.603090462392142 ], [ -50.467363487593936, -21.603192462373805 ], [ -50.467345527895638, -21.603294233395772 ], [ -50.467327663593629, -21.603393478943175 ], [ -50.467308762235014, -21.603493954029716 ], [ -50.467308487262812, -21.603495462458401 ], [ -50.467290641839753, -21.603596585925029 ], [ -50.467271882356556, -21.60369531950575 ], [ -50.467251958988079, -21.603796928145801 ], [ -50.467251486936831, -21.603799462508135 ], [ -50.467233755421127, -21.603899940503982 ], [ -50.467214058578421, -21.60399842420474 ], [ -50.467213526937705, -21.604001235765786 ], [ -50.46719573274811, -21.604101080357065 ], [ -50.4671760079748, -21.604201676166781 ], [ -50.467156058252414, -21.604301424260306 ], [ -50.467155716753751, -21.604303192486931 ], [ -50.467136857777085, -21.604404434848583 ], [ -50.467117032598338, -21.604504551475159 ], [ -50.467097133369073, -21.604604047104754 ], [ -50.467076210850692, -21.604705670252834 ], [ -50.467075958002013, -21.604706928348222 ], [ -50.467055982372507, -21.604808803518523 ], [ -50.467036285604664, -21.604908271674908 ], [ -50.467014593863823, -21.605006870032067 ], [ -50.467013957676265, -21.605009928402826 ], [ -50.466994106626636, -21.605111168219551 ], [ -50.466973264261682, -21.605211409569296 ], [ -50.466973210297603, -21.605211670388286 ], [ -50.466952210196041, -21.605313670367341 ], [ -50.466931367070821, -21.605414907894353 ], [ -50.466909532705913, -21.605515147001658 ], [ -50.46690895713013, -21.6055179284944 ], [ -50.466889203492372, -21.605618671513589 ], [ -50.466867473580407, -21.605719418802451 ], [ -50.466866909104112, -21.605722173533717 ], [ -50.466847055069422, -21.605824421265137 ], [ -50.466826209537075, -21.605925670482595 ], [ -50.466825956690379, -21.605926928568088 ], [ -50.466805956588232, -21.606028928548035 ], [ -50.466805908774084, -21.606029173588581 ], [ -50.46678595670371, -21.606131926200668 ], [ -50.466766005555392, -21.606232678970521 ], [ -50.46676586207743, -21.60623341413875 ], [ -50.466745861973067, -21.60633741411862 ], [ -50.466745445131913, -21.606339685465997 ], [ -50.466727796720775, -21.606440672994594 ], [ -50.466707208874702, -21.606540670598378 ], [ -50.46670644491212, -21.606544685499262 ], [ -50.466688444807794, -21.606647685480876 ], [ -50.466670444697314, -21.606750685497548 ], [ -50.466670406702768, -21.606750903959941 ], [ -50.466652534540401, -21.606854164719913 ], [ -50.466633670562551, -21.606956426758245 ], [ -50.466633406480824, -21.606957903993202 ], [ -50.466615406375382, -21.60706190397481 ], [ -50.466615300599948, -21.607062523642242 ], [ -50.466598371057884, -21.60716310441487 ], [ -50.466580444144959, -21.607265685581076 ], [ -50.466580406150541, -21.607265904042716 ], [ -50.466562554263611, -21.607369047656515 ], [ -50.466543713359769, -21.607470192994867 ], [ -50.466543443917899, -21.607471685649564 ], [ -50.46652557434949, -21.607573938680666 ], [ -50.466506713139552, -21.607675193030133 ], [ -50.466506443698051, -21.607676685682822 ], [ -50.466488482861202, -21.607779460968654 ], [ -50.466470728690673, -21.607879081009532 ], [ -50.466451003910606, -21.607979676853599 ], [ -50.466431054186948, -21.608079424953353 ], [ -50.466430482343917, -21.608082463209126 ], [ -50.466412864351824, -21.608182297908705 ], [ -50.466392316476188, -21.608280144450681 ], [ -50.466392053961876, -21.608281425028778 ], [ -50.466372236815111, -21.608380510248335 ], [ -50.466351432250669, -21.608477597745548 ], [ -50.466351053748852, -21.608479425065116 ], [ -50.466331053648908, -21.60857942504509 ], [ -50.466311053541311, -21.60867942506346 ], [ -50.466562702346359, -21.60872343753249 ], [ -50.466557539194021, -21.608747101853147 ], [ -50.46686046086927, -21.608804898010106 ], [ -50.466884460760539, -21.608694897986368 ], [ -50.466884708311788, -21.608693739210018 ], [ -50.466907708202456, -21.608583739187139 ], [ -50.466908418986826, -21.6085803397695 ], [ -50.466908418986115, -21.608580999928051 ], [ -50.467217581017273, -21.608580999928321 ], [ -50.467217581017152, -21.608580887903337 ], [ -50.467232504052305, -21.608496616141768 ], [ -50.467232802272363, -21.608494865533416 ], [ -50.467250786123529, -21.608384963518116 ], [ -50.467268572669091, -21.608277255421903 ], [ -50.467288354084658, -21.608169446093527 ], [ -50.467288393524015, -21.608169230166183 ], [ -50.467308393412985, -21.608059230145901 ], [ -50.467308801803256, -21.608056865600233 ], [ -50.467326625374874, -21.607947943078113 ], [ -50.467346200861719, -21.60783929849725 ], [ -50.467367945459067, -21.607730574944473 ], [ -50.467368393050592, -21.607728230240362 ], [ -50.46738815799187, -21.607619522440832 ], [ -50.467409897916063, -21.607511810442791 ], [ -50.467410468648595, -21.607508809434915 ], [ -50.467430221180919, -21.607398194608681 ], [ -50.467451944984468, -21.607289575025387 ], [ -50.467452256864171, -21.607287965261758 ], [ -50.467473127412674, -21.607176655051852 ], [ -50.467494876268454, -21.607066921612891 ], [ -50.467517756582168, -21.60695649867581 ], [ -50.467517990693835, -21.606955343699184 ], [ -50.467537351960658, -21.606857656795636 ], [ -50.467529978143652, -21.606845426588563 ], [ -50.467529679401736, -21.606844935885633 ], [ -50.467503899608403, -21.606802998263511 ], [ -50.467503066940523, -21.60680167847697 ], [ -50.467476872364863, -21.606761212409797 ], [ -50.467476286187242, -21.60676028193955 ] ], [ [ -50.467800797483143, -21.604026866214387 ], [ -50.467818621050107, -21.603917943720923 ], [ -50.467838427260411, -21.603808018616544 ], [ -50.467838598006296, -21.603807050946866 ], [ -50.467857495917357, -21.603697641327095 ], [ -50.467877368968885, -21.60358833891646 ], [ -50.467897349044037, -21.603479446888144 ], [ -50.467897597653639, -21.60347805099962 ], [ -50.467916476883993, -21.603368749532027 ], [ -50.467936153238135, -21.603261512793033 ], [ -50.467957940526745, -21.603152575783202 ], [ -50.467958308167091, -21.603150666782266 ], [ -50.46797813107888, -21.603043622457051 ], [ -50.467990826421847, -21.602980145433623 ], [ -50.467977405149625, -21.603059926929465 ], [ -50.467958600514642, -21.603165826093594 ], [ -50.46793869169624, -21.603273333107602 ], [ -50.467938337557577, -21.603275328363189 ], [ -50.467920488345897, -21.603380439741471 ], [ -50.46790065094833, -21.603488552943325 ], [ -50.467900268383552, -21.603490738191649 ], [ -50.467882468967403, -21.603597534019642 ], [ -50.467862691233407, -21.603704333181323 ], [ -50.467862650709314, -21.603704553018705 ], [ -50.467842670763773, -21.603813443103419 ], [ -50.467822691000407, -21.603921333218416 ], [ -50.46780286785738, -21.604028377589181 ], [ -50.467781081962542, -21.604137306496739 ], [ -50.467779272836708, -21.604146269853501 ], [ -50.467780621332025, -21.604137954072467 ], [ -50.467800389082015, -21.604029230822889 ], [ -50.467800797483143, -21.604026866214387 ] ], [ [ -50.467156785746425, -21.605863816285702 ], [ -50.467136114149739, -21.605973079839629 ], [ -50.467112487752537, -21.606082351401788 ], [ -50.467112195526546, -21.606083737788243 ], [ -50.467089195414992, -21.606195737765329 ], [ -50.467066337775165, -21.606307043971089 ], [ -50.467061647621492, -21.606328735842148 ], [ -50.467070067257112, -21.606284953480486 ], [ -50.467089994401711, -21.606184320871623 ], [ -50.467090091386325, -21.606183826293517 ], [ -50.467110067488903, -21.606080948814064 ], [ -50.467129919923629, -21.605979700860324 ], [ -50.467150790421513, -21.605878329359061 ], [ -50.467151091056301, -21.605876826348368 ], [ -50.467170823007706, -21.605775206255217 ], [ -50.467192526381275, -21.60567458103889 ], [ -50.467193043029653, -21.605672071387779 ], [ -50.467212769716561, -21.605571464752053 ], [ -50.467216534194705, -21.605554182303376 ], [ -50.467200780834332, -21.605640825274545 ], [ -50.467178988061789, -21.605751769710409 ], [ -50.467157010488698, -21.605862655974722 ], [ -50.467156785746425, -21.605863816285702 ] ] ], [ [ [ -50.467511456714583, -21.606593017291708 ], [ -50.467551192661659, -21.606616744088967 ], [ -50.467551919278002, -21.606617186594757 ], [ -50.467583861339307, -21.60663702320026 ], [ -50.467586565772784, -21.606624402449629 ], [ -50.467588003585199, -21.606616584944074 ], [ -50.467590003571893, -21.606603584941993 ], [ -50.467511456714583, -21.606593017291708 ] ] ] ] } }
]
}
