{
"type": "FeatureCollection",
"name": "300044_SITIO_SAO_FRANCISCO_II_16-04-2026_30-06-2026_16h59m",
"crs": { "type": "name", "properties": { "name": "urn:ogc:def:crs:OGC:1.3:CRS84" } },
"features": [
{ "type": "Feature", "properties": { "CHAVE": "3000441", "FAZENDA": "300044", "NOME_FAZ": "SITIO SAO FRANCISCO II", "ZONA": 1.0, "TALHAO": 1.0, "AREA_TOTAL": 11.171797072748747, "TIPO_GEO": "TALHAO", "DATA_INICI": null, "DATA_FINAL": null, "HORA_INICI": null, "HORA_FINAL": null, "CLASSE": null, "PILOTO": null, "AERONAVE": null, "AREA_HA": null }, "geometry": { "type": "Polygon", "coordinates": [ [ [ -50.490345690401085, -21.619563274474505 ], [ -50.490320027054999, -21.619569190204903 ], [ -50.490289764463597, -21.619576970670604 ], [ -50.490254902624891, -21.619586615869014 ], [ -50.490218052355793, -21.619597127281295 ], [ -50.490179213655196, -21.619608504906193 ], [ -50.490138386521892, -21.619620748742204 ], [ -50.490095570954686, -21.619633858787711 ], [ -50.490052301604088, -21.619646766126912 ], [ -50.490008578470096, -21.619659470759203 ], [ -50.489964401552783, -21.619671972684309 ], [ -50.489919770852296, -21.6196842719019 ], [ -50.48987470864089, -21.619696838188791 ], [ -50.489829214918295, -21.619709671544705 ], [ -50.489783289683992, -21.619722771969101 ], [ -50.489691270887093, -21.619749218300992 ], [ -50.489646303532496, -21.619762008487204 ], [ -50.489558452913201, -21.619786722903093 ], [ -50.489519880454296, -21.619797184138502 ], [ -50.489486313500102, -21.619805893730909 ], [ -50.489457752052687, -21.619812851683299 ], [ -50.489434196113599, -21.619818057998302 ], [ -50.489410403170893, -21.619822637303802 ], [ -50.48938637322469, -21.619826589599601 ], [ -50.489362106275287, -21.619829914885798 ], [ -50.489337602323083, -21.619832613162096 ], [ -50.489311542069089, -21.619835731630296 ], [ -50.489283925512986, -21.619839270289688 ], [ -50.489254752654297, -21.619843229139398 ], [ -50.489224023492895, -21.619847608178592 ], [ -50.489192481202387, -21.619851939980293 ], [ -50.489160125782895, -21.619856224544101 ], [ -50.489126957234205, -21.6198604618695 ], [ -50.489056888276195, -21.619869014502996 ], [ -50.488978396907683, -21.619878256972708 ], [ -50.48893599281859, -21.619883136892593 ], [ -50.48889466662699, -21.619887595139694 ], [ -50.488854418332991, -21.619891631714797 ], [ -50.488815247937289, -21.619895246618892 ], [ -50.488696304834782, -21.619905147455206 ], [ -50.488609233413193, -21.619912283230693 ], [ -50.48856738418749, -21.619915822737291 ], [ -50.48852799904909, -21.619919280343403 ], [ -50.48849107799829, -21.619922656050903 ], [ -50.488419412624893, -21.619929414137285 ], [ -50.488336741461495, -21.619936854078006 ], [ -50.488291278707685, -21.619940829738503 ], [ -50.48824409220579, -21.619945225056799 ], [ -50.488195181954993, -21.619950040031195 ], [ -50.488144547954896, -21.619955274660406 ], [ -50.487911474374194, -21.619980502939008 ], [ -50.487850333580091, -21.619987360288505 ], [ -50.487830064468788, -21.619989780611501 ], [ -50.487816662882302, -21.619991528703597 ], [ -50.48780529411431, -21.619993394891086 ], [ -50.487795958164796, -21.619995379174203 ], [ -50.487788655033796, -21.619997481553405 ], [ -50.487783384721496, -21.619999702029002 ], [ -50.487778709182301, -21.620002841386789 ], [ -50.487774628416183, -21.620006899626894 ], [ -50.487771142422993, -21.620011876749395 ], [ -50.487768251202894, -21.620017772754192 ], [ -50.487765597608188, -21.620024116832596 ], [ -50.487763181638783, -21.620030908984504 ], [ -50.487761003294892, -21.620038149209996 ], [ -50.487759062576494, -21.6200458375091 ], [ -50.487758796268892, -21.620053530965706 ], [ -50.487760204372584, -21.620061229579889 ], [ -50.487763286887791, -21.6200689333516 ], [ -50.48776804381469, -21.620076642280804 ], [ -50.487775846685594, -21.620088856375595 ], [ -50.487800590265884, -21.620126800060397 ], [ -50.487817530979783, -21.620152529649094 ], [ -50.487843846695789, -21.620192357004587 ], [ -50.487860074782503, -21.62021667526799 ], [ -50.487866615334283, -21.620227342142293 ], [ -50.487872843349088, -21.620238455395594 ], [ -50.487878758826582, -21.620250015027892 ], [ -50.487884361767094, -21.620262021039082 ], [ -50.487889506837284, -21.620274987424779 ], [ -50.487894194037196, -21.620288914184897 ], [ -50.487898423366786, -21.620303801319587 ], [ -50.487902194825985, -21.620319648828691 ], [ -50.487906536904902, -21.620336482246596 ], [ -50.487911449603693, -21.620354301573087 ], [ -50.487916932922793, -21.620373106808294 ], [ -50.487922986862394, -21.620392897952083 ], [ -50.487928605985992, -21.620413895579176 ], [ -50.487933790293496, -21.62043609968968 ], [ -50.487938539784786, -21.620459510283684 ], [ -50.48794285445981, -21.620484127361081 ], [ -50.487946659328188, -21.620510867741487 ], [ -50.487949954389784, -21.620539731424884 ], [ -50.487952739644484, -21.620570718411393 ], [ -50.487955015091885, -21.62060382870078 ], [ -50.487956714878585, -21.620637384559192 ], [ -50.487957839004387, -21.620671385986583 ], [ -50.487958387468687, -21.620705832982978 ], [ -50.487958360271101, -21.62074072554838 ], [ -50.487958543629794, -21.620776960786976 ], [ -50.487958937544803, -21.620814538698678 ], [ -50.487959542016199, -21.62085345928336 ], [ -50.487960357044393, -21.620893722541279 ], [ -50.487961369027694, -21.620932398342589 ], [ -50.487962577966393, -21.620969486687272 ], [ -50.487963983860595, -21.621004987575468 ], [ -50.487965586710494, -21.621038901007161 ], [ -50.487967922977887, -21.621075120506376 ], [ -50.487970992663584, -21.621113646073081 ], [ -50.487974795768189, -21.621154477707261 ], [ -50.48797933229249, -21.621197615408771 ], [ -50.487984087883092, -21.621239680164567 ], [ -50.487989062540294, -21.621280671974663 ], [ -50.487994256263995, -21.621320590839176 ], [ -50.487999669054489, -21.621359436757867 ], [ -50.488005123859786, -21.621399937969564 ], [ -50.488010620680292, -21.621442094474354 ], [ -50.488016159515986, -21.621485906272177 ], [ -50.488021740367195, -21.621531373362952 ], [ -50.488026283057998, -21.621572766448363 ], [ -50.488029787587287, -21.621610085528552 ], [ -50.488032253953989, -21.621643330603654 ], [ -50.488033682157287, -21.621672501673757 ], [ -50.488034358454087, -21.621697823290958 ], [ -50.488034282843891, -21.621719295455247 ], [ -50.488033455326487, -21.621736918166857 ], [ -50.488031875901598, -21.621750691425554 ], [ -50.488029285989484, -21.62176611673716 ], [ -50.488025685589683, -21.62178319410145 ], [ -50.488021074701791, -21.621801923518447 ], [ -50.488015453325083, -21.621822304987948 ], [ -50.488009569136892, -21.621842596179754 ], [ -50.488003422136991, -21.621862797093652 ], [ -50.487997012325287, -21.621882907729852 ], [ -50.487990339701796, -21.621902928088151 ], [ -50.48798246215199, -21.621925472216052 ], [ -50.48797337967499, -21.621950540113247 ], [ -50.487963092269702, -21.621978131779652 ], [ -50.487951599934696, -21.622008247214854 ], [ -50.487939613063503, -21.622036146785344 ], [ -50.487927131656392, -21.622061830491155 ], [ -50.487914155713689, -21.622085298332042 ], [ -50.487900685235793, -21.622106550308047 ], [ -50.487886401299185, -21.622127844511756 ], [ -50.487871303903795, -21.622149180943044 ], [ -50.487855393048896, -21.62217055960155 ], [ -50.487838668734391, -21.622191980487134 ], [ -50.487822546209991, -21.622212329604743 ], [ -50.487807025476293, -21.622231606954536 ], [ -50.487792106533902, -21.622249812536651 ], [ -50.487777789383294, -21.622266946351338 ], [ -50.487760016404394, -21.622287268011242 ], [ -50.487738787594495, -21.622310777515338 ], [ -50.487714102950683, -21.622337474862139 ], [ -50.487685962469186, -21.622367360049935 ], [ -50.487658642368608, -21.622395234723449 ], [ -50.487632142650384, -21.622421098883041 ], [ -50.48760646331619, -21.622444952529044 ], [ -50.487581604367492, -21.622466795662145 ], [ -50.487555479434995, -21.622488120447137 ], [ -50.487528088518289, -21.622508926883341 ], [ -50.487499431617302, -21.622529214970328 ], [ -50.487469508731792, -21.62254898470734 ], [ -50.487437332730806, -21.62257004478414 ], [ -50.487402903612491, -21.622592395199337 ], [ -50.487366221374891, -21.622616035951534 ], [ -50.487327286016082, -21.622640967039125 ], [ -50.48728710566909, -21.622666207417733 ], [ -50.487245680333103, -21.622691757086134 ], [ -50.487203010007292, -21.62271761604374 ], [ -50.487159094690583, -21.62274378428933 ], [ -50.487115035992502, -21.62276990734653 ], [ -50.487070833912803, -21.622795985215333 ], [ -50.487026488451683, -21.622822017895537 ], [ -50.486981999608894, -21.622848005387038 ], [ -50.486936936024094, -21.622874170029533 ], [ -50.486891297696701, -21.622900511822621 ], [ -50.486845084626296, -21.622927030765631 ], [ -50.486753090743996, -21.62297957787073 ], [ -50.486709466422887, -21.623004583804423 ], [ -50.486626963028783, -21.623052060440525 ], [ -50.486590527498585, -21.623073509804819 ], [ -50.4865581172633, -21.623093092756015 ], [ -50.486529732325693, -21.623110809296726 ], [ -50.486505372688399, -21.62312665942893 ], [ -50.486481295511389, -21.623143807719924 ], [ -50.486457500794288, -21.623162254169813 ], [ -50.486433988536405, -21.623181998778918 ], [ -50.4864107587373, -21.623203041547018 ], [ -50.486384124451483, -21.62322626576891 ], [ -50.486354085676091, -21.623251671442723 ], [ -50.486320642408096, -21.623279258566715 ], [ -50.486283794643988, -21.623309027138617 ], [ -50.486250826759807, -21.62333746566522 ], [ -50.486221738758694, -21.623364574149118 ], [ -50.486196530643596, -21.623390352592207 ], [ -50.486153585554, -21.623439695847217 ], [ -50.486131680053489, -21.623465037144413 ], [ -50.486087003139488, -21.623517059077411 ], [ -50.486066675118586, -21.62354276311402 ], [ -50.486048501853894, -21.623567936998423 ], [ -50.486032483346989, -21.623592580731309 ], [ -50.486018619598894, -21.623616694313416 ], [ -50.486005274827093, -21.623642867269016 ], [ -50.485992449031286, -21.623671099598003 ], [ -50.485980142211183, -21.623701391300607 ], [ -50.485968354366491, -21.623733742376906 ], [ -50.485957383934995, -21.623764932891497 ], [ -50.485947230917382, -21.623794962844705 ], [ -50.485937895314599, -21.623823832236589 ], [ -50.485929377127192, -21.62385154106741 ], [ -50.485923030789486, -21.623873888515693 ], [ -50.485918856303094, -21.623890874581903 ], [ -50.485916853669288, -21.623902499266205 ], [ -50.485917022888891, -21.623908762568799 ], [ -50.485918176657393, -21.623913955295908 ], [ -50.485920314974884, -21.623918077447705 ], [ -50.485923437841386, -21.623921129024108 ], [ -50.485927545256786, -21.623923110025103 ], [ -50.48593191817379, -21.623924420834701 ], [ -50.485936556592392, -21.623925061452997 ], [ -50.485941460512393, -21.623925031879903 ], [ -50.485946629933892, -21.623924332115301 ], [ -50.485951740843085, -21.62392378152671 ], [ -50.485956793240092, -21.623923380114103 ], [ -50.485961787124985, -21.623923127877298 ], [ -50.485966722497693, -21.623923024816509 ], [ -50.485983678909001, -21.623918309808197 ], [ -50.486012656356095, -21.623908982848807 ], [ -50.486053654834294, -21.6238950439317 ], [ -50.486106674336085, -21.623876493048105 ], [ -50.486168666846687, -21.623854328014804 ], [ -50.486239632357488, -21.623828548821496 ], [ -50.48631957085869, -21.623799155456606 ], [ -50.486408482338994, -21.623766147906803 ], [ -50.486491648373089, -21.623734375121312 ], [ -50.486569068966595, -21.623703837108806 ], [ -50.48664074412509, -21.623674533877406 ], [ -50.486706673853696, -21.623646465434813 ], [ -50.486768003036396, -21.623620574738613 ], [ -50.486824731678283, -21.623596861794017 ], [ -50.486876859784189, -21.623575326605913 ], [ -50.486924387358286, -21.62355596917881 ], [ -50.487008663462284, -21.623521381304013 ], [ -50.487045411996995, -21.623506150862116 ], [ -50.487078567522985, -21.623492296087026 ], [ -50.487112250561303, -21.623478085059116 ], [ -50.487146461111394, -21.623463517778109 ], [ -50.487181199172795, -21.623448594243612 ], [ -50.487216464745288, -21.623433314455315 ], [ -50.487256519974785, -21.623416483733912 ], [ -50.487301364858389, -21.623398102075715 ], [ -50.487350999392994, -21.623378169476815 ], [ -50.487405423575083, -21.623356685932922 ], [ -50.487454385148084, -21.623337645911118 ], [ -50.4874978841165, -21.62332104941612 ], [ -50.487535920484191, -21.623306896452622 ], [ -50.487568494254688, -21.623295187024208 ], [ -50.487605680399795, -21.623281322196227 ], [ -50.487647478916493, -21.623265301965517 ], [ -50.487693889801392, -21.623247126328412 ], [ -50.487744913050996, -21.623226795281116 ], [ -50.487797016105596, -21.623205505759707 ], [ -50.487850198963805, -21.623183257763319 ], [ -50.48790446162409, -21.623160051290817 ], [ -50.487959804084795, -21.623135886341021 ], [ -50.488031972533193, -21.623105599866221 ], [ -50.488120966949992, -21.62306919184401 ], [ -50.488226787311888, -21.623026662247032 ], [ -50.488349433591296, -21.622978011042232 ], [ -50.488465658199495, -21.622932426647111 ], [ -50.4885754611498, -21.62288990907572 ], [ -50.488678842454391, -21.622850458340814 ], [ -50.488775802124984, -21.622814074454826 ], [ -50.488858006205284, -21.622783460595024 ], [ -50.488925454714085, -21.622758616783837 ], [ -50.488978147666693, -21.622739543039433 ], [ -50.489016085074795, -21.622726239376235 ], [ -50.489056851238395, -21.62271119976403 ], [ -50.489100446155383, -21.622694424200631 ], [ -50.489146869823195, -21.622675912683832 ], [ -50.489456853195492, -21.622548477670744 ], [ -50.489536383381783, -21.622516289564242 ], [ -50.489620702829207, -21.62248263989143 ], [ -50.489709811531888, -21.622447528644742 ], [ -50.489803709483795, -21.622410955816434 ], [ -50.489893677670395, -21.622376294448134 ], [ -50.489979716097793, -21.622343544546531 ], [ -50.490061824772091, -21.622312706117732 ], [ -50.490140003698791, -21.622283779167841 ], [ -50.490218331137591, -21.622253421142339 ], [ -50.490296807086089, -21.622221632041128 ], [ -50.490375431541693, -21.622188411863839 ], [ -50.490454204502193, -21.622153760610352 ], [ -50.490527081693898, -21.622122312115547 ], [ -50.490594063125293, -21.62209406638765 ], [ -50.490655148804095, -21.622069023433752 ], [ -50.490710338737394, -21.622047183260541 ], [ -50.490766823651391, -21.622024407616848 ], [ -50.490824603544702, -21.62200069650115 ], [ -50.490883678415393, -21.621976049912139 ], [ -50.490944048261696, -21.621950467848347 ], [ -50.490999481384883, -21.621927465233355 ], [ -50.491049977790389, -21.621907042072248 ], [ -50.491095537482686, -21.621889198369548 ], [ -50.491136160466084, -21.621873934129557 ], [ -50.491186750950888, -21.62185395855575 ], [ -50.491247308928195, -21.621829271639044 ], [ -50.491317834387303, -21.621799873368058 ], [ -50.491398327315387, -21.621765763729947 ], [ -50.491468123071705, -21.621732963364657 ], [ -50.491527221664896, -21.621701472285856 ], [ -50.491575623103408, -21.621671290505052 ], [ -50.491613327394887, -21.62164241803195 ], [ -50.491641065923694, -21.621610920501848 ], [ -50.491658838694796, -21.621576797919865 ], [ -50.491666645713892, -21.621540050289365 ], [ -50.491664486988292, -21.621500677611763 ], [ -50.491655965279193, -21.621461330216867 ], [ -50.491641080591982, -21.621422008103963 ], [ -50.491619832931896, -21.621382711271362 ], [ -50.491592222303893, -21.621343439716664 ], [ -50.491567072034691, -21.621312004161663 ], [ -50.491544382118789, -21.621288404607263 ], [ -50.491524152551186, -21.621272641054663 ], [ -50.491506383328094, -21.621264713504569 ], [ -50.491487616335291, -21.621254814597464 ], [ -50.491467851573887, -21.621242944333169 ], [ -50.491447089044897, -21.621229102711268 ], [ -50.491425328749486, -21.621213289731358 ], [ -50.491403002898394, -21.621195037006057 ], [ -50.491380111492802, -21.62117434453517 ], [ -50.491356654534286, -21.621151212318569 ], [ -50.49133263202409, -21.621125640355864 ], [ -50.491307588616486, -21.621097873291969 ], [ -50.491281524313194, -21.621067911126477 ], [ -50.491254439115899, -21.621035753858866 ], [ -50.491226333026589, -21.62100140148868 ], [ -50.491203226032688, -21.620973975840087 ], [ -50.491185118128193, -21.620953476915279 ], [ -50.491172009308286, -21.620939904715673 ], [ -50.491163899569983, -21.620933259242566 ], [ -50.491154039970191, -21.620927659667874 ], [ -50.491142430509093, -21.620923105991277 ], [ -50.491129071186592, -21.620919598212474 ], [ -50.491113962002487, -21.620917136331073 ], [ -50.491094307881092, -21.620914682906783 ], [ -50.491070108822584, -21.620912237937866 ], [ -50.491041364827289, -21.620909801422471 ], [ -50.491008075895486, -21.620907373358172 ], [ -50.49098035867479, -21.620905454418068 ], [ -50.490958213164795, -21.620904044604877 ], [ -50.490941639364891, -21.620903143920895 ], [ -50.490930637274786, -21.62090275236768 ], [ -50.490920066768396, -21.620902071362789 ], [ -50.490909927845792, -21.620901100906284 ], [ -50.4909002205071, -21.62089984099827 ], [ -50.490890944752294, -21.620898291638792 ], [ -50.490881481629494, -21.620895600983577 ], [ -50.490871831138989, -21.620891769032671 ], [ -50.490861993280994, -21.620886795785868 ], [ -50.490851968055587, -21.620880681243371 ], [ -50.49084228217999, -21.620873292815165 ], [ -50.490832935654304, -21.620864630501273 ], [ -50.490823928478584, -21.620854694301766 ], [ -50.490815260653093, -21.620843484216774 ], [ -50.490806052923411, -21.620829342389367 ], [ -50.490796305290189, -21.620812268819588 ], [ -50.490786017754189, -21.620792263507184 ], [ -50.490775190316285, -21.620769326452084 ], [ -50.490763420562594, -21.620742248598983 ], [ -50.490750708494801, -21.620711029947888 ], [ -50.490737054114291, -21.620675670498287 ], [ -50.490707338881194, -21.620595415845383 ], [ -50.490658852159704, -21.620465627690191 ], [ -50.490644739869182, -21.620424429019685 ], [ -50.490633199374102, -21.620386548554585 ], [ -50.490624230671692, -21.620351986295688 ], [ -50.490617833759387, -21.620320742243081 ], [ -50.490612721018593, -21.620291649364486 ], [ -50.490608892448385, -21.620264707659878 ], [ -50.490606348047784, -21.620239917129492 ], [ -50.4906050878161, -21.620217277773303 ], [ -50.490603866492194, -21.620197188384594 ], [ -50.490602684075895, -21.620179648963401 ], [ -50.49060154056729, -21.620164659509701 ], [ -50.490600435966194, -21.620152220023495 ], [ -50.490597866120389, -21.620127865572989 ], [ -50.490593831031099, -21.620091596158094 ], [ -50.49058136513009, -21.619983312433792 ], [ -50.490575825664493, -21.619932645186296 ], [ -50.490571712300984, -21.619891410035994 ], [ -50.4905690250378, -21.619859606983205 ], [ -50.490567763873592, -21.619837236028101 ], [ -50.490566400916691, -21.619816609394302 ], [ -50.490564936167388, -21.619797727081718 ], [ -50.490563369625384, -21.619780589090503 ], [ -50.490561701290893, -21.619765195420502 ], [ -50.490558174083496, -21.619747827752089 ], [ -50.490552788003782, -21.619728486085002 ], [ -50.490545543052988, -21.619707170419108 ], [ -50.490536439232095, -21.619683880754103 ], [ -50.49052758731689, -21.619663312114803 ], [ -50.490518987306793, -21.619645464501204 ], [ -50.490510639201283, -21.619630337913303 ], [ -50.490502542999891, -21.619617932351193 ], [ -50.490494086767299, -21.619606840038596 ], [ -50.490485270503292, -21.619597060975501 ], [ -50.490476094207793, -21.6195885951619 ], [ -50.490466557880502, -21.619581442597614 ], [ -50.490456634588995, -21.619575018430414 ], [ -50.490446324333085, -21.619569322660197 ], [ -50.490435627112703, -21.619564355286908 ], [ -50.490424542927592, -21.619560116310421 ], [ -50.490412113574585, -21.619557483642005 ], [ -50.490398339053087, -21.619556457281305 ], [ -50.49038321936289, -21.61955703722791 ], [ -50.490366754503384, -21.619559223481595 ], [ -50.490345690401085, -21.619563274474505 ] ] ] } },
{ "type": "Feature", "properties": { "CHAVE": "3000441", "FAZENDA": "300044", "NOME_FAZ": "SITIO SAO FRANCISCO II", "ZONA": 1.0, "TALHAO": 1.0, "AREA_TOTAL": 10.55292103123935, "TIPO_GEO": "TALHAO", "DATA_INICI": null, "DATA_FINAL": null, "HORA_INICI": null, "HORA_FINAL": null, "CLASSE": null, "PILOTO": null, "AERONAVE": null, "AREA_HA": null }, "geometry": { "type": "Polygon", "coordinates": [ [ [ -50.485341299350893, -21.619496276492409 ], [ -50.48532764701649, -21.619508973129712 ], [ -50.485313445212988, -21.619522037417706 ], [ -50.485283393198095, -21.619549268945004 ], [ -50.485251143303891, -21.619577971073102 ], [ -50.485217407046186, -21.619607542978908 ], [ -50.485184318977787, -21.619636182196508 ], [ -50.485151879099689, -21.619663888726205 ], [ -50.485135902232287, -21.619677392233303 ], [ -50.485104434641585, -21.619703699732209 ], [ -50.485088597394686, -21.619716472499903 ], [ -50.485072575672184, -21.619728980871798 ], [ -50.485056369474094, -21.619741224847694 ], [ -50.485039978800586, -21.619753204427596 ], [ -50.485023403651695, -21.619764919611498 ], [ -50.485006644027386, -21.619776370399308 ], [ -50.484989699927688, -21.61978755679101 ], [ -50.484972571352685, -21.61979847878651 ], [ -50.484954999143298, -21.619809474784201 ], [ -50.484936983299185, -21.619820544784108 ], [ -50.484918523820284, -21.619831688785798 ], [ -50.484899620706585, -21.619842906789405 ], [ -50.484880273957785, -21.619854198794695 ], [ -50.484860483573883, -21.619865564801394 ], [ -50.484840249554793, -21.619877004809403 ], [ -50.484799944012586, -21.619899523506792 ], [ -50.484763837540491, -21.619920004921592 ], [ -50.484731930141692, -21.619938449056502 ], [ -50.484717551095684, -21.619946907144897 ], [ -50.484704221819086, -21.619954855914187 ], [ -50.484691942312196, -21.619962295364687 ], [ -50.484660531803691, -21.619981555107895 ], [ -50.484644114810486, -21.619991846098209 ], [ -50.484631316495786, -21.620000098018998 ], [ -50.484626274343199, -21.620003459328608 ], [ -50.484621410391597, -21.6200065799806 ], [ -50.484616724640901, -21.62000945997509 ], [ -50.484612217091183, -21.620012099312 ], [ -50.484607887742591, -21.620014497991395 ], [ -50.484603736594984, -21.620016656013302 ], [ -50.484599763648589, -21.620018573377799 ], [ -50.4845959689032, -21.620020250084696 ], [ -50.484588590365895, -21.620023219724199 ], [ -50.484580630033086, -21.620026579525913 ], [ -50.484567598666892, -21.620032350782306 ], [ -50.484558183844683, -21.620036685989199 ], [ -50.484552363414089, -21.620039012205297 ], [ -50.484545502688697, -21.620041448263798 ], [ -50.484537601668201, -21.620043994164597 ], [ -50.484528660352595, -21.62004664990749 ], [ -50.484518678741793, -21.620049415492293 ], [ -50.484507656835795, -21.620052290918895 ], [ -50.484495594634495, -21.620055276186996 ], [ -50.484482492137708, -21.620058371296398 ], [ -50.484468938774796, -21.620061306713197 ], [ -50.484454934545688, -21.620064082437406 ], [ -50.484440479450399, -21.620066698468694 ], [ -50.484425573488991, -21.620069154807194 ], [ -50.484410216661487, -21.620071451452596 ], [ -50.484394408967987, -21.620073588404797 ], [ -50.484378150408389, -21.620075565663694 ], [ -50.484361440982788, -21.620077383229201 ], [ -50.484344837688987, -21.620078824231999 ], [ -50.484328340526986, -21.620079888672191 ], [ -50.484311949496991, -21.620080576549693 ], [ -50.484295664599195, -21.620080887864589 ], [ -50.484279485833689, -21.620080822617002 ], [ -50.484263413200487, -21.62008038080679 ], [ -50.484247446699896, -21.620079562434086 ], [ -50.484216733479798, -21.620077213376192 ], [ -50.484190050323484, -21.620075027568699 ], [ -50.4841673972306, -21.620073005013602 ], [ -50.484148774200889, -21.620071145712501 ], [ -50.484133614737992, -21.620069503500797 ], [ -50.484126696535789, -21.620068824366889 ], [ -50.484114183190094, -21.620067750043699 ], [ -50.484108588046396, -21.620067354854307 ], [ -50.484098720817492, -21.620066848420294 ], [ -50.484084540150995, -21.620066525529207 ], [ -50.484078113283594, -21.620066528204312 ], [ -50.484075576647484, -21.620066924609105 ], [ -50.484073278297593, -21.620067395918984 ], [ -50.48407019576679, -21.620068324369981 ], [ -50.484068181421584, -21.620068794119895 ], [ -50.484065777146888, -21.620069187171307 ], [ -50.48406347572169, -21.620069456124799 ], [ -50.484043418585003, -21.620070894588302 ], [ -50.483984509089083, -21.620074756402996 ], [ -50.483968940772691, -21.6200759823192 ], [ -50.483953736424702, -21.620077438625906 ], [ -50.483938896045004, -21.620079125323102 ], [ -50.483924419633588, -21.620081042410987 ], [ -50.483913801179085, -21.620082631420896 ], [ -50.483899961711991, -21.620084951692789 ], [ -50.483889820965693, -21.620086843090697 ], [ -50.483876618442793, -21.620089566546802 ], [ -50.483866726176885, -21.620091898017801 ], [ -50.48385635095979, -21.620094772138202 ], [ -50.483845492791389, -21.620098188907988 ], [ -50.483834151671488, -21.620102148326989 ], [ -50.483822327599995, -21.620106650395201 ], [ -50.483810020576691, -21.620111695112385 ], [ -50.483801547587795, -21.620115359728889 ], [ -50.483792859953489, -21.620119265522586 ], [ -50.483779426041885, -21.620125576420484 ], [ -50.483770201793895, -21.620130085157207 ], [ -50.48375596296129, -21.620137300469395 ], [ -50.483746202099191, -21.620142412148898 ], [ -50.483731173185689, -21.620150457480783 ], [ -50.483710452630184, -21.620161681535691 ], [ -50.48368895264089, -21.620173473528478 ], [ -50.483666673217492, -21.620185833458702 ], [ -50.483643614359288, -21.620198761326101 ], [ -50.483607564631093, -21.620219218008682 ], [ -50.483582557184192, -21.620233565717498 ], [ -50.483550274566795, -21.62025222444948 ], [ -50.483524532219093, -21.62026680611919 ], [ -50.483499174813794, -21.620280762702485 ], [ -50.483474202351388, -21.620294094199288 ], [ -50.483455725623593, -21.620303682609194 ], [ -50.483443528099983, -21.620309879542983 ], [ -50.483425412256985, -21.62031888193469 ], [ -50.483407512944986, -21.620327532715592 ], [ -50.483395700365591, -21.620333104563684 ], [ -50.483383984022183, -21.620338520140283 ], [ -50.483372363915088, -21.620343779445495 ], [ -50.483349587102587, -21.620353892692084 ], [ -50.48332806869989, -21.620363698104189 ], [ -50.483307866938283, -21.620373216832299 ], [ -50.483293579663183, -21.620380167742383 ], [ -50.483284466263591, -21.620384712093983 ], [ -50.483275682024505, -21.62038918477479 ], [ -50.483263122841883, -21.620395759413586 ], [ -50.483251304270595, -21.620402172793582 ], [ -50.483243836673893, -21.620406358792081 ], [ -50.483236698237903, -21.620410473120078 ], [ -50.483226607760287, -21.620416510230076 ], [ -50.483217186675091, -21.620422443875078 ], [ -50.483211008785787, -21.620426560487978 ], [ -50.483204875179993, -21.620430836603589 ], [ -50.483198785857887, -21.620435272221986 ], [ -50.483192740819291, -21.620439867343183 ], [ -50.483183756292995, -21.620447059092694 ], [ -50.483177821963288, -21.620452052970883 ], [ -50.483171931917084, -21.620457206351773 ], [ -50.483166086154384, -21.620462519235485 ], [ -50.483160284675193, -21.620467991621979 ], [ -50.483154527479485, -21.620473623511383 ], [ -50.483148814567201, -21.620479414903492 ], [ -50.483140328230284, -21.620488401059383 ], [ -50.483134726026584, -21.620494591208587 ], [ -50.483129168106387, -21.620500940860584 ], [ -50.483121023817183, -21.620510540377179 ], [ -50.483108401818086, -21.620525843557989 ], [ -50.483101399708389, -21.620534607858584 ], [ -50.483094825916396, -21.620543058953288 ], [ -50.483088680441995, -21.62055119684209 ], [ -50.483082963285383, -21.620559021525185 ], [ -50.48307767444679, -21.620566533002389 ], [ -50.483072813926093, -21.620573731273986 ], [ -50.483068381723491, -21.620580616339975 ], [ -50.4830656648763, -21.620585032380781 ], [ -50.483060764202293, -21.620593432058186 ], [ -50.483056434629695, -21.620601200942072 ], [ -50.483052663468385, -21.620608334100286 ], [ -50.483049450718596, -21.620614831532681 ], [ -50.483046796380393, -21.620620693239374 ], [ -50.483045172084388, -21.620624672324482 ], [ -50.483044263724089, -21.620627126383589 ], [ -50.483042865812401, -21.620631557707583 ], [ -50.48304237626089, -21.620633534972477 ], [ -50.483042026312489, -21.620635353305978 ], [ -50.483041328214988, -21.620640901664181 ], [ -50.483040720456486, -21.620647532310187 ], [ -50.483040203036786, -21.620655245244084 ], [ -50.483039775955994, -21.62066404046579 ], [ -50.48303948906409, -21.62067219656489 ], [ -50.483039282217185, -21.620681071454882 ], [ -50.483039390394083, -21.620688279579579 ], [ -50.483039679625293, -21.620693656963283 ], [ -50.483040147226482, -21.620699009738381 ], [ -50.483040793197787, -21.620704337905082 ], [ -50.483041617539186, -21.620709641463389 ], [ -50.483042994125796, -21.620716674594483 ], [ -50.483044234664284, -21.620721920732983 ], [ -50.483045653572894, -21.620727142262986 ], [ -50.483047250851683, -21.620732339184482 ], [ -50.483049120574691, -21.620737648438794 ], [ -50.483050873804899, -21.620741767682375 ], [ -50.483053082606496, -21.620746423753975 ], [ -50.483055746979595, -21.620751616653379 ], [ -50.483058866924189, -21.620757346380678 ], [ -50.483062442440485, -21.620763612935789 ], [ -50.483066473528488, -21.620770416318777 ], [ -50.483070960188286, -21.620777756529471 ], [ -50.48307590242009, -21.620785633567976 ], [ -50.483087153600096, -21.62080299812818 ], [ -50.483100227069585, -21.620822509998774 ], [ -50.483115122829886, -21.620844169179385 ], [ -50.483135854328403, -21.620873645440067 ], [ -50.483152145443896, -21.620896431851168 ], [ -50.483163981858084, -21.620912770038771 ], [ -50.483179254513296, -21.620933552128271 ], [ -50.483193945190209, -21.620953188891175 ], [ -50.483208053888291, -21.620971680327674 ], [ -50.483221580606994, -21.620989026438053 ], [ -50.483234525345786, -21.621005227222369 ], [ -50.483250197431992, -21.621024470364159 ], [ -50.483256810156888, -21.621032831907666 ], [ -50.483263690150295, -21.621041710820968 ], [ -50.483278251942693, -21.621061020756567 ], [ -50.483285933742103, -21.621071451778985 ], [ -50.483297957570386, -21.621088068380466 ], [ -50.483310582754392, -21.621105849063575 ], [ -50.483319333630384, -21.621118349564171 ], [ -50.483332961074787, -21.621138070382862 ], [ -50.483342380124988, -21.621151864307162 ], [ -50.483362020035493, -21.621181004263565 ], [ -50.483387692400299, -21.621219619510974 ], [ -50.483407452229692, -21.621249096389256 ], [ -50.483426249571096, -21.621276803276764 ], [ -50.483439715943589, -21.621296421886157 ], [ -50.483456828927892, -21.62132103129067 ], [ -50.483472979420995, -21.621343870705356 ], [ -50.483488167421797, -21.621364940130359 ], [ -50.483502392929395, -21.621384239566058 ], [ -50.483509144747885, -21.621393225538061 ], [ -50.483532660419591, -21.621424103621159 ], [ -50.483572045927588, -21.621475401795166 ], [ -50.483614404263591, -21.62153009221085 ], [ -50.483650770243891, -21.621576647558754 ], [ -50.483678712664783, -21.621611982026252 ], [ -50.483702316196606, -21.621641504354962 ], [ -50.483729448682283, -21.621675055321358 ], [ -50.483763790307592, -21.62171701841195 ], [ -50.48377543601989, -21.621731523262962 ], [ -50.483787295119782, -21.621746563488358 ], [ -50.483803439189685, -21.621767449926747 ], [ -50.483819962616195, -21.621789288141553 ], [ -50.483832604139103, -21.621806291405949 ], [ -50.483849791440782, -21.62182979522936 ], [ -50.483862930870693, -21.621848047700055 ], [ -50.483876283689703, -21.621866835544747 ], [ -50.483915554665288, -21.621922984840339 ], [ -50.483962015753782, -21.621989970218856 ], [ -50.483981800215787, -21.622018781685956 ], [ -50.483995842766888, -21.622039433720044 ], [ -50.484004909995193, -21.622052977157644 ], [ -50.484014702195687, -21.622067820134347 ], [ -50.484036461515103, -21.622101404704551 ], [ -50.484061120729287, -21.622140187429544 ], [ -50.484095876092688, -21.622195589451952 ], [ -50.484106643702091, -21.622212364609251 ], [ -50.484113804264993, -21.622223310341543 ], [ -50.484124518344508, -21.622239372381244 ], [ -50.4841387538224, -21.622260122857941 ], [ -50.484152932201184, -21.622280112675856 ], [ -50.484163528514003, -21.622294605857039 ], [ -50.484174092708294, -21.622308671167847 ], [ -50.484184624784092, -21.622322308608037 ], [ -50.484195124741291, -21.622335518177838 ], [ -50.484212605524085, -21.622357032205528 ], [ -50.484226675636485, -21.622374674537149 ], [ -50.48424437883989, -21.622397341155541 ], [ -50.484262210446595, -21.622420689666825 ], [ -50.484276568182693, -21.622439859438831 ], [ -50.484291008097195, -21.622459465622335 ], [ -50.484305530190483, -21.622479508217335 ], [ -50.484327287516983, -21.622509897048833 ], [ -50.484341355428185, -21.62252922178703 ], [ -50.484355025787593, -21.62254766738393 ], [ -50.484371554678788, -21.622569488087422 ], [ -50.484384330544806, -21.622585955616433 ], [ -50.484399741318299, -21.622605303735437 ], [ -50.484411622689294, -21.622619793197028 ], [ -50.484429160320985, -21.622640788392722 ], [ -50.484441738099186, -21.622656414441138 ], [ -50.484455147627692, -21.622673586395141 ], [ -50.484462164298485, -21.622682752086728 ], [ -50.484473079188085, -21.622697225267132 ], [ -50.484492310360686, -21.62272327961573 ], [ -50.484512841147186, -21.622751749440617 ], [ -50.484525783434506, -21.622769990763921 ], [ -50.484557110998296, -21.622814629795926 ], [ -50.484579123638291, -21.622845776022434 ], [ -50.484604975417383, -21.622882031041225 ], [ -50.484630212589494, -21.622917063748123 ], [ -50.484654835153485, -21.622950874143122 ], [ -50.484678823968096, -21.622983426567529 ], [ -50.484694219856586, -21.623003973664616 ], [ -50.484712649927602, -21.623028091257734 ], [ -50.484730174675491, -21.623050468541727 ], [ -50.484740254968884, -21.623063059563908 ], [ -50.48475000934539, -21.623075024074929 ], [ -50.48475943780479, -21.623086362075028 ], [ -50.484768540346984, -21.623097073564139 ], [ -50.484777316971694, -21.623107158542226 ], [ -50.484785732506083, -21.623116590371712 ], [ -50.484793540741386, -21.623125182588428 ], [ -50.484802952320592, -21.62313529137673 ], [ -50.484811221726687, -21.623143860164408 ], [ -50.484818348959095, -21.623150888951724 ], [ -50.484824334017496, -21.623156377738823 ], [ -50.484828073259408, -21.623159483703926 ], [ -50.484830209157792, -21.623161073097307 ], [ -50.484832059512492, -21.623162277490714 ], [ -50.484833624323592, -21.623163096884117 ], [ -50.484834903590901, -21.623163531277616 ], [ -50.484838140854784, -21.623163924491415 ], [ -50.484841478762995, -21.623164212785827 ], [ -50.484847859657094, -21.623164468826417 ], [ -50.484853954015904, -21.623164395575522 ], [ -50.484865488740688, -21.623163873531514 ], [ -50.484873642121386, -21.623163322488821 ], [ -50.484878121746284, -21.623162778587513 ], [ -50.484882962407191, -21.62316181851903 ], [ -50.484885560655385, -21.623161125849723 ], [ -50.484887592449795, -21.623160489789718 ], [ -50.484890571533192, -21.623159383810417 ], [ -50.484893162734288, -21.623158042823633 ], [ -50.484894799034095, -21.623156999436315 ], [ -50.484896496518289, -21.623155776952416 ], [ -50.484899461623883, -21.623153341486915 ], [ -50.484903244093296, -21.623149762241212 ], [ -50.484906583103189, -21.623146232297024 ], [ -50.484910100319503, -21.623142197199407 ], [ -50.484914758170689, -21.623136500686314 ], [ -50.484921811338992, -21.623127361822231 ], [ -50.484930897341599, -21.623114972050125 ], [ -50.484941189882193, -21.623100358744118 ], [ -50.484948403099288, -21.623089614488819 ], [ -50.484956940546191, -21.623076237117715 ], [ -50.484964362952184, -21.623064048736722 ], [ -50.484971881906787, -21.623051193836236 ], [ -50.484980810864805, -21.623035337727526 ], [ -50.48498497622829, -21.623028124667531 ], [ -50.484989479089592, -21.623020598115822 ], [ -50.484996007901188, -21.623010075059721 ], [ -50.485005012659386, -21.622996137510011 ], [ -50.485012891460883, -21.622984360486623 ], [ -50.485023583705996, -21.622968855477524 ], [ -50.485035213442991, -21.622952479657421 ], [ -50.485264121309093, -21.622636228853125 ], [ -50.485319588485289, -21.622559899219731 ], [ -50.485346092466486, -21.622523766517524 ], [ -50.485362261800987, -21.622502126093721 ], [ -50.485374909074892, -21.622485473808432 ], [ -50.485386804375494, -21.622470077342737 ], [ -50.485397947703092, -21.622455936696749 ], [ -50.485408339058488, -21.622443051870636 ], [ -50.485415122611791, -21.622434882321141 ], [ -50.485425868846988, -21.622422262803134 ], [ -50.485438559649793, -21.622407669815836 ], [ -50.485453195019183, -21.62239110335895 ], [ -50.48547422377559, -21.62236762009514 ], [ -50.485498290912503, -21.622341053282838 ], [ -50.485525396426489, -21.622311402920641 ], [ -50.485576422704995, -21.622255979307639 ], [ -50.485621806609892, -21.622206900957543 ], [ -50.485657248546083, -21.622168774075945 ], [ -50.485706144629084, -21.622116422100039 ], [ -50.485727947984302, -21.62209265811445 ], [ -50.485749887754103, -21.622068366125539 ], [ -50.485771963938184, -21.622043546133352 ], [ -50.485790464963394, -21.62202245947055 ], [ -50.48586514037369, -21.62193639680196 ], [ -50.485941902075488, -21.621848418376558 ], [ -50.485969727607291, -21.62181676970776 ], [ -50.485991800182894, -21.621791891658557 ], [ -50.486016948834099, -21.621763833010053 ], [ -50.486040637371296, -21.621737732555456 ], [ -50.486059262455385, -21.621717478019651 ], [ -50.486087847133696, -21.621686755715761 ], [ -50.486106963480992, -21.621666034381953 ], [ -50.486131513516796, -21.62163919007476 ], [ -50.486153313894391, -21.621615170896046 ], [ -50.486185884042683, -21.62157902569006 ], [ -50.4862456209976, -21.62151229635375 ], [ -50.48628987491589, -21.621463013014658 ], [ -50.486328496717185, -21.621420153983568 ], [ -50.486384965259695, -21.621357692201265 ], [ -50.486416190774385, -21.621322951919858 ], [ -50.486450031959684, -21.621285004442765 ], [ -50.486481905022686, -21.621248929715058 ], [ -50.486596018005294, -21.621118610096669 ], [ -50.486647692612792, -21.621059710054173 ], [ -50.486669232640196, -21.621035279004484 ], [ -50.486690651953296, -21.621011160718272 ], [ -50.486717256340384, -21.620981452684283 ], [ -50.486738404046996, -21.620958038116175 ], [ -50.486759431039786, -21.620934936311777 ], [ -50.486780337319196, -21.620912147271071 ], [ -50.48680112288519, -21.620889670994167 ], [ -50.486859661053984, -21.620826951215779 ], [ -50.48700718494279, -21.620669345201382 ], [ -50.487038316276191, -21.620636213886289 ], [ -50.487065507799493, -21.620607430246089 ], [ -50.48709695705999, -21.620574437247676 ], [ -50.487120684312792, -21.620549965701084 ], [ -50.487132904595185, -21.620537703242292 ], [ -50.487147447926596, -21.62052359776969 ], [ -50.487160178545096, -21.620510971670086 ], [ -50.487177523646487, -21.620493450225183 ], [ -50.487194527485997, -21.620476039561488 ], [ -50.487216858008196, -21.620452936123385 ], [ -50.487339368555595, -21.620325434245299 ], [ -50.487381030920105, -21.620281644909692 ], [ -50.48742587266149, -21.620233974888091 ], [ -50.487469036720391, -21.620187643106075 ], [ -50.487488783163982, -21.620166189625202 ], [ -50.487502892573787, -21.620150682393284 ], [ -50.487515501766794, -21.620136646764408 ], [ -50.487526610743792, -21.620124082738887 ], [ -50.487536219505586, -21.620112990317089 ], [ -50.487546120780905, -21.620101194232994 ], [ -50.487553757483496, -21.620091619490701 ], [ -50.487565746954694, -21.620076105720589 ], [ -50.487576582022591, -21.620061720726088 ], [ -50.487585244065983, -21.620049881678597 ], [ -50.487590194656995, -21.620042935177793 ], [ -50.487593779216894, -21.620037565541097 ], [ -50.487596944740396, -21.620032317632099 ], [ -50.487599691227395, -21.620027191450895 ], [ -50.487602018677983, -21.620022186997488 ], [ -50.487603927092294, -21.620017304271901 ], [ -50.487604724160796, -21.620014908556996 ], [ -50.487605723340302, -21.620011372044598 ], [ -50.487606688922895, -21.620006763206597 ], [ -50.487607014575694, -21.620004504435599 ], [ -50.487607232602485, -21.620002241139101 ], [ -50.487607334402888, -21.619999868444896 ], [ -50.487607319976703, -21.619997386353095 ], [ -50.487607189324095, -21.619994794863697 ], [ -50.487606942444991, -21.619992093976691 ], [ -50.487606354201695, -21.619987837525496 ], [ -50.487605163084687, -21.619981779365499 ], [ -50.487603964652486, -21.619976948576603 ], [ -50.487601959950496, -21.619970124633099 ], [ -50.487599490342795, -21.619962863098895 ], [ -50.487596555829604, -21.619955163974097 ], [ -50.487594054062193, -21.619949180060406 ], [ -50.487591303420288, -21.619943182798398 ], [ -50.487587248759795, -21.619935165684897 ], [ -50.487583917411001, -21.619929137276596 ], [ -50.487580337187907, -21.619923095519905 ], [ -50.487576508090591, -21.619917040414897 ], [ -50.487571015489685, -21.619908946177201 ], [ -50.487566605685807, -21.619902859925709 ], [ -50.487561947007705, -21.619896760325801 ], [ -50.487557039455396, -21.619890647377392 ], [ -50.487551836150594, -21.619884460125405 ], [ -50.487546243336411, -21.6198780766601 ], [ -50.487540261012889, -21.619871496981201 ], [ -50.487531678678394, -21.619862418855092 ], [ -50.487524787500085, -21.619855381344589 ], [ -50.487517506812786, -21.619848147620495 ], [ -50.487507193326891, -21.619838197433804 ], [ -50.487499003785487, -21.619830505877697 ], [ -50.487490424735292, -21.619822618107793 ], [ -50.487481456176496, -21.619814534124096 ], [ -50.487472028679996, -21.619806228549496 ], [ -50.487462003387684, -21.619797650630105 ], [ -50.487454987750688, -21.619791780714298 ], [ -50.487443966132389, -21.619782748886607 ], [ -50.487428340737296, -21.619770282801589 ], [ -50.487411652595192, -21.61975733254711 ], [ -50.487393901706696, -21.619743898122902 ], [ -50.487379891113193, -21.619733504568195 ], [ -50.487360280419487, -21.619719222846204 ], [ -50.487313727983384, -21.619686057134299 ], [ -50.487251755091087, -21.619642313162903 ], [ -50.487185100906196, -21.619595720404703 ], [ -50.487087490392483, -21.619528069297104 ], [ -50.486944514651192, -21.619429398329217 ], [ -50.486907854988388, -21.61940395275861 ], [ -50.486872323683784, -21.619379148473019 ], [ -50.486824475496682, -21.619345499833116 ], [ -50.486778838886693, -21.619313108115112 ], [ -50.486747589078085, -21.619290712740316 ], [ -50.486723319078791, -21.619272888856312 ], [ -50.48671141735349, -21.619263962954513 ], [ -50.486693856358293, -21.619250556652418 ], [ -50.48668234342329, -21.619241607484611 ], [ -50.486670986004398, -21.619232649010517 ], [ -50.48665978410159, -21.619223681230007 ], [ -50.486643272839984, -21.619210212110115 ], [ -50.486627111489383, -21.619196722051111 ], [ -50.48661653165059, -21.619187717045616 ], [ -50.486600953484789, -21.619174192088416 ], [ -50.486585725229794, -21.619160646192423 ], [ -50.486464471689587, -21.619050217029923 ], [ -50.486458359736893, -21.619044806990726 ], [ -50.486452468314695, -21.619039815966527 ], [ -50.486444956132196, -21.619033813069009 ], [ -50.486439579280592, -21.619029799747018 ], [ -50.486432753192183, -21.619025100452323 ], [ -50.486427890910988, -21.619022064832425 ], [ -50.48642477190679, -21.619020273872017 ], [ -50.486421750916087, -21.619018669140615 ], [ -50.486417403204889, -21.619016611223017 ], [ -50.486413276023683, -21.61901497232062 ], [ -50.486407989819988, -21.619013336828523 ], [ -50.486403871840587, -21.61901226726652 ], [ -50.486398134652191, -21.619011016563022 ], [ -50.486392115692986, -21.619009966292936 ], [ -50.486385814963093, -21.619009116456123 ], [ -50.486379232462397, -21.619008467052623 ], [ -50.486374110674795, -21.61900811153432 ], [ -50.486367035075283, -21.619007812889009 ], [ -50.486359677704883, -21.619007714676918 ], [ -50.486355813807982, -21.619007770248214 ], [ -50.486349687013295, -21.61900802134581 ], [ -50.486343163079511, -21.61900847373202 ], [ -50.486336242006487, -21.619009127406727 ], [ -50.486328923794289, -21.619009982369818 ], [ -50.486321208442895, -21.619011038621423 ], [ -50.486307466991988, -21.61901324634832 ], [ -50.48629869260229, -21.61901483936882 ], [ -50.486289521073196, -21.619016633677518 ], [ -50.486273337463089, -21.619020094114219 ], [ -50.486266485230189, -21.619021738876327 ], [ -50.486259395705993, -21.619023563560525 ], [ -50.486252068890401, -21.619025568167018 ], [ -50.4862445047835, -21.619027752695526 ], [ -50.486236703385202, -21.619030117146213 ], [ -50.486228664695396, -21.619032661518926 ], [ -50.486216161739193, -21.619036815431819 ], [ -50.486207529820483, -21.61903980960961 ], [ -50.486189554108485, -21.619046337730818 ], [ -50.486180210314899, -21.619049871674314 ], [ -50.486165749702494, -21.619055509942829 ], [ -50.486150755183488, -21.619061553035326 ], [ -50.486101464544497, -21.61908182558561 ], [ -50.486050971443092, -21.619102219594627 ], [ -50.485986613181993, -21.619127823354525 ], [ -50.48590608057399, -21.619159469610317 ], [ -50.485864906262286, -21.619175764655211 ], [ -50.485808109979992, -21.61919855096491 ], [ -50.485760214652892, -21.619218057246012 ], [ -50.485728688127494, -21.619231048694513 ], [ -50.485697484556297, -21.619244029952107 ], [ -50.485666603939599, -21.619257001019101 ], [ -50.485635821730391, -21.619270045077506 ], [ -50.485574148349983, -21.61929650189682 ], [ -50.485536193306594, -21.619312993028405 ], [ -50.485505291333688, -21.6193265240755 ], [ -50.485501824971294, -21.619329023788023 ], [ -50.485497319835083, -21.619332949228919 ], [ -50.485491775924885, -21.619338300398017 ], [ -50.485485193240393, -21.619345077295414 ], [ -50.485477571781288, -21.619353279920823 ], [ -50.485468911547088, -21.619362908274113 ], [ -50.485459212537485, -21.619373962355109 ], [ -50.485448474751884, -21.619386442163616 ], [ -50.485437510014982, -21.619398857163208 ], [ -50.485426318326695, -21.61941120735381 ], [ -50.485414899687086, -21.619423492735319 ], [ -50.485403254095992, -21.619435713307816 ], [ -50.485391381553384, -21.619447869071113 ], [ -50.485379282059391, -21.619459960025317 ], [ -50.485366955613785, -21.619471986170211 ], [ -50.485354402216586, -21.61948394750581 ], [ -50.485341299350893, -21.619496276492409 ] ] ] } },
{ "type": "Feature", "properties": { "CHAVE": "3025421", "FAZENDA": "302542", "NOME_FAZ": "SITIO ONDINA", "ZONA": 1.0, "TALHAO": 1.0, "AREA_TOTAL": 19.152520240017587, "TIPO_GEO": "TALHAO", "DATA_INICI": null, "DATA_FINAL": null, "HORA_INICI": null, "HORA_FINAL": null, "CLASSE": null, "PILOTO": null, "AERONAVE": null, "AREA_HA": null }, "geometry": { "type": "Polygon", "coordinates": [ [ [ -50.478539073388042, -21.614625496959121 ], [ -50.478554971928162, -21.614650110594035 ], [ -50.478574477011364, -21.614677101594367 ], [ -50.478595253380398, -21.614704624204645 ], [ -50.4786177006809, -21.614733935604111 ], [ -50.478629983597394, -21.614750370908961 ], [ -50.478641462964397, -21.614766204096529 ], [ -50.478653335362921, -21.614782061550507 ], [ -50.478691193558767, -21.614833859609814 ], [ -50.478746535956383, -21.614908381422495 ], [ -50.478774211741133, -21.614945392843612 ], [ -50.478801320399299, -21.614983033930603 ], [ -50.478827935648667, -21.615020761156039 ], [ -50.478865525802291, -21.615074781198722 ], [ -50.478890020491079, -21.615109014166503 ], [ -50.478913605791554, -21.61514119874041 ], [ -50.478924965192931, -21.61515704446418 ], [ -50.478936867752829, -21.615172932954639 ], [ -50.478971511160701, -21.615220569253797 ], [ -50.478983153429887, -21.615235803314345 ], [ -50.478994703544252, -21.615251464888342 ], [ -50.479041770624434, -21.615313388992131 ], [ -50.479104186088819, -21.615394129716826 ], [ -50.479124997840941, -21.615421973632383 ], [ -50.479136802266012, -21.615437428593683 ], [ -50.479163545273657, -21.61547373152035 ], [ -50.479181108447683, -21.61549780864496 ], [ -50.479202661320038, -21.615527914998264 ], [ -50.479264969367705, -21.615616204464708 ], [ -50.479285237758234, -21.6156445369332 ], [ -50.479305126663704, -21.615671940997828 ], [ -50.479363106505517, -21.615750218822882 ], [ -50.479399456281435, -21.615800920116346 ], [ -50.479434736986072, -21.615848985612089 ], [ -50.479450815096875, -21.615871189113257 ], [ -50.47949378888115, -21.615928938995864 ], [ -50.47950932259446, -21.615949461008753 ], [ -50.479521392290039, -21.615966729838537 ], [ -50.479557648457998, -21.61601468653722 ], [ -50.479598599688579, -21.616066106525125 ], [ -50.479637675308119, -21.616118254011528 ], [ -50.479707147334004, -21.616208979405663 ], [ -50.479774834933146, -21.616303120008048 ], [ -50.479845672808104, -21.616398150809221 ], [ -50.479880454876813, -21.616445333644101 ], [ -50.479913874038346, -21.616491177383292 ], [ -50.479956041392406, -21.616549806038794 ], [ -50.479997784073433, -21.6166067336137 ], [ -50.480039097503806, -21.61666352816238 ], [ -50.480080155656751, -21.616721537352571 ], [ -50.48011928308204, -21.61677723287054 ], [ -50.480157973436555, -21.616828839528427 ], [ -50.480230177156798, -21.616922173939646 ], [ -50.48026696313449, -21.616970296929782 ], [ -50.480301227485548, -21.617020685943089 ], [ -50.480368968709826, -21.617114718256293 ], [ -50.480408328763723, -21.61717004535069 ], [ -50.480448412342639, -21.617223029638676 ], [ -50.480487951766243, -21.617279137514938 ], [ -50.480521275911173, -21.617323740273733 ], [ -50.480562284441582, -21.617375726965879 ], [ -50.480598644304159, -21.617423351260406 ], [ -50.480638343591799, -21.617474843296751 ], [ -50.480678822882069, -21.617524666609654 ], [ -50.480713856734702, -21.617571009315625 ], [ -50.480749908159908, -21.6176201149303 ], [ -50.480784026149195, -21.617670384011063 ], [ -50.480817240955773, -21.617718036347572 ], [ -50.480855439084607, -21.617765685860693 ], [ -50.480891511219319, -21.617808358422199 ], [ -50.480936424610803, -21.617847421515162 ], [ -50.48098793009251, -21.617867505440188 ], [ -50.481042240210328, -21.617869323722871 ], [ -50.481092886517679, -21.617845118697559 ], [ -50.481131885431736, -21.617801038814964 ], [ -50.481166123789762, -21.61775000121764 ], [ -50.481227245613439, -21.617655193473716 ], [ -50.481260280919287, -21.617604331140658 ], [ -50.481300275416189, -21.61755029876014 ], [ -50.481339452840132, -21.617499586017388 ], [ -50.48137751806258, -21.617452443075539 ], [ -50.481420859785693, -21.617398193260311 ], [ -50.48145915471359, -21.617352469553548 ], [ -50.481502651334559, -21.617305461878697 ], [ -50.481549871334238, -21.617260528163925 ], [ -50.481597207176762, -21.617217001223207 ], [ -50.481684336865577, -21.617134117630886 ], [ -50.481780990371981, -21.617045626494079 ], [ -50.481831568824511, -21.616996091252744 ], [ -50.481881850402189, -21.616947416975364 ], [ -50.481931065526609, -21.616900608064629 ], [ -50.48197707201048, -21.616854564618585 ], [ -50.482021010767909, -21.616807576293667 ], [ -50.482061639228228, -21.616760765614284 ], [ -50.482098218427581, -21.616718005619965 ], [ -50.482141680934468, -21.616669752539057 ], [ -50.482186762181463, -21.616627392203529 ], [ -50.482239677912531, -21.616594858229153 ], [ -50.482299298111514, -21.616574858392127 ], [ -50.482361429265261, -21.616559285181051 ], [ -50.48242522858353, -21.616543005856123 ], [ -50.482487256384211, -21.616520799618733 ], [ -50.482543427289421, -21.616491802100807 ], [ -50.482590039734767, -21.61645687327681 ], [ -50.482633124180218, -21.616411169603559 ], [ -50.4826654807555, -21.616359782044523 ], [ -50.482693765293313, -21.616308015798808 ], [ -50.482722416261637, -21.616253726325127 ], [ -50.482749341619879, -21.616204023288052 ], [ -50.482785001625302, -21.616148571059618 ], [ -50.482816819592379, -21.616096975474335 ], [ -50.482852876860534, -21.616042911524996 ], [ -50.482888390613354, -21.615987892738847 ], [ -50.482949837039101, -21.61589393876951 ], [ -50.483011941936354, -21.615781192594412 ], [ -50.483039027773252, -21.61573318207078 ], [ -50.483064854434232, -21.615684141041942 ], [ -50.483090072931958, -21.615631391212855 ], [ -50.483115269835892, -21.615577878081403 ], [ -50.483139545864454, -21.615524720302865 ], [ -50.483161334325956, -21.615471442182265 ], [ -50.483184134011999, -21.615418941377445 ], [ -50.483208849626976, -21.615366756634359 ], [ -50.483234273994292, -21.615315703512405 ], [ -50.483260384164929, -21.615265259055992 ], [ -50.483288703988485, -21.61521557583961 ], [ -50.483317862490424, -21.615168547558227 ], [ -50.48335315310328, -21.61510971055144 ], [ -50.483382677859396, -21.615053437228848 ], [ -50.48343865952495, -21.614942644408085 ], [ -50.483466030852767, -21.614884554793147 ], [ -50.48349299231505, -21.614829925598766 ], [ -50.483525149841199, -21.614770700463332 ], [ -50.483560786096341, -21.614718494878609 ], [ -50.483598074605332, -21.614671775533022 ], [ -50.483632579613023, -21.614627765356627 ], [ -50.48370728984694, -21.614534374237405 ], [ -50.48374030893995, -21.614486475811574 ], [ -50.48376507050564, -21.614433368603549 ], [ -50.483789431220423, -21.614375591733342 ], [ -50.483812346026902, -21.614319334921397 ], [ -50.483835544170049, -21.614266772605546 ], [ -50.483867516080984, -21.614208685183474 ], [ -50.483900943268011, -21.614162588654466 ], [ -50.48393973926018, -21.614113253244266 ], [ -50.483980613127734, -21.614058708153099 ], [ -50.48402195238981, -21.61400738477926 ], [ -50.484063977521714, -21.613958302212644 ], [ -50.484109673508868, -21.613914263128326 ], [ -50.484153006920806, -21.613868980468784 ], [ -50.484194528475619, -21.613820000421647 ], [ -50.484234454708201, -21.613769446763428 ], [ -50.484273250340365, -21.613715168296395 ], [ -50.484306316524062, -21.613662452522711 ], [ -50.48432865247657, -21.613607615357797 ], [ -50.484344068338785, -21.613552157625421 ], [ -50.484359587009557, -21.613493961777237 ], [ -50.484380266043914, -21.613435112552441 ], [ -50.484398824648373, -21.613374615607807 ], [ -50.484411520827742, -21.61331074231563 ], [ -50.484418669473769, -21.613255373926442 ], [ -50.484439281563724, -21.613142101434956 ], [ -50.484452875470197, -21.613084074759737 ], [ -50.48446982940753, -21.613028454514634 ], [ -50.484488153045852, -21.61297498198558 ], [ -50.484511280882288, -21.612923042328148 ], [ -50.484540832459146, -21.612862347325123 ], [ -50.484564536651781, -21.61280247911672 ], [ -50.484578606615983, -21.612744566292715 ], [ -50.484586003925038, -21.612687009213222 ], [ -50.484591636140003, -21.612630325884542 ], [ -50.484592298068904, -21.612570782759313 ], [ -50.484583417458055, -21.612506270647604 ], [ -50.484568683775613, -21.612449769455587 ], [ -50.484549358847474, -21.612399136819572 ], [ -50.48452631512648, -21.612348993613438 ], [ -50.484497081348685, -21.61229139151871 ], [ -50.484464728931549, -21.612237316567128 ], [ -50.48443426552496, -21.612188674403921 ], [ -50.48440670197175, -21.612135208181154 ], [ -50.484404078773878, -21.612108314551442 ], [ -50.484350161825141, -21.612130350669396 ], [ -50.484293260171022, -21.612150320676918 ], [ -50.484229513277199, -21.612172342785804 ], [ -50.484167007669086, -21.612197045722137 ], [ -50.484110026900183, -21.612218158764527 ], [ -50.48398605734053, -21.612263584270654 ], [ -50.483919949858304, -21.612287114919635 ], [ -50.483864595057419, -21.612305859875562 ], [ -50.483797942144875, -21.612329413817832 ], [ -50.483737577981977, -21.612355460425956 ], [ -50.483679100556941, -21.612379416582264 ], [ -50.483620337890791, -21.612404003103997 ], [ -50.483561335447668, -21.6124277166567 ], [ -50.483500621912107, -21.612448521289583 ], [ -50.483441329535339, -21.61247043359073 ], [ -50.483384016986989, -21.612493778907421 ], [ -50.483322047628839, -21.612520273315678 ], [ -50.483267736792975, -21.612542706293759 ], [ -50.483210211545021, -21.612564786536357 ], [ -50.483087069597424, -21.61260973301972 ], [ -50.483020765889066, -21.612635512320828 ], [ -50.482966938064003, -21.612657129010309 ], [ -50.482911529819368, -21.612678747070007 ], [ -50.482801496840267, -21.612720466597864 ], [ -50.482693303172532, -21.612762314071045 ], [ -50.482584792918217, -21.612803456642013 ], [ -50.48253118740277, -21.612824804338349 ], [ -50.482460473477992, -21.612852423164803 ], [ -50.482391702479049, -21.612878325187967 ], [ -50.482324384213896, -21.612905351061428 ], [ -50.482257651740099, -21.612931118121544 ], [ -50.482192015430627, -21.612957947979726 ], [ -50.482124933419009, -21.612985880505175 ], [ -50.482055719821702, -21.613013971089678 ], [ -50.482001958748292, -21.613036317177897 ], [ -50.481947691714758, -21.613060300365373 ], [ -50.481890042600952, -21.613087457491954 ], [ -50.481831054798462, -21.61311360420039 ], [ -50.481770389057921, -21.613136659037085 ], [ -50.481710463322926, -21.613156716242031 ], [ -50.481651397865946, -21.613175409904191 ], [ -50.481594332400455, -21.613193737724156 ], [ -50.481537819636216, -21.613212180673202 ], [ -50.481468352082516, -21.613235801716108 ], [ -50.4814083644698, -21.613256426778822 ], [ -50.481346707374989, -21.613281130340877 ], [ -50.481280763475368, -21.613305040802224 ], [ -50.481225360989626, -21.613322771684551 ], [ -50.481173596807338, -21.613347563475635 ], [ -50.481118473966006, -21.613377162330053 ], [ -50.481064419735048, -21.613403449833701 ], [ -50.48100417600206, -21.613430385217107 ], [ -50.480942131215706, -21.6134564431756 ], [ -50.4808884607652, -21.613478139247018 ], [ -50.480832967646947, -21.613500900555923 ], [ -50.480773908604704, -21.6135246614067 ], [ -50.480712235943322, -21.613548725493779 ], [ -50.48058126223706, -21.613598948767081 ], [ -50.480510680825788, -21.613626672713309 ], [ -50.480401737229606, -21.613668270705265 ], [ -50.480348723224957, -21.613689342445763 ], [ -50.480280575365299, -21.613717479367576 ], [ -50.480215481803121, -21.613745517091495 ], [ -50.480151990365215, -21.613771984567109 ], [ -50.480087427373483, -21.613799418077978 ], [ -50.480022633227271, -21.613824540868489 ], [ -50.479959689824277, -21.61384991489874 ], [ -50.479840184983082, -21.613900526177069 ], [ -50.479778788457409, -21.613926229727898 ], [ -50.479713641464571, -21.613951752723189 ], [ -50.47964356469457, -21.61397742084813 ], [ -50.479588304687624, -21.613998061298474 ], [ -50.479472406340165, -21.614045680490293 ], [ -50.479411391021927, -21.614069512549083 ], [ -50.479353577928244, -21.614091794034458 ], [ -50.47924336813179, -21.614138241873345 ], [ -50.479180801068985, -21.614163974108962 ], [ -50.479117806525238, -21.61419223042294 ], [ -50.479058086126336, -21.614217338276063 ], [ -50.478992416828362, -21.614244632150541 ], [ -50.478932978963151, -21.614257221551185 ], [ -50.47888924690465, -21.614276332649752 ], [ -50.478777218829393, -21.614320533303619 ], [ -50.478724615496262, -21.614341866108113 ], [ -50.478666784461929, -21.614369324502164 ], [ -50.478615704170494, -21.614394672262151 ], [ -50.478553830386502, -21.614427771193522 ], [ -50.478494725686652, -21.614460929162163 ], [ -50.478456323961353, -21.61448436148261 ], [ -50.47847791294614, -21.614505150823319 ], [ -50.478485962898219, -21.614523921528654 ], [ -50.478497918303702, -21.614545603511282 ], [ -50.478525789559583, -21.614602571552581 ], [ -50.478539073388042, -21.614625496959121 ] ] ] } },
{ "type": "Feature", "properties": { "CHAVE": "3078773", "FAZENDA": "307877", "NOME_FAZ": "SITIO KIMURA", "ZONA": 1.0, "TALHAO": 3.0, "AREA_TOTAL": 15.580661454710738, "TIPO_GEO": "TALHAO", "DATA_INICI": null, "DATA_FINAL": null, "HORA_INICI": null, "HORA_FINAL": null, "CLASSE": null, "PILOTO": null, "AERONAVE": null, "AREA_HA": null }, "geometry": { "type": "Polygon", "coordinates": [ [ [ -50.479555716123002, -21.60687273421409 ], [ -50.479492829015797, -21.606894098126887 ], [ -50.4794059428989, -21.606927519147398 ], [ -50.479297546184497, -21.606975518762496 ], [ -50.479182432012301, -21.6070164984353 ], [ -50.4790720455117, -21.607054642141893 ], [ -50.478945445081202, -21.607113758890996 ], [ -50.478823704535102, -21.607162987577812 ], [ -50.4786531931097, -21.607227478302693 ], [ -50.478603605761897, -21.607250080966093 ], [ -50.478567867936, -21.607265789951402 ], [ -50.478508934224998, -21.607285965033597 ], [ -50.478334350781203, -21.607341446354209 ], [ -50.478214431742401, -21.60739172308498 ], [ -50.478117387014798, -21.607430033601904 ], [ -50.477990795705303, -21.607483568526703 ], [ -50.477923647202303, -21.607508024001696 ], [ -50.477804859004003, -21.607557295348993 ], [ -50.477632041811503, -21.607621828653496 ], [ -50.477528512084596, -21.607666099921207 ], [ -50.477435981487602, -21.607701992303493 ], [ -50.477364323871697, -21.607734314177389 ], [ -50.477346767554302, -21.607738633005788 ], [ -50.4773391198624, -21.607742132797089 ], [ -50.476970245742997, -21.607878412401295 ], [ -50.476526637647197, -21.608053857405 ], [ -50.476164157878799, -21.6081905366561 ], [ -50.475793285524801, -21.608336807433595 ], [ -50.475463576804898, -21.608456301866696 ], [ -50.475205404886097, -21.608559410775399 ], [ -50.474954426612001, -21.608646933453795 ], [ -50.474892081690498, -21.608675308386001 ], [ -50.474858511348103, -21.608715672726298 ], [ -50.474855314172608, -21.60878880811509 ], [ -50.474869869972501, -21.608834739750094 ], [ -50.474915261212608, -21.608919892309103 ], [ -50.475002783891, -21.609018605101596 ], [ -50.475109889269, -21.609113721071708 ], [ -50.475188220067999, -21.609156483293585 ], [ -50.475354073545198, -21.609210835276503 ], [ -50.475569483242197, -21.609283171371398 ], [ -50.475611047345403, -21.609301254455193 ], [ -50.475696857440603, -21.609338587418794 ], [ -50.475754120125302, -21.609363500405006 ], [ -50.475944352065497, -21.6094082608615 ], [ -50.476183340931598, -21.609440632263087 ], [ -50.476414736505902, -21.609500179656106 ], [ -50.4766189560887, -21.609566121400093 ], [ -50.476815182732899, -21.609614079032106 ], [ -50.476839222453997, -21.609615574836898 ], [ -50.476995023852901, -21.609625269146203 ], [ -50.477236122228597, -21.609635479596495 ], [ -50.477309790882799, -21.609633658500787 ], [ -50.477335896564298, -21.609633256979887 ], [ -50.477399321576101, -21.609634676395196 ], [ -50.4774394077549, -21.609636423514296 ], [ -50.4774513775385, -21.609637750543488 ], [ -50.4776740239923, -21.6096356599665 ], [ -50.477946183553897, -21.609646850080605 ], [ -50.478144408432698, -21.609648848315192 ], [ -50.478163517461297, -21.609654810332195 ], [ -50.478167314798299, -21.609654796527 ], [ -50.478233130051905, -21.609668830661892 ], [ -50.478493699852301, -21.609725580526405 ], [ -50.478655956507197, -21.609760749456484 ], [ -50.478985265580107, -21.609789524035698 ], [ -50.4792810043107, -21.609807907794696 ], [ -50.47949201789141, -21.609808707088497 ], [ -50.479758982042803, -21.609821495790399 ], [ -50.480029143369599, -21.609844675312498 ], [ -50.480113069225602, -21.609844675312505 ], [ -50.480283318819097, -21.609797516974396 ], [ -50.480587849782196, -21.609685615833087 ], [ -50.480863606166103, -21.609582506924408 ], [ -50.480986923430997, -21.609520541532508 ], [ -50.481096999975101, -21.609476200840096 ], [ -50.481281636858199, -21.609382683457788 ], [ -50.481349576836898, -21.60932113783009 ], [ -50.481363164832601, -21.609277176667398 ], [ -50.481367965168609, -21.609199806546194 ], [ -50.481370348389007, -21.609161394640999 ], [ -50.481376752828297, -21.609058170148003 ], [ -50.481368555039403, -21.608970336695599 ], [ -50.481367678277799, -21.608929074623887 ], [ -50.481360336354697, -21.608868293618599 ], [ -50.481353005994798, -21.608764854546997 ], [ -50.481338699173897, -21.608597744854205 ], [ -50.481331374436003, -21.60851541879379 ], [ -50.481324289815802, -21.608481467456304 ], [ -50.4813149205401, -21.608450922819703 ], [ -50.481310695351098, -21.608428392668785 ], [ -50.481300010310399, -21.608389412815804 ], [ -50.481276643668799, -21.608322145371393 ], [ -50.481264719094099, -21.608248647905597 ], [ -50.481258121539298, -21.608160911037405 ], [ -50.48124945077641, -21.608111951294187 ], [ -50.481228901584998, -21.608040944508392 ], [ -50.481202006554405, -21.607965552035992 ], [ -50.481175201913203, -21.607894868230584 ], [ -50.481132662064503, -21.607810136385801 ], [ -50.481109954878399, -21.607735298550597 ], [ -50.481107490981998, -21.607698925634995 ], [ -50.481098309343501, -21.607641748870297 ], [ -50.481096868761803, -21.607596548223807 ], [ -50.481094500756697, -21.607511458693494 ], [ -50.481095165603499, -21.607439715700291 ], [ -50.4811023750065, -21.607388080360703 ], [ -50.481106790742707, -21.607336402589794 ], [ -50.481114905563899, -21.607293463208403 ], [ -50.481124999564301, -21.607210135167197 ], [ -50.481136521128597, -21.607177062378199 ], [ -50.4811589230927, -21.607136446802386 ], [ -50.481220804212597, -21.607008931577084 ], [ -50.481242728674502, -21.606955388379497 ], [ -50.481257882958502, -21.606899374347297 ], [ -50.481269466699899, -21.606852502792901 ], [ -50.481277198466302, -21.606809960011098 ], [ -50.481277539828803, -21.606757032430107 ], [ -50.481273213969303, -21.606670975533305 ], [ -50.481261141515503, -21.606586982286188 ], [ -50.4812261040613, -21.6064331744391 ], [ -50.481204957683801, -21.606378037916105 ], [ -50.481186730914501, -21.606349818611907 ], [ -50.481170516300999, -21.606333099882598 ], [ -50.481146029704, -21.606316397858095 ], [ -50.4811254889011, -21.606307274325793 ], [ -50.481101737720103, -21.60629986673429 ], [ -50.481077681794098, -21.606298623903996 ], [ -50.481025057430401, -21.606305007304492 ], [ -50.480983491836298, -21.606315833002103 ], [ -50.480893805083802, -21.606353700104506 ], [ -50.480843194347202, -21.606372320264899 ], [ -50.4808167697093, -21.606386530743496 ], [ -50.480783334673703, -21.606417755999193 ], [ -50.480748251587997, -21.606438540813702 ], [ -50.480699660989501, -21.606446164171796 ], [ -50.4806800271109, -21.606447174014694 ], [ -50.480598521814599, -21.606469477131292 ], [ -50.480545700782599, -21.606493234894796 ], [ -50.480504779771501, -21.606509697331987 ], [ -50.480475553433898, -21.606521692387894 ], [ -50.480439039234902, -21.606539074125099 ], [ -50.480317014450499, -21.606587450457297 ], [ -50.480261329760999, -21.606609695706698 ], [ -50.480214973973403, -21.606627208258498 ], [ -50.480142621954002, -21.606651297761104 ], [ -50.480098045475202, -21.606665863558096 ], [ -50.480011448846199, -21.606704691289597 ], [ -50.479958843764102, -21.606722592994895 ], [ -50.479867617350997, -21.606759284254597 ], [ -50.479762478820902, -21.606796837016596 ], [ -50.479751501682799, -21.606799955700097 ], [ -50.479572523830903, -21.606864485129698 ], [ -50.479555716123002, -21.60687273421409 ] ] ] } },
{ "type": "Feature", "properties": { "CHAVE": "3025424", "FAZENDA": "302542", "NOME_FAZ": "SITIO ONDINA", "ZONA": 1.0, "TALHAO": 4.0, "AREA_TOTAL": 2.9638181846622378, "TIPO_GEO": "TALHAO", "DATA_INICI": null, "DATA_FINAL": null, "HORA_INICI": null, "HORA_FINAL": null, "CLASSE": null, "PILOTO": null, "AERONAVE": null, "AREA_HA": null }, "geometry": { "type": "Polygon", "coordinates": [ [ [ -50.485404839583687, -21.619245897751156 ], [ -50.485431702418566, -21.619234824448686 ], [ -50.485472937486406, -21.619218222007394 ], [ -50.485500903474481, -21.619207668823613 ], [ -50.485567901946851, -21.619183994508962 ], [ -50.485607213869741, -21.619170289712557 ], [ -50.485654167033864, -21.619152860688409 ], [ -50.485673910682273, -21.619144578593225 ], [ -50.485701381451285, -21.61913406415588 ], [ -50.485722162803718, -21.619126366657436 ], [ -50.485810440006915, -21.619091055079277 ], [ -50.485837682227931, -21.619079358485212 ], [ -50.485858859647379, -21.619070739183574 ], [ -50.485879603100045, -21.619061579588809 ], [ -50.485907730641792, -21.619049568425961 ], [ -50.485928938451799, -21.619041200220767 ], [ -50.485950126401107, -21.619032310120009 ], [ -50.485999884519671, -21.619012161415665 ], [ -50.486028426718235, -21.618999957169283 ], [ -50.486067706987505, -21.618984246959403 ], [ -50.486117768429423, -21.618964623751499 ], [ -50.48616057397026, -21.618947316868418 ], [ -50.486188685538337, -21.618936184571886 ], [ -50.486210093155385, -21.618927378637419 ], [ -50.486231677077242, -21.618918993970745 ], [ -50.486281285095956, -21.618897623104221 ], [ -50.486303967953894, -21.618889027804343 ], [ -50.486335397150746, -21.618876572984309 ], [ -50.486362435927759, -21.618865570337082 ], [ -50.486460508182894, -21.618826598817531 ], [ -50.486571022377341, -21.618782918709449 ], [ -50.486676849587326, -21.618740148451455 ], [ -50.486704778972815, -21.61872778188804 ], [ -50.486769196558356, -21.618698504341115 ], [ -50.486831923745264, -21.618671624023904 ], [ -50.486857454609968, -21.618661502497677 ], [ -50.486883374651157, -21.618650390421557 ], [ -50.486918933798719, -21.618635864971655 ], [ -50.486944311595693, -21.618625210439919 ], [ -50.487006406492071, -21.618599600156429 ], [ -50.487060076845658, -21.618577738048025 ], [ -50.487096809572783, -21.618562206374989 ], [ -50.48712317104129, -21.618550356693529 ], [ -50.487148641374127, -21.618539279144148 ], [ -50.48718132085277, -21.618524332418591 ], [ -50.487203737667734, -21.618514306798332 ], [ -50.487222911574243, -21.618504105090622 ], [ -50.487247662254518, -21.618489163590965 ], [ -50.487265129165358, -21.618476796771951 ], [ -50.487282644584873, -21.618463140649951 ], [ -50.487305895223159, -21.618444443417857 ], [ -50.487323480465655, -21.618430006201724 ], [ -50.487341640734265, -21.61841620221406 ], [ -50.487366083989919, -21.618398855602209 ], [ -50.487384711684577, -21.618386412860225 ], [ -50.487404412723393, -21.618375353658426 ], [ -50.487432086949852, -21.618363509805722 ], [ -50.487454747716924, -21.618357491210428 ], [ -50.487488361234391, -21.61835367202767 ], [ -50.487526459106007, -21.618356580983015 ], [ -50.487545982208111, -21.618356912617546 ], [ -50.487570811938184, -21.618355923205609 ], [ -50.487589868540574, -21.618353778332629 ], [ -50.487609211871401, -21.618350014503037 ], [ -50.487634013510181, -21.618343323514345 ], [ -50.487650945705745, -21.618337671752666 ], [ -50.487666857995535, -21.618331476873724 ], [ -50.487689971318254, -21.618321273576679 ], [ -50.487715140655276, -21.618309619925512 ], [ -50.487744032096231, -21.618297876169692 ], [ -50.48775946136567, -21.618291398355289 ], [ -50.487773467131028, -21.618285909530247 ], [ -50.487783419680561, -21.618281318737687 ], [ -50.487788218273955, -21.618276931068721 ], [ -50.48779267838475, -21.618272322553022 ], [ -50.487795297532344, -21.618269019145966 ], [ -50.48779858674105, -21.618263658653518 ], [ -50.487801217051249, -21.618257916264383 ], [ -50.487803633842958, -21.618250904298314 ], [ -50.487806019893839, -21.618242082258714 ], [ -50.487806909998987, -21.618237625660598 ], [ -50.487807317320659, -21.618234627110112 ], [ -50.487807730331483, -21.618227060298121 ], [ -50.487807366522908, -21.618217946280865 ], [ -50.487804825890969, -21.618194579082513 ], [ -50.487803853176786, -21.618187048203346 ], [ -50.487802555066253, -21.618179583315989 ], [ -50.487801149268243, -21.618173692162276 ], [ -50.487798909081292, -21.618166436725005 ], [ -50.487796277767458, -21.61815926923094 ], [ -50.487792247129207, -21.618149312715509 ], [ -50.487767288335249, -21.618096153633996 ], [ -50.487758749753702, -21.618078784779396 ], [ -50.487743904850426, -21.618049304212935 ], [ -50.487709175500726, -21.617977012921457 ], [ -50.487680845344897, -21.617916755423256 ], [ -50.487671882067957, -21.617899357377677 ], [ -50.487640342312559, -21.617839140035294 ], [ -50.487628022427437, -21.617814877176063 ], [ -50.487597818375441, -21.61775406395661 ], [ -50.487588231351793, -21.617735880863187 ], [ -50.487579814547288, -21.617717963792632 ], [ -50.487566404728668, -21.617691692892215 ], [ -50.487554119268552, -21.617665616115257 ], [ -50.487546033823399, -21.61764568757464 ], [ -50.487539206104202, -21.617631043195811 ], [ -50.487532901164577, -21.617615269977932 ], [ -50.487523550939699, -21.617594337201762 ], [ -50.487516910416943, -21.617578434200926 ], [ -50.487509634629298, -21.617562809469067 ], [ -50.487500035326676, -21.617540548716395 ], [ -50.487493837611929, -21.617524647512543 ], [ -50.48748672012777, -21.617508832734821 ], [ -50.487479034150077, -21.617490505555622 ], [ -50.487455643198942, -21.617444295591444 ], [ -50.48744968181817, -21.617440467149194 ], [ -50.487438415209418, -21.617434591085967 ], [ -50.487423041821295, -21.617428506939728 ], [ -50.487399463454146, -21.617422687699339 ], [ -50.487383007059393, -21.617421006186291 ], [ -50.48737145492052, -21.617420158217477 ], [ -50.487366775764286, -21.617420296500246 ], [ -50.487347613091373, -21.617424851486955 ], [ -50.487328324040845, -21.617429727727895 ], [ -50.487309142146515, -21.617435513137728 ], [ -50.487284117116516, -21.617444392382399 ], [ -50.487265776300994, -21.617452118889616 ], [ -50.487247230437539, -21.617460296947559 ], [ -50.487223424137788, -21.617472306795204 ], [ -50.487206337639364, -21.617482035884841 ], [ -50.487189599546085, -21.617492608521651 ], [ -50.487168040597872, -21.617507635166785 ], [ -50.487136612608474, -21.61753321096397 ], [ -50.487115447221534, -21.617550849376631 ], [ -50.487098857529993, -21.617563538170209 ], [ -50.487080424009584, -21.617576014127124 ], [ -50.487044185901851, -21.617593154232857 ], [ -50.486997824106567, -21.617601148171286 ], [ -50.48695779001816, -21.61760480462409 ], [ -50.486937018595675, -21.617607980840162 ], [ -50.486908798700107, -21.617612759511985 ], [ -50.486888632204916, -21.617617242607025 ], [ -50.486867080913846, -21.6176228357476 ], [ -50.486839056154871, -21.617630627467989 ], [ -50.486818624518229, -21.617637343072797 ], [ -50.486783324228426, -21.617649836662626 ], [ -50.486779044985148, -21.617653247755069 ], [ -50.486776302653269, -21.617656007153425 ], [ -50.486773866447152, -21.61765902828224 ], [ -50.486770857256268, -21.617663933087691 ], [ -50.486769328629563, -21.617667373277939 ], [ -50.486768211031155, -21.617670892959723 ], [ -50.486767256651682, -21.617676284203696 ], [ -50.486767052412567, -21.617679939287616 ], [ -50.48676730949996, -21.617685490054647 ], [ -50.486768141232908, -21.617691094702028 ], [ -50.486769946762131, -21.617698597150611 ], [ -50.486772300983866, -21.617706064987217 ], [ -50.486775064398664, -21.617713378109446 ], [ -50.486777488523536, -21.617718630951536 ], [ -50.486780297340374, -21.617723576768721 ], [ -50.486783565865579, -21.617728118209719 ], [ -50.486787369115547, -21.617732157923211 ], [ -50.486790237983264, -21.617734524778051 ], [ -50.486793374872079, -21.617736614241352 ], [ -50.486796749522121, -21.617738434353122 ], [ -50.486800330054521, -21.617739994291107 ], [ -50.486804084590396, -21.617741303233039 ], [ -50.486807981250898, -21.617742370356677 ], [ -50.486811988157136, -21.617743204839719 ], [ -50.486816073430248, -21.617743815859942 ], [ -50.486822278542761, -21.617744333473791 ], [ -50.486830544305235, -21.617744344352474 ], [ -50.486838717416163, -21.61774381216696 ], [ -50.486854656980519, -21.617742297930256 ], [ -50.486870596762948, -21.617741935416355 ], [ -50.486889107532839, -21.617748175222722 ], [ -50.486916672428272, -21.617765044654689 ], [ -50.486923737377502, -21.617768932373007 ], [ -50.486929174130644, -21.617771551174357 ], [ -50.486936642508944, -21.617774508172253 ], [ -50.486952426486248, -21.617779685349607 ], [ -50.486965644555291, -21.617785094634751 ], [ -50.486979754583466, -21.617798606684868 ], [ -50.486989975972996, -21.617819040224308 ], [ -50.486995704536639, -21.617839727906798 ], [ -50.486998220563159, -21.617861363850249 ], [ -50.48699898353761, -21.617885075066621 ], [ -50.486997723211054, -21.61790084400554 ], [ -50.48699094811861, -21.617916863136188 ], [ -50.486972208842332, -21.617929394132972 ], [ -50.486943467633807, -21.617940645852972 ], [ -50.486922620356196, -21.617947930421082 ], [ -50.486896925338968, -21.617956197482169 ], [ -50.486884032409904, -21.617960625253883 ], [ -50.486873125809687, -21.617964906422188 ], [ -50.486864222726972, -21.617968988533505 ], [ -50.486855556284418, -21.617973677193731 ], [ -50.486850496438706, -21.617976835684022 ], [ -50.486847190021798, -21.617979102572789 ], [ -50.486844517956229, -21.617981073096516 ], [ -50.486829985750816, -21.617993011891752 ], [ -50.486819295683524, -21.618000964518924 ], [ -50.486801705383137, -21.61800542958391 ], [ -50.486773119147827, -21.617995047658155 ], [ -50.486749369282528, -21.61798561082259 ], [ -50.486731249636271, -21.617977688533756 ], [ -50.486712457549949, -21.617968195716802 ], [ -50.486696924625825, -21.617958411210889 ], [ -50.486684599495682, -21.617944460504045 ], [ -50.486679536627044, -21.617922677548428 ], [ -50.4866798557496, -21.617891803370359 ], [ -50.486681258646634, -21.617874740770333 ], [ -50.486686348030808, -21.617856859879186 ], [ -50.486699665537209, -21.617837438973851 ], [ -50.486702990757259, -21.617832090480629 ], [ -50.486704808839654, -21.617828754037173 ], [ -50.486707252952321, -21.617823611828427 ], [ -50.486708693297558, -21.617820101010796 ], [ -50.486710569553324, -21.617814726224708 ], [ -50.486711630493176, -21.617811079678106 ], [ -50.486712936389701, -21.617805530282471 ], [ -50.486713898869574, -21.617799903945624 ], [ -50.486714517031963, -21.617794221535963 ], [ -50.486714789976041, -21.617788503921901 ], [ -50.486714716800982, -21.617782771971815 ], [ -50.48671429660596, -21.617777046554107 ], [ -50.486713823242212, -21.617773243543446 ], [ -50.486712411552695, -21.61776569878937 ], [ -50.486710944892785, -21.61776011817911 ], [ -50.486708443833727, -21.617752821009436 ], [ -50.486706162158249, -21.617747485077203 ], [ -50.486702598334944, -21.617740603177594 ], [ -50.486699549171789, -21.617735651161993 ], [ -50.486696190237758, -21.617730908555558 ], [ -50.486692533024296, -21.617726402282326 ], [ -50.486687212611166, -21.617720808082829 ], [ -50.486682904101237, -21.617716957958429 ], [ -50.48667833561661, -21.61771343391408 ], [ -50.486673518648693, -21.617710262873853 ], [ -50.486668466663083, -21.61770746487576 ], [ -50.486663208645282, -21.617705005823538 ], [ -50.486657780918023, -21.617702826028413 ], [ -50.486650342811224, -21.617700250606234 ], [ -50.486612324885996, -21.617714032470953 ], [ -50.48659200208283, -21.617722453359978 ], [ -50.486494721712603, -21.617759447397663 ], [ -50.486474492802692, -21.61776756399043 ], [ -50.486453800496811, -21.61777615745352 ], [ -50.486425851841219, -21.617787270686424 ], [ -50.486357696304104, -21.61781474751244 ], [ -50.486336934127969, -21.617823412897749 ], [ -50.486315954846269, -21.617831370989499 ], [ -50.486288926483006, -21.617842322304735 ], [ -50.486268602219468, -21.61785009474411 ], [ -50.486200667695947, -21.617877260933483 ], [ -50.486179975482187, -21.617885816939857 ], [ -50.48615227938474, -21.617896877702556 ], [ -50.48612730787201, -21.617907319297121 ], [ -50.486082193895925, -21.617924746380471 ], [ -50.486053502371384, -21.617936138683675 ], [ -50.486011784896739, -21.6179515505933 ], [ -50.485941256363354, -21.617979321486189 ], [ -50.485898742849173, -21.617995665776654 ], [ -50.485870503993517, -21.618006289280789 ], [ -50.48584938656559, -21.61801468295727 ], [ -50.48582821334282, -21.618022653716473 ], [ -50.485779647270832, -21.61804167891993 ], [ -50.485758506864968, -21.618049618814364 ], [ -50.485730672052007, -21.61806070979652 ], [ -50.485709388330172, -21.618068969143938 ], [ -50.485688499019147, -21.618077413886805 ], [ -50.485659247621186, -21.618088749579755 ], [ -50.485638730366219, -21.618096344160641 ], [ -50.485617978056631, -21.618104443853049 ], [ -50.48559004655862, -21.618114876786233 ], [ -50.485569483161541, -21.618122896459454 ], [ -50.485548264389791, -21.618130532320286 ], [ -50.485512883388132, -21.618144422321649 ], [ -50.485480519747597, -21.618156180316657 ], [ -50.485453594206568, -21.618166735379724 ], [ -50.485433451937823, -21.618174342911942 ], [ -50.485413559195976, -21.618182374559957 ], [ -50.485386609198301, -21.618192951194956 ], [ -50.48536652534623, -21.618201238181936 ], [ -50.485346800142501, -21.61820826099402 ], [ -50.485320105641641, -21.618218926882751 ], [ -50.485300389774785, -21.618227527502693 ], [ -50.485281743604567, -21.618236207206539 ], [ -50.485256757892877, -21.618249013106681 ], [ -50.485219914331147, -21.618269002008685 ], [ -50.485196823329758, -21.618283833870635 ], [ -50.48518112952047, -21.618295114014085 ], [ -50.4851664533169, -21.618308217718702 ], [ -50.485144930469858, -21.618329996818069 ], [ -50.485131324098184, -21.6183589780854 ], [ -50.485118894959719, -21.618382511232507 ], [ -50.48511163756887, -21.618400013815712 ], [ -50.485105209729241, -21.618418243545399 ], [ -50.485098771695789, -21.618442697576398 ], [ -50.48509572319638, -21.618461394597769 ], [ -50.485093686434091, -21.618480536421497 ], [ -50.485091339972165, -21.618527364212984 ], [ -50.485091788122681, -21.618547574094404 ], [ -50.485091981969219, -21.618575725083787 ], [ -50.485091914527914, -21.61859707546196 ], [ -50.485089924587477, -21.618655121871349 ], [ -50.485088466530215, -21.618689617174233 ], [ -50.485087083708372, -21.618717985765041 ], [ -50.485085780311721, -21.618739205676778 ], [ -50.485084987575853, -21.618760197633332 ], [ -50.48508366311205, -21.618788418194534 ], [ -50.485082723932123, -21.618817187081202 ], [ -50.485080456869582, -21.618859419223643 ], [ -50.485079092167609, -21.618881214003956 ], [ -50.4850721413261, -21.618952065100064 ], [ -50.485063554494431, -21.619031511719211 ], [ -50.485057408624321, -21.619072105637592 ], [ -50.485054628636661, -21.619092763222852 ], [ -50.485052373740061, -21.619113601677213 ], [ -50.485047812578436, -21.619162525474859 ], [ -50.485041600039892, -21.619233323681705 ], [ -50.485039852451408, -21.619254291821356 ], [ -50.485038041958866, -21.619281193210796 ], [ -50.485036385877308, -21.619299797472181 ], [ -50.485033551775139, -21.619323079435468 ], [ -50.485033610424551, -21.619326470704081 ], [ -50.48503716749579, -21.61934364782131 ], [ -50.48504165255919, -21.619352602612654 ], [ -50.485047871871544, -21.619359739396192 ], [ -50.485060381758124, -21.619367342195243 ], [ -50.485067824465624, -21.61936895920417 ], [ -50.485104656290872, -21.619368939143381 ], [ -50.485119509978787, -21.619363163616494 ], [ -50.485137214564269, -21.619355874169315 ], [ -50.485161618243168, -21.619346362890653 ], [ -50.485200582367924, -21.619329697925458 ], [ -50.485247082445824, -21.619310935620128 ], [ -50.485266941459727, -21.619302322107966 ], [ -50.485294212337045, -21.619291061969392 ], [ -50.485314955617248, -21.619282776036734 ], [ -50.485335817620253, -21.619274062976444 ], [ -50.485364124245635, -21.61926296809586 ], [ -50.485404839583687, -21.619245897751156 ] ] ] } },
{ "type": "Feature", "properties": { "CHAVE": "3080721", "FAZENDA": "308072", "NOME_FAZ": "SITIO BOA VISTA E SÃO PEDRO", "ZONA": 1.0, "TALHAO": 1.0, "AREA_TOTAL": 10.668310446747739, "TIPO_GEO": "TALHAO", "DATA_INICI": null, "DATA_FINAL": null, "HORA_INICI": null, "HORA_FINAL": null, "CLASSE": null, "PILOTO": null, "AERONAVE": null, "AREA_HA": null }, "geometry": { "type": "Polygon", "coordinates": [ [ [ -50.490462139481203, -21.623295610577493 ], [ -50.490464214142101, -21.623266150395697 ], [ -50.490466150492097, -21.623229083124592 ], [ -50.4904776302863, -21.623185930183286 ], [ -50.490498653514599, -21.623136691569503 ], [ -50.490580810295299, -21.622964218163702 ], [ -50.490724100193901, -21.622668509859402 ], [ -50.490818566224902, -21.622445414631301 ], [ -50.4908642087602, -21.622294932575596 ], [ -50.490898786412203, -21.622178474950591 ], [ -50.490922299233397, -21.622096041765705 ], [ -50.490933502390703, -21.622048877810798 ], [ -50.490932395904998, -21.622036983089505 ], [ -50.490927831651398, -21.622029652621805 ], [ -50.49091980963, -21.622026886407589 ], [ -50.490911096055299, -21.622026194854101 ], [ -50.490901690926798, -21.622027577961212 ], [ -50.490861027587798, -21.622042930462111 ], [ -50.490789106017097, -21.622072252333204 ], [ -50.490510410406202, -21.622185944270392 ], [ -50.490024939803703, -21.622384005211288 ], [ -50.4894743251335, -21.622605855925098 ], [ -50.488858565839401, -21.622851495751306 ], [ -50.488387478991598, -21.623036554857201 ], [ -50.488061065708997, -21.623161034498899 ], [ -50.487736865401601, -21.623287450484199 ], [ -50.487414878061799, -21.623415802825797 ], [ -50.487100636112999, -21.623544431766604 ], [ -50.486794139573099, -21.6236733373512 ], [ -50.486441723978899, -21.623813031319688 ], [ -50.486043389125598, -21.623963513375301 ], [ -50.485801345090003, -21.624055627962189 ], [ -50.485715592448003, -21.624089375775995 ], [ -50.485650033163097, -21.624122846956507 ], [ -50.485604667249298, -21.624156041527602 ], [ -50.485587516711803, -21.624185086772705 ], [ -50.485598581568802, -21.624209982701093 ], [ -50.485696228695197, -21.624348846731312 ], [ -50.4858804585649, -21.624601678714587 ], [ -50.486084605078403, -21.624874980719095 ], [ -50.486308668433402, -21.625168752673499 ], [ -50.486478790853397, -21.625394752297797 ], [ -50.486594971852298, -21.625552979753397 ], [ -50.4866624675726, -21.625640668716507 ], [ -50.486681277829597, -21.625657819244896 ], [ -50.486703130923097, -21.625669437345401 ], [ -50.486728026851502, -21.625675523016803 ], [ -50.4867554123744, -21.625675246396003 ], [ -50.486785287488402, -21.625668607481781 ], [ -50.487023735557898, -21.625576493005092 ], [ -50.487470755782198, -21.62539890204971 ], [ -50.487913350053404, -21.625221864319098 ], [ -50.488351518392101, -21.625045379849407 ], [ -50.488789963351401, -21.624869172002096 ], [ -50.489228684933003, -21.624693240775194 ], [ -50.489585526332, -21.624551333714404 ], [ -50.4898604880294, -21.624443451358282 ], [ -50.49010446807111, -21.624345942236204 ], [ -50.490317466569103, -21.624258806486989 ], [ -50.490465044020901, -21.624197258130796 ], [ -50.490547200584409, -21.624161297345502 ], [ -50.490603493033397, -21.6241311455966 ], [ -50.490633921390298, -21.624106802911101 ], [ -50.490657710832103, -21.624078034281396 ], [ -50.490674861360503, -21.62404483971029 ], [ -50.490686064525903, -21.624017177567001 ], [ -50.490691320332999, -21.623995047852894 ], [ -50.490695193032899, -21.623963651321091 ], [ -50.4906976826258, -21.6239229879716 ], [ -50.490700587151004, -21.623879281786291 ], [ -50.490703906608097, -21.623832532765203 ], [ -50.490712896807104, -21.623786198676903 ], [ -50.490727557742701, -21.623740279520291 ], [ -50.490749825772703, -21.623689104558185 ], [ -50.490779700886797, -21.623632673787288 ], [ -50.4908014156617, -21.623591595503697 ], [ -50.4908149701116, -21.623565869711086 ], [ -50.490828247939497, -21.623543048443398 ], [ -50.490841249146499, -21.623523131700697 ], [ -50.490856325013901, -21.623507502590396 ], [ -50.490873475542301, -21.623496161112005 ], [ -50.490908329844501, -21.623483713153412 ], [ -50.490960887915399, -21.623470158703505 ], [ -50.491035852326299, -21.623454944540399 ], [ -50.491133223068303, -21.623438070633402 ], [ -50.491228519152003, -21.623418292199698 ], [ -50.491321740572502, -21.623395609242788 ], [ -50.491374022011897, -21.62338080997689 ], [ -50.491385363490409, -21.623373894441297 ], [ -50.49139974780681, -21.623355914049096 ], [ -50.491417174956602, -21.623326868799399 ], [ -50.4914292079877, -21.623289109974202 ], [ -50.491435846901901, -21.623242637574602 ], [ -50.491435155345499, -21.623204187196393 ], [ -50.491427133324102, -21.623173758839506 ], [ -50.491412749007502, -21.623140979201285 ], [ -50.491392002400502, -21.623105848280183 ], [ -50.491372500592597, -21.62308247376949 ], [ -50.491354243578499, -21.623070855669596 ], [ -50.491338199537097, -21.623066706347892 ], [ -50.491324368465797, -21.623070025805085 ], [ -50.4912971212568, -21.623075973169005 ], [ -50.491256457907198, -21.623084548433205 ], [ -50.491178589002701, -21.623113317088301 ], [ -50.491063514489497, -21.623162279080699 ], [ -50.490964069077002, -21.62320861315531 ], [ -50.490880252784898, -21.623252319340597 ], [ -50.490815938291099, -21.623288141803705 ], [ -50.4907711256201, -21.623316080567708 ], [ -50.490720780522402, -21.623344434266397 ], [ -50.490664902994297, -21.623373202894694 ], [ -50.490621750045797, -21.623394364428684 ], [ -50.490591321689003, -21.623407918878485 ], [ -50.490566564069198, -21.623414834412895 ], [ -50.490547477190901, -21.623415111034301 ], [ -50.490531709769201, -21.623412206508807 ], [ -50.490519261804998, -21.623406120837505 ], [ -50.490504047625102, -21.623392981320098 ], [ -50.490486067232403, -21.623372787955997 ], [ -50.490472512783597, -21.623354116009196 ], [ -50.490463384276602, -21.623336965480796 ], [ -50.4904599265098, -21.62331746367019 ], [ -50.490462139481203, -21.623295610577493 ] ] ] } },
{ "type": "Feature", "properties": { "CHAVE": "3025424", "FAZENDA": "302542", "NOME_FAZ": "SITIO ONDINA", "ZONA": 1.0, "TALHAO": 4.0, "AREA_TOTAL": 6.4460862694179637, "TIPO_GEO": "TALHAO", "DATA_INICI": null, "DATA_FINAL": null, "HORA_INICI": null, "HORA_FINAL": null, "CLASSE": null, "PILOTO": null, "AERONAVE": null, "AREA_HA": null }, "geometry": { "type": "Polygon", "coordinates": [ [ [ -50.48367656520449, -21.617418772749499 ], [ -50.483664474742945, -21.61743536281444 ], [ -50.483642834664082, -21.617465747599208 ], [ -50.483602771883291, -21.617522651550335 ], [ -50.483578224215293, -21.617556587625216 ], [ -50.483566811449357, -21.61757185212608 ], [ -50.483555186846587, -21.617586979940576 ], [ -50.483518361430669, -21.617633301405 ], [ -50.483503698506901, -21.617652086407588 ], [ -50.48349019668607, -21.617670111601079 ], [ -50.483477669241637, -21.61768792049574 ], [ -50.483466294604973, -21.617705311277671 ], [ -50.483456371482859, -21.61772122925781 ], [ -50.483446810830337, -21.617737113986419 ], [ -50.483415608183854, -21.617790206131211 ], [ -50.483401819615679, -21.617812875564482 ], [ -50.483385533489368, -21.617838483301956 ], [ -50.483344660965507, -21.617901270443344 ], [ -50.483334440932076, -21.617917548718896 ], [ -50.483310524794817, -21.61795685590409 ], [ -50.483300475478714, -21.617972920610015 ], [ -50.483290024553419, -21.617988809045318 ], [ -50.483278991258643, -21.618004428192396 ], [ -50.483272042534978, -21.618013611302409 ], [ -50.483267262950527, -21.618019631497003 ], [ -50.483257329068287, -21.618031376702483 ], [ -50.483249531822494, -21.618039882980504 ], [ -50.483244159470985, -21.618045388610412 ], [ -50.483238642151612, -21.618050748924723 ], [ -50.483232975049141, -21.618055952662431 ], [ -50.483227153348373, -21.618060988562465 ], [ -50.483221172543445, -21.618065845808825 ], [ -50.483215037006879, -21.618070526356682 ], [ -50.483208761095682, -21.618075046523671 ], [ -50.483195847703691, -21.618083674044104 ], [ -50.483182551476069, -21.61809186502818 ], [ -50.483165574283376, -21.618101698069108 ], [ -50.483135352133829, -21.618118641739468 ], [ -50.483116366627257, -21.618129764519267 ], [ -50.483096472670645, -21.618142028968069 ], [ -50.483078388869032, -21.618153648355591 ], [ -50.483062231638719, -21.618164318327928 ], [ -50.483027924444698, -21.618187645368216 ], [ -50.483008722144923, -21.618200978675482 ], [ -50.482970753650868, -21.618228005293133 ], [ -50.482951965080133, -21.618241768964886 ], [ -50.482933405535348, -21.618255663673395 ], [ -50.482915048664161, -21.61826973195679 ], [ -50.48289675476363, -21.618284076952129 ], [ -50.482878626687572, -21.618298607833825 ], [ -50.482860285330752, -21.618313622592861 ], [ -50.48284236760319, -21.618328611026399 ], [ -50.482824887735617, -21.618343664683156 ], [ -50.482807684454002, -21.618359045737208 ], [ -50.482791166200975, -21.618374507659738 ], [ -50.482774894645701, -21.618390531608345 ], [ -50.482760126408856, -21.618405718763604 ], [ -50.482747006024994, -21.61841961645408 ], [ -50.482734092874907, -21.618433622015925 ], [ -50.48271684508294, -21.618452662863586 ], [ -50.482701333911116, -21.618470400752674 ], [ -50.482687464787944, -21.618487225592698 ], [ -50.482675524426782, -21.618502876898017 ], [ -50.482649743368995, -21.61853781926936 ], [ -50.482625081843921, -21.618570286945829 ], [ -50.482611978068107, -21.618588140092083 ], [ -50.482599248084782, -21.618606580398833 ], [ -50.482586854358438, -21.618625579615305 ], [ -50.482574906406747, -21.618644817846619 ], [ -50.482564217464159, -21.618662751927687 ], [ -50.482554776950835, -21.618679039001908 ], [ -50.482536526794746, -21.618711465545047 ], [ -50.482510353827188, -21.618758793624455 ], [ -50.482491886449246, -21.61879180420582 ], [ -50.48247134433857, -21.618827968064267 ], [ -50.482452453716903, -21.618860713688754 ], [ -50.482433349111353, -21.618893338480454 ], [ -50.482414022496584, -21.618925845882629 ], [ -50.4823944666119, -21.618958239121856 ], [ -50.482374681846011, -21.618990519256293 ], [ -50.482346607790262, -21.61903552106304 ], [ -50.482318107816738, -21.619080300248743 ], [ -50.482287114598158, -21.619128030266971 ], [ -50.482257755908215, -21.619172333885189 ], [ -50.482242829022809, -21.619194332683836 ], [ -50.482227630120143, -21.619216155817917 ], [ -50.48221656820435, -21.619231609521687 ], [ -50.482188059284134, -21.619270657504821 ], [ -50.482172937289853, -21.619291683553236 ], [ -50.482159509788154, -21.619311213861803 ], [ -50.48214744636963, -21.619330193886732 ], [ -50.4821364011692, -21.619349838444787 ], [ -50.48212671936939, -21.619370400270356 ], [ -50.482119139957199, -21.619391536319132 ], [ -50.482114183084931, -21.619413865518506 ], [ -50.482113204988785, -21.619435961397183 ], [ -50.48211778082284, -21.619457659835337 ], [ -50.48212708135344, -21.619475104117637 ], [ -50.482137318493407, -21.619488532447512 ], [ -50.482154582783053, -21.619508554037342 ], [ -50.482164350497619, -21.619520470095498 ], [ -50.482173662919422, -21.619532604678813 ], [ -50.482184778242939, -21.61954803183259 ], [ -50.482193342380192, -21.619560541994296 ], [ -50.482201696668419, -21.619573167478293 ], [ -50.482246216643816, -21.61964257800814 ], [ -50.482258443488895, -21.619660979578722 ], [ -50.482269760845512, -21.619677319660934 ], [ -50.482310115387854, -21.619733536387386 ], [ -50.482325370274111, -21.619755327768498 ], [ -50.482338018501729, -21.619774263011617 ], [ -50.482362258976778, -21.619812240534667 ], [ -50.482374521372442, -21.619830911499996 ], [ -50.482386890965138, -21.619848489752027 ], [ -50.48240071628004, -21.619866636260905 ], [ -50.482414017819465, -21.619882988360022 ], [ -50.482426374923499, -21.619897514605661 ], [ -50.482438711147637, -21.619911499702035 ], [ -50.482483103087574, -21.619960315496492 ], [ -50.482503365502701, -21.619983275631284 ], [ -50.482513273684447, -21.619994949097766 ], [ -50.48252296189834, -21.620006800911234 ], [ -50.482530013834818, -21.620015836837393 ], [ -50.482536823519382, -21.62002502307546 ], [ -50.4825454350581, -21.620037542941894 ], [ -50.482549505059708, -21.620043933806453 ], [ -50.482553398400242, -21.620050419888646 ], [ -50.482560749142934, -21.620063623912866 ], [ -50.482574631363278, -21.62008984345362 ], [ -50.482583907667731, -21.620105467154271 ], [ -50.482600347731186, -21.620131028271786 ], [ -50.482615177489699, -21.620153060078678 ], [ -50.482628830131645, -21.620167237988706 ], [ -50.482644335907281, -21.620179399415768 ], [ -50.482662410940669, -21.620191574919442 ], [ -50.482686417297636, -21.62020539075878 ], [ -50.48270821572887, -21.620214564807917 ], [ -50.482725927691156, -21.620218700558183 ], [ -50.48275308710118, -21.62022373547936 ], [ -50.482768519110266, -21.620227384232951 ], [ -50.482779961380061, -21.620230552036801 ], [ -50.482791325737658, -21.620233983544974 ], [ -50.482832285793492, -21.620247225975334 ], [ -50.482854610907111, -21.620253069639205 ], [ -50.482877623229619, -21.620256232842667 ], [ -50.482902126211165, -21.620256267521334 ], [ -50.482923072357764, -21.620252970364302 ], [ -50.482940556909774, -21.620247292229031 ], [ -50.483057738142499, -21.620196719938839 ], [ -50.483100088197261, -21.620180929234191 ], [ -50.483124028112762, -21.620170396939226 ], [ -50.48317228326728, -21.620149695380075 ], [ -50.483221975045133, -21.62012874852401 ], [ -50.483245773661828, -21.620119067189609 ], [ -50.48327092253146, -21.620108294744785 ], [ -50.483391348654152, -21.620059138243036 ], [ -50.483445074757356, -21.620037840324287 ], [ -50.483508705201608, -21.62001309531135 ], [ -50.48353674590043, -21.620002715716058 ], [ -50.483573963431709, -21.619988582677834 ], [ -50.483602072347473, -21.619977428497382 ], [ -50.483630874350794, -21.619966696669081 ], [ -50.483669062350209, -21.619951645096272 ], [ -50.48372501327669, -21.619929007325542 ], [ -50.483789890704344, -21.619901946342122 ], [ -50.483816942219114, -21.619890426147236 ], [ -50.48387845401129, -21.619865647568847 ], [ -50.483900507695999, -21.619856988243413 ], [ -50.483947860023079, -21.619838799089948 ], [ -50.483993353455247, -21.619820015859982 ], [ -50.484032060390632, -21.619803566724762 ], [ -50.484057566709453, -21.619792991441997 ], [ -50.48409515396078, -21.619779109484014 ], [ -50.484130846240312, -21.619764852047606 ], [ -50.484156207582338, -21.619754208931287 ], [ -50.484180409696975, -21.619744379902134 ], [ -50.484264838468512, -21.619711406498713 ], [ -50.484283853477159, -21.619703723137686 ], [ -50.484309604526949, -21.619693642494028 ], [ -50.484373110423185, -21.619667843190467 ], [ -50.484392191287824, -21.619660267935348 ], [ -50.484435690812006, -21.619642381890685 ], [ -50.484454220262492, -21.619634948538209 ], [ -50.484471991077491, -21.619628152816485 ], [ -50.484495496640413, -21.619618641099674 ], [ -50.484512872002924, -21.619612221245358 ], [ -50.484530064447974, -21.619604912879051 ], [ -50.484560681666132, -21.619593176798183 ], [ -50.484629610407254, -21.61956438724183 ], [ -50.484647536370396, -21.619556258079239 ], [ -50.484671613424389, -21.619546505576714 ], [ -50.484689402106603, -21.619538475821955 ], [ -50.484707517936762, -21.619530842919815 ], [ -50.484731256650591, -21.619520412743871 ], [ -50.484784785525257, -21.619497985756393 ], [ -50.484825921658846, -21.619480328084219 ], [ -50.484878512573403, -21.619457339339426 ], [ -50.484918694470046, -21.619441571467881 ], [ -50.4849395523187, -21.619427669758142 ], [ -50.484967510305111, -21.619403363803126 ], [ -50.484975792712355, -21.619381092722367 ], [ -50.484979757419218, -21.619358167548576 ], [ -50.484981581690597, -21.619343813353584 ], [ -50.484983898210494, -21.619329681641847 ], [ -50.484987942776357, -21.619299413141295 ], [ -50.484989857738348, -21.619277900722473 ], [ -50.484991660245797, -21.619251118111897 ], [ -50.484993450657406, -21.619229636251564 ], [ -50.484999663118849, -21.619158841458418 ], [ -50.485004279957302, -21.619109322256069 ], [ -50.485006623060798, -21.619087668710424 ], [ -50.485009523073195, -21.619066119295695 ], [ -50.4850155960238, -21.619026007103194 ], [ -50.485024057371227, -21.618947696833214 ], [ -50.485030909529613, -21.618877856929345 ], [ -50.485032217601976, -21.618856966654409 ], [ -50.485034450810794, -21.618815365415408 ], [ -50.485035385359481, -21.618786738683525 ], [ -50.485036714895656, -21.61875841024473 ], [ -50.485037519159825, -21.618737113201281 ], [ -50.485038836763209, -21.618715662113036 ], [ -50.485041644017308, -21.618653532443378 ], [ -50.485043606943499, -21.618596239416107 ], [ -50.485043671502076, -21.618575803794268 ], [ -50.485043481348555, -21.618548187783649 ], [ -50.485043007499272, -21.618526818665089 ], [ -50.48504354381172, -21.618515650436365 ], [ -50.485034344428271, -21.618480246513361 ], [ -50.485022999550772, -21.618451105669109 ], [ -50.485012691578547, -21.618431389925664 ], [ -50.484999931051405, -21.618413633149974 ], [ -50.48499020644239, -21.618399796944594 ], [ -50.48497989696456, -21.618385603421228 ], [ -50.484966937471754, -21.618367203152168 ], [ -50.48495727056774, -21.618352119193734 ], [ -50.48494170611076, -21.618322082032389 ], [ -50.484934786827893, -21.618312192615718 ], [ -50.484926794945324, -21.618297960478959 ], [ -50.484916290906156, -21.618279874881615 ], [ -50.48490821260782, -21.618265461970509 ], [ -50.48489942301606, -21.618250952911009 ], [ -50.484887522409501, -21.618230747043228 ], [ -50.48487881219296, -21.618215223803151 ], [ -50.484857765769753, -21.618180558003477 ], [ -50.484828404983205, -21.618135046887506 ], [ -50.484819951968738, -21.618119736441415 ], [ -50.484812153653223, -21.618106345448346 ], [ -50.484801913147045, -21.618086429031692 ], [ -50.484793072419365, -21.618070415803444 ], [ -50.48477336220791, -21.618033162431558 ], [ -50.484766015889967, -21.61801889417443 ], [ -50.48475743423726, -21.61800401711093 ], [ -50.484745361071873, -21.617982375073094 ], [ -50.484737452256269, -21.61796514192854 ], [ -50.484730271860421, -21.617946767498832 ], [ -50.484723352756156, -21.617922070331609 ], [ -50.484720284129992, -21.617902729605596 ], [ -50.484716366770201, -21.617884705695126 ], [ -50.484710226323976, -21.61785968259289 ], [ -50.484699912037392, -21.617829517576933 ], [ -50.484686529640719, -21.617798511495014 ], [ -50.484656101850057, -21.617740466741232 ], [ -50.484646123968332, -21.617724117087 ], [ -50.484636828965037, -21.617707647091112 ], [ -50.484623714499243, -21.617686182080199 ], [ -50.484601597512636, -21.61765282281301 ], [ -50.484586964570717, -21.617630061253379 ], [ -50.484577176018874, -21.617612567317213 ], [ -50.484568165734515, -21.61759495329617 ], [ -50.484560503285657, -21.617574062522298 ], [ -50.484554967990285, -21.617558179638046 ], [ -50.484550882107442, -21.617541724562425 ], [ -50.484546381924631, -21.617518649034199 ], [ -50.484542666776086, -21.617501363514837 ], [ -50.484539486352759, -21.617483739322566 ], [ -50.484536050183536, -21.617460399111891 ], [ -50.484527635584371, -21.617430766828996 ], [ -50.484520151504839, -21.617412356847943 ], [ -50.484513287897713, -21.617397497940665 ], [ -50.48450631469948, -21.617381557375662 ], [ -50.4844949135043, -21.617359193225465 ], [ -50.484485263499344, -21.617341204662385 ], [ -50.484476551170815, -21.617323503450876 ], [ -50.484464190839461, -21.617300662762627 ], [ -50.484446740856576, -21.617266633384943 ], [ -50.48443579833927, -21.617244591398411 ], [ -50.484428968034962, -21.617228166423246 ], [ -50.484421705684277, -21.617213675185443 ], [ -50.484384646227085, -21.617136913098026 ], [ -50.484354788671574, -21.617076252762985 ], [ -50.484332270580786, -21.617031781749994 ], [ -50.484321848605816, -21.617012125164308 ], [ -50.484310846574736, -21.616992508815848 ], [ -50.484299150277991, -21.616973148200756 ], [ -50.484282605760889, -21.616948129119567 ], [ -50.484267137022158, -21.616930040383263 ], [ -50.484248754432656, -21.616916136139782 ], [ -50.484226598746694, -21.616906436454666 ], [ -50.484205261932978, -21.616903011708153 ], [ -50.484185172194564, -21.61690374947743 ], [ -50.484166124067443, -21.616907644085281 ], [ -50.484147939286018, -21.616913734533682 ], [ -50.484133133053483, -21.616919808567829 ], [ -50.484099836452721, -21.61693398656212 ], [ -50.484078585331908, -21.616943359402274 ], [ -50.484057665739201, -21.616953277957567 ], [ -50.484037092753589, -21.616964123360823 ], [ -50.484016920623205, -21.616976236517971 ], [ -50.483997725099023, -21.616989590472521 ], [ -50.483980251799224, -21.617003955539371 ], [ -50.483964019525295, -21.617019860433505 ], [ -50.483949072469919, -21.617036914562917 ], [ -50.483936293382719, -21.617053490593378 ], [ -50.483925371378668, -21.617068962720115 ], [ -50.483914962507463, -21.61708478101847 ], [ -50.483905003599645, -21.617100715505586 ], [ -50.483884686659586, -21.617134497250031 ], [ -50.483866663973295, -21.617164024360868 ], [ -50.483852093874646, -21.617186545052004 ], [ -50.483834833013013, -21.617211786948371 ], [ -50.48381477282625, -21.617239657456686 ], [ -50.483798799649918, -21.617261026479323 ], [ -50.483782584985427, -21.617282190924289 ], [ -50.483717390645907, -21.617365243763754 ], [ -50.483689871500054, -21.617400975582903 ], [ -50.48367656520449, -21.617418772749499 ] ] ] } },
{ "type": "Feature", "properties": { "CHAVE": "3000441", "FAZENDA": "300044", "NOME_FAZ": "SITIO SAO FRANCISCO II", "ZONA": 1.0, "TALHAO": 1.0, "AREA_TOTAL": 0.214463119076681, "TIPO_GEO": "TALHAO", "DATA_INICI": null, "DATA_FINAL": null, "HORA_INICI": null, "HORA_FINAL": null, "CLASSE": null, "PILOTO": null, "AERONAVE": null, "AREA_HA": null }, "geometry": { "type": "Polygon", "coordinates": [ [ [ -50.484061322560784, -21.620030768602998 ], [ -50.484063536958686, -21.620032312242401 ], [ -50.484066190999293, -21.620033770561101 ], [ -50.484069284682398, -21.620035143558901 ], [ -50.484071543138889, -21.620035913767985 ], [ -50.484078030030695, -21.620037737311897 ], [ -50.484087143560892, -21.620039938356403 ], [ -50.484105738803983, -21.620043947736193 ], [ -50.484113364846792, -21.620045347984494 ], [ -50.48412176185839, -21.620046717646293 ], [ -50.484130929838692, -21.620048056721295 ], [ -50.484140868787883, -21.620049365209496 ], [ -50.484151578705792, -21.620050643110705 ], [ -50.484163059592589, -21.620051890424705 ], [ -50.48417531144819, -21.620053107151392 ], [ -50.484188334272694, -21.620054293290689 ], [ -50.484201833082189, -21.62005537537609 ], [ -50.484215807876794, -21.620056353407396 ], [ -50.484230258656282, -21.620057227384596 ], [ -50.484245185420683, -21.620057997307391 ], [ -50.484260588170095, -21.620058663175897 ], [ -50.48427646690449, -21.620059224989902 ], [ -50.48429282162369, -21.620059682749108 ], [ -50.484309652327788, -21.620060036453506 ], [ -50.484325548708703, -21.620060168662796 ], [ -50.484340510766387, -21.62006007937709 ], [ -50.484354538500803, -21.620059768596789 ], [ -50.484367631911788, -21.620059236322099 ], [ -50.484379790999292, -21.620058482553105 ], [ -50.484391015763393, -21.620057507290195 ], [ -50.484401306203893, -21.620056310533393 ], [ -50.484410662320883, -21.62005489228299 ], [ -50.484419922371686, -21.620053285289195 ], [ -50.484429086355988, -21.620051489551987 ], [ -50.484438154273995, -21.6200495050713 ], [ -50.484447126125595, -21.620047331847395 ], [ -50.484456001910793, -21.620044969879999 ], [ -50.484464781629491, -21.620042419169295 ], [ -50.484473465281695, -21.620039679715305 ], [ -50.484482052867392, -21.620036751517993 ], [ -50.484499374101297, -21.620030624213896 ], [ -50.48451689008499, -21.620024135697093 ], [ -50.484534600818485, -21.620017285967499 ], [ -50.48455250630159, -21.620010075025192 ], [ -50.484561742707285, -21.620006040777785 ], [ -50.48457123843319, -21.620001622905608 ], [ -50.48458099347949, -21.619996821408701 ], [ -50.484591007845793, -21.61999163628699 ], [ -50.484601281532193, -21.619986067540502 ], [ -50.484611814538489, -21.619980115168996 ], [ -50.48462260686459, -21.619973779172597 ], [ -50.48463365851029, -21.619967059551197 ], [ -50.484645541258992, -21.619960116370503 ], [ -50.484658255110489, -21.619952949630292 ], [ -50.484671800064596, -21.619945559330496 ], [ -50.484686176121102, -21.619937945470703 ], [ -50.484701383279784, -21.619930108050895 ], [ -50.484717421540495, -21.619922047070798 ], [ -50.484734290903084, -21.619913762529997 ], [ -50.48475199136719, -21.619905254428481 ], [ -50.484769353499885, -21.619896677436603 ], [ -50.484786377301091, -21.6198880315544 ], [ -50.484803062770986, -21.61987931678209 ], [ -50.484819409909491, -21.619870533119695 ], [ -50.484835418716699, -21.619861680567396 ], [ -50.484851089192595, -21.619852759125198 ], [ -50.484866421337294, -21.619843768793203 ], [ -50.484909149296591, -21.619817827881889 ], [ -50.484945116816498, -21.619795597234006 ], [ -50.484965339366184, -21.619782838061695 ], [ -50.484974323902591, -21.6197770768539 ], [ -50.484982945284791, -21.619771427588002 ], [ -50.484991203512806, -21.619765890264102 ], [ -50.484999098586592, -21.619760464882198 ], [ -50.48500663050639, -21.619755151442305 ], [ -50.485013799272188, -21.619749949944502 ], [ -50.485020604884092, -21.619744860388899 ], [ -50.485027047342093, -21.619739882775509 ], [ -50.485039489158886, -21.619729850797793 ], [ -50.485053063809801, -21.619718616278504 ], [ -50.485075549848794, -21.619699509733209 ], [ -50.485100795018688, -21.619677509673295 ], [ -50.485119952288287, -21.619660526013508 ], [ -50.485141083418796, -21.619641588633502 ], [ -50.485188935360092, -21.619598243648007 ], [ -50.485214328585187, -21.619575399794396 ], [ -50.485240368083304, -21.619552165971299 ], [ -50.485280639091087, -21.619516584043307 ], [ -50.485292955308083, -21.619505586818306 ], [ -50.485304002505188, -21.619495550503515 ], [ -50.485313780682993, -21.619486475099411 ], [ -50.485322289841889, -21.619478360606212 ], [ -50.485329529982202, -21.619471207024006 ], [ -50.485335501104288, -21.619465014353107 ], [ -50.485340203208587, -21.619459782593609 ], [ -50.485343636295084, -21.619455511745514 ], [ -50.485346584991383, -21.619451442919118 ], [ -50.485349049297483, -21.619447576114315 ], [ -50.485351029213383, -21.619443911331111 ], [ -50.485352524739284, -21.619440448569605 ], [ -50.485353535875085, -21.619437187829821 ], [ -50.485354062620893, -21.619434129111607 ], [ -50.4853541049767, -21.619431272415209 ], [ -50.485353662942494, -21.619428617740414 ], [ -50.485353066865983, -21.619426211336414 ], [ -50.48535231674699, -21.619424053203311 ], [ -50.485351412585594, -21.619422143341023 ], [ -50.485350354381687, -21.619420481749412 ], [ -50.485349142135483, -21.619419068428723 ], [ -50.48534777584679, -21.619417903378821 ], [ -50.485346255515807, -21.619416986599706 ], [ -50.485344581142286, -21.619416318091311 ], [ -50.485342739426088, -21.619415779268611 ], [ -50.485340730367184, -21.61941537013141 ], [ -50.485338553965491, -21.619415090679912 ], [ -50.485336210221185, -21.619414940913913 ], [ -50.485333699134195, -21.61941492083352 ], [ -50.485331020704386, -21.619415030438599 ], [ -50.485328174931887, -21.619415269729313 ], [ -50.485325161816689, -21.619415638705618 ], [ -50.485322150800393, -21.619416170830522 ], [ -50.485319141882989, -21.619416866104206 ], [ -50.485316135064494, -21.619417724526517 ], [ -50.485313130344885, -21.619418746097512 ], [ -50.485310127724283, -21.619419930817315 ], [ -50.48530712720239, -21.619421278685707 ], [ -50.485304128779482, -21.619422789702796 ], [ -50.485294415851797, -21.619428376007505 ], [ -50.485282531057287, -21.619435653733614 ], [ -50.485268474395284, -21.619444622880703 ], [ -50.485258975106092, -21.619450939438607 ], [ -50.485249948425185, -21.619457204337007 ], [ -50.485245612312895, -21.619460317413893 ], [ -50.48523729454449, -21.619466504823212 ], [ -50.485225107199703, -21.619475779492507 ], [ -50.485212192724894, -21.619485209178713 ], [ -50.485198551119893, -21.619494793881504 ], [ -50.485189052755196, -21.619501269803607 ], [ -50.485179231221409, -21.619507814621809 ], [ -50.485163892978484, -21.619517761029304 ], [ -50.485153263521703, -21.619524478087609 ], [ -50.485142310895483, -21.6195312640418 ], [ -50.485125276013584, -21.619541572152919 ], [ -50.485107514000489, -21.619552035279309 ], [ -50.485095268696384, -21.619559096816616 ], [ -50.485082700222684, -21.619566227249397 ], [ -50.485056667912488, -21.619580654490701 ], [ -50.485030306824896, -21.619594833273904 ], [ -50.485003839399084, -21.619608642666716 ], [ -50.484977265635095, -21.619622082669117 ], [ -50.484950585533099, -21.619635153281109 ], [ -50.484923799093302, -21.619647854502521 ], [ -50.484896906315988, -21.619660186333299 ], [ -50.484869907201187, -21.619672148773592 ], [ -50.484842663911394, -21.619683825272695 ], [ -50.484712227391803, -21.619739187880796 ], [ -50.484556350607491, -21.619805124554599 ], [ -50.484522339130194, -21.619819378797104 ], [ -50.484499829853796, -21.619828714379992 ], [ -50.484466313502189, -21.619842466886297 ], [ -50.484433094226397, -21.619855918351302 ], [ -50.484389263977185, -21.6198733853516 ], [ -50.484356737879494, -21.619886134387304 ], [ -50.484324508858592, -21.619898582382191 ], [ -50.484281998950692, -21.619914711423306 ], [ -50.484240017180383, -21.6199303052815 ], [ -50.484179758380094, -21.619952318406696 ], [ -50.484153521789395, -21.619962125020191 ], [ -50.484130170643489, -21.619971006577995 ], [ -50.48411621746309, -21.619976176733893 ], [ -50.484097712039592, -21.619982742919198 ], [ -50.484082303025886, -21.619987924206786 ], [ -50.484078125167784, -21.619989404156399 ], [ -50.48407130076761, -21.619992014316392 ], [ -50.484068654225588, -21.619993144526799 ], [ -50.484066518122184, -21.619994158157596 ], [ -50.484064892457589, -21.619995055208694 ], [ -50.48406272442999, -21.619996630478688 ], [ -50.484060806098483, -21.619998263056804 ], [ -50.48405913746339, -21.619999952943196 ], [ -50.484057718524589, -21.620001700137703 ], [ -50.484055983314896, -21.620004261375691 ], [ -50.484053523508507, -21.620008267623696 ], [ -50.484053035433888, -21.620009507020104 ], [ -50.48405274030619, -21.620010894002203 ], [ -50.484052659390393, -21.620013251198703 ], [ -50.484052841648996, -21.620014991111887 ], [ -50.484053196928897, -21.6200168144778 ], [ -50.484053725230289, -21.620018721296294 ], [ -50.484054426552994, -21.620020711567395 ], [ -50.484055296012784, -21.6200227419336 ], [ -50.484056318956092, -21.620024682322292 ], [ -50.484057495383084, -21.620026532733593 ], [ -50.484059547805494, -21.620029139642799 ], [ -50.484061322560784, -21.620030768602998 ] ] ] } },
{ "type": "Feature", "properties": { "CHAVE": "3006691", "FAZENDA": "300669", "NOME_FAZ": "SITIO KIMURA II", "ZONA": 1.0, "TALHAO": 1.0, "AREA_TOTAL": 3.8179932390626519, "TIPO_GEO": "TALHAO", "DATA_INICI": null, "DATA_FINAL": null, "HORA_INICI": null, "HORA_FINAL": null, "CLASSE": null, "PILOTO": null, "AERONAVE": null, "AREA_HA": null }, "geometry": { "type": "Polygon", "coordinates": [ [ [ -50.476732798434696, -21.611495274792496 ], [ -50.47676690383885, -21.61155208412741 ], [ -50.476803906201553, -21.611606395750993 ], [ -50.476846003612891, -21.611658672596285 ], [ -50.476893421716689, -21.611704550527083 ], [ -50.47694431095411, -21.611745348031231 ], [ -50.476997537344005, -21.611779285669169 ], [ -50.47705781747419, -21.611804354227317 ], [ -50.477127189739164, -21.611821789603962 ], [ -50.47718510830402, -21.611830184096572 ], [ -50.477247854602858, -21.61183529428887 ], [ -50.477313109824593, -21.611838139894928 ], [ -50.477380741802818, -21.611838673267915 ], [ -50.477450850308834, -21.611836703123863 ], [ -50.477523688275433, -21.611833099155348 ], [ -50.47759683374251, -21.6118281912787 ], [ -50.477669784507007, -21.611821578977047 ], [ -50.477742143009053, -21.611811502774863 ], [ -50.477814253528166, -21.611797099759045 ], [ -50.477884384470016, -21.611779040216305 ], [ -50.477953014936084, -21.611758988871397 ], [ -50.478089871305016, -21.61171652709379 ], [ -50.478158058356534, -21.611696685064278 ], [ -50.47822700461338, -21.611678925182893 ], [ -50.478296092933633, -21.61166461770037 ], [ -50.478365954775938, -21.611654065691315 ], [ -50.478436966898229, -21.611647371767564 ], [ -50.478509536720807, -21.611644373976226 ], [ -50.478582356223129, -21.611644263136348 ], [ -50.478656048815104, -21.611646384332605 ], [ -50.478732320933467, -21.611650086748973 ], [ -50.478811127399098, -21.611655641403399 ], [ -50.479142878800992, -21.611681573916613 ], [ -50.479224014444881, -21.611688900723994 ], [ -50.479302385359738, -21.611696804188519 ], [ -50.479454127197364, -21.611713390101723 ], [ -50.479528348744594, -21.611720865501354 ], [ -50.479601492288388, -21.611727136880432 ], [ -50.479674920731355, -21.611731882511343 ], [ -50.479747049475428, -21.611734322208136 ], [ -50.47981960981604, -21.611734416028913 ], [ -50.479892190823534, -21.611732496674097 ], [ -50.479965075296185, -21.611728957657707 ], [ -50.480037843886969, -21.611723227432531 ], [ -50.480110948827139, -21.611715824170027 ], [ -50.480184341134439, -21.611707669754182 ], [ -50.480258902152748, -21.611698391671496 ], [ -50.480336897041063, -21.611688176268647 ], [ -50.48041639376644, -21.611678517806393 ], [ -50.480565029502571, -21.611663903844537 ], [ -50.480694389020144, -21.611652985835907 ], [ -50.480766611364444, -21.611646610332137 ], [ -50.480829688175412, -21.611639716976843 ], [ -50.480893341641305, -21.611636563956615 ], [ -50.480954010227144, -21.611624694804703 ], [ -50.480942764008859, -21.611564307291832 ], [ -50.480931825772423, -21.611508261997525 ], [ -50.480908219602888, -21.611395033455146 ], [ -50.480887819463589, -21.611281254047341 ], [ -50.480875794902374, -21.611224215182467 ], [ -50.480865380841522, -21.611165496997142 ], [ -50.480853996959333, -21.611109418237913 ], [ -50.480840966524411, -21.611054175062748 ], [ -50.480829385892477, -21.610998046278283 ], [ -50.480819126841602, -21.610940182512028 ], [ -50.480809068860779, -21.610885383741181 ], [ -50.480798222345499, -21.610823188217591 ], [ -50.480789290102926, -21.610769961428264 ], [ -50.480776938820917, -21.6107679166998 ], [ -50.480767620671116, -21.610765451538018 ], [ -50.480748568694743, -21.610758047580408 ], [ -50.480739369213815, -21.610752572603381 ], [ -50.480741140001179, -21.610743337548008 ], [ -50.480747944688531, -21.61073555858195 ], [ -50.480751799342684, -21.610726119959942 ], [ -50.480762675638708, -21.610724169021257 ], [ -50.480779047743027, -21.610723482368968 ], [ -50.480775636656759, -21.610708732910712 ], [ -50.480758970329866, -21.610658158127229 ], [ -50.480708566233936, -21.610594980836979 ], [ -50.480681669843825, -21.610610536594795 ], [ -50.480569397688839, -21.610679558713869 ], [ -50.480513594539453, -21.610713171353293 ], [ -50.480454090660736, -21.610742739312936 ], [ -50.480398640914792, -21.610773378947869 ], [ -50.480345028703503, -21.610804261420338 ], [ -50.480287849981444, -21.610836216128764 ], [ -50.480230820284078, -21.610867543271269 ], [ -50.480177442525999, -21.610897274187348 ], [ -50.48011638158399, -21.610932914538207 ], [ -50.480055025246614, -21.610967224103693 ], [ -50.479994606792438, -21.611000413111814 ], [ -50.479941996715446, -21.61102733155634 ], [ -50.479883772298962, -21.611054349359655 ], [ -50.479820721935177, -21.611079911469346 ], [ -50.479752812991379, -21.611102027425108 ], [ -50.479680532028283, -21.611120104082254 ], [ -50.47960832257656, -21.611132396365445 ], [ -50.479535192177842, -21.611137663049451 ], [ -50.479461199310698, -21.61113537238181 ], [ -50.479386585334616, -21.611125458492907 ], [ -50.479311214089357, -21.611111612670669 ], [ -50.479253230337534, -21.611100353244264 ], [ -50.479193252589127, -21.611088389855656 ], [ -50.479015751484646, -21.611052010328631 ], [ -50.478941695537912, -21.611038112923392 ], [ -50.4788667119482, -21.611026269969596 ], [ -50.478790933536537, -21.611016308067732 ], [ -50.478733767036665, -21.611010012262106 ], [ -50.478658599184854, -21.611004784577418 ], [ -50.478585406806104, -21.611004869907916 ], [ -50.478519221936303, -21.611011958831671 ], [ -50.478457403018929, -21.611024528026686 ], [ -50.47839971885066, -21.611042486460711 ], [ -50.478348739690176, -21.611065215285201 ], [ -50.478294514929338, -21.611096173288772 ], [ -50.478248862427925, -21.611129590206954 ], [ -50.478208560220914, -21.611173719547846 ], [ -50.47815894901148, -21.611225702644788 ], [ -50.47810857086953, -21.611268877148504 ], [ -50.478052976290407, -21.611309718198275 ], [ -50.477992238034155, -21.611345720831356 ], [ -50.47792725846962, -21.611376819277076 ], [ -50.477857509557516, -21.611402419105506 ], [ -50.477783981070907, -21.611421080380513 ], [ -50.477715611451629, -21.611432526521199 ], [ -50.477652482873182, -21.611438771629533 ], [ -50.477591705936767, -21.611437168830467 ], [ -50.477532198445225, -21.611427239724151 ], [ -50.477474830159991, -21.611409518214369 ], [ -50.477419619916461, -21.611384365948091 ], [ -50.477367489977276, -21.611353680009088 ], [ -50.477318528276619, -21.611318836459162 ], [ -50.47727436670948, -21.611279406592651 ], [ -50.477235819464816, -21.611233867711295 ], [ -50.477204681763382, -21.611182923152306 ], [ -50.477180993764847, -21.611129237851941 ], [ -50.477161369785492, -21.611074519267572 ], [ -50.477140990281256, -21.611021385008016 ], [ -50.477117771987949, -21.610968973268147 ], [ -50.477090294044984, -21.610918936384444 ], [ -50.47705774630208, -21.610871300134683 ], [ -50.477020426193882, -21.610827938263611 ], [ -50.476978647435594, -21.610788338634833 ], [ -50.476933660468653, -21.610751691925881 ], [ -50.476885186741377, -21.610717186448447 ], [ -50.476833092898232, -21.610685873822639 ], [ -50.476777765019513, -21.61065862098469 ], [ -50.476719298129353, -21.610635010531638 ], [ -50.476659483189344, -21.61061305636067 ], [ -50.476596612064839, -21.610591475047464 ], [ -50.476531245105313, -21.610569365024332 ], [ -50.476464469471651, -21.610546068697996 ], [ -50.47639607117538, -21.610521587778994 ], [ -50.476141244194224, -21.610438351794777 ], [ -50.476083620300578, -21.61042081012469 ], [ -50.476024239787058, -21.610404283754672 ], [ -50.475963613222703, -21.610387662994395 ], [ -50.47584618041472, -21.610357771013089 ], [ -50.475776183357503, -21.610341305435654 ], [ -50.475713733426325, -21.610327549139384 ], [ -50.475650132877533, -21.610314454944586 ], [ -50.475591201881208, -21.610306548764122 ], [ -50.475542125980581, -21.610317149623274 ], [ -50.475523886807956, -21.610360448155429 ], [ -50.4755398047865, -21.610413500862013 ], [ -50.475560191496527, -21.610471925372423 ], [ -50.475579354258926, -21.610525055399126 ], [ -50.475602301731058, -21.610574552355587 ], [ -50.475624820996089, -21.610627078823686 ], [ -50.475649053941886, -21.610682177252038 ], [ -50.475683878908569, -21.610727269596516 ], [ -50.475768081422999, -21.610757475433104 ], [ -50.475827796545275, -21.610777671249227 ], [ -50.475889777502168, -21.610798287434683 ], [ -50.475958478680639, -21.610823003097238 ], [ -50.476029330145316, -21.610851106097321 ], [ -50.476169254706221, -21.610910197708996 ], [ -50.476239070053943, -21.610942932311911 ], [ -50.476306767722839, -21.610980920498935 ], [ -50.476355912762706, -21.611013035865451 ], [ -50.476403746993043, -21.611047339777461 ], [ -50.476449992807076, -21.611085482713559 ], [ -50.476493578627853, -21.611128112684135 ], [ -50.47653417371982, -21.611173283789558 ], [ -50.476570898364585, -21.611221276246745 ], [ -50.476604855657257, -21.611271173338483 ], [ -50.476635242586376, -21.611321129786838 ], [ -50.476663759293025, -21.611369885211765 ], [ -50.476732798434696, -21.611495274792496 ] ] ] } },
{ "type": "Feature", "properties": { "CHAVE": "3006691", "FAZENDA": "300669", "NOME_FAZ": "SITIO KIMURA II", "ZONA": 1.0, "TALHAO": 1.0, "AREA_TOTAL": 10.148306709115952, "TIPO_GEO": "TALHAO", "DATA_INICI": null, "DATA_FINAL": null, "HORA_INICI": null, "HORA_FINAL": null, "CLASSE": null, "PILOTO": null, "AERONAVE": null, "AREA_HA": null }, "geometry": { "type": "Polygon", "coordinates": [ [ [ -50.479338286457796, -21.614058599672944 ], [ -50.479457189046492, -21.614012459648009 ], [ -50.479573354184645, -21.613964730546932 ], [ -50.479629349011084, -21.613943815630854 ], [ -50.479699124815767, -21.613918257745823 ], [ -50.479763423326425, -21.613893067165623 ], [ -50.479824320024477, -21.613867572867427 ], [ -50.479944063573427, -21.613816860416698 ], [ -50.480007581493055, -21.613791254785362 ], [ -50.480072027890081, -21.613766266829245 ], [ -50.48013612833708, -21.613739029859232 ], [ -50.480199528963617, -21.613712600240717 ], [ -50.480264685048802, -21.613684535587002 ], [ -50.480333358474077, -21.613656181670176 ], [ -50.480386897997278, -21.613634901049704 ], [ -50.480495867469486, -21.613593293846556 ], [ -50.480566459438968, -21.613565565753671 ], [ -50.480697450280104, -21.613515336112897 ], [ -50.480758830043783, -21.61349138631228 ], [ -50.480817568633917, -21.61346775438755 ], [ -50.480926545900928, -21.613423372501693 ], [ -50.480987921444353, -21.613397595616838 ], [ -50.481047163761247, -21.613371107974363 ], [ -50.481099927810469, -21.613345447909467 ], [ -50.481155155142005, -21.613315792949066 ], [ -50.4812102147337, -21.613289422864618 ], [ -50.481197525652796, -21.61324969442768 ], [ -50.481203086747179, -21.613187283571225 ], [ -50.481202496063354, -21.613126381141637 ], [ -50.481197750714891, -21.61306721254271 ], [ -50.481193240846927, -21.612999924795542 ], [ -50.481181654948259, -21.612871863464228 ], [ -50.481165656554168, -21.612733496870785 ], [ -50.481159638214777, -21.612670686792914 ], [ -50.481152312885676, -21.612613769322497 ], [ -50.481141890237055, -21.61255459151047 ], [ -50.481115401937622, -21.612422531166338 ], [ -50.481095908709008, -21.612313009402765 ], [ -50.481072368456246, -21.612186756001034 ], [ -50.481058941680828, -21.612116685296012 ], [ -50.481044707969517, -21.612047988361457 ], [ -50.481018694116905, -21.611919252798778 ], [ -50.481004866780275, -21.611859541130315 ], [ -50.480990126855289, -21.611798105498188 ], [ -50.480962793981234, -21.61167723087036 ], [ -50.480959987719338, -21.611660446483686 ], [ -50.480898350122651, -21.611672505210855 ], [ -50.48083295657041, -21.61167574442527 ], [ -50.48077067089001, -21.611682551321149 ], [ -50.480697919310906, -21.61168897354338 ], [ -50.480568805161006, -21.611699870469941 ], [ -50.480420907167776, -21.611714411870853 ], [ -50.480342067080571, -21.611723990554321 ], [ -50.48026413135576, -21.611734198207742 ], [ -50.480189170090775, -21.611743526095172 ], [ -50.48011530924677, -21.611751732568457 ], [ -50.480041546304548, -21.611759202465727 ], [ -50.479967699437736, -21.611765017600252 ], [ -50.479893739274473, -21.611768608848095 ], [ -50.479820129433911, -21.611770555409279 ], [ -50.47974632405738, -21.611770459978288 ], [ -50.47967288939271, -21.611767976109434 ], [ -50.479598395259025, -21.611763161603331 ], [ -50.479524514936593, -21.611756827052012 ], [ -50.479449802659211, -21.611749302226968 ], [ -50.479298081651002, -21.611732718389959 ], [ -50.479220085088158, -21.611724852677312 ], [ -50.479139376577706, -21.611717564441044 ], [ -50.478808030496303, -21.611691664302814 ], [ -50.478729866518485, -21.611686154933668 ], [ -50.478654452407163, -21.611682494166473 ], [ -50.478581793014861, -21.61168040270994 ], [ -50.47851042134328, -21.61168051134571 ], [ -50.478439759922807, -21.611683430302467 ], [ -50.478370978435606, -21.61168991395612 ], [ -50.478303358182295, -21.61170012739278 ], [ -50.478236320326211, -21.611714010244938 ], [ -50.478168934432738, -21.611731368191805 ], [ -50.478101661106784, -21.611750944332499 ], [ -50.47796490101225, -21.611793377647807 ], [ -50.47789528036455, -21.611813718288008 ], [ -50.477823427781807, -21.611832221173312 ], [ -50.477749032143038, -21.611847080607873 ], [ -50.477674497975883, -21.611857459779536 ], [ -50.477600081431746, -21.611864204940105 ], [ -50.477526092426494, -21.611869169415677 ], [ -50.477452451940323, -21.61187281309186 ], [ -50.477381159419473, -21.6118748165079 ], [ -50.477312046362741, -21.611874271454187 ], [ -50.477245276879955, -21.61187135981492 ], [ -50.477180466953484, -21.61186608155597 ], [ -50.477119191032671, -21.611857200460719 ], [ -50.477044871562867, -21.611838521698971 ], [ -50.47697864706997, -21.611810981070843 ], [ -50.47692077694704, -21.611774082542496 ], [ -50.476866892612605, -21.611730883886342 ], [ -50.476816562400664, -21.611682188425284 ], [ -50.476772124952156, -21.61162700569184 ], [ -50.47673373195952, -21.611570652899754 ], [ -50.476698775715484, -21.611512426299164 ], [ -50.476629605130768, -21.611386802286827 ], [ -50.476601491243073, -21.611338735547889 ], [ -50.476571737406559, -21.611289819892242 ], [ -50.476538858622639, -21.611241507552975 ], [ -50.476503620422996, -21.611195457597201 ], [ -50.476464789594736, -21.611152249619124 ], [ -50.476423196028506, -21.61111156820462 ], [ -50.476379177484773, -21.611075262286107 ], [ -50.476333074181454, -21.611042199689575 ], [ -50.476285731393915, -21.611011262058199 ], [ -50.476220439962944, -21.610974624115748 ], [ -50.4761526068365, -21.610942818922684 ], [ -50.47601385757816, -21.610884224195637 ], [ -50.475943990997337, -21.610856511845135 ], [ -50.475876361538475, -21.610832181739017 ], [ -50.475814748920357, -21.610811688069919 ], [ -50.475754587486747, -21.610791341309156 ], [ -50.47572036280156, -21.610779063947415 ], [ -50.475747462588352, -21.610825320530601 ], [ -50.475780955440534, -21.61087975419348 ], [ -50.475812911123271, -21.610924476125984 ], [ -50.475846429703481, -21.610972074044344 ], [ -50.47588309684371, -21.611021240296672 ], [ -50.475922090161745, -21.611076627410142 ], [ -50.475964966096342, -21.611135708179717 ], [ -50.476000499630246, -21.611182087614843 ], [ -50.476074310956541, -21.611276097973267 ], [ -50.476110519924369, -21.611325230060945 ], [ -50.476181651797674, -21.611424582661819 ], [ -50.476282755272187, -21.611564145851911 ], [ -50.476317035081465, -21.611609043840772 ], [ -50.476388613564332, -21.611697325730496 ], [ -50.476422981559999, -21.611741669492627 ], [ -50.476464261182542, -21.61179751999542 ], [ -50.476502551775987, -21.611850720372168 ], [ -50.476539548160808, -21.611901078204749 ], [ -50.476577306165112, -21.611951075289959 ], [ -50.476615137238319, -21.611999579061806 ], [ -50.476688809307184, -21.612099037851511 ], [ -50.476723688068944, -21.612149212104196 ], [ -50.476759882226283, -21.612200333520274 ], [ -50.476798303487691, -21.61225205463553 ], [ -50.476837411627706, -21.612304115036959 ], [ -50.476878206924653, -21.612357299961715 ], [ -50.476918931624454, -21.61241111139001 ], [ -50.476959592706649, -21.612466225418324 ], [ -50.476998399310816, -21.612521330108549 ], [ -50.477036728944846, -21.61257766570996 ], [ -50.477073464786002, -21.61263219232049 ], [ -50.477111122245397, -21.612684983843156 ], [ -50.47715146752568, -21.61273971330473 ], [ -50.477190800770131, -21.612793583732099 ], [ -50.477231237631166, -21.612846183018117 ], [ -50.477270690637489, -21.612899996870318 ], [ -50.477311211521815, -21.61295349904071 ], [ -50.477433653860167, -21.613121819240277 ], [ -50.477559595906456, -21.613293757900848 ], [ -50.477602597113211, -21.613351856193976 ], [ -50.477645813339656, -21.613411061670437 ], [ -50.477677016028814, -21.613458503092776 ], [ -50.477708264896577, -21.613504520860371 ], [ -50.47774208613172, -21.613551119122178 ], [ -50.477808953908578, -21.613645850541776 ], [ -50.477843355962463, -21.61369241740087 ], [ -50.477888115778931, -21.613750466540878 ], [ -50.477923744040879, -21.613794277365336 ], [ -50.477971148212774, -21.61385141270172 ], [ -50.478005448198353, -21.613895896719789 ], [ -50.478038510957653, -21.613940938208419 ], [ -50.478070222038966, -21.613987230470354 ], [ -50.478101278368428, -21.614033408304842 ], [ -50.478165464661053, -21.6141259146269 ], [ -50.478231419201471, -21.614218714887944 ], [ -50.478264674055936, -21.614264899576604 ], [ -50.478345844447013, -21.614368249245903 ], [ -50.478387251327881, -21.614418082468308 ], [ -50.478428665441399, -21.614458086252128 ], [ -50.478474217343823, -21.614430290973981 ], [ -50.478534291962852, -21.614396588879085 ], [ -50.478597046222426, -21.6143630189455 ], [ -50.478648976528035, -21.614337249381133 ], [ -50.478708163507548, -21.614309147180158 ], [ -50.478762032395103, -21.614287301142294 ], [ -50.478873534174348, -21.614243308891027 ], [ -50.478920384798634, -21.614222834965496 ], [ -50.478980183152103, -21.614210169211994 ], [ -50.479101522878658, -21.614159453211656 ], [ -50.479164659772891, -21.614131133046818 ], [ -50.479227631940837, -21.614105234202697 ], [ -50.479338286457796, -21.614058599672944 ] ] ] } },
{ "type": "Feature", "properties": { "CHAVE": "3000441", "FAZENDA": "300044", "NOME_FAZ": "SITIO SAO FRANCISCO II", "ZONA": 1.0, "TALHAO": 1.0, "AREA_TOTAL": 5.621307847749442, "TIPO_GEO": "TALHAO", "DATA_INICI": null, "DATA_FINAL": null, "HORA_INICI": null, "HORA_FINAL": null, "CLASSE": null, "PILOTO": null, "AERONAVE": null, "AREA_HA": null }, "geometry": { "type": "Polygon", "coordinates": [ [ [ -50.486556008351094, -21.619002840996821 ], [ -50.486556255033598, -21.619014271338216 ], [ -50.486557551905094, -21.619026353567321 ], [ -50.486559375569399, -21.619038280853118 ], [ -50.486561726026594, -21.61905005319581 ], [ -50.486564603276783, -21.619061670595116 ], [ -50.486568007320088, -21.619073133051213 ], [ -50.486572583917585, -21.619084464924711 ], [ -50.486578333069488, -21.619095666215415 ], [ -50.486585254776095, -21.619106736923424 ], [ -50.486593349037491, -21.619117677048411 ], [ -50.486602757478884, -21.619129023837516 ], [ -50.486613480100587, -21.619140777290514 ], [ -50.486625516902983, -21.619152937407119 ], [ -50.486638867886491, -21.619165504187027 ], [ -50.4866547735758, -21.619179420876719 ], [ -50.486673233971992, -21.619194687475424 ], [ -50.486694249076507, -21.619211303982418 ], [ -50.486717818890703, -21.61922927039662 ], [ -50.486743751187689, -21.619248832161713 ], [ -50.486772045969182, -21.619269989276511 ], [ -50.486802703237188, -21.619292741740015 ], [ -50.486835722993789, -21.619317089550808 ], [ -50.486868910991184, -21.619341214203416 ], [ -50.486902267229098, -21.619365115697708 ], [ -50.486935791707694, -21.619388794033608 ], [ -50.487002461685591, -21.619435098263622 ], [ -50.487034723483596, -21.619457341191616 ], [ -50.487097100693987, -21.619500008675612 ], [ -50.487128673888094, -21.619520817968507 ], [ -50.487160989402483, -21.619541405873804 ], [ -50.487194047237196, -21.619561772391201 ], [ -50.487227847392482, -21.619581917520009 ], [ -50.487259902810898, -21.619601654655316 ], [ -50.487290213491306, -21.619620983797894 ], [ -50.48731877943279, -21.619639904948901 ], [ -50.487345600634498, -21.6196584181092 ], [ -50.487372634758287, -21.619677602934001 ], [ -50.487399881804684, -21.61969745942331 ], [ -50.487427341774101, -21.619717987576998 ], [ -50.487455014666992, -21.619739187395101 ], [ -50.487482542470488, -21.619760834103094 ], [ -50.487509925185002, -21.61978292770122 ], [ -50.48753716281049, -21.619805468189515 ], [ -50.487564255347195, -21.61982845556799 ], [ -50.487589676242486, -21.619850654943598 ], [ -50.487613425495091, -21.619872066316894 ], [ -50.487635503103995, -21.619892689688701 ], [ -50.48765590906801, -21.619912525059711 ], [ -50.487673818081483, -21.61992819245809 ], [ -50.487689230141996, -21.619939691884799 ], [ -50.487702145247688, -21.619947023340394 ], [ -50.48771256339699, -21.619950186825601 ], [ -50.487724538877792, -21.619952639360601 ], [ -50.48773807168979, -21.619954380945206 ], [ -50.487753161832984, -21.619955411578985 ], [ -50.487769809307196, -21.619955731261591 ], [ -50.487786171158092, -21.619955647455196 ], [ -50.48780224738541, -21.619955160159989 ], [ -50.487818037989086, -21.619954269376095 ], [ -50.48785012443399, -21.619951661777506 ], [ -50.487867782383901, -21.619950329397902 ], [ -50.487906327738401, -21.619947607476398 ], [ -50.487960735296596, -21.619944039703 ], [ -50.488034857144498, -21.619939369516 ], [ -50.488076297933389, -21.619936343329599 ], [ -50.48811965430059, -21.6199327638518 ], [ -50.488164926245396, -21.619928631081393 ], [ -50.488212113767283, -21.619923945016595 ], [ -50.488256191196086, -21.619919383570402 ], [ -50.488297158532085, -21.6199149467454 ], [ -50.488335015775483, -21.619910634543796 ], [ -50.488369762926887, -21.619906446967796 ], [ -50.4884110412181, -21.61990201107119 ], [ -50.488458850648591, -21.619897326849301 ], [ -50.488513191217493, -21.619892394296301 ], [ -50.488574062923995, -21.619887213405704 ], [ -50.48862395150919, -21.619883072340208 ], [ -50.488662856974805, -21.619879971109704 ], [ -50.488690779322184, -21.619877909721794 ], [ -50.488707718552291, -21.619876888182205 ], [ -50.488732745539991, -21.619875108657496 ], [ -50.488765860284794, -21.619872571144302 ], [ -50.488807062785796, -21.619869275637509 ], [ -50.488856353041896, -21.619865222131185 ], [ -50.488901074078591, -21.619861288770096 ], [ -50.48894122589639, -21.619857475557794 ], [ -50.488976808495586, -21.619853782497788 ], [ -50.489143600964688, -21.619834611909702 ], [ -50.489177965670599, -21.619830333520902 ], [ -50.489210991476092, -21.619825872075907 ], [ -50.489242678381103, -21.619821227575503 ], [ -50.489300358488592, -21.619812122375297 ], [ -50.489324674690494, -21.619808394641698 ], [ -50.489345974991586, -21.619805216821099 ], [ -50.489364259392602, -21.619802588914496 ], [ -50.489383382568192, -21.619799516239503 ], [ -50.489403344518188, -21.619795998795809 ], [ -50.489424145242388, -21.6197920365831 ], [ -50.489445784740489, -21.619787629601092 ], [ -50.489470370652889, -21.619782023838606 ], [ -50.48949790297889, -21.619775219294503 ], [ -50.489528381717292, -21.619767215967109 ], [ -50.489783619769099, -21.619696871891414 ], [ -50.48984747739879, -21.619679196489802 ], [ -50.489960755376686, -21.619647626107 ], [ -50.490010175730788, -21.619633731135703 ], [ -50.490055238774488, -21.619620918776004 ], [ -50.490095944509896, -21.619609189031504 ], [ -50.490132292938895, -21.619598541905305 ], [ -50.490164284063184, -21.619588977400412 ], [ -50.490193619661284, -21.619579516584103 ], [ -50.490220299733792, -21.619570159457904 ], [ -50.490244324281086, -21.6195609060231 ], [ -50.490265693303684, -21.619551756280718 ], [ -50.490285341645794, -21.619542153919916 ], [ -50.490303269307283, -21.619532098941203 ], [ -50.490319476288491, -21.619521591345205 ], [ -50.490333962589588, -21.6195106311324 ], [ -50.490345982219893, -21.619500490941402 ], [ -50.490355535179987, -21.619491170772598 ], [ -50.490362621470588, -21.61948267062661 ], [ -50.490367241092088, -21.619474990503704 ], [ -50.490371073467394, -21.619466704056606 ], [ -50.490374118596499, -21.619457811285507 ], [ -50.490376376479389, -21.619448312190411 ], [ -50.490377847116385, -21.619438206771225 ], [ -50.490378518840792, -21.619428576523219 ], [ -50.490378391652996, -21.619419421446104 ], [ -50.490377465553088, -21.6194107415402 ], [ -50.49037574054109, -21.619402536805207 ], [ -50.490372529546995, -21.619392835467927 ], [ -50.490367832571195, -21.619381637528011 ], [ -50.490361649614186, -21.61936894298541 ], [ -50.490346898231586, -21.619341599288319 ], [ -50.490329169850298, -21.619308373195114 ], [ -50.490315144831001, -21.619283279068611 ], [ -50.490292417769702, -21.619243127583811 ], [ -50.490220857582493, -21.619117652524722 ], [ -50.490180571710383, -21.619050606689115 ], [ -50.4901401310617, -21.61898678123082 ], [ -50.490099535633995, -21.618926176149618 ], [ -50.490058785424893, -21.618868791445419 ], [ -50.490023591101185, -21.618823233593623 ], [ -50.489993952649392, -21.618789502597625 ], [ -50.489969870058289, -21.618767598460227 ], [ -50.489951343319689, -21.618757521184019 ], [ -50.489927944602186, -21.618745236988126 ], [ -50.489899673908091, -21.618730745870632 ], [ -50.489866531240196, -21.618714047829023 ], [ -50.489828516601797, -21.618695142860528 ], [ -50.489795331446999, -21.618676923712329 ], [ -50.489766975773492, -21.618659390387215 ], [ -50.489743449579187, -21.618642542887727 ], [ -50.489724752861889, -21.618626381215837 ], [ -50.489707919391691, -21.618610941005937 ], [ -50.489692949167392, -21.618596222258532 ], [ -50.489679842188494, -21.618582224974244 ], [ -50.489668598454195, -21.618568949153328 ], [ -50.489658665764594, -21.618556974646332 ], [ -50.489650044119195, -21.618546301453133 ], [ -50.489642733517385, -21.61853692957424 ], [ -50.48963673395879, -21.618528859009729 ], [ -50.489629524769107, -21.618517854643631 ], [ -50.489621105948885, -21.61850391647593 ], [ -50.489611477499196, -21.618487044506338 ], [ -50.489600639420793, -21.618467238734731 ], [ -50.489590993022496, -21.618448666809826 ], [ -50.489582538303594, -21.618431328731937 ], [ -50.489575275263292, -21.618415224501039 ], [ -50.489569203901283, -21.618400354117334 ], [ -50.489564242433893, -21.618382758354631 ], [ -50.489560390861094, -21.618362437212845 ], [ -50.489557649182586, -21.618339390692036 ], [ -50.489556017397888, -21.618313618792243 ], [ -50.4895530375709, -21.618263015281329 ], [ -50.489550436066693, -21.618213665488437 ], [ -50.489548957433691, -21.618191964869439 ], [ -50.489547253629702, -21.618173081812934 ], [ -50.489545324654699, -21.618157016319145 ], [ -50.489543170508504, -21.618143768388034 ], [ -50.489539976373187, -21.618126960896852 ], [ -50.489535742249295, -21.618106593845738 ], [ -50.489530468137389, -21.618082667234447 ], [ -50.489524154038591, -21.618055181062836 ], [ -50.489517092145682, -21.618029481963241 ], [ -50.489509282459089, -21.618005569935448 ], [ -50.48950072497869, -21.617983444979451 ], [ -50.489491419704692, -21.617963107095164 ], [ -50.489481559094884, -21.617944243733739 ], [ -50.489471143149295, -21.617926854895341 ], [ -50.489460171867584, -21.617910940579744 ], [ -50.489448645249908, -21.617896500786948 ], [ -50.489436780772991, -21.617882909905642 ], [ -50.489424578436896, -21.617870167935951 ], [ -50.489412038241291, -21.617858274877648 ], [ -50.489399160186196, -21.617847230730753 ], [ -50.489387040262784, -21.617838269050239 ], [ -50.489375678470296, -21.617831389836237 ], [ -50.489365074808283, -21.617826593088953 ], [ -50.489355229276093, -21.617823878808544 ], [ -50.489343106101011, -21.617822656129448 ], [ -50.489328705282695, -21.617822925051151 ], [ -50.489312026820883, -21.617824685573147 ], [ -50.489293070714801, -21.617827937694749 ], [ -50.489270329309392, -21.617832878089143 ], [ -50.489243802603596, -21.617839506754645 ], [ -50.489213490595894, -21.617847823689655 ], [ -50.489179393284587, -21.617857828891747 ], [ -50.489142082936084, -21.617870038559843 ], [ -50.489101559547684, -21.617884452691452 ], [ -50.489057823116795, -21.617901071284241 ], [ -50.489010873640183, -21.617919894335746 ], [ -50.488958700828285, -21.617941206438047 ], [ -50.488901304675998, -21.617965007586157 ], [ -50.488838685178088, -21.617991297774545 ], [ -50.488770842328591, -21.618020076997247 ], [ -50.488703168700283, -21.618048342268747 ], [ -50.488635664294094, -21.618076093589536 ], [ -50.488568329110784, -21.618103330959535 ], [ -50.488501163151184, -21.618130054379247 ], [ -50.488429468211088, -21.618159067650652 ], [ -50.488353244284589, -21.618190370767834 ], [ -50.488272491365286, -21.618223963724336 ], [ -50.488187209446195, -21.618259846513435 ], [ -50.488034756787783, -21.618323749762236 ], [ -50.487906452420887, -21.618377169960439 ], [ -50.487844073819495, -21.618402878964535 ], [ -50.487780450258995, -21.618428897249732 ], [ -50.487715581738385, -21.618455224814443 ], [ -50.487649468256691, -21.618481861657234 ], [ -50.487584601896593, -21.618507562898134 ], [ -50.487520982660094, -21.618532328538542 ], [ -50.487458610548792, -21.618556158580031 ], [ -50.487397485564692, -21.618579053023922 ], [ -50.487333964942486, -21.618602968946234 ], [ -50.487268048679788, -21.618627906344024 ], [ -50.487199736773796, -21.618653865214441 ], [ -50.487129029222096, -21.618680845554433 ], [ -50.487060715847484, -21.618707206969727 ], [ -50.486994796651885, -21.618732949463425 ], [ -50.486931271637488, -21.618758073038236 ], [ -50.486870140806396, -21.618782577697125 ], [ -50.486817302470385, -21.618804119241524 ], [ -50.486772756636192, -21.61882269767943 ], [ -50.486736503309785, -21.618838313017825 ], [ -50.486708542495791, -21.61885096526213 ], [ -50.486685816063385, -21.618861581235031 ], [ -50.486668324014893, -21.618870160938727 ], [ -50.486656066351685, -21.618876704375026 ], [ -50.486649043074991, -21.618881211544824 ], [ -50.486640969006295, -21.618886842334121 ], [ -50.486631844145087, -21.618893596742637 ], [ -50.486621668491189, -21.61890147477013 ], [ -50.486610442043983, -21.618910476416541 ], [ -50.486600292388893, -21.618919369550728 ], [ -50.486591219526083, -21.618928154173126 ], [ -50.486583223455803, -21.618936830283818 ], [ -50.486576304178094, -21.618945397882911 ], [ -50.48657038874881, -21.618954192251714 ], [ -50.486565477167886, -21.618963213390312 ], [ -50.486561569435793, -21.618972461298732 ], [ -50.486558665552387, -21.618981935977025 ], [ -50.48655681185749, -21.618992062543018 ], [ -50.486556008351094, -21.619002840996821 ] ] ] } },
{ "type": "Feature", "properties": { "CHAVE": "3000441", "FAZENDA": "300044", "NOME_FAZ": "SITIO SAO FRANCISCO II", "ZONA": 1.0, "TALHAO": 1.0, "AREA_TOTAL": 6.0958613414424017, "TIPO_GEO": "TALHAO", "DATA_INICI": null, "DATA_FINAL": null, "HORA_INICI": null, "HORA_FINAL": null, "CLASSE": null, "PILOTO": null, "AERONAVE": null, "AREA_HA": null }, "geometry": { "type": "Polygon", "coordinates": [ [ [ -50.48587790328849, -21.623890926897708 ], [ -50.485886107861184, -21.623870732435403 ], [ -50.485893692231492, -21.623850043979495 ], [ -50.485900656399693, -21.623828861530093 ], [ -50.485907000365884, -21.623807185087298 ], [ -50.485912724130287, -21.623785014651112 ], [ -50.48591878048979, -21.623763493887907 ], [ -50.485925169444293, -21.623742622797696 ], [ -50.485931890993889, -21.623722401380508 ], [ -50.485938945138486, -21.623702829636208 ], [ -50.48594597116859, -21.623684443259208 ], [ -50.485952969084387, -21.623667242249709 ], [ -50.485959938886097, -21.623651226607613 ], [ -50.48596688057399, -21.623636396333008 ], [ -50.485974852512996, -21.623621099534404 ], [ -50.485983854702695, -21.623605336211813 ], [ -50.48599388714279, -21.623589106364904 ], [ -50.48600494983279, -21.62357240999351 ], [ -50.486018868971691, -21.623552926567111 ], [ -50.486035644557589, -21.623530656085009 ], [ -50.486055276588296, -21.623505598546011 ], [ -50.486077765060983, -21.62347775394932 ], [ -50.486100732255586, -21.623449821360513 ], [ -50.486124178171593, -21.623421800779507 ], [ -50.486148102808883, -21.623393692206015 ], [ -50.486172506167087, -21.623365495639916 ], [ -50.48619882143209, -21.623337797053324 ], [ -50.486227048603283, -21.623310596445318 ], [ -50.48625718767989, -21.623283893814811 ], [ -50.486289238660994, -21.623257689161012 ], [ -50.486320017409099, -21.623232733126414 ], [ -50.48634952392549, -21.623209025712026 ], [ -50.486377758211688, -21.623186566918424 ], [ -50.486404720268894, -21.623165356746224 ], [ -50.486431871392085, -21.623144795798616 ], [ -50.486459211581789, -21.62312488407532 ], [ -50.486486740838089, -21.623105621576315 ], [ -50.486514459161491, -21.623087008301624 ], [ -50.486543326221899, -21.623068241999817 ], [ -50.486573342018993, -21.623049322670337 ], [ -50.486604506552283, -21.623030250312311 ], [ -50.486636819821086, -21.623011024925418 ], [ -50.486671912298085, -21.622990555555521 ], [ -50.486709783981382, -21.622968842201026 ], [ -50.48675043486859, -21.62294588485992 ], [ -50.48679386495759, -21.622921683530116 ], [ -50.486836313497193, -21.622897702830233 ], [ -50.486877780488093, -21.622873942760936 ], [ -50.486918265930896, -21.622850403323127 ], [ -50.486957769826383, -21.622827084517535 ], [ -50.486997632676193, -21.622803722075627 ], [ -50.487037854480391, -21.622780315996927 ], [ -50.487078435238487, -21.622756866281431 ], [ -50.487119374950503, -21.622733372928632 ], [ -50.487158276743799, -21.622711192937729 ], [ -50.487195140620386, -21.622690326310234 ], [ -50.487229966582198, -21.622670773047428 ], [ -50.487262754630891, -21.622652533150617 ], [ -50.487294612766085, -21.622633440431233 ], [ -50.487325540987591, -21.622613494889535 ], [ -50.487355539295294, -21.622592696526137 ], [ -50.487384607688895, -21.622571045341534 ], [ -50.487411252210585, -21.62255162338753 ], [ -50.487435472862288, -21.62253443066523 ], [ -50.487457269646193, -21.622519467175838 ], [ -50.487476642563884, -21.622506732920332 ], [ -50.487497290600686, -21.622491922454433 ], [ -50.487519213755199, -21.622475035777533 ], [ -50.487542412025995, -21.622456072889037 ], [ -50.487566885411695, -21.622435033788548 ], [ -50.487592872800796, -21.622412008679742 ], [ -50.487620374191486, -21.622386997561925 ], [ -50.487649389581897, -21.622360000434238 ], [ -50.48767991896991, -21.622331017295942 ], [ -50.487705673895192, -21.622306067883752 ], [ -50.48772665436239, -21.622285152199943 ], [ -50.487742860375192, -21.622268270246437 ], [ -50.487754291936696, -21.622255422024836 ], [ -50.487766494075096, -21.622241122316034 ], [ -50.487779466789689, -21.62222537111974 ], [ -50.487793210079992, -21.62220816843594 ], [ -50.487807723945089, -21.622189514264221 ], [ -50.487820220052782, -21.622173247153746 ], [ -50.487830698404188, -21.622159367104846 ], [ -50.487839159000394, -21.622147874118053 ], [ -50.487845601842487, -21.622138768193643 ], [ -50.487852191752289, -21.622128656203458 ], [ -50.487858928729693, -21.622117538147233 ], [ -50.487865812774494, -21.622105414025256 ], [ -50.487872843886493, -21.622092283837144 ], [ -50.487880914529583, -21.622076047826361 ], [ -50.487890024702985, -21.622056705992446 ], [ -50.487900174405596, -21.622034258335358 ], [ -50.487911363636286, -21.62200870485476 ], [ -50.487922313579396, -21.621983173003446 ], [ -50.487933024234984, -21.621957662781451 ], [ -50.487943495603396, -21.621932174188945 ], [ -50.487953727684484, -21.621906707225843 ], [ -50.48796273682521, -21.621882086445353 ], [ -50.487970523025986, -21.621858311847653 ], [ -50.487977086287884, -21.621835383432959 ], [ -50.487982426611495, -21.62181330120135 ], [ -50.487987043727486, -21.621792804805452 ], [ -50.48799093763629, -21.621773894245248 ], [ -50.487994108338391, -21.621756569520755 ], [ -50.487996555834094, -21.621740830632145 ], [ -50.487998485822793, -21.621722607404262 ], [ -50.487999898304395, -21.62170189983685 ], [ -50.488000793279092, -21.621678707930158 ], [ -50.488001170747083, -21.621653031684147 ], [ -50.488000642153288, -21.621626525066247 ], [ -50.487999207497985, -21.621599188076662 ], [ -50.487996866781984, -21.621571020715162 ], [ -50.487993620005703, -21.62154202298187 ], [ -50.487989715274395, -21.621509668160456 ], [ -50.487985152588685, -21.621473956250959 ], [ -50.487979931949283, -21.621434887253063 ], [ -50.487974053357192, -21.621392461166959 ], [ -50.487968296654387, -21.621349386810365 ], [ -50.487962661840797, -21.621305664183364 ], [ -50.487957148916593, -21.621261293285972 ], [ -50.487934841557895, -21.621074906807063 ], [ -50.487931991155904, -21.62104204078657 ], [ -50.487929822261187, -21.621005844169375 ], [ -50.487928334873395, -21.620966316955368 ], [ -50.487927528991989, -21.620923459144482 ], [ -50.48792709488589, -21.620883711502575 ], [ -50.487927032554893, -21.620847074029772 ], [ -50.487927341998791, -21.620813546726076 ], [ -50.4879280232174, -21.62078312959158 ], [ -50.487928614426096, -21.620751101749775 ], [ -50.487929115624993, -21.620717463200776 ], [ -50.487929526813993, -21.620682213944484 ], [ -50.487929847993207, -21.620645353980883 ], [ -50.487929604039486, -21.620612742022679 ], [ -50.487928794953284, -21.620584378069985 ], [ -50.487927420734991, -21.62056026212278 ], [ -50.487925481384693, -21.62054039418118 ], [ -50.48792218724649, -21.620518061688479 ], [ -50.487917538320993, -21.620493264644779 ], [ -50.487911534609189, -21.620466003049778 ], [ -50.487904176112096, -21.620436276903472 ], [ -50.487895837991886, -21.620406234600889 ], [ -50.487886520249091, -21.620375876141981 ], [ -50.487876222884395, -21.620345201526479 ], [ -50.487864945898586, -21.62031421075438 ], [ -50.487852302236192, -21.620284132822885 ], [ -50.487838291897589, -21.620254967731778 ], [ -50.487822914883594, -21.620226715480801 ], [ -50.487806171194592, -21.620199376069593 ], [ -50.487788802908291, -21.620172795213698 ], [ -50.487770810024593, -21.62014697291298 ], [ -50.487752192543795, -21.620121909167295 ], [ -50.487732950465791, -21.620097603976401 ], [ -50.487717277899783, -21.620078566043894 ], [ -50.487705174842894, -21.620064795370684 ], [ -50.4876966412927, -21.620056291957692 ], [ -50.487691677247696, -21.620053055805293 ], [ -50.487687284370793, -21.620050648994393 ], [ -50.487683462661991, -21.620049071525091 ], [ -50.487680212121091, -21.620048323397498 ], [ -50.487677532748094, -21.620048404611381 ], [ -50.48767365271749, -21.620049801784393 ], [ -50.487668572029094, -21.620052514916306 ], [ -50.4876622906826, -21.620056544006985 ], [ -50.487654808677895, -21.620061889056295 ], [ -50.487641516634795, -21.620073277684693 ], [ -50.487622414550493, -21.620090709890682 ], [ -50.487597502420293, -21.620114185672293 ], [ -50.487566780238389, -21.6201437050265 ], [ -50.487533703145495, -21.620176259041191 ], [ -50.487498271137895, -21.620211847714899 ], [ -50.487460484211709, -21.620250471045793 ], [ -50.487420342362491, -21.620292129032396 ], [ -50.487379313392395, -21.620334365818284 ], [ -50.487337397300301, -21.620377181402691 ], [ -50.487294594084695, -21.620420575784991 ], [ -50.487208581406087, -21.620507229059388 ], [ -50.487167627072083, -21.620548616070977 ], [ -50.487089822426086, -21.620627510848085 ], [ -50.487051241495493, -21.620667384188078 ], [ -50.487012297951992, -21.62070833001988 ], [ -50.48697299179419, -21.620750348343176 ], [ -50.486895286723488, -21.620834857468086 ], [ -50.486858882904492, -21.620874603275674 ], [ -50.486790972711987, -21.620949077386875 ], [ -50.486756584457993, -21.620987040024577 ], [ -50.486720946802386, -21.621026564493867 ], [ -50.486684059742991, -21.621067650793876 ], [ -50.486521234603188, -21.62124988713137 ], [ -50.48649277752331, -21.621281359205469 ], [ -50.486462856943888, -21.621314056944062 ], [ -50.486431472863302, -21.621347980346464 ], [ -50.486398625279683, -21.621383129411662 ], [ -50.486365920175189, -21.621418569681971 ], [ -50.486333357549796, -21.621454301157563 ], [ -50.486300937403293, -21.62149032383855 ], [ -50.4862686597356, -21.621526637724966 ], [ -50.486237317713694, -21.621562171647653 ], [ -50.48620691133879, -21.621596925607349 ], [ -50.486177440611989, -21.621630899604455 ], [ -50.486148905534385, -21.621664093639662 ], [ -50.486119604120596, -21.621697531339162 ], [ -50.486089536369896, -21.621731212702652 ], [ -50.48605870228149, -21.621765137729742 ], [ -50.486027101854887, -21.621799306419941 ], [ -50.485994201169191, -21.621835886728668 ], [ -50.485960000221787, -21.621874878655046 ], [ -50.48592449900989, -21.621916282198246 ], [ -50.485887697530593, -21.621960097357242 ], [ -50.485852820265997, -21.622000921269155 ], [ -50.485819867219689, -21.622038753935247 ], [ -50.485788838395486, -21.622073595356749 ], [ -50.485759733796492, -21.622105445534849 ], [ -50.485701595609484, -21.622169347398156 ], [ -50.485672562021485, -21.622201399083341 ], [ -50.485616030863696, -21.62226405332914 ], [ -50.485565454423792, -21.622320373728051 ], [ -50.485542399227384, -21.622346158736647 ], [ -50.485500466655594, -21.622393312990042 ], [ -50.485464104520503, -21.62243457956184 ], [ -50.485445726222885, -21.622456867397535 ], [ -50.485426454388588, -21.622481545742641 ], [ -50.485406289016197, -21.622508614596843 ], [ -50.485385230104285, -21.622538073959728 ], [ -50.485361962811794, -21.622569696090743 ], [ -50.485336487136394, -21.622603480989028 ], [ -50.485308803075284, -21.622639428653429 ], [ -50.485278910625595, -21.622677539082833 ], [ -50.485248750915602, -21.622716811766725 ], [ -50.485218323944395, -21.622757246704928 ], [ -50.485187629710992, -21.622798843897328 ], [ -50.485156668214394, -21.622841603343627 ], [ -50.48512967094829, -21.622879476670128 ], [ -50.48510663791879, -21.622912463878922 ], [ -50.485087569130791, -21.622940564971834 ], [ -50.485072464588583, -21.622963779950325 ], [ -50.485057358932387, -21.622987308062825 ], [ -50.48504225216211, -21.623011149309324 ], [ -50.485027144277588, -21.623035303689822 ], [ -50.485012035278686, -21.623059771204233 ], [ -50.484999592321586, -21.623081182685915 ], [ -50.484989815407985, -21.623099538135527 ], [ -50.484982704539789, -21.623114837553519 ], [ -50.484978259718098, -21.623127080940318 ], [ -50.484973761903994, -21.623140778022318 ], [ -50.484969211097187, -21.623155928799424 ], [ -50.484964607297499, -21.623172533271731 ], [ -50.484959950504901, -21.623190591439123 ], [ -50.48495555818549, -21.623208270185422 ], [ -50.4849514303394, -21.623225569510517 ], [ -50.484947566966895, -21.623242489414512 ], [ -50.484943968067896, -21.623259029897504 ], [ -50.484941674451392, -21.623273775130517 ], [ -50.484940686117596, -21.623286725113715 ], [ -50.484941003067092, -21.623297879847225 ], [ -50.484942625300192, -21.623307239330821 ], [ -50.484968855618902, -21.623348154173215 ], [ -50.485019694060895, -21.623420624362819 ], [ -50.485095140695293, -21.623524649877812 ], [ -50.485280140778585, -21.623775277683198 ], [ -50.485349976089296, -21.623869790893806 ], [ -50.485444316955892, -21.623997216023401 ], [ -50.485476156649895, -21.624037552906 ], [ -50.485500220564184, -21.624064780988011 ], [ -50.485516508687994, -21.624078900272504 ], [ -50.485525021014702, -21.624079910761903 ], [ -50.485537584111889, -21.624078629976196 ], [ -50.485554197978892, -21.624075057914503 ], [ -50.485574862614691, -21.624069194575501 ], [ -50.48559957801789, -21.624061039957699 ], [ -50.485630261597585, -21.624050183543591 ], [ -50.485666913350684, -21.624036625329698 ], [ -50.485709533273798, -21.624020365312205 ], [ -50.485758121362394, -21.624001403486208 ], [ -50.485794944453595, -21.623986738603698 ], [ -50.485820002554199, -21.623976370672608 ], [ -50.485833295668584, -21.623970299698396 ], [ -50.485844563085493, -21.623956940862698 ], [ -50.48584783253019, -21.623952365723294 ], [ -50.485851392584095, -21.623946784964293 ], [ -50.485855243246796, -21.6239401985858 ], [ -50.485859384518392, -21.623932606587594 ], [ -50.485864541616294, -21.623921863973706 ], [ -50.485870714539885, -21.623907970743698 ], [ -50.48587790328849, -21.623890926897708 ] ] ] } },
{ "type": "Feature", "properties": { "CHAVE": "3025424", "FAZENDA": "302542", "NOME_FAZ": "SITIO ONDINA", "ZONA": 1.0, "TALHAO": 4.0, "AREA_TOTAL": 2.3045260074645748, "TIPO_GEO": "TALHAO", "DATA_INICI": null, "DATA_FINAL": null, "HORA_INICI": null, "HORA_FINAL": null, "CLASSE": null, "PILOTO": null, "AERONAVE": null, "AREA_HA": null }, "geometry": { "type": "Polygon", "coordinates": [ [ [ -50.487889418361014, -21.618204495332773 ], [ -50.487894082789843, -21.61820652312818 ], [ -50.487898990007281, -21.618208175752592 ], [ -50.487905374989417, -21.618209791130894 ], [ -50.487911930572217, -21.618210998416796 ], [ -50.487919866730856, -21.618212036985092 ], [ -50.487926472183283, -21.618212576343257 ], [ -50.487933048683971, -21.618212778797606 ], [ -50.487939576781862, -21.618212605207081 ], [ -50.4879460370259, -21.618212016430615 ], [ -50.487951143295248, -21.618211220172746 ], [ -50.487954930338681, -21.618210420108127 ], [ -50.487959920927864, -21.618209089222457 ], [ -50.487971001399679, -21.618205433172417 ], [ -50.4879826145335, -21.618199784147208 ], [ -50.487995307389475, -21.618193197742638 ], [ -50.488007624354019, -21.618185700218135 ], [ -50.488036187399857, -21.618166350249261 ], [ -50.488046781348423, -21.618157079513303 ], [ -50.488061634907666, -21.618143732258755 ], [ -50.488071828057159, -21.618133228038403 ], [ -50.488107132990528, -21.618095422328874 ], [ -50.488118434734794, -21.618083818192712 ], [ -50.488133453282551, -21.618069447976673 ], [ -50.488145588493381, -21.618058194897117 ], [ -50.488159276597855, -21.618048003989074 ], [ -50.488177889494935, -21.618036030001679 ], [ -50.488192916369982, -21.618028325101804 ], [ -50.488207551550104, -21.618022287414622 ], [ -50.488227759630242, -21.618015772325631 ], [ -50.488242572745449, -21.618012828889285 ], [ -50.488258570462818, -21.618010136853751 ], [ -50.488277010261442, -21.618011200976611 ], [ -50.488291152980686, -21.618011341114173 ], [ -50.488305874902444, -21.618015311385481 ], [ -50.488320730910438, -21.618021755223879 ], [ -50.488332117721349, -21.618027487646508 ], [ -50.488341838572936, -21.618033676398547 ], [ -50.488353163112976, -21.61804011864696 ], [ -50.488361339023115, -21.618044557626032 ], [ -50.48836918459493, -21.618047573488951 ], [ -50.488380037354233, -21.618050586619578 ], [ -50.488389042860597, -21.618051164329771 ], [ -50.488398009592423, -21.618051479593735 ], [ -50.488409031007549, -21.618050110213009 ], [ -50.488414627497136, -21.618047655044315 ], [ -50.488421874864898, -21.618042760276879 ], [ -50.488432074224882, -21.618034089293207 ], [ -50.488439263958519, -21.618025977895904 ], [ -50.488445918299661, -21.618016858268227 ], [ -50.488453995938627, -21.618003841078238 ], [ -50.488459416446851, -21.617993799811178 ], [ -50.488464385849596, -21.617983359838277 ], [ -50.488471917494351, -21.617968647116971 ], [ -50.488478009385403, -21.617958256687025 ], [ -50.488483864063106, -21.617947481723846 ], [ -50.488492408811261, -21.61793287741185 ], [ -50.48850588881097, -21.617911333267575 ], [ -50.48851540731976, -21.617896581254548 ], [ -50.48852388054631, -21.617885326414672 ], [ -50.488533216362207, -21.617875240217945 ], [ -50.488545520951106, -21.617863797752346 ], [ -50.488557152082564, -21.617854677402999 ], [ -50.488571549764188, -21.617848548503172 ], [ -50.48858934834265, -21.61784286023736 ], [ -50.488603641465332, -21.617840915190097 ], [ -50.488618927830686, -21.617840148481694 ], [ -50.488638928021118, -21.617843536794719 ], [ -50.488653021394427, -21.617849334476535 ], [ -50.488665675084334, -21.617856396560569 ], [ -50.488678040164956, -21.617866755171853 ], [ -50.488686382375427, -21.617872976324428 ], [ -50.48869327979871, -21.617879080313017 ], [ -50.488702346922651, -21.617884263863441 ], [ -50.488710122056517, -21.617886888203916 ], [ -50.488718729960219, -21.61788880628206 ], [ -50.488730724364473, -21.617889718363891 ], [ -50.488739293470289, -21.617888823421026 ], [ -50.488748306522794, -21.617887010348944 ], [ -50.488759590760722, -21.617883248355955 ], [ -50.488767683500896, -21.617880083609602 ], [ -50.488776246860226, -21.617876093510436 ], [ -50.488789208393086, -21.617870563213078 ], [ -50.488797382409693, -21.617867800821184 ], [ -50.488803948028796, -21.617864493304555 ], [ -50.488815784488573, -21.61785967741827 ], [ -50.488823463150474, -21.617857821565433 ], [ -50.488844248067089, -21.617849544308747 ], [ -50.488853517989845, -21.617847603379232 ], [ -50.488860461343926, -21.617844633649071 ], [ -50.488874181921958, -21.617839640430475 ], [ -50.488882914228583, -21.617837253987663 ], [ -50.488892405186618, -21.617833059307483 ], [ -50.488907378248463, -21.617828983681402 ], [ -50.488942094962326, -21.617816436444471 ], [ -50.488953929387733, -21.617812599315609 ], [ -50.488966520628964, -21.617807838754125 ], [ -50.488985717179858, -21.617800902626382 ], [ -50.488999766550833, -21.617795577281825 ], [ -50.489036439388023, -21.617781098610262 ], [ -50.489052442749781, -21.617774474583719 ], [ -50.489068172809382, -21.617767693673972 ], [ -50.489103225855814, -21.617751784858594 ], [ -50.489116149031766, -21.61774638074532 ], [ -50.489131105092987, -21.617738771503817 ], [ -50.489164544925281, -21.617724791308028 ], [ -50.48917436387741, -21.617720188721943 ], [ -50.489187119878729, -21.617715031600323 ], [ -50.489202298385585, -21.617708158266691 ], [ -50.489214101996645, -21.617703573986624 ], [ -50.489225959034236, -21.61769840960368 ], [ -50.489240881236071, -21.617692711972285 ], [ -50.489251324540383, -21.617688137697229 ], [ -50.489261483512671, -21.617683987987927 ], [ -50.489274691814941, -21.617677903035634 ], [ -50.489294834724525, -21.617667765464439 ], [ -50.489307325309099, -21.617660744304775 ], [ -50.489315058642319, -21.617655310639421 ], [ -50.489322288730499, -21.61764896606276 ], [ -50.4893302354957, -21.61763819694335 ], [ -50.489334695557204, -21.61762919162269 ], [ -50.489337277535128, -21.6176193322692 ], [ -50.489337663082033, -21.617603569146958 ], [ -50.489336831117512, -21.617591893562409 ], [ -50.489333212684208, -21.617579842741122 ], [ -50.489326072465857, -21.617561727657858 ], [ -50.489319678253494, -21.617547287730922 ], [ -50.489303443962342, -21.617511606990476 ], [ -50.489295191306539, -21.617495795110703 ], [ -50.489286734953694, -21.617480228669432 ], [ -50.489265976600826, -21.617443446263145 ], [ -50.489235239489162, -21.617391067503977 ], [ -50.489225689780149, -21.617375457245917 ], [ -50.489213238965888, -21.617354360958586 ], [ -50.489203792093122, -21.617338985216833 ], [ -50.489193887112847, -21.617323379824619 ], [ -50.489181155671197, -21.617302506676445 ], [ -50.489161207516844, -21.617271462221446 ], [ -50.489148785342778, -21.617251495121295 ], [ -50.489139457660265, -21.617238006898141 ], [ -50.48911795030557, -21.617205220616853 ], [ -50.489108947862945, -21.617191156646754 ], [ -50.489099071535023, -21.617176878718173 ], [ -50.489086901812676, -21.617157433576946 ], [ -50.489077447600799, -21.617143995013478 ], [ -50.489067968592892, -21.617129336150832 ], [ -50.489055160920394, -21.617110138700987 ], [ -50.489045799798447, -21.617095293061379 ], [ -50.489013022423059, -21.617046590737299 ], [ -50.488990419995197, -21.617011975687571 ], [ -50.488980614096853, -21.616997463189424 ], [ -50.488970251087594, -21.616983141887985 ], [ -50.488935706422751, -21.616933662052752 ], [ -50.488922804554015, -21.61691240781165 ], [ -50.488913886526376, -21.616896892963627 ], [ -50.48890621933846, -21.616880201601504 ], [ -50.488892243649715, -21.616846247835731 ], [ -50.488881936135165, -21.616814842942095 ], [ -50.488877810308104, -21.616801108111243 ], [ -50.488873319745849, -21.616787924813085 ], [ -50.488866182119907, -21.61676861623684 ], [ -50.488860140720163, -21.616753540343289 ], [ -50.488853623615448, -21.616738723467503 ], [ -50.488842891670615, -21.616720223412418 ], [ -50.488824479259137, -21.616692281109366 ], [ -50.488810178956335, -21.616675406854235 ], [ -50.488762839351743, -21.616620575026154 ], [ -50.488753780241233, -21.616608689990066 ], [ -50.488741344664554, -21.616594257597104 ], [ -50.488732573486438, -21.616582449982559 ], [ -50.488711034208549, -21.61655477945985 ], [ -50.488702291214608, -21.616542275006765 ], [ -50.48869328194376, -21.616530983879585 ], [ -50.488679864159387, -21.616515551990052 ], [ -50.488669766673304, -21.616505206860943 ], [ -50.488657898128309, -21.616497272897707 ], [ -50.48863824737083, -21.616488026763442 ], [ -50.488623392002637, -21.616483157827485 ], [ -50.488609164992901, -21.616481110861706 ], [ -50.488588090897281, -21.616483164403771 ], [ -50.488571389061363, -21.61648831658076 ], [ -50.488554541404476, -21.616494613736297 ], [ -50.488514146592721, -21.616513146034713 ], [ -50.488473830188958, -21.616532787361241 ], [ -50.48837947848731, -21.616579780376803 ], [ -50.488336859562864, -21.616599879763079 ], [ -50.48829460382882, -21.616618905544644 ], [ -50.488234852765551, -21.616645386144967 ], [ -50.488217033665983, -21.616653653212069 ], [ -50.488198404946068, -21.616661414375852 ], [ -50.4881760918175, -21.616671002178109 ], [ -50.488119449865167, -21.616698705231112 ], [ -50.488101909944419, -21.616705767537933 ], [ -50.488085545054012, -21.616713368335869 ], [ -50.488065521692256, -21.616723508005169 ], [ -50.488010398645287, -21.616753923390522 ], [ -50.487991473843053, -21.61676383456464 ], [ -50.487972177065863, -21.616773096092516 ], [ -50.487946861158029, -21.616784501251068 ], [ -50.487927790086978, -21.616793405042714 ], [ -50.48790789371062, -21.616802051041308 ], [ -50.487881911591394, -21.616813986781089 ], [ -50.487862021140693, -21.616822481713534 ], [ -50.487816022744937, -21.616843227300663 ], [ -50.487795698671739, -21.616851928922024 ], [ -50.487775776640639, -21.616861500185713 ], [ -50.487748880366873, -21.616873932537477 ], [ -50.487730147243873, -21.616882812100851 ], [ -50.487712269395111, -21.616892693574393 ], [ -50.487689487878804, -21.616903811330797 ], [ -50.487672003151943, -21.616912841290681 ], [ -50.487653091004368, -21.616920990920026 ], [ -50.487629309804298, -21.616932196984632 ], [ -50.487593369347088, -21.616948207403095 ], [ -50.487569139091981, -21.616959377722285 ], [ -50.487550473076865, -21.616967243351358 ], [ -50.487532750691983, -21.616975476674718 ], [ -50.487508288421758, -21.616986569608386 ], [ -50.487471092102155, -21.617003042083624 ], [ -50.487445877006429, -21.617013047497569 ], [ -50.48742888251234, -21.617020110331254 ], [ -50.487413151612756, -21.617027867316501 ], [ -50.487392218526601, -21.61703964907673 ], [ -50.487379372311018, -21.617048965590801 ], [ -50.487352275458655, -21.617072582536032 ], [ -50.487346572504457, -21.6170872986707 ], [ -50.487342316567393, -21.617101891135825 ], [ -50.487342661268919, -21.617122017720231 ], [ -50.487346510353554, -21.61713744597095 ], [ -50.487352870578306, -21.617153708175753 ], [ -50.487362008711365, -21.617173371802345 ], [ -50.487369168216226, -21.617186384197741 ], [ -50.487374619048943, -21.617199113136635 ], [ -50.48738453341447, -21.617215765635851 ], [ -50.487390515739342, -21.617229497467136 ], [ -50.487398283566414, -21.617243079372471 ], [ -50.487422960207709, -21.617287858046552 ], [ -50.487431392322129, -21.617305461118466 ], [ -50.487437735202704, -21.617319733997373 ], [ -50.487513472897113, -21.617453035213195 ], [ -50.487522312453166, -21.617469967563917 ], [ -50.487531478145321, -21.617491823100082 ], [ -50.487538822661222, -21.617508142322297 ], [ -50.487545144946509, -21.617524363118438 ], [ -50.487554191643746, -21.617545342365819 ], [ -50.487561573856148, -21.617561195633932 ], [ -50.487568346333447, -21.617577414633057 ], [ -50.487577832108592, -21.61759865085692 ], [ -50.487584006168916, -21.617614096639052 ], [ -50.487590786449722, -21.617628639260232 ], [ -50.487598839004541, -21.617648486719631 ], [ -50.48761297735949, -21.617678061725112 ], [ -50.487623739725692, -21.617699146042295 ], [ -50.487632032921162, -21.617716799971767 ], [ -50.487641407897499, -21.617734580878349 ], [ -50.487671762845508, -21.617795698658878 ], [ -50.487683891960344, -21.617819585799673 ], [ -50.487715339204975, -21.61787962445727 ], [ -50.487724759928078, -21.617897910411635 ], [ -50.487761911179575, -21.617976660521343 ], [ -50.487790689171362, -21.618036171551555 ], [ -50.487802551388647, -21.618059728771939 ], [ -50.487811371807155, -21.618077670917316 ], [ -50.487836642223407, -21.61813149895135 ], [ -50.487853497828027, -21.618161506220229 ], [ -50.487860573968845, -21.618173512732316 ], [ -50.487865365562428, -21.618181123933972 ], [ -50.487869035408423, -21.618186366870894 ], [ -50.487872170787931, -21.618190358631082 ], [ -50.487875520434173, -21.618194107906156 ], [ -50.487879118437277, -21.618197557090802 ], [ -50.487882998887379, -21.618200648579727 ], [ -50.487886115088152, -21.618202697805422 ], [ -50.487889418361014, -21.618204495332773 ] ] ] } },
{ "type": "Feature", "properties": { "CHAVE": "3006691", "FAZENDA": "300669", "NOME_FAZ": "SITIO KIMURA II", "ZONA": 1.0, "TALHAO": 1.0, "AREA_TOTAL": 7.490209508233332, "TIPO_GEO": "TALHAO", "DATA_INICI": null, "DATA_FINAL": null, "HORA_INICI": null, "HORA_FINAL": null, "CLASSE": null, "PILOTO": null, "AERONAVE": null, "AREA_HA": null }, "geometry": { "type": "Polygon", "coordinates": [ [ [ -50.484422123147411, -21.61201722718544 ], [ -50.484442237480721, -21.611966132629799 ], [ -50.484435883450374, -21.611916795234873 ], [ -50.484407027446892, -21.611871184096618 ], [ -50.484371059881319, -21.611829548925996 ], [ -50.484331067178438, -21.611781096016269 ], [ -50.484296666610213, -21.611736317727363 ], [ -50.484260133481833, -21.61168471944449 ], [ -50.484220204713012, -21.611625609066085 ], [ -50.484187742524803, -21.611578143866048 ], [ -50.48412175955206, -21.611479465149642 ], [ -50.484089117767617, -21.611433196086331 ], [ -50.484050029447779, -21.611380282969776 ], [ -50.484012335431963, -21.611331109559263 ], [ -50.483974509542641, -21.611283760213691 ], [ -50.483934603459439, -21.611238985466084 ], [ -50.48388574359489, -21.611195962814019 ], [ -50.483836988938016, -21.611156858710192 ], [ -50.483791634173492, -21.611122596271827 ], [ -50.483745187229367, -21.611084201210804 ], [ -50.483695459055411, -21.61104958109183 ], [ -50.48364563587122, -21.611023527372776 ], [ -50.483591037449486, -21.611001211181232 ], [ -50.483532928076862, -21.610979548618108 ], [ -50.483471265410742, -21.610957009607976 ], [ -50.483287636771273, -21.610900645682261 ], [ -50.483221824439035, -21.610877558088568 ], [ -50.483168271930616, -21.610851196223617 ], [ -50.483061742258286, -21.610793219502771 ], [ -50.483009190560388, -21.610762514530048 ], [ -50.482956778224342, -21.610731170296138 ], [ -50.482902921262657, -21.610702183412659 ], [ -50.482847163063404, -21.610676259710409 ], [ -50.482792353176357, -21.610655940818432 ], [ -50.482731948895868, -21.61063618442811 ], [ -50.482674887461094, -21.610614733916957 ], [ -50.4826130362162, -21.610600299996111 ], [ -50.482548859159984, -21.610582968933048 ], [ -50.482491210908293, -21.610563336013687 ], [ -50.482430874541869, -21.610540843576157 ], [ -50.482365560765892, -21.610520828202713 ], [ -50.482299769708554, -21.610502306058191 ], [ -50.48223958873551, -21.610487526283752 ], [ -50.482181327519058, -21.610478129169326 ], [ -50.482123024377479, -21.610469716412272 ], [ -50.482064724622624, -21.610458986513745 ], [ -50.482002616570725, -21.610447891004167 ], [ -50.481943981845895, -21.610438255818167 ], [ -50.481826089173573, -21.610418366548679 ], [ -50.481747123913095, -21.610400804550359 ], [ -50.481747281060066, -21.610420695715444 ], [ -50.481742147002095, -21.610438980530677 ], [ -50.481734608110763, -21.610455727361227 ], [ -50.481717382830546, -21.610466573400164 ], [ -50.48169912508002, -21.610472861365125 ], [ -50.481680509242828, -21.610479612804451 ], [ -50.481658657278182, -21.610479809550167 ], [ -50.481638663075806, -21.610478982569887 ], [ -50.481619439191647, -21.610474683775298 ], [ -50.481600618041973, -21.610464304421711 ], [ -50.481585064901601, -21.610452973934542 ], [ -50.4815735485221, -21.61043729958174 ], [ -50.481571673552288, -21.610418991944542 ], [ -50.481574716642598, -21.610400569498275 ], [ -50.481578816599026, -21.610382204026813 ], [ -50.481587233850817, -21.610364923772568 ], [ -50.48153900730285, -21.610352819952336 ], [ -50.481479263695832, -21.610342437452143 ], [ -50.481422050808106, -21.610338473919807 ], [ -50.481364844739865, -21.610340629972843 ], [ -50.481306127991523, -21.610348965102212 ], [ -50.481247031471135, -21.610362099017802 ], [ -50.481188261925858, -21.610379875758817 ], [ -50.481129272646392, -21.610400834334648 ], [ -50.481070020520555, -21.610423975873889 ], [ -50.481008412975207, -21.610447412603676 ], [ -50.480949994068666, -21.610469952546115 ], [ -50.480895883496359, -21.610490054543689 ], [ -50.480841790359726, -21.610513457999929 ], [ -50.480789402732555, -21.61054508525956 ], [ -50.48074133965855, -21.61057562469799 ], [ -50.480793936769068, -21.610641550725354 ], [ -50.480813058083427, -21.61069957524516 ], [ -50.48082595669991, -21.610755348488034 ], [ -50.48083638305863, -21.610817478547439 ], [ -50.480847185047899, -21.610879418658893 ], [ -50.480857234404183, -21.610934170362281 ], [ -50.480867428312074, -21.610991666619839 ], [ -50.480878815684605, -21.611046858648304 ], [ -50.480891858618506, -21.611102154752036 ], [ -50.48090343258901, -21.611159169842104 ], [ -50.480913824390093, -21.611217762432432 ], [ -50.480925838131228, -21.611274749900826 ], [ -50.48094625784038, -21.611388631530918 ], [ -50.480969797469655, -21.611501535735261 ], [ -50.480980805058294, -21.611557936300407 ], [ -50.480991331654117, -21.611613963631271 ], [ -50.481000818501464, -21.611670704845171 ], [ -50.481027885900183, -21.611790403709328 ], [ -50.481042607092881, -21.611851761199013 ], [ -50.48105656482835, -21.611912035910976 ], [ -50.481082672773418, -21.612041230750847 ], [ -50.481096934111143, -21.612110060933112 ], [ -50.481110429498145, -21.612180489607031 ], [ -50.481134001513048, -21.612306912380941 ], [ -50.481153454777697, -21.612416210356358 ], [ -50.481179956642229, -21.612548342464684 ], [ -50.481190582059369, -21.612608671467505 ], [ -50.481198077978775, -21.612666914297158 ], [ -50.481204113748134, -21.61272990610798 ], [ -50.481220125542137, -21.612868401211809 ], [ -50.481231786897318, -21.612997294647304 ], [ -50.481236306732811, -21.613064730844361 ], [ -50.481241129478342, -21.613124864289162 ], [ -50.481241747880986, -21.613188622918383 ], [ -50.481236644885598, -21.613245892811076 ], [ -50.481246807595099, -21.613277711366603 ], [ -50.481267515269984, -21.613271084128115 ], [ -50.481332106880352, -21.61324766399084 ], [ -50.481394076064262, -21.613222835387234 ], [ -50.481524848491169, -21.613178137519423 ], [ -50.481581688303066, -21.613159587838496 ], [ -50.48169775574366, -21.613122585641403 ], [ -50.481756595923464, -21.61310289177321 ], [ -50.481815490380065, -21.613080510079079 ], [ -50.481873069810689, -21.613054987640911 ], [ -50.48193073866176, -21.613027821217454 ], [ -50.481985851056393, -21.613003464425489 ], [ -50.482040177510655, -21.612980883334259 ], [ -50.482109379432003, -21.612952797489299 ], [ -50.482176415244872, -21.612924884201409 ], [ -50.48224253555783, -21.612897856499949 ], [ -50.482309385461789, -21.612872044097859 ], [ -50.482376858130543, -21.612844956237364 ], [ -50.482445806188814, -21.612818987526953 ], [ -50.482516168676362, -21.61279150596237 ], [ -50.482569975301637, -21.612770078177078 ], [ -50.482678625830324, -21.612728882849861 ], [ -50.482786855710408, -21.612687021579308 ], [ -50.482896837775307, -21.612645321185148 ], [ -50.482951871983417, -21.612623849059876 ], [ -50.483005721710711, -21.612602223575145 ], [ -50.483072623678765, -21.612576211667399 ], [ -50.483195846368176, -21.612531235735883 ], [ -50.483252589122472, -21.612509455842762 ], [ -50.483306204714971, -21.612487310034052 ], [ -50.48336826414539, -21.612460777116919 ], [ -50.483426506178382, -21.612437053190604 ], [ -50.483486869020133, -21.612414745285051 ], [ -50.483547046053694, -21.612394124495257 ], [ -50.48360481496654, -21.612370906708598 ], [ -50.483663454505781, -21.612346371704223 ], [ -50.483721726614426, -21.612322499659641 ], [ -50.483782996520482, -21.612296062231678 ], [ -50.483851184228513, -21.612271965920865 ], [ -50.48390649549215, -21.612253235708376 ], [ -50.483972135258696, -21.612229871540929 ], [ -50.484152365237641, -21.612163598871366 ], [ -50.484215287107475, -21.612138731423862 ], [ -50.484279774118946, -21.612116453633213 ], [ -50.484335623312703, -21.612096852993993 ], [ -50.484402927364457, -21.612069345498632 ], [ -50.484422123147411, -21.61201722718544 ] ] ] } },
{ "type": "Feature", "properties": { "CHAVE": null, "FAZENDA": "Faz. ABC", "NOME_FAZ": null, "ZONA": null, "TALHAO": null, "AREA_TOTAL": null, "TIPO_GEO": "VOO_PROCESSADO", "DATA_INICI": "16-04-2026", "DATA_FINAL": "16-04-2026", "HORA_INICI": "10:37:29", "HORA_FINAL": "10:37:29", "CLASSE": "NÃO APLICADO DENTRO DO TALHÃO", "PILOTO": "valmir alves", "AERONAVE": "PS-CBA", "AREA_HA": 0.0023883996969760002 }, "geometry": { "type": "MultiPolygon", "coordinates": [ [ [ [ -50.488561883868798, -21.623401415248178 ], [ -50.488562043661005, -21.623401630309175 ], [ -50.48862749805793, -21.623489894466864 ], [ -50.488693942745776, -21.62357716500043 ], [ -50.488694418778749, -21.623577793776153 ], [ -50.488761418820097, -21.623666793726866 ], [ -50.488763119831532, -21.623669100451082 ], [ -50.488827357464004, -21.623758044756165 ], [ -50.488892575315191, -21.623845001787977 ], [ -50.488894120040662, -21.623847100520578 ], [ -50.488958051051213, -21.623935620273038 ], [ -50.489023943268869, -21.624022165174431 ], [ -50.489026120249825, -21.624025100590085 ], [ -50.489091120295221, -21.624115100541708 ], [ -50.488834879563377, -21.624276899355962 ], [ -50.488770948701919, -21.624188379593317 ], [ -50.488705056626813, -21.624101834677337 ], [ -50.488702879772539, -21.624098899425459 ], [ -50.488638642289423, -21.624009955108924 ], [ -50.488573424582583, -21.623922998063385 ], [ -50.488571879981684, -21.623920899494959 ], [ -50.488507718576614, -21.623832060517465 ], [ -50.488441818197977, -21.623744521105419 ], [ -50.488375057149909, -21.623656834851346 ], [ -50.488373956153509, -21.623655369638861 ], [ -50.48830803598797, -21.62356647718833 ], [ -50.488294076595274, -21.623547725743112 ], [ -50.488298352914448, -21.623553834762632 ], [ -50.488298968247022, -21.623554720857207 ], [ -50.488360968352588, -21.623644720892248 ], [ -50.488422849895215, -21.62373454882016 ], [ -50.488483730915007, -21.623822377062019 ], [ -50.488483968561368, -21.623822720961535 ], [ -50.488545968666948, -21.623912720996561 ], [ -50.488607538528179, -21.624002096484649 ], [ -50.488669101545817, -21.624089476139694 ], [ -50.4886701622085, -21.6240910024244 ], [ -50.488731162257622, -21.624180002378385 ], [ -50.488470837604055, -21.624335997516226 ], [ -50.488434142665923, -21.624282458929507 ], [ -50.48826007499482, -21.624390913036109 ], [ -50.488034743063473, -21.624539868088554 ], [ -50.48804463982075, -21.624552478458792 ], [ -50.487795360033566, -21.624723521444004 ], [ -50.487733360066926, -21.624644521398949 ], [ -50.487732493750613, -21.6246434064381 ], [ -50.487673198939582, -21.624566323096623 ], [ -50.48761191935553, -21.624489229341762 ], [ -50.487610656424415, -21.624487617336463 ], [ -50.487550282024465, -21.624409427451781 ], [ -50.487488919540127, -21.624332229402974 ], [ -50.487487815020643, -21.624330822176379 ], [ -50.487426711100753, -21.624251978320697 ], [ -50.487389986169475, -21.624206509309214 ], [ -50.487446175684795, -21.624285174532403 ], [ -50.487512784975799, -21.624376637924222 ], [ -50.487512951010707, -21.624376866380864 ], [ -50.487578868217398, -21.624467752114811 ], [ -50.487645338580478, -21.624559024740943 ], [ -50.48771188530408, -21.624648415755537 ], [ -50.487713992628407, -21.624651321096046 ], [ -50.487778992676695, -21.624743321047397 ], [ -50.487521007183169, -21.624902678848976 ], [ -50.487493319394133, -21.624863489928973 ], [ -50.487270761159323, -21.625007107620569 ], [ -50.487250448177463, -21.624979586773438 ], [ -50.487003405786986, -21.625137624198366 ], [ -50.486943405827361, -21.625055624153884 ], [ -50.486942915880412, -21.62505495049292 ], [ -50.486883743907761, -21.624973095830491 ], [ -50.486823595207923, -21.624893226151219 ], [ -50.486822406076108, -21.624891624294495 ], [ -50.486762495878303, -21.624809746924726 ], [ -50.486701585950641, -21.624726869381952 ], [ -50.486701099593539, -21.624726203646304 ], [ -50.486640920026211, -21.624643333321522 ], [ -50.48657976313288, -21.624562448303141 ], [ -50.486577916462075, -21.624559950686201 ], [ -50.486518579018615, -21.624477867122028 ], [ -50.486457256495278, -21.624395773968853 ], [ -50.4864565863979, -21.624394869589313 ], [ -50.486395586438412, -21.62431186954414 ], [ -50.48639443875885, -21.62431028558866 ], [ -50.486335827605181, -21.624228229871957 ], [ -50.486310226773959, -21.624194783585871 ], [ -50.486357357818257, -21.624260430315683 ], [ -50.48635766041172, -21.624260853391938 ], [ -50.486413721532436, -21.624339535568513 ], [ -50.486471752002437, -21.624417237291475 ], [ -50.486474353943755, -21.624420835204518 ], [ -50.486529512542944, -21.624499633102765 ], [ -50.486585645753244, -21.624576446875203 ], [ -50.486587354129227, -21.624578835266082 ], [ -50.486642512728451, -21.62465763316434 ], [ -50.486698645992057, -21.624734447009732 ], [ -50.486755646030545, -21.624812446967464 ], [ -50.486755966768285, -21.624812887612769 ], [ -50.48681396680837, -21.624892887569665 ], [ -50.48681416028807, -21.624893155080581 ], [ -50.486870904420009, -21.62497180035934 ], [ -50.486927291936169, -21.625048962129714 ], [ -50.486984933398013, -21.625126479865123 ], [ -50.486731066459001, -21.625291520034299 ], [ -50.486677624471994, -21.625219649690376 ], [ -50.486462624198452, -21.625354545876327 ], [ -50.486401715312802, -21.625269672733268 ], [ -50.486340041473454, -21.625184125043791 ], [ -50.486278278165351, -21.625099449437194 ], [ -50.486276709076073, -21.625097255500229 ], [ -50.486215840059074, -21.625010442200708 ], [ -50.486156158652356, -21.624925893433588 ], [ -50.486094809007199, -21.624839805920285 ], [ -50.486033278569501, -21.624755449571669 ], [ -50.486031516904461, -21.624752980294513 ], [ -50.485972065539286, -21.624667766561526 ], [ -50.485911625047621, -21.624583546098769 ], [ -50.485910709680667, -21.624582255700965 ], [ -50.485850163769946, -21.62449590322608 ], [ -50.48578962524963, -21.624411546165952 ], [ -50.485788073296099, -21.624409340327016 ], [ -50.48572915477552, -21.624323908361237 ], [ -50.485668279174504, -21.62424044977304 ], [ -50.485667438854072, -21.624239285608986 ], [ -50.485607438897325, -21.624155285564232 ], [ -50.485606845784758, -21.624154447477256 ], [ -50.485604667249298, -21.624156041527602 ], [ -50.485587516711803, -21.624185086772705 ], [ -50.485598581568802, -21.624209982701093 ], [ -50.485696228695197, -21.624348846731312 ], [ -50.4858804585649, -21.624601678714587 ], [ -50.486084605078403, -21.624874980719095 ], [ -50.486308668433402, -21.625168752673499 ], [ -50.486478790853397, -21.625394752297797 ], [ -50.486594971852298, -21.625552979753397 ], [ -50.4866624675726, -21.625640668716507 ], [ -50.486681277829597, -21.625657819244896 ], [ -50.486703130923097, -21.625669437345401 ], [ -50.486728026851502, -21.625675523016803 ], [ -50.4867554123744, -21.625675246396003 ], [ -50.486785287488402, -21.625668607481781 ], [ -50.487023735557898, -21.625576493005092 ], [ -50.487470755782198, -21.62539890204971 ], [ -50.487913350053404, -21.625221864319098 ], [ -50.488351518392101, -21.625045379849407 ], [ -50.488789963351401, -21.624869172002096 ], [ -50.489228684933003, -21.624693240775194 ], [ -50.489585526332, -21.624551333714404 ], [ -50.4898604880294, -21.624443451358282 ], [ -50.49010446807111, -21.624345942236204 ], [ -50.490317466569103, -21.624258806486989 ], [ -50.490465044020901, -21.624197258130796 ], [ -50.490547200584409, -21.624161297345502 ], [ -50.490603493033397, -21.6241311455966 ], [ -50.490633921390298, -21.624106802911101 ], [ -50.490657710832103, -21.624078034281396 ], [ -50.490674861360503, -21.62404483971029 ], [ -50.490686064525903, -21.624017177567001 ], [ -50.490691320332999, -21.623995047852894 ], [ -50.490695193032899, -21.623963651321091 ], [ -50.4906976826258, -21.6239229879716 ], [ -50.490700587151004, -21.623879281786291 ], [ -50.490703906608097, -21.623832532765203 ], [ -50.490712896807104, -21.623786198676903 ], [ -50.490727557742701, -21.623740279520291 ], [ -50.490749825772703, -21.623689104558185 ], [ -50.490779700886797, -21.623632673787288 ], [ -50.4908014156617, -21.623591595503697 ], [ -50.4908149701116, -21.623565869711086 ], [ -50.490828247939497, -21.623543048443398 ], [ -50.490841249146499, -21.623523131700697 ], [ -50.490856325013901, -21.623507502590396 ], [ -50.490873475542301, -21.623496161112005 ], [ -50.490908329844501, -21.623483713153412 ], [ -50.490960887915399, -21.623470158703505 ], [ -50.491035852326299, -21.623454944540399 ], [ -50.491133223068303, -21.623438070633402 ], [ -50.491228519152003, -21.623418292199698 ], [ -50.491321740572502, -21.623395609242788 ], [ -50.491374022011897, -21.62338080997689 ], [ -50.491385363490409, -21.623373894441297 ], [ -50.49139974780681, -21.623355914049096 ], [ -50.491417174956602, -21.623326868799399 ], [ -50.4914292079877, -21.623289109974202 ], [ -50.491435846901901, -21.623242637574602 ], [ -50.491435155345499, -21.623204187196393 ], [ -50.491427133324102, -21.623173758839506 ], [ -50.491412749007502, -21.623140979201285 ], [ -50.491392002400502, -21.623105848280183 ], [ -50.491372500592597, -21.62308247376949 ], [ -50.491354243578499, -21.623070855669596 ], [ -50.491338199537097, -21.623066706347892 ], [ -50.491324368465797, -21.623070025805085 ], [ -50.4912971212568, -21.623075973169005 ], [ -50.491256457907198, -21.623084548433205 ], [ -50.491178589002701, -21.623113317088301 ], [ -50.491063514489497, -21.623162279080699 ], [ -50.490964069077002, -21.62320861315531 ], [ -50.4909323163848, -21.623225170664757 ], [ -50.490993969957316, -21.623306200980792 ], [ -50.490742029898506, -21.62347379892006 ], [ -50.490672030006678, -21.623381798956036 ], [ -50.490665324438567, -21.623372985913484 ], [ -50.490664902994297, -21.623373202894694 ], [ -50.490621750045797, -21.623394364428684 ], [ -50.490591321689003, -21.623407918878485 ], [ -50.490576400961686, -21.623412086678304 ], [ -50.490421954768117, -21.623517111907145 ], [ -50.490423222683773, -21.623518861985762 ], [ -50.490495431676123, -21.62361481080757 ], [ -50.490496005285593, -21.623615578268549 ], [ -50.490568005331973, -21.623712578215368 ], [ -50.490313994525124, -21.623877421683975 ], [ -50.490242280046857, -21.623780806230279 ], [ -50.490217245241887, -21.623747540765429 ], [ -50.489971845163616, -21.62390622011818 ], [ -50.489968414216108, -21.623901581085001 ], [ -50.48972142097859, -21.624059643768568 ], [ -50.489650918676084, -21.623963323605036 ], [ -50.48963146385799, -21.623937383816919 ], [ -50.489393377805257, -21.624089584778318 ], [ -50.489386829836661, -21.624080629457474 ], [ -50.489184128374767, -21.624212602068297 ], [ -50.489114350396513, -21.624118900100747 ], [ -50.489044800829845, -21.624026498425398 ], [ -50.488975029326099, -21.623934798628635 ], [ -50.488974574190237, -21.623934197210136 ], [ -50.488904574233452, -21.62384119715864 ], [ -50.488904128812088, -21.623840602213686 ], [ -50.488834350833272, -21.623746900245358 ], [ -50.488765031348592, -21.623654804250961 ], [ -50.488695494927015, -21.623564406799577 ], [ -50.488694129138935, -21.623562602322327 ], [ -50.488624351160588, -21.623468900354656 ], [ -50.48855480159407, -21.623376498679498 ], [ -50.488485261865065, -21.623285103501573 ], [ -50.488415865291721, -21.623194887853721 ], [ -50.48834423946284, -21.623103365859063 ], [ -50.488342129682131, -21.623100602502809 ], [ -50.488315013906671, -21.623064189847227 ], [ -50.488310492251024, -21.623065914207427 ], [ -50.488309771957091, -21.623066188895791 ], [ -50.488361418194664, -21.623134793518929 ], [ -50.488361574542786, -21.623135001593436 ], [ -50.488427260073081, -21.623222582197762 ], [ -50.488493942431894, -21.623310164896072 ], [ -50.488494883826, -21.623311415297628 ], [ -50.488561883868798, -21.623401415248178 ] ] ], [ [ [ -50.487550639140579, -21.623923478289253 ], [ -50.487612009673896, -21.624001676140754 ], [ -50.487640925335683, -21.624037476445469 ], [ -50.487597085309694, -21.623978543881215 ], [ -50.487596909492993, -21.623978307033504 ], [ -50.487536909531904, -21.623897306989164 ], [ -50.487535729470544, -21.623895690636196 ], [ -50.487477399836948, -21.623814622231805 ], [ -50.487417085597649, -21.623733543977021 ], [ -50.487416909780926, -21.623733307129289 ], [ -50.487356909819844, -21.623652307084942 ], [ -50.487355729758391, -21.623650690731832 ], [ -50.487297901739908, -21.623570319488767 ], [ -50.487238120587868, -21.623491917886554 ], [ -50.48723640769871, -21.623489624858347 ], [ -50.487235974929611, -21.623489033406521 ], [ -50.487216652187939, -21.623496942801832 ], [ -50.487242912505302, -21.623530827044199 ], [ -50.48730463871177, -21.623609478090859 ], [ -50.487305342656143, -21.623610382364294 ], [ -50.487365992647391, -21.62368892898564 ], [ -50.48742763889755, -21.623767478152516 ], [ -50.487427792327516, -21.623767673996202 ], [ -50.48748843802796, -21.623845220871381 ], [ -50.487550079975094, -21.623922770332957 ], [ -50.487550639140579, -21.623923478289253 ] ] ], [ [ [ -50.486938215777414, -21.623079385297402 ], [ -50.486879425686531, -21.623000998416256 ], [ -50.486878408274492, -21.62299962504984 ], [ -50.486831125019656, -21.622935004523221 ], [ -50.48680172846926, -21.622951795896562 ], [ -50.486819923944743, -21.622976467698145 ], [ -50.486879574422659, -21.62305600157481 ], [ -50.486939574460109, -21.623136001530629 ], [ -50.486940089617725, -21.623136692681665 ], [ -50.486998619461311, -21.623215707877335 ], [ -50.487059079233255, -21.623291770086894 ], [ -50.487061574703667, -21.623295001668176 ], [ -50.487120695629869, -21.623373829477814 ], [ -50.487179676986877, -21.623449248177458 ], [ -50.487181199172795, -21.623448594243612 ], [ -50.487200322595022, -21.62344030849005 ], [ -50.487176407739085, -21.623407624813858 ], [ -50.487176223655183, -21.623407372661099 ], [ -50.487117223695407, -21.623326372617317 ], [ -50.487117101213556, -21.623326204209079 ], [ -50.487056503076751, -21.623242757492449 ], [ -50.486996910395732, -21.623162307276491 ], [ -50.486995053333708, -21.623159741943436 ], [ -50.486938215777414, -21.623079385297402 ] ] ], [ [ [ -50.488226942014549, -21.622955164757286 ], [ -50.488227883408683, -21.622956415158889 ], [ -50.488268006313461, -21.623010311534252 ], [ -50.488273321658696, -21.623008203048361 ], [ -50.488273102994356, -21.623007909413058 ], [ -50.488203106859601, -21.622918195956043 ], [ -50.488202030589434, -21.622916799113771 ], [ -50.488132262405955, -21.622825103681276 ], [ -50.488063340166924, -21.622735504669205 ], [ -50.488054353563342, -21.622724271402483 ], [ -50.488095356315782, -21.622781044374673 ], [ -50.488160259655771, -21.622867582059044 ], [ -50.488226942014549, -21.622955164757286 ] ] ], [ [ [ -50.4873223668246, -21.622644057163154 ], [ -50.4873223668246, -21.622644057163143 ], [ -50.48728710566909, -21.622666207417733 ], [ -50.4873223668246, -21.622644057163154 ] ] ], [ [ [ -50.488687362675662, -21.622612409023638 ], [ -50.488691520018115, -21.622618012391456 ], [ -50.488666869155061, -21.622582486101678 ], [ -50.48865608705384, -21.622567391140944 ], [ -50.488687362675662, -21.622612409023638 ] ] ], [ [ [ -50.490932395904998, -21.622036983089505 ], [ -50.490927831651398, -21.622029652621805 ], [ -50.49091980963, -21.622026886407589 ], [ -50.490911096055299, -21.622026194854101 ], [ -50.490901690926798, -21.622027577961212 ], [ -50.490861027587798, -21.622042930462111 ], [ -50.490789106017097, -21.622072252333204 ], [ -50.490510840169911, -21.622185768951265 ], [ -50.490568424975045, -21.622264148174025 ], [ -50.490640425022882, -21.622362148120693 ], [ -50.490397998199441, -21.6225178715986 ], [ -50.490430277898319, -21.62256060805116 ], [ -50.49043115339196, -21.622561779397731 ], [ -50.490501496871865, -21.622656891595348 ], [ -50.490571826243162, -21.622749013059643 ], [ -50.490320173612503, -21.622916986841453 ], [ -50.490289250638476, -21.622876482054281 ], [ -50.490306868617118, -21.622900392139467 ], [ -50.490376424784628, -21.622992802367648 ], [ -50.490377533437382, -21.622994295139335 ], [ -50.490461565588355, -21.623108974172272 ], [ -50.490493009474598, -21.623149910505333 ], [ -50.490498653514599, -21.623136691569503 ], [ -50.490580810295299, -21.622964218163702 ], [ -50.490724100193901, -21.622668509859402 ], [ -50.490818566224902, -21.622445414631301 ], [ -50.4908642087602, -21.622294932575596 ], [ -50.490898786412203, -21.622178474950591 ], [ -50.490922299233397, -21.622096041765705 ], [ -50.490933502390703, -21.622048877810798 ], [ -50.490932395904998, -21.622036983089505 ] ] ], [ [ [ -50.488557206146652, -21.622428385784353 ], [ -50.488553803228989, -21.622423573080418 ], [ -50.48855514573016, -21.62242552580685 ], [ -50.488557206146652, -21.622428385784353 ] ] ], [ [ [ -50.487964356914816, -21.622115168240111 ], [ -50.487926785655063, -21.622062456257176 ], [ -50.487925576154389, -21.62206464371824 ], [ -50.487924409325501, -21.622066754004582 ], [ -50.487957960176225, -21.622109890764307 ], [ -50.487991788645722, -21.622153248331681 ], [ -50.487964782463763, -21.622115762092214 ], [ -50.487964356914816, -21.622115168240111 ] ] ], [ [ [ -50.48835622532971, -21.622143097139585 ], [ -50.488419668666872, -21.62223582189586 ], [ -50.48847141876972, -21.622305571949941 ], [ -50.488458309369626, -21.622286678966407 ], [ -50.48845792157357, -21.622286117241888 ], [ -50.488391070413414, -21.622188789690572 ], [ -50.488322267993951, -21.622094431970275 ], [ -50.488320875101998, -21.622092488097881 ], [ -50.488251875153729, -21.621994488046202 ], [ -50.488250921917263, -21.621993117355832 ], [ -50.488183869633389, -21.621895496991435 ], [ -50.488114850570476, -21.621799856170593 ], [ -50.488113875447077, -21.621798488212534 ], [ -50.488044875498801, -21.62170048816084 ], [ -50.488044706425022, -21.621700247505057 ], [ -50.488034015906649, -21.621684997775475 ], [ -50.488034033108626, -21.621685641844486 ], [ -50.488034210213726, -21.621692272938304 ], [ -50.488088217113294, -21.621767237646079 ], [ -50.488088814205121, -21.621768072690301 ], [ -50.488154728703435, -21.621860952093321 ], [ -50.488221430954987, -21.621954534239197 ], [ -50.488288217442133, -21.622047237755432 ], [ -50.488288814533881, -21.62204807279954 ], [ -50.488354814582308, -21.622141072750225 ], [ -50.48835622532971, -21.622143097139585 ] ] ], [ [ [ -50.487630822569898, -21.621651186833279 ], [ -50.487629783073181, -21.621649762360406 ], [ -50.48756278312031, -21.62155676231054 ], [ -50.487561589871099, -21.621555080793765 ], [ -50.487497097566376, -21.621462807070163 ], [ -50.487431614546992, -21.621371527595446 ], [ -50.487430590088216, -21.621370080865848 ], [ -50.487366180545841, -21.621277925556292 ], [ -50.487299783555976, -21.621185762455454 ], [ -50.487299011505797, -21.621184680325385 ], [ -50.487234011613779, -21.621092680361272 ], [ -50.487169226310193, -21.621000984122926 ], [ -50.48710444263903, -21.620910286869375 ], [ -50.487103178843817, -21.620908488719579 ], [ -50.487039611655163, -21.620816560666626 ], [ -50.486982641208726, -21.620740033109058 ], [ -50.48697299179419, -21.620750348343176 ], [ -50.486935822549334, -21.620790772221916 ], [ -50.486979955133592, -21.620849182927326 ], [ -50.48704833709688, -21.620938376690553 ], [ -50.487118026762701, -21.621027977588682 ], [ -50.487187539183239, -21.621117350601065 ], [ -50.487257044437975, -21.621204728540004 ], [ -50.487259263183283, -21.621207590221974 ], [ -50.4873266510684, -21.621296779966617 ], [ -50.487396027183642, -21.621385977728423 ], [ -50.487466027289472, -21.621475977763556 ], [ -50.487536027328304, -21.621565977712564 ], [ -50.487536967942809, -21.621567200412716 ], [ -50.487606501149287, -21.621658586807616 ], [ -50.48767602760929, -21.621747977869759 ], [ -50.487746027648114, -21.62183797781876 ], [ -50.487746968262648, -21.621839200518952 ], [ -50.487815898419079, -21.621929794335326 ], [ -50.48788679297536, -21.622018412433885 ], [ -50.487888027929124, -21.622019977975931 ], [ -50.487899792255128, -21.622035103520982 ], [ -50.487900174405596, -21.622034258335358 ], [ -50.487902652828851, -21.622028598219639 ], [ -50.487897356963387, -21.622021168190098 ], [ -50.487897185606087, -21.622020927255686 ], [ -50.487831482648652, -21.621928345698976 ], [ -50.487764782792603, -21.621835762201584 ], [ -50.487764357243591, -21.621835168349403 ], [ -50.487698080800087, -21.621742183372255 ], [ -50.487630822569898, -21.621651186833279 ] ] ], [ [ [ -50.487636195354874, -21.621119939990344 ], [ -50.487567402255593, -21.621023230728927 ], [ -50.487499526105118, -21.620928403635325 ], [ -50.487498707332207, -21.620927247806343 ], [ -50.487430991877133, -21.620830653577588 ], [ -50.487363191385676, -21.620735339723815 ], [ -50.487294132491897, -21.620642603383914 ], [ -50.487292112641839, -21.620639822610389 ], [ -50.487225105388859, -21.620545224016823 ], [ -50.487201865410583, -21.62051401600857 ], [ -50.487196713025959, -21.620519222827518 ], [ -50.487228953075807, -21.620564854840623 ], [ -50.487294880652264, -21.620653414165403 ], [ -50.487297820966212, -21.620657511224454 ], [ -50.487362196275029, -21.620750607703929 ], [ -50.487426557267078, -21.620840712979163 ], [ -50.487426988197846, -21.62084131958375 ], [ -50.487491988305813, -21.620933319619635 ], [ -50.487556604931861, -21.621024776882155 ], [ -50.487623216349931, -21.621117237392202 ], [ -50.487624409722606, -21.621118919078686 ], [ -50.487688902185027, -21.621211192791137 ], [ -50.487754385359004, -21.621302472252658 ], [ -50.487755409939723, -21.621303919150769 ], [ -50.487819819640265, -21.62139607445032 ], [ -50.487885701580083, -21.621487522402557 ], [ -50.487953177331839, -21.621578813015518 ], [ -50.48795464256721, -21.621580831597534 ], [ -50.488001028739198, -21.621645910622846 ], [ -50.488000865186542, -21.621637709187659 ], [ -50.487976908261089, -21.621603535294323 ], [ -50.487909111560306, -21.621507822183464 ], [ -50.487908875788641, -21.621507488326014 ], [ -50.487839875840358, -21.621409488274359 ], [ -50.487839706766529, -21.621409247618494 ], [ -50.487771706857835, -21.621312247624164 ], [ -50.487703908717187, -21.62121553544663 ], [ -50.487636195354874, -21.621119939990344 ] ] ], [ [ [ -50.489505721267982, -21.620390176056667 ], [ -50.48958145869846, -21.620488536242828 ], [ -50.489582984604617, -21.620490554089706 ], [ -50.489657643658937, -21.620591094830075 ], [ -50.489734298923736, -21.620692638049064 ], [ -50.489734571731397, -21.620693000608632 ], [ -50.489809571778203, -21.620793000553398 ], [ -50.48980984456562, -21.620793365463324 ], [ -50.489885367675953, -21.620894725307476 ], [ -50.489961883422211, -21.620995090001419 ], [ -50.489962299352705, -21.620995638263942 ], [ -50.490039157928074, -21.621097450803639 ], [ -50.490115015868234, -21.621197263767232 ], [ -50.49011529959018, -21.621197638342881 ], [ -50.490191819987444, -21.621299002907321 ], [ -50.490269333098119, -21.621399372333912 ], [ -50.490269459842686, -21.621399536694131 ], [ -50.490346459886858, -21.621499536637856 ], [ -50.490346754478125, -21.621499920544821 ], [ -50.490424607637358, -21.621601728405686 ], [ -50.490501183256164, -21.621701177148438 ], [ -50.490578627334017, -21.621800464316802 ], [ -50.490657348330387, -21.621900111037906 ], [ -50.490422619744287, -21.622062240850024 ], [ -50.490426241393436, -21.622067270912016 ], [ -50.490426796695729, -21.62206804756935 ], [ -50.490479808390582, -21.62214271183457 ], [ -50.490527081693898, -21.622122312115547 ], [ -50.490594063125293, -21.62209406638765 ], [ -50.490655148804095, -21.622069023433752 ], [ -50.490710338737394, -21.622047183260541 ], [ -50.490766823651391, -21.622024407616848 ], [ -50.490824603544702, -21.62200069650115 ], [ -50.490883678415393, -21.621976049912139 ], [ -50.490944048261696, -21.621950467848347 ], [ -50.490999481384883, -21.621927465233355 ], [ -50.491049977790389, -21.621907042072248 ], [ -50.491095537482686, -21.621889198369548 ], [ -50.491136160466084, -21.621873934129557 ], [ -50.491186750950888, -21.62185395855575 ], [ -50.491247308928195, -21.621829271639044 ], [ -50.491317834387303, -21.621799873368058 ], [ -50.491398327315387, -21.621765763729947 ], [ -50.491468123071705, -21.621732963364657 ], [ -50.491527221664896, -21.621701472285856 ], [ -50.491575623103408, -21.621671290505052 ], [ -50.491613327394887, -21.62164241803195 ], [ -50.491641065923694, -21.621610920501848 ], [ -50.491658838694796, -21.621576797919865 ], [ -50.491666645713892, -21.621540050289365 ], [ -50.491664486988292, -21.621500677611763 ], [ -50.491655965279193, -21.621461330216867 ], [ -50.491641080591982, -21.621422008103963 ], [ -50.491619832931896, -21.621382711271362 ], [ -50.491592222303893, -21.621343439716664 ], [ -50.491567072034691, -21.621312004161663 ], [ -50.491544382118789, -21.621288404607263 ], [ -50.491524152551186, -21.621272641054663 ], [ -50.491506383328094, -21.621264713504569 ], [ -50.491487616335291, -21.621254814597464 ], [ -50.491467851573887, -21.621242944333169 ], [ -50.491447089044897, -21.621229102711268 ], [ -50.491425328749486, -21.621213289731358 ], [ -50.491403002898394, -21.621195037006057 ], [ -50.491380111492802, -21.62117434453517 ], [ -50.491356654534286, -21.621151212318569 ], [ -50.49133263202409, -21.621125640355864 ], [ -50.491307588616486, -21.621097873291969 ], [ -50.491281524313194, -21.621067911126477 ], [ -50.491254439115899, -21.621035753858866 ], [ -50.491226333026589, -21.62100140148868 ], [ -50.491203226032688, -21.620973975840087 ], [ -50.491185118128193, -21.620953476915279 ], [ -50.491172009308286, -21.620939904715673 ], [ -50.491163899569983, -21.620933259242566 ], [ -50.491154039970191, -21.620927659667874 ], [ -50.491142430509093, -21.620923105991277 ], [ -50.491129071186592, -21.620919598212474 ], [ -50.491113962002487, -21.620917136331073 ], [ -50.491094307881092, -21.620914682906783 ], [ -50.491070108822584, -21.620912237937866 ], [ -50.491041364827289, -21.620909801422471 ], [ -50.491008075895486, -21.620907373358172 ], [ -50.49098035867479, -21.620905454418068 ], [ -50.490958213164795, -21.620904044604877 ], [ -50.490941639364891, -21.620903143920895 ], [ -50.490930637274786, -21.62090275236768 ], [ -50.490920066768396, -21.620902071362789 ], [ -50.490909927845792, -21.620901100906284 ], [ -50.4909002205071, -21.62089984099827 ], [ -50.490890944752294, -21.620898291638792 ], [ -50.490881481629494, -21.620895600983577 ], [ -50.490871831138989, -21.620891769032671 ], [ -50.490861993280994, -21.620886795785868 ], [ -50.490851968055587, -21.620880681243371 ], [ -50.49084228217999, -21.620873292815165 ], [ -50.490832935654304, -21.620864630501273 ], [ -50.490823928478584, -21.620854694301766 ], [ -50.490815260653093, -21.620843484216774 ], [ -50.490806052923411, -21.620829342389367 ], [ -50.490796305290189, -21.620812268819588 ], [ -50.490786017754189, -21.620792263507184 ], [ -50.490775190316285, -21.620769326452084 ], [ -50.490763420562594, -21.620742248598983 ], [ -50.490750708494801, -21.620711029947888 ], [ -50.490737054114291, -21.620675670498287 ], [ -50.490707338881194, -21.620595415845383 ], [ -50.490693507950304, -21.620558393523606 ], [ -50.490464727446692, -21.620711478378997 ], [ -50.490503423230408, -21.620764147576349 ], [ -50.490575423278237, -21.620862147523027 ], [ -50.490576795299745, -21.620864047088649 ], [ -50.490647319673471, -21.620963377067557 ], [ -50.490718350042307, -21.621061043705097 ], [ -50.490790856067306, -21.621158380444516 ], [ -50.490791836284131, -21.621159712166175 ], [ -50.490863072251365, -21.62125766150206 ], [ -50.490936288583022, -21.621354623557096 ], [ -50.4909379911836, -21.621356925319471 ], [ -50.491008991232725, -21.621454925266683 ], [ -50.490753008625717, -21.621617074631214 ], [ -50.490702700836167, -21.621547635625628 ], [ -50.490503847746943, -21.621676221014081 ], [ -50.490432847793194, -21.621580220961594 ], [ -50.490432575933603, -21.621579852155946 ], [ -50.490360785913595, -21.621482137844207 ], [ -50.49028899735508, -21.621385422587313 ], [ -50.490288725195853, -21.621385054713794 ], [ -50.490215725243822, -21.62128605465978 ], [ -50.49021557627907, -21.621285852270848 ], [ -50.490143576326894, -21.621187852217513 ], [ -50.490143424309629, -21.621187644918788 ], [ -50.490072500335572, -21.62109074866763 ], [ -50.490000576556007, -21.620992852293732 ], [ -50.490000269310961, -21.62099243251766 ], [ -50.48993026935851, -21.620896432465713 ], [ -50.489930164146649, -21.620896287987282 ], [ -50.489858294196978, -21.620797466685605 ], [ -50.489787922465624, -21.620701324908126 ], [ -50.489716428416713, -21.620605999396897 ], [ -50.489714851997419, -21.620603856754641 ], [ -50.489645419751078, -21.620507643380616 ], [ -50.48957399849958, -21.620411422968111 ], [ -50.489572443240377, -21.620409287182909 ], [ -50.489503631306015, -21.620312950355387 ], [ -50.489432868122158, -21.620219582155954 ], [ -50.489430279957347, -21.620216057871254 ], [ -50.489361770955391, -21.620119747994057 ], [ -50.489293058991834, -21.620025514329367 ], [ -50.489221868460582, -21.619931582268581 ], [ -50.489219852790285, -21.619928857018188 ], [ -50.489166799877069, -21.619855340748352 ], [ -50.489160125782895, -21.619856224544101 ], [ -50.489126957234205, -21.6198604618695 ], [ -50.489114170307211, -21.619862022644813 ], [ -50.48913127148311, -21.619885917409 ], [ -50.489206014442502, -21.619984263293116 ], [ -50.489207933966966, -21.61998684810894 ], [ -50.489281260189529, -21.620087919265305 ], [ -50.489355502319874, -21.620186908655317 ], [ -50.48943143346748, -21.620287817035813 ], [ -50.489432934322963, -21.620289848227252 ], [ -50.489505721267982, -21.620390176056667 ] ] ], [ [ [ -50.488948303500713, -21.620560985142077 ], [ -50.489017865985439, -21.620655391258154 ], [ -50.489087277674813, -21.620747609537187 ], [ -50.489159132575182, -21.620842417976142 ], [ -50.489160303833323, -21.620843985252638 ], [ -50.489230303944929, -21.620938985289776 ], [ -50.489300304056563, -21.621033985326903 ], [ -50.489370012771047, -21.621128589897229 ], [ -50.489440718682744, -21.621223196286714 ], [ -50.489442148826861, -21.621225143550763 ], [ -50.489511729637073, -21.621321562554698 ], [ -50.489581228337322, -21.621415882105392 ], [ -50.489652152091395, -21.621511778897329 ], [ -50.489652731395744, -21.621512567749051 ], [ -50.489722443252447, -21.621608172464743 ], [ -50.489722612366826, -21.621608401126167 ], [ -50.489666480293764, -21.621529341768699 ], [ -50.489594759345124, -21.621429729216132 ], [ -50.489523238430849, -21.621330394490297 ], [ -50.489450725319742, -21.621232054672845 ], [ -50.489449759637473, -21.621230729375252 ], [ -50.489377759688203, -21.621130729321635 ], [ -50.48937720451849, -21.621129952847802 ], [ -50.489306480879385, -21.621030341962989 ], [ -50.489234759989778, -21.620930729492422 ], [ -50.489162760040507, -21.620830729438811 ], [ -50.489162204870709, -21.620829952964847 ], [ -50.489091680665432, -21.62073062297334 ], [ -50.48902016440217, -21.620632287990393 ], [ -50.489019760340923, -21.620631729609194 ], [ -50.488948165962988, -21.620532292850267 ], [ -50.488876577223934, -21.620434852503912 ], [ -50.488875205336832, -21.620432953119689 ], [ -50.488804883345175, -21.620333907936683 ], [ -50.488733651915112, -21.620236953927904 ], [ -50.488660726604962, -21.620138055100607 ], [ -50.488660577640154, -21.620137852711601 ], [ -50.488588577687985, -21.62003985265828 ], [ -50.488588165165773, -21.620039288314189 ], [ -50.48851665134093, -21.619940956685156 ], [ -50.488502257835215, -21.619921633873616 ], [ -50.48849107799829, -21.619922656050903 ], [ -50.488473447218297, -21.619924318643704 ], [ -50.488527644846556, -21.619997098229714 ], [ -50.488597421379097, -21.620089801228463 ], [ -50.488598302948382, -21.620090984958455 ], [ -50.488667865432973, -21.620185391074347 ], [ -50.488737421666151, -21.620277801389772 ], [ -50.48880742170936, -21.620370801338282 ], [ -50.48880873005627, -21.620372567303772 ], [ -50.488878083011961, -21.620467679813366 ], [ -50.488947421931485, -21.62055980141217 ], [ -50.488948303500713, -21.620560985142077 ] ] ], [ [ [ -50.488223794877776, -21.620536046983545 ], [ -50.488294244786751, -21.620635272082755 ], [ -50.488366407351016, -21.620734124789738 ], [ -50.488440128105424, -21.620833747311249 ], [ -50.488440684261654, -21.620834503996708 ], [ -50.488513684311094, -21.62093450394255 ], [ -50.488514240111662, -21.620935270574559 ], [ -50.488585963642116, -21.621034886465822 ], [ -50.488658684614101, -21.621134504113936 ], [ -50.488725540103133, -21.621226086864322 ], [ -50.488669822295385, -21.621145420679547 ], [ -50.488602525943016, -21.621051403598358 ], [ -50.488602112141578, -21.621050822461054 ], [ -50.488534399903486, -21.620955228592365 ], [ -50.488465690649612, -21.620859632989532 ], [ -50.488396900162336, -21.62076392436672 ], [ -50.488328111184785, -21.620669214788489 ], [ -50.488327526455585, -21.620668403835666 ], [ -50.488260534782142, -21.620574812411267 ], [ -50.48819157814993, -21.620483198491559 ], [ -50.488189112811988, -21.620479822683738 ], [ -50.488122390222323, -21.620385625968613 ], [ -50.488052724756933, -21.62029339270838 ], [ -50.488051270159318, -21.620291432775705 ], [ -50.487981326227732, -21.620195509552524 ], [ -50.487913382401523, -21.620102586265389 ], [ -50.487912527121544, -21.620101404056918 ], [ -50.487845535448308, -21.620007812632839 ], [ -50.487831806412807, -21.619989572606961 ], [ -50.487830064468788, -21.619989780611501 ], [ -50.487822611880993, -21.619990752721026 ], [ -50.487855854711491, -21.620035380029034 ], [ -50.48785612723718, -21.620035747093084 ], [ -50.487930127285303, -21.6201357470384 ], [ -50.487930422456117, -21.62013614735428 ], [ -50.488002422503961, -21.620234147300962 ], [ -50.488002683556772, -21.62023450376228 ], [ -50.488075683674253, -21.620334503801356 ], [ -50.488148406998768, -21.620434124672752 ], [ -50.488222127752962, -21.620533747193956 ], [ -50.488223794877776, -21.620536046983545 ] ] ], [ [ [ -50.490668687077935, -21.620491953576032 ], [ -50.490668687077928, -21.620491953576014 ], [ -50.49068114311212, -21.620525295605514 ], [ -50.490668687077935, -21.620491953576032 ] ] ], [ [ [ -50.487562515053611, -21.620080287637343 ], [ -50.487553757483496, -21.620091619490701 ], [ -50.487562515053611, -21.620080287637347 ], [ -50.487562515053611, -21.620080287637343 ] ] ], [ [ [ -50.490335575894186, -21.620053001930167 ], [ -50.490411014658335, -21.620152263346576 ], [ -50.490411149611653, -21.620152441200329 ], [ -50.490486149656988, -21.620251441145271 ], [ -50.490487127534649, -21.620252747150413 ], [ -50.490560155273222, -21.620351433166576 ], [ -50.490635152183884, -21.620448139599333 ], [ -50.490635719865779, -21.620448876468142 ], [ -50.490668687077928, -21.620491953576014 ], [ -50.490658852159704, -21.620465627690191 ], [ -50.490644739869182, -21.620424429019685 ], [ -50.490633199374102, -21.620386548554585 ], [ -50.490624230671692, -21.620351986295688 ], [ -50.490617833759387, -21.620320742243081 ], [ -50.490612721018593, -21.620291649364486 ], [ -50.490608892448385, -21.620264707659878 ], [ -50.490606348047784, -21.620239917129492 ], [ -50.4906050878161, -21.620217277773303 ], [ -50.490603866492194, -21.620197188384594 ], [ -50.490602684075895, -21.620179648963401 ], [ -50.49060154056729, -21.620164659509701 ], [ -50.490600435966194, -21.620152220023495 ], [ -50.490597866120389, -21.620127865572989 ], [ -50.490593831031099, -21.620091596158094 ], [ -50.49058136513009, -21.619983312433792 ], [ -50.490575825664493, -21.619932645186296 ], [ -50.490571712300984, -21.619891410035994 ], [ -50.4905690250378, -21.619859606983205 ], [ -50.490567763873592, -21.619837236028101 ], [ -50.490566400916691, -21.619816609394302 ], [ -50.490564936167388, -21.619797727081718 ], [ -50.490563369625384, -21.619780589090503 ], [ -50.490561701290893, -21.619765195420502 ], [ -50.490558174083496, -21.619747827752089 ], [ -50.490552788003782, -21.619728486085002 ], [ -50.490545543052988, -21.619707170419108 ], [ -50.490536439232095, -21.619683880754103 ], [ -50.49052758731689, -21.619663312114803 ], [ -50.490518987306793, -21.619645464501204 ], [ -50.490510639201283, -21.619630337913303 ], [ -50.490502542999891, -21.619617932351193 ], [ -50.490494086767299, -21.619606840038596 ], [ -50.490485270503292, -21.619597060975501 ], [ -50.490476094207793, -21.6195885951619 ], [ -50.490466557880502, -21.619581442597614 ], [ -50.490456634588995, -21.619575018430414 ], [ -50.490446324333085, -21.619569322660197 ], [ -50.490435627112703, -21.619564355286908 ], [ -50.490424542927592, -21.619560116310421 ], [ -50.490412113574585, -21.619557483642005 ], [ -50.490398339053087, -21.619556457281305 ], [ -50.49038321936289, -21.61955703722791 ], [ -50.490366754503384, -21.619559223481595 ], [ -50.490345690401085, -21.619563274474505 ], [ -50.490320027054999, -21.619569190204903 ], [ -50.490289764463597, -21.619576970670604 ], [ -50.490254902624891, -21.619586615869014 ], [ -50.490218052355793, -21.619597127281295 ], [ -50.490179213655196, -21.619608504906193 ], [ -50.490138386521892, -21.619620748742204 ], [ -50.490095570954686, -21.619633858787711 ], [ -50.490052301604088, -21.619646766126912 ], [ -50.49003520177537, -21.619651734824636 ], [ -50.490037716468649, -21.619655179605783 ], [ -50.490111718975243, -21.619751876102548 ], [ -50.49011257064511, -21.6197530002291 ], [ -50.490187570691894, -21.61985300017389 ], [ -50.490188127065721, -21.61985374699449 ], [ -50.490262127183243, -21.619953747033581 ], [ -50.490335575894186, -21.620053001930167 ] ] ], [ [ [ -50.487160989402483, -21.619541405873804 ], [ -50.487162601097211, -21.619542398818723 ], [ -50.487162601097211, -21.619542398818716 ], [ -50.487160989402483, -21.619541405873804 ] ] ], [ [ [ -50.487502462493197, -21.619539695118135 ], [ -50.487433542181243, -21.619445803564989 ], [ -50.487433383236805, -21.619445586608844 ], [ -50.487365383346059, -21.619352586645164 ], [ -50.487297462823236, -21.619259695229029 ], [ -50.487228907716968, -21.619166301203453 ], [ -50.487161277396822, -21.619075795814712 ], [ -50.487160383672681, -21.619074586753769 ], [ -50.487092463148947, -21.618981695336373 ], [ -50.48702354283683, -21.618887803783007 ], [ -50.48702218926276, -21.618885928493519 ], [ -50.486956858312055, -21.618793871129167 ], [ -50.486930738032477, -21.618758286936995 ], [ -50.486924678190796, -21.618760716060734 ], [ -50.486921057239876, -21.618762167540542 ], [ -50.486985125773067, -21.618848746535377 ], [ -50.486985420943995, -21.618849146851399 ], [ -50.487057346601404, -21.618947045544651 ], [ -50.487130063563065, -21.61904566157969 ], [ -50.487202853663369, -21.61914337968032 ], [ -50.487204238009127, -21.619145269875823 ], [ -50.487275553962419, -21.619244319688857 ], [ -50.487347853896026, -21.619341379757728 ], [ -50.487348834113021, -21.619342711479636 ], [ -50.487420758490472, -21.619441607377595 ], [ -50.487493271272314, -21.61954093983481 ], [ -50.487565854245013, -21.619638379873834 ], [ -50.487566834461944, -21.619639711595653 ], [ -50.487638482785862, -21.619738227920806 ], [ -50.487712126935151, -21.619837746921917 ], [ -50.48771379406044, -21.619840046712156 ], [ -50.487783840294405, -21.619938703256192 ], [ -50.487796234781911, -21.619955342411266 ], [ -50.48780224738541, -21.619955160159989 ], [ -50.487805755638398, -21.619954962251459 ], [ -50.487776578816202, -21.619916198713266 ], [ -50.487775980674407, -21.619915398307544 ], [ -50.487706980718919, -21.619822398256595 ], [ -50.487705113587012, -21.619819822941043 ], [ -50.48763774133829, -21.619724709058342 ], [ -50.487570383017115, -21.61963258653579 ], [ -50.487502462493197, -21.619539695118135 ] ] ], [ [ [ -50.488082078136273, -21.619356857625732 ], [ -50.488008146997899, -21.619259947778726 ], [ -50.488006850600513, -21.61925822195122 ], [ -50.487936210000271, -21.619162707786177 ], [ -50.487864298795778, -21.619067154430315 ], [ -50.487791040699719, -21.618973106768571 ], [ -50.487789573814418, -21.618971190985675 ], [ -50.487717583787763, -21.618875532894126 ], [ -50.487643626073719, -21.618781853018966 ], [ -50.487642010211928, -21.6187797676338 ], [ -50.487569298741498, -21.61868414695979 ], [ -50.487495749770467, -21.618588731970064 ], [ -50.487467743596831, -21.618552669185352 ], [ -50.487458610548792, -21.618556158580031 ], [ -50.487438991842438, -21.61856350679253 ], [ -50.487475279906157, -21.618612602349792 ], [ -50.487545359851659, -21.618703410062693 ], [ -50.487545964614455, -21.618704199269274 ], [ -50.487615732947148, -21.618795894686624 ], [ -50.487685499597674, -21.618886591228875 ], [ -50.487685964829602, -21.618887199340755 ], [ -50.487755964871347, -21.618979199289445 ], [ -50.487756111144222, -21.618979391866322 ], [ -50.48782503819811, -21.619070295556678 ], [ -50.487894965086468, -21.619162199360925 ], [ -50.48789586584364, -21.619163395987254 ], [ -50.487965190371497, -21.619256488814845 ], [ -50.488034130275985, -21.619346110588381 ], [ -50.488105756251088, -21.619437632565528 ], [ -50.488107420681168, -21.619439801062288 ], [ -50.488177193975993, -21.619532499759966 ], [ -50.488246965629564, -21.619624199541434 ], [ -50.488247420898638, -21.619624801134574 ], [ -50.488317421007942, -21.6197178011709 ], [ -50.488387194302462, -21.619810499868173 ], [ -50.488453646354728, -21.619897836750113 ], [ -50.488458850648591, -21.619897326849301 ], [ -50.48848254922202, -21.619895175703814 ], [ -50.488444145477345, -21.619843619930315 ], [ -50.488443010728297, -21.619842075313358 ], [ -50.488372293085796, -21.619744464926445 ], [ -50.488301352471609, -21.619647906752121 ], [ -50.488228146654691, -21.619551947664633 ], [ -50.488226727364221, -21.619550055423058 ], [ -50.488154361798493, -21.6194519157029 ], [ -50.488082078136273, -21.619356857625732 ] ] ], [ [ [ -50.488867621033712, -21.619450925736086 ], [ -50.488798723990676, -21.619359390985203 ], [ -50.488726869244438, -21.619264582529322 ], [ -50.488725698121073, -21.619263015429389 ], [ -50.488655698232684, -21.619168015466524 ], [ -50.488586135904789, -21.619073609336926 ], [ -50.488516579890451, -21.618981199094925 ], [ -50.488515698453604, -21.618980015539975 ], [ -50.48844613612566, -21.618885609410313 ], [ -50.488376580111392, -21.618793199168412 ], [ -50.488375271896857, -21.618791433377371 ], [ -50.488305919100306, -21.618696320855314 ], [ -50.488236580333492, -21.618604199242309 ], [ -50.488235698896581, -21.61860301568726 ], [ -50.488166136568921, -21.618508609557974 ], [ -50.488096580554426, -21.618416199315778 ], [ -50.488095113873349, -21.618414215773175 ], [ -50.48803064921276, -21.618325459972709 ], [ -50.488026549947108, -21.618327166723528 ], [ -50.488013973240676, -21.618332403101419 ], [ -50.488041237056599, -21.618370269465277 ], [ -50.488042020809097, -21.618371368819858 ], [ -50.488113906902257, -21.618473207322378 ], [ -50.48818463517388, -21.618572824480566 ], [ -50.488257156949679, -21.618674156150398 ], [ -50.488328833400672, -21.618772711149486 ], [ -50.488330021282131, -21.618774368977018 ], [ -50.488401359413722, -21.618875431202287 ], [ -50.488473682032591, -21.618974503161436 ], [ -50.488475021519235, -21.618976369055765 ], [ -50.488546750856166, -21.619077985487408 ], [ -50.488618809634573, -21.619178670230461 ], [ -50.488692126301132, -21.619277746687512 ], [ -50.488694183366064, -21.619280598424801 ], [ -50.488764832852247, -21.619381099678392 ], [ -50.488836809990488, -21.619481670348929 ], [ -50.488910126657068, -21.619580746806001 ], [ -50.488910388450456, -21.619581101710057 ], [ -50.488985388500161, -21.619683101654541 ], [ -50.48898608464571, -21.619684056564378 ], [ -50.489059084696571, -21.619785056510089 ], [ -50.489059478368674, -21.619785603866266 ], [ -50.489098280778904, -21.619839820865593 ], [ -50.489143600964688, -21.619834611909702 ], [ -50.489151161650653, -21.619833670608053 ], [ -50.489150844035926, -21.61983323048425 ], [ -50.489079868686211, -21.619739582343637 ], [ -50.489078697562917, -21.619738015243819 ], [ -50.489009061427922, -21.619643508947235 ], [ -50.488937429659977, -21.619547999810575 ], [ -50.488935692168091, -21.619545633518062 ], [ -50.488867621033712, -21.619450925736086 ] ] ], [ [ [ -50.490303269307283, -21.619532098941203 ], [ -50.490319476288491, -21.619521591345205 ], [ -50.490333962589588, -21.6195106311324 ], [ -50.490345982219893, -21.619500490941402 ], [ -50.490355535179987, -21.619491170772598 ], [ -50.490362621470588, -21.61948267062661 ], [ -50.490367241092088, -21.619474990503704 ], [ -50.490371073467394, -21.619466704056606 ], [ -50.490374118596499, -21.619457811285507 ], [ -50.490376376479389, -21.619448312190411 ], [ -50.490377847116385, -21.619438206771225 ], [ -50.490378518840792, -21.619428576523219 ], [ -50.490378391652996, -21.619419421446104 ], [ -50.490377465553088, -21.6194107415402 ], [ -50.49037574054109, -21.619402536805207 ], [ -50.490372529546995, -21.619392835467927 ], [ -50.490367832571195, -21.619381637528011 ], [ -50.490361649614186, -21.61936894298541 ], [ -50.490346898231586, -21.619341599288319 ], [ -50.490329169850298, -21.619308373195114 ], [ -50.490315144831001, -21.619283279068611 ], [ -50.490292417769702, -21.619243127583811 ], [ -50.490220857582493, -21.619117652524722 ], [ -50.490180571710383, -21.619050606689115 ], [ -50.4901401310617, -21.61898678123082 ], [ -50.490099535633995, -21.618926176149618 ], [ -50.490058785424893, -21.618868791445419 ], [ -50.490023591101185, -21.618823233593623 ], [ -50.489993952649392, -21.618789502597625 ], [ -50.489969870058289, -21.618767598460227 ], [ -50.489951343319689, -21.618757521184019 ], [ -50.489927944602186, -21.618745236988126 ], [ -50.489899673908091, -21.618730745870632 ], [ -50.489866531240196, -21.618714047829023 ], [ -50.489828516601797, -21.618695142860528 ], [ -50.489795331446999, -21.618676923712329 ], [ -50.489766975773492, -21.618659390387215 ], [ -50.489743449579187, -21.618642542887727 ], [ -50.489724752861889, -21.618626381215837 ], [ -50.489707919391691, -21.618610941005937 ], [ -50.489692949167392, -21.618596222258532 ], [ -50.489679842188494, -21.618582224974244 ], [ -50.489668598454195, -21.618568949153328 ], [ -50.489658665764594, -21.618556974646332 ], [ -50.489650044119195, -21.618546301453133 ], [ -50.489642733517385, -21.61853692957424 ], [ -50.48963673395879, -21.618528859009729 ], [ -50.489629524769107, -21.618517854643631 ], [ -50.489621105948885, -21.61850391647593 ], [ -50.489611477499196, -21.618487044506338 ], [ -50.489600639420793, -21.618467238734731 ], [ -50.489590993022496, -21.618448666809826 ], [ -50.489582538303594, -21.618431328731937 ], [ -50.489575275263292, -21.618415224501039 ], [ -50.489569203901283, -21.618400354117334 ], [ -50.489564242433893, -21.618382758354631 ], [ -50.489560390861094, -21.618362437212845 ], [ -50.489557649182586, -21.618339390692036 ], [ -50.489556017397888, -21.618313618792243 ], [ -50.4895530375709, -21.618263015281329 ], [ -50.489550436066693, -21.618213665488437 ], [ -50.489548957433691, -21.618191964869439 ], [ -50.489547253629702, -21.618173081812934 ], [ -50.489545324654699, -21.618157016319145 ], [ -50.489543170508504, -21.618143768388034 ], [ -50.489539976373187, -21.618126960896852 ], [ -50.489535742249295, -21.618106593845738 ], [ -50.489530468137389, -21.618082667234447 ], [ -50.489524154038591, -21.618055181062836 ], [ -50.489517092145682, -21.618029481963241 ], [ -50.489509282459089, -21.618005569935448 ], [ -50.48950072497869, -21.617983444979451 ], [ -50.489491419704692, -21.617963107095164 ], [ -50.489481559094884, -21.617944243733739 ], [ -50.489471143149295, -21.617926854895341 ], [ -50.489460171867584, -21.617910940579744 ], [ -50.489448645249908, -21.617896500786948 ], [ -50.489436780772991, -21.617882909905642 ], [ -50.489424578436896, -21.617870167935951 ], [ -50.489412038241291, -21.617858274877648 ], [ -50.489399160186196, -21.617847230730753 ], [ -50.489387040262784, -21.617838269050239 ], [ -50.489375678470296, -21.617831389836237 ], [ -50.489365074808283, -21.617826593088953 ], [ -50.489355229276093, -21.617823878808544 ], [ -50.489343106101011, -21.617822656129448 ], [ -50.489328705282695, -21.617822925051151 ], [ -50.489312026820883, -21.617824685573147 ], [ -50.489293070714801, -21.617827937694749 ], [ -50.489270329309392, -21.617832878089143 ], [ -50.489243802603596, -21.617839506754645 ], [ -50.489213490595894, -21.617847823689655 ], [ -50.489179393284587, -21.617857828891747 ], [ -50.489142082936084, -21.617870038559843 ], [ -50.489101559547684, -21.617884452691452 ], [ -50.489057823116795, -21.617901071284241 ], [ -50.489010873640183, -21.617919894335746 ], [ -50.488958700828285, -21.617941206438047 ], [ -50.488901304675998, -21.617965007586157 ], [ -50.488838685178088, -21.617991297774545 ], [ -50.488832401383462, -21.617993963386709 ], [ -50.488879393803884, -21.618059487947583 ], [ -50.488880346607274, -21.618060832660916 ], [ -50.488949599721444, -21.618159765554779 ], [ -50.489020832881231, -21.618257711028697 ], [ -50.48909283293051, -21.618356710975224 ], [ -50.489093792363242, -21.618358046107566 ], [ -50.489164516171122, -21.618457656979079 ], [ -50.489236237294605, -21.618557269526704 ], [ -50.489236792598035, -21.618558046185605 ], [ -50.489307516405674, -21.618657657056804 ], [ -50.489378277308425, -21.618755935967268 ], [ -50.489451285648997, -21.618852622574757 ], [ -50.489453792947913, -21.618856046301818 ], [ -50.48952424285627, -21.618955271400168 ], [ -50.489596405419832, -21.619054124106189 ], [ -50.48967012617382, -21.619153746627134 ], [ -50.489671477647448, -21.619155603608782 ], [ -50.489743809744688, -21.619256670249225 ], [ -50.48981712641114, -21.619355746706109 ], [ -50.489817682567789, -21.619356503392151 ], [ -50.489890131538317, -21.61945574843697 ], [ -50.489964570341662, -21.619555000057392 ], [ -50.489965682802762, -21.619556503470285 ], [ -50.490020016559171, -21.619630933183711 ], [ -50.490055238774488, -21.619620918776004 ], [ -50.490095944509896, -21.619609189031504 ], [ -50.490132292938895, -21.619598541905305 ], [ -50.490164284063184, -21.619588977400412 ], [ -50.490193619661284, -21.619579516584103 ], [ -50.490220299733792, -21.619570159457904 ], [ -50.490244324281086, -21.6195609060231 ], [ -50.490265693303684, -21.619551756280718 ], [ -50.490285341645794, -21.619542153919916 ], [ -50.490303269307283, -21.619532098941203 ] ] ], [ [ [ -50.487737146258183, -21.617924165916232 ], [ -50.487761911179575, -21.617976660521343 ], [ -50.487762867501914, -21.61797863813424 ], [ -50.487826873355239, -21.618069160583357 ], [ -50.487897792057517, -21.618169045953266 ], [ -50.487898020572018, -21.618169368741107 ], [ -50.487928565584745, -21.618212640787597 ], [ -50.487933048683971, -21.618212778797606 ], [ -50.487939576781862, -21.618212605207081 ], [ -50.4879460370259, -21.618212016430615 ], [ -50.487946511720146, -21.618211942408074 ], [ -50.487887952401778, -21.618130992662294 ], [ -50.487820463217275, -21.618037698675124 ], [ -50.487751982899816, -21.617945399006164 ], [ -50.487749362069735, -21.61794174930419 ], [ -50.487737146258183, -21.617924165916232 ] ] ], [ [ [ -50.487724759928078, -21.617897910411635 ], [ -50.487737146258183, -21.617924165916229 ], [ -50.487737146258183, -21.617924165916232 ], [ -50.487724759928078, -21.617897910411635 ] ] ], [ [ [ -50.488844248067089, -21.617849544308747 ], [ -50.488853517989845, -21.617847603379232 ], [ -50.488860461343926, -21.617844633649071 ], [ -50.488874181921958, -21.617839640430475 ], [ -50.488882914228583, -21.617837253987663 ], [ -50.488892405186618, -21.617833059307483 ], [ -50.488907378248463, -21.617828983681402 ], [ -50.488942094962326, -21.617816436444471 ], [ -50.488953929387733, -21.617812599315609 ], [ -50.488966520628964, -21.617807838754125 ], [ -50.488985717179858, -21.617800902626382 ], [ -50.488999766550833, -21.617795577281825 ], [ -50.489036439388023, -21.617781098610262 ], [ -50.489052442749781, -21.617774474583719 ], [ -50.489068172809382, -21.617767693673972 ], [ -50.489103225855814, -21.617751784858594 ], [ -50.489116149031766, -21.61774638074532 ], [ -50.489131105092987, -21.617738771503817 ], [ -50.489164544925281, -21.617724791308028 ], [ -50.48917436387741, -21.617720188721943 ], [ -50.489187119878729, -21.617715031600323 ], [ -50.489202298385585, -21.617708158266691 ], [ -50.489214101996645, -21.617703573986624 ], [ -50.489225959034236, -21.61769840960368 ], [ -50.489240881236071, -21.617692711972285 ], [ -50.489251324540383, -21.617688137697229 ], [ -50.489261483512671, -21.617683987987927 ], [ -50.489274691814941, -21.617677903035634 ], [ -50.489294834724525, -21.617667765464439 ], [ -50.489307325309099, -21.617660744304775 ], [ -50.489315058642319, -21.617655310639421 ], [ -50.489322288730499, -21.61764896606276 ], [ -50.4893302354957, -21.61763819694335 ], [ -50.489334695557204, -21.61762919162269 ], [ -50.489337277535128, -21.6176193322692 ], [ -50.489337663082033, -21.617603569146958 ], [ -50.489336831117512, -21.617591893562409 ], [ -50.489333212684208, -21.617579842741122 ], [ -50.489326072465857, -21.617561727657858 ], [ -50.489319678253494, -21.617547287730922 ], [ -50.489303443962342, -21.617511606990476 ], [ -50.489295191306539, -21.617495795110703 ], [ -50.489286734953694, -21.617480228669432 ], [ -50.489265976600826, -21.617443446263145 ], [ -50.489235239489162, -21.617391067503977 ], [ -50.489225689780149, -21.617375457245917 ], [ -50.489213238965888, -21.617354360958586 ], [ -50.489203792093122, -21.617338985216833 ], [ -50.489193887112847, -21.617323379824619 ], [ -50.489181155671197, -21.617302506676445 ], [ -50.489161207516844, -21.617271462221446 ], [ -50.489148785342778, -21.617251495121295 ], [ -50.489139457660265, -21.617238006898141 ], [ -50.48911795030557, -21.617205220616853 ], [ -50.489108947862945, -21.617191156646754 ], [ -50.489099071535023, -21.617176878718173 ], [ -50.489086901812676, -21.617157433576946 ], [ -50.489077447600799, -21.617143995013478 ], [ -50.489067968592892, -21.617129336150832 ], [ -50.489055160920394, -21.617110138700987 ], [ -50.489045799798447, -21.617095293061379 ], [ -50.489013022423059, -21.617046590737299 ], [ -50.488990419995197, -21.617011975687571 ], [ -50.488980614096853, -21.616997463189424 ], [ -50.488970251087594, -21.616983141887985 ], [ -50.488935706422751, -21.616933662052752 ], [ -50.488922804554015, -21.61691240781165 ], [ -50.488913886526376, -21.616896892963627 ], [ -50.48890621933846, -21.616880201601504 ], [ -50.488892243649715, -21.616846247835731 ], [ -50.488881936135165, -21.616814842942095 ], [ -50.488877810308104, -21.616801108111243 ], [ -50.488873319745849, -21.616787924813085 ], [ -50.488866182119907, -21.61676861623684 ], [ -50.488860140720163, -21.616753540343289 ], [ -50.488853623615448, -21.616738723467503 ], [ -50.488842891670615, -21.616720223412418 ], [ -50.488824479259137, -21.616692281109366 ], [ -50.488810178956335, -21.616675406854235 ], [ -50.488762839351743, -21.616620575026154 ], [ -50.488753780241233, -21.616608689990066 ], [ -50.488741344664554, -21.616594257597104 ], [ -50.488732573486438, -21.616582449982559 ], [ -50.488711034208549, -21.61655477945985 ], [ -50.488702291214608, -21.616542275006765 ], [ -50.48869328194376, -21.616530983879585 ], [ -50.488679864159387, -21.616515551990052 ], [ -50.488669766673304, -21.616505206860943 ], [ -50.488657898128309, -21.616497272897707 ], [ -50.48863824737083, -21.616488026763442 ], [ -50.488623392002637, -21.616483157827485 ], [ -50.488609164992901, -21.616481110861706 ], [ -50.488588090897281, -21.616483164403771 ], [ -50.488571389061363, -21.61648831658076 ], [ -50.488554541404476, -21.616494613736297 ], [ -50.488514146592721, -21.616513146034713 ], [ -50.488473830188958, -21.616532787361241 ], [ -50.48837947848731, -21.616579780376803 ], [ -50.488336859562864, -21.616599879763079 ], [ -50.48829460382882, -21.616618905544644 ], [ -50.488234852765551, -21.616645386144967 ], [ -50.488217033665983, -21.616653653212069 ], [ -50.488198404946068, -21.616661414375852 ], [ -50.4881760918175, -21.616671002178109 ], [ -50.488119449865167, -21.616698705231112 ], [ -50.488101909944419, -21.616705767537933 ], [ -50.488085545054012, -21.616713368335869 ], [ -50.488065521692256, -21.616723508005169 ], [ -50.488010398645287, -21.616753923390522 ], [ -50.487991473843053, -21.61676383456464 ], [ -50.487972177065863, -21.616773096092516 ], [ -50.487946861158029, -21.616784501251068 ], [ -50.487927790086978, -21.616793405042714 ], [ -50.48790789371062, -21.616802051041308 ], [ -50.487881911591394, -21.616813986781089 ], [ -50.487862021140693, -21.616822481713534 ], [ -50.487816022744937, -21.616843227300663 ], [ -50.487795698671739, -21.616851928922024 ], [ -50.487775776640639, -21.616861500185713 ], [ -50.487748880366873, -21.616873932537477 ], [ -50.487730147243873, -21.616882812100851 ], [ -50.487712269395111, -21.616892693574393 ], [ -50.487689487878804, -21.616903811330797 ], [ -50.487672003151943, -21.616912841290681 ], [ -50.487653091004368, -21.616920990920026 ], [ -50.487629309804298, -21.616932196984632 ], [ -50.487593369347088, -21.616948207403095 ], [ -50.487569139091981, -21.616959377722285 ], [ -50.487550473076865, -21.616967243351358 ], [ -50.487532750691983, -21.616975476674718 ], [ -50.487508288421758, -21.616986569608386 ], [ -50.487471092102155, -21.617003042083624 ], [ -50.487445877006429, -21.617013047497569 ], [ -50.48742888251234, -21.617020110331254 ], [ -50.487413151612756, -21.617027867316501 ], [ -50.487392218526601, -21.61703964907673 ], [ -50.487379372311018, -21.617048965590801 ], [ -50.487352275458655, -21.617072582536032 ], [ -50.487346572504457, -21.6170872986707 ], [ -50.487342316567393, -21.617101891135825 ], [ -50.487342661268919, -21.617122017720231 ], [ -50.487346510353554, -21.61713744597095 ], [ -50.487352870578306, -21.617153708175753 ], [ -50.487362008711365, -21.617173371802345 ], [ -50.487369168216226, -21.617186384197741 ], [ -50.487374619048943, -21.617199113136635 ], [ -50.48738453341447, -21.617215765635851 ], [ -50.487390515739342, -21.617229497467136 ], [ -50.487398283566414, -21.617243079372471 ], [ -50.487422960207709, -21.617287858046552 ], [ -50.487431392322129, -21.617305461118466 ], [ -50.487437735202704, -21.617319733997373 ], [ -50.487513472897113, -21.617453035213195 ], [ -50.487522312453166, -21.617469967563917 ], [ -50.487531478145321, -21.617491823100082 ], [ -50.487538822661222, -21.617508142322297 ], [ -50.487545144946509, -21.617524363118438 ], [ -50.487554191643746, -21.617545342365819 ], [ -50.487561573856148, -21.617561195633932 ], [ -50.487568346333447, -21.617577414633057 ], [ -50.487577832108592, -21.61759865085692 ], [ -50.487584006168916, -21.617614096639052 ], [ -50.487590786449722, -21.617628639260232 ], [ -50.487598839004541, -21.617648486719631 ], [ -50.48761297735949, -21.617678061725112 ], [ -50.487623739725692, -21.617699146042295 ], [ -50.487632032921162, -21.617716799971767 ], [ -50.487641407897499, -21.617734580878349 ], [ -50.487671762845508, -21.617795698658878 ], [ -50.487683891960344, -21.617819585799673 ], [ -50.487694557597727, -21.617839948491497 ], [ -50.487893378501163, -21.617719173476807 ], [ -50.487841114704779, -21.617647215987756 ], [ -50.488096885153567, -21.617484783910292 ], [ -50.488129406759008, -21.617529559978962 ], [ -50.488382986505499, -21.617368923758033 ], [ -50.488453986554624, -21.617466923705251 ], [ -50.488454553429186, -21.617467711712468 ], [ -50.488524553544224, -21.617565711750725 ], [ -50.4885941951229, -21.61766320983908 ], [ -50.48866583223176, -21.617761710742748 ], [ -50.488666553775509, -21.617762711827588 ], [ -50.488736395620528, -21.617860490288241 ], [ -50.488754099546121, -21.61788507904323 ], [ -50.488759590760722, -21.617883248355955 ], [ -50.488767683500896, -21.617880083609602 ], [ -50.488776246860226, -21.617876093510436 ], [ -50.488789208393086, -21.617870563213078 ], [ -50.488797382409693, -21.617867800821184 ], [ -50.488803948028796, -21.617864493304555 ], [ -50.488815784488573, -21.61785967741827 ], [ -50.488823463150474, -21.617857821565433 ], [ -50.488844248067089, -21.617849544308747 ] ] ], [ [ [ -50.485967997425661, -21.623734757211029 ], [ -50.485967997425661, -21.623734757211036 ], [ -50.485968354366491, -21.623733742376906 ], [ -50.485967997425661, -21.623734757211029 ] ] ], [ [ [ -50.485349976089296, -21.623869790893806 ], [ -50.485444316955892, -21.623997216023401 ], [ -50.485476156649895, -21.624037552906 ], [ -50.485500220564184, -21.624064780988011 ], [ -50.485516508687994, -21.624078900272504 ], [ -50.485525021014702, -21.624079910761903 ], [ -50.485537584111889, -21.624078629976196 ], [ -50.485551575929293, -21.624075621667838 ], [ -50.485546484119055, -21.624068359568561 ], [ -50.485485279533044, -21.623984449952314 ], [ -50.485423279632919, -21.623899449985515 ], [ -50.485361279675018, -21.623814449939513 ], [ -50.4853606260085, -21.623813546478107 ], [ -50.485299951118947, -21.623728999395833 ], [ -50.485238279932538, -21.623644450085163 ], [ -50.485176279974638, -21.623559450039156 ], [ -50.485174710884074, -21.623557256100405 ], [ -50.485114484820372, -21.62347135980168 ], [ -50.485053605541587, -21.623387896172002 ], [ -50.484990934501987, -21.623303339906116 ], [ -50.484990280334387, -21.623302450218823 ], [ -50.484947331992075, -21.623243569355083 ], [ -50.484943968067896, -21.623259029897504 ], [ -50.484941674451392, -21.623273775130517 ], [ -50.484940686117596, -21.623286725113715 ], [ -50.484941003067092, -21.623297879847225 ], [ -50.484942625300192, -21.623307239330821 ], [ -50.484968855618902, -21.623348154173215 ], [ -50.485019694060895, -21.623420624362819 ], [ -50.485095140695293, -21.623524649877812 ], [ -50.485280140778585, -21.623775277683198 ], [ -50.485349976089296, -21.623869790893806 ] ] ], [ [ [ -50.486153585554, -21.623439695847217 ], [ -50.48613392857871, -21.623462435946333 ], [ -50.48613392857871, -21.62346243594634 ], [ -50.486153585554, -21.623439695847217 ] ] ], [ [ [ -50.485121772164902, -21.622832893267105 ], [ -50.485224250696731, -21.622691312644882 ], [ -50.485224250696731, -21.622691312644875 ], [ -50.485121772164902, -21.622832893267105 ] ] ], [ [ [ -50.486518408847978, -21.622511625240477 ], [ -50.48645840894433, -21.622429625272531 ], [ -50.486398659150957, -21.622347967122618 ], [ -50.486338911447589, -21.622267307626359 ], [ -50.486338409135875, -21.622266625336206 ], [ -50.486278409232227, -21.622184625368259 ], [ -50.486218409328572, -21.622102625400291 ], [ -50.486158659535, -21.622020967250091 ], [ -50.486098911831881, -21.621940307754194 ], [ -50.48609744152003, -21.621938286529886 ], [ -50.486038167634902, -21.62185530298737 ], [ -50.486010424201567, -21.621817849307252 ], [ -50.485995164744068, -21.62183481538727 ], [ -50.485994672762502, -21.621835362392208 ], [ -50.486003268164332, -21.621847308529077 ], [ -50.486003460540978, -21.621847576545104 ], [ -50.486061460582498, -21.621928576501844 ], [ -50.486061945314503, -21.621929257615268 ], [ -50.486119945410771, -21.622011257647262 ], [ -50.486177119074235, -21.622092089276524 ], [ -50.486235268676005, -21.622170936098591 ], [ -50.486236460922662, -21.622172576671982 ], [ -50.486294460964174, -21.622253576628729 ], [ -50.486295621679908, -21.622255221775063 ], [ -50.486351804908402, -21.62233604666628 ], [ -50.486408963921228, -21.622414886586245 ], [ -50.48640994588628, -21.622416257805206 ], [ -50.486467119550042, -21.622497089434873 ], [ -50.486525269151841, -21.622575936256986 ], [ -50.486526946076516, -21.622578257868401 ], [ -50.486583783769802, -21.622658614506257 ], [ -50.486642573991084, -21.622737001374649 ], [ -50.486643269397447, -21.622737936395211 ], [ -50.486702010921128, -21.622817585823281 ], [ -50.486760750238936, -21.622896236680951 ], [ -50.486761269584314, -21.62289693645733 ], [ -50.486783698634987, -21.622927348692961 ], [ -50.48679386495759, -21.622921683530116 ], [ -50.486813284875268, -21.622910712523296 ], [ -50.486758910777695, -21.622837307403575 ], [ -50.486758408466038, -21.622836625113514 ], [ -50.48669840856239, -21.622754625145564 ], [ -50.48663840865877, -21.622672625177625 ], [ -50.486579171875206, -21.622591668142444 ], [ -50.486519954473032, -21.62251369847197 ], [ -50.486518408847978, -21.622511625240477 ] ] ], [ [ [ -50.483040793197787, -21.620704337905082 ], [ -50.483041617539186, -21.620709641463389 ], [ -50.483042994125796, -21.620716674594483 ], [ -50.483044234664284, -21.620721920732983 ], [ -50.483045653572894, -21.620727142262986 ], [ -50.483047250851683, -21.620732339184482 ], [ -50.483049120574691, -21.620737648438794 ], [ -50.483050873804899, -21.620741767682375 ], [ -50.483053082606496, -21.620746423753975 ], [ -50.483055746979595, -21.620751616653379 ], [ -50.483058866924189, -21.620757346380678 ], [ -50.483062442440485, -21.620763612935789 ], [ -50.483066473528488, -21.620770416318777 ], [ -50.483070960188286, -21.620777756529471 ], [ -50.48307590242009, -21.620785633567976 ], [ -50.483087153600096, -21.62080299812818 ], [ -50.483100227069585, -21.620822509998774 ], [ -50.483115122829886, -21.620844169179385 ], [ -50.483135854328403, -21.620873645440067 ], [ -50.483152145443896, -21.620896431851168 ], [ -50.483163981858084, -21.620912770038771 ], [ -50.483179254513296, -21.620933552128271 ], [ -50.483193945190209, -21.620953188891175 ], [ -50.483208053888291, -21.620971680327674 ], [ -50.483221580606994, -21.620989026438053 ], [ -50.483234525345786, -21.621005227222369 ], [ -50.483250197431992, -21.621024470364159 ], [ -50.483256810156888, -21.621032831907666 ], [ -50.483263690150295, -21.621041710820968 ], [ -50.483278251942693, -21.621061020756567 ], [ -50.483285933742103, -21.621071451778985 ], [ -50.483297957570386, -21.621088068380466 ], [ -50.483310582754392, -21.621105849063575 ], [ -50.483319333630384, -21.621118349564171 ], [ -50.483332961074787, -21.621138070382862 ], [ -50.483342380124988, -21.621151864307162 ], [ -50.483362020035493, -21.621181004263565 ], [ -50.483387692400299, -21.621219619510974 ], [ -50.483407452229692, -21.621249096389256 ], [ -50.483426249571096, -21.621276803276764 ], [ -50.483439715943589, -21.621296421886157 ], [ -50.483456828927892, -21.62132103129067 ], [ -50.483472979420995, -21.621343870705356 ], [ -50.483488167421797, -21.621364940130359 ], [ -50.483502392929395, -21.621384239566058 ], [ -50.483509144747885, -21.621393225538061 ], [ -50.483532660419591, -21.621424103621159 ], [ -50.483572045927588, -21.621475401795166 ], [ -50.483614404263591, -21.62153009221085 ], [ -50.483650770243891, -21.621576647558754 ], [ -50.483678712664783, -21.621611982026252 ], [ -50.483702316196606, -21.621641504354962 ], [ -50.483729448682283, -21.621675055321358 ], [ -50.483763790307592, -21.62171701841195 ], [ -50.48377543601989, -21.621731523262962 ], [ -50.483787295119782, -21.621746563488358 ], [ -50.483803439189685, -21.621767449926747 ], [ -50.483819962616195, -21.621789288141553 ], [ -50.483832604139103, -21.621806291405949 ], [ -50.483849791440782, -21.62182979522936 ], [ -50.483862930870693, -21.621848047700055 ], [ -50.483876283689703, -21.621866835544747 ], [ -50.483915554665288, -21.621922984840339 ], [ -50.483962015753782, -21.621989970218856 ], [ -50.483981800215787, -21.622018781685956 ], [ -50.483995842766888, -21.622039433720044 ], [ -50.484004909995193, -21.622052977157644 ], [ -50.484014702195687, -21.622067820134347 ], [ -50.484036461515103, -21.622101404704551 ], [ -50.484061120729287, -21.622140187429544 ], [ -50.484095876092688, -21.622195589451952 ], [ -50.484106643702091, -21.622212364609251 ], [ -50.484113804264993, -21.622223310341543 ], [ -50.484124518344508, -21.622239372381244 ], [ -50.4841387538224, -21.622260122857941 ], [ -50.484152932201184, -21.622280112675856 ], [ -50.484163528514003, -21.622294605857039 ], [ -50.484174092708294, -21.622308671167847 ], [ -50.484184624784092, -21.622322308608037 ], [ -50.484195124741291, -21.622335518177838 ], [ -50.484212605524085, -21.622357032205528 ], [ -50.484226675636485, -21.622374674537149 ], [ -50.48424437883989, -21.622397341155541 ], [ -50.484262210446595, -21.622420689666825 ], [ -50.484276568182693, -21.622439859438831 ], [ -50.484291008097195, -21.622459465622335 ], [ -50.484305530190483, -21.622479508217335 ], [ -50.484327287516983, -21.622509897048833 ], [ -50.484341355428185, -21.62252922178703 ], [ -50.484355025787593, -21.62254766738393 ], [ -50.484371554678788, -21.622569488087422 ], [ -50.484384330544806, -21.622585955616433 ], [ -50.484399741318299, -21.622605303735437 ], [ -50.484411622689294, -21.622619793197028 ], [ -50.484429160320985, -21.622640788392722 ], [ -50.484441738099186, -21.622656414441138 ], [ -50.484455147627692, -21.622673586395141 ], [ -50.484462164298485, -21.622682752086728 ], [ -50.484473079188085, -21.622697225267132 ], [ -50.484492310360686, -21.62272327961573 ], [ -50.484512841147186, -21.622751749440617 ], [ -50.484525783434506, -21.622769990763921 ], [ -50.484557110998296, -21.622814629795926 ], [ -50.484579123638291, -21.622845776022434 ], [ -50.484604975417383, -21.622882031041225 ], [ -50.484630212589494, -21.622917063748123 ], [ -50.484654835153485, -21.622950874143122 ], [ -50.484678823968096, -21.622983426567529 ], [ -50.484694219856586, -21.623003973664616 ], [ -50.484712649927602, -21.623028091257734 ], [ -50.484730174675491, -21.623050468541727 ], [ -50.484740254968884, -21.623063059563908 ], [ -50.48475000934539, -21.623075024074929 ], [ -50.48475943780479, -21.623086362075028 ], [ -50.484768540346984, -21.623097073564139 ], [ -50.484777316971694, -21.623107158542226 ], [ -50.484785732506083, -21.623116590371712 ], [ -50.484793540741386, -21.623125182588428 ], [ -50.484802952320592, -21.62313529137673 ], [ -50.484811221726687, -21.623143860164408 ], [ -50.484818348959095, -21.623150888951724 ], [ -50.484824334017496, -21.623156377738823 ], [ -50.484828073259408, -21.623159483703926 ], [ -50.484830209157792, -21.623161073097307 ], [ -50.484832059512492, -21.623162277490714 ], [ -50.484833624323592, -21.623163096884117 ], [ -50.484834903590901, -21.623163531277616 ], [ -50.484838140854784, -21.623163924491415 ], [ -50.484841478762995, -21.623164212785827 ], [ -50.484847859657094, -21.623164468826417 ], [ -50.484853954015904, -21.623164395575522 ], [ -50.484865488740688, -21.623163873531514 ], [ -50.484873642121386, -21.623163322488821 ], [ -50.484878121746284, -21.623162778587513 ], [ -50.484882962407191, -21.62316181851903 ], [ -50.484885560655385, -21.623161125849723 ], [ -50.484886892649129, -21.623160708864653 ], [ -50.484866605841439, -21.623132896271898 ], [ -50.484803934801697, -21.623048340005802 ], [ -50.484801711485268, -21.623045256299839 ], [ -50.484741485421935, -21.622959360001644 ], [ -50.484681171279902, -21.622876671157712 ], [ -50.484618088325846, -21.622793874684241 ], [ -50.484615163953812, -21.622789897573988 ], [ -50.484555117418296, -21.62270524169643 ], [ -50.48449210271766, -21.622620565590818 ], [ -50.484490627412313, -21.622618546944551 ], [ -50.48442980722605, -21.622533797399232 ], [ -50.484367134384279, -21.622447249082541 ], [ -50.484305689436745, -21.622363009939004 ], [ -50.484242103120764, -21.622277565724957 ], [ -50.48424145646824, -21.622276689925013 ], [ -50.484178456510485, -21.622190689878312 ], [ -50.484177164659684, -21.622188897808336 ], [ -50.484116887002379, -21.622103916086328 ], [ -50.484053781468504, -21.622018131897129 ], [ -50.483990936112043, -21.621933340441675 ], [ -50.483990627809881, -21.621932922914439 ], [ -50.48392662785227, -21.621845922867063 ], [ -50.4839264569747, -21.621845690093412 ], [ -50.483863457016945, -21.62175969004673 ], [ -50.483862989023251, -21.621759047497822 ], [ -50.483799989125437, -21.621672047531803 ], [ -50.483737541407343, -21.621585810101145 ], [ -50.483674104033916, -21.621500566028708 ], [ -50.483673936680006, -21.62150034069067 ], [ -50.483610936720801, -21.621415340644141 ], [ -50.483610628418624, -21.621414923116859 ], [ -50.483546628461006, -21.621327923069494 ], [ -50.483545989530811, -21.621327047666494 ], [ -50.483483389915627, -21.62124060047276 ], [ -50.483418795743326, -21.621153149795667 ], [ -50.483418457789028, -21.621152690364145 ], [ -50.48335545783128, -21.62106669031747 ], [ -50.483354989837459, -21.621066047768394 ], [ -50.483292307688707, -21.620979486599548 ], [ -50.483229185242251, -21.620893679420568 ], [ -50.48316475177554, -21.620808428887848 ], [ -50.483162990142965, -21.620806047869898 ], [ -50.48310030799464, -21.620719486701653 ], [ -50.483041499125349, -21.620639543298196 ], [ -50.483041328214988, -21.620640901664181 ], [ -50.483040720456486, -21.620647532310187 ], [ -50.483040203036786, -21.620655245244084 ], [ -50.483039775955994, -21.62066404046579 ], [ -50.48303948906409, -21.62067219656489 ], [ -50.483039282217185, -21.620681071454882 ], [ -50.483039390394083, -21.620688279579579 ], [ -50.483039679625293, -21.620693656963283 ], [ -50.483040147226482, -21.620699009738381 ], [ -50.483040793197787, -21.620704337905082 ] ] ], [ [ [ -50.483307866938283, -21.620373216832299 ], [ -50.483293579663183, -21.620380167742383 ], [ -50.483284466263591, -21.620384712093983 ], [ -50.483275682024505, -21.62038918477479 ], [ -50.483263122841883, -21.620395759413586 ], [ -50.483251304270595, -21.620402172793582 ], [ -50.483243836673893, -21.620406358792081 ], [ -50.483236698237903, -21.620410473120078 ], [ -50.483226607760287, -21.620416510230076 ], [ -50.483217186675091, -21.620422443875078 ], [ -50.483211008785787, -21.620426560487978 ], [ -50.483204875179993, -21.620430836603589 ], [ -50.483198785857887, -21.620435272221986 ], [ -50.483192740819291, -21.620439867343183 ], [ -50.483183756292995, -21.620447059092694 ], [ -50.483177821963288, -21.620452052970883 ], [ -50.483171931917084, -21.620457206351773 ], [ -50.483166086154384, -21.620462519235485 ], [ -50.483160284675193, -21.620467991621979 ], [ -50.483154527479485, -21.620473623511383 ], [ -50.483148814567201, -21.620479414903492 ], [ -50.483140328230284, -21.620488401059383 ], [ -50.483134726026584, -21.620494591208587 ], [ -50.483129168106387, -21.620500940860584 ], [ -50.483121023817183, -21.620510540377179 ], [ -50.483108401818086, -21.620525843557989 ], [ -50.483101399708389, -21.620534607858584 ], [ -50.483094825916396, -21.620543058953288 ], [ -50.483088680441995, -21.62055119684209 ], [ -50.483082963285383, -21.620559021525185 ], [ -50.48307767444679, -21.620566533002389 ], [ -50.483072813926093, -21.620573731273986 ], [ -50.483068381723491, -21.620580616339975 ], [ -50.4830656648763, -21.620585032380781 ], [ -50.483060764202293, -21.620593432058186 ], [ -50.483056434629695, -21.620601200942072 ], [ -50.483052663468385, -21.620608334100286 ], [ -50.483049450718596, -21.620614831532681 ], [ -50.483046796380393, -21.620620693239374 ], [ -50.483045172084388, -21.620624672324482 ], [ -50.483044263724089, -21.620627126383589 ], [ -50.483043912854882, -21.620628238624892 ], [ -50.483291370579934, -21.620469076557729 ], [ -50.483355370622306, -21.620556076510368 ], [ -50.483356009671859, -21.620556952074747 ], [ -50.483362178227871, -21.62056547054646 ], [ -50.483575910535784, -21.62042645471427 ], [ -50.483636910574845, -21.620508454669267 ], [ -50.483637588873911, -21.620509374035915 ], [ -50.483697588914282, -21.62059137399142 ], [ -50.4836984590425, -21.620592576070621 ], [ -50.483756459084027, -21.620673576027379 ], [ -50.483756557066492, -21.6206737130336 ], [ -50.483816557109741, -21.620757712988837 ], [ -50.483816943914896, -21.620758257173911 ], [ -50.483874702675479, -21.620839916007849 ], [ -50.48393245937406, -21.620920576123794 ], [ -50.483933217857398, -21.620921645621365 ], [ -50.48399184125185, -21.62100510933065 ], [ -50.484049459567821, -21.621085576188214 ], [ -50.484051083783235, -21.621087892171516 ], [ -50.484107520013382, -21.621170071135698 ], [ -50.484164607968658, -21.621250781590451 ], [ -50.484223267534794, -21.621332308343511 ], [ -50.484223459911448, -21.621332576359546 ], [ -50.484281459952967, -21.621413576316293 ], [ -50.484281944685016, -21.621414257429777 ], [ -50.484339118348402, -21.621495089058921 ], [ -50.48439726795015, -21.621573935880932 ], [ -50.484398944875245, -21.621576257492936 ], [ -50.484456458173817, -21.621657569295035 ], [ -50.484513617671503, -21.621736409884399 ], [ -50.484572268234501, -21.621815935975551 ], [ -50.484572963248155, -21.621816886442531 ], [ -50.484630450917912, -21.62189617968308 ], [ -50.484687751923033, -21.621973239563484 ], [ -50.484747573163162, -21.622053001122968 ], [ -50.484748453354136, -21.622054187264929 ], [ -50.484805841233161, -21.622132353419911 ], [ -50.484863041429918, -21.622207973930497 ], [ -50.484823974901822, -21.622152629611907 ], [ -50.484823582044108, -21.62215207025044 ], [ -50.484766332275314, -21.622070143752236 ], [ -50.484706102754998, -21.621987204638128 ], [ -50.484703672348893, -21.621983752672982 ], [ -50.484646316054658, -21.621899695923787 ], [ -50.484586975297411, -21.621815629743342 ], [ -50.484585672548235, -21.621813752739026 ], [ -50.484528316254078, -21.621729695989927 ], [ -50.484468975552033, -21.621645629887716 ], [ -50.484408975596722, -21.621560629842822 ], [ -50.484407441301457, -21.621558412457041 ], [ -50.484349103169095, -21.621472388316775 ], [ -50.484290781633135, -21.621389354158534 ], [ -50.484290076829332, -21.621388341509181 ], [ -50.484231158311097, -21.621302909546792 ], [ -50.484170282711943, -21.621219450961171 ], [ -50.484168976054434, -21.62121763005468 ], [ -50.484109163095148, -21.621132894921352 ], [ -50.484047351377967, -21.621046159015407 ], [ -50.484046976256337, -21.621045630121738 ], [ -50.483987940389767, -21.620961995871919 ], [ -50.483925937339578, -21.620878340862017 ], [ -50.483924351634798, -21.620876159161959 ], [ -50.483862725509354, -21.620789683684031 ], [ -50.483802104259482, -21.620706205138781 ], [ -50.483801351835602, -21.620705159228677 ], [ -50.483739351937771, -21.620618159262634 ], [ -50.483677814055582, -21.620531807610163 ], [ -50.483616283618822, -21.620447451262837 ], [ -50.48361610464881, -21.620447205357145 ], [ -50.483496336189553, -21.620282278096102 ], [ -50.483474202351388, -21.620294094199288 ], [ -50.483455725623593, -21.620303682609194 ], [ -50.483443528099983, -21.620309879542983 ], [ -50.483425412256985, -21.62031888193469 ], [ -50.483407512944986, -21.620327532715592 ], [ -50.483395700365591, -21.620333104563684 ], [ -50.483383984022183, -21.620338520140283 ], [ -50.483372363915088, -21.620343779445495 ], [ -50.483349587102587, -21.620353892692084 ], [ -50.48332806869989, -21.620363698104189 ], [ -50.483307866938283, -21.620373216832299 ] ] ], [ [ [ -50.485677766866871, -21.621364449570123 ], [ -50.485675251113662, -21.621361018590441 ], [ -50.485617482686351, -21.621279751040522 ], [ -50.485556767060807, -21.621199449634634 ], [ -50.485556260286202, -21.621198775313264 ], [ -50.485494847466136, -21.621116561280026 ], [ -50.48543244574175, -21.62103533989486 ], [ -50.485431260480176, -21.621033775377729 ], [ -50.485369593922286, -21.620951221662576 ], [ -50.485307187439595, -21.620869003502776 ], [ -50.485244446033306, -21.620787339991754 ], [ -50.485244090709379, -21.620786875572698 ], [ -50.485180529254841, -21.620703451067868 ], [ -50.485117973793692, -21.620623022527234 ], [ -50.485117090903387, -21.620621875637127 ], [ -50.48505309094142, -21.620537875590234 ], [ -50.485052931397902, -21.620537665793918 ], [ -50.484989931495463, -21.620454665826326 ], [ -50.484927188023732, -21.620372003696644 ], [ -50.484864446617635, -21.620290340185861 ], [ -50.484863261356061, -21.620288775668733 ], [ -50.484801673649926, -21.620206327513394 ], [ -50.48478558762968, -21.620185214587394 ], [ -50.484793565353954, -21.620196331074681 ], [ -50.484854738676411, -21.620278224295824 ], [ -50.484856369975596, -21.62028045216309 ], [ -50.484916565551423, -21.620364331140411 ], [ -50.484977738873837, -21.620446224361512 ], [ -50.484978233601687, -21.620446890631293 ], [ -50.485040233642337, -21.620530890585439 ], [ -50.485040409186837, -21.620531128929454 ], [ -50.48510107601841, -21.620613675502522 ], [ -50.48516273916767, -21.62069622445923 ], [ -50.48516455712025, -21.620698713028123 ], [ -50.485223662114649, -21.620781459917392 ], [ -50.485284739363919, -21.620863224524523 ], [ -50.485284911073386, -21.620863454869433 ], [ -50.485345911112447, -21.620945454824422 ], [ -50.485346409674506, -21.620946129091593 ], [ -50.485407161513457, -21.621028791330197 ], [ -50.48546791130638, -21.621110454888928 ], [ -50.485468589605482, -21.621111374255616 ], [ -50.485528339534881, -21.621193032393457 ], [ -50.485588087372278, -21.621273691877256 ], [ -50.485589079801095, -21.621275048057583 ], [ -50.485648835883921, -21.62135771053704 ], [ -50.485708589934895, -21.621439374307251 ], [ -50.485709944741508, -21.621441257424991 ], [ -50.485766700039456, -21.621521497573116 ], [ -50.485826400934556, -21.621600772438253 ], [ -50.485828944932933, -21.621604257488539 ], [ -50.485886458231263, -21.621685569290332 ], [ -50.485943963157737, -21.621764886332286 ], [ -50.485944268122672, -21.621765308573018 ], [ -50.485976115072873, -21.621809570381046 ], [ -50.485991471091637, -21.621792262578051 ], [ -50.485978912025764, -21.621775307818705 ], [ -50.485978409713979, -21.621774625528449 ], [ -50.485918409754355, -21.621692625483981 ], [ -50.485917919806674, -21.621691951822012 ], [ -50.485858163862822, -21.621609289331239 ], [ -50.485798409948195, -21.621527625548445 ], [ -50.485797920000493, -21.621526951886437 ], [ -50.485738829406372, -21.621445209797869 ], [ -50.485677766866871, -21.621364449570123 ] ] ], [ [ [ -50.486859661053984, -21.620826951215779 ], [ -50.486916930405783, -21.620765767943322 ], [ -50.486916930405783, -21.620765767943311 ], [ -50.486859661053984, -21.620826951215779 ] ] ], [ [ [ -50.484247446699896, -21.620079562434086 ], [ -50.484216733479798, -21.620077213376192 ], [ -50.484190050323484, -21.620075027568699 ], [ -50.4841673972306, -21.620073005013602 ], [ -50.484148774200889, -21.620071145712501 ], [ -50.484133614737992, -21.620069503500797 ], [ -50.484126696535789, -21.620068824366889 ], [ -50.484114183190094, -21.620067750043699 ], [ -50.484108588046396, -21.620067354854307 ], [ -50.484098720817492, -21.620066848420294 ], [ -50.484084540150995, -21.620066525529207 ], [ -50.484078113283594, -21.620066528204312 ], [ -50.484075576647484, -21.620066924609105 ], [ -50.484073278297593, -21.620067395918984 ], [ -50.48407019576679, -21.620068324369981 ], [ -50.484068181421584, -21.620068794119895 ], [ -50.484065777146888, -21.620069187171307 ], [ -50.48406347572169, -21.620069456124799 ], [ -50.484043418585003, -21.620070894588302 ], [ -50.483984509089083, -21.620074756402996 ], [ -50.483968940772691, -21.6200759823192 ], [ -50.483953736424702, -21.620077438625906 ], [ -50.483938896045004, -21.620079125323102 ], [ -50.483924419633588, -21.620081042410987 ], [ -50.483913801179085, -21.620082631420896 ], [ -50.483899961711991, -21.620084951692789 ], [ -50.483889820965693, -21.620086843090697 ], [ -50.483876618442793, -21.620089566546802 ], [ -50.483866726176885, -21.620091898017801 ], [ -50.48385635095979, -21.620094772138202 ], [ -50.483845492791389, -21.620098188907988 ], [ -50.483834151671488, -21.620102148326989 ], [ -50.483822327599995, -21.620106650395201 ], [ -50.483810020576691, -21.620111695112385 ], [ -50.483801547587795, -21.620115359728889 ], [ -50.483792859953489, -21.620119265522586 ], [ -50.483779426041885, -21.620125576420484 ], [ -50.483770201793895, -21.620130085157207 ], [ -50.483762412822642, -21.620134032100093 ], [ -50.483871805860467, -21.620284671503111 ], [ -50.483933716281378, -21.620369548589437 ], [ -50.483934647876673, -21.620370840680529 ], [ -50.483945980990896, -21.62038674357888 ], [ -50.483968468958075, -21.62037217053626 ], [ -50.483984500137389, -21.620387361869653 ], [ -50.484118745777913, -21.620211297624355 ], [ -50.48412174577679, -21.62021329762274 ], [ -50.484159061976762, -21.620248658851875 ], [ -50.484200972796764, -21.620305205128769 ], [ -50.484406634031231, -21.620177592662646 ], [ -50.48435328400457, -21.620104451407801 ], [ -50.484403632260005, -21.620072341560398 ], [ -50.484394408967987, -21.620073588404797 ], [ -50.484378150408389, -21.620075565663694 ], [ -50.484361440982788, -21.620077383229201 ], [ -50.484344837688987, -21.620078824231999 ], [ -50.484328340526986, -21.620079888672191 ], [ -50.484311949496991, -21.620080576549693 ], [ -50.484295664599195, -21.620080887864589 ], [ -50.484279485833689, -21.620080822617002 ], [ -50.484263413200487, -21.62008038080679 ], [ -50.484247446699896, -21.620079562434086 ] ] ], [ [ [ -50.486513502069485, -21.620094749630763 ], [ -50.486447502113585, -21.62000474958187 ], [ -50.486447335584394, -21.620004522031159 ], [ -50.486382954231154, -21.619916368994598 ], [ -50.4863165857303, -21.619828207747858 ], [ -50.486249585771638, -21.619739207698579 ], [ -50.486247884884108, -21.61973690113679 ], [ -50.48618349638641, -21.61964774772273 ], [ -50.48611727480565, -21.61955879325436 ], [ -50.486051507877292, -21.61947110391332 ], [ -50.485984586191215, -21.619382207838115 ], [ -50.48598412089337, -21.619381586295816 ], [ -50.485917275119135, -21.619291793358247 ], [ -50.485851430115709, -21.619203999916916 ], [ -50.48585112110257, -21.619203586365376 ], [ -50.48583834296479, -21.619186421682379 ], [ -50.485808109979992, -21.61919855096491 ], [ -50.485772025006362, -21.619213247255388 ], [ -50.485791731604948, -21.619240959624598 ], [ -50.485792347920999, -21.619241833158696 ], [ -50.485855041559311, -21.619331395384268 ], [ -50.485918731816241, -21.619420959694832 ], [ -50.485919348132214, -21.619421833228845 ], [ -50.485981738246274, -21.619510961849173 ], [ -50.486046114995588, -21.619600098775901 ], [ -50.486047348343462, -21.619601833298979 ], [ -50.486109738457579, -21.6196909619194 ], [ -50.486173662474535, -21.619779471987165 ], [ -50.486238041714884, -21.619866631469208 ], [ -50.486304879824964, -21.619956413898315 ], [ -50.486305039617257, -21.619956628959425 ], [ -50.486370959930959, -21.620045521397621 ], [ -50.486437412936993, -21.620134786523938 ], [ -50.486503938807459, -21.620222163685401 ], [ -50.486504262025164, -21.620222589837187 ], [ -50.486572100933778, -21.620312376523543 ], [ -50.486638939016721, -21.620400163754958 ], [ -50.486639262234426, -21.620400589906751 ], [ -50.486707262340218, -21.620490589941912 ], [ -50.48677471841215, -21.620579869933621 ], [ -50.486843165131738, -21.620668156182131 ], [ -50.486844262550676, -21.620669590011833 ], [ -50.486912262656475, -21.620759590047001 ], [ -50.486916930405783, -21.620765767943311 ], [ -50.486964459445609, -21.620714990658385 ], [ -50.486907226741309, -21.620633984266437 ], [ -50.486842967528602, -21.620544021256208 ], [ -50.486777501584854, -21.620454749406036 ], [ -50.486776884041802, -21.620453900856901 ], [ -50.48671249554409, -21.620364747442842 ], [ -50.48664611977977, -21.620275585861823 ], [ -50.486644884253252, -21.620273900927188 ], [ -50.486580495755497, -21.620184747513051 ], [ -50.486514119991277, -21.620095585932177 ], [ -50.486513502069485, -21.620094749630763 ] ] ], [ [ [ -50.484032060390632, -21.619803566724762 ], [ -50.484057566709453, -21.619792991441997 ], [ -50.48409515396078, -21.619779109484014 ], [ -50.484113601170982, -21.619771740665602 ], [ -50.48410828440398, -21.619764451540654 ], [ -50.484107630736155, -21.619763548077476 ], [ -50.484067963905495, -21.619708274556039 ], [ -50.483833943305804, -21.61985258192437 ], [ -50.483766943417294, -21.619757581961426 ], [ -50.483751563546143, -21.619735774653645 ], [ -50.483565436069917, -21.619857361775878 ], [ -50.483624740216968, -21.619940970795554 ], [ -50.483640398448522, -21.619962942802619 ], [ -50.483669062350209, -21.619951645096272 ], [ -50.48372501327669, -21.619929007325542 ], [ -50.483789890704344, -21.619901946342122 ], [ -50.483816942219114, -21.619890426147236 ], [ -50.48387845401129, -21.619865647568847 ], [ -50.483900507695999, -21.619856988243413 ], [ -50.483947860023079, -21.619838799089948 ], [ -50.483993353455247, -21.619820015859982 ], [ -50.484032060390632, -21.619803566724762 ] ] ], [ [ [ -50.484140868787883, -21.620049365209496 ], [ -50.484151578705792, -21.620050643110705 ], [ -50.484163059592589, -21.620051890424705 ], [ -50.48417531144819, -21.620053107151392 ], [ -50.484188334272694, -21.620054293290689 ], [ -50.484201833082189, -21.62005537537609 ], [ -50.484215807876794, -21.620056353407396 ], [ -50.484230258656282, -21.620057227384596 ], [ -50.484245185420683, -21.620057997307391 ], [ -50.484260588170095, -21.620058663175897 ], [ -50.48427646690449, -21.620059224989902 ], [ -50.48429282162369, -21.620059682749108 ], [ -50.484309652327788, -21.620060036453506 ], [ -50.484325548708703, -21.620060168662796 ], [ -50.484340510766387, -21.62006007937709 ], [ -50.484354538500803, -21.620059768596789 ], [ -50.484367631911788, -21.620059236322099 ], [ -50.484379790999292, -21.620058482553105 ], [ -50.484391015763393, -21.620057507290195 ], [ -50.484401306203893, -21.620056310533393 ], [ -50.484410662320883, -21.62005489228299 ], [ -50.484419922371686, -21.620053285289195 ], [ -50.484429086355988, -21.620051489551987 ], [ -50.484438154273995, -21.6200495050713 ], [ -50.484440227211842, -21.620049002949958 ], [ -50.484608715853533, -21.619941548490452 ], [ -50.484629270164369, -21.619969727753194 ], [ -50.48463365851029, -21.619967059551197 ], [ -50.484645541258992, -21.619960116370503 ], [ -50.484658255110489, -21.619952949630292 ], [ -50.484671800064596, -21.619945559330496 ], [ -50.484686176121102, -21.619937945470703 ], [ -50.484701383279784, -21.619930108050895 ], [ -50.484717421540495, -21.619922047070798 ], [ -50.484734290903084, -21.619913762529997 ], [ -50.48475199136719, -21.619905254428481 ], [ -50.484769353499885, -21.619896677436603 ], [ -50.484786377301091, -21.6198880315544 ], [ -50.484803062770986, -21.61987931678209 ], [ -50.484819409909491, -21.619870533119695 ], [ -50.484835418716699, -21.619861680567396 ], [ -50.484851089192595, -21.619852759125198 ], [ -50.484866421337294, -21.619843768793203 ], [ -50.484909149296591, -21.619817827881889 ], [ -50.484945116816498, -21.619795597234006 ], [ -50.484965339366184, -21.619782838061695 ], [ -50.484974323902591, -21.6197770768539 ], [ -50.484982945284791, -21.619771427588002 ], [ -50.484991203512806, -21.619765890264102 ], [ -50.484999098586592, -21.619760464882198 ], [ -50.48500663050639, -21.619755151442305 ], [ -50.485013799272188, -21.619749949944502 ], [ -50.485020604884092, -21.619744860388899 ], [ -50.485027047342093, -21.619739882775509 ], [ -50.485039489158886, -21.619729850797793 ], [ -50.485053063809801, -21.619718616278504 ], [ -50.485075549848794, -21.619699509733209 ], [ -50.485100795018688, -21.619677509673295 ], [ -50.485119952288287, -21.619660526013508 ], [ -50.485141083418796, -21.619641588633502 ], [ -50.485188935360092, -21.619598243648007 ], [ -50.485214328585187, -21.619575399794396 ], [ -50.485240368083304, -21.619552165971299 ], [ -50.485280639091087, -21.619516584043307 ], [ -50.485292955308083, -21.619505586818306 ], [ -50.485304002505188, -21.619495550503515 ], [ -50.485308222490083, -21.619491633815862 ], [ -50.485095268003271, -21.61962404017866 ], [ -50.485062225676764, -21.619577574348924 ], [ -50.485056667912488, -21.619580654490701 ], [ -50.485030306824896, -21.619594833273904 ], [ -50.485003839399084, -21.619608642666716 ], [ -50.484977265635095, -21.619622082669117 ], [ -50.484950585533099, -21.619635153281109 ], [ -50.484923799093302, -21.619647854502521 ], [ -50.484896906315988, -21.619660186333299 ], [ -50.484869907201187, -21.619672148773592 ], [ -50.484842663911394, -21.619683825272695 ], [ -50.484712227391803, -21.619739187880796 ], [ -50.484693293634486, -21.619747196956592 ], [ -50.484535283646075, -21.619855418636661 ], [ -50.484510801002941, -21.619824164163877 ], [ -50.484499829853796, -21.619828714379992 ], [ -50.484466313502189, -21.619842466886297 ], [ -50.484433094226397, -21.619855918351302 ], [ -50.484389263977185, -21.6198733853516 ], [ -50.484356737879494, -21.619886134387304 ], [ -50.484324508858592, -21.619898582382191 ], [ -50.484281998950692, -21.619914711423306 ], [ -50.484240017180383, -21.6199303052815 ], [ -50.484179758380094, -21.619952318406696 ], [ -50.484153521789395, -21.619962125020191 ], [ -50.484130170643489, -21.619971006577995 ], [ -50.48411621746309, -21.619976176733893 ], [ -50.484097712039592, -21.619982742919198 ], [ -50.484082303025886, -21.619987924206786 ], [ -50.484078125167784, -21.619989404156399 ], [ -50.48407130076761, -21.619992014316392 ], [ -50.484068654225588, -21.619993144526799 ], [ -50.484066518122184, -21.619994158157596 ], [ -50.484064892457589, -21.619995055208694 ], [ -50.48406272442999, -21.619996630478688 ], [ -50.484060806098483, -21.619998263056804 ], [ -50.48405913746339, -21.619999952943196 ], [ -50.484057718524589, -21.620001700137703 ], [ -50.484055983314896, -21.620004261375691 ], [ -50.484053523508507, -21.620008267623696 ], [ -50.484053035433888, -21.620009507020104 ], [ -50.48405274030619, -21.620010894002203 ], [ -50.484052659390393, -21.620013251198703 ], [ -50.484052841648996, -21.620014991111887 ], [ -50.484053196928897, -21.6200168144778 ], [ -50.484053725230289, -21.620018721296294 ], [ -50.484054426552994, -21.620020711567395 ], [ -50.484055296012784, -21.6200227419336 ], [ -50.484056318956092, -21.620024682322292 ], [ -50.484057495383084, -21.620026532733593 ], [ -50.484059547805494, -21.620029139642799 ], [ -50.484061322560784, -21.620030768602998 ], [ -50.484063536958686, -21.620032312242401 ], [ -50.484066190999293, -21.620033770561101 ], [ -50.484069284682398, -21.620035143558901 ], [ -50.484071543138889, -21.620035913767985 ], [ -50.484078030030695, -21.620037737311897 ], [ -50.484087143560892, -21.620039938356403 ], [ -50.484105738803983, -21.620043947736193 ], [ -50.484113364846792, -21.620045347984494 ], [ -50.48412176185839, -21.620046717646293 ], [ -50.484130929838692, -21.620048056721295 ], [ -50.484140868787883, -21.620049365209496 ] ] ], [ [ [ -50.486808578757248, -21.619981198676374 ], [ -50.486807697320828, -21.619980015122 ], [ -50.486737838716707, -21.619885206902399 ], [ -50.486669057068802, -21.619792501092384 ], [ -50.486599355578193, -21.619698901836877 ], [ -50.486529579197985, -21.619606198822954 ], [ -50.486528383067714, -21.619604586535417 ], [ -50.486460756173543, -21.619512096700433 ], [ -50.486391355907173, -21.619418901946183 ], [ -50.486321579527065, -21.619326198932406 ], [ -50.48632098138529, -21.619325398526716 ], [ -50.486251981429817, -21.619232398475763 ], [ -50.486251542514893, -21.619231803725043 ], [ -50.486182761287154, -21.619138101649494 ], [ -50.486131762720866, -21.619069364369512 ], [ -50.486128958165231, -21.619070517844008 ], [ -50.486170569782104, -21.619125999934475 ], [ -50.486170878920838, -21.619126413653124 ], [ -50.486237647186627, -21.619216102262055 ], [ -50.486304413706549, -21.619304792012819 ], [ -50.486304570054735, -21.619305000087415 ], [ -50.486370570095929, -21.619393000038812 ], [ -50.486370879234649, -21.619393413757454 ], [ -50.486437879277446, -21.619483413708018 ], [ -50.486439114929134, -21.619485098809253 ], [ -50.486503276482686, -21.619573937774518 ], [ -50.48656941418939, -21.619661792236418 ], [ -50.48663641423073, -21.619750792187155 ], [ -50.486637664229683, -21.619752477915405 ], [ -50.486702581124796, -21.619841364017475 ], [ -50.486768190399538, -21.619930831102138 ], [ -50.486834879908507, -21.62002041391791 ], [ -50.486836115559996, -21.620022099018858 ], [ -50.486900504208002, -21.620111252421964 ], [ -50.486966880120022, -21.620200413988261 ], [ -50.48696811577144, -21.620202099089134 ], [ -50.48703280865584, -21.620291673741779 ], [ -50.487098498317039, -21.620381250443685 ], [ -50.487099556789303, -21.620382712884403 ], [ -50.487164556836149, -21.620473712835892 ], [ -50.487164987767017, -21.620474319440628 ], [ -50.487178092543822, -21.620492867716749 ], [ -50.48717819306691, -21.620492764788587 ], [ -50.487182645265797, -21.620488206068924 ], [ -50.487156132715143, -21.620452603458215 ], [ -50.487155269988889, -21.620451432701998 ], [ -50.487085698385663, -21.620356020101582 ], [ -50.487016133004232, -21.620262603620844 ], [ -50.486946133048896, -21.620168603569194 ], [ -50.486944527062917, -21.620166404020473 ], [ -50.486877535389439, -21.620072812596046 ], [ -50.486808578757248, -21.619981198676374 ] ] ], [ [ [ -50.484113601170982, -21.619771740665609 ], [ -50.484130846240312, -21.619764852047606 ], [ -50.484113601170982, -21.619771740665602 ], [ -50.484113601170982, -21.619771740665609 ] ] ], [ [ [ -50.485023403651695, -21.619764919611498 ], [ -50.485006644027386, -21.619776370399308 ], [ -50.484989699927688, -21.61978755679101 ], [ -50.484972571352685, -21.61979847878651 ], [ -50.484954999143298, -21.619809474784201 ], [ -50.484936983299185, -21.619820544784108 ], [ -50.484918523820284, -21.619831688785798 ], [ -50.484899620706585, -21.619842906789405 ], [ -50.484880273957785, -21.619854198794695 ], [ -50.484860483573883, -21.619865564801394 ], [ -50.484840249554793, -21.619877004809403 ], [ -50.484799944012586, -21.619899523506792 ], [ -50.484763837540491, -21.619920004921592 ], [ -50.484731930141692, -21.619938449056502 ], [ -50.484717551095684, -21.619946907144897 ], [ -50.484704221819086, -21.619954855914187 ], [ -50.484691942312196, -21.619962295364687 ], [ -50.484660531803691, -21.619981555107895 ], [ -50.484644999195687, -21.619991291721433 ], [ -50.484670715953385, -21.620026548523658 ], [ -50.484732715995477, -21.620111548477663 ], [ -50.484733369778276, -21.620112452097544 ], [ -50.484739957979613, -21.62012163236674 ], [ -50.48498990840374, -21.619955124118722 ], [ -50.48499445963818, -21.619961097607039 ], [ -50.485230202769536, -21.619808849615044 ], [ -50.485293938072026, -21.619895137305846 ], [ -50.485510204980805, -21.619757036653706 ], [ -50.485489884846338, -21.619728901048141 ], [ -50.485680505592541, -21.619608529367017 ], [ -50.485660958195034, -21.619580604477616 ], [ -50.485597268089982, -21.619491040154148 ], [ -50.48559665189147, -21.619490166784384 ], [ -50.485533958406187, -21.619400604547629 ], [ -50.485490550448667, -21.619339562030202 ], [ -50.485485193240393, -21.619345077295414 ], [ -50.485477571781288, -21.619353279920823 ], [ -50.485468911547088, -21.619362908274113 ], [ -50.485459212537485, -21.619373962355109 ], [ -50.485448474751884, -21.619386442163616 ], [ -50.485437510014982, -21.619398857163208 ], [ -50.485426318326695, -21.61941120735381 ], [ -50.485414899687086, -21.619423492735319 ], [ -50.485403254095992, -21.619435713307816 ], [ -50.485391381553384, -21.619447869071113 ], [ -50.485379282059391, -21.619459960025317 ], [ -50.485366955613785, -21.619471986170211 ], [ -50.485354402216586, -21.61948394750581 ], [ -50.485341299350893, -21.619496276492409 ], [ -50.48532764701649, -21.619508973129712 ], [ -50.485313445212988, -21.619522037417706 ], [ -50.485283393198095, -21.619549268945004 ], [ -50.485251143303891, -21.619577971073102 ], [ -50.485217407046186, -21.619607542978908 ], [ -50.485184318977787, -21.619636182196508 ], [ -50.485151879099689, -21.619663888726205 ], [ -50.485135902232287, -21.619677392233303 ], [ -50.485104434641585, -21.619703699732209 ], [ -50.485088597394686, -21.619716472499903 ], [ -50.485072575672184, -21.619728980871798 ], [ -50.485056369474094, -21.619741224847694 ], [ -50.485039978800586, -21.619753204427596 ], [ -50.485023403651695, -21.619764919611498 ] ] ], [ [ [ -50.485353662942494, -21.619428617740414 ], [ -50.485353066865983, -21.619426211336414 ], [ -50.48535231674699, -21.619424053203311 ], [ -50.485351412585594, -21.619422143341023 ], [ -50.485350354381687, -21.619420481749412 ], [ -50.485349142135483, -21.619419068428723 ], [ -50.48534777584679, -21.619417903378821 ], [ -50.485346255515807, -21.619416986599706 ], [ -50.485344581142286, -21.619416318091311 ], [ -50.485342739426088, -21.619415779268611 ], [ -50.485340730367184, -21.61941537013141 ], [ -50.485338553965491, -21.619415090679912 ], [ -50.485336210221185, -21.619414940913913 ], [ -50.485333699134195, -21.61941492083352 ], [ -50.485331020704386, -21.619415030438599 ], [ -50.485328174931887, -21.619415269729313 ], [ -50.485325161816689, -21.619415638705618 ], [ -50.485322150800393, -21.619416170830522 ], [ -50.48531922874843, -21.619416846032117 ], [ -50.485345194965305, -21.619453360978561 ], [ -50.485346584991383, -21.619451442919118 ], [ -50.485349049297483, -21.619447576114315 ], [ -50.485351029213383, -21.619443911331111 ], [ -50.485352524739284, -21.619440448569605 ], [ -50.485353535875085, -21.619437187829821 ], [ -50.485354062620893, -21.619434129111607 ], [ -50.4853541049767, -21.619431272415209 ], [ -50.485353662942494, -21.619428617740414 ] ] ], [ [ [ -50.485420224463532, -21.61923955585058 ], [ -50.485406652150687, -21.619220166807285 ], [ -50.485406226130202, -21.619219554837805 ], [ -50.485343438420138, -21.619128861360704 ], [ -50.485280958830046, -21.619039604688698 ], [ -50.485228967949766, -21.618966492420878 ], [ -50.485066780720956, -21.619073637161392 ], [ -50.485088496796863, -21.619103249956293 ], [ -50.485089114462887, -21.619104098672317 ], [ -50.485153276016405, -21.619192937637507 ], [ -50.485219413659969, -21.619280792015534 ], [ -50.485219879084568, -21.619281413725698 ], [ -50.485243063666196, -21.619312557156555 ], [ -50.485247082445824, -21.619310935620128 ], [ -50.485266941459727, -21.619302322107966 ], [ -50.485294212337045, -21.619291061969392 ], [ -50.485314955617248, -21.619282776036734 ], [ -50.485335817620253, -21.619274062976444 ], [ -50.485364124245635, -21.61926296809586 ], [ -50.485404839583687, -21.619245897751156 ], [ -50.485420224463532, -21.61923955585058 ] ] ], [ [ [ -50.484501429098941, -21.618815999595132 ], [ -50.48443373979562, -21.618726410706643 ], [ -50.48443222168973, -21.618724364261283 ], [ -50.484388768120958, -21.618664696601581 ], [ -50.484445502575674, -21.618743251903901 ], [ -50.484511878487446, -21.618832413469868 ], [ -50.484513114139126, -21.618834098571096 ], [ -50.484578114244819, -21.618924098606225 ], [ -50.48464266155753, -21.619013471698459 ], [ -50.484706887458159, -21.619100423582509 ], [ -50.484772569830064, -21.619187999975036 ], [ -50.484774114557304, -21.619190098710053 ], [ -50.484838889987863, -21.619279787657142 ], [ -50.484903433857355, -21.619368163001585 ], [ -50.484944323767756, -21.619423521582938 ], [ -50.484947002077526, -21.619421193129241 ], [ -50.484899586237795, -21.619358207835404 ], [ -50.484897885350364, -21.619355901273714 ], [ -50.484833192617003, -21.61926632660947 ], [ -50.484767810555148, -21.619177169144386 ], [ -50.484701121257295, -21.619087586398742 ], [ -50.48463412130009, -21.61899758634932 ], [ -50.484632617417354, -21.618995528596155 ], [ -50.484567359980247, -21.618904563571213 ], [ -50.484501429098941, -21.618815999595132 ] ] ], [ [ [ -50.483415608183854, -21.617790206131211 ], [ -50.483401819615679, -21.617812875564482 ], [ -50.483385533489368, -21.617838483301956 ], [ -50.483344660965507, -21.617901270443344 ], [ -50.483334440932076, -21.617917548718896 ], [ -50.483310524794817, -21.61795685590409 ], [ -50.483300475478714, -21.617972920610015 ], [ -50.483290024553419, -21.617988809045318 ], [ -50.483278991258643, -21.618004428192396 ], [ -50.483272042534978, -21.618013611302409 ], [ -50.483267262950527, -21.618019631497003 ], [ -50.483257329068287, -21.618031376702483 ], [ -50.483249531822494, -21.618039882980504 ], [ -50.483244159470985, -21.618045388610412 ], [ -50.483238642151612, -21.618050748924723 ], [ -50.483232975049141, -21.618055952662431 ], [ -50.483227153348373, -21.618060988562465 ], [ -50.483221172543445, -21.618065845808825 ], [ -50.483215037006879, -21.618070526356682 ], [ -50.483208761095682, -21.618075046523671 ], [ -50.483195847703691, -21.618083674044104 ], [ -50.483182551476069, -21.61809186502818 ], [ -50.483165574283376, -21.618101698069108 ], [ -50.483135352133829, -21.618118641739468 ], [ -50.483116366627257, -21.618129764519267 ], [ -50.483096472670645, -21.618142028968069 ], [ -50.483078388869032, -21.618153648355591 ], [ -50.483062231638719, -21.618164318327928 ], [ -50.483027924444698, -21.618187645368216 ], [ -50.483008722144923, -21.618200978675482 ], [ -50.482970753650868, -21.618228005293133 ], [ -50.482951965080133, -21.618241768964886 ], [ -50.482933405535348, -21.618255663673395 ], [ -50.482915048664161, -21.61826973195679 ], [ -50.48289675476363, -21.618284076952129 ], [ -50.482878626687572, -21.618298607833825 ], [ -50.482860285330752, -21.618313622592861 ], [ -50.48284236760319, -21.618328611026399 ], [ -50.482824887735617, -21.618343664683156 ], [ -50.482807684454002, -21.618359045737208 ], [ -50.482791166200975, -21.618374507659738 ], [ -50.482774894645701, -21.618390531608345 ], [ -50.482760126408856, -21.618405718763604 ], [ -50.482747006024994, -21.61841961645408 ], [ -50.482734092874907, -21.618433622015925 ], [ -50.48271684508294, -21.618452662863586 ], [ -50.482701333911116, -21.618470400752674 ], [ -50.482687464787944, -21.618487225592698 ], [ -50.482675524426782, -21.618502876898017 ], [ -50.482649743368995, -21.61853781926936 ], [ -50.482625081843921, -21.618570286945829 ], [ -50.482611978068107, -21.618588140092083 ], [ -50.482599248084782, -21.618606580398833 ], [ -50.482586854358438, -21.618625579615305 ], [ -50.482574906406747, -21.618644817846619 ], [ -50.482564217464159, -21.618662751927687 ], [ -50.482554776950835, -21.618679039001908 ], [ -50.482536526794746, -21.618711465545047 ], [ -50.482510353827188, -21.618758793624455 ], [ -50.482491886449246, -21.61879180420582 ], [ -50.48247134433857, -21.618827968064267 ], [ -50.482452453716903, -21.618860713688754 ], [ -50.482433349111353, -21.618893338480454 ], [ -50.482414022496584, -21.618925845882629 ], [ -50.4823944666119, -21.618958239121856 ], [ -50.482374681846011, -21.618990519256293 ], [ -50.482346607790262, -21.61903552106304 ], [ -50.482318107816738, -21.619080300248743 ], [ -50.482287114598158, -21.619128030266971 ], [ -50.482257755908215, -21.619172333885189 ], [ -50.482242829022809, -21.619194332683836 ], [ -50.482227630120143, -21.619216155817917 ], [ -50.48221656820435, -21.619231609521687 ], [ -50.482188059284134, -21.619270657504821 ], [ -50.482172937289853, -21.619291683553236 ], [ -50.482159509788154, -21.619311213861803 ], [ -50.48214744636963, -21.619330193886732 ], [ -50.4821364011692, -21.619349838444787 ], [ -50.48212671936939, -21.619370400270356 ], [ -50.482119139957199, -21.619391536319132 ], [ -50.482114183084931, -21.619413865518506 ], [ -50.482113204988785, -21.619435961397183 ], [ -50.48211778082284, -21.619457659835337 ], [ -50.48212708135344, -21.619475104117637 ], [ -50.482137318493407, -21.619488532447512 ], [ -50.482154582783053, -21.619508554037342 ], [ -50.482164350497619, -21.619520470095498 ], [ -50.482173662919422, -21.619532604678813 ], [ -50.482184778242939, -21.61954803183259 ], [ -50.482193342380192, -21.619560541994296 ], [ -50.482201696668419, -21.619573167478293 ], [ -50.482246216643816, -21.61964257800814 ], [ -50.482258443488895, -21.619660979578722 ], [ -50.482269760845512, -21.619677319660934 ], [ -50.482310115387854, -21.619733536387386 ], [ -50.482325370274111, -21.619755327768498 ], [ -50.482338018501729, -21.619774263011617 ], [ -50.482362258976778, -21.619812240534667 ], [ -50.482374521372442, -21.619830911499996 ], [ -50.482386890965138, -21.619848489752027 ], [ -50.48240071628004, -21.619866636260905 ], [ -50.482414017819465, -21.619882988360022 ], [ -50.482426374923499, -21.619897514605661 ], [ -50.482438711147637, -21.619911499702035 ], [ -50.482483103087574, -21.619960315496492 ], [ -50.482503365502701, -21.619983275631284 ], [ -50.482513273684447, -21.619994949097766 ], [ -50.48252296189834, -21.620006800911234 ], [ -50.482530013834818, -21.620015836837393 ], [ -50.482536823519382, -21.62002502307546 ], [ -50.4825454350581, -21.620037542941894 ], [ -50.482549505059708, -21.620043933806453 ], [ -50.482553398400242, -21.620050419888646 ], [ -50.482560749142934, -21.620063623912866 ], [ -50.482574631363278, -21.62008984345362 ], [ -50.482583907667731, -21.620105467154271 ], [ -50.482600347731186, -21.620131028271786 ], [ -50.482615177489699, -21.620153060078678 ], [ -50.482628830131645, -21.620167237988706 ], [ -50.482644335907281, -21.620179399415768 ], [ -50.482662410940669, -21.620191574919442 ], [ -50.482686417297636, -21.62020539075878 ], [ -50.48270821572887, -21.620214564807917 ], [ -50.482725927691156, -21.620218700558183 ], [ -50.482737203955914, -21.620220790997706 ], [ -50.482719269144781, -21.62019678591421 ], [ -50.482717533744356, -21.620194413238533 ], [ -50.482654761477953, -21.620106731233239 ], [ -50.482592078018513, -21.620020168253934 ], [ -50.482528948780455, -21.619933365445984 ], [ -50.482464752903709, -21.619848429263204 ], [ -50.482462087673341, -21.619844786188832 ], [ -50.482399930100676, -21.619756976174063 ], [ -50.482335797485973, -21.619670150375235 ], [ -50.482335630469073, -21.619669923798714 ], [ -50.482271630511455, -21.619582923751331 ], [ -50.482270846058448, -21.619581847023895 ], [ -50.482218170119566, -21.619508839934205 ], [ -50.482215112023304, -21.619505399572507 ], [ -50.48241275477902, -21.619351791722483 ], [ -50.482366648019614, -21.619287571513333 ], [ -50.482430824027439, -21.6192472857695 ], [ -50.48243488528572, -21.619252063988302 ], [ -50.48260391793675, -21.619104269864454 ], [ -50.482607917937258, -21.619108269861783 ], [ -50.482623351839379, -21.619126428383989 ], [ -50.482678725181088, -21.619203555443015 ], [ -50.482738085009643, -21.619283691115161 ], [ -50.48273955543619, -21.619285712492193 ], [ -50.482798829460634, -21.619368696023084 ], [ -50.482858085203524, -21.619448691179642 ], [ -50.482858587628392, -21.619449373621851 ], [ -50.482918587668763, -21.61953137357737 ], [ -50.48292041497492, -21.619533928767328 ], [ -50.482977515946594, -21.619615642122305 ], [ -50.483035999072627, -21.619695568963785 ], [ -50.483096398765738, -21.619775771740553 ], [ -50.483098942765196, -21.619779256792359 ], [ -50.483156273362923, -21.619860310293781 ], [ -50.483215338039621, -21.619941031920099 ], [ -50.483274829430854, -21.620021345202225 ], [ -50.483323841100699, -21.62008669401828 ], [ -50.483341219090129, -21.62007960053101 ], [ -50.483349626223472, -21.62007616883982 ], [ -50.483306889443, -21.620015916909654 ], [ -50.483243630091195, -21.619929923623825 ], [ -50.483241715133552, -21.619927257521994 ], [ -50.483181886157979, -21.619841927563179 ], [ -50.483119106069736, -21.619757566718178 ], [ -50.483117352951176, -21.619755159599297 ], [ -50.483055670471366, -21.619668605043319 ], [ -50.482993224640865, -21.619582370218712 ], [ -50.482930459663393, -21.619496690938909 ], [ -50.482929353256502, -21.61949515970073 ], [ -50.482867443835218, -21.619408286693968 ], [ -50.482805077683132, -21.619321171960404 ], [ -50.482741630907725, -21.619234923895473 ], [ -50.482740991976996, -21.61923404849173 ], [ -50.482678225152291, -21.619147370389197 ], [ -50.482615460174429, -21.619061691108886 ], [ -50.482615336747031, -21.619061522364554 ], [ -50.482550336791, -21.618972522316348 ], [ -50.48280566306704, -21.618809477582001 ], [ -50.482861598745693, -21.618886066341062 ], [ -50.482863315650711, -21.618884962022342 ], [ -50.482888811948058, -21.618906282481472 ], [ -50.482997896280466, -21.618715525201178 ], [ -50.482999896279246, -21.618716525200298 ], [ -50.48303005221026, -21.618736247589073 ], [ -50.483054368591823, -21.61876207587942 ], [ -50.483118285241339, -21.618848962470093 ], [ -50.48318320165955, -21.61893684920765 ], [ -50.483183663222398, -21.618937477628819 ], [ -50.483248433431456, -21.6190261628842 ], [ -50.483313201867531, -21.619113849276793 ], [ -50.483313663430366, -21.619114477697959 ], [ -50.483332754672539, -21.619140617982577 ], [ -50.483300360442932, -21.619095169304579 ], [ -50.483528517601762, -21.618952979585238 ], [ -50.483521434156181, -21.618943109197946 ], [ -50.483307113184026, -21.619079215455134 ], [ -50.483238113231451, -21.618984215403891 ], [ -50.483236944326649, -21.618982582263786 ], [ -50.483170234993949, -21.618887994283771 ], [ -50.483102739418179, -21.618793698876132 ], [ -50.483035032583977, -21.61870010401918 ], [ -50.482966113676596, -21.618605215551927 ], [ -50.483179443947549, -21.618469737764226 ], [ -50.483123716864412, -21.618390258051829 ], [ -50.483382282995947, -21.618231741844113 ], [ -50.483441879196668, -21.618316739596416 ], [ -50.483452067090688, -21.618330270377111 ], [ -50.483668134187646, -21.618192873238591 ], [ -50.483661740438976, -21.61818441091425 ], [ -50.483660222333, -21.61818236446878 ], [ -50.483593222378694, -21.618090364419054 ], [ -50.483841035664319, -21.617932565208076 ], [ -50.483818385030467, -21.617901587097631 ], [ -50.484073614827523, -21.617738412800776 ], [ -50.48414109608192, -21.617830703228215 ], [ -50.484208805026526, -21.617920981715056 ], [ -50.484278023138891, -21.618009976330391 ], [ -50.484279721362064, -21.618012203761904 ], [ -50.484347645108706, -21.618103101609595 ], [ -50.484416568668223, -21.618194999580776 ], [ -50.484416721577141, -21.618195203833395 ], [ -50.484484721620099, -21.61828620378331 ], [ -50.4844848779153, -21.618286413336833 ], [ -50.484551877958104, -21.618376413287404 ], [ -50.484552173614887, -21.618376811862074 ], [ -50.48462017365928, -21.618468811811809 ], [ -50.484620778122782, -21.618469635686623 ], [ -50.484687028541764, -21.618560606300775 ], [ -50.484754260102108, -21.618649589143839 ], [ -50.484754878343068, -21.618650413479081 ], [ -50.484799535369625, -21.618710400458415 ], [ -50.485006023852513, -21.618569976610097 ], [ -50.485041023871929, -21.61861497658461 ], [ -50.48504287988137, -21.618617460586201 ], [ -50.485043606943499, -21.618596239416107 ], [ -50.485043671502076, -21.618575803794268 ], [ -50.485043481348555, -21.618548187783649 ], [ -50.485043007499272, -21.618526818665089 ], [ -50.48504354381172, -21.618515650436365 ], [ -50.485034344428271, -21.618480246513361 ], [ -50.485022999550772, -21.618451105669109 ], [ -50.485012691578547, -21.618431389925664 ], [ -50.484999931051405, -21.618413633149974 ], [ -50.48499020644239, -21.618399796944594 ], [ -50.48497989696456, -21.618385603421228 ], [ -50.484966937471754, -21.618367203152168 ], [ -50.48495727056774, -21.618352119193734 ], [ -50.48494170611076, -21.618322082032389 ], [ -50.484934786827893, -21.618312192615718 ], [ -50.484926794945324, -21.618297960478959 ], [ -50.484916290906156, -21.618279874881615 ], [ -50.48490821260782, -21.618265461970509 ], [ -50.48489942301606, -21.618250952911009 ], [ -50.484887522409501, -21.618230747043228 ], [ -50.48487881219296, -21.618215223803151 ], [ -50.484857765769753, -21.618180558003477 ], [ -50.484828404983205, -21.618135046887506 ], [ -50.484819951968738, -21.618119736441415 ], [ -50.484812153653223, -21.618106345448346 ], [ -50.484801913147045, -21.618086429031692 ], [ -50.484793072419365, -21.618070415803444 ], [ -50.48477336220791, -21.618033162431558 ], [ -50.484766015889967, -21.61801889417443 ], [ -50.48475743423726, -21.61800401711093 ], [ -50.484745361071873, -21.617982375073094 ], [ -50.484737452256269, -21.61796514192854 ], [ -50.484730271860421, -21.617946767498832 ], [ -50.484723352756156, -21.617922070331609 ], [ -50.484720284129992, -21.617902729605596 ], [ -50.484716366770201, -21.617884705695126 ], [ -50.484710226323976, -21.61785968259289 ], [ -50.484699912037392, -21.617829517576933 ], [ -50.484686529640719, -21.617798511495014 ], [ -50.484656101850057, -21.617740466741232 ], [ -50.484646123968332, -21.617724117087 ], [ -50.484636828965037, -21.617707647091112 ], [ -50.484623714499243, -21.617686182080199 ], [ -50.484601597512636, -21.61765282281301 ], [ -50.484586964570717, -21.617630061253379 ], [ -50.484577176018874, -21.617612567317213 ], [ -50.484568165734515, -21.61759495329617 ], [ -50.484560503285657, -21.617574062522298 ], [ -50.484554967990285, -21.617558179638046 ], [ -50.484550882107442, -21.617541724562425 ], [ -50.484546381924631, -21.617518649034199 ], [ -50.484542666776086, -21.617501363514837 ], [ -50.484539486352759, -21.617483739322566 ], [ -50.484536050183536, -21.617460399111891 ], [ -50.484527635584371, -21.617430766828996 ], [ -50.484520151504839, -21.617412356847943 ], [ -50.484513287897713, -21.617397497940665 ], [ -50.48450631469948, -21.617381557375662 ], [ -50.4844949135043, -21.617359193225465 ], [ -50.484485263499344, -21.617341204662385 ], [ -50.484476551170815, -21.617323503450876 ], [ -50.484464190839461, -21.617300662762627 ], [ -50.484446740856576, -21.617266633384943 ], [ -50.48443579833927, -21.617244591398411 ], [ -50.484428968034962, -21.617228166423246 ], [ -50.484421705684277, -21.617213675185443 ], [ -50.484384646227085, -21.617136913098026 ], [ -50.484354788671574, -21.617076252762985 ], [ -50.484332270580786, -21.617031781749994 ], [ -50.484321848605816, -21.617012125164308 ], [ -50.484310846574736, -21.616992508815848 ], [ -50.484299150277991, -21.616973148200756 ], [ -50.484282605760889, -21.616948129119567 ], [ -50.484267137022158, -21.616930040383263 ], [ -50.484248754432656, -21.616916136139782 ], [ -50.484226598746694, -21.616906436454666 ], [ -50.484205261932978, -21.616903011708153 ], [ -50.484185172194564, -21.61690374947743 ], [ -50.484166124067443, -21.616907644085281 ], [ -50.484147939286018, -21.616913734533682 ], [ -50.484133133053483, -21.616919808567829 ], [ -50.484099836452721, -21.61693398656212 ], [ -50.484078585331908, -21.616943359402274 ], [ -50.484057665739201, -21.616953277957567 ], [ -50.484037092753589, -21.616964123360823 ], [ -50.484016920623205, -21.616976236517971 ], [ -50.483997725099023, -21.616989590472521 ], [ -50.483980251799224, -21.617003955539371 ], [ -50.483964019525295, -21.617019860433505 ], [ -50.483949072469919, -21.617036914562917 ], [ -50.483936293382719, -21.617053490593378 ], [ -50.483925371378668, -21.617068962720115 ], [ -50.483914962507463, -21.61708478101847 ], [ -50.483905003599645, -21.617100715505586 ], [ -50.483884686659586, -21.617134497250031 ], [ -50.483866663973295, -21.617164024360868 ], [ -50.483852093874646, -21.617186545052004 ], [ -50.483834833013013, -21.617211786948371 ], [ -50.48381477282625, -21.617239657456686 ], [ -50.483798799649918, -21.617261026479323 ], [ -50.483782584985427, -21.617282190924289 ], [ -50.483717390645907, -21.617365243763754 ], [ -50.483689871500054, -21.617400975582903 ], [ -50.48367656520449, -21.617418772749499 ], [ -50.483664474742945, -21.61743536281444 ], [ -50.483642834664082, -21.617465747599208 ], [ -50.483602771883291, -21.617522651550335 ], [ -50.483578224215293, -21.617556587625216 ], [ -50.483566811449357, -21.61757185212608 ], [ -50.483555186846587, -21.617586979940576 ], [ -50.483518361430669, -21.617633301405 ], [ -50.483503698506901, -21.617652086407588 ], [ -50.48349019668607, -21.617670111601079 ], [ -50.483477669241637, -21.61768792049574 ], [ -50.483466294604973, -21.617705311277671 ], [ -50.483456371482859, -21.61772122925781 ], [ -50.483446810830337, -21.617737113986419 ], [ -50.483415608183854, -21.617790206131211 ] ] ], [ [ [ -50.485703543331553, -21.618481803930273 ], [ -50.485700960956969, -21.618478169531716 ], [ -50.485634961009673, -21.618382169482008 ], [ -50.485830621609054, -21.618264553172494 ], [ -50.485775699353589, -21.618190015735699 ], [ -50.486030300503977, -21.618025984163197 ], [ -50.486091017831939, -21.618108386151945 ], [ -50.486334236611469, -21.617955269411329 ], [ -50.486406236728868, -21.618055269450373 ], [ -50.486477960258824, -21.618154885340921 ], [ -50.486550681162605, -21.618254502895624 ], [ -50.486551394056683, -21.618255488142601 ], [ -50.486621766472048, -21.618353612938193 ], [ -50.486695125307804, -21.618452746380616 ], [ -50.486695420478746, -21.61845314669667 ], [ -50.48676742052659, -21.618551146643359 ], [ -50.486767681579536, -21.618551503104843 ], [ -50.486840681628962, -21.618651503050707 ], [ -50.486840987969394, -21.618651924286301 ], [ -50.486850053138213, -21.618664436757498 ], [ -50.486857454609968, -21.618661502497677 ], [ -50.486858752643698, -21.618660946022882 ], [ -50.486821277943186, -21.618610795996535 ], [ -50.486820982207718, -21.618610398817651 ], [ -50.486751982252237, -21.618517398766695 ], [ -50.48675061793795, -21.618515528810537 ], [ -50.486685077079784, -21.618424168713059 ], [ -50.486616543491195, -21.618330804000649 ], [ -50.4866163845467, -21.618330587044429 ], [ -50.486548384592524, -21.618237586994006 ], [ -50.486803615265451, -21.618074412904431 ], [ -50.486812643228767, -21.618086759956906 ], [ -50.486999212743655, -21.617969236231115 ], [ -50.487065915537869, -21.618061823577293 ], [ -50.487133395161756, -21.618154111774142 ], [ -50.487201095563805, -21.618245706325741 ], [ -50.487270017528473, -21.618338601036797 ], [ -50.487270173617787, -21.618338811816489 ], [ -50.487332506921767, -21.618423145009778 ], [ -50.487341640734265, -21.61841620221406 ], [ -50.487355977383636, -21.618406027943681 ], [ -50.487349299583414, -21.618397154691973 ], [ -50.487276041487291, -21.618303107030126 ], [ -50.487509305330242, -21.618144234974039 ], [ -50.487499402106394, -21.618130228968301 ], [ -50.487427763323765, -21.618030730535246 ], [ -50.487663094306249, -21.617882579325698 ], [ -50.487640342312559, -21.617839140035294 ], [ -50.487628022427437, -21.617814877176063 ], [ -50.487597818375441, -21.61775406395661 ], [ -50.487588231351793, -21.617735880863187 ], [ -50.487579814547288, -21.617717963792632 ], [ -50.487566404728668, -21.617691692892215 ], [ -50.487554119268552, -21.617665616115257 ], [ -50.487546033823399, -21.61764568757464 ], [ -50.487539206104202, -21.617631043195811 ], [ -50.487532901164577, -21.617615269977932 ], [ -50.487523550939699, -21.617594337201762 ], [ -50.487516910416943, -21.617578434200926 ], [ -50.487509634629298, -21.617562809469067 ], [ -50.487500035326676, -21.617540548716395 ], [ -50.487493837611929, -21.617524647512543 ], [ -50.48748672012777, -21.617508832734821 ], [ -50.487479034150077, -21.617490505555622 ], [ -50.487455643198942, -21.617444295591444 ], [ -50.48744968181817, -21.617440467149194 ], [ -50.487438415209418, -21.617434591085967 ], [ -50.487423041821295, -21.617428506939728 ], [ -50.487399463454146, -21.617422687699339 ], [ -50.487383007059393, -21.617421006186291 ], [ -50.48737145492052, -21.617420158217477 ], [ -50.487366775764286, -21.617420296500246 ], [ -50.487347613091373, -21.617424851486955 ], [ -50.487328324040845, -21.617429727727895 ], [ -50.487309142146515, -21.617435513137728 ], [ -50.487284117116516, -21.617444392382399 ], [ -50.487265776300994, -21.617452118889616 ], [ -50.487247230437539, -21.617460296947559 ], [ -50.487223424137788, -21.617472306795204 ], [ -50.487206337639364, -21.617482035884841 ], [ -50.487189599546085, -21.617492608521651 ], [ -50.487168040597872, -21.617507635166785 ], [ -50.487136612608474, -21.61753321096397 ], [ -50.487115447221534, -21.617550849376631 ], [ -50.487098857529993, -21.617563538170209 ], [ -50.487080424009584, -21.617576014127124 ], [ -50.487044185901851, -21.617593154232857 ], [ -50.486997824106567, -21.617601148171286 ], [ -50.48695779001816, -21.61760480462409 ], [ -50.486937018595675, -21.617607980840162 ], [ -50.486908798700107, -21.617612759511985 ], [ -50.486888632204916, -21.617617242607025 ], [ -50.486867080913846, -21.6176228357476 ], [ -50.486839056154871, -21.617630627467989 ], [ -50.486818624518229, -21.617637343072797 ], [ -50.486783324228426, -21.617649836662626 ], [ -50.486779044985148, -21.617653247755069 ], [ -50.486776302653269, -21.617656007153425 ], [ -50.486773866447152, -21.61765902828224 ], [ -50.486770857256268, -21.617663933087691 ], [ -50.486769328629563, -21.617667373277939 ], [ -50.486768211031155, -21.617670892959723 ], [ -50.486767256651682, -21.617676284203696 ], [ -50.486767052412567, -21.617679939287616 ], [ -50.48676730949996, -21.617685490054647 ], [ -50.486768141232908, -21.617691094702028 ], [ -50.486769946762131, -21.617698597150611 ], [ -50.486772300983866, -21.617706064987217 ], [ -50.486775064398664, -21.617713378109446 ], [ -50.486777488523536, -21.617718630951536 ], [ -50.486780297340374, -21.617723576768721 ], [ -50.486783565865579, -21.617728118209719 ], [ -50.486787369115547, -21.617732157923211 ], [ -50.486790237983264, -21.617734524778051 ], [ -50.486793374872079, -21.617736614241352 ], [ -50.486796749522121, -21.617738434353122 ], [ -50.486800330054521, -21.617739994291107 ], [ -50.486804084590396, -21.617741303233039 ], [ -50.486807981250898, -21.617742370356677 ], [ -50.486811988157136, -21.617743204839719 ], [ -50.486816073430248, -21.617743815859942 ], [ -50.486822278542761, -21.617744333473791 ], [ -50.486830544305235, -21.617744344352474 ], [ -50.486838717416163, -21.61774381216696 ], [ -50.486854656980519, -21.617742297930256 ], [ -50.486870596762948, -21.617741935416355 ], [ -50.486889107532839, -21.617748175222722 ], [ -50.486916672428272, -21.617765044654689 ], [ -50.486923737377502, -21.617768932373007 ], [ -50.486929174130644, -21.617771551174357 ], [ -50.486936642508944, -21.617774508172253 ], [ -50.486952426486248, -21.617779685349607 ], [ -50.486965644555291, -21.617785094634751 ], [ -50.486979754583466, -21.617798606684868 ], [ -50.486989975972996, -21.617819040224308 ], [ -50.486995704536639, -21.617839727906798 ], [ -50.486998220563159, -21.617861363850249 ], [ -50.48699898353761, -21.617885075066621 ], [ -50.486997723211054, -21.61790084400554 ], [ -50.48699094811861, -21.617916863136188 ], [ -50.486972208842332, -21.617929394132972 ], [ -50.486943467633807, -21.617940645852972 ], [ -50.486922620356196, -21.617947930421082 ], [ -50.486896925338968, -21.617956197482169 ], [ -50.486884032409904, -21.617960625253883 ], [ -50.486873125809687, -21.617964906422188 ], [ -50.486864222726972, -21.617968988533505 ], [ -50.486855556284418, -21.617973677193731 ], [ -50.486850496438706, -21.617976835684022 ], [ -50.486847190021798, -21.617979102572789 ], [ -50.486844517956229, -21.617981073096516 ], [ -50.486829985750816, -21.617993011891752 ], [ -50.486819295683524, -21.618000964518924 ], [ -50.486801705383137, -21.61800542958391 ], [ -50.486773119147827, -21.617995047658155 ], [ -50.486749369282528, -21.61798561082259 ], [ -50.486731249636271, -21.617977688533756 ], [ -50.486712457549949, -21.617968195716802 ], [ -50.486696924625825, -21.617958411210889 ], [ -50.486684599495682, -21.617944460504045 ], [ -50.486679536627044, -21.617922677548428 ], [ -50.4866798557496, -21.617891803370359 ], [ -50.486681258646634, -21.617874740770333 ], [ -50.486686348030808, -21.617856859879186 ], [ -50.486699665537209, -21.617837438973851 ], [ -50.486702990757259, -21.617832090480629 ], [ -50.486704808839654, -21.617828754037173 ], [ -50.486707252952321, -21.617823611828427 ], [ -50.486708693297558, -21.617820101010796 ], [ -50.486710569553324, -21.617814726224708 ], [ -50.486711630493176, -21.617811079678106 ], [ -50.486712936389701, -21.617805530282471 ], [ -50.486713898869574, -21.617799903945624 ], [ -50.486714517031963, -21.617794221535963 ], [ -50.486714789976041, -21.617788503921901 ], [ -50.486714716800982, -21.617782771971815 ], [ -50.48671429660596, -21.617777046554107 ], [ -50.486713823242212, -21.617773243543446 ], [ -50.486712411552695, -21.61776569878937 ], [ -50.486710944892785, -21.61776011817911 ], [ -50.486708443833727, -21.617752821009436 ], [ -50.486706162158249, -21.617747485077203 ], [ -50.486702598334944, -21.617740603177594 ], [ -50.486699549171789, -21.617735651161993 ], [ -50.486696190237758, -21.617730908555558 ], [ -50.486692533024296, -21.617726402282326 ], [ -50.486687212611166, -21.617720808082829 ], [ -50.486682904101237, -21.617716957958429 ], [ -50.48667833561661, -21.61771343391408 ], [ -50.486673518648693, -21.617710262873853 ], [ -50.486668466663083, -21.61770746487576 ], [ -50.486663208645282, -21.617705005823538 ], [ -50.486657780918023, -21.617702826028413 ], [ -50.486650342811224, -21.617700250606234 ], [ -50.486612324885996, -21.617714032470953 ], [ -50.48659200208283, -21.617722453359978 ], [ -50.486494721712603, -21.617759447397663 ], [ -50.486474492802692, -21.61776756399043 ], [ -50.486453800496811, -21.61777615745352 ], [ -50.486425851841219, -21.617787270686424 ], [ -50.486357696304104, -21.61781474751244 ], [ -50.486336934127969, -21.617823412897749 ], [ -50.486315954846269, -21.617831370989499 ], [ -50.486288926483006, -21.617842322304735 ], [ -50.486268602219468, -21.61785009474411 ], [ -50.486200667695947, -21.617877260933483 ], [ -50.486179975482187, -21.617885816939857 ], [ -50.48615227938474, -21.617896877702556 ], [ -50.48612730787201, -21.617907319297121 ], [ -50.486082193895925, -21.617924746380471 ], [ -50.486053502371384, -21.617936138683675 ], [ -50.486011784896739, -21.6179515505933 ], [ -50.485941256363354, -21.617979321486189 ], [ -50.485898742849173, -21.617995665776654 ], [ -50.485870503993517, -21.618006289280789 ], [ -50.48584938656559, -21.61801468295727 ], [ -50.48582821334282, -21.618022653716473 ], [ -50.485779647270832, -21.61804167891993 ], [ -50.485758506864968, -21.618049618814364 ], [ -50.485730672052007, -21.61806070979652 ], [ -50.485709388330172, -21.618068969143938 ], [ -50.485688499019147, -21.618077413886805 ], [ -50.485659247621186, -21.618088749579755 ], [ -50.485638730366219, -21.618096344160641 ], [ -50.485617978056631, -21.618104443853049 ], [ -50.48559004655862, -21.618114876786233 ], [ -50.485569483161541, -21.618122896459454 ], [ -50.485548264389791, -21.618130532320286 ], [ -50.485512883388132, -21.618144422321649 ], [ -50.485480519747597, -21.618156180316657 ], [ -50.485453594206568, -21.618166735379724 ], [ -50.485433451937823, -21.618174342911942 ], [ -50.485413559195976, -21.618182374559957 ], [ -50.485386609198301, -21.618192951194956 ], [ -50.48536652534623, -21.618201238181936 ], [ -50.485346800142501, -21.61820826099402 ], [ -50.485320105641641, -21.618218926882751 ], [ -50.485300389774785, -21.618227527502693 ], [ -50.485281743604567, -21.618236207206539 ], [ -50.485256757892877, -21.618249013106681 ], [ -50.485219914331147, -21.618269002008685 ], [ -50.485196823329758, -21.618283833870635 ], [ -50.48518112952047, -21.618295114014085 ], [ -50.4851664533169, -21.618308217718702 ], [ -50.485144930469858, -21.618329996818069 ], [ -50.485131324098184, -21.6183589780854 ], [ -50.485118894959719, -21.618382511232507 ], [ -50.48511163756887, -21.618400013815712 ], [ -50.485105209729241, -21.618418243545399 ], [ -50.485098771695789, -21.618442697576398 ], [ -50.48509572319638, -21.618461394597769 ], [ -50.485093686434091, -21.618480536421497 ], [ -50.485091339972165, -21.618527364212984 ], [ -50.485091788122681, -21.618547574094404 ], [ -50.485091981969219, -21.618575725083787 ], [ -50.485091914527914, -21.61859707546196 ], [ -50.485089924587477, -21.618655121871349 ], [ -50.485088838274621, -21.618680822296106 ], [ -50.485133675704375, -21.618741051607291 ], [ -50.485347730920907, -21.618607959460469 ], [ -50.485411730967598, -21.618697959412675 ], [ -50.485413189656661, -21.618700049603579 ], [ -50.485475470068607, -21.618790998657015 ], [ -50.485538731181222, -21.618879959483685 ], [ -50.485539347497394, -21.618880833018007 ], [ -50.485602347545374, -21.618970832970756 ], [ -50.485602773681499, -21.618971445104759 ], [ -50.485665561546796, -21.619062138569845 ], [ -50.485712918228941, -21.619129790885967 ], [ -50.485722162803718, -21.619126366657436 ], [ -50.485777107527106, -21.619104388334335 ], [ -50.485718062578528, -21.61902683667024 ], [ -50.485716503326849, -21.61902475004867 ], [ -50.485651040286683, -21.618935482159042 ], [ -50.485584586820018, -21.618847208047189 ], [ -50.485582885932118, -21.618844901484881 ], [ -50.485518497434754, -21.618755748071298 ], [ -50.485452121670676, -21.618666586490626 ], [ -50.485451503748664, -21.618665750188917 ], [ -50.48538550379277, -21.618575750140032 ], [ -50.485640496065052, -21.618412249758574 ], [ -50.485706188719959, -21.618501830543433 ], [ -50.48577287822912, -21.618591413359461 ], [ -50.485774113881142, -21.618593098461158 ], [ -50.485838275434361, -21.618681937425926 ], [ -50.485904413077748, -21.618769791803754 ], [ -50.485905496486872, -21.618771249898824 ], [ -50.485970726728546, -21.618860200121436 ], [ -50.486036937317195, -21.618947163181556 ], [ -50.486037878711642, -21.618948413583581 ], [ -50.48606527793283, -21.618985218463912 ], [ -50.486067706987505, -21.618984246959403 ], [ -50.486067894104032, -21.618984173613004 ], [ -50.48604457996543, -21.618953199078188 ], [ -50.486042951481124, -21.618950992315238 ], [ -50.485975166946098, -21.618857290048552 ], [ -50.485907383991247, -21.618764586776749 ], [ -50.485905944535119, -21.618762582380278 ], [ -50.485839443775994, -21.618668290139524 ], [ -50.485772246098385, -21.618575399117464 ], [ -50.485703543331553, -21.618481803930273 ] ] ], [ [ [ -50.483161334325956, -21.615471442182265 ], [ -50.483184134011999, -21.615418941377445 ], [ -50.483208849626976, -21.615366756634359 ], [ -50.483234273994292, -21.615315703512405 ], [ -50.483260384164929, -21.615265259055992 ], [ -50.483288703988485, -21.61521557583961 ], [ -50.483317862490424, -21.615168547558227 ], [ -50.48335315310328, -21.61510971055144 ], [ -50.483382677859396, -21.615053437228848 ], [ -50.48343865952495, -21.614942644408085 ], [ -50.483466030852767, -21.614884554793147 ], [ -50.48349299231505, -21.614829925598766 ], [ -50.483525149841199, -21.614770700463332 ], [ -50.483560786096341, -21.614718494878609 ], [ -50.483598074605332, -21.614671775533022 ], [ -50.483632579613023, -21.614627765356627 ], [ -50.48370728984694, -21.614534374237405 ], [ -50.48374030893995, -21.614486475811574 ], [ -50.48376507050564, -21.614433368603549 ], [ -50.483789431220423, -21.614375591733342 ], [ -50.483812346026902, -21.614319334921397 ], [ -50.483835544170049, -21.614266772605546 ], [ -50.483867516080984, -21.614208685183474 ], [ -50.483900943268011, -21.614162588654466 ], [ -50.48393973926018, -21.614113253244266 ], [ -50.483980613127734, -21.614058708153099 ], [ -50.48402195238981, -21.61400738477926 ], [ -50.484063977521714, -21.613958302212644 ], [ -50.484109673508868, -21.613914263128326 ], [ -50.484153006920806, -21.613868980468784 ], [ -50.484194528475619, -21.613820000421647 ], [ -50.484234454708201, -21.613769446763428 ], [ -50.484273250340365, -21.613715168296395 ], [ -50.484306316524062, -21.613662452522711 ], [ -50.48432865247657, -21.613607615357797 ], [ -50.484344068338785, -21.613552157625421 ], [ -50.484359587009557, -21.613493961777237 ], [ -50.484380266043914, -21.613435112552441 ], [ -50.484398824648373, -21.613374615607807 ], [ -50.484411520827742, -21.61331074231563 ], [ -50.484418669473769, -21.613255373926442 ], [ -50.484439281563724, -21.613142101434956 ], [ -50.484452875470197, -21.613084074759737 ], [ -50.48446982940753, -21.613028454514634 ], [ -50.484488153045852, -21.61297498198558 ], [ -50.484511280882288, -21.612923042328148 ], [ -50.484540832459146, -21.612862347325123 ], [ -50.484564536651781, -21.61280247911672 ], [ -50.484578606615983, -21.612744566292715 ], [ -50.484586003925038, -21.612687009213222 ], [ -50.484591636140003, -21.612630325884542 ], [ -50.484592298068904, -21.612570782759313 ], [ -50.484583417458055, -21.612506270647604 ], [ -50.484568683775613, -21.612449769455587 ], [ -50.484549358847474, -21.612399136819572 ], [ -50.48452631512648, -21.612348993613438 ], [ -50.484497081348685, -21.61229139151871 ], [ -50.484464728931549, -21.612237316567128 ], [ -50.48443426552496, -21.612188674403921 ], [ -50.48440670197175, -21.612135208181154 ], [ -50.484404078773878, -21.612108314551442 ], [ -50.484350161825141, -21.612130350669396 ], [ -50.484293260171022, -21.612150320676918 ], [ -50.484243532488193, -21.612167499685643 ], [ -50.484304697988598, -21.612245566091985 ], [ -50.484306845668925, -21.612248377053426 ], [ -50.484379845715452, -21.612346376999589 ], [ -50.484160328961231, -21.612489362606688 ], [ -50.484220413533862, -21.612571144286822 ], [ -50.484220980860513, -21.612571921892521 ], [ -50.484291980909639, -21.612669921839768 ], [ -50.484036018948885, -21.612832078058144 ], [ -50.483965301307386, -21.612734467672631 ], [ -50.483945963845578, -21.612708147206618 ], [ -50.483767498193487, -21.612812184505849 ], [ -50.483767787676207, -21.612812592930688 ], [ -50.48370457531653, -21.612854185836426 ], [ -50.483629098285107, -21.612753880717296 ], [ -50.483548629953432, -21.612649569798144 ], [ -50.48354665067594, -21.612646943014877 ], [ -50.483469565535472, -21.612542186160294 ], [ -50.483420802966783, -21.612478794748224 ], [ -50.483399987248227, -21.612487273686181 ], [ -50.483404777854801, -21.612494033026643 ], [ -50.48347870012622, -21.612597923655542 ], [ -50.483478855613278, -21.612598142608761 ], [ -50.483551855734135, -21.61270114264892 ], [ -50.483624778218243, -21.612804033147039 ], [ -50.483698390270057, -21.612907487792558 ], [ -50.483771076731543, -21.613008053868228 ], [ -50.48377329856887, -21.613011216351946 ], [ -50.483843209904897, -21.613113621554572 ], [ -50.483913853676299, -21.613211361446538 ], [ -50.483915600681328, -21.613213398846867 ], [ -50.484062526832261, -21.613414297717409 ], [ -50.483823079691064, -21.613567703511379 ], [ -50.483867388570928, -21.613629486238615 ], [ -50.483644411726004, -21.613769317090032 ], [ -50.483686140067007, -21.613827140576774 ], [ -50.483466432093628, -21.61396578135782 ], [ -50.483512003017736, -21.614029940341617 ], [ -50.483590213801243, -21.614135871274694 ], [ -50.48359177180923, -21.61413802258161 ], [ -50.483667771864852, -21.614245022524848 ], [ -50.483410227994796, -21.614404977371855 ], [ -50.483334996715264, -21.614299059516608 ], [ -50.483256786107972, -21.614193128565955 ], [ -50.483255228245994, -21.614190977455298 ], [ -50.483232045227332, -21.61415833816449 ], [ -50.482999055345836, -21.614311135291885 ], [ -50.483041712594904, -21.614366874033209 ], [ -50.483042142760873, -21.614367438974206 ], [ -50.483117142806222, -21.614466438919187 ], [ -50.483117564380706, -21.614466998197901 ], [ -50.483192141527184, -21.614566434276689 ], [ -50.483266712943959, -21.614663874149219 ], [ -50.48301528691168, -21.614832125752052 ], [ -50.482940286955575, -21.614734125697158 ], [ -50.482939435429117, -21.614733001757294 ], [ -50.482864645554827, -21.614633281807862 ], [ -50.482790071453543, -21.614534843879877 ], [ -50.482715287304636, -21.614437125813151 ], [ -50.482714435778178, -21.614436001873269 ], [ -50.482639858795004, -21.61433656577924 ], [ -50.48261642591708, -21.614305946783531 ], [ -50.482661749002531, -21.614368599206824 ], [ -50.48273015754674, -21.614461793342709 ], [ -50.482799860334175, -21.614555394117257 ], [ -50.482800611108061, -21.614556411546239 ], [ -50.482868018938852, -21.614648601556294 ], [ -50.4829374150642, -21.614740799157129 ], [ -50.482937860618499, -21.614741394278258 ], [ -50.483007638751005, -21.61483509623088 ], [ -50.483077415350039, -21.614927799317972 ], [ -50.483147415393248, -21.615020799266507 ], [ -50.482918835254949, -21.615171239908875 ], [ -50.48297588240353, -21.61524978298787 ], [ -50.482720117454839, -21.615412216910176 ], [ -50.482651117502257, -21.615317216858937 ], [ -50.482650532771764, -21.615316405904309 ], [ -50.482582532883292, -21.615221405941384 ], [ -50.482514823893155, -21.615126812381362 ], [ -50.482446117836957, -21.615032216970253 ], [ -50.48244471426775, -21.615030250094676 ], [ -50.482377328507802, -21.614934126167327 ], [ -50.482309956321238, -21.614840993911585 ], [ -50.482242037191114, -21.614747105586627 ], [ -50.482173118283185, -21.614652217118664 ], [ -50.482172533552486, -21.61465140616377 ], [ -50.482105112849055, -21.61455721535804 ], [ -50.482035703749624, -21.614463017180512 ], [ -50.482035389120853, -21.614462588535659 ], [ -50.481967389166691, -21.614369588485268 ], [ -50.481967118679712, -21.614369217317471 ], [ -50.481922766891778, -21.614308153186819 ], [ -50.481975633738507, -21.61438424930676 ], [ -50.481976994935565, -21.614386244153959 ], [ -50.482040840292633, -21.614481520943194 ], [ -50.482106634264255, -21.614573828786057 ], [ -50.482108034549704, -21.614575829006679 ], [ -50.482173343363414, -21.614670823520537 ], [ -50.482239634487236, -21.614763828860184 ], [ -50.482241610364881, -21.614766672710637 ], [ -50.482305640376637, -21.614861239986791 ], [ -50.482371634710212, -21.614953828934368 ], [ -50.48237303499527, -21.614955829154432 ], [ -50.482438924936588, -21.615051668943039 ], [ -50.482503230954023, -21.615144665216487 ], [ -50.482569635043504, -21.615237829045178 ], [ -50.482570051415877, -21.615238416304496 ], [ -50.482637051465879, -21.615333416254369 ], [ -50.482637402918634, -21.615333916834754 ], [ -50.482702227856613, -21.615426666242033 ], [ -50.48276892953708, -21.615521243131099 ], [ -50.482834721354216, -21.61561394966531 ], [ -50.482901635595184, -21.615707829228576 ], [ -50.482677838304447, -21.615847308352354 ], [ -50.48271638543364, -21.615902460328336 ], [ -50.482782330184904, -21.615992026971025 ], [ -50.482783982487476, -21.615994317706736 ], [ -50.482836094051969, -21.616068075519905 ], [ -50.482852876860534, -21.616042911524996 ], [ -50.482888390613354, -21.615987892738847 ], [ -50.482949837039101, -21.61589393876951 ], [ -50.483011941936354, -21.615781192594412 ], [ -50.483039027773252, -21.61573318207078 ], [ -50.483064854434232, -21.615684141041942 ], [ -50.483090072931958, -21.615631391212855 ], [ -50.483115269835892, -21.615577878081403 ], [ -50.483139545864454, -21.615524720302865 ], [ -50.483161334325956, -21.615471442182265 ] ] ], [ [ [ -50.482786855710408, -21.612687021579308 ], [ -50.482844062592115, -21.612665331229 ], [ -50.482844062592115, -21.612665331228989 ], [ -50.482786855710408, -21.612687021579308 ] ] ], [ [ [ -50.483113322081778, -21.612081798405917 ], [ -50.483186699641557, -21.612184923494457 ], [ -50.483187393492926, -21.612185907306962 ], [ -50.483259125693699, -21.612288524073374 ], [ -50.483331855370352, -21.612391142528047 ], [ -50.483378308397484, -21.61245668575739 ], [ -50.483388423158949, -21.612452565677039 ], [ -50.483397715259308, -21.612448780694045 ], [ -50.483390507945124, -21.612439411174851 ], [ -50.483389700534353, -21.612438351510765 ], [ -50.483310101813842, -21.612332883083532 ], [ -50.483230508191916, -21.612229411256866 ], [ -50.483230100698961, -21.612228878976644 ], [ -50.483150303923992, -21.612124145589082 ], [ -50.483075304604654, -21.612026646363162 ], [ -50.483113322081778, -21.612081798405917 ] ] ], [ [ [ -50.484220169469722, -21.612137044754853 ], [ -50.484220169469722, -21.612137044754839 ], [ -50.484215287107475, -21.612138731423862 ], [ -50.484220169469722, -21.612137044754853 ] ] ], [ [ [ -50.483934603459439, -21.611238985466084 ], [ -50.48388574359489, -21.611195962814019 ], [ -50.483836988938016, -21.611156858710192 ], [ -50.483791634173492, -21.611122596271827 ], [ -50.483745187229367, -21.611084201210804 ], [ -50.483695459055411, -21.61104958109183 ], [ -50.48364563587122, -21.611023527372776 ], [ -50.483591037449486, -21.611001211181232 ], [ -50.483532928076862, -21.610979548618108 ], [ -50.483471265410742, -21.610957009607976 ], [ -50.483303418513813, -21.610905489812062 ], [ -50.483356139739811, -21.610976774764655 ], [ -50.483356824325384, -21.610977708189811 ], [ -50.483428618826395, -21.61107642550812 ], [ -50.483500411965679, -21.611174143829388 ], [ -50.483557911879139, -21.611252407506385 ], [ -50.483744568014131, -21.611109378525281 ], [ -50.483829568127845, -21.611206378562478 ], [ -50.483914568156813, -21.611303378502953 ], [ -50.48391561996489, -21.611304592116436 ], [ -50.48399885183985, -21.611401695875799 ], [ -50.484083068579437, -21.611496811162027 ], [ -50.484083985524705, -21.611497856685187 ], [ -50.484169985555297, -21.611596856624789 ], [ -50.484170701387313, -21.611597686902272 ], [ -50.484253701419007, -21.611694686843656 ], [ -50.48425418266433, -21.611695252152302 ], [ -50.484337182697516, -21.611793252093491 ], [ -50.484095920932567, -21.611971930356574 ], [ -50.484156981955415, -21.612052229690565 ], [ -50.484157845439775, -21.612053376977293 ], [ -50.484220169469722, -21.612137044754839 ], [ -50.484279774118946, -21.612116453633213 ], [ -50.484335623312703, -21.612096852993993 ], [ -50.484402927364457, -21.612069345498632 ], [ -50.484422123147411, -21.61201722718544 ], [ -50.484442237480721, -21.611966132629799 ], [ -50.484435883450374, -21.611916795234873 ], [ -50.484407027446892, -21.611871184096618 ], [ -50.484371059881319, -21.611829548925996 ], [ -50.484331067178438, -21.611781096016269 ], [ -50.484296666610213, -21.611736317727363 ], [ -50.484260133481833, -21.61168471944449 ], [ -50.484220204713012, -21.611625609066085 ], [ -50.484187742524803, -21.611578143866048 ], [ -50.48412175955206, -21.611479465149642 ], [ -50.484089117767617, -21.611433196086331 ], [ -50.484050029447779, -21.611380282969776 ], [ -50.484012335431963, -21.611331109559263 ], [ -50.483974509542641, -21.611283760213691 ], [ -50.483934603459439, -21.611238985466084 ] ] ], [ [ [ -50.481881850402189, -21.616947416975364 ], [ -50.481931065526609, -21.616900608064629 ], [ -50.481940904944196, -21.616890760741924 ], [ -50.481769136884324, -21.617002604862822 ], [ -50.481716959979693, -21.616932538650719 ], [ -50.48175937518684, -21.616992458470914 ], [ -50.481790949364516, -21.617035872911782 ], [ -50.481831568824511, -21.616996091252744 ], [ -50.481881850402189, -21.616947416975364 ] ] ], [ [ [ -50.478865525802291, -21.615074781198722 ], [ -50.478890020491079, -21.615109014166503 ], [ -50.478913605791554, -21.61514119874041 ], [ -50.478924965192931, -21.61515704446418 ], [ -50.478936867752829, -21.615172932954639 ], [ -50.478971511160701, -21.615220569253797 ], [ -50.478983153429887, -21.615235803314345 ], [ -50.478994703544252, -21.615251464888342 ], [ -50.479041770624434, -21.615313388992131 ], [ -50.479104186088819, -21.615394129716826 ], [ -50.479124997840941, -21.615421973632383 ], [ -50.479136802266012, -21.615437428593683 ], [ -50.479163545273657, -21.61547373152035 ], [ -50.479181108447683, -21.61549780864496 ], [ -50.479202661320038, -21.615527914998264 ], [ -50.479264969367705, -21.615616204464708 ], [ -50.479285237758234, -21.6156445369332 ], [ -50.479305126663704, -21.615671940997828 ], [ -50.479363106505517, -21.615750218822882 ], [ -50.479399456281435, -21.615800920116346 ], [ -50.479434736986072, -21.615848985612089 ], [ -50.479450815096875, -21.615871189113257 ], [ -50.47949378888115, -21.615928938995864 ], [ -50.47950932259446, -21.615949461008753 ], [ -50.479521392290039, -21.615966729838537 ], [ -50.479557648457998, -21.61601468653722 ], [ -50.479598599688579, -21.616066106525125 ], [ -50.479637675308119, -21.616118254011528 ], [ -50.479707147334004, -21.616208979405663 ], [ -50.479774834933146, -21.616303120008048 ], [ -50.479845672808104, -21.616398150809221 ], [ -50.479880454876813, -21.616445333644101 ], [ -50.479913874038346, -21.616491177383292 ], [ -50.479956041392406, -21.616549806038794 ], [ -50.479997784073433, -21.6166067336137 ], [ -50.480039097503806, -21.61666352816238 ], [ -50.480080155656751, -21.616721537352571 ], [ -50.48011928308204, -21.61677723287054 ], [ -50.480157973436555, -21.616828839528427 ], [ -50.480230177156798, -21.616922173939646 ], [ -50.48026696313449, -21.616970296929782 ], [ -50.480301227485548, -21.617020685943089 ], [ -50.480368968709826, -21.617114718256293 ], [ -50.480408328763723, -21.61717004535069 ], [ -50.480448412342639, -21.617223029638676 ], [ -50.480487951766243, -21.617279137514938 ], [ -50.480521275911173, -21.617323740273733 ], [ -50.480562284441582, -21.617375726965879 ], [ -50.480598644304159, -21.617423351260406 ], [ -50.480638343591799, -21.617474843296751 ], [ -50.480678822882069, -21.617524666609654 ], [ -50.480713856734702, -21.617571009315625 ], [ -50.480749908159908, -21.6176201149303 ], [ -50.480784026149195, -21.617670384011063 ], [ -50.480817240955773, -21.617718036347572 ], [ -50.480855439084607, -21.617765685860693 ], [ -50.480891511219319, -21.617808358422199 ], [ -50.480936424610803, -21.617847421515162 ], [ -50.48098793009251, -21.617867505440188 ], [ -50.481042240210328, -21.617869323722871 ], [ -50.481092886517679, -21.617845118697559 ], [ -50.481131885431736, -21.617801038814964 ], [ -50.481166123789762, -21.61775000121764 ], [ -50.481227245613439, -21.617655193473716 ], [ -50.481260280919287, -21.617604331140658 ], [ -50.481300275416189, -21.61755029876014 ], [ -50.481314657752712, -21.617531681718511 ], [ -50.481166771345428, -21.617629451087602 ], [ -50.481104771383173, -21.617547451042071 ], [ -50.481103917082336, -21.617546309527434 ], [ -50.481086848085283, -21.617523266353867 ], [ -50.480868906101534, -21.617657526295158 ], [ -50.480807129946527, -21.617569843898998 ], [ -50.48074535557484, -21.617483160397235 ], [ -50.48074427662138, -21.617481625331571 ], [ -50.480683371989009, -21.617393762796748 ], [ -50.48062159267235, -21.617305079469318 ], [ -50.480560812284729, -21.617218392575651 ], [ -50.480498906720022, -21.617130526500617 ], [ -50.480436906766428, -21.617042526454213 ], [ -50.480436081942791, -21.617041343191552 ], [ -50.480376179440178, -21.616954484448975 ], [ -50.480315590363894, -21.616867077143279 ], [ -50.480254130873632, -21.616779844207006 ], [ -50.480192356502151, -21.616693160705548 ], [ -50.480190846622342, -21.616691000457205 ], [ -50.480130814375507, -21.616603412310184 ], [ -50.480069816891202, -21.616518802790679 ], [ -50.48006935676473, -21.616518160854032 ], [ -50.480007356809708, -21.616431160807785 ], [ -50.480006907541494, -21.616430526773478 ], [ -50.479944907587907, -21.616342526727053 ], [ -50.479944719354329, -21.616342258910532 ], [ -50.47988403643253, -21.616255711026042 ], [ -50.479822905144609, -21.616169929917625 ], [ -50.479760463683867, -21.616084692264081 ], [ -50.479759357275412, -21.61608316102372 ], [ -50.47969735732039, -21.615996160977449 ], [ -50.479696719761563, -21.615995259045683 ], [ -50.479636890788278, -21.615909929090183 ], [ -50.479574110701591, -21.615825568247271 ], [ -50.479572995994495, -21.615824049815327 ], [ -50.479510142266129, -21.615737251702715 ], [ -50.479448289263686, -21.615652453128032 ], [ -50.479447996196527, -21.61565204988246 ], [ -50.479385548479655, -21.615565812453504 ], [ -50.479322111106939, -21.615480568382075 ], [ -50.479321943752822, -21.615480343043757 ], [ -50.479258943852685, -21.615395343076944 ], [ -50.479195943893494, -21.615310343030416 ], [ -50.479195635590834, -21.615309925502494 ], [ -50.47913178945182, -21.615223134552714 ], [ -50.479068944154683, -21.615138343177343 ], [ -50.479005944195464, -21.615053343130818 ], [ -50.479005464955009, -21.615052692747348 ], [ -50.478942786659047, -21.614967131795403 ], [ -50.478879111810791, -21.614881568616049 ], [ -50.478878465157081, -21.614880692814509 ], [ -50.478816026882399, -21.614795459511289 ], [ -50.478752599101888, -21.614711219391147 ], [ -50.478750997304267, -21.614709050250411 ], [ -50.478688467304721, -21.614622699192775 ], [ -50.478625944800577, -21.614538343331972 ], [ -50.47862546556005, -21.614537692948414 ], [ -50.478562787263961, -21.614452131996313 ], [ -50.478547359748056, -21.614431401247099 ], [ -50.478494725686652, -21.614460929162163 ], [ -50.478456323961353, -21.61448436148261 ], [ -50.47847791294614, -21.614505150823319 ], [ -50.478485962898219, -21.614523921528654 ], [ -50.478497918303702, -21.614545603511282 ], [ -50.478525789559583, -21.614602571552581 ], [ -50.478539073388042, -21.614625496959121 ], [ -50.478554971928162, -21.614650110594035 ], [ -50.478574477011364, -21.614677101594367 ], [ -50.478595253380398, -21.614704624204645 ], [ -50.4786177006809, -21.614733935604111 ], [ -50.478629983597394, -21.614750370908961 ], [ -50.478641462964397, -21.614766204096529 ], [ -50.478653335362921, -21.614782061550507 ], [ -50.478691193558767, -21.614833859609814 ], [ -50.478746535956383, -21.614908381422495 ], [ -50.478774211741133, -21.614945392843612 ], [ -50.478801320399299, -21.614983033930603 ], [ -50.478827935648667, -21.615020761156039 ], [ -50.478865525802291, -21.615074781198722 ] ] ], [ [ [ -50.48242522858353, -21.616543005856123 ], [ -50.482487256384211, -21.616520799618733 ], [ -50.482543427289421, -21.616491802100807 ], [ -50.482590039734767, -21.61645687327681 ], [ -50.482633124180218, -21.616411169603559 ], [ -50.4826654807555, -21.616359782044523 ], [ -50.482668694125842, -21.616353900947235 ], [ -50.482657789268359, -21.61633876433525 ], [ -50.482657620538447, -21.616338529632444 ], [ -50.482591620585438, -21.616246529583279 ], [ -50.482591017324189, -21.616245682238262 ], [ -50.48252683181564, -21.616154834942311 ], [ -50.482460669716971, -21.616064972878245 ], [ -50.482458596338283, -21.616062082920497 ], [ -50.482394399072561, -21.615970231330461 ], [ -50.482328224969805, -21.615879365286379 ], [ -50.482326184768404, -21.615876490664412 ], [ -50.482262106456943, -21.615783823447739 ], [ -50.482197059214158, -21.615694136986651 ], [ -50.482196621295742, -21.615693529884183 ], [ -50.482130621342726, -21.615601529835025 ], [ -50.482130193163655, -21.615600929746954 ], [ -50.482064193212089, -21.615507929697642 ], [ -50.4820640181904, -21.615507682525948 ], [ -50.481999401721566, -21.615416225254208 ], [ -50.481932790460128, -21.615323764731507 ], [ -50.481931185419462, -21.615321490880284 ], [ -50.481866810272521, -21.615228394392986 ], [ -50.48180261958354, -21.615138527315278 ], [ -50.481735790786509, -21.615045764840055 ], [ -50.481735622056476, -21.615045530137095 ], [ -50.481669622103468, -21.614953530087927 ], [ -50.481668185853472, -21.614951491024204 ], [ -50.481603977025621, -21.614858635060386 ], [ -50.48153779111405, -21.614766764948971 ], [ -50.481537194143726, -21.614765930072586 ], [ -50.481471705725362, -21.614673650821537 ], [ -50.481405226492804, -21.614582365793069 ], [ -50.481404791393352, -21.614581765107356 ], [ -50.481337791440481, -21.614488765057509 ], [ -50.481337194470051, -21.614487930180978 ], [ -50.481271280129775, -21.614395050765996 ], [ -50.481204873201193, -21.614301882719722 ], [ -50.481137389367127, -21.614209588539751 ], [ -50.481137226993198, -21.614209366024362 ], [ -50.481070308179, -21.614117477391162 ], [ -50.481002389584418, -21.614024588612018 ], [ -50.481001366435798, -21.614023171384432 ], [ -50.480934873638134, -21.61392988286504 ], [ -50.480867687349814, -21.61383799562347 ], [ -50.480798987901288, -21.61374540060379 ], [ -50.480797957622066, -21.613743994331806 ], [ -50.480729957669347, -21.613649994281264 ], [ -50.480729792487729, -21.613649765471045 ], [ -50.480668956543539, -21.613565321444113 ], [ -50.480657478859747, -21.613569722685135 ], [ -50.480653047421391, -21.613571421967734 ], [ -50.480662327349904, -21.61358402603447 ], [ -50.480663376331528, -21.613585469342777 ], [ -50.480729376378513, -21.613677469293609 ], [ -50.48072954888967, -21.613677710285383 ], [ -50.480794633368056, -21.613768828566851 ], [ -50.48086163341663, -21.613862828516861 ], [ -50.480861979979267, -21.613863316880501 ], [ -50.480926165641769, -21.613954164165111 ], [ -50.480992327890142, -21.614044026214199 ], [ -50.480993980194064, -21.614046316951804 ], [ -50.481058464329614, -21.614137586689711 ], [ -50.481123939044807, -21.614227862321915 ], [ -50.48112498040885, -21.614229317023117 ], [ -50.481189383156519, -21.614320471566128 ], [ -50.481255773286669, -21.614411634020819 ], [ -50.481256980624806, -21.614413317094819 ], [ -50.481321464760583, -21.614504586833061 ], [ -50.481386939475755, -21.614594862465225 ], [ -50.4813879808396, -21.614596317166153 ], [ -50.481452383587559, -21.614687471709559 ], [ -50.481518773717646, -21.614778634164193 ], [ -50.481519109375803, -21.614779096988702 ], [ -50.481583721735397, -21.61486856014568 ], [ -50.481650328964818, -21.614959026571736 ], [ -50.481651109588384, -21.614960097059353 ], [ -50.481716109633787, -21.615050097011022 ], [ -50.481716981373701, -21.615051317343465 ], [ -50.481780946680018, -21.615141852739963 ], [ -50.481846874254792, -21.615230412062484 ], [ -50.481848109907794, -21.615232097165514 ], [ -50.481912802791406, -21.615321671817068 ], [ -50.48197849245237, -21.615411248518658 ], [ -50.481979110119184, -21.615412097235762 ], [ -50.482043498766544, -21.61550125063793 ], [ -50.482109874677732, -21.615590412203179 ], [ -50.4821111103306, -21.615592097306017 ], [ -50.482176110436299, -21.615682097341157 ], [ -50.482240348066917, -21.61577104164364 ], [ -50.482305565916768, -21.615857998673729 ], [ -50.48230711064538, -21.6158600974106 ], [ -50.482371499292746, -21.615949250812825 ], [ -50.482437408105667, -21.616037784933816 ], [ -50.482503933976076, -21.616125162095209 ], [ -50.48250611096018, -21.616128097515158 ], [ -50.482571111005598, -21.61621809746682 ], [ -50.482363989003829, -21.616348895556374 ], [ -50.48236556649222, -21.616350998871734 ], [ -50.482128283432594, -21.616506606713127 ], [ -50.482189403123961, -21.616587781207901 ], [ -50.481952920193173, -21.616743471987203 ], [ -50.482009680524108, -21.616819692912522 ], [ -50.482021010767909, -21.616807576293667 ], [ -50.482061639228228, -21.616760765614284 ], [ -50.482098218427581, -21.616718005619965 ], [ -50.482141680934468, -21.616669752539057 ], [ -50.482186762181463, -21.616627392203529 ], [ -50.482239677912531, -21.616594858229153 ], [ -50.482299298111514, -21.616574858392127 ], [ -50.482361429265261, -21.616559285181051 ], [ -50.48242522858353, -21.616543005856123 ] ] ], [ [ [ -50.482705296022381, -21.613456631716421 ], [ -50.482781450523554, -21.613555533552709 ], [ -50.482782141813843, -21.613556438653411 ], [ -50.482857141859206, -21.613655438598368 ], [ -50.48285756343374, -21.613655997877157 ], [ -50.482932563551245, -21.613755997916218 ], [ -50.483007563668757, -21.613855997955255 ], [ -50.483082563715577, -21.613955997900064 ], [ -50.483083381814019, -21.613957099531795 ], [ -50.483157975616521, -21.614058546981244 ], [ -50.483218207335597, -21.614138855845159 ], [ -50.483180185035089, -21.614085324381399 ], [ -50.483102173802216, -21.613980650956304 ], [ -50.483100228496056, -21.613977977538323 ], [ -50.483024673188339, -21.613871603484515 ], [ -50.482948124814449, -21.613766225073807 ], [ -50.482947747658855, -21.613765703430797 ], [ -50.482870747713193, -21.613658703373499 ], [ -50.482870228871668, -21.613657977663074 ], [ -50.482794673564108, -21.613551603609498 ], [ -50.482718196202818, -21.613446322956623 ], [ -50.482640388468667, -21.613339586575698 ], [ -50.482563510042773, -21.613234752231449 ], [ -50.482562229370551, -21.613232977828773 ], [ -50.482486674063189, -21.613126603775449 ], [ -50.482410317404899, -21.613021489285487 ], [ -50.482333510416225, -21.612916752355666 ], [ -50.482332229743839, -21.612914977952741 ], [ -50.482325168359814, -21.612905036254919 ], [ -50.482324384213896, -21.612905351061428 ], [ -50.482297571109207, -21.612915704264925 ], [ -50.482330579061326, -21.612958701416257 ], [ -50.482331562615826, -21.612959997605355 ], [ -50.482406421085003, -21.613059808780353 ], [ -50.4824801429803, -21.613157440365704 ], [ -50.48255600650927, -21.613257260683039 ], [ -50.482556141462467, -21.613257438536632 ], [ -50.482631141507831, -21.61335643848161 ], [ -50.48263211938584, -21.613357744487203 ], [ -50.482705296022381, -21.613456631716421 ] ] ], [ [ [ -50.481227240874908, -21.613322170050445 ], [ -50.481225360989626, -21.613322771684551 ], [ -50.481227240874908, -21.613322170050452 ], [ -50.481227240874908, -21.613322170050445 ] ] ], [ [ [ -50.478239870760547, -21.612223410988186 ], [ -50.478306563280768, -21.612312997849561 ], [ -50.478374252730909, -21.612402586723011 ], [ -50.478374870972054, -21.612403411058466 ], [ -50.478441716893855, -21.612493203981249 ], [ -50.478507562042374, -21.612580997409182 ], [ -50.478507871181208, -21.612581411127973 ], [ -50.478574871224012, -21.612671411078573 ], [ -50.478575326316331, -21.6126720257794 ], [ -50.478641946719875, -21.612762510099454 ], [ -50.478707247847581, -21.612849578167218 ], [ -50.478773930206323, -21.612937160865449 ], [ -50.478774871600699, -21.612938411267361 ], [ -50.47884187164351, -21.613028411217961 ], [ -50.478842194779041, -21.613028846982143 ], [ -50.478907113290845, -21.613116736554286 ], [ -50.478973031581958, -21.613205626264886 ], [ -50.478973194986992, -21.613205847051272 ], [ -50.4790378033629, -21.613293316747917 ], [ -50.47910440669763, -21.613381789730393 ], [ -50.479105195194961, -21.613382847120366 ], [ -50.479169880818624, -21.6134704213984 ], [ -50.4792355631904, -21.613557997790767 ], [ -50.479236656904426, -21.613559475528817 ], [ -50.479300330798516, -21.613646659678945 ], [ -50.479365946238033, -21.613730882386388 ], [ -50.479366931204069, -21.613732161259406 ], [ -50.479381161702747, -21.613750852042088 ], [ -50.47934370474875, -21.613700017543326 ], [ -50.479273704794885, -21.613605017491555 ], [ -50.479272534820794, -21.613603406548872 ], [ -50.479205114117462, -21.613509215743292 ], [ -50.479135705083543, -21.613415017654635 ], [ -50.479065705129671, -21.613320017602888 ], [ -50.479063716316197, -21.613317250738284 ], [ -50.478996693775308, -21.613221644933319 ], [ -50.478927705355169, -21.613128017677901 ], [ -50.478926699799722, -21.61312663596409 ], [ -50.478857780305283, -21.613030747852694 ], [ -50.478787861033936, -21.612933859599618 ], [ -50.478786716767992, -21.612932250888182 ], [ -50.478718716881787, -21.612835250925979 ], [ -50.478651767917924, -21.612739750076667 ], [ -50.478581858382746, -21.612645224393553 ], [ -50.478579320801039, -21.612641682776673 ], [ -50.478511320854061, -21.612543682725605 ], [ -50.478510933054928, -21.612543120996627 ], [ -50.478443880777206, -21.612445500641225 ], [ -50.478374861719509, -21.612349859827606 ], [ -50.478373886591307, -21.61234849186279 ], [ -50.478305168363292, -21.612250891936416 ], [ -50.478235452963624, -21.612153290254241 ], [ -50.478234321375758, -21.612151682967301 ], [ -50.478166684666228, -21.612054206406597 ], [ -50.478097052775354, -21.61195572689261 ], [ -50.478096321606792, -21.611954683043958 ], [ -50.478028684897424, -21.611857206483478 ], [ -50.477980197592117, -21.611788631492878 ], [ -50.47796490101225, -21.611793377647807 ], [ -50.47792738341662, -21.611804338934991 ], [ -50.477969870272261, -21.611861410762291 ], [ -50.477970165929328, -21.611861809337299 ], [ -50.478038018566536, -21.611953609854229 ], [ -50.478104870549039, -21.61204341091792 ], [ -50.478171563069253, -21.612132997779284 ], [ -50.478239252519387, -21.612222586652706 ], [ -50.478239870760547, -21.612223410988186 ] ] ], [ [ [ -50.480322793084419, -21.613088765603788 ], [ -50.480322535400269, -21.613088406765495 ], [ -50.480255038282216, -21.612994109203846 ], [ -50.480186549912673, -21.612900806094213 ], [ -50.480185958613163, -21.612899994661223 ], [ -50.48011795872354, -21.612805994697908 ], [ -50.48004995877082, -21.61271199464738 ], [ -50.48004953584288, -21.612711406912535 ], [ -50.479981826853091, -21.612616813352993 ], [ -50.479913412017261, -21.612522618898286 ], [ -50.479843706152359, -21.612428017967432 ], [ -50.479843391523438, -21.612427589322365 ], [ -50.47977539156927, -21.612334589271981 ], [ -50.479774536286691, -21.612333407059939 ], [ -50.479707115583629, -21.612239216254743 ], [ -50.479637706484759, -21.612145018077971 ], [ -50.479637121305217, -21.612144218178088 ], [ -50.479568412572675, -21.612049619082814 ], [ -50.479515337708023, -21.611977588823038 ], [ -50.479534543425387, -21.612004702742723 ], [ -50.479601205731164, -21.612097233887933 ], [ -50.479602047717989, -21.612098415088827 ], [ -50.479668925618192, -21.61219324184157 ], [ -50.479734506050569, -21.612285650516071 ], [ -50.47980120606104, -21.612378233997607 ], [ -50.479802221912813, -21.612379662272915 ], [ -50.479867718628029, -21.612472945354405 ], [ -50.479934206280568, -21.612565234070608 ], [ -50.479936214071799, -21.612568093436778 ], [ -50.480000019241373, -21.61266134702398 ], [ -50.480065771337379, -21.612751633372529 ], [ -50.480066803594603, -21.612753069191601 ], [ -50.480132506707683, -21.612845650734236 ], [ -50.480199206718446, -21.612938234216188 ], [ -50.480200811884885, -21.612940508239799 ], [ -50.480264810176031, -21.613033059494853 ], [ -50.480330771774163, -21.613123633517802 ], [ -50.480331804031216, -21.613125069336629 ], [ -50.480397074850835, -21.61321704173973 ], [ -50.480463327024587, -21.613307025926247 ], [ -50.480464979329057, -21.613309316664594 ], [ -50.480529806685524, -21.613401072191134 ], [ -50.480595987401642, -21.613493922631907 ], [ -50.480630621100858, -21.6135409623753 ], [ -50.480642333611556, -21.613536471105526 ], [ -50.480646719540836, -21.613534789280681 ], [ -50.480595390242144, -21.613464588830706 ], [ -50.48059511975508, -21.613464217662781 ], [ -50.480526254801497, -21.613369403480124 ], [ -50.48045839046295, -21.613276588904103 ], [ -50.480457958171655, -21.613275994514471 ], [ -50.480389958218929, -21.61318199446394 ], [ -50.480389793037276, -21.613181765653636 ], [ -50.480322793084419, -21.613088765603788 ] ] ], [ [ [ -50.475922090161745, -21.611076627410142 ], [ -50.475964966096342, -21.611135708179717 ], [ -50.476000499630246, -21.611182087614843 ], [ -50.476074310956541, -21.611276097973267 ], [ -50.476110519924369, -21.611325230060945 ], [ -50.476181651797674, -21.611424582661819 ], [ -50.476282755272187, -21.611564145851911 ], [ -50.476317035081465, -21.611609043840772 ], [ -50.476388613564332, -21.611697325730496 ], [ -50.476422981559999, -21.611741669492627 ], [ -50.476464261182542, -21.61179751999542 ], [ -50.476502551775987, -21.611850720372168 ], [ -50.476539548160808, -21.611901078204749 ], [ -50.476577306165112, -21.611951075289959 ], [ -50.476615137238319, -21.611999579061806 ], [ -50.476688809307184, -21.612099037851511 ], [ -50.476723688068944, -21.612149212104196 ], [ -50.476759882226283, -21.612200333520274 ], [ -50.476798303487691, -21.61225205463553 ], [ -50.476837411627706, -21.612304115036959 ], [ -50.476878206924653, -21.612357299961715 ], [ -50.476918931624454, -21.61241111139001 ], [ -50.476959592706649, -21.612466225418324 ], [ -50.476998399310816, -21.612521330108549 ], [ -50.477036728944846, -21.61257766570996 ], [ -50.477073464786002, -21.61263219232049 ], [ -50.477111122245397, -21.612684983843156 ], [ -50.47715146752568, -21.61273971330473 ], [ -50.477190800770131, -21.612793583732099 ], [ -50.477231237631166, -21.612846183018117 ], [ -50.477270690637489, -21.612899996870318 ], [ -50.477311211521815, -21.61295349904071 ], [ -50.477433653860167, -21.613121819240277 ], [ -50.477559595906456, -21.613293757900848 ], [ -50.477602597113211, -21.613351856193976 ], [ -50.477645813339656, -21.613411061670437 ], [ -50.477677016028814, -21.613458503092776 ], [ -50.477708264896577, -21.613504520860371 ], [ -50.47774208613172, -21.613551119122178 ], [ -50.477808953908578, -21.613645850541776 ], [ -50.477843355962463, -21.61369241740087 ], [ -50.477888115778931, -21.613750466540878 ], [ -50.477923744040879, -21.613794277365336 ], [ -50.477971148212774, -21.61385141270172 ], [ -50.478005448198353, -21.613895896719789 ], [ -50.478038510957653, -21.613940938208419 ], [ -50.478070222038966, -21.613987230470354 ], [ -50.478101278368428, -21.614033408304842 ], [ -50.478165464661053, -21.6141259146269 ], [ -50.478231419201471, -21.614218714887944 ], [ -50.478264674055936, -21.614264899576604 ], [ -50.478345844447013, -21.614368249245903 ], [ -50.478387251327881, -21.614418082468308 ], [ -50.478428665441399, -21.614458086252128 ], [ -50.478474217343823, -21.614430290973981 ], [ -50.478525234364234, -21.614401670227128 ], [ -50.478499112415903, -21.614366568817207 ], [ -50.478498465762129, -21.614365693015561 ], [ -50.478435551180759, -21.614279809514677 ], [ -50.478371790661505, -21.614193134954302 ], [ -50.478308945305812, -21.614108343499911 ], [ -50.478307998011395, -21.614107050485298 ], [ -50.47824523118706, -21.614020372383298 ], [ -50.478182551585085, -21.613934809648068 ], [ -50.478118637248635, -21.613847925992047 ], [ -50.478117998316769, -21.613847050586756 ], [ -50.478055550600061, -21.613760813158052 ], [ -50.477992113227771, -21.613675569087178 ], [ -50.477990998519964, -21.613674050654279 ], [ -50.477927998563651, -21.613587050607464 ], [ -50.477927541504322, -21.613586415816311 ], [ -50.477864769238238, -21.613498733811465 ], [ -50.477802316577808, -21.613412489555238 ], [ -50.477738637861826, -21.613325926195955 ], [ -50.477738466983773, -21.613325693421633 ], [ -50.477675635589684, -21.613239923478183 ], [ -50.477610805143264, -21.613152152922158 ], [ -50.477610638126045, -21.613151926345193 ], [ -50.47754695620187, -21.613065358625381 ], [ -50.477482277625185, -21.612978788735461 ], [ -50.477480999338589, -21.61297705092624 ], [ -50.477418399724307, -21.612890603733799 ], [ -50.477354279706262, -21.612803794989883 ], [ -50.477289761280929, -21.612718432050336 ], [ -50.477289277993009, -21.61271778891928 ], [ -50.477224278034093, -21.612630788871396 ], [ -50.477223344314972, -21.612629524868371 ], [ -50.47715904476064, -21.612541483833603 ], [ -50.477094761588795, -21.612456432152658 ], [ -50.477093344520561, -21.612454524936666 ], [ -50.477029044966123, -21.612366483901752 ], [ -50.476964761794427, -21.612281432221025 ], [ -50.476963806228625, -21.612280153345001 ], [ -50.476898806271159, -21.612192153296952 ], [ -50.476898344829529, -21.612191525039293 ], [ -50.476833808201711, -21.612103159395591 ], [ -50.476769278755512, -21.612016789111191 ], [ -50.4767688065388, -21.612016153448078 ], [ -50.476703806642163, -21.61192815348242 ], [ -50.476639041943884, -21.611840471939765 ], [ -50.476574279064522, -21.611753789213914 ], [ -50.476573806847767, -21.611753153550751 ], [ -50.47650912136978, -21.611665579260382 ], [ -50.476443439142187, -21.611578002853612 ], [ -50.476443279332464, -21.611577789364464 ], [ -50.476378279373549, -21.611490789316594 ], [ -50.476376721248258, -21.611488663713143 ], [ -50.476313873790595, -21.611401266359895 ], [ -50.476248071705768, -21.611314839640194 ], [ -50.476246469348624, -21.611312694207328 ], [ -50.476183469390861, -21.611226694160685 ], [ -50.476183345963108, -21.611226525415862 ], [ -50.476118575902547, -21.611137840148242 ], [ -50.476053807673651, -21.611050153825214 ], [ -50.475989042975023, -21.610962472282079 ], [ -50.475924280096081, -21.610875789556793 ], [ -50.475922098207121, -21.610872789684755 ], [ -50.475899158811067, -21.610840383195473 ], [ -50.475876361538475, -21.610832181739017 ], [ -50.475814748920357, -21.610811688069919 ], [ -50.475754587486747, -21.610791341309156 ], [ -50.47572036280156, -21.610779063947415 ], [ -50.475747462588352, -21.610825320530601 ], [ -50.475780955440534, -21.61087975419348 ], [ -50.475812911123271, -21.610924476125984 ], [ -50.475846429703481, -21.610972074044344 ], [ -50.47588309684371, -21.611021240296672 ], [ -50.475922090161745, -21.611076627410142 ] ] ], [ [ [ -50.480752747781111, -21.612257629785326 ], [ -50.480753957006669, -21.612259196773785 ], [ -50.480823725339597, -21.612350892191486 ], [ -50.480893122128386, -21.612441107914407 ], [ -50.480964748104299, -21.612532629892584 ], [ -50.480966412532496, -21.612534798386882 ], [ -50.481036185827342, -21.612627497084631 ], [ -50.481105957547307, -21.612719196953357 ], [ -50.481147359595766, -21.61277361101137 ], [ -50.481122662393538, -21.612738592545991 ], [ -50.48105539118437, -21.612646589161976 ], [ -50.481054958892877, -21.612645994772095 ], [ -50.48098695894015, -21.612551994721542 ], [ -50.480985951834263, -21.612550584796129 ], [ -50.480919662724645, -21.61245659265607 ], [ -50.480852470945223, -21.612364697904148 ], [ -50.480783550634108, -21.612270806352168 ], [ -50.480783391689307, -21.612270589395521 ], [ -50.480715984013152, -21.61217839937402 ], [ -50.480646588039811, -21.612086201758014 ], [ -50.480645391907807, -21.612084589468108 ], [ -50.480577471384372, -21.611991698051181 ], [ -50.480509065313079, -21.611898507059156 ], [ -50.480439588368768, -21.61180620186741 ], [ -50.480438392236685, -21.611804589577414 ], [ -50.480376408930134, -21.611719818188227 ], [ -50.480358034116165, -21.611722050637894 ], [ -50.480342887338558, -21.611723890897007 ], [ -50.480399113369401, -21.611799394335122 ], [ -50.480468815015584, -21.61188971185863 ], [ -50.480540269467042, -21.611980022246378 ], [ -50.480541956681094, -21.61198219666565 ], [ -50.480611956722861, -21.612074196614341 ], [ -50.480612411991807, -21.612074798207324 ], [ -50.480681590592297, -21.612166706812673 ], [ -50.480752747781111, -21.612257629785326 ] ] ], [ [ [ -50.48106371956171, -21.6121416197625 ], [ -50.481063719561703, -21.61214161976249 ], [ -50.481072368456246, -21.612186756001034 ], [ -50.48106371956171, -21.6121416197625 ] ] ], [ [ [ -50.48179251135609, -21.61217775274228 ], [ -50.481715775128869, -21.612073112306028 ], [ -50.481638305042161, -21.611968825526642 ], [ -50.48155983505746, -21.611864529855186 ], [ -50.481480101198272, -21.611759879044147 ], [ -50.481479844045936, -21.61175954050314 ], [ -50.48140197248442, -21.611656709988523 ], [ -50.481322101518593, -21.61155187922494 ], [ -50.481242101641989, -21.611446879265948 ], [ -50.481162627162412, -21.611342568891938 ], [ -50.481081161285253, -21.611238252712802 ], [ -50.4810801018888, -21.611236879347892 ], [ -50.481049656519474, -21.611196919754736 ], [ -50.481101624560743, -21.6112698192766 ], [ -50.48110272250635, -21.611271381234353 ], [ -50.48117198562602, -21.611371317892004 ], [ -50.481243228923098, -21.611470266792132 ], [ -50.481243784228354, -21.611471043453598 ], [ -50.481314508034906, -21.611570654323263 ], [ -50.481386229157877, -21.611670266870181 ], [ -50.481386784463069, -21.611671043531569 ], [ -50.481456962833228, -21.611769886182532 ], [ -50.48153011756726, -21.61186874381195 ], [ -50.48153041273865, -21.611869144128615 ], [ -50.481602412786494, -21.611967144075336 ], [ -50.481603784812876, -21.611969043647704 ], [ -50.481674508619868, -21.612068654517969 ], [ -50.481746028407308, -21.612167987432791 ], [ -50.481817750057004, -21.612266604580253 ], [ -50.481890674308474, -21.612366500693312 ], [ -50.481963262954814, -21.612465937074482 ], [ -50.482035845926895, -21.612563377112686 ], [ -50.482036118452918, -21.612563744177184 ], [ -50.482110118501033, -21.612663744122514 ], [ -50.482110264639807, -21.612663941958367 ], [ -50.482183264756102, -21.612762941997037 ], [ -50.482255433262637, -21.612860814238438 ], [ -50.482274418930686, -21.612885545540749 ], [ -50.482303381368858, -21.612874362426709 ], [ -50.48225737701533, -21.612809593058625 ], [ -50.482179570195342, -21.612706178808274 ], [ -50.48217798132945, -21.612704025888426 ], [ -50.482101981382193, -21.612599025831955 ], [ -50.482101749029084, -21.612598703886189 ], [ -50.482025127575284, -21.612492229786234 ], [ -50.481948774759097, -21.61238811218335 ], [ -50.48187104091906, -21.61228347035069 ], [ -50.481793040969208, -21.612178470293131 ], [ -50.48179251135609, -21.61217775274228 ] ] ], [ [ [ -50.476641944503505, -21.611409212412738 ], [ -50.476629605130768, -21.611386802286827 ], [ -50.476641944503498, -21.611409212412727 ], [ -50.476641944503505, -21.611409212412738 ] ] ], [ [ [ -50.478671122222153, -21.611314218409671 ], [ -50.478926877636269, -21.611151781488342 ], [ -50.478995877683694, -21.611246781437135 ], [ -50.478997630107763, -21.611249248181625 ], [ -50.479062926532279, -21.61134323533804 ], [ -50.479129041917638, -21.611435007325806 ], [ -50.479197878015938, -21.61152978154761 ], [ -50.479199630439744, -21.611532248291741 ], [ -50.479228364093835, -21.611573607286008 ], [ -50.479468214788739, -21.611411230718076 ], [ -50.479540214829328, -21.611504230665599 ], [ -50.479543298437463, -21.611508363438023 ], [ -50.479597788961257, -21.611584176247078 ], [ -50.479768318694902, -21.611469957464049 ], [ -50.479722588908608, -21.611409202105413 ], [ -50.479652588951829, -21.611316202053963 ], [ -50.479652143529783, -21.611315607108075 ], [ -50.479582143574454, -21.611221607056482 ], [ -50.479581392930122, -21.611220589800595 ], [ -50.479520424101487, -21.61113720586005 ], [ -50.479461199310698, -21.61113537238181 ], [ -50.479386585334616, -21.611125458492907 ], [ -50.479311214089357, -21.611111612670669 ], [ -50.479253230337534, -21.611100353244264 ], [ -50.479193252589127, -21.611088389855656 ], [ -50.479015751484646, -21.611052010328631 ], [ -50.478941695537912, -21.611038112923392 ], [ -50.4788667119482, -21.611026269969596 ], [ -50.478790933536537, -21.611016308067732 ], [ -50.478733767036665, -21.611010012262106 ], [ -50.478658599184854, -21.611004784577418 ], [ -50.478585406806104, -21.611004869907916 ], [ -50.478519221936303, -21.611011958831671 ], [ -50.478457403018929, -21.611024528026686 ], [ -50.47839971885066, -21.611042486460711 ], [ -50.478348739690176, -21.611065215285201 ], [ -50.478294514929338, -21.611096173288772 ], [ -50.478248862427925, -21.611129590206954 ], [ -50.478208560220914, -21.611173719547846 ], [ -50.47815894901148, -21.611225702644788 ], [ -50.47810857086953, -21.611268877148504 ], [ -50.478052976290407, -21.611309718198275 ], [ -50.477992238034155, -21.611345720831356 ], [ -50.47792725846962, -21.611376819277076 ], [ -50.477857509557516, -21.611402419105506 ], [ -50.477783981070907, -21.611421080380513 ], [ -50.477715611451629, -21.611432526521199 ], [ -50.477664012138739, -21.611437631076168 ], [ -50.47770837379575, -21.611499468460114 ], [ -50.477708546307056, -21.611499709452094 ], [ -50.477773460287445, -21.611590588910826 ], [ -50.477839374010564, -21.61168246853148 ], [ -50.477839546521864, -21.61168270952345 ], [ -50.477903720227857, -21.611772552600097 ], [ -50.477904232874415, -21.611773241228988 ], [ -50.477953014936084, -21.611758988871397 ], [ -50.477958127257502, -21.611757402695631 ], [ -50.477890321890868, -21.611659683069533 ], [ -50.478149677970187, -21.611502316825806 ], [ -50.478206179457786, -21.611583745334705 ], [ -50.478447869838163, -21.611426410667828 ], [ -50.478490102991941, -21.611483141702525 ], [ -50.478698309371616, -21.611351650038564 ], [ -50.478671122222153, -21.611314218409671 ] ] ], [ [ [ -50.479953589132506, -21.611156202121279 ], [ -50.480191478552953, -21.610999625966826 ], [ -50.480155906344557, -21.610948522164893 ], [ -50.480136435755497, -21.610921209220781 ], [ -50.48011638158399, -21.610932914538207 ], [ -50.480055025246614, -21.610967224103693 ], [ -50.479994606792438, -21.611000413111814 ], [ -50.479941996715446, -21.61102733155634 ], [ -50.479883772298962, -21.611054349359655 ], [ -50.479845799089858, -21.611069744597341 ], [ -50.479905634414841, -21.611150094795356 ], [ -50.47997541101396, -21.611242797882557 ], [ -50.480045337984123, -21.611335700748533 ], [ -50.480116264782666, -21.611429603724407 ], [ -50.480116411233695, -21.611429797955587 ], [ -50.48018588575291, -21.611522099709319 ], [ -50.480255814689791, -21.61161271175024 ], [ -50.480317529937814, -21.611690712880542 ], [ -50.480336897041063, -21.611688176268647 ], [ -50.480351220686302, -21.61168643601599 ], [ -50.480302043788193, -21.611621803446127 ], [ -50.48030114316407, -21.611620606993768 ], [ -50.480231365186029, -21.611526905026526 ], [ -50.480161588805863, -21.61143420201271 ], [ -50.480161286463243, -21.611433798871108 ], [ -50.48009328650619, -21.611342798821013 ], [ -50.480093143490699, -21.611342607102323 ], [ -50.480023365512508, -21.611248905134882 ], [ -50.479953589132506, -21.611156202121279 ] ] ], [ [ [ -50.482674887461094, -21.610614733916957 ], [ -50.4826130362162, -21.610600299996111 ], [ -50.482548859159984, -21.610582968933048 ], [ -50.482491210908293, -21.610563336013687 ], [ -50.482430874541869, -21.610540843576157 ], [ -50.482365560765892, -21.610520828202713 ], [ -50.482299769708554, -21.610502306058191 ], [ -50.482258054888462, -21.610492061364546 ], [ -50.482264837848085, -21.61050074685194 ], [ -50.482265614468304, -21.610501750301328 ], [ -50.482344228578498, -21.610604247062557 ], [ -50.48242583809251, -21.610708746933049 ], [ -50.482426490075468, -21.610709588117604 ], [ -50.482505751212969, -21.610812627480001 ], [ -50.482586995629688, -21.610914678281937 ], [ -50.482587838414346, -21.610915747114358 ], [ -50.482669687205387, -21.611020553376456 ], [ -50.482750478323759, -21.611123287647938 ], [ -50.482832209343606, -21.611226946388452 ], [ -50.482913996117347, -21.611329678443578 ], [ -50.482914535629682, -21.611330360289585 ], [ -50.482995478689276, -21.611433287770232 ], [ -50.483077421650613, -21.611537215314044 ], [ -50.483077839145452, -21.611537747356881 ], [ -50.483159839190293, -21.611642747297239 ], [ -50.483160615810704, -21.61164375074684 ], [ -50.483239229921246, -21.611746247508538 ], [ -50.483320839434732, -21.611850747378362 ], [ -50.483321491417868, -21.61185158856313 ], [ -50.483378225764795, -21.611925343130238 ], [ -50.483324252344104, -21.611849009195684 ], [ -50.483254453406282, -21.61175129056004 ], [ -50.483184453456715, -21.611653290507842 ], [ -50.483183661035604, -21.611652169876137 ], [ -50.4831136610889, -21.611552169823664 ], [ -50.483112934123255, -21.611551121439071 ], [ -50.483045683561677, -21.611453212405092 ], [ -50.482976453805222, -21.611356290623753 ], [ -50.482975887662192, -21.61135549230772 ], [ -50.482907169434341, -21.611257892381584 ], [ -50.482837454035234, -21.611160290700209 ], [ -50.482835554954313, -21.611157566113906 ], [ -50.482767555010156, -21.611057566062563 ], [ -50.483028444852117, -21.610902433831626 ], [ -50.483095511754918, -21.611001061499366 ], [ -50.483096660633613, -21.611002669927508 ], [ -50.483266097980461, -21.610893089669069 ], [ -50.483221824439035, -21.610877558088568 ], [ -50.483168271930616, -21.610851196223617 ], [ -50.483061742258286, -21.610793219502771 ], [ -50.483009190560388, -21.610762514530048 ], [ -50.482956778224342, -21.610731170296138 ], [ -50.482902921262657, -21.610702183412659 ], [ -50.482847163063404, -21.610676259710409 ], [ -50.482792353176357, -21.610655940818432 ], [ -50.482731948895868, -21.61063618442811 ], [ -50.482674887461094, -21.610614733916957 ] ] ], [ [ [ -50.477117771987949, -21.610968973268147 ], [ -50.477090294044984, -21.610918936384444 ], [ -50.47705774630208, -21.610871300134683 ], [ -50.477020426193882, -21.610827938263611 ], [ -50.476978647435594, -21.610788338634833 ], [ -50.476933660468653, -21.610751691925881 ], [ -50.476885186741377, -21.610717186448447 ], [ -50.476835874075213, -21.610687545535622 ], [ -50.476899104643699, -21.610775095445355 ], [ -50.476963937399823, -21.610864863766167 ], [ -50.477030769198834, -21.61095663269127 ], [ -50.477031104857403, -21.610957095516365 ], [ -50.477096104963074, -21.611047095551488 ], [ -50.477161105008491, -21.611137095503171 ], [ -50.477161545877003, -21.611137709314107 ], [ -50.477226326388795, -21.611228401917174 ], [ -50.477290798058867, -21.61131767027322 ], [ -50.477356487719376, -21.611407246974181 ], [ -50.477357546195144, -21.611408709419759 ], [ -50.477379952832273, -21.611440078672505 ], [ -50.477385422035688, -21.611436715142315 ], [ -50.477392636674381, -21.611445286746687 ], [ -50.477447683660507, -21.611397151016906 ], [ -50.477419619916461, -21.611384365948091 ], [ -50.477367489977276, -21.611353680009088 ], [ -50.477318528276619, -21.611318836459162 ], [ -50.47727436670948, -21.611279406592651 ], [ -50.477235819464816, -21.611233867711295 ], [ -50.477204681763382, -21.611182923152306 ], [ -50.477180993764847, -21.611129237851941 ], [ -50.477161369785492, -21.611074519267572 ], [ -50.477140990281256, -21.611021385008016 ], [ -50.477117771987949, -21.610968973268147 ] ] ], [ [ [ -50.48169912508002, -21.610472861365125 ], [ -50.481680509242828, -21.610479612804451 ], [ -50.481658657278182, -21.610479809550167 ], [ -50.481638663075806, -21.610478982569887 ], [ -50.481619439191647, -21.610474683775298 ], [ -50.481600618041973, -21.610464304421711 ], [ -50.481585064901601, -21.610452973934542 ], [ -50.4815735485221, -21.61043729958174 ], [ -50.481571673552288, -21.610418991944542 ], [ -50.481574716642598, -21.610400569498275 ], [ -50.481578816599026, -21.610382204026813 ], [ -50.481587233850817, -21.610364923772568 ], [ -50.48153900730285, -21.610352819952336 ], [ -50.481479263695832, -21.610342437452143 ], [ -50.481470174333573, -21.610341807769167 ], [ -50.481521534680958, -21.610408646500737 ], [ -50.481522120386018, -21.610409413987771 ], [ -50.481594120429513, -21.610504413934958 ], [ -50.481594989895193, -21.610505573136855 ], [ -50.481666629050814, -21.610602086884651 ], [ -50.481737263957939, -21.610695603412871 ], [ -50.481737990119598, -21.610696573211442 ], [ -50.481809990165992, -21.610793573158301 ], [ -50.481810563578925, -21.610794351086472 ], [ -50.481881563692845, -21.610891351124351 ], [ -50.481951920932538, -21.610987472871038 ], [ -50.482022264410205, -21.611080603563245 ], [ -50.482022990571842, -21.61108157336179 ], [ -50.482094990618236, -21.61117857330866 ], [ -50.482095564031134, -21.611179351236757 ], [ -50.482166564078824, -21.611276351184163 ], [ -50.482166719372465, -21.611276563751304 ], [ -50.482236719420023, -21.611372563699401 ], [ -50.482236824764563, -21.611372708359671 ], [ -50.482308824813842, -21.611471708306247 ], [ -50.482309137372575, -21.611472139743949 ], [ -50.482378359515643, -21.611568061738737 ], [ -50.482449561041506, -21.611662996994045 ], [ -50.48245154658607, -21.61166570946893 ], [ -50.482521059793164, -21.611763027837455 ], [ -50.482551734566876, -21.611804935575794 ], [ -50.482492145463283, -21.61172085769223 ], [ -50.482490343982334, -21.611718255713178 ], [ -50.482420489452217, -21.611614949580506 ], [ -50.482347684694467, -21.611513613101074 ], [ -50.482346397390188, -21.611511791745254 ], [ -50.482274033810633, -21.611407707010279 ], [ -50.48220068493859, -21.611305613182264 ], [ -50.482197992651891, -21.611301733110992 ], [ -50.482128561374296, -21.611198075008197 ], [ -50.482055224659867, -21.611097359128692 ], [ -50.482054685252308, -21.611096613359123 ], [ -50.481980685304762, -21.610993613304036 ], [ -50.481979398000057, -21.610991791947622 ], [ -50.481907107825265, -21.610887812795063 ], [ -50.481832835937098, -21.610784822315143 ], [ -50.482014424937148, -21.610670309241542 ], [ -50.481933162051455, -21.610566252990967 ], [ -50.48208481912949, -21.610462684848667 ], [ -50.482064724622624, -21.610458986513745 ], [ -50.482002616570725, -21.610447891004167 ], [ -50.481943981845895, -21.610438255818167 ], [ -50.481826089173573, -21.610418366548679 ], [ -50.481747123913095, -21.610400804550359 ], [ -50.481747281060066, -21.610420695715444 ], [ -50.481742147002095, -21.610438980530677 ], [ -50.481734608110763, -21.610455727361227 ], [ -50.481717382830546, -21.610466573400164 ], [ -50.48169912508002, -21.610472861365125 ] ] ], [ [ [ -50.476331469319909, -21.610997062531695 ], [ -50.476355912762706, -21.611013035865451 ], [ -50.476331469319909, -21.610997062531688 ], [ -50.476331469319909, -21.610997062531695 ] ] ], [ [ [ -50.480666523680689, -21.610663296800027 ], [ -50.480693156600914, -21.610699647093004 ], [ -50.480757185608418, -21.610655921129162 ], [ -50.480708566233936, -21.610594980836979 ], [ -50.480681669843825, -21.610610536594795 ], [ -50.480569397688839, -21.610679558713869 ], [ -50.480513594539453, -21.610713171353293 ], [ -50.480454090660736, -21.610742739312936 ], [ -50.48040149348698, -21.610771802713948 ], [ -50.480413623990117, -21.610788819092797 ], [ -50.480414555299525, -21.610790141138917 ], [ -50.480431206275554, -21.610814062228574 ], [ -50.480666523680689, -21.610663296800027 ] ] ], [ [ [ -50.476522680008038, -21.610750725056654 ], [ -50.476710826234537, -21.610631901050507 ], [ -50.476659483189344, -21.61061305636067 ], [ -50.476596612064839, -21.610591475047464 ], [ -50.476531245105313, -21.610569365024332 ], [ -50.476464469471651, -21.610546068697996 ], [ -50.47639607117538, -21.610521587778994 ], [ -50.476338280314231, -21.610502711131058 ], [ -50.476395889356269, -21.610580437523645 ], [ -50.476457727355843, -21.610663220554049 ], [ -50.476458050703563, -21.610663655114838 ], [ -50.476520229792939, -21.610747547437583 ], [ -50.476522680008038, -21.610750725056654 ] ] ], [ [ [ -50.480949010093184, -21.610563426800766 ], [ -50.480948021639513, -21.610562078928183 ], [ -50.480895850967627, -21.610490068617278 ], [ -50.480841790359726, -21.610513457999929 ], [ -50.480789402732555, -21.61054508525956 ], [ -50.48074133965855, -21.61057562469799 ], [ -50.480788396744828, -21.610634606773758 ], [ -50.480925837950146, -21.610540746984142 ], [ -50.481007837995008, -21.610645746924515 ], [ -50.481009169920249, -21.610647479131149 ], [ -50.481088047411781, -21.610751675203066 ], [ -50.481020798651052, -21.610660142056719 ], [ -50.480949010093184, -21.610563426800766 ] ] ], [ [ [ -50.475523886807956, -21.610360448155429 ], [ -50.4755398047865, -21.610413500862013 ], [ -50.475560191496527, -21.610471925372423 ], [ -50.475579354258926, -21.610525055399126 ], [ -50.475602301731058, -21.610574552355587 ], [ -50.475624820996089, -21.610627078823686 ], [ -50.475649053941886, -21.610682177252038 ], [ -50.475683878908569, -21.610727269596516 ], [ -50.475768081422999, -21.610757475433104 ], [ -50.475827796545275, -21.610777671249227 ], [ -50.475863073172, -21.610789405006098 ], [ -50.47585963216887, -21.610784543900312 ], [ -50.475796207381727, -21.610697334710711 ], [ -50.475740622127915, -21.610621022661757 ], [ -50.475738381061383, -21.610618408081461 ], [ -50.47597961878941, -21.610437591827068 ], [ -50.47598561879169, -21.610444591822841 ], [ -50.475992761195435, -21.6104536223412 ], [ -50.476051823678425, -21.610534708089968 ], [ -50.476115823722267, -21.610622708042484 ], [ -50.476116901606204, -21.610624210258813 ], [ -50.47612249971413, -21.610632118687068 ], [ -50.47632756422361, -21.610499210856695 ], [ -50.476141244194224, -21.610438351794777 ], [ -50.476083620300578, -21.61042081012469 ], [ -50.476024239787058, -21.610404283754672 ], [ -50.475963613222703, -21.610387662994395 ], [ -50.47584618041472, -21.610357771013089 ], [ -50.475776183357503, -21.610341305435654 ], [ -50.475713733426325, -21.610327549139384 ], [ -50.475650132877533, -21.610314454944586 ], [ -50.475591201881208, -21.610306548764122 ], [ -50.475542125980581, -21.610317149623274 ], [ -50.475523886807956, -21.610360448155429 ] ] ], [ [ [ -50.477455779850402, -21.609637709207231 ], [ -50.477460797878841, -21.609637662089593 ], [ -50.477469698935693, -21.609637578511599 ], [ -50.477465272082995, -21.609631740191848 ], [ -50.477455779850402, -21.609637709207231 ] ] ], [ [ [ -50.477720701444738, -21.609594425113301 ], [ -50.477658289865147, -21.60963580770478 ], [ -50.4776740239923, -21.6096356599665 ], [ -50.477753599741611, -21.609638931803474 ], [ -50.477739046158959, -21.609619804215615 ], [ -50.477736797224239, -21.60961676704374 ], [ -50.477720701444738, -21.609594425113301 ] ] ], [ [ [ -50.477990795705303, -21.607483568526703 ], [ -50.477923647202303, -21.607508024001696 ], [ -50.477804859004003, -21.607557295348993 ], [ -50.477632041811503, -21.607621828653496 ], [ -50.477528512084596, -21.607666099921207 ], [ -50.477435981487602, -21.607701992303493 ], [ -50.477364323871697, -21.607734314177389 ], [ -50.477346767554302, -21.607738633005788 ], [ -50.4773391198624, -21.607742132797089 ], [ -50.476970245742997, -21.607878412401295 ], [ -50.476526637647197, -21.608053857405 ], [ -50.476164157878799, -21.6081905366561 ], [ -50.475793285524801, -21.608336807433595 ], [ -50.475463576804898, -21.608456301866696 ], [ -50.475205404886097, -21.608559410775399 ], [ -50.474954426612001, -21.608646933453795 ], [ -50.474892081690498, -21.608675308386001 ], [ -50.474858511348103, -21.608715672726298 ], [ -50.474855314172608, -21.60878880811509 ], [ -50.474869869972501, -21.608834739750094 ], [ -50.474915261212608, -21.608919892309103 ], [ -50.475002783891, -21.609018605101596 ], [ -50.475109889269, -21.609113721071708 ], [ -50.475188220067999, -21.609156483293585 ], [ -50.475354073545198, -21.609210835276503 ], [ -50.475425394539023, -21.609234785369043 ], [ -50.475369768846576, -21.609156729863656 ], [ -50.475306178079379, -21.609069292451284 ], [ -50.475561821778996, -21.608906707446813 ], [ -50.475625821822831, -21.608994707399333 ], [ -50.475626634520061, -21.60899583624597 ], [ -50.475688634565039, -21.609082836199715 ], [ -50.47568971363895, -21.609084371432825 ], [ -50.475750090645271, -21.609171472575039 ], [ -50.475812364999562, -21.609258458865408 ], [ -50.475876136743878, -21.609347141337235 ], [ -50.475915475636441, -21.609401466407608 ], [ -50.475918032598472, -21.609402068045735 ], [ -50.475883048493159, -21.609351284599935 ], [ -50.475882221182275, -21.60935007042373 ], [ -50.475820631711919, -21.609258679473822 ], [ -50.475759048706472, -21.609169284670699 ], [ -50.475758434672208, -21.609168386065551 ], [ -50.475697740022696, -21.609078836462974 ], [ -50.475636048917458, -21.608989284740691 ], [ -50.475895950944064, -21.608832715154225 ], [ -50.475957950993326, -21.608922715107592 ], [ -50.47595856513977, -21.608923613874513 ], [ -50.476019259945033, -21.609013163467509 ], [ -50.47608095120431, -21.609102715177581 ], [ -50.476081778628497, -21.609103929516834 ], [ -50.476112369019475, -21.609149321648832 ], [ -50.476281357431439, -21.609039275572066 ], [ -50.476271282239303, -21.609025790298922 ], [ -50.476270348519179, -21.60902452629453 ], [ -50.476206048965707, -21.608936485260966 ], [ -50.476141765794218, -21.608851433580512 ], [ -50.476141282506013, -21.608850790449072 ], [ -50.476076282547091, -21.608763790401202 ], [ -50.476329717309824, -21.608598209498535 ], [ -50.476394476641346, -21.608684887270819 ], [ -50.476423616267788, -21.608723441193128 ], [ -50.476693298815363, -21.608584085768427 ], [ -50.47670239008211, -21.608599470965412 ], [ -50.476747741231854, -21.608660241430943 ], [ -50.476790267442539, -21.608717161061175 ], [ -50.476990447642478, -21.608579478372874 ], [ -50.476937457224437, -21.608505291694648 ], [ -50.477194542634948, -21.608344708202399 ], [ -50.47725915709362, -21.608435168331592 ], [ -50.47732576638181, -21.608526631719592 ], [ -50.477327394926732, -21.608528914190604 ], [ -50.477392394976441, -21.608621914141878 ], [ -50.477392806825385, -21.60862250655806 ], [ -50.477456591252022, -21.608714748532783 ], [ -50.47752232174183, -21.608804024163828 ], [ -50.477523798967361, -21.608806067650001 ], [ -50.477589713465477, -21.608898947052801 ], [ -50.47765620053022, -21.608992227295445 ], [ -50.477722767035715, -21.609083631937082 ], [ -50.4777237992948, -21.609085067758755 ], [ -50.477788916700106, -21.609176823987621 ], [ -50.477857006825481, -21.609268597524412 ], [ -50.477857162915015, -21.6092688083044 ], [ -50.477925162959401, -21.60936080825417 ], [ -50.477926202587511, -21.609362232903639 ], [ -50.477992098917944, -21.609453700832173 ], [ -50.478060953738783, -21.609544195633966 ], [ -50.477908968798438, -21.60964531995851 ], [ -50.477946183553897, -21.609646850080605 ], [ -50.478144408432698, -21.609648848315192 ], [ -50.478163517461297, -21.609654810332195 ], [ -50.478167314798299, -21.609654796527 ], [ -50.478167482304137, -21.609654832245148 ], [ -50.478117548172591, -21.609585805566933 ], [ -50.478048440171797, -21.609493003283944 ], [ -50.477977737592148, -21.60939939694234 ], [ -50.477976395075842, -21.609397590509165 ], [ -50.477908987400049, -21.609305400488172 ], [ -50.477839591426893, -21.609213202872425 ], [ -50.477837962938906, -21.609210996104441 ], [ -50.477770766349884, -21.609118106588308 ], [ -50.477701591646564, -21.609026202945458 ], [ -50.477700395513921, -21.60902459065472 ], [ -50.477633210238828, -21.608932704799965 ], [ -50.47756404706594, -21.608841804524133 ], [ -50.477562554740615, -21.608839807771538 ], [ -50.477493919994501, -21.608746305251078 ], [ -50.47742628967459, -21.608655799862674 ], [ -50.477425837912989, -21.608655191989104 ], [ -50.477358594601483, -21.608564215635845 ], [ -50.477290370020299, -21.608475226949242 ], [ -50.477541629835301, -21.608306772952098 ], [ -50.477610629875471, -21.608396772901667 ], [ -50.477612161900105, -21.608398807960228 ], [ -50.477679936895683, -21.608490503432783 ], [ -50.477747710225266, -21.608581199987022 ], [ -50.477748445071263, -21.608582192178211 ], [ -50.477816707949863, -21.608675187872134 ], [ -50.477827761831556, -21.608689715814037 ], [ -50.477788984319183, -21.608633637492641 ], [ -50.477722798472712, -21.608541767471628 ], [ -50.477656313788813, -21.608449482647334 ], [ -50.477588838191437, -21.608358192023243 ], [ -50.477588233852899, -21.608357368316732 ], [ -50.477521983588211, -21.608266397693647 ], [ -50.477454752175859, -21.608177414837591 ], [ -50.477453679032507, -21.608175976052934 ], [ -50.477387211043045, -21.608085698526168 ], [ -50.477319752388489, -21.607996414908275 ], [ -50.47757224746784, -21.607829584992171 ], [ -50.477640247509328, -21.607919584942252 ], [ -50.477641320780947, -21.607921023895475 ], [ -50.477707788920647, -21.608011301409839 ], [ -50.477775247721972, -21.608100585012931 ], [ -50.47777676595971, -21.608102631631155 ], [ -50.477803141658136, -21.608138848963964 ], [ -50.478001347046231, -21.608010736876476 ], [ -50.477947457865874, -21.60793529192944 ], [ -50.478192379371009, -21.60778230517764 ], [ -50.478182295131198, -21.607769128422447 ], [ -50.478433704724495, -21.607600871478798 ], [ -50.478508704768402, -21.607698871423946 ], [ -50.47850984028419, -21.607700375304734 ], [ -50.478547726229188, -21.607751235828161 ], [ -50.478730725909536, -21.607634577189337 ], [ -50.478808400557682, -21.607741130743676 ], [ -50.478888071721173, -21.607848686685433 ], [ -50.478967879857827, -21.607956427541382 ], [ -50.479047686785833, -21.608063169181321 ], [ -50.479048071973715, -21.60806368676937 ], [ -50.479128072025588, -21.608171686710303 ], [ -50.479128450051647, -21.608172199400158 ], [ -50.479208261756192, -21.608280942716306 ], [ -50.479287367880133, -21.608387735856606 ], [ -50.479368647343428, -21.608493795521976 ], [ -50.47937007248116, -21.608495686938014 ], [ -50.479450006489365, -21.608603597720172 ], [ -50.47953049463738, -21.60871190880323 ], [ -50.479612042589878, -21.608819313298785 ], [ -50.479694042639125, -21.608927313238652 ], [ -50.479694940682919, -21.608928508778874 ], [ -50.479775495019432, -21.609036908930367 ], [ -50.479856531954844, -21.609143640380438 ], [ -50.479940012878856, -21.609250972876072 ], [ -50.479941941064794, -21.609253508905731 ], [ -50.480022242520356, -21.609361568761386 ], [ -50.480104528137559, -21.609468639080248 ], [ -50.480104648566922, -21.609468796004315 ], [ -50.480186648614712, -21.609575795944348 ], [ -50.479935351240883, -21.609744203956964 ], [ -50.479853411447372, -21.609637282396939 ], [ -50.479770471765825, -21.609529360760625 ], [ -50.479769058740374, -21.609527491053452 ], [ -50.479724966996926, -21.609468157649683 ], [ -50.479716156426633, -21.609473692997003 ], [ -50.479709367518304, -21.609465708235284 ], [ -50.479540093048257, -21.609613733703295 ], [ -50.479539093048388, -21.60961273370263 ], [ -50.479523687041024, -21.60959461392903 ], [ -50.479449955623814, -21.609491987639899 ], [ -50.479375226690706, -21.609389359779357 ], [ -50.479374456220626, -21.609388291460768 ], [ -50.479363494882932, -21.60937294556884 ], [ -50.479129554263935, -21.609530467983593 ], [ -50.479052554308112, -21.609430467927378 ], [ -50.479051028547673, -21.609428450268435 ], [ -50.479043993257044, -21.6094189760658 ], [ -50.478839504543089, -21.60950838586276 ], [ -50.478842173947982, -21.60951276306869 ], [ -50.478778347860484, -21.60955352611197 ], [ -50.478713371435788, -21.609464558283683 ], [ -50.478645395030881, -21.609371590440404 ], [ -50.478644704166307, -21.609370637456362 ], [ -50.47862992451946, -21.609350074443959 ], [ -50.478402492783118, -21.609463721681184 ], [ -50.478441037469352, -21.609517003975871 ], [ -50.47820912361113, -21.609663711641453 ], [ -50.478233130051905, -21.609668830661892 ], [ -50.478493699852301, -21.609725580526405 ], [ -50.478655956507197, -21.609760749456484 ], [ -50.478985265580107, -21.609789524035698 ], [ -50.4792810043107, -21.609807907794696 ], [ -50.47949201789141, -21.609808707088497 ], [ -50.479758982042803, -21.609821495790399 ], [ -50.480029143369599, -21.609844675312498 ], [ -50.480113069225602, -21.609844675312505 ], [ -50.480283318819097, -21.609797516974396 ], [ -50.480587849782196, -21.609685615833087 ], [ -50.480863606166103, -21.609582506924408 ], [ -50.480986923430997, -21.609520541532508 ], [ -50.481096999975101, -21.609476200840096 ], [ -50.481281636858199, -21.609382683457788 ], [ -50.481349576836898, -21.60932113783009 ], [ -50.481363164832601, -21.609277176667398 ], [ -50.481367965168609, -21.609199806546194 ], [ -50.481370348389007, -21.609161394640999 ], [ -50.481376752828297, -21.609058170148003 ], [ -50.481368555039403, -21.608970336695599 ], [ -50.481367678277799, -21.608929074623887 ], [ -50.481360336354697, -21.608868293618599 ], [ -50.481353005994798, -21.608764854546997 ], [ -50.481338699173897, -21.608597744854205 ], [ -50.481331374436003, -21.60851541879379 ], [ -50.481324289815802, -21.608481467456304 ], [ -50.4813149205401, -21.608450922819703 ], [ -50.481310695351098, -21.608428392668785 ], [ -50.481300010310399, -21.608389412815804 ], [ -50.481276643668799, -21.608322145371393 ], [ -50.481264719094099, -21.608248647905597 ], [ -50.481258121539298, -21.608160911037405 ], [ -50.48124945077641, -21.608111951294187 ], [ -50.481228901584998, -21.608040944508392 ], [ -50.481202006554405, -21.607965552035992 ], [ -50.481175201913203, -21.607894868230584 ], [ -50.481132662064503, -21.607810136385801 ], [ -50.481109954878399, -21.607735298550597 ], [ -50.481107490981998, -21.607698925634995 ], [ -50.481098309343501, -21.607641748870297 ], [ -50.481096868761803, -21.607596548223807 ], [ -50.481094500756697, -21.607511458693494 ], [ -50.481095165603499, -21.607439715700291 ], [ -50.4811023750065, -21.607388080360703 ], [ -50.481106790742707, -21.607336402589794 ], [ -50.481114905563899, -21.607293463208403 ], [ -50.481124999564301, -21.607210135167197 ], [ -50.481136521128597, -21.607177062378199 ], [ -50.4811589230927, -21.607136446802386 ], [ -50.481220804212597, -21.607008931577084 ], [ -50.481242728674502, -21.606955388379497 ], [ -50.481257882958502, -21.606899374347297 ], [ -50.481269466699899, -21.606852502792901 ], [ -50.481277198466302, -21.606809960011098 ], [ -50.481277539828803, -21.606757032430107 ], [ -50.481273213969303, -21.606670975533305 ], [ -50.481261141515503, -21.606586982286188 ], [ -50.4812261040613, -21.6064331744391 ], [ -50.481204957683801, -21.606378037916105 ], [ -50.481186730914501, -21.606349818611907 ], [ -50.481170516300999, -21.606333099882598 ], [ -50.481146029704, -21.606316397858095 ], [ -50.4811254889011, -21.606307274325793 ], [ -50.481101737720103, -21.60629986673429 ], [ -50.481077681794098, -21.606298623903996 ], [ -50.481025057430401, -21.606305007304492 ], [ -50.480983491836298, -21.606315833002103 ], [ -50.480893805083802, -21.606353700104506 ], [ -50.480843194347202, -21.606372320264899 ], [ -50.4808167697093, -21.606386530743496 ], [ -50.480783334673703, -21.606417755999193 ], [ -50.480748251587997, -21.606438540813702 ], [ -50.480699660989501, -21.606446164171796 ], [ -50.4806800271109, -21.606447174014694 ], [ -50.480598521814599, -21.606469477131292 ], [ -50.480545700782599, -21.606493234894796 ], [ -50.480504779771501, -21.606509697331987 ], [ -50.480475553433898, -21.606521692387894 ], [ -50.480439039234902, -21.606539074125099 ], [ -50.480317014450499, -21.606587450457297 ], [ -50.480261329760999, -21.606609695706698 ], [ -50.480214973973403, -21.606627208258498 ], [ -50.480142621954002, -21.606651297761104 ], [ -50.480098045475202, -21.606665863558096 ], [ -50.480011448846199, -21.606704691289597 ], [ -50.479958843764102, -21.606722592994895 ], [ -50.479867617350997, -21.606759284254597 ], [ -50.479762478820902, -21.606796837016596 ], [ -50.479751501682799, -21.606799955700097 ], [ -50.479572523830903, -21.606864485129698 ], [ -50.479555716123002, -21.60687273421409 ], [ -50.479492829015797, -21.606894098126887 ], [ -50.4794059428989, -21.606927519147398 ], [ -50.479297546184497, -21.606975518762496 ], [ -50.479182432012301, -21.6070164984353 ], [ -50.4790720455117, -21.607054642141893 ], [ -50.478945445081202, -21.607113758890996 ], [ -50.478823704535102, -21.607162987577812 ], [ -50.4786531931097, -21.607227478302693 ], [ -50.478603605761897, -21.607250080966093 ], [ -50.478567867936, -21.607265789951402 ], [ -50.478508934224998, -21.607285965033597 ], [ -50.478334350781203, -21.607341446354209 ], [ -50.478214431742401, -21.60739172308498 ], [ -50.478117387014798, -21.607430033601904 ], [ -50.477990795705303, -21.607483568526703 ] ], [ [ -50.479788178085812, -21.608992292527262 ], [ -50.479787774022547, -21.60899173414327 ], [ -50.479715898570788, -21.608891907003258 ], [ -50.47964530595933, -21.6087944691945 ], [ -50.479573591024092, -21.608696857081096 ], [ -50.479572617275551, -21.608695515642204 ], [ -50.479502100243451, -21.608597188954302 ], [ -50.47943080118835, -21.608500142900649 ], [ -50.479359012630233, -21.60840342764433 ], [ -50.479357457364443, -21.608401291850054 ], [ -50.479287944322628, -21.608303973470115 ], [ -50.479217439514208, -21.608207649881962 ], [ -50.479216866580614, -21.608206861576861 ], [ -50.479147644599998, -21.608110939571695 ], [ -50.479076443231676, -21.608016004301444 ], [ -50.47907571135763, -21.608015019807411 ], [ -50.479005861959863, -21.607920224082211 ], [ -50.478934013311402, -21.60782342787083 ], [ -50.479187986545867, -21.607658572028534 ], [ -50.479212034709363, -21.607690970210182 ], [ -50.479404840143047, -21.607565375240689 ], [ -50.479465600235805, -21.607646943487936 ], [ -50.479671547141614, -21.607502121441048 ], [ -50.479749370064589, -21.607598901126295 ], [ -50.47982619208895, -21.607693681445227 ], [ -50.479826547367203, -21.607694121515699 ], [ -50.479895702202008, -21.60778012166708 ], [ -50.480107423928793, -21.607640819163382 ], [ -50.480186423977621, -21.607745819105315 ], [ -50.480187343690091, -21.607747055135221 ], [ -50.480264952721924, -21.607852523692852 ], [ -50.480342556695184, -21.607955995535054 ], [ -50.480342686759421, -21.607956169224526 ], [ -50.48042255589322, -21.608062994065005 ], [ -50.480501424473339, -21.608167819270101 ], [ -50.480502206889234, -21.608168869029818 ], [ -50.480580818290669, -21.608275342572799 ], [ -50.480659424722383, -21.608379819352891 ], [ -50.480659687257528, -21.608380169390081 ], [ -50.480739491745368, -21.60848690776681 ], [ -50.48081929499844, -21.608592646953554 ], [ -50.48081968750774, -21.608593169473242 ], [ -50.48089923227095, -21.60869956046896 ], [ -50.480979770361081, -21.608804955872841 ], [ -50.480980167779578, -21.608805478396306 ], [ -50.481061167828678, -21.608912478336876 ], [ -50.481061557892971, -21.608912996006694 ], [ -50.48113955794166, -21.609016995949325 ], [ -50.481160578352679, -21.609056982028921 ], [ -50.481161578355483, -21.609059982028107 ], [ -50.480940711189, -21.609124363074304 ], [ -50.480949720975431, -21.609141501987864 ], [ -50.480886441915047, -21.609183003950704 ], [ -50.480808636388957, -21.60907926312748 ], [ -50.480728030165906, -21.608972783178263 ], [ -50.480698515041276, -21.608934158402864 ], [ -50.480529222231517, -21.60905259258427 ], [ -50.480525222233531, -21.609047592581373 ], [ -50.480524052431015, -21.609046110737516 ], [ -50.480450904024551, -21.60895220389531 ], [ -50.480370777340973, -21.608853281957749 ], [ -50.480369111193404, -21.608851185906772 ], [ -50.480291662377461, -21.608751892442697 ], [ -50.480212222661024, -21.608652592689332 ], [ -50.480211111428474, -21.608651185984716 ], [ -50.480134105250414, -21.608552460006241 ], [ -50.480065288342935, -21.608468159205064 ], [ -50.479872380593427, -21.608592993196282 ], [ -50.479900408881555, -21.608631142764377 ], [ -50.479900976208839, -21.608631920370946 ], [ -50.479902114960794, -21.608633492167474 ], [ -50.480098459384642, -21.608510591466789 ], [ -50.480165451211839, -21.608604182874224 ], [ -50.480234407993152, -21.608695796775365 ], [ -50.480235716343195, -21.608697562745103 ], [ -50.480305716390731, -21.608793562693211 ], [ -50.480306036725779, -21.608794003754287 ], [ -50.480373451099233, -21.608887194097441 ], [ -50.480442488424607, -21.608979901252667 ], [ -50.480514118749305, -21.609074413376618 ], [ -50.48051529000913, -21.609075980655426 ], [ -50.480584710033298, -21.609170193432607 ], [ -50.480656118972526, -21.609264413450834 ], [ -50.480403880883649, -21.609431586449826 ], [ -50.480349443049455, -21.609359758668617 ], [ -50.480147773441438, -21.609486733950185 ], [ -50.48007645765712, -21.609387684127697 ], [ -50.480004157886924, -21.609290624046285 ], [ -50.480003023134508, -21.609289079424741 ], [ -50.479932023183657, -21.60919107937201 ], [ -50.479931773788955, -21.609190734065642 ], [ -50.479859975241183, -21.609091013736979 ], [ -50.479788178085812, -21.608992292527262 ] ], [ [ -50.480535714523882, -21.607182562048656 ], [ -50.48053613236096, -21.607183138055625 ], [ -50.480606132474811, -21.607280138093458 ], [ -50.480640238537454, -21.607327399293453 ], [ -50.480781440569928, -21.607243432408211 ], [ -50.480849440625775, -21.607343432356906 ], [ -50.480850715331187, -21.607345339524922 ], [ -50.480917715391108, -21.607447339473964 ], [ -50.480784007425555, -21.60752414448908 ], [ -50.480818062165149, -21.607570669922179 ], [ -50.480889556370649, -21.607665995416866 ], [ -50.480891381662566, -21.607668483990146 ], [ -50.480962381713148, -21.607767483937259 ], [ -50.480750798870254, -21.607900180384647 ], [ -50.480827632429126, -21.607991789534587 ], [ -50.480829192529065, -21.607993681644892 ], [ -50.480905663125796, -21.608088028385467 ], [ -50.480983125832765, -21.608181380781989 ], [ -50.480983227160046, -21.608181503029098 ], [ -50.481060227193929, -21.608274502974137 ], [ -50.481061776965106, -21.608276407124215 ], [ -50.481136912727209, -21.608370326726305 ], [ -50.48121502707226, -21.60846426160105 ], [ -50.480970972779694, -21.608641738305518 ], [ -50.480891972813836, -21.608546738249203 ], [ -50.480890222850306, -21.608544592834686 ], [ -50.480814989346307, -21.608450550853945 ], [ -50.480738823319335, -21.608358558024502 ], [ -50.480660874053278, -21.608264619068809 ], [ -50.480659807287118, -21.608263318315345 ], [ -50.480583579012318, -21.608169270344845 ], [ -50.480506367455021, -21.608077210317099 ], [ -50.480505285448274, -21.608075904941114 ], [ -50.480429320043754, -21.607983167857814 ], [ -50.480352384107356, -21.607893409176068 ], [ -50.480350773315877, -21.60789149714909 ], [ -50.48027431813658, -21.607799155084599 ], [ -50.480196871019132, -21.607707807110749 ], [ -50.480196271118054, -21.607707094958048 ], [ -50.480119271226073, -21.607615094993626 ], [ -50.480043081058987, -21.607524062494495 ], [ -50.47996590835762, -21.607435016982798 ], [ -50.480206091492803, -21.607252982926518 ], [ -50.480248818455003, -21.607302283219742 ], [ -50.480210285381894, -21.607249437797755 ], [ -50.480465714476338, -21.607086562100559 ], [ -50.480535714523882, -21.607182562048656 ] ] ] ] } },
{ "type": "Feature", "properties": { "CHAVE": null, "FAZENDA": "Faz. ABC", "NOME_FAZ": null, "ZONA": null, "TALHAO": null, "AREA_TOTAL": null, "TIPO_GEO": "VOO_PROCESSADO", "DATA_INICI": "16-04-2026", "DATA_FINAL": "16-04-2026", "HORA_INICI": "10:37:29", "HORA_FINAL": "10:37:29", "CLASSE": "APLICADO FORA DO TALHÃO", "PILOTO": "valmir alves", "AERONAVE": "PS-CBA", "AREA_HA": 7.0390142958000007e-05 }, "geometry": { "type": "MultiPolygon", "coordinates": [ [ [ [ -50.490515314623991, -21.623231412394169 ], [ -50.490513943502293, -21.623240112878218 ], [ -50.490512478200358, -21.623268163119601 ], [ -50.490512407897334, -21.623269309502934 ], [ -50.490510369433657, -21.623298255820611 ], [ -50.490510203341437, -21.623300191038169 ], [ -50.490509583658913, -21.623306310423761 ], [ -50.49051088197502, -21.623321787009576 ], [ -50.490517707154439, -21.623335938716124 ], [ -50.490523380417827, -21.623343753923507 ], [ -50.490526225477218, -21.623347287571136 ], [ -50.490527448405651, -21.623348661013587 ], [ -50.490539479784033, -21.623358357411906 ], [ -50.490554223937188, -21.62336388139822 ], [ -50.49057008711808, -21.623364635865396 ], [ -50.490585354619704, -21.623360539260457 ], [ -50.490599295573595, -21.623354329198662 ], [ -50.490600955794484, -21.623353552707535 ], [ -50.490635033941786, -21.623336841315563 ], [ -50.490583963299926, -21.623271179136058 ], [ -50.490526308087183, -21.62319375651294 ], [ -50.490524939071442, -21.623196962894305 ], [ -50.490522924202267, -21.623202807692692 ], [ -50.490515314623991, -21.623231412394169 ] ] ], [ [ [ -50.490695835918011, -21.623305708507417 ], [ -50.49069745996642, -21.623304833552972 ], [ -50.490744296989142, -21.623278455558264 ], [ -50.490746171841664, -21.623277343990704 ], [ -50.490788626115332, -21.623250875587818 ], [ -50.490791741545642, -21.623249038449895 ], [ -50.490855232567313, -21.623213674654323 ], [ -50.490857023074675, -21.623212709437677 ], [ -50.490904140724524, -21.623188139839776 ], [ -50.490854198194889, -21.623122501162481 ], [ -50.490784424900738, -21.623029802465702 ], [ -50.490783912061595, -21.623029125260569 ], [ -50.490767912052085, -21.6230081252723 ], [ -50.490541039844821, -21.623159253160033 ], [ -50.490527530583833, -21.62319089329495 ], [ -50.490531830335755, -21.623196536725871 ], [ -50.490601574912446, -21.623289197486013 ], [ -50.490602030048422, -21.623289798904697 ], [ -50.490637065233884, -21.623335845201598 ], [ -50.490641595891603, -21.623333623437713 ], [ -50.490642459757666, -21.623333189300826 ], [ -50.490695835918011, -21.623305708507417 ] ] ], [ [ [ -50.483112615901064, -21.620310528034477 ], [ -50.483369383957957, -21.620149471862785 ], [ -50.483351583892947, -21.620124659681899 ], [ -50.483291045866466, -21.620149370580535 ], [ -50.483290253620837, -21.62014970191894 ], [ -50.483266104736089, -21.620160046023496 ], [ -50.483264833696374, -21.620160576718863 ], [ -50.483241831361681, -21.620169934124167 ], [ -50.483241249516439, -21.620170175093993 ], [ -50.483192429288415, -21.62019075456141 ], [ -50.483192138312063, -21.620190878302967 ], [ -50.483144596407385, -21.62021127387731 ], [ -50.483144174629288, -21.620211457123968 ], [ -50.483121314982469, -21.620221514158363 ], [ -50.483117305209809, -21.620223141985079 ], [ -50.483078010117893, -21.620237793612333 ], [ -50.483075658869261, -21.620238738539811 ], [ -50.483067987387251, -21.620242049346764 ], [ -50.483067987387848, -21.620242049346388 ], [ -50.483067744063867, -21.620242154358632 ], [ -50.483064005287858, -21.620243767914417 ], [ -50.48306400528886, -21.620243767915756 ], [ -50.482961878511134, -21.620287843104673 ], [ -50.48295528679018, -21.620290328871441 ], [ -50.482940834225204, -21.620295022364342 ], [ -50.482929096256825, -21.620297831072619 ], [ -50.48291215167751, -21.620300498338235 ], [ -50.482900019314535, -21.62030143790701 ], [ -50.482879295404402, -21.620301408576644 ], [ -50.482868870195198, -21.620300688480381 ], [ -50.482849102517413, -21.620297971275715 ], [ -50.482840110471876, -21.62029618397165 ], [ -50.482819959986401, -21.620290909522787 ], [ -50.482815814945724, -21.620289698181757 ], [ -50.482780046539879, -21.620278134216893 ], [ -50.482783479849815, -21.620282729575671 ], [ -50.482846576782642, -21.62037047385628 ], [ -50.482851443364979, -21.620377287080103 ], [ -50.483064397740279, -21.620244291185035 ], [ -50.483080508754583, -21.620265772562846 ], [ -50.483112615901064, -21.620310528034477 ] ] ], [ [ [ -50.483619960218959, -21.620019403029183 ], [ -50.483593009380755, -21.620030097661505 ], [ -50.483591966820157, -21.620030502438922 ], [ -50.483555022359901, -21.620044531781115 ], [ -50.483554428758524, -21.620044754347848 ], [ -50.483527259459684, -21.62005481138447 ], [ -50.483526489845708, -21.620055103446436 ], [ -50.483463931712336, -21.620079431452837 ], [ -50.4834636267544, -21.620079551193367 ], [ -50.483410677665809, -21.620100541091286 ], [ -50.483410206233827, -21.6201007307432 ], [ -50.483376772604082, -21.62011437795115 ], [ -50.483429352442705, -21.620188159430374 ], [ -50.483430283921905, -21.620189451363643 ], [ -50.48347022029764, -21.620244202915412 ], [ -50.483474666398678, -21.620241829373843 ], [ -50.483475219925992, -21.620241529312494 ], [ -50.48349949910336, -21.620228166181214 ], [ -50.48350002394168, -21.62022787311653 ], [ -50.483524872618474, -21.620213797664917 ], [ -50.483525241845733, -21.620213586397146 ], [ -50.483557358258331, -21.620195024303538 ], [ -50.483582601133186, -21.620180542783114 ], [ -50.483618495448859, -21.620160174292128 ], [ -50.483618826060024, -21.620159987812091 ], [ -50.483642118289197, -21.620146930232092 ], [ -50.483664250225566, -21.620134652123994 ], [ -50.483664562382806, -21.62013447993424 ], [ -50.483685953899084, -21.620122747435989 ], [ -50.483686292626459, -21.620122562805651 ], [ -50.483706903223883, -21.620111398314396 ], [ -50.483707224149022, -21.620111225496021 ], [ -50.483722100763849, -21.620103261693789 ], [ -50.483722694734112, -21.620102947191306 ], [ -50.483732209748311, -21.620097964260573 ], [ -50.483733092667244, -21.620097509397901 ], [ -50.483736292842842, -21.6200958877576 ], [ -50.48368618539962, -21.620027192153493 ], [ -50.48366767301642, -21.620001215132202 ], [ -50.483649858528757, -21.620008236606765 ], [ -50.483648536497476, -21.620008743383654 ], [ -50.483620949613993, -21.620019022450112 ], [ -50.483619960218959, -21.620019403029183 ] ] ], [ [ [ -50.484263834071349, -21.619872851674568 ], [ -50.48426416333136, -21.619872728062091 ], [ -50.484306064948996, -21.619856829817891 ], [ -50.484306344096503, -21.619856722953902 ], [ -50.48432322416803, -21.619850203269689 ], [ -50.484462779613253, -21.619760965077486 ], [ -50.484481822606078, -21.619786765280825 ], [ -50.484502579908806, -21.619778156318457 ], [ -50.484502751405103, -21.619778084818147 ], [ -50.484536438521012, -21.61976396651632 ], [ -50.484536591405686, -21.619763902144044 ], [ -50.484692259362319, -21.619698053807777 ], [ -50.484692315375497, -21.61969803007371 ], [ -50.484769566673513, -21.61966524145603 ], [ -50.48476159908622, -21.619655070081969 ], [ -50.485001497273309, -21.619501250137006 ], [ -50.484971974142475, -21.619460991371017 ], [ -50.484966316324382, -21.619465305805722 ], [ -50.484948919778581, -21.619476900566188 ], [ -50.484934915131277, -21.619484196269362 ], [ -50.484898987130435, -21.619498294860069 ], [ -50.484897222740223, -21.619499026323545 ], [ -50.484846456427441, -21.619521217491855 ], [ -50.484846000586188, -21.619521414953386 ], [ -50.484805040614035, -21.619538997008988 ], [ -50.484804438908668, -21.619539252191757 ], [ -50.484751805172927, -21.619561304143911 ], [ -50.48475101378537, -21.619561643751869 ], [ -50.484728237159707, -21.619571651211558 ], [ -50.484727189439198, -21.619572102070236 ], [ -50.484710411563697, -21.619579171240499 ], [ -50.484709255979176, -21.619579675393446 ], [ -50.484705797635499, -21.619581236479075 ], [ -50.484705797635392, -21.619581236478929 ], [ -50.484693061351678, -21.619586985597259 ], [ -50.484690362311838, -21.619588140808069 ], [ -50.484690202022705, -21.619588205733795 ], [ -50.484690202022719, -21.619588205733809 ], [ -50.484668635856259, -21.619596941192157 ], [ -50.484666757712731, -21.619597746975707 ], [ -50.484651033455329, -21.619604877697103 ], [ -50.484648966220192, -21.619605777868948 ], [ -50.48458072685667, -21.619634279493081 ], [ -50.484578658963869, -21.619635107435126 ], [ -50.484550071414027, -21.619646065511343 ], [ -50.484548402239632, -21.61964673991482 ], [ -50.484533419267933, -21.619653109052447 ], [ -50.484530059712441, -21.619654442757785 ], [ -50.484514693299722, -21.619660120344868 ], [ -50.484513259727684, -21.619660675068936 ], [ -50.484491402253077, -21.619669519873614 ], [ -50.484490052194154, -21.61967005110332 ], [ -50.48447327029659, -21.619676468654205 ], [ -50.484472510055134, -21.619676766481188 ], [ -50.484455138118612, -21.619683735480663 ], [ -50.484454738905491, -21.619683897625613 ], [ -50.484430935161214, -21.619693685201792 ], [ -50.484430935160432, -21.619693685200719 ], [ -50.484419612011401, -21.619698341030315 ], [ -50.484417115414502, -21.619699367575546 ], [ -50.484417115414679, -21.619699367575784 ], [ -50.484411778975478, -21.619701561801602 ], [ -50.484410929591576, -21.619701905015013 ], [ -50.484392361773146, -21.619709276586931 ], [ -50.484391991339407, -21.61970942536092 ], [ -50.484329003383927, -21.619735014251543 ], [ -50.484328111716863, -21.619735369881177 ], [ -50.484303018294462, -21.619745193086811 ], [ -50.484302510926916, -21.619745394892995 ], [ -50.484284137844696, -21.61975281887214 ], [ -50.484283320944485, -21.619753143418581 ], [ -50.484199657182522, -21.619785818050886 ], [ -50.48419903053783, -21.619786067650594 ], [ -50.48417598999405, -21.619795424939706 ], [ -50.48417545461232, -21.619795645984258 ], [ -50.484150826978023, -21.619805981193835 ], [ -50.484149623602079, -21.619806473996302 ], [ -50.484141347436363, -21.619809779946813 ], [ -50.48417028436188, -21.619849451586663 ], [ -50.484170391692167, -21.619849598538707 ], [ -50.484203660368891, -21.61989508841728 ], [ -50.484222181770342, -21.619888322369537 ], [ -50.484222436990756, -21.619888228353155 ], [ -50.484263834071349, -21.619872851674568 ] ] ], [ [ [ -50.485070208664887, -21.619520475023069 ], [ -50.485081762186319, -21.619513812418777 ], [ -50.485082153722736, -21.619513584209965 ], [ -50.485099027141452, -21.619503644531605 ], [ -50.485099523430591, -21.619503348215105 ], [ -50.485109647104636, -21.619497222200124 ], [ -50.485121102530734, -21.619487542256174 ], [ -50.485128706864117, -21.619474977254061 ], [ -50.485131683364166, -21.61946081064098 ], [ -50.485129727998888, -21.619446489459673 ], [ -50.485123040499566, -21.619433476540813 ], [ -50.485112303958793, -21.619423101082798 ], [ -50.48509861505589, -21.619416422881599 ], [ -50.485083372037074, -21.619414124078617 ], [ -50.485070619928976, -21.619414131023365 ], [ -50.485051445981249, -21.61941208081543 ], [ -50.485051390705841, -21.619412532807058 ], [ -50.485038192090549, -21.619411975625393 ], [ -50.485021492211779, -21.619417172045566 ], [ -50.485007891329133, -21.619427617423163 ], [ -50.484998248384052, -21.619438322402221 ], [ -50.48497500923979, -21.619458525920617 ], [ -50.485032179886936, -21.619535322404147 ], [ -50.485035440287518, -21.619539907348209 ], [ -50.4850576395365, -21.619527604410209 ], [ -50.485058067141544, -21.619527364632525 ], [ -50.485069908919435, -21.619520646474331 ], [ -50.485070208664887, -21.619520475023069 ] ] ], [ [ [ -50.481537180155016, -21.617337185164033 ], [ -50.48149723321783, -21.617380356635067 ], [ -50.481495732128728, -21.617382061381402 ], [ -50.481459571932596, -21.617425236255386 ], [ -50.481458903666159, -21.617426053146744 ], [ -50.481422672783268, -21.617471402504819 ], [ -50.481452250427324, -21.617510081006799 ], [ -50.481703749428327, -21.617341918894365 ], [ -50.481638749390157, -21.617256918941941 ], [ -50.48163211118014, -21.617248238215723 ], [ -50.48163180262204, -21.617248531736902 ], [ -50.481630933585869, -21.61724934451702 ], [ -50.481584333831485, -21.617292194608073 ], [ -50.481583748821208, -21.617292741839144 ], [ -50.481539255508999, -21.617335080896098 ], [ -50.481537180155016, -21.617337185164033 ] ] ], [ [ [ -50.481818733945119, -21.61707407666308 ], [ -50.481816212238066, -21.617076546358948 ], [ -50.481814497249964, -21.617078170312677 ], [ -50.481790037282266, -21.617100564645447 ], [ -50.481822831323818, -21.617079710551863 ], [ -50.481818733945119, -21.61707407666308 ] ] ], [ [ [ -50.482792548205566, -21.616224494104497 ], [ -50.482790853247771, -21.616227360193136 ], [ -50.48276573998465, -21.616273718205619 ], [ -50.482765514037872, -21.616274140760407 ], [ -50.482737161078028, -21.616327865580462 ], [ -50.482736708320573, -21.616328708650606 ], [ -50.482708828836032, -21.616379733596798 ], [ -50.482706743801067, -21.616383283561397 ], [ -50.48269887051849, -21.616395787633714 ], [ -50.48272478922123, -21.616431764385098 ], [ -50.482981210637597, -21.616270235512435 ], [ -50.482914295079368, -21.61617735283788 ], [ -50.482865505192429, -21.616109342777385 ], [ -50.482858693979253, -21.61611955545456 ], [ -50.482857835354118, -21.616120893819193 ], [ -50.482826961851622, -21.616170957895847 ], [ -50.482826288007104, -21.616172027818823 ], [ -50.482792548205566, -21.616224494104497 ] ] ], [ [ [ -50.482182837803236, -21.610395746911578 ], [ -50.482138239099527, -21.610426203814423 ], [ -50.482188482991688, -21.610433453674563 ], [ -50.482189749172647, -21.610433647122683 ], [ -50.482215705626523, -21.610437833711554 ], [ -50.482182837803236, -21.610395746911578 ] ] ], [ [ [ -50.477496151632472, -21.611368530292136 ], [ -50.477540804403205, -21.611382323879933 ], [ -50.477547471405913, -21.611383901284928 ], [ -50.477593122154843, -21.611391518327945 ], [ -50.477600245901662, -21.611392202755276 ], [ -50.477632238490607, -21.611393046458147 ], [ -50.477579155823797, -21.611317569637439 ], [ -50.477562908918785, -21.611298266961771 ], [ -50.477561908918659, -21.611297266962438 ], [ -50.477485464295697, -21.61136411381408 ], [ -50.477490146942216, -21.611366247098715 ], [ -50.477496151632472, -21.611368530292136 ] ] ], [ [ [ -50.479671845312133, -21.611075515592812 ], [ -50.479736886435987, -21.611059249537917 ], [ -50.479740293589394, -21.611058270148682 ], [ -50.479801458323912, -21.611038350584742 ], [ -50.479804785977123, -21.611037136086583 ], [ -50.479817896445248, -21.611031820792633 ], [ -50.479768606882097, -21.610964410148242 ], [ -50.479572726610229, -21.611089652793826 ], [ -50.479599637825594, -21.611087714709466 ], [ -50.479604580204878, -21.611087117686374 ], [ -50.479668016394548, -21.611076318883313 ], [ -50.479671845312133, -21.611075515592812 ] ] ], [ [ [ -50.480206036572447, -21.610828768045334 ], [ -50.480206415939229, -21.610828558200584 ], [ -50.480263067663721, -21.610797438685804 ], [ -50.480263381582631, -21.610797264751497 ], [ -50.480319690368326, -21.610765796215304 ], [ -50.480320244819502, -21.610765481613907 ], [ -50.480373115651993, -21.6107350262035 ], [ -50.480374257064135, -21.610734382178933 ], [ -50.48037465907349, -21.610734160042313 ], [ -50.480341623937946, -21.610687819146516 ], [ -50.480084375921521, -21.610848180750423 ], [ -50.480109628857576, -21.610883605052642 ], [ -50.480151650628898, -21.610859077580511 ], [ -50.480152937829892, -21.610858343550127 ], [ -50.480206036572447, -21.610828768045334 ] ] ], [ [ [ -50.47678013916623, -21.610610374218528 ], [ -50.476769104432371, -21.610595095375125 ], [ -50.476758651499097, -21.610601696939401 ], [ -50.47678013916623, -21.610610374218528 ] ] ], [ [ [ -50.480874994253554, -21.610449318303363 ], [ -50.480878667699933, -21.610447842634805 ], [ -50.480931567616061, -21.610428190394654 ], [ -50.48093215642421, -21.610427967450462 ], [ -50.480990320156153, -21.610405527161738 ], [ -50.481051402464232, -21.610382290243265 ], [ -50.481051816410741, -21.610382130674989 ], [ -50.481110292774261, -21.610359292118478 ], [ -50.48111248262714, -21.610358475712427 ], [ -50.481161368036787, -21.610341106987914 ], [ -50.48113297816991, -21.610301921022469 ], [ -50.481130842445637, -21.610299048601298 ], [ -50.481056842401856, -21.610202048655474 ], [ -50.480805157453972, -21.610369951245566 ], [ -50.480868010522101, -21.610452339822523 ], [ -50.480874994253554, -21.610449318303363 ] ] ], [ [ [ -50.481299865245255, -21.610304163244287 ], [ -50.481356276443243, -21.610296155398775 ], [ -50.481364231543942, -21.610295443048955 ], [ -50.481418726613768, -21.610293389171037 ], [ -50.481426995922547, -21.610293519349419 ], [ -50.481433978968255, -21.610294003113239 ], [ -50.481377989557991, -21.610218573024813 ], [ -50.481215163867077, -21.610324260560539 ], [ -50.481231250369824, -21.610319394679934 ], [ -50.481236796075862, -21.610317942166727 ], [ -50.481293986629645, -21.61030523184278 ], [ -50.481299865245255, -21.610304163244287 ] ] ], [ [ [ -50.477334740660901, -21.609678454206719 ], [ -50.477311067491044, -21.609678818313885 ], [ -50.47731058535414, -21.609678827980673 ], [ -50.477238264265935, -21.609680615764052 ], [ -50.477233071882765, -21.609680570054199 ], [ -50.477133424440474, -21.609676350011483 ], [ -50.477153346078431, -21.609701921098242 ], [ -50.477215723207394, -21.609788664399353 ], [ -50.477389108731018, -21.609679634110915 ], [ -50.477336690844609, -21.609678461028548 ], [ -50.477334740660901, -21.609678454206719 ] ] ], [ [ [ -50.476991561435177, -21.609670326932637 ], [ -50.47683601527325, -21.609660648503677 ], [ -50.476820535799092, -21.609659685336759 ], [ -50.476820535798858, -21.609659685336439 ], [ -50.476814257048659, -21.609659294658687 ], [ -50.476800755626186, -21.609657243704877 ], [ -50.476733586755415, -21.609640827686587 ], [ -50.476733586782338, -21.60964082772194 ], [ -50.476607639114505, -21.609610046183885 ], [ -50.476602312136592, -21.609608537632599 ], [ -50.476401890118844, -21.609543822106509 ], [ -50.476398940550602, -21.609542967341046 ], [ -50.47637383212404, -21.609536505934912 ], [ -50.476373832122064, -21.609536505931946 ], [ -50.476370162464896, -21.609535561583929 ], [ -50.476345436739749, -21.609529198657363 ], [ -50.47634543675499, -21.60952919867783 ], [ -50.476176339153028, -21.609485683043321 ], [ -50.476170446765714, -21.609484530492011 ], [ -50.475954281312234, -21.609455250551409 ], [ -50.476004622122609, -21.609531174500557 ], [ -50.47600562974668, -21.609532673617707 ], [ -50.476067222406535, -21.609623075868306 ], [ -50.476128721405836, -21.609715324493173 ], [ -50.476189621799556, -21.609807174393801 ], [ -50.476443026353088, -21.60966024773402 ], [ -50.476499145420689, -21.609735607702429 ], [ -50.47649988052914, -21.609736586193137 ], [ -50.476571880485629, -21.609831586245932 ], [ -50.476775883794986, -21.609696382085534 ], [ -50.47679907360483, -21.60972684036388 ], [ -50.476799411700775, -21.609727282667539 ], [ -50.476865411662466, -21.609813282715784 ], [ -50.477073249961904, -21.609673801638287 ], [ -50.476993093911048, -21.609670407050814 ], [ -50.476991561435177, -21.609670326932637 ] ] ], [ [ [ -50.477503710784021, -21.609682434769368 ], [ -50.477531899905458, -21.609719611769727 ], [ -50.477589179106374, -21.609681632250734 ], [ -50.477503710784021, -21.609682434769368 ] ] ], [ [ [ -50.477789114985157, -21.609685609034575 ], [ -50.477809046117187, -21.609711804266915 ], [ -50.477844965005218, -21.609687905364282 ], [ -50.477789114985157, -21.609685609034575 ] ] ], [ [ [ -50.475620003340872, -21.609509052206139 ], [ -50.475683003297192, -21.609596052252929 ], [ -50.475916390067724, -21.609448262930936 ], [ -50.475744547390512, -21.609407829358762 ], [ -50.475731672442379, -21.609403557179245 ], [ -50.47567648034812, -21.60937954503212 ], [ -50.475590670255592, -21.609342212066984 ], [ -50.475553081402786, -21.609325858474712 ], [ -50.475549030555236, -21.609324300884854 ], [ -50.475468953143, -21.609297410322725 ], [ -50.475491286174488, -21.609329628508277 ], [ -50.475492546430203, -21.609331417401474 ], [ -50.475555546385088, -21.609419417448397 ], [ -50.475555723606163, -21.609419664445358 ], [ -50.475619723560889, -21.609508664492978 ], [ -50.475620003340872, -21.609509052206139 ] ] ] ] } },
{ "type": "Feature", "properties": { "CHAVE": null, "FAZENDA": "Faz. ABC", "NOME_FAZ": null, "ZONA": null, "TALHAO": null, "AREA_TOTAL": null, "TIPO_GEO": "VOO_PROCESSADO", "DATA_INICI": "16-04-2026", "DATA_FINAL": "16-04-2026", "HORA_INICI": "10:37:29", "HORA_FINAL": "10:37:29", "CLASSE": "SOBREPOSIÇÃO", "PILOTO": "valmir alves", "AERONAVE": "PS-CBA", "AREA_HA": 0.00078246673272200004 }, "geometry": { "type": "MultiPolygon", "coordinates": [ [ [ [ -50.487674368456787, -21.62407888217 ], [ -50.487640925335683, -21.624037476445469 ], [ -50.487657744222467, -21.6240600854678 ], [ -50.487717406932475, -21.624141624603592 ], [ -50.487719119821456, -21.624143917631582 ], [ -50.487779508601733, -21.624223116123666 ], [ -50.487838656853022, -21.624302966358094 ], [ -50.487898406646863, -21.624384624508671 ], [ -50.487899424058597, -21.624385997874665 ], [ -50.487959424021135, -21.624465997918858 ], [ -50.487959763220886, -21.624466448357147 ], [ -50.488021763183141, -21.624548448402685 ], [ -50.488034743063473, -21.624539868088554 ], [ -50.487983075788172, -21.624474034052987 ], [ -50.487923506070118, -21.624396593507285 ], [ -50.487922080530083, -21.624394770516965 ], [ -50.487860717922423, -21.624317572482319 ], [ -50.48780034339601, -21.624239382609865 ], [ -50.487799080345503, -21.624237770455757 ], [ -50.487737637117228, -21.6241604709952 ], [ -50.487676184799462, -21.624081177770844 ], [ -50.487674368456787, -21.62407888217 ] ] ], [ [ [ -50.489304890771457, -21.623459178540621 ], [ -50.489302425304636, -21.623455802564617 ], [ -50.489233468519771, -21.623364188658808 ], [ -50.489166476686727, -21.623270597243238 ], [ -50.489165621280627, -21.623269414863383 ], [ -50.489097756786485, -21.623176600300589 ], [ -50.48902889167384, -21.623081786131248 ], [ -50.489027870350824, -21.623080397449765 ], [ -50.488958467631988, -21.622987199624355 ], [ -50.488891350160181, -21.622894419703893 ], [ -50.488824643999735, -21.622800832073722 ], [ -50.488824476071805, -21.62280059697197 ], [ -50.488756476023092, -21.622705597022684 ], [ -50.488755022628034, -21.622703602762275 ], [ -50.488691520018115, -21.622618012391456 ], [ -50.488734308970479, -21.622679678902653 ], [ -50.488734648071429, -21.622680165463823 ], [ -50.488804648018117, -21.622780165516328 ], [ -50.488805040016274, -21.62278072270459 ], [ -50.488875039964398, -21.622879722756949 ], [ -50.488875440317109, -21.622880286101068 ], [ -50.488945155718355, -21.622977887785481 ], [ -50.489013760548261, -21.623075326653677 ], [ -50.489083647554523, -21.623175165362358 ], [ -50.489084439969567, -21.623176285985483 ], [ -50.489154238973363, -21.623274004713529 ], [ -50.489224039385626, -21.623372722564614 ], [ -50.48922443973823, -21.62337328590856 ], [ -50.489294238741955, -21.623471004636492 ], [ -50.489364039154353, -21.623569722487748 ], [ -50.489365006312831, -21.623571073746046 ], [ -50.489435721443392, -21.623668680666437 ], [ -50.489505439341372, -21.623766285845637 ], [ -50.489506160750196, -21.62376728674576 ], [ -50.489578160700901, -21.623866286799242 ], [ -50.489579424626477, -21.62386799809288 ], [ -50.48963146385799, -21.623937383816919 ], [ -50.48964862205267, -21.62392641512011 ], [ -50.489580622006834, -21.623833415170544 ], [ -50.489579871234625, -21.623832397743829 ], [ -50.489509871189966, -21.623738397795488 ], [ -50.489509425636086, -21.623737802674924 ], [ -50.489439726109509, -21.623645201984065 ], [ -50.489371972076938, -21.623553881441129 ], [ -50.489304890771457, -21.623459178540621 ] ] ], [ [ [ -50.486076659892966, -21.623863853163158 ], [ -50.486019760990096, -21.623783995154444 ], [ -50.485963861729225, -21.623705137368322 ], [ -50.48596365970625, -21.62370485310111 ], [ -50.485906659664877, -21.623624853143671 ], [ -50.485906158744527, -21.623624154511543 ], [ -50.485849410198561, -21.623545503115594 ], [ -50.485792659478129, -21.623465853081619 ], [ -50.485792356884559, -21.623465430005211 ], [ -50.485736508487712, -21.623387641263754 ], [ -50.485679659292579, -21.623307853019945 ], [ -50.485677931258159, -21.623305479152819 ], [ -50.485620551041997, -21.623228312747596 ], [ -50.485564158240578, -21.623150154399696 ], [ -50.485562931073645, -21.623148479091441 ], [ -50.485505289611915, -21.623070961356177 ], [ -50.485448643946548, -21.622993446329176 ], [ -50.485448454403617, -21.622993187557899 ], [ -50.485390454364982, -21.622914187600859 ], [ -50.485389930797432, -21.622913478999578 ], [ -50.485332289335837, -21.622835961264489 ], [ -50.485275643670391, -21.622758446237377 ], [ -50.485273670785126, -21.622755809974141 ], [ -50.485215306942706, -21.622679640301357 ], [ -50.485158193344041, -21.622602832449434 ], [ -50.485100453906583, -21.622524187448501 ], [ -50.48509850378445, -21.622521592716492 ], [ -50.485039225057335, -21.622444530459546 ], [ -50.484981930210104, -21.622367478859513 ], [ -50.484981749593196, -21.622367236489797 ], [ -50.484922839941468, -21.622288357558009 ], [ -50.484864930025545, -21.622210478798152 ], [ -50.48486421669223, -21.622209527665284 ], [ -50.484863041429918, -21.622207973930497 ], [ -50.484883974857141, -21.622237629656805 ], [ -50.484884919133336, -21.622238951515573 ], [ -50.484944005748062, -21.622320688101045 ], [ -50.485001121069232, -21.622403406949513 ], [ -50.485002918937205, -21.622405951450315 ], [ -50.485062918895387, -21.622488951494947 ], [ -50.485122678785721, -21.622571619445516 ], [ -50.48518234497385, -21.622655152213504 ], [ -50.485241249521636, -21.622738018037705 ], [ -50.485241918546045, -21.622738951320262 ], [ -50.485301241994044, -21.622821015525258 ], [ -50.485358581162608, -21.622903069957857 ], [ -50.485359440355218, -21.622904286059629 ], [ -50.485419440311972, -21.622988286104395 ], [ -50.485419918252397, -21.622988951222553 ], [ -50.485479918210594, -21.623071951267193 ], [ -50.485480408157912, -21.623072624928653 ], [ -50.485540408117537, -21.623154624973143 ], [ -50.485540587798262, -21.62315486999627 ], [ -50.485601587757756, -21.623237870041432 ], [ -50.485602086204487, -21.623238544154269 ], [ -50.485662153197978, -21.623319290045671 ], [ -50.485720248742986, -21.623401017779049 ], [ -50.485722257661386, -21.623403774356671 ], [ -50.485783829675405, -21.623486201505607 ], [ -50.485843407632196, -21.623567624811784 ], [ -50.485844764300204, -21.623569448691413 ], [ -50.485906170118554, -21.623650662933368 ], [ -50.485966587175987, -21.623732869847998 ], [ -50.485967764106221, -21.623734448626887 ], [ -50.486028826646347, -21.6238152088555 ], [ -50.486087917241186, -21.623896950945078 ], [ -50.486089763912275, -21.623899448562391 ], [ -50.486151169730626, -21.623980662804353 ], [ -50.486211586788116, -21.624062869719058 ], [ -50.486211762217074, -21.624063107906792 ], [ -50.486273762176424, -21.624147107952659 ], [ -50.48627528296764, -21.624149131140694 ], [ -50.486310226773959, -21.624194783585871 ], [ -50.486301509420869, -21.624182641573491 ], [ -50.486245361586519, -21.624103837695074 ], [ -50.486191045582125, -21.624024832701195 ], [ -50.486189660079674, -21.624022853225242 ], [ -50.486132761177167, -21.623942995217 ], [ -50.486076861915926, -21.62386413743036 ], [ -50.486076659892966, -21.623863853163158 ] ] ], [ [ [ -50.489157649133048, -21.62367509969059 ], [ -50.489087871000187, -21.623581397737517 ], [ -50.489087425446314, -21.623580802616978 ], [ -50.489017425403105, -21.623487802668457 ], [ -50.489016504968575, -21.623486593050782 ], [ -50.488947195201597, -21.623396490456965 ], [ -50.488877870673349, -21.62330339762887 ], [ -50.488877425119469, -21.623302802508316 ], [ -50.48880742507626, -21.623209802559803 ], [ -50.488806969807314, -21.623209200966823 ], [ -50.488736969765554, -21.623117201018154 ], [ -50.48873650453357, -21.6231165929062 ], [ -50.488666504493267, -21.623025592957369 ], [ -50.488665760430727, -21.623024633991218 ], [ -50.488594832637801, -21.622934004135438 ], [ -50.488525870130161, -21.622841397448369 ], [ -50.488523893033985, -21.622838803894719 ], [ -50.488453435578826, -21.622748499370473 ], [ -50.48838396922465, -21.622657200838425 ], [ -50.488383503992701, -21.622656592726511 ], [ -50.488313503952398, -21.622565592777679 ], [ -50.488311793615971, -21.622563412646308 ], [ -50.488240899059946, -21.622474794548072 ], [ -50.488171968903593, -21.622384200731798 ], [ -50.48817075967591, -21.622382633740568 ], [ -50.488098894180766, -21.622290805710172 ], [ -50.488029028141959, -21.622200978046585 ], [ -50.488028892283801, -21.622200803645647 ], [ -50.487991788645722, -21.622153248331681 ], [ -50.488031482319862, -21.622208345589662 ], [ -50.488096470857279, -21.622299920463149 ], [ -50.488160774479518, -21.622393902803992 ], [ -50.488163977716532, -21.622398397233567 ], [ -50.48823142714209, -21.622489307438929 ], [ -50.488295956147269, -21.622583167932053 ], [ -50.488297781911818, -21.622585761908596 ], [ -50.488364060182199, -21.622677760219624 ], [ -50.488429356450816, -21.622771747394253 ], [ -50.488431977273635, -21.622775397086066 ], [ -50.488500241630732, -21.622867405677926 ], [ -50.488567439699764, -21.622961285449868 ], [ -50.488634355811065, -21.62305516787319 ], [ -50.488634946602787, -21.623055990620436 ], [ -50.488702946555513, -21.623149990671003 ], [ -50.488704129550776, -21.623151602398121 ], [ -50.488773614516347, -21.623244910891803 ], [ -50.488842108137042, -21.623339213818046 ], [ -50.48884237862314, -21.62333958498461 ], [ -50.488909947753093, -21.623431995819303 ], [ -50.48897752312368, -21.623526402704631 ], [ -50.488979574594964, -21.623529197284096 ], [ -50.489048316291097, -21.623620525645766 ], [ -50.48911510903811, -21.623714821406768 ], [ -50.489116976166684, -21.623717396717694 ], [ -50.489185976122158, -21.623810396768636 ], [ -50.489186574263506, -21.623811197173772 ], [ -50.489256350644197, -21.623903900188363 ], [ -50.48932575091029, -21.623997094942226 ], [ -50.489386829836661, -21.624080629457474 ], [ -50.489437871482174, -21.624047397831241 ], [ -50.489367871437508, -21.623953397882897 ], [ -50.489367425883657, -21.623952802762368 ], [ -50.489297425840434, -21.623859802813861 ], [ -50.489296970571495, -21.623859201220874 ], [ -50.489227198917845, -21.623767501439353 ], [ -50.489157649133048, -21.62367509969059 ] ] ], [ [ [ -50.486414028202582, -21.624766371372846 ], [ -50.486413652969041, -21.624765842322734 ], [ -50.486351652924057, -21.624678842369029 ], [ -50.486350721330666, -21.624677550280559 ], [ -50.486289615679766, -21.624593776507428 ], [ -50.486230482910038, -21.624509019646148 ], [ -50.486229374854744, -21.624507453753058 ], [ -50.486168836191091, -21.624423096704348 ], [ -50.486108290133387, -21.62433674424069 ], [ -50.486107374652732, -21.624335453685863 ], [ -50.48604716136019, -21.624251550022905 ], [ -50.485987926517673, -21.624165659613112 ], [ -50.485985720725665, -21.624162550079223 ], [ -50.485924143868772, -21.624078130298198 ], [ -50.485864927671308, -21.623995227725636 ], [ -50.485804289630948, -21.623908744073852 ], [ -50.485802720424914, -21.623906549979161 ], [ -50.485740720382822, -21.623821550025163 ], [ -50.48567872028292, -21.623736549991932 ], [ -50.485617048839529, -21.623652000535934 ], [ -50.485556373807086, -21.623567453464627 ], [ -50.485555720025395, -21.623566549846288 ], [ -50.485493719983296, -21.623481549892297 ], [ -50.485432515140467, -21.623397640130271 ], [ -50.48537228892998, -21.623311743841253 ], [ -50.485370719723456, -21.623309549745851 ], [ -50.485308719681356, -21.623224549791846 ], [ -50.485308065396005, -21.623223659946568 ], [ -50.485245394216157, -21.623139103694186 ], [ -50.485183719481583, -21.623054549725445 ], [ -50.485121719381702, -21.622969549692243 ], [ -50.485121065096308, -21.622968659846904 ], [ -50.485059197928727, -21.622885188372432 ], [ -50.484999288328808, -21.622799743641817 ], [ -50.484997719121843, -21.622797549545805 ], [ -50.484935719079743, -21.6227125495918 ], [ -50.484933911567971, -21.622710125169771 ], [ -50.484871409226095, -21.622628090942008 ], [ -50.484811835860995, -21.622544102368206 ], [ -50.48480989718027, -21.622541434261425 ], [ -50.484746643921959, -21.62245643779729 ], [ -50.484686372403281, -21.622372452998189 ], [ -50.484686011745801, -21.622371952702615 ], [ -50.484623011702119, -21.622284952749471 ], [ -50.484622718519049, -21.622284549345395 ], [ -50.484560718476949, -21.622199549391397 ], [ -50.484559896777178, -21.622198434127306 ], [ -50.484496221787019, -21.622112870961317 ], [ -50.484434196437185, -21.622028201539209 ], [ -50.484373835155154, -21.621943102133862 ], [ -50.484372372249879, -21.621941077051542 ], [ -50.484308372207508, -21.62185407709892 ], [ -50.484308063785981, -21.621853659411027 ], [ -50.484245218288514, -21.621768867968303 ], [ -50.484181457566415, -21.621682193341208 ], [ -50.484118777761701, -21.621596630537169 ], [ -50.484056010791562, -21.621509952446839 ], [ -50.48399301068936, -21.621422952412868 ], [ -50.48399189586403, -21.621421433823553 ], [ -50.483927979613874, -21.621335546464575 ], [ -50.483865217680155, -21.621250867766356 ], [ -50.483801692577885, -21.621164513434856 ], [ -50.483739010284012, -21.621077952278171 ], [ -50.483738204156609, -21.621076850055296 ], [ -50.483673373565125, -21.620989079513887 ], [ -50.483610776947508, -21.6209036302666 ], [ -50.483548009977355, -21.620816952176259 ], [ -50.483547370927859, -21.620816076611948 ], [ -50.483483370885473, -21.620729076659313 ], [ -50.483482248120289, -21.620727570964831 ], [ -50.483418141648968, -21.620642753271653 ], [ -50.483362178227871, -21.62056547054646 ], [ -50.483322089321248, -21.620591545185199 ], [ -50.483382748233915, -21.620673086771646 ], [ -50.483441972652699, -21.620754026909093 ], [ -50.483499491743181, -21.620834355394113 ], [ -50.483559248689552, -21.620918015224056 ], [ -50.483617055901981, -21.620999742765907 ], [ -50.483617540526581, -21.621000423730127 ], [ -50.483675158705452, -21.62108089059808 ], [ -50.4837337819583, -21.621164354318857 ], [ -50.483734540332833, -21.621165423665705 ], [ -50.483791716320773, -21.621245272990773 ], [ -50.483847916032687, -21.621327107766152 ], [ -50.483849055462464, -21.62132874256222 ], [ -50.483907055419508, -21.62141074260559 ], [ -50.483907732365729, -21.621411691510023 ], [ -50.483966635976195, -21.621493557646666 ], [ -50.484024296509887, -21.621574083665184 ], [ -50.484082055131857, -21.62165574251004 ], [ -50.484083731946122, -21.621658063974348 ], [ -50.484141881415518, -21.62173691080811 ], [ -50.484199054941627, -21.621817742446868 ], [ -50.484200036798249, -21.621819113517851 ], [ -50.48425803675817, -21.621899113560964 ], [ -50.484258731661768, -21.621900063879746 ], [ -50.484317382092257, -21.621979589983166 ], [ -50.484375036570185, -21.62205911349848 ], [ -50.484376070201769, -21.622060521224363 ], [ -50.484434070164582, -21.622138521267182 ], [ -50.4844344267309, -21.622138998732819 ], [ -50.484493983431221, -21.622218407760425 ], [ -50.484551546464949, -21.622296812676694 ], [ -50.484552783199788, -21.622298472191861 ], [ -50.484611424454002, -21.622375998008277 ], [ -50.484669069794307, -21.622453521144077 ], [ -50.484669250300939, -21.622453763366412 ], [ -50.484728159822559, -21.622532642310805 ], [ -50.484786069609747, -21.622610521082734 ], [ -50.484787496105398, -21.62261240714119 ], [ -50.484846505790046, -21.622689119819409 ], [ -50.484903545912502, -21.622766812493115 ], [ -50.484904069370693, -21.622767520948113 ], [ -50.484962069333513, -21.622845520990907 ], [ -50.484963329104787, -21.622847189883963 ], [ -50.485021326938927, -21.622922882060028 ], [ -50.485077356149084, -21.62299955370327 ], [ -50.485078069096794, -21.623000520857044 ], [ -50.485135806147319, -21.623078167327968 ], [ -50.485193450533203, -21.623156683051864 ], [ -50.485250355872921, -21.623234553611464 ], [ -50.485251068820574, -21.623235520765167 ], [ -50.485308448908462, -21.623312687182626 ], [ -50.485364841578154, -21.623390845540321 ], [ -50.485366068636054, -21.623392520703788 ], [ -50.485423191973823, -21.623469341836429 ], [ -50.48547934052543, -21.623548146919468 ], [ -50.485479643014187, -21.623548569850357 ], [ -50.485535491279528, -21.623626358602714 ], [ -50.485592340339871, -21.623706146857803 ], [ -50.48559284115408, -21.623706845343648 ], [ -50.48564958956748, -21.623785496750994 ], [ -50.48570623896213, -21.62386500477319 ], [ -50.485762138089243, -21.623943862570105 ], [ -50.48576234000781, -21.623944146691141 ], [ -50.485819238775257, -21.624024004710918 ], [ -50.485875137902539, -21.624102862508089 ], [ -50.485875339821078, -21.624103146629075 ], [ -50.485931638367802, -21.624182162233289 ], [ -50.485985954235431, -21.62426116723503 ], [ -50.485987339633219, -21.624263146566587 ], [ -50.486044339591842, -21.624343146609156 ], [ -50.486044642080486, -21.624343569539903 ], [ -50.486100490346324, -21.624421358292931 ], [ -50.48615733940629, -21.624501146547473 ], [ -50.486159247891678, -21.624503762564704 ], [ -50.486216917978787, -21.624580981926407 ], [ -50.486271645873998, -21.624659164733306 ], [ -50.486273354143201, -21.624661552980896 ], [ -50.486329487224005, -21.624738366764667 ], [ -50.48638464568851, -21.624817164671743 ], [ -50.486386353957585, -21.624819552919121 ], [ -50.486443353919071, -21.624897552961386 ], [ -50.48650019302417, -21.624975332884251 ], [ -50.486557936149772, -21.62505497867263 ], [ -50.48661483953066, -21.625133844859466 ], [ -50.486615353587403, -21.625134552796009 ], [ -50.486672353548911, -21.625212552838285 ], [ -50.486673066496188, -21.625213519991487 ], [ -50.486677624471994, -21.625219649690376 ], [ -50.486719375660506, -21.625193454020959 ], [ -50.486658375617118, -21.625108454066446 ], [ -50.486658193189335, -21.625108200443833 ], [ -50.486596193145793, -21.625022200489983 ], [ -50.486595721734808, -21.625021550415067 ], [ -50.486534516949142, -21.624937640731424 ], [ -50.486474290737981, -21.624851744441436 ], [ -50.486474028247272, -21.624851371327942 ], [ -50.486414028202582, -21.624766371372846 ] ] ], [ [ [ -50.487155721011845, -21.624341550216876 ], [ -50.487153402822528, -21.624338459537285 ], [ -50.487090676483696, -21.624257111410067 ], [ -50.487030899870653, -21.624174796173921 ], [ -50.487030720757758, -21.624174550072421 ], [ -50.486968720715659, -21.62408955011843 ], [ -50.486967072808454, -21.624087335572391 ], [ -50.486904907714873, -21.624005435624085 ], [ -50.486843720518223, -21.623921550052817 ], [ -50.486781810053273, -21.623836672906144 ], [ -50.48672089937476, -21.623752796009079 ], [ -50.48672023741576, -21.623751891851999 ], [ -50.48665823737511, -21.62366789189786 ], [ -50.486596810988544, -21.62358466915207 ], [ -50.486536373746361, -21.623500453427198 ], [ -50.486535719964557, -21.623499549808702 ], [ -50.486473719922465, -21.623414549854711 ], [ -50.486473412505845, -21.62341412998607 ], [ -50.486412566511, -21.623331339634234 ], [ -50.48635071972506, -21.62324654978908 ], [ -50.486349742151624, -21.623245225463485 ], [ -50.486288807853462, -21.623163652226321 ], [ -50.486228836507372, -21.623079102565665 ], [ -50.486226741953011, -21.623076225397405 ], [ -50.486165234583261, -21.622993884984123 ], [ -50.486103719329044, -21.622909549657408 ], [ -50.486102741755545, -21.62290822533172 ], [ -50.486041325510314, -21.62282600690769 ], [ -50.485980898187989, -21.622742795614574 ], [ -50.48597957398291, -21.622741001381844 ], [ -50.48591690682121, -21.622657445264878 ], [ -50.485855478454745, -21.622574219836039 ], [ -50.485793718835495, -21.622489549493359 ], [ -50.485792070927829, -21.62248733494669 ], [ -50.485729905834361, -21.622405434998541 ], [ -50.485668718638038, -21.622321549427753 ], [ -50.485668064352446, -21.622320659582137 ], [ -50.485605393172619, -21.622236103329747 ], [ -50.485543718438286, -21.62215154936133 ], [ -50.485482046995052, -21.622066999905545 ], [ -50.485421371962985, -21.621982452834754 ], [ -50.485420063952901, -21.6219806594492 ], [ -50.485357867409931, -21.621896743579583 ], [ -50.485296649573428, -21.621810841238826 ], [ -50.485295717978701, -21.621809549148491 ], [ -50.485233864833177, -21.621724750584875 ], [ -50.485171010959796, -21.621637952485532 ], [ -50.485170234930209, -21.621636891025297 ], [ -50.485109278992901, -21.62155430566207 ], [ -50.485049286784019, -21.621468743112338 ], [ -50.485047371709477, -21.621466076854475 ], [ -50.484983457226626, -21.621379193209282 ], [ -50.484921100940319, -21.62129407203329 ], [ -50.484859648865232, -21.621207841003567 ], [ -50.484859010394963, -21.621206952236363 ], [ -50.484796239778873, -21.621120269111607 ], [ -50.484733467364528, -21.621032587118407 ], [ -50.484732371198376, -21.621031076684449 ], [ -50.484668456715973, -21.620944193039861 ], [ -50.4846059182806, -21.620858823216071 ], [ -50.48454228977829, -21.620770339939622 ], [ -50.484540731534771, -21.620768214180089 ], [ -50.484476139307311, -21.620681760070578 ], [ -50.484414235569034, -21.620597256657643 ], [ -50.484406541485292, -21.620586387253013 ], [ -50.484610156596851, -21.62045621613229 ], [ -50.484660629840008, -21.620526547779679 ], [ -50.48466226102218, -21.620528775492531 ], [ -50.484724012619374, -21.620611443051306 ], [ -50.484785678315674, -21.620694990223928 ], [ -50.484846590630347, -21.620777871014432 ], [ -50.484847260728344, -21.620778775394808 ], [ -50.484908337841709, -21.620860540015094 ], [ -50.484967442695776, -21.620943286913665 ], [ -50.484969260532075, -21.620945775329496 ], [ -50.485031174519612, -21.621028660281919 ], [ -50.485091838441235, -21.621110208601547 ], [ -50.485152590142668, -21.621192870852301 ], [ -50.485153088589705, -21.621193544965529 ], [ -50.485213747502222, -21.62127508655178 ], [ -50.485273410212073, -21.621356625687341 ], [ -50.485273912523887, -21.621357307977615 ], [ -50.485333412149167, -21.621437632568256 ], [ -50.485392920015691, -21.621519951884761 ], [ -50.485393409963379, -21.621520625546744 ], [ -50.485452724615534, -21.621601689003832 ], [ -50.485510055075373, -21.621682742514832 ], [ -50.485512598959431, -21.621686227417104 ], [ -50.485572299723138, -21.621765502295634 ], [ -50.485629054883944, -21.621845742451288 ], [ -50.485630036740766, -21.621847113522531 ], [ -50.485687883820653, -21.621926902696504 ], [ -50.485746635345926, -21.622008557460084 ], [ -50.485804295880229, -21.622089083479455 ], [ -50.48586205450237, -21.622170742324556 ], [ -50.485920054406108, -21.622252742292563 ], [ -50.485921731220238, -21.622255063756697 ], [ -50.485980129040129, -21.622334247337072 ], [ -50.48603695254068, -21.622413604393909 ], [ -50.486093378136701, -21.622494778163205 ], [ -50.486095035977257, -21.622497113268551 ], [ -50.486152540769943, -21.622576430321981 ], [ -50.486210053930598, -21.622657742134617 ], [ -50.486211730744408, -21.62266006359831 ], [ -50.486269880213932, -21.622738910432254 ], [ -50.486327053740347, -21.622819742071439 ], [ -50.486329425902959, -21.622822998481134 ], [ -50.48638907619312, -21.622902532295239 ], [ -50.486447730421254, -21.622982063547386 ], [ -50.48644824965519, -21.622982763175262 ], [ -50.486506988842898, -21.623061414045296 ], [ -50.486565730234375, -21.623141063485249 ], [ -50.486566425527975, -21.62314199835642 ], [ -50.486626425490506, -21.623221998400595 ], [ -50.486686166741386, -21.62330165349573 ], [ -50.486745910200597, -21.623382307261888 ], [ -50.486748920652374, -21.623386229771828 ], [ -50.486809649059886, -21.623462630110733 ], [ -50.486868425115446, -21.623540998275953 ], [ -50.486870207991473, -21.623543326060531 ], [ -50.486931011297436, -21.623621074636862 ], [ -50.486992815761646, -21.623700822422308 ], [ -50.486993361175912, -21.623701521766883 ], [ -50.487055007300206, -21.623780070948118 ], [ -50.487115657164267, -21.623858617582005 ], [ -50.487116360990122, -21.623859521705231 ], [ -50.487178284153806, -21.623938423888397 ], [ -50.487239207493744, -21.624016325950759 ], [ -50.487239919910529, -21.624017229525766 ], [ -50.487301639144206, -21.624094876388476 ], [ -50.487363360680391, -21.624173521658598 ], [ -50.487364631426786, -21.624175117689255 ], [ -50.487389986169475, -21.624206509309214 ], [ -50.487381561223138, -21.624194714399103 ], [ -50.48737988476816, -21.624192415577205 ], [ -50.487313032847311, -21.624102614596364 ], [ -50.487245483900843, -21.624011224955016 ], [ -50.487178784501197, -21.623919637831349 ], [ -50.487177884446091, -21.623918415470072 ], [ -50.4871108844033, -21.623828415519522 ], [ -50.487110266162738, -21.623827591184845 ], [ -50.48704226612125, -21.623737591234821 ], [ -50.486974497810408, -21.623647897986999 ], [ -50.486906727853643, -21.623557205945954 ], [ -50.486905647655206, -21.623555778846921 ], [ -50.486836958173996, -21.623466183974159 ], [ -50.4867692656968, -21.623376591093749 ], [ -50.486768029418613, -21.623374978443856 ], [ -50.486698653370368, -21.623285780768196 ], [ -50.486631265485123, -21.623196591023412 ], [ -50.486630647231905, -21.623195778706286 ], [ -50.486561957750887, -21.623106183833787 ], [ -50.486494265273478, -21.623016590953061 ], [ -50.486493647020254, -21.623015778635963 ], [ -50.486426047826058, -21.622927605876129 ], [ -50.486361387179308, -21.62283747296436 ], [ -50.486358646806323, -21.622833778564825 ], [ -50.486291047612099, -21.622745605804944 ], [ -50.486226386965463, -21.622655472893335 ], [ -50.486224573881977, -21.622653001340161 ], [ -50.486156269136458, -21.622561928454008 ], [ -50.486090948771874, -21.622471865637081 ], [ -50.486090782736852, -21.62247163718029 ], [ -50.486023782691149, -21.622379637230036 ], [ -50.486023337664442, -21.622379029482776 ], [ -50.48595686670464, -21.622288748139265 ], [ -50.48589138642744, -21.6221974727146 ], [ -50.485891217574689, -21.622197237841505 ], [ -50.485824302015317, -21.622104355165398 ], [ -50.485758514876203, -21.622012651994954 ], [ -50.485691642920315, -21.621918831756723 ], [ -50.485690337121625, -21.621917029302129 ], [ -50.485624084945407, -21.621827045112319 ], [ -50.485558814122498, -21.621735072704627 ], [ -50.485558642642424, -21.621734831598221 ], [ -50.485491642593836, -21.621640831648239 ], [ -50.485491216920465, -21.621640237623986 ], [ -50.485424301361014, -21.621547354947758 ], [ -50.485358385555983, -21.621455472424913 ], [ -50.485358216703176, -21.621455237551746 ], [ -50.485292030632841, -21.621363367449479 ], [ -50.485227821641189, -21.621270511489737 ], [ -50.485226642095235, -21.621268831416351 ], [ -50.485159938646092, -21.621175247590749 ], [ -50.485094232109361, -21.621081665673202 ], [ -50.485093216262804, -21.621080237405241 ], [ -50.485026216215665, -21.620987237455136 ], [ -50.484960143890255, -21.620895525237533 ], [ -50.484895041822277, -21.620800831444143 ], [ -50.484893215931642, -21.620798237295094 ], [ -50.484826215884517, -21.620705237344978 ], [ -50.484759344903686, -21.620612416546521 ], [ -50.484691473410003, -21.620517596195818 ], [ -50.484691215601607, -21.620517237185375 ], [ -50.484624215554462, -21.620424237235248 ], [ -50.484617129009528, -21.620428701033603 ], [ -50.484617129009145, -21.620428701033077 ], [ -50.484617129004057, -21.620428701036285 ], [ -50.484560753424347, -21.620351599224218 ], [ -50.484492354009561, -21.620257426232822 ], [ -50.484426812278947, -21.620165072092288 ], [ -50.484406634031231, -21.620177592662646 ], [ -50.484415283962477, -21.620189451453815 ], [ -50.48447695514858, -21.620274000764024 ], [ -50.484537630037337, -21.620358547845221 ], [ -50.484539261219588, -21.620360775558197 ], [ -50.484598680961774, -21.620440321438497 ], [ -50.484394283735092, -21.620569070769029 ], [ -50.48439428371826, -21.620569070745248 ], [ -50.484394283714053, -21.620569070747905 ], [ -50.484351913230185, -21.620509214099432 ], [ -50.484349247877155, -21.620505570866289 ], [ -50.484285141406147, -21.620420753173548 ], [ -50.484223009429066, -21.620334951976677 ], [ -50.484222062017558, -21.620333658805365 ], [ -50.484200972796764, -21.620305205128769 ], [ -50.484169187580704, -21.620324927804351 ], [ -50.484235187532263, -21.620417927853673 ], [ -50.484236111546494, -21.620419214842954 ], [ -50.484305111499069, -21.620514214894186 ], [ -50.484305381985351, -21.620514586061017 ], [ -50.484373381939498, -21.620607586111444 ], [ -50.484380313894825, -21.620603154514477 ], [ -50.484434655066551, -21.620678583387761 ], [ -50.484502526400433, -21.620773403752032 ], [ -50.48450278408351, -21.620773762588868 ], [ -50.484569784036374, -21.620866762638741 ], [ -50.484635856081617, -21.620958474696838 ], [ -50.484700957986533, -21.621053168500371 ], [ -50.484702783752347, -21.621055762478726 ], [ -50.484769783705204, -21.621148762528598 ], [ -50.484836271142051, -21.621241051175293 ], [ -50.484901767701032, -21.621334334272269 ], [ -50.484902357812729, -21.621335168430527 ], [ -50.48496876174665, -21.621428332276459 ], [ -50.485033178168834, -21.621521488454292 ], [ -50.485034783202735, -21.621523762295912 ], [ -50.485101698606279, -21.621616644986226 ], [ -50.485167614256035, -21.621708527521552 ], [ -50.485167782985449, -21.621708762223669 ], [ -50.485234569316063, -21.621801465752966 ], [ -50.485301271347709, -21.621895047825319 ], [ -50.485367185688702, -21.621987927241328 ], [ -50.485368662780196, -21.621989970547105 ], [ -50.485435002579393, -21.622080073965741 ], [ -50.485501356890488, -21.62217316819018 ], [ -50.485501613648843, -21.622173527254905 ], [ -50.485567613601852, -21.62226552730408 ], [ -50.485567782331216, -21.62226576200614 ], [ -50.485634697734895, -21.622358644696668 ], [ -50.485700613384573, -21.622450527231862 ], [ -50.485701662237375, -21.622451970366495 ], [ -50.485768438852226, -21.622542667072338 ], [ -50.48583513398777, -21.622634248564307 ], [ -50.485901051040969, -21.622725134309892 ], [ -50.485902426017695, -21.622726998508984 ], [ -50.485970505732439, -21.622817771569736 ], [ -50.486035612846543, -21.622908527053113 ], [ -50.486038353089313, -21.622912221286008 ], [ -50.48610595213863, -21.623000394061222 ], [ -50.486170612632712, -21.623090526982111 ], [ -50.486173352875383, -21.623094221214867 ], [ -50.486242042211032, -21.623183816103246 ], [ -50.486309734541223, -21.623273408997306 ], [ -50.486310352663736, -21.623274221144552 ], [ -50.486379041999314, -21.623363816032811 ], [ -50.486446734329583, -21.623453408926967 ], [ -50.486447970474991, -21.623455021407366 ], [ -50.486517346379273, -21.623544219099244 ], [ -50.486584734117912, -21.623633408856644 ], [ -50.486585352240425, -21.623634221003901 ], [ -50.486653807486647, -21.623723510558111 ], [ -50.486721271960185, -21.623813794003901 ], [ -50.48672173384076, -21.62381440870076 ], [ -50.48678973379927, -21.623904408750736 ], [ -50.48685742303865, -21.623993997554621 ], [ -50.48692366202831, -21.624082975407788 ], [ -50.486990215311259, -21.624174362116545 ], [ -50.486990819646707, -21.624175185818835 ], [ -50.487058819602304, -21.624267185869122 ], [ -50.487059115131608, -21.624267584272847 ], [ -50.487125265031317, -21.624356442453518 ], [ -50.487189438589255, -21.624446285546423 ], [ -50.487190214928056, -21.624447361924201 ], [ -50.487257131747995, -21.624539247819254 ], [ -50.487323048802118, -21.624630133566125 ], [ -50.487323214713022, -21.624630361852692 ], [ -50.487390214667329, -21.624722361902442 ], [ -50.487391114595681, -21.624723584094514 ], [ -50.487457042026229, -21.624812143435889 ], [ -50.487493319394133, -21.624863489928973 ], [ -50.487525238698083, -21.624842892278416 ], [ -50.487463238657433, -21.624758892324284 ], [ -50.48746274393001, -21.624758226055068 ], [ -50.487401327684537, -21.624676007630715 ], [ -50.487340900361893, -21.624592796337158 ], [ -50.487339743733706, -21.624591225989771 ], [ -50.487278080583849, -21.624508677032271 ], [ -50.487217567797863, -21.624426340062136 ], [ -50.487155721011845, -21.624341550216876 ] ] ], [ [ [ -50.487017413947505, -21.624646130471579 ], [ -50.486956658078725, -21.624563462750249 ], [ -50.486895900222805, -21.624479796297024 ], [ -50.486894236761003, -21.624477551551763 ], [ -50.48683317408743, -21.624396791336423 ], [ -50.486774083354668, -21.624315049256147 ], [ -50.486772743400699, -21.624313225885135 ], [ -50.486711080250942, -21.62423067692777 ], [ -50.486650992865158, -21.624148918780588 ], [ -50.486591561057139, -21.624065714353115 ], [ -50.486588716924182, -21.624061868715135 ], [ -50.486527486538769, -21.623981874271678 ], [ -50.486466325482212, -21.623899011003676 ], [ -50.486405413029026, -21.623816130224824 ], [ -50.486404235981631, -21.623814551292515 ], [ -50.4863431733082, -21.623733791077367 ], [ -50.486284082575573, -21.62365204899729 ], [ -50.486282235787677, -21.623649551228002 ], [ -50.486220829835737, -21.623568336999558 ], [ -50.486160412641169, -21.623486130095891 ], [ -50.486159235593703, -21.623484551163497 ], [ -50.486097921385628, -21.623403458273661 ], [ -50.486038592185331, -21.623322375131174 ], [ -50.486037742234608, -21.623321225497349 ], [ -50.48597676366451, -21.623239592992967 ], [ -50.485918751073434, -21.623157982161757 ], [ -50.48591691369159, -21.623155455700172 ], [ -50.485856163897886, -21.623073792140424 ], [ -50.48579550203447, -21.622991252327509 ], [ -50.485735837689113, -21.622909711154744 ], [ -50.48567632156248, -21.622827380614538 ], [ -50.485616992379349, -21.622744319862488 ], [ -50.485559418653537, -21.622661929981373 ], [ -50.485558081354348, -21.62266004853284 ], [ -50.485498417764674, -21.622577514002689 ], [ -50.485439750294802, -21.622494981903117 ], [ -50.485439559156234, -21.622494713662622 ], [ -50.485379559112978, -21.622410713707378 ], [ -50.485379081060692, -21.622410048435221 ], [ -50.485319081018893, -21.622327048479843 ], [ -50.485259994210089, -21.622245311829424 ], [ -50.4852028787462, -21.622162592989181 ], [ -50.485201080767055, -21.622160048337523 ], [ -50.485141556750655, -21.622077706883587 ], [ -50.48508222207937, -21.621993649539363 ], [ -50.485024417772046, -21.621910929688795 ], [ -50.485022897145285, -21.621908795214548 ], [ -50.4849631386978, -21.621826504995589 ], [ -50.484906327465829, -21.621743247265144 ], [ -50.484905024607208, -21.621741370108069 ], [ -50.48484568370656, -21.621657303939809 ], [ -50.484788327266507, -21.621573247199088 ], [ -50.484787024407687, -21.621571370041714 ], [ -50.484727024362989, -21.62148637008664 ], [ -50.484667802243855, -21.621402472192081 ], [ -50.484609558512091, -21.621316587481566 ], [ -50.484608218271646, -21.621314645693303 ], [ -50.484549572892504, -21.621231150684565 ], [ -50.484489922984451, -21.621144658430946 ], [ -50.484487717188252, -21.621141548891089 ], [ -50.484426377861226, -21.621057454755665 ], [ -50.484367023760832, -21.620973369886539 ], [ -50.484366648526411, -21.62097284083519 ], [ -50.484304836663185, -21.620886104942812 ], [ -50.484245023558927, -21.620801369819468 ], [ -50.484243062558441, -21.620798658990683 ], [ -50.48418086601577, -21.62071474312145 ], [ -50.484119648179629, -21.620628840781198 ], [ -50.484118895640812, -21.620627794713908 ], [ -50.484058274249811, -21.620544316179927 ], [ -50.483996647978834, -21.620457840714487 ], [ -50.483945980990896, -21.62038674357888 ], [ -50.48390493788046, -21.620413341047339 ], [ -50.483967460385216, -21.620497696908988 ], [ -50.484029990385743, -21.620584047967995 ], [ -50.484031752018666, -21.620586428986389 ], [ -50.484095389556693, -21.620670626443733 ], [ -50.484157086583046, -21.62075778584417 ], [ -50.4841584581741, -21.620759690448914 ], [ -50.48422145813187, -21.620845690495589 ], [ -50.484222268363105, -21.620846785671748 ], [ -50.484286479068182, -21.620932729333248 ], [ -50.484349710035346, -21.621020660005463 ], [ -50.484350457866235, -21.62102169034652 ], [ -50.48441345782399, -21.621107690393202 ], [ -50.484413628701631, -21.621107923166957 ], [ -50.484477075477393, -21.621194171232382 ], [ -50.484539532449489, -21.621281412825738 ], [ -50.484539989507205, -21.621282047614628 ], [ -50.484602668468867, -21.621368604382919 ], [ -50.484664350949188, -21.621455158939607 ], [ -50.484665457355163, -21.621456690176533 ], [ -50.484728457312919, -21.621542690223208 ], [ -50.484728628190531, -21.621542922996934 ], [ -50.484791654772614, -21.6216285998613 ], [ -50.484851713030054, -21.621714256829328 ], [ -50.48485376496788, -21.621717108827838 ], [ -50.48491537438894, -21.621800579757021 ], [ -50.484977988855007, -21.621887047459143 ], [ -50.484978281921499, -21.621887450703774 ], [ -50.485039812358735, -21.621971807051764 ], [ -50.485101350240988, -21.622058158704331 ], [ -50.485102935945115, -21.622060340403493 ], [ -50.48516527469954, -21.622144448347896 ], [ -50.485225627852607, -21.622228547107976 ], [ -50.485226281519672, -21.622229450570135 ], [ -50.485288281477573, -21.62231445061613 ], [ -50.485350281377706, -21.62239945058294 ], [ -50.485350935545554, -21.622400340270573 ], [ -50.485413606585361, -21.622484896536747 ], [ -50.485475281177941, -21.622569450516526 ], [ -50.485476928966023, -21.622571664907785 ], [ -50.485539093924444, -21.62265356486925 ], [ -50.485600280980499, -21.622737450450909 ], [ -50.485600763768041, -21.622738108428738 ], [ -50.48566276372739, -21.622822108474583 ], [ -50.48566342591301, -21.622822998471715 ], [ -50.485725756537285, -21.622906106069163 ], [ -50.485786101628371, -21.622989204328743 ], [ -50.485787258140448, -21.622990774522297 ], [ -50.485848765373404, -21.623073114948152 ], [ -50.485910280486934, -21.623157450286861 ], [ -50.485911257942981, -21.623158774456616 ], [ -50.485972192104846, -21.623240347706265 ], [ -50.486032163307449, -21.623324897376524 ], [ -50.486034257744365, -21.623327774390521 ], [ -50.486095764977378, -21.623410114816433 ], [ -50.486157280090922, -21.623494450155206 ], [ -50.486157587392313, -21.623494869867482 ], [ -50.486218433248261, -21.623577660230662 ], [ -50.486279951179846, -21.623661999433494 ], [ -50.486340626069229, -21.623746546515548 ], [ -50.486341762581034, -21.623748108033947 ], [ -50.486403762540384, -21.623832108079817 ], [ -50.486465429629945, -21.623915657140561 ], [ -50.486526100441601, -21.623999203934236 ], [ -50.48652627943973, -21.62399944987866 ], [ -50.48658827939763, -21.624084449924663 ], [ -50.486650279297756, -21.624169449891458 ], [ -50.486651927085376, -21.62417166428208 ], [ -50.486714092043776, -21.624253564243553 ], [ -50.486775189409023, -21.624337326861923 ], [ -50.486836099945698, -21.624421203769398 ], [ -50.486838597069209, -21.624424540317651 ], [ -50.486901416357469, -21.624506009175594 ], [ -50.486962278804121, -21.624589449727388 ], [ -50.486962586105399, -21.624589869439518 ], [ -50.487023586064879, -21.624672869484694 ], [ -50.487024256162258, -21.624673773864235 ], [ -50.487085672271483, -21.62475599230179 ], [ -50.487146099454449, -21.624839203606157 ], [ -50.487147255965958, -21.624840773798923 ], [ -50.487209007563486, -21.624923441358153 ], [ -50.487250448177463, -21.624979586773438 ], [ -50.487258594070887, -21.624974375700081 ], [ -50.487198840019161, -21.624892711928865 ], [ -50.487139083936349, -21.624810049449433 ], [ -50.487137404686031, -21.624807773704116 ], [ -50.487077004992422, -21.624727570926712 ], [ -50.487017593741413, -21.624646375648449 ], [ -50.487017413947505, -21.624646130471579 ] ] ], [ [ [ -50.488597040428068, -21.622484722911071 ], [ -50.488597440780872, -21.622485286255312 ], [ -50.48865608705384, -21.622567391140944 ], [ -50.488622643358767, -21.622519252550759 ], [ -50.488621217994066, -21.622517237939061 ], [ -50.488557206146652, -21.622428385784353 ], [ -50.488597040428068, -21.622484722911071 ] ] ], [ [ [ -50.489985276709362, -21.62293194596678 ], [ -50.489985130570894, -21.622931748131336 ], [ -50.489911130522771, -21.622831748186041 ], [ -50.489910857997216, -21.622831381122175 ], [ -50.489837857950683, -21.622733381176037 ], [ -50.489836722435328, -21.622731877295845 ], [ -50.489762719928287, -21.622635180798497 ], [ -50.489690686261433, -21.622536504661685 ], [ -50.489688722202587, -21.622533877218434 ], [ -50.489614927763576, -21.622437452596568 ], [ -50.489543087739378, -21.622338057615945 ], [ -50.48954212987158, -21.62233674789881 ], [ -50.489468409117016, -21.622237125377094 ], [ -50.489395685792573, -21.622137504505815 ], [ -50.489394573332483, -21.62213600109428 ], [ -50.489319852659399, -21.622036373647688 ], [ -50.489246612178846, -21.621937400144045 ], [ -50.489174087150758, -21.621837057420301 ], [ -50.489173685370844, -21.621836504294979 ], [ -50.489100685321404, -21.621736504349133 ], [ -50.489099572861214, -21.621735000937484 ], [ -50.489024852187804, -21.621635373490466 ], [ -50.488951812380584, -21.621536671166893 ], [ -50.488879480282456, -21.621435604525232 ], [ -50.488878684898516, -21.621434504137927 ], [ -50.48880568484909, -21.621334504192088 ], [ -50.488805128692931, -21.621333747506725 ], [ -50.48873140793863, -21.621234124985367 ], [ -50.488725540103133, -21.621226086864322 ], [ -50.488736135940101, -21.621241427125842 ], [ -50.488737111853659, -21.621242822297845 ], [ -50.488805111803515, -21.62133882234869 ], [ -50.488805690022104, -21.621339632713156 ], [ -50.488874689973244, -21.621435632764541 ], [ -50.48887526874914, -21.621436432238777 ], [ -50.488944477002519, -21.621531346531526 ], [ -50.489011706492846, -21.621627247544438 ], [ -50.489012525265501, -21.621628403373048 ], [ -50.489080525216806, -21.621723403423772 ], [ -50.489080689571153, -21.621723632563196 ], [ -50.489149689522293, -21.621819632614596 ], [ -50.48914985052928, -21.621819856173957 ], [ -50.489219272536367, -21.621916055360551 ], [ -50.489286706040971, -21.622012247394398 ], [ -50.489288109605084, -21.62201421426283 ], [ -50.489356979587008, -21.622109035368894 ], [ -50.48942685014088, -21.622205856113148 ], [ -50.489426947576895, -21.622205990967913 ], [ -50.489494898706731, -21.622299923527954 ], [ -50.489564849916519, -21.622396856038545 ], [ -50.489565694397108, -21.622398014098966 ], [ -50.489634682820508, -21.62249164135881 ], [ -50.489701705365981, -21.622587247170337 ], [ -50.489703694171531, -21.622590014023878 ], [ -50.489773694125432, -21.622685014075671 ], [ -50.489843399925704, -21.622779614918848 ], [ -50.489912108658999, -21.622874214015194 ], [ -50.489912693836636, -21.62287501391247 ], [ -50.48998269379053, -21.62297001396427 ], [ -50.490052693678884, -21.623065013927121 ], [ -50.490053575114963, -21.623066197481055 ], [ -50.49012301572801, -21.623158454404148 ], [ -50.490207466363515, -21.623273704822225 ], [ -50.490209433227406, -21.623276326261809 ], [ -50.490261774515794, -21.62334446877205 ], [ -50.490331129256191, -21.623437602390513 ], [ -50.490332970426643, -21.623440021458116 ], [ -50.490402970387812, -21.623530021509115 ], [ -50.490421954768117, -21.623517111907145 ], [ -50.49035299357336, -21.623421926148989 ], [ -50.49035085785404, -21.62341905373458 ], [ -50.490277362180954, -21.623322714923127 ], [ -50.49020485852899, -21.623225381368353 ], [ -50.490204290744806, -21.623224624312137 ], [ -50.490130360979315, -21.623126717439625 ], [ -50.490057856812626, -21.62303037639985 ], [ -50.489985276709362, -21.62293194596678 ] ] ], [ [ [ -50.48847141876972, -21.622305571949941 ], [ -50.488526309316612, -21.622384679017522 ], [ -50.488527040479951, -21.622385722858716 ], [ -50.488553803228989, -21.622423573080418 ], [ -50.488490043661521, -21.622330832012484 ], [ -50.488487022185147, -21.622326602614809 ], [ -50.48847141876972, -21.622305571949941 ] ] ], [ [ [ -50.487912592885053, -21.623896375339346 ], [ -50.487911914586363, -21.623895455973216 ], [ -50.487851002581223, -21.623813574358849 ], [ -50.487791686207849, -21.623733497351026 ], [ -50.487733270346624, -21.6236523093052 ], [ -50.487731914298415, -21.623650455877417 ], [ -50.487671002294135, -21.623568574264251 ], [ -50.487611685919717, -21.623488497254986 ], [ -50.487553270058783, -21.623407309209558 ], [ -50.487550879304017, -21.623404081969721 ], [ -50.487490747576615, -21.623325220779449 ], [ -50.487431684303203, -21.623244501069848 ], [ -50.487372837466488, -21.623163711443588 ], [ -50.487311898602812, -21.623079795734245 ], [ -50.487311089500423, -21.623078692578375 ], [ -50.487252032692979, -21.622998965984539 ], [ -50.48719494648315, -21.6229182579964 ], [ -50.487192574207505, -21.62291500143953 ], [ -50.487133087120519, -21.622835685417332 ], [ -50.487073591543052, -21.622754374893113 ], [ -50.487073089118461, -21.622753692451294 ], [ -50.48701334128063, -21.622673032966908 ], [ -50.486953591351501, -21.622591374829426 ], [ -50.486893591255154, -21.622509374797389 ], [ -50.486833591158778, -21.622427374765333 ], [ -50.486832045418907, -21.622425301384755 ], [ -50.486772827887734, -21.622347331726274 ], [ -50.486713590969565, -21.622266374702452 ], [ -50.48665359087321, -21.622184374670407 ], [ -50.48665308844857, -21.622183692228521 ], [ -50.48659334061125, -21.622103032744818 ], [ -50.486533590681674, -21.622021374606724 ], [ -50.486473590585312, -21.621939374574698 ], [ -50.486413590488972, -21.62185737454265 ], [ -50.486413088064275, -21.6218566921007 ], [ -50.486353832321115, -21.621776696943762 ], [ -50.486294558295988, -21.621693713411915 ], [ -50.486293087870393, -21.621691692036173 ], [ -50.486233340032683, -21.621611032551961 ], [ -50.486173836092739, -21.621529710599507 ], [ -50.486114080010118, -21.621447048120356 ], [ -50.486113589950065, -21.621446374305538 ], [ -50.486053835899135, -21.621364710535389 ], [ -50.485994079816294, -21.621282048055924 ], [ -50.485992233027048, -21.6212795502848 ], [ -50.485931517268732, -21.621199248892644 ], [ -50.485873748702787, -21.62111798135038 ], [ -50.485871232833134, -21.621114550220291 ], [ -50.485809487210659, -21.621032886750374 ], [ -50.485747739531419, -21.620950224632153 ], [ -50.485746554150047, -21.62094865996054 ], [ -50.485684152293196, -21.62086743858918 ], [ -50.485622739337437, -21.620785224567687 ], [ -50.485622068944863, -21.620784334268507 ], [ -50.485559068906987, -21.620701334314735 ], [ -50.485558553858496, -21.620700659863655 ], [ -50.485495731973948, -21.620618891789835 ], [ -50.485431909108399, -21.620535124375156 ], [ -50.485431026096045, -21.62053397732911 ], [ -50.485368470504241, -21.620453548801681 ], [ -50.48530498878668, -21.620370229143049 ], [ -50.485242068420213, -21.620287334153009 ], [ -50.485179068322644, -21.620204334120594 ], [ -50.485178553274181, -21.620203659669546 ], [ -50.485116151417294, -21.620122438298139 ], [ -50.485054738461564, -21.620040224276678 ], [ -50.485053908472096, -21.620039124111624 ], [ -50.48500590844359, -21.619976124146813 ], [ -50.48499445963818, -21.619961097607039 ], [ -50.484975797087884, -21.619973150283997 ], [ -50.485040797045372, -21.620061150332056 ], [ -50.485041269261501, -21.62006178599438 ], [ -50.485105798708261, -21.620148156279562 ], [ -50.485170335336967, -21.620236521924479 ], [ -50.485170796777645, -21.620237150180827 ], [ -50.485235796735118, -21.62032515022889 ], [ -50.485300796631705, -21.620413150194494 ], [ -50.485365564860942, -21.620500836518026 ], [ -50.485430334922192, -21.620589521786599 ], [ -50.4854312686398, -21.620590785787599 ], [ -50.485496031519247, -21.620677468513584 ], [ -50.48556079621806, -21.620765150056975 ], [ -50.485625564447361, -21.620852836380582 ], [ -50.485690334508583, -21.620941521649112 ], [ -50.485690457935931, -21.620941690393369 ], [ -50.485753457893679, -21.621027690440052 ], [ -50.485753795848098, -21.621028149871737 ], [ -50.485818795805578, -21.621116149919793 ], [ -50.485819268021615, -21.621116785581975 ], [ -50.485883797468247, -21.621203155866979 ], [ -50.485948334097309, -21.621291521512397 ], [ -50.48594975116368, -21.621293428725878 ], [ -50.486013857494818, -21.621378246432869 ], [ -50.486075989327439, -21.621464047639869 ], [ -50.486077750960348, -21.621466428658238 ], [ -50.486142508280111, -21.621552107673647 ], [ -50.486207267469275, -21.621638785459865 ], [ -50.48620790692037, -21.621639634824511 ], [ -50.486273828672175, -21.62172653177997 ], [ -50.486337856985905, -21.621811246263725 ], [ -50.486399988818597, -21.621897047470849 ], [ -50.486401267102451, -21.621898785276329 ], [ -50.48646562107885, -21.621984920701063 ], [ -50.486527988614178, -21.622071047402919 ], [ -50.486529750246838, -21.622073428420972 ], [ -50.486593856578075, -21.622158246128084 ], [ -50.486655988410895, -21.622244047335368 ], [ -50.486656627341084, -21.622244922738343 ], [ -50.486720627298702, -21.622331922785719 ], [ -50.486721749941239, -21.622333428319308 ], [ -50.486785856272533, -21.622418246026495 ], [ -50.486847988105389, -21.622504047233836 ], [ -50.486849102810631, -21.622505565663257 ], [ -50.486911882899719, -21.622589926509395 ], [ -50.48697171187677, -21.622675256470295 ], [ -50.486972987843643, -21.622677047085443 ], [ -50.487035898520126, -21.622763923841013 ], [ -50.487097809469681, -21.62284980042573 ], [ -50.487098626628999, -21.622850922501506 ], [ -50.48716165321126, -21.622936599366092 ], [ -50.487221711469388, -21.623022256335087 ], [ -50.487222809207829, -21.623023800278037 ], [ -50.487284126967722, -21.623108854051029 ], [ -50.487345460786067, -21.623196897871278 ], [ -50.487346163375825, -21.623197897362164 ], [ -50.487407163330992, -21.623283897407756 ], [ -50.487408626117954, -21.623285922331366 ], [ -50.487471198179712, -21.623370981331838 ], [ -50.48753083863965, -21.623457997854235 ], [ -50.487532808694596, -21.62346080010731 ], [ -50.487594577613343, -21.623546479681615 ], [ -50.487655803618857, -21.62363239370092 ], [ -50.487716269256772, -21.623719622931034 ], [ -50.487717348205955, -21.623721157990605 ], [ -50.487779027522137, -21.623807708107936 ], [ -50.487839710445833, -21.623894255995175 ], [ -50.487841160632804, -21.623896286681127 ], [ -50.48790498380518, -21.623984043650818 ], [ -50.487966443030992, -21.624069293650479 ], [ -50.488028895704318, -21.6241575205547 ], [ -50.488089710034963, -21.624244255858766 ], [ -50.488092100763886, -21.624247564981751 ], [ -50.488155211137801, -21.624332369648354 ], [ -50.488216347444613, -21.624418157798807 ], [ -50.48826007499482, -21.62439091303612 ], [ -50.488274236673, -21.624381551497766 ], [ -50.488212406693961, -21.624299776459566 ], [ -50.488153088748462, -21.624220685958932 ], [ -50.488093593170653, -21.624139375434272 ], [ -50.488093090746261, -21.62413869299272 ], [ -50.488033090707354, -21.624057693037066 ], [ -50.488031880070402, -21.624056082224691 ], [ -50.487971748342993, -21.623977221034401 ], [ -50.487912592885053, -21.623896375339346 ] ] ], [ [ [ -50.488161191778396, -21.62382219999461 ], [ -50.488160839269248, -21.623821713169416 ], [ -50.488097573491565, -21.623734722832399 ], [ -50.488037289368215, -21.62364874394649 ], [ -50.48803665169838, -21.623647841859977 ], [ -50.487975196344458, -21.623561606230396 ], [ -50.487914730556533, -21.623474377010098 ], [ -50.487913651492917, -21.623472841791646 ], [ -50.487851651447947, -21.623385841837937 ], [ -50.48785119120766, -21.623385199744117 ], [ -50.487790193575449, -21.623300590231057 ], [ -50.487730161172927, -21.623213002086384 ], [ -50.487727373782036, -21.623209077520038 ], [ -50.48766411428651, -21.62312308424783 ], [ -50.487604189990329, -21.623038600920363 ], [ -50.487542539026805, -21.622950102070828 ], [ -50.487541190694415, -21.62294819957339 ], [ -50.487479744815424, -21.622862968298985 ], [ -50.487419288344682, -21.62277674360659 ], [ -50.487417373270986, -21.622774077349924 ], [ -50.487353784626308, -21.622687636640784 ], [ -50.487292190345507, -21.622602199517988 ], [ -50.487292012058511, -21.622601952765567 ], [ -50.487229657125617, -21.622515843679206 ], [ -50.487169287937306, -21.622429743471368 ], [ -50.487166897087285, -21.622426434189009 ], [ -50.487103459572339, -21.622341190130175 ], [ -50.487041011709415, -21.622254952710836 ], [ -50.487039249954556, -21.622252571533366 ], [ -50.486974816347761, -21.622167321014995 ], [ -50.486911693698211, -21.62208151376657 ], [ -50.486849011403912, -21.621994952609302 ], [ -50.486847249648967, -21.621992571431722 ], [ -50.486783143177874, -21.621907753738853 ], [ -50.486721011200629, -21.621821952541758 ], [ -50.486719732795393, -21.621820214575486 ], [ -50.48665537867651, -21.621734079164991 ], [ -50.486593010996209, -21.621647952473825 ], [ -50.486591249241123, -21.621645571296046 ], [ -50.486526249201511, -21.621559571343798 ], [ -50.486526092975389, -21.621559365027718 ], [ -50.486460414292985, -21.621472788683374 ], [ -50.486395732346452, -21.621386214487774 ], [ -50.486395248935466, -21.621385571194455 ], [ -50.486331142464529, -21.621300753501771 ], [ -50.486269010487376, -21.621214952304811 ], [ -50.486267248732126, -21.621212571126819 ], [ -50.486202965418961, -21.621127519458376 ], [ -50.486138665716744, -21.621039478434174 ], [ -50.486137731876241, -21.621038214269856 ], [ -50.48607296885389, -21.620951531558056 ], [ -50.486008373460422, -21.620864079437943 ], [ -50.485945603699918, -21.620778393836964 ], [ -50.485880665305487, -21.620689478297447 ], [ -50.485880203742781, -21.620688849876458 ], [ -50.485815203700263, -21.620600849924525 ], [ -50.485750203596837, -21.620512849890133 ], [ -50.485749731258061, -21.620512214064227 ], [ -50.485685201667842, -21.620425843792212 ], [ -50.485620664891869, -21.620337478159971 ], [ -50.485620203329113, -21.620336849738923 ], [ -50.485555203286602, -21.620248849786982 ], [ -50.48549020318319, -21.620160849752594 ], [ -50.485425434686142, -21.620073163277446 ], [ -50.485360664477099, -21.619984478022076 ], [ -50.485359730636375, -21.619983213857452 ], [ -50.485294967613136, -21.619896531144459 ], [ -50.485293938072026, -21.619895137305846 ], [ -50.485293335670519, -21.619895521978854 ], [ -50.485358109226667, -21.619984212033199 ], [ -50.485422884506931, -21.620073900993425 ], [ -50.485423796961555, -21.620075150248322 ], [ -50.485488337134534, -21.620162527818596 ], [ -50.485552884297839, -21.620251900923925 ], [ -50.485617884192138, -21.620341900888778 ], [ -50.485618796646655, -21.62034315014353 ], [ -50.485683021849965, -21.620430101293156 ], [ -50.485746266952262, -21.620519039829603 ], [ -50.485810266846585, -21.620609039794473 ], [ -50.485810710428055, -21.620609660102836 ], [ -50.485874710382788, -21.620698660150499 ], [ -50.485874883712526, -21.620698900665861 ], [ -50.48593970777285, -21.62078865716817 ], [ -50.486002399374549, -21.620876226498993 ], [ -50.486065956579374, -21.620965603931165 ], [ -50.486128650064984, -21.621055166168365 ], [ -50.486130334305507, -21.62105752152474 ], [ -50.486194479736632, -21.62114535153059 ], [ -50.48625664985488, -21.621234166098631 ], [ -50.486257532414641, -21.621235412781534 ], [ -50.486320532369525, -21.621323412828509 ], [ -50.486321795493033, -21.621325149759567 ], [ -50.486386020696706, -21.621412100909666 ], [ -50.486449175567778, -21.6215009125584 ], [ -50.48651208557532, -21.621589785538823 ], [ -50.486513795179334, -21.621592149655157 ], [ -50.486578156766285, -21.621679285447335 ], [ -50.486640531849261, -21.621766412655628 ], [ -50.486641794972542, -21.621768149586355 ], [ -50.486706563263375, -21.621855835993273 ], [ -50.486771247999762, -21.621944404432355 ], [ -50.486835162876304, -21.622032287495152 ], [ -50.486835794661125, -21.622033149482753 ], [ -50.486900562951391, -21.622120835888897 ], [ -50.486964929397658, -21.622208968515167 ], [ -50.487027531226701, -21.622296412448765 ], [ -50.487029266626593, -21.6222987851237 ], [ -50.48709338620894, -21.622384606820869 ], [ -50.487155531021145, -21.622471412380484 ], [ -50.487156794144092, -21.62247314931076 ], [ -50.487221246150099, -21.622560407516481 ], [ -50.487284708092403, -21.622648659389139 ], [ -50.487285793936088, -21.622650149241558 ], [ -50.487350155523295, -21.622737285034074 ], [ -50.487412530606512, -21.622824412242714 ], [ -50.487412707826408, -21.622824659238017 ], [ -50.487476618975421, -21.622913535790151 ], [ -50.487539306255215, -21.62300109908422 ], [ -50.487601553071592, -21.623089035174761 ], [ -50.48766303229597, -21.623178279326797 ], [ -50.487664530130246, -21.623180412022339 ], [ -50.487727530085124, -21.623268412069333 ], [ -50.487728161363535, -21.623269286929901 ], [ -50.487791843913477, -21.623356850543637 ], [ -50.487853453575184, -21.623442908592128 ], [ -50.487913417798204, -21.623531380514102 ], [ -50.487914460329307, -21.623532897662681 ], [ -50.487976460281473, -21.623621897709246 ], [ -50.487976646993957, -21.623622165085955 ], [ -50.488039337548543, -21.623711723136637 ], [ -50.488101031565087, -21.623801279084379 ], [ -50.488163031459521, -21.623891279049356 ], [ -50.488163268993674, -21.62389162278739 ], [ -50.488224149862653, -21.623979451040807 ], [ -50.488286031250738, -21.624069278980063 ], [ -50.488348031145165, -21.624159278945033 ], [ -50.488348898360613, -21.624160523710085 ], [ -50.488410362845009, -21.624247763735305 ], [ -50.488434142665923, -21.624282458929507 ], [ -50.488473652414754, -21.624257842098103 ], [ -50.488411652369791, -21.624170842144384 ], [ -50.48840989913402, -21.624168434870516 ], [ -50.488347118903562, -21.624084074037299 ], [ -50.488287289779095, -21.623998744082918 ], [ -50.488286917294019, -21.623998215362828 ], [ -50.488223917247467, -21.623909215409963 ], [ -50.48822319182193, -21.623908199948467 ], [ -50.488161191778396, -21.62382219999461 ] ] ], [ [ [ -50.490076869280173, -21.622087397130038 ], [ -50.490076573288583, -21.622087001068948 ], [ -50.490004573243645, -21.621991001121966 ], [ -50.489933371647965, -21.621896065773587 ], [ -50.489864149502324, -21.621800143775278 ], [ -50.489863304889965, -21.621798985536962 ], [ -50.489793304843865, -21.621703985588756 ], [ -50.489793152317006, -21.621703778972392 ], [ -50.489722612366826, -21.621608401126167 ], [ -50.489737203932584, -21.621628952653129 ], [ -50.489737759102148, -21.621629729126763 ], [ -50.489809480058661, -21.621729341690255 ], [ -50.489880203697766, -21.621828952575079 ], [ -50.489881162995033, -21.621830287522222 ], [ -50.48995316294576, -21.6219292875757 ], [ -50.489953870568662, -21.621930252141851 ], [ -50.49002702514106, -21.622029109791431 ], [ -50.490097203346672, -21.622127952458452 ], [ -50.490097758516079, -21.622128728931877 ], [ -50.490169479472655, -21.622228341495468 ], [ -50.490240203111853, -21.622327952380402 ], [ -50.490241574997768, -21.622329851762988 ], [ -50.490313574949923, -21.622427851816315 ], [ -50.490385574834797, -21.622525851778033 ], [ -50.490397998199441, -21.6225178715986 ], [ -50.490360013802665, -21.62246758245626 ], [ -50.490290732406301, -21.622372568084998 ], [ -50.490288685788066, -21.622369829820567 ], [ -50.490217427963465, -21.622276798879003 ], [ -50.490147152945326, -21.622181779249228 ], [ -50.490146869324832, -21.622181397078389 ], [ -50.490076869280173, -21.622087397130038 ] ] ], [ [ [ -50.487984155842071, -21.623107149320631 ], [ -50.487922228712023, -21.623020648041194 ], [ -50.487860967516148, -21.622931720614805 ], [ -50.487859916045892, -21.62293021494256 ], [ -50.48779691599934, -21.62284121498968 ], [ -50.487796469460484, -21.622840587723548 ], [ -50.487733469415367, -21.622752587770535 ], [ -50.487733292077721, -21.622752340611747 ], [ -50.487669380778598, -21.622663464071969 ], [ -50.487606469207492, -21.622575587701444 ], [ -50.48760520596381, -21.622573850609424 ], [ -50.487540753812212, -21.622486592417157 ], [ -50.487477291721198, -21.622398340555947 ], [ -50.487476205755826, -21.622396850540206 ], [ -50.487411844023761, -21.622309714762029 ], [ -50.487349468792857, -21.622222587563655 ], [ -50.487347733271257, -21.62222021472812 ], [ -50.487283613546452, -21.622134393044952 ], [ -50.4872214685873, -21.622047587495377 ], [ -50.487220666845317, -21.622046478740796 ], [ -50.487155666801364, -21.621957478789021 ], [ -50.487155205238786, -21.621956850368221 ], [ -50.487090522755075, -21.621869280341844 ], [ -50.487026836938121, -21.621781712450453 ], [ -50.487026666533943, -21.621781478637256 ], [ -50.486961666489982, -21.621692478685468 ], [ -50.486961204927383, -21.621691850264614 ], [ -50.486896843195368, -21.621604714486498 ], [ -50.486834467964755, -21.621517587288523 ], [ -50.486833204720583, -21.621515850195827 ], [ -50.486769071960488, -21.621429024410304 ], [ -50.486706914237914, -21.621341214404779 ], [ -50.486706734060284, -21.621340960450308 ], [ -50.486642734013586, -21.62125096049812 ], [ -50.486641204406887, -21.621248850091412 ], [ -50.4865768426749, -21.621161714313324 ], [ -50.486514912172602, -21.621075208322814 ], [ -50.486452349957567, -21.620985833844454 ], [ -50.486450665596472, -21.620983478325396 ], [ -50.486386520017739, -21.620895648333111 ], [ -50.486324349747477, -21.620806833774715 ], [ -50.486323733432108, -21.620805960241562 ], [ -50.486259733385424, -21.62071596028937 ], [ -50.486259466964725, -21.620715586894118 ], [ -50.486196466919601, -21.620627586941101 ], [ -50.486196116191515, -21.620627099183476 ], [ -50.486131202940491, -21.620537219408607 ], [ -50.486067512077845, -21.620448649412939 ], [ -50.486003732966239, -21.620358960150092 ], [ -50.485939732860558, -21.620268960114966 ], [ -50.485938203253262, -21.620266849707445 ], [ -50.485873662934047, -21.620179472149829 ], [ -50.485809115621095, -21.620090099057261 ], [ -50.485744115515395, -21.620000099022114 ], [ -50.485743202938373, -21.61999884960267 ], [ -50.485678662619449, -21.619911472045466 ], [ -50.485614115306312, -21.619822098952625 ], [ -50.485613664231472, -21.619821477871302 ], [ -50.485548664187505, -21.619732477919516 ], [ -50.485510204980805, -21.619757036653706 ], [ -50.485554884800933, -21.619818901096483 ], [ -50.485557061657076, -21.619821836350908 ], [ -50.485623272103069, -21.619908799425854 ], [ -50.485688191752146, -21.619997326326825 ], [ -50.485752884486075, -21.620086900991865 ], [ -50.485755061342097, -21.620089836246141 ], [ -50.485820953416599, -21.620176381161329 ], [ -50.485884884276949, -21.6202649009224 ], [ -50.485885335230215, -21.620265521837858 ], [ -50.48595033518626, -21.620354521886082 ], [ -50.485951119698768, -21.620355585822104 ], [ -50.486017638384602, -21.620444939387305 ], [ -50.486081164632651, -21.620532288084863 ], [ -50.486082119489581, -21.620533585752504 ], [ -50.48614895745213, -21.620623368197077 ], [ -50.48621333648537, -21.620710527608534 ], [ -50.486277883648441, -21.620799900713536 ], [ -50.486279584535332, -21.620802207274473 ], [ -50.486346187725125, -21.620890680272321 ], [ -50.486410336171438, -21.62097752750395 ], [ -50.486474883334772, -21.621066900609314 ], [ -50.486475334287896, -21.621067521524576 ], [ -50.486540334243927, -21.621156521572786 ], [ -50.486540795684526, -21.621157149829052 ], [ -50.486605335857874, -21.621244527399817 ], [ -50.486669883021108, -21.621333900505057 ], [ -50.486670795475369, -21.621335149759471 ], [ -50.486735335648596, -21.62142252733009 ], [ -50.486799882812001, -21.621511900435564 ], [ -50.4868648827063, -21.621601900400407 ], [ -50.486865333659317, -21.621602521315531 ], [ -50.486929479090705, -21.621690351321757 ], [ -50.486991649209116, -21.621779165890022 ], [ -50.48699288243575, -21.621780900246971 ], [ -50.487057882390353, -21.62187090029532 ], [ -50.487122882284631, -21.621960900260188 ], [ -50.487123794738693, -21.621962149514317 ], [ -50.487188334911892, -21.622049527084894 ], [ -50.487252882075524, -21.622138900190684 ], [ -50.487317881969794, -21.62222890015553 ], [ -50.487318794423778, -21.622230149409543 ], [ -50.487383334597212, -21.622317526980449 ], [ -50.487447881760687, -21.622406900086002 ], [ -50.487512881654979, -21.62249690005088 ], [ -50.487577881549257, -21.622586900015701 ], [ -50.487578332502103, -21.622587520930608 ], [ -50.48764310605884, -21.62267621098578 ], [ -50.48770788133897, -21.622765899945787 ], [ -50.487710058193834, -21.622768835198482 ], [ -50.487775950268635, -21.622855380114046 ], [ -50.48783988112983, -21.622943899876308 ], [ -50.487841425731126, -21.622945998445282 ], [ -50.487907425689926, -21.623033998493881 ], [ -50.487908057881143, -21.623034835094476 ], [ -50.487974583608214, -21.623122212270097 ], [ -50.488041116405491, -21.623211584790063 ], [ -50.488041581703058, -21.623212206331981 ], [ -50.488108503389554, -21.623301102407765 ], [ -50.488174425272582, -21.623388998355139 ], [ -50.488175057463785, -21.623389834955717 ], [ -50.488241583190714, -21.623477212131149 ], [ -50.488294076595274, -21.623547725743112 ], [ -50.488235446380358, -21.623463968401104 ], [ -50.488174065858232, -21.623375857766124 ], [ -50.488113582013639, -21.623286619425997 ], [ -50.488111469980716, -21.623283587896545 ], [ -50.488048469935585, -21.623195587943524 ], [ -50.488047838538527, -21.623194712920657 ], [ -50.487984155842071, -21.623107149320631 ] ] ], [ [ [ -50.4859187971064, -21.619943150306494 ], [ -50.485983797063888, -21.62003115035456 ], [ -50.485984120074825, -21.620031585951775 ], [ -50.486051040030837, -21.62012147853687 ], [ -50.486116960197293, -21.620210370988609 ], [ -50.486117119864446, -21.620210585881836 ], [ -50.486184119821665, -21.620300585931254 ], [ -50.486185061088264, -21.620301836166405 ], [ -50.486251899027515, -21.620389623411889 ], [ -50.486319737789572, -21.620479410113184 ], [ -50.486320060879002, -21.62047983609683 ], [ -50.486386898818324, -21.620567623342428 ], [ -50.48645473758031, -21.620657410043659 ], [ -50.486522737474516, -21.620747410008473 ], [ -50.486523834761897, -21.620748843669595 ], [ -50.486592281338417, -21.620837129933498 ], [ -50.486659737264063, -21.620926409938548 ], [ -50.486727737158262, -21.62101640990338 ], [ -50.486728355280889, -21.621017222050789 ], [ -50.486797355240725, -21.621107222101273 ], [ -50.486797973197895, -21.621108022348679 ], [ -50.48686797315905, -21.621198022399692 ], [ -50.486937973053237, -21.62128802236456 ], [ -50.486938955451649, -21.621289271313021 ], [ -50.487007827334651, -21.621375853204096 ], [ -50.487074736631449, -21.621464409728411 ], [ -50.487075972776957, -21.621466022208924 ], [ -50.487145972738119, -21.621556022259938 ], [ -50.487215972632292, -21.621646022224812 ], [ -50.487285498813542, -21.621735413130001 ], [ -50.487355031871282, -21.62182679953948 ], [ -50.487355972351331, -21.621828022067614 ], [ -50.487425972312501, -21.621918022118603 ], [ -50.487495498493686, -21.622007413023734 ], [ -50.487565031551433, -21.622098799433221 ], [ -50.487567206914271, -21.622101587418133 ], [ -50.487638583768941, -21.622190808583444 ], [ -50.487707971886806, -21.622280021977314 ], [ -50.487708107609791, -21.622280196205114 ], [ -50.48777903957054, -21.622371109101458 ], [ -50.487848971673969, -21.622461021906652 ], [ -50.487849240217656, -21.622461366109683 ], [ -50.487920629964798, -21.622552586444229 ], [ -50.487990030910481, -21.622643799220395 ], [ -50.487992206273653, -21.622646587205725 ], [ -50.488054353563342, -21.622724271402483 ], [ -50.488031118683402, -21.622692100069724 ], [ -50.488028941701863, -21.622689164653298 ], [ -50.487963049484435, -21.622602619752211 ], [ -50.487899118474246, -21.622514100000242 ], [ -50.487898667399854, -21.622513478919529 ], [ -50.487833893694436, -21.622424788877304 ], [ -50.487769118263969, -21.622335099930332 ], [ -50.487704118158241, -21.622245099895174 ], [ -50.487639118052542, -21.622155099860027 ], [ -50.487638205476131, -21.622153850441428 ], [ -50.48757366515666, -21.622066472883475 ], [ -50.487509117843423, -21.621977099790524 ], [ -50.487444117737709, -21.621887099755362 ], [ -50.48744320516122, -21.62188585033666 ], [ -50.487378664841941, -21.621798472778963 ], [ -50.487314117528598, -21.621709099685873 ], [ -50.487249740718369, -21.621619962674803 ], [ -50.487187350603328, -21.621530834053086 ], [ -50.487185666242652, -21.621528478534614 ], [ -50.487120892537376, -21.621439788492552 ], [ -50.487056117106924, -21.621350099545623 ], [ -50.486991117001224, -21.621260099510483 ], [ -50.486990204424544, -21.621258850091515 ], [ -50.486925664105293, -21.62117147253386 ], [ -50.486861116792127, -21.621082099440983 ], [ -50.48686020421539, -21.621080850021933 ], [ -50.486795435779385, -21.620993163629439 ], [ -50.4867308919086, -21.620904788283227 ], [ -50.486666116478467, -21.620815099336731 ], [ -50.486665203901651, -21.620813849917575 ], [ -50.48660020385914, -21.620725849965634 ], [ -50.486599415362413, -21.620724792576468 ], [ -50.486533277718756, -21.620636938198277 ], [ -50.486469116164798, -21.620548099232497 ], [ -50.48646820358789, -21.620546849813209 ], [ -50.486403203545379, -21.620458849861272 ], [ -50.486402880410211, -21.620458414097598 ], [ -50.486336361577017, -21.620369060547699 ], [ -50.486272835181794, -21.620281711860748 ], [ -50.486271880201024, -21.620280414027992 ], [ -50.486205274958131, -21.620190944405429 ], [ -50.486140890966858, -21.620102787970737 ], [ -50.486076115536299, -21.620013099023637 ], [ -50.486073938553623, -21.620010163605645 ], [ -50.486008046336551, -21.61992361870502 ], [ -50.485944115327165, -21.619835098954155 ], [ -50.485943497661275, -21.619834250238309 ], [ -50.485877497617167, -21.61974425028723 ], [ -50.485875938238664, -21.619742163500888 ], [ -50.485810046021491, -21.619655618600113 ], [ -50.485746115012319, -21.619567098849558 ], [ -50.485680505592541, -21.619608529367017 ], [ -50.485723651680246, -21.619670166714251 ], [ -50.485724884908464, -21.619671901073431 ], [ -50.485789261507634, -21.619761038013859 ], [ -50.485851651469005, -21.619850166644117 ], [ -50.485852884697088, -21.619851901003116 ], [ -50.485917884651691, -21.61994190105148 ], [ -50.4859187971064, -21.619943150306494 ] ] ], [ [ [ -50.489621481189346, -21.623409599237291 ], [ -50.4895519606536, -21.623311277461049 ], [ -50.489551560171449, -21.623310713936235 ], [ -50.489481761002246, -21.623212995222083 ], [ -50.489411960422323, -21.6231142773842 ], [ -50.489411559940123, -21.623113713859315 ], [ -50.489341958882164, -21.623016272500784 ], [ -50.489272352252584, -21.622916834586007 ], [ -50.489272125911896, -21.622916512181714 ], [ -50.489203125860165, -21.622818512233366 ], [ -50.489202559592584, -21.622817713743721 ], [ -50.48913276042358, -21.622719995029868 ], [ -50.489063156530257, -21.622621555362905 ], [ -50.488993521861993, -21.622522077393359 ], [ -50.488925690837455, -21.622424321043816 ], [ -50.488924559128812, -21.622422713589501 ], [ -50.488854759959821, -21.622324994875612 ], [ -50.488785327371367, -21.622226797482579 ], [ -50.488717885083908, -21.622129601371046 ], [ -50.488650078233555, -21.622030882704109 ], [ -50.488647731911698, -21.622027567876021 ], [ -50.488578436723976, -21.621932534592492 ], [ -50.488510605470296, -21.621836194673808 ], [ -50.488443077889855, -21.62173788259015 ], [ -50.488441149337191, -21.621735143674954 ], [ -50.488371641009998, -21.621638825112704 ], [ -50.488303209027528, -21.621541631985874 ], [ -50.488235293383738, -21.621444752441853 ], [ -50.488234888349581, -21.62144417766223 ], [ -50.488167006432562, -21.621348344489181 ], [ -50.488098208684953, -21.621250631870943 ], [ -50.488030293042236, -21.621153752328446 ], [ -50.487962292928408, -21.621056752290627 ], [ -50.487961887894137, -21.621056177510845 ], [ -50.48789388784401, -21.620960177561692 ], [ -50.487893720920972, -21.620959942404742 ], [ -50.48782472087067, -21.620862942456277 ], [ -50.487824473802739, -21.62086259621114 ], [ -50.487756886104854, -21.62076817233994 ], [ -50.48768929247656, -21.620671752140563 ], [ -50.48768872058168, -21.620670942291955 ], [ -50.487619720531384, -21.620573942343494 ], [ -50.487617867409732, -21.620571396463991 ], [ -50.487548894581657, -21.620478775920205 ], [ -50.48748188716776, -21.620384177336998 ], [ -50.487479867186487, -21.620381396389689 ], [ -50.487410301584049, -21.620287979834949 ], [ -50.487340729821653, -21.62019256724821 ], [ -50.487339866963211, -21.62019139631543 ], [ -50.487269866918552, -21.620097396367065 ], [ -50.487200680637365, -21.620004489186361 ], [ -50.487133472747544, -21.619910595927387 ], [ -50.487131421142379, -21.619907801172335 ], [ -50.487061864975267, -21.619815390944684 ], [ -50.486992302490599, -21.619720984828685 ], [ -50.486992019130007, -21.619720601591432 ], [ -50.486923019085481, -21.619627601642371 ], [ -50.486922866300411, -21.619627396094977 ], [ -50.486852866255752, -21.619533396146625 ], [ -50.486852420701645, -21.619532801025766 ], [ -50.486783024576013, -21.619440603424557 ], [ -50.486715616744419, -21.619348413413441 ], [ -50.486714865971358, -21.619347395985567 ], [ -50.486644865926692, -21.619253396037202 ], [ -50.486644420372571, -21.619252800916321 ], [ -50.486574720846022, -21.619160200225501 ], [ -50.486506238680505, -21.619067898286371 ], [ -50.486437457296908, -21.61897419622472 ], [ -50.486437018252154, -21.618973601299512 ], [ -50.486368018207621, -21.618880601350472 ], [ -50.486367419934211, -21.618879800770543 ], [ -50.486298245077684, -21.618787897141033 ], [ -50.486231048330161, -21.618695007633129 ], [ -50.486230615912554, -21.618694413071275 ], [ -50.486163344546895, -21.618602409698532 ], [ -50.486097055274904, -21.618508417566179 ], [ -50.486096048046242, -21.618507007472427 ], [ -50.486028047998978, -21.618413007522996 ], [ -50.486027456572188, -21.618412195917291 ], [ -50.485959777049509, -21.618319994941391 ], [ -50.485895038851858, -21.618225830412825 ], [ -50.485830621609054, -21.618264553172494 ], [ -50.48584527399796, -21.618284438581476 ], [ -50.485914854646296, -21.618380857598691 ], [ -50.485916135142695, -21.618382604270518 ], [ -50.485985487941825, -21.618475735283464 ], [ -50.486054854421944, -21.618571857524117 ], [ -50.48605569890362, -21.618573015586048 ], [ -50.486125698857506, -21.618668015637834 ], [ -50.486126869980644, -21.618669582737422 ], [ -50.486198278766018, -21.618763802772534 ], [ -50.486267698634229, -21.618858015563625 ], [ -50.486268284098429, -21.618858804500828 ], [ -50.486339284053621, -21.618953804553151 ], [ -50.486339579959193, -21.618954199081138 ], [ -50.486409505011622, -21.61904709961679 ], [ -50.486481430240829, -21.619143000035127 ], [ -50.486481726120772, -21.619143393149795 ], [ -50.486552726077427, -21.619237393201967 ], [ -50.486553317895023, -21.619238171269529 ], [ -50.486625092740212, -21.619331877424884 ], [ -50.486696574925531, -21.619426194306683 ], [ -50.486767283387138, -21.619520804331621 ], [ -50.486767868979186, -21.619521582404502 ], [ -50.486839868935697, -21.619616582457351 ], [ -50.486911868824016, -21.619711582420219 ], [ -50.486983138851521, -21.619805619371949 ], [ -50.487053425857624, -21.61990164539753 ], [ -50.487055317112187, -21.619904171009317 ], [ -50.48712606013197, -21.619996530058792 ], [ -50.487194852636051, -21.620091856931037 ], [ -50.487196282646828, -21.620093804018264 ], [ -50.487266851008322, -21.620188226585821 ], [ -50.487337137486641, -21.620284251890983 ], [ -50.487406647048836, -21.62038057240337 ], [ -50.487476443196719, -21.620478287132659 ], [ -50.487477269885559, -21.620479432604963 ], [ -50.487546770458408, -21.620574747793157 ], [ -50.487615279460456, -21.620671057670499 ], [ -50.487615442905458, -21.620671286966878 ], [ -50.487685241908949, -21.620769005694466 ], [ -50.487755042320927, -21.620867723545125 ], [ -50.487755442674157, -21.620868286889952 ], [ -50.487824958291604, -21.620965608876933 ], [ -50.487893482117585, -21.62106392579738 ], [ -50.487894442442865, -21.621065286813025 ], [ -50.487964442392425, -21.621163286865261 ], [ -50.488033870701564, -21.621260486620542 ], [ -50.488101310516342, -21.621357679420605 ], [ -50.488102041680243, -21.621358723262606 ], [ -50.488172041628374, -21.621457723314979 ], [ -50.488173576044687, -21.621459852087206 ], [ -50.488244596620923, -21.621556519100519 ], [ -50.488313649333094, -21.621655165958042 ], [ -50.488314441748948, -21.621656286582329 ], [ -50.488384441698507, -21.621754286634541 ], [ -50.488385163108056, -21.621755287535688 ], [ -50.488456800053207, -21.62185378845631 ], [ -50.488526441467158, -21.62195128655765 ], [ -50.488526601656574, -21.62195151037125 ], [ -50.488597601605989, -21.622050510424174 ], [ -50.488599142906722, -21.622052619050269 ], [ -50.488671857722764, -21.622150236316745 ], [ -50.488743575186206, -21.622247851870771 ], [ -50.488815575071044, -21.622345851832467 ], [ -50.488815724035724, -21.622346054221289 ], [ -50.488888649344815, -21.622444953047189 ], [ -50.48896057483956, -21.622542851755487 ], [ -50.488961569571515, -21.622544189480589 ], [ -50.489034569526439, -21.622641189534292 ], [ -50.489034709929129, -21.622641375784763 ], [ -50.489107636868489, -21.622737954818252 ], [ -50.489177600683796, -21.622835510117824 ], [ -50.48917914198411, -21.622837618743343 ], [ -50.489252141937577, -21.622935618797204 ], [ -50.489252709582402, -21.622936375669415 ], [ -50.48932635044234, -21.623033900165606 ], [ -50.489397995409327, -21.623130421971979 ], [ -50.489398141639711, -21.623130618628856 ], [ -50.489470931578865, -21.623228336745566 ], [ -50.48954372295114, -21.623327053930602 ], [ -50.489544425254962, -21.623327998308106 ], [ -50.489616209353898, -21.623423710552867 ], [ -50.489687496583976, -21.623519750408231 ], [ -50.489758006318553, -21.623617073823084 ], [ -50.48975899476816, -21.623618421690114 ], [ -50.489830843417238, -21.623715217902387 ], [ -50.489900692815425, -21.623810013628169 ], [ -50.489900845209867, -21.623810220065685 ], [ -50.489968414216108, -21.623901581085001 ], [ -50.489976578879279, -21.623896356129929 ], [ -50.489905578831575, -21.62379935618257 ], [ -50.489904575275027, -21.623798001754068 ], [ -50.489833213776549, -21.623702853202072 ], [ -50.48976220204738, -21.623605212193738 ], [ -50.489692560467425, -21.623507714103653 ], [ -50.489691993594747, -21.623506926099054 ], [ -50.489621481189346, -21.623409599237291 ] ] ], [ [ [ -50.489870004859782, -21.623258578132987 ], [ -50.489869574646548, -21.623258001538851 ], [ -50.489797927762844, -21.623162472473329 ], [ -50.489725276858351, -21.623063946022341 ], [ -50.489724858263756, -21.623063381216845 ], [ -50.489651931419111, -21.622965479541723 ], [ -50.48958000440139, -21.622868577980551 ], [ -50.489579290319035, -21.622867624176582 ], [ -50.489505575390531, -21.622770001817852 ], [ -50.489433638485579, -21.622673429101692 ], [ -50.489363399124628, -21.622575489832379 ], [ -50.489361289972315, -21.622572624061245 ], [ -50.48928736020568, -21.622474717187217 ], [ -50.489214931683001, -21.622378476660689 ], [ -50.489143424970273, -21.622281148196556 ], [ -50.489143275869736, -21.622280945623647 ], [ -50.489070350396624, -21.622182046813393 ], [ -50.488998424738796, -21.622084148119569 ], [ -50.488926424623628, -21.621986148081273 ], [ -50.488925856996758, -21.621985380795447 ], [ -50.488853637563203, -21.621888428795128 ], [ -50.488783478407775, -21.621790601361592 ], [ -50.488713558341651, -21.621692713391631 ], [ -50.488712836799465, -21.621691712308966 ], [ -50.488641199689873, -21.621593211404317 ], [ -50.488571957103147, -21.621496271904487 ], [ -50.488502350474029, -21.621396833990321 ], [ -50.488500423860842, -21.621394147758199 ], [ -50.488429201130323, -21.621297205826369 ], [ -50.488360326171204, -21.621199797078873 ], [ -50.488292689291612, -21.621102320525846 ], [ -50.488291557581903, -21.621100713070021 ], [ -50.48822155753146, -21.621002713122252 ], [ -50.488152041684494, -21.620905391059051 ], [ -50.488083517689944, -21.620807074150019 ], [ -50.48808255723555, -21.620805712954851 ], [ -50.488012758066418, -21.620707994240782 ], [ -50.487942957487043, -21.620609276403677 ], [ -50.487942557004246, -21.620608712877939 ], [ -50.487872638792403, -21.620510827504162 ], [ -50.487803720348758, -21.620413942277835 ], [ -50.487802730020114, -21.62041256724137 ], [ -50.48773314624502, -21.620317138181029 ], [ -50.487663556612112, -21.620219712816606 ], [ -50.48766314756211, -21.620219143079442 ], [ -50.487593147513117, -21.620122143131521 ], [ -50.487592574450318, -21.620121354650564 ], [ -50.487521574402614, -21.62002435470319 ], [ -50.487520717254768, -21.62002319582918 ], [ -50.487450440722789, -21.61992916396169 ], [ -50.487381147173636, -21.619833143018695 ], [ -50.487378682785391, -21.619829828839286 ], [ -50.487307642775043, -21.619737082266244 ], [ -50.487237573952569, -21.619641354553583 ], [ -50.487236131143717, -21.619639417517515 ], [ -50.487164131100236, -21.619544417570363 ], [ -50.487092130988557, -21.619449417533254 ], [ -50.487020425042374, -21.619354805631012 ], [ -50.486949716424853, -21.61926019562047 ], [ -50.486949130697042, -21.619259417369026 ], [ -50.486877130653546, -21.619164417421874 ], [ -50.486876682002553, -21.619163828579058 ], [ -50.486804979243843, -21.619070216751503 ], [ -50.486734422025222, -21.618976803077832 ], [ -50.486662569570839, -21.618880999917874 ], [ -50.486662419940451, -21.618880800767595 ], [ -50.486592568201509, -21.618787997851811 ], [ -50.486522009892205, -21.618693588958134 ], [ -50.486452301177209, -21.618598984387081 ], [ -50.48645112991894, -21.618597417110369 ], [ -50.486379720979137, -21.61850319709141 ], [ -50.486310726197566, -21.618409561428983 ], [ -50.486241145387758, -21.618313142425603 ], [ -50.486239864758964, -21.618311395577383 ], [ -50.486170511804708, -21.618218264578676 ], [ -50.48610114516341, -21.618122142351048 ], [ -50.486100300550085, -21.618120984111417 ], [ -50.486091017831939, -21.618108386151945 ], [ -50.486077763247387, -21.618116730486179 ], [ -50.48614976319665, -21.618216730539782 ], [ -50.486221763079236, -21.618316730500748 ], [ -50.4862223187449, -21.618317496948571 ], [ -50.486294960081196, -21.618417005750114 ], [ -50.486365605751793, -21.618515511807594 ], [ -50.486366874597643, -21.618517253463885 ], [ -50.486440726604634, -21.618617053592981 ], [ -50.486512448519868, -21.618714675206647 ], [ -50.486585164662522, -21.618814286482387 ], [ -50.486656011839948, -21.618912075664351 ], [ -50.486656874132372, -21.618913253309099 ], [ -50.486730726138688, -21.619013053437275 ], [ -50.48680257886587, -21.619110853100626 ], [ -50.4868027278307, -21.619111055489661 ], [ -50.486875727782717, -21.619210055543668 ], [ -50.486876146240135, -21.619210620165418 ], [ -50.486948446012292, -21.619307680249484 ], [ -50.487019761798969, -21.619406730075294 ], [ -50.487021146007471, -21.619408620087999 ], [ -50.487093651871021, -21.619505956842819 ], [ -50.487165165695949, -21.619604288471944 ], [ -50.487165317232943, -21.619604496445842 ], [ -50.487238317183511, -21.619704496499988 ], [ -50.487239145658485, -21.619705619971889 ], [ -50.487311651522198, -21.619802956726939 ], [ -50.487383165347026, -21.619901288355937 ], [ -50.487383872970298, -21.619902252922568 ], [ -50.487457027542256, -21.620001110571557 ], [ -50.487527205747156, -21.620099953237585 ], [ -50.487529145192013, -21.62010261981667 ], [ -50.487602008578691, -21.620200436534226 ], [ -50.487675724626818, -21.620300052934763 ], [ -50.487747446542933, -21.620397674549647 ], [ -50.487820316251863, -21.620497496190215 ], [ -50.487893316134375, -21.620597496151145 ], [ -50.487893872152483, -21.62059825265052 ], [ -50.48796702672464, -21.620697110299751 ], [ -50.488037204929817, -21.62079595296618 ], [ -50.488038315831361, -21.620797495979748 ], [ -50.488111315781929, -21.620897496033912 ], [ -50.488111871799994, -21.62089825253323 ], [ -50.488185592389137, -21.620997875070568 ], [ -50.488258036333974, -21.621097113472104 ], [ -50.488329759696427, -21.621196729376557 ], [ -50.488330315361431, -21.621197495823477 ], [ -50.488403315311999, -21.621297495877617 ], [ -50.488476315194518, -21.621397495838554 ], [ -50.488476871212491, -21.621398252337755 ], [ -50.488550591801676, -21.621497874875157 ], [ -50.488622914564928, -21.621596947274465 ], [ -50.48869551952437, -21.621698395426357 ], [ -50.488696870857645, -21.621700252219679 ], [ -50.488770870809518, -21.62180025227438 ], [ -50.488771427042181, -21.621800998907272 ], [ -50.488845865682194, -21.621900250544677 ], [ -50.488918112913211, -21.621999219474503 ], [ -50.488990912656966, -21.62209994253174 ], [ -50.488991870386407, -21.622101252062929 ], [ -50.489065870338287, -21.62220125211763 ], [ -50.489066426570915, -21.622201998750469 ], [ -50.489140865210949, -21.622301250387924 ], [ -50.489213314016034, -21.622400495446684 ], [ -50.489213870033836, -21.622401251945647 ], [ -50.489287387208797, -21.622500599598897 ], [ -50.489359912068338, -21.622600942336103 ], [ -50.489362277696856, -21.62260412262788 ], [ -50.489436280045332, -21.622700819141748 ], [ -50.489508313547162, -21.62279949529081 ], [ -50.489510277464106, -21.622802122550485 ], [ -50.489584704542651, -21.622899374045144 ], [ -50.489657005293552, -21.622996435441912 ], [ -50.489730796128363, -21.623096152905575 ], [ -50.489803723100131, -21.623195053986159 ], [ -50.489804568799002, -21.623196189229695 ], [ -50.489877568753926, -21.623293189283395 ], [ -50.489877709156623, -21.62329337553388 ], [ -50.489951423924957, -21.6233909979088 ], [ -50.490024141281403, -21.623488618585064 ], [ -50.490025142045425, -21.623489946112223 ], [ -50.490098055555649, -21.623585522040798 ], [ -50.490168006235933, -21.623682073801671 ], [ -50.490169568225348, -21.623684189038908 ], [ -50.490217245241887, -21.623747540765429 ], [ -50.490226154693694, -21.623741779780929 ], [ -50.490155230941127, -21.623645882991049 ], [ -50.490085306995972, -21.623550986322531 ], [ -50.490085005135342, -21.623550578156063 ], [ -50.490013503388653, -21.623454249529427 ], [ -50.489942993490736, -21.623356926127578 ], [ -50.489942004906176, -21.623355578079803 ], [ -50.489870004859782, -21.623258578132987 ] ] ], [ [ [ -50.489892294442789, -21.622331752776589 ], [ -50.489890305506528, -21.62232898574814 ], [ -50.489820730703634, -21.622234562915498 ], [ -50.489751149893145, -21.622138143911208 ], [ -50.489751052328906, -21.622138008879318 ], [ -50.489683101041265, -21.62204407633288 ], [ -50.489613149668799, -21.621947143836607 ], [ -50.489612890300641, -21.621946785583951 ], [ -50.489544600638411, -21.621852763701344 ], [ -50.489477293767791, -21.621756752552525 ], [ -50.489476149378383, -21.621755143671603 ], [ -50.489406229944834, -21.621658255433644 ], [ -50.489337392580993, -21.621562481829123 ], [ -50.489269886944591, -21.621468172602409 ], [ -50.489202293315913, -21.621371752402474 ], [ -50.489200731156501, -21.621369567607527 ], [ -50.489131021924671, -21.621273966492318 ], [ -50.489062600406683, -21.621178771455224 ], [ -50.488995380265479, -21.621083872552823 ], [ -50.488928863868281, -21.620987572819661 ], [ -50.488927473964843, -21.620985596248097 ], [ -50.488859681567114, -21.620890886399295 ], [ -50.488791887668029, -21.620795177486329 ], [ -50.488791309322032, -21.620794366945368 ], [ -50.488722309273186, -21.620698366996759 ], [ -50.488653309160441, -21.620602366959268 ], [ -50.488652888720949, -21.620601785058298 ], [ -50.488584182505612, -21.620507189660792 ], [ -50.488516473354856, -21.62041259611221 ], [ -50.488514421749684, -21.620409801357148 ], [ -50.48844567990286, -21.620318473011743 ], [ -50.488378886997616, -21.620224177263655 ], [ -50.488376275142649, -21.620220607139881 ], [ -50.488306011047456, -21.620127581545578 ], [ -50.488236729651248, -21.620032567174515 ], [ -50.48823661750226, -21.620032413582631 ], [ -50.48816904821792, -21.619940002762441 ], [ -50.488101472688896, -21.619845595890951 ], [ -50.488099421083419, -21.619842801135452 ], [ -50.488029721556906, -21.619750200444674 ], [ -50.487961967526175, -21.619658879904183 ], [ -50.487894886222598, -21.619564177006346 ], [ -50.48789361695011, -21.619562413398988 ], [ -50.487825616904281, -21.619469413449405 ], [ -50.487757616795029, -21.619376413413075 ], [ -50.487757457722481, -21.61937619628258 ], [ -50.487688537253597, -21.619282304743002 ], [ -50.487620616575335, -21.619189413340013 ], [ -50.487552616466083, -21.619096413303694 ], [ -50.487552457393519, -21.61909619617316 ], [ -50.487483457347544, -21.619002196224272 ], [ -50.487482722502911, -21.61900120403493 ], [ -50.487415172609595, -21.618910806490877 ], [ -50.487347616139466, -21.618818413195086 ], [ -50.487347457066882, -21.618818196064549 ], [ -50.487279141656145, -21.618725128806716 ], [ -50.487213810548468, -21.618633071452443 ], [ -50.487212456847232, -21.618631195991473 ], [ -50.487143456801256, -21.618537196042581 ], [ -50.487142721956552, -21.618536203853115 ], [ -50.48707487013624, -21.618445402259898 ], [ -50.4870067075924, -21.618353531115321 ], [ -50.486941381874104, -21.618262471135942 ], [ -50.48694045641254, -21.618261195846916 ], [ -50.486871535944069, -21.61816730430791 ], [ -50.486812643228767, -21.618086759956906 ], [ -50.486742787115148, -21.618130763666439 ], [ -50.486809787068026, -21.618223763716298 ], [ -50.486810384603089, -21.618224587002096 ], [ -50.486878384557272, -21.618317587052516 ], [ -50.486878826456973, -21.61831818815488 ], [ -50.486946826412598, -21.618410188205139 ], [ -50.486946982373233, -21.618410398811584 ], [ -50.487015904183124, -21.618503293535824 ], [ -50.487083826195224, -21.618595188132876 ], [ -50.487085500729336, -21.61859740876487 ], [ -50.487154652194747, -21.618687305773033 ], [ -50.487221825980143, -21.618778188061395 ], [ -50.48722364004395, -21.618780589787224 ], [ -50.487294336205551, -21.618872196185244 ], [ -50.487364035199668, -21.618963800682931 ], [ -50.48736450029795, -21.618964408621515 ], [ -50.487434266800911, -21.619055105178795 ], [ -50.487503961764347, -21.61914670437919 ], [ -50.487572888670215, -21.619237608084987 ], [ -50.487573034811163, -21.61923780048863 ], [ -50.487642581152642, -21.619329204357683 ], [ -50.487712133968685, -21.619422603963944 ], [ -50.487713499757241, -21.619424408441823 ], [ -50.487783499716954, -21.61951540849298 ], [ -50.487784243642501, -21.61951636728476 ], [ -50.487855400683337, -21.61960729027226 ], [ -50.487924579132034, -21.61969919888941 ], [ -50.487925034268052, -21.619699800308123 ], [ -50.487994805771834, -21.619791500104903 ], [ -50.488064578914575, -21.619884198817132 ], [ -50.488134578805273, -21.619977198780784 ], [ -50.488135033941269, -21.6199778001995 ], [ -50.488204580282812, -21.620069204068646 ], [ -50.488274133098834, -21.620162603674871 ], [ -50.488274578520517, -21.620163198620254 ], [ -50.488344134534913, -21.62025560886233 ], [ -50.488413696863034, -21.620350014992258 ], [ -50.488414578299562, -21.620351198546782 ], [ -50.488484578256362, -21.620444198598268 ], [ -50.488553916957208, -21.620536320123662 ], [ -50.488623269754285, -21.620631432646444 ], [ -50.488624577968132, -21.620633198436543 ], [ -50.488694133982527, -21.620725608678619 ], [ -50.48876369631072, -21.620820014808618 ], [ -50.488764577747176, -21.620821198363032 ], [ -50.488834577703962, -21.620914198414528 ], [ -50.488834867324343, -21.620914581871638 ], [ -50.48890627610978, -21.621008801906807 ], [ -50.488975695978112, -21.621103014698065 ], [ -50.489045695866487, -21.621198014660937 ], [ -50.489115695754862, -21.621293014623795 ], [ -50.489116281218827, -21.621293803560725 ], [ -50.489186557594948, -21.621387835443493 ], [ -50.489255850982822, -21.621483856398971 ], [ -50.489256695463723, -21.621485014459839 ], [ -50.489326695417624, -21.62158001451164 ], [ -50.489326847812173, -21.621580220949298 ], [ -50.48939755671816, -21.62167582747227 ], [ -50.489467268414799, -21.621771432201172 ], [ -50.489467847586567, -21.621772220874252 ], [ -50.48953877118128, -21.621868117680695 ], [ -50.489608269658781, -21.621962437156927 ], [ -50.489677850307345, -21.622058856174455 ], [ -50.489679426725765, -21.622060998815524 ], [ -50.489751426680819, -21.622156998868544 ], [ -50.489823278218402, -21.622252801031511 ], [ -50.489892988392953, -21.622346411948477 ], [ -50.489963846865734, -21.622442220702382 ], [ -50.489965314109469, -21.622444170028022 ], [ -50.490036273838946, -21.62253681200416 ], [ -50.490105267404246, -21.622631431865241 ], [ -50.490106722001244, -21.622633391797081 ], [ -50.490177281115578, -21.622726808198639 ], [ -50.490247846419109, -21.622822220553878 ], [ -50.490249173654391, -21.622823986789427 ], [ -50.490289250638476, -21.622876482054281 ], [ -50.490237306132528, -21.622805986023572 ], [ -50.490167600043925, -21.622711385017546 ], [ -50.490098891151888, -21.622616785934106 ], [ -50.490098305843723, -21.622615985860364 ], [ -50.49002830579763, -21.622520985912161 ], [ -50.489959317151715, -21.622427358577948 ], [ -50.489892294442789, -21.622331752776589 ] ] ], [ [ [ -50.48478558762968, -21.620185214587394 ], [ -50.484739957979613, -21.62012163236674 ], [ -50.484738091452073, -21.62012287578224 ], [ -50.484754091442554, -21.620143875793957 ], [ -50.48478558762968, -21.620185214587394 ] ] ], [ [ [ -50.490066240807373, -21.621568270717134 ], [ -50.489994519683009, -21.621468658168304 ], [ -50.489923795874994, -21.621369047296625 ], [ -50.489923240572502, -21.621368270639017 ], [ -50.489851240521787, -21.621268270692635 ], [ -50.489779240404353, -21.621168270653573 ], [ -50.489778274585724, -21.621166945172092 ], [ -50.489705761310603, -21.62106860536985 ], [ -50.489634519097145, -21.620969657973703 ], [ -50.489563795289094, -21.620870047101967 ], [ -50.489563239986452, -21.620869270444157 ], [ -50.489491239935724, -21.62076927049776 ], [ -50.489419518744924, -21.620669657856642 ], [ -50.489348794936888, -21.620570046984913 ], [ -50.489347835505349, -21.620568711854247 ], [ -50.489276038183718, -21.620469990658123 ], [ -50.489204239467156, -21.62037027034194 ], [ -50.489203422681598, -21.62036914734151 ], [ -50.489132116630245, -21.6202720920008 ], [ -50.489061794470764, -21.620173046830068 ], [ -50.489060422449008, -21.620171147264106 ], [ -50.488988422401171, -21.620073147317427 ], [ -50.488988273300514, -21.620072944744344 ], [ -50.488915347826349, -21.619974045932683 ], [ -50.488843629144775, -21.619876428956431 ], [ -50.488771834643195, -21.61977771163739 ], [ -50.488770854426143, -21.6197763799154 ], [ -50.48869842710846, -21.619679148837847 ], [ -50.488627989081039, -21.619581924637302 ], [ -50.488627421755808, -21.619581147033553 ], [ -50.488555421707972, -21.619483147086882 ], [ -50.488553853244809, -21.619481052182195 ], [ -50.488480570936169, -21.619384993051067 ], [ -50.488408272445298, -21.619286944529886 ], [ -50.488406990435102, -21.619285232529972 ], [ -50.488333990391489, -21.619189232583501 ], [ -50.488333852901597, -21.619189052068101 ], [ -50.488260507789398, -21.619092910613389 ], [ -50.488190149210581, -21.618997778000395 ], [ -50.488189426267731, -21.618996808989539 ], [ -50.488116426222668, -21.618899809043221 ], [ -50.488114959195833, -21.618897893079897 ], [ -50.488041700947434, -21.618803845434591 ], [ -50.487969425996937, -21.618707808968214 ], [ -50.487967373819878, -21.618705146829864 ], [ -50.487893191645156, -21.618611182846006 ], [ -50.487820989600358, -21.618516232320577 ], [ -50.487820410021008, -21.618515475307984 ], [ -50.487746409978719, -21.61841947536205 ], [ -50.487746089406237, -21.618419061031393 ], [ -50.487673764367081, -21.618325930264398 ], [ -50.487601425435003, -21.618229808781532 ], [ -50.487599958408268, -21.618227892818346 ], [ -50.487525958367428, -21.618132892872218 ], [ -50.487509305330242, -21.618144234974039 ], [ -50.487569045389037, -21.618228724592679 ], [ -50.487569207854136, -21.618228953890366 ], [ -50.487640093313807, -21.618328792692207 ], [ -50.487711979234355, -21.618430631209126 ], [ -50.487712762852951, -21.618431730378639 ], [ -50.487784368239964, -21.618531182428875 ], [ -50.487855978997274, -21.618632631130364 ], [ -50.48785620737992, -21.618632953732753 ], [ -50.4879272073279, -21.618732953785806 ], [ -50.487927522914823, -21.618733396504343 ], [ -50.488000522862514, -21.618835396558779 ], [ -50.488001166506869, -21.618836288695181 ], [ -50.488072566398735, -21.61893446366739 ], [ -50.488143978524228, -21.619035630973233 ], [ -50.488145317874874, -21.619037496682765 ], [ -50.488217640327342, -21.619136568656952 ], [ -50.488288978287137, -21.619237630894464 ], [ -50.488289522321885, -21.619238396307207 ], [ -50.488362522269576, -21.61934039636165 ], [ -50.4883638736043, -21.619342253156972 ], [ -50.48843682688085, -21.619440838785014 ], [ -50.488506816440683, -21.619540401524493 ], [ -50.488507521966113, -21.619541396188943 ], [ -50.488580521913789, -21.619643396243383 ], [ -50.488581873248357, -21.61964525303847 ], [ -50.488655742020363, -21.619745075823001 ], [ -50.488730261244278, -21.619846422090109 ], [ -50.488802717658331, -21.619946670129028 ], [ -50.488875521438167, -21.620048396085345 ], [ -50.488877985458913, -21.62005173655195 ], [ -50.488953010606963, -21.620150453967202 ], [ -50.489026065840413, -21.620251151844034 ], [ -50.48902742883746, -21.620252999528223 ], [ -50.489102428790652, -21.620352999583449 ], [ -50.489102566435896, -21.620353182808447 ], [ -50.489177806686762, -21.620453173259804 ], [ -50.48925106548441, -21.620554151725717 ], [ -50.489253541200981, -21.620557463602541 ], [ -50.489329768980959, -21.620656460832738 ], [ -50.489404015204236, -21.620756445865045 ], [ -50.489404700979598, -21.62075736179473 ], [ -50.489481564231824, -21.620859180767244 ], [ -50.489556291384048, -21.620958817087427 ], [ -50.489632155242923, -21.621060634492334 ], [ -50.489633116479162, -21.621061909843142 ], [ -50.489709907786938, -21.621162636220202 ], [ -50.489786700456463, -21.621264361693036 ], [ -50.489786984033167, -21.621264736077812 ], [ -50.489862841809014, -21.621364549056313 ], [ -50.489939700218997, -21.6214663616141 ], [ -50.489940666801289, -21.62146762751096 ], [ -50.490018603324273, -21.621568545430652 ], [ -50.490095392337018, -21.621668271534642 ], [ -50.490173245331697, -21.621770079413487 ], [ -50.490173539775071, -21.621770463128581 ], [ -50.490250539730901, -21.621870463184841 ], [ -50.49025109581855, -21.621871180728391 ], [ -50.490329095775721, -21.621971180785174 ], [ -50.490329651565141, -21.621971888808034 ], [ -50.49040865152363, -21.622071888865321 ], [ -50.490422619744287, -21.622062240850024 ], [ -50.490354520269115, -21.621967658363253 ], [ -50.490283796460908, -21.621868047491301 ], [ -50.490282129336748, -21.621865747702632 ], [ -50.490208485187466, -21.6217662287015 ], [ -50.490137320483591, -21.62166837735365 ], [ -50.490066796109815, -21.62156904737466 ], [ -50.490066240807373, -21.621568270717134 ] ] ], [ [ [ -50.490398499636129, -21.621024251268981 ], [ -50.490327575500565, -21.620927355032357 ], [ -50.490327423349513, -21.620927147551679 ], [ -50.490255577319402, -21.620829357240165 ], [ -50.490185783152228, -21.620733639641884 ], [ -50.490113835662314, -21.620634711964311 ], [ -50.490113575090064, -21.620634354827299 ], [ -50.490042575042374, -21.620537354879929 ], [ -50.490041571484809, -21.62053600045008 ], [ -50.489970369957533, -21.620441065192892 ], [ -50.489901147812276, -21.620345143195109 ], [ -50.489900001403939, -21.620343576878078 ], [ -50.489828789195585, -21.62024763832374 ], [ -50.489759556568451, -21.620150712766367 ], [ -50.489757131777381, -21.620147417691825 ], [ -50.489686453688314, -21.620054161989465 ], [ -50.489618719851876, -21.619958942077091 ], [ -50.489617729522728, -21.619957567039922 ], [ -50.489547729475184, -21.619861567091878 ], [ -50.489546131438971, -21.619859417579214 ], [ -50.489475155934777, -21.619765769454265 ], [ -50.489406147019395, -21.619670142931575 ], [ -50.489404131213334, -21.619667417504157 ], [ -50.489332722273659, -21.619573197485348 ], [ -50.489263302248517, -21.619478984706902 ], [ -50.489262570241557, -21.619478000036427 ], [ -50.489191451506635, -21.61938317516902 ], [ -50.489123307641982, -21.619288366430755 ], [ -50.489121420453401, -21.61928580090153 ], [ -50.489051420410199, -21.61919280095303 ], [ -50.489051130655099, -21.619192417318473 ], [ -50.488979721715324, -21.619098197299529 ], [ -50.488910301690368, -21.619003984521314 ], [ -50.488840301578747, -21.618908984484179 ], [ -50.488839420009171, -21.618907800753803 ], [ -50.488769863842236, -21.618815390526386 ], [ -50.488700301357845, -21.618720984410729 ], [ -50.488699419788233, -21.618719800680317 ], [ -50.488630080868923, -21.618627679081772 ], [ -50.488560727913715, -21.618532566572846 ], [ -50.48855941956613, -21.618530800606429 ], [ -50.48848986339889, -21.618438390378614 ], [ -50.488420300914868, -21.618343984263447 ], [ -50.488419419345199, -21.61834280053295 ], [ -50.488350161490615, -21.61825078663465 ], [ -50.488281885937589, -21.61815678417614 ], [ -50.488280864612804, -21.618155395492252 ], [ -50.488211461894814, -21.618062197667932 ], [ -50.488144047519924, -21.617969007322799 ], [ -50.488076047409535, -21.617875007286084 ], [ -50.488075017001883, -21.617873600842227 ], [ -50.488007357052666, -21.617782407107818 ], [ -50.487942637739906, -21.617689250640833 ], [ -50.487893378501163, -21.617719173476807 ], [ -50.487910114657382, -21.617742216038991 ], [ -50.487910699836142, -21.617743015937794 ], [ -50.487980699790036, -21.617838015989594 ], [ -50.488050699678432, -21.617933015952495 ], [ -50.488120699566828, -21.618028015915382 ], [ -50.488121135516153, -21.618028604436535 ], [ -50.488191135471496, -21.618122604488175 ], [ -50.488260700852287, -21.618216020968028 ], [ -50.488330272455407, -21.61831143356827 ], [ -50.488331727053925, -21.618313393502152 ], [ -50.488401776304663, -21.618406134872764 ], [ -50.488470854461255, -21.618501857578551 ], [ -50.488471698943229, -21.618503015640876 ], [ -50.488541698897116, -21.618598015692644 ], [ -50.488542870020645, -21.6185995827928 ], [ -50.488613845370224, -21.618693230933218 ], [ -50.488682854124129, -21.618788857466516 ], [ -50.488684869795016, -21.61879158271773 ], [ -50.488755845144453, -21.618885230857945 ], [ -50.488824853898599, -21.618980857391584 ], [ -50.488826134395183, -21.618982604063664 ], [ -50.488895778470244, -21.619076126218737 ], [ -50.488966426671766, -21.619172645709448 ], [ -50.488966999949035, -21.619173423455447 ], [ -50.489038421200434, -21.61926964386782 ], [ -50.48910785344637, -21.619365857241274 ], [ -50.489109429866275, -21.619367999884375 ], [ -50.489180631236387, -21.619462935157042 ], [ -50.489249853219683, -21.619558857165934 ], [ -50.489250426150846, -21.619559645467707 ], [ -50.489321348354679, -21.619656539300564 ], [ -50.489391270762539, -21.619752433005413 ], [ -50.489391999267575, -21.619753423228708 ], [ -50.489463420518952, -21.619849643641068 ], [ -50.489532852765109, -21.619945857014827 ], [ -50.489533577779795, -21.619946852705837 ], [ -50.489605577731965, -21.620044852759172 ], [ -50.489605849591676, -21.620045221564958 ], [ -50.489676505299855, -21.620140756158452 ], [ -50.489748164913308, -21.620239288247223 ], [ -50.489748577435556, -21.620239852591347 ], [ -50.489820004846777, -21.620337073352516 ], [ -50.489889443205847, -21.620434287176415 ], [ -50.489890164616078, -21.620435288078504 ], [ -50.489962087098149, -21.620534181612541 ], [ -50.490033009782792, -21.620632075015948 ], [ -50.490033164384677, -21.620632288001531 ], [ -50.490105086865746, -21.620731181534179 ], [ -50.490176009551398, -21.620829074938982 ], [ -50.490176576742435, -21.620829852360714 ], [ -50.490248576694604, -21.620927852414024 ], [ -50.490319882515969, -21.621024907677832 ], [ -50.49039020450784, -21.621123952861137 ], [ -50.490391163805569, -21.621125287808919 ], [ -50.490463163756296, -21.62122428786239 ], [ -50.490464143836171, -21.621225619401212 ], [ -50.490536649699678, -21.621322956155954 ], [ -50.490608163524833, -21.62142128778542 ], [ -50.49060971131842, -21.621423376288931 ], [ -50.490682848058647, -21.621520233166873 ], [ -50.490702700836167, -21.621547635625628 ], [ -50.490758152110381, -21.621511778885047 ], [ -50.490687288299277, -21.621415963142727 ], [ -50.490615423876257, -21.621318147796114 ], [ -50.490615002548438, -21.621317577258864 ], [ -50.490543138886501, -21.621220761052133 ], [ -50.490470349187476, -21.621122046373475 ], [ -50.490398499636129, -21.621024251268981 ] ] ], [ [ [ -50.490146198182238, -21.620273210862013 ], [ -50.490076556602986, -21.620175712772856 ], [ -50.490075422469971, -21.620174147254076 ], [ -50.490003629397108, -21.620076429023214 ], [ -50.489931834895664, -21.619977711704372 ], [ -50.489931150311904, -21.619976778281686 ], [ -50.489860286501369, -21.619880962540112 ], [ -50.489788786804084, -21.619783643625571 ], [ -50.489719147044582, -21.619687142934918 ], [ -50.48971800063596, -21.619685576617496 ], [ -50.489646367043903, -21.61958907036588 ], [ -50.489576729048018, -21.619493566944822 ], [ -50.489576573754746, -21.619493354378179 ], [ -50.489505861562883, -21.619396747698445 ], [ -50.48943614659003, -21.619300142783811 ], [ -50.489434570035257, -21.619297999962626 ], [ -50.489363368508094, -21.619203064705598 ], [ -50.489294146363328, -21.619107142708479 ], [ -50.489292999954507, -21.619105576390758 ], [ -50.489221287905998, -21.619008964440912 ], [ -50.48915057313846, -21.61891235424169 ], [ -50.489149865506469, -21.618911395784263 ], [ -50.489080512552405, -21.618818264785791 ], [ -50.489011145911114, -21.61872214255817 ], [ -50.48900913010452, -21.618719417130077 ], [ -50.488938154600604, -21.618625769005444 ], [ -50.488869145685577, -21.618530142483223 ], [ -50.488867129878905, -21.618527417054999 ], [ -50.488795720939059, -21.61843319703598 ], [ -50.488726726158234, -21.618339561374555 ], [ -50.488657145348455, -21.618243142371202 ], [ -50.488655272845669, -21.618240606346138 ], [ -50.488585008750839, -21.618147580752296 ], [ -50.488515727355178, -21.618052566381976 ], [ -50.48851486449594, -21.618051395448109 ], [ -50.488444864451282, -21.617957395499751 ], [ -50.488375083094986, -21.617863689218478 ], [ -50.488305300244626, -21.617768984035337 ], [ -50.488235300133013, -21.617673983998213 ], [ -50.488165594044929, -21.617579382992844 ], [ -50.488129406759008, -21.617529559978962 ], [ -50.488127013352994, -21.617531076139866 ], [ -50.488197728482902, -21.617628683059305 ], [ -50.488267446379673, -21.617726288236806 ], [ -50.488337446264637, -21.617824288198566 ], [ -50.488338167675785, -21.617825289101926 ], [ -50.488409804619849, -21.617923790021035 ], [ -50.488479446033338, -21.618021288121685 ], [ -50.488479763315929, -21.618021730550346 ], [ -50.488551684579079, -21.618121621317602 ], [ -50.488622125642195, -21.618219842077831 ], [ -50.488691653199879, -21.618319167287453 ], [ -50.488693167093309, -21.618321288908106 ], [ -50.488765167044043, -21.618420288961559 ], [ -50.488836683239775, -21.618518623851656 ], [ -50.48890720744437, -21.618617953842183 ], [ -50.488907762614936, -21.618618730317213 ], [ -50.48897948357083, -21.618718342879841 ], [ -50.48905020720958, -21.61881795376415 ], [ -50.489050762380103, -21.618818730239131 ], [ -50.489122762329394, -21.618918730292727 ], [ -50.489124714252483, -21.618921377271285 ], [ -50.489197434280527, -21.619017682286955 ], [ -50.489267206859701, -21.619115953647942 ], [ -50.489268317762495, -21.619117496663257 ], [ -50.489341317713084, -21.619217496717418 ], [ -50.489341873731604, -21.61921825321734 ], [ -50.489415190232783, -21.619317329689657 ], [ -50.489487522159408, -21.619418396342841 ], [ -50.489488873494295, -21.619420253138379 ], [ -50.489562594083367, -21.6195198756756 ], [ -50.489635317240847, -21.619619496560347 ], [ -50.489636429561742, -21.619620999787379 ], [ -50.489710868201449, -21.619720251424379 ], [ -50.489783317005859, -21.619819496482219 ], [ -50.489785280924217, -21.619822123743798 ], [ -50.489859852181567, -21.619919563632131 ], [ -50.48993414972108, -21.620018627134527 ], [ -50.490007872743455, -21.620118252959372 ], [ -50.49008187262595, -21.620218252920278 ], [ -50.490082985243063, -21.620219736498481 ], [ -50.490158917650511, -21.620319647676475 ], [ -50.49023335740965, -21.62041790827309 ], [ -50.490306872274537, -21.620517252803477 ], [ -50.490308847713585, -21.620519860247324 ], [ -50.490384562592787, -21.620617492701744 ], [ -50.490459279945902, -21.620715123487987 ], [ -50.490464727446692, -21.620711478378997 ], [ -50.490431708064328, -21.620666535385237 ], [ -50.490360990257933, -21.620568925011696 ], [ -50.49036083552285, -21.620568711843127 ], [ -50.490288912876075, -21.620469818325002 ], [ -50.49021799002653, -21.620371924934737 ], [ -50.49021783529146, -21.620371711766154 ], [ -50.490146198182238, -21.620273210862013 ] ] ], [ [ [ -50.484799535369625, -21.618710400458415 ], [ -50.484755976002283, -21.618740023292126 ], [ -50.484789251211296, -21.618782805752506 ], [ -50.48482061759514, -21.618826528644266 ], [ -50.484822121493266, -21.618828586418864 ], [ -50.484888668067391, -21.618917977445989 ], [ -50.484955221349445, -21.619009364153467 ], [ -50.484956739455292, -21.619011410598763 ], [ -50.485024739413809, -21.619101410648728 ], [ -50.485066780720956, -21.619073637161392 ], [ -50.485022496752755, -21.619013250005182 ], [ -50.485021878705489, -21.619012413535962 ], [ -50.484954878662691, -21.618922413585398 ], [ -50.484888639985222, -21.618833436363921 ], [ -50.484823382394694, -21.618742471350323 ], [ -50.484821878385873, -21.618740413429666 ], [ -50.484799535369625, -21.618710400458415 ] ] ], [ [ [ -50.485142878406535, -21.618753413431229 ], [ -50.485133675704375, -21.618741051607291 ], [ -50.485090268938642, -21.618768040436315 ], [ -50.485153529899335, -21.61885700127522 ], [ -50.485215810154287, -21.618947950338505 ], [ -50.485217268725023, -21.618950040365274 ], [ -50.485228967949766, -21.618966492420878 ], [ -50.48527726044243, -21.618934589251715 ], [ -50.485210028882108, -21.61884560640868 ], [ -50.485143778463062, -21.618754635794435 ], [ -50.485142878406535, -21.618753413431229 ] ] ], [ [ [ -50.482911466069687, -21.619945586705576 ], [ -50.482911008894398, -21.619944951754977 ], [ -50.482848008850716, -21.619857951801798 ], [ -50.482847834569739, -21.619857711647825 ], [ -50.482783834525911, -21.619769711695344 ], [ -50.48278224699213, -21.619767570589485 ], [ -50.482718609314212, -21.619683373145772 ], [ -50.482656912139909, -21.619596213754757 ], [ -50.482655202413987, -21.619593849475724 ], [ -50.482590285994952, -21.619505962737076 ], [ -50.482526764167801, -21.619419612857794 ], [ -50.482470153760325, -21.619341152916107 ], [ -50.482460887828729, -21.619329600332872 ], [ -50.482452887826192, -21.619320600338469 ], [ -50.48241275477902, -21.619351791722483 ], [ -50.482422647979824, -21.61936557155504 ], [ -50.482423914886553, -21.619367308739715 ], [ -50.482483170495264, -21.619447303907826 ], [ -50.482542444379845, -21.619530287449567 ], [ -50.482543914692684, -21.619532308675222 ], [ -50.48260366239559, -21.619612968170859 ], [ -50.482662484009865, -21.619693357808679 ], [ -50.482719584841256, -21.619775071171894 ], [ -50.482721412035716, -21.61977762621212 ], [ -50.482781411995347, -21.619859626256584 ], [ -50.482782601128271, -21.619861228114789 ], [ -50.482842301891587, -21.619940502992787 ], [ -50.482899057051682, -21.620020743147457 ], [ -50.482900411747863, -21.62002262611642 ], [ -50.482960411707502, -21.620104626160884 ], [ -50.482960914019394, -21.620105308451269 ], [ -50.483020913980461, -21.62018630849559 ], [ -50.483021429024703, -21.620186999496163 ], [ -50.483064005287858, -21.620243767914417 ], [ -50.483067987387855, -21.620242049346384 ], [ -50.483108556494287, -21.620216712816919 ], [ -50.483103556490697, -21.620209712820639 ], [ -50.483103289041978, -21.620209339649612 ], [ -50.483039288996707, -21.62012033969728 ], [ -50.483037730753118, -21.620118213937605 ], [ -50.482973611028449, -21.62003239225464 ], [ -50.482911466069687, -21.619945586705576 ] ] ], [ [ [ -50.483443937670216, -21.619289163347805 ], [ -50.483377812629158, -21.619202312648628 ], [ -50.483332754672539, -21.619140617982577 ], [ -50.483366945564391, -21.61918858735406 ], [ -50.483433536725272, -21.619284001677496 ], [ -50.483433770046979, -21.619284334985011 ], [ -50.483499653030179, -21.619378168445095 ], [ -50.483566536502344, -21.619474001603471 ], [ -50.483567359996833, -21.619475169156242 ], [ -50.483634063287091, -21.619568752994873 ], [ -50.483699769663815, -21.619662334923753 ], [ -50.483699943467315, -21.619662581911275 ], [ -50.483751563546143, -21.619735774653645 ], [ -50.483767730308912, -21.619725213772458 ], [ -50.483703376190249, -21.619639078362255 ], [ -50.483641008510205, -21.619552951671455 ], [ -50.48363924675467, -21.619550570493065 ], [ -50.48357472818855, -21.619465207567021 ], [ -50.483510202238698, -21.619377849462364 ], [ -50.483509729899922, -21.619377213636461 ], [ -50.483444729858846, -21.619290213684355 ], [ -50.483443937670216, -21.619289163347805 ] ] ], [ [ [ -50.483312008392495, -21.619506951575964 ], [ -50.4832490083488, -21.619419951622785 ], [ -50.483248540236715, -21.619419308912928 ], [ -50.483186098632402, -21.6193340712713 ], [ -50.483124646557933, -21.619247840242441 ], [ -50.483124465204341, -21.619247586343995 ], [ -50.483061465159224, -21.619159586390964 ], [ -50.483060368992312, -21.619158075955959 ], [ -50.482996690131444, -21.619071512609224 ], [ -50.482934007837834, -21.618984951452926 ], [ -50.482933539725678, -21.618984308742963 ], [ -50.48287060146022, -21.618898393119792 ], [ -50.482861598745693, -21.618886066341062 ], [ -50.482799631265827, -21.618925924019376 ], [ -50.482863631223438, -21.619012924066741 ], [ -50.482863798240395, -21.619013150643337 ], [ -50.482928566530717, -21.619100837049558 ], [ -50.482993336591669, -21.619189522317733 ], [ -50.482993798032417, -21.619190150574173 ], [ -50.483058566322704, -21.619277836980345 ], [ -50.483123336383706, -21.619366522248583 ], [ -50.483125062225525, -21.619368836503991 ], [ -50.48319166359483, -21.619456313030632 ], [ -50.483256032877279, -21.619542468941184 ], [ -50.483320797576205, -21.619630150484735 ], [ -50.483321753141176, -21.619631429359636 ], [ -50.483385859472214, -21.619716247066524 ], [ -50.483447991304615, -21.619802048273208 ], [ -50.483449269588959, -21.619803786079377 ], [ -50.483514269547882, -21.619890786127268 ], [ -50.483565436069917, -21.619857361775878 ], [ -50.483563832715582, -21.61985510131197 ], [ -50.483562369808823, -21.619853076227589 ], [ -50.483499343084162, -21.619767399378095 ], [ -50.48343928468055, -21.619681742419647 ], [ -50.483436893828227, -21.619678433134091 ], [ -50.483373783314192, -21.619593628482523 ], [ -50.483312646863261, -21.619507840343871 ], [ -50.483312008392495, -21.619506951575964 ] ] ], [ [ [ -50.483861978146813, -21.619420630765912 ], [ -50.483863284805693, -21.619422451674328 ], [ -50.483925284763608, -21.61950745172031 ], [ -50.483986160303857, -21.619590910225174 ], [ -50.484045078820671, -21.619676342185496 ], [ -50.484046630779545, -21.61967854803202 ], [ -50.484067963905495, -21.619708274556039 ], [ -50.484092056554218, -21.619693417971881 ], [ -50.484025056504201, -21.619598418022026 ], [ -50.483958143429192, -21.61950354139487 ], [ -50.483892230146601, -21.619409665021713 ], [ -50.48389163991115, -21.619408830690642 ], [ -50.483825054630714, -21.619315412653872 ], [ -50.483758463306849, -21.619219998342452 ], [ -50.48375822986317, -21.619219664861557 ], [ -50.483692346719728, -21.619125831414031 ], [ -50.483625463083925, -21.619029998268442 ], [ -50.483624639465056, -21.619028830542305 ], [ -50.483557639416468, -21.618934830592305 ], [ -50.483528517601762, -21.618952979585238 ], [ -50.48355763164033, -21.618993548378061 ], [ -50.48355781395454, -21.618993801843384 ], [ -50.483619393153077, -21.619079218257237 ], [ -50.483678978448488, -21.619163630866126 ], [ -50.483679813753739, -21.619164801776623 ], [ -50.483741489053813, -21.619250351492671 ], [ -50.483802072926615, -21.61933576492936 ], [ -50.483861978146813, -21.619420630765912 ] ] ], [ [ [ -50.484180715152284, -21.619344548257168 ], [ -50.484119375768074, -21.619260454043346 ], [ -50.484060021668476, -21.619176369175307 ], [ -50.484059831879563, -21.619176100957301 ], [ -50.483998831834747, -21.619090101002872 ], [ -50.483998186148561, -21.619089198074807 ], [ -50.483936606806289, -21.619003781674028 ], [ -50.483877021366801, -21.618919369075105 ], [ -50.48387618594775, -21.618918198008043 ], [ -50.48381427720475, -21.6188323246968 ], [ -50.483753507388926, -21.618747645550801 ], [ -50.483691645886083, -21.61866084000259 ], [ -50.483690714289942, -21.618659547910305 ], [ -50.483629509506642, -21.618575638229885 ], [ -50.48356928329882, -21.618489741944604 ], [ -50.483568185442785, -21.618488197840168 ], [ -50.483506185399243, -21.618402197886294 ], [ -50.483504405252944, -21.618399781916338 ], [ -50.483452067090688, -21.618330270377111 ], [ -50.483433167164137, -21.618342288846662 ], [ -50.483496432794105, -21.618429279195155 ], [ -50.483556716767445, -21.618515258086465 ], [ -50.483557354325427, -21.61851616001703 ], [ -50.483619033640949, -21.61860271013343 ], [ -50.483679716563245, -21.618689258018662 ], [ -50.483680814304428, -21.618690801965457 ], [ -50.483742814260886, -21.618776802011595 ], [ -50.483743285557324, -21.618777451930171 ], [ -50.483804161154879, -21.618860910513558 ], [ -50.483863079671089, -21.618946342473009 ], [ -50.483864631630809, -21.618948548320759 ], [ -50.483925631587425, -21.61903354836619 ], [ -50.483926285255478, -21.61903445182972 ], [ -50.483988285213378, -21.619119451875708 ], [ -50.484050285113526, -21.619204451842517 ], [ -50.4840505924154, -21.619204871555453 ], [ -50.484111592374902, -21.619287871600608 ], [ -50.484112593687705, -21.619289217624726 ], [ -50.484175840622598, -21.619373217559161 ], [ -50.484236105761184, -21.619456205720002 ], [ -50.484236284759668, -21.619456451664902 ], [ -50.484298284717568, -21.619541451710887 ], [ -50.484299262174638, -21.619542775882039 ], [ -50.484361262135451, -21.61962577592773 ], [ -50.484361932409186, -21.619626666071181 ], [ -50.484417115414502, -21.619699367575546 ], [ -50.484430935160432, -21.619693685200719 ], [ -50.484425661878888, -21.619686474804109 ], [ -50.484364044111487, -21.619601998936009 ], [ -50.484304155832767, -21.619518548160261 ], [ -50.484244920993135, -21.61943265775464 ], [ -50.484242715194377, -21.61942954821118 ], [ -50.484180715152284, -21.619344548257168 ] ] ], [ [ [ -50.484553230351985, -21.619377883559196 ], [ -50.484491804732393, -21.619293671118573 ], [ -50.484430894055215, -21.619209794223327 ], [ -50.484429406208186, -21.619207782228415 ], [ -50.484365910907599, -21.619123452631506 ], [ -50.484305561488917, -21.619041337947596 ], [ -50.484243714702487, -21.618956548101753 ], [ -50.484182043259835, -21.618871998646739 ], [ -50.484122154982032, -21.618788547872288 ], [ -50.484062920142726, -21.618702657467107 ], [ -50.484060714342881, -21.61869954792213 ], [ -50.483998950892818, -21.618614872327996 ], [ -50.483937739720162, -21.618529966613334 ], [ -50.483877283250855, -21.618443741922999 ], [ -50.48387664557896, -21.618442839833573 ], [ -50.48381496611691, -21.618356289729842 ], [ -50.483754283046665, -21.618269741855197 ], [ -50.48375283273797, -21.61826771100392 ], [ -50.483688832694156, -21.61817971105144 ], [ -50.483668134187646, -21.618192873238591 ], [ -50.483728971852372, -21.618273393771702 ], [ -50.483795222119156, -21.618364364397724 ], [ -50.483795504065647, -21.61836475020645 ], [ -50.483860749806368, -21.618453721779627 ], [ -50.483925014631055, -21.618544681338658 ], [ -50.483927121835386, -21.618547586520922 ], [ -50.483994121792584, -21.618637586570351 ], [ -50.484060497493829, -21.618726748066621 ], [ -50.484124885991299, -21.618815901480357 ], [ -50.484189885885584, -21.618905901445217 ], [ -50.484191121412373, -21.618907586380228 ], [ -50.484257497176479, -21.618996747960942 ], [ -50.484321885674134, -21.619085901374948 ], [ -50.484386885568441, -21.619175901339801 ], [ -50.484387798023285, -21.619177150595004 ], [ -50.484452797980758, -21.619265150643066 ], [ -50.484453430067752, -21.619265999876347 ], [ -50.484518647773839, -21.619352956920846 ], [ -50.484582885255939, -21.619441901235977 ], [ -50.484583336209319, -21.619442522151576 ], [ -50.48464833616535, -21.619531522199786 ], [ -50.484648797606127, -21.619532150456294 ], [ -50.484690202022705, -21.619588205733795 ], [ -50.484690362311838, -21.619588140808069 ], [ -50.484693061351678, -21.619586985597259 ], [ -50.484705797635392, -21.619581236478929 ], [ -50.484678232546905, -21.61954389027435 ], [ -50.484677067484689, -21.619542333783304 ], [ -50.48461440437665, -21.619459777721019 ], [ -50.484553230351985, -21.619377883559196 ] ] ], [ [ [ -50.483434816046731, -21.618821808288899 ], [ -50.483496353928359, -21.618908159940581 ], [ -50.483496631683735, -21.618908548332616 ], [ -50.483521434156181, -21.618943109197946 ], [ -50.483562886674328, -21.618916784442874 ], [ -50.483494477015959, -21.618822597348281 ], [ -50.483428055483373, -21.618728417682632 ], [ -50.483427471245541, -21.618727595409204 ], [ -50.483359471196813, -21.618632595459882 ], [ -50.483359048143654, -21.618632007552488 ], [ -50.483291048096362, -21.618538007603046 ], [ -50.483290886229177, -21.618537784294837 ], [ -50.483221886181759, -21.61844278434608 ], [ -50.483179443947549, -21.618469737764226 ], [ -50.483184716818158, -21.618477258097538 ], [ -50.483187594642963, -21.618481217936814 ], [ -50.483250691421034, -21.618565018444141 ], [ -50.48331126019324, -21.618649033296428 ], [ -50.483371716515286, -21.618735257997038 ], [ -50.483373285610263, -21.618737451941982 ], [ -50.483434816046731, -21.618821808288899 ] ] ], [ [ [ -50.48405063709955, -21.618201442383931 ], [ -50.483983777693339, -21.618109635550191 ], [ -50.483982259458749, -21.618107588936244 ], [ -50.483915027898405, -21.618018606093173 ], [ -50.483848777479508, -21.617927635479131 ], [ -50.483841035664319, -21.617932565208076 ], [ -50.483886384984629, -21.617994587148047 ], [ -50.483887431552382, -21.617996000375047 ], [ -50.483956431509306, -21.618088000425846 ], [ -50.483957976754752, -21.618090023520864 ], [ -50.484027116335199, -21.618178917367672 ], [ -50.484094278451806, -21.618268796187952 ], [ -50.484094431231476, -21.618269000268413 ], [ -50.484163354640572, -21.618360898255389 ], [ -50.484231199989473, -21.618451691403173 ], [ -50.484297973713723, -21.618541387557286 ], [ -50.484365522444016, -21.618632777125672 ], [ -50.484388768120958, -21.618664696601581 ], [ -50.484381113927675, -21.618654098500816 ], [ -50.484316113821968, -21.618564098465679 ], [ -50.484314878170196, -21.618562413364319 ], [ -50.484247878127384, -21.618472413413738 ], [ -50.484181950488519, -21.61838385400511 ], [ -50.484117985180582, -21.618293318606348 ], [ -50.484116495836282, -21.618291249643267 ], [ -50.48405063709955, -21.618201442383931 ] ] ], [ [ [ -50.483232045227332, -21.61415833816449 ], [ -50.483232563952917, -21.614157997978982 ], [ -50.483218207335597, -21.614138855845159 ], [ -50.483232045227332, -21.61415833816449 ] ] ], [ [ [ -50.482634043647771, -21.614773006022936 ], [ -50.482566043600499, -21.614679006073466 ], [ -50.482498043490097, -21.614585006036762 ], [ -50.482497881622628, -21.614584782728148 ], [ -50.482429175407667, -21.614490187331164 ], [ -50.482361466257998, -21.614395593784089 ], [ -50.482360296154091, -21.61439398266663 ], [ -50.482290453835411, -21.614299196777001 ], [ -50.482222746242456, -21.6142065967992 ], [ -50.482153881131254, -21.614111782631799 ], [ -50.482153610516335, -21.614111411289347 ], [ -50.482085666531809, -21.614018488011784 ], [ -50.482015722443506, -21.613922564807673 ], [ -50.482015012304217, -21.61392159933342 ], [ -50.481946012259691, -21.613828599384366 ], [ -50.48194541398599, -21.613827798804017 ], [ -50.481875413942767, -21.613734798855479 ], [ -50.481874958673814, -21.613734197262481 ], [ -50.481805489747359, -21.613642895350793 ], [ -50.481737011933035, -21.613550599275815 ], [ -50.481736413659284, -21.613549798695416 ], [ -50.481666413616068, -21.613456798746878 ], [ -50.481665958347115, -21.613456197153898 ], [ -50.481596411855435, -21.613364793299375 ], [ -50.481526858885765, -21.613271393707649 ], [ -50.481524881790698, -21.613268800155399 ], [ -50.481454424334267, -21.613178495629537 ], [ -50.481385186367532, -21.613087497263674 ], [ -50.481315413073091, -21.612994798566497 ], [ -50.481314957804145, -21.612994196973496 ], [ -50.481245030915467, -21.612902293168812 ], [ -50.481176103861884, -21.612811389478821 ], [ -50.481175957589073, -21.612811196902051 ], [ -50.481147359595766, -21.61277361101137 ], [ -50.481188951503313, -21.612832584686267 ], [ -50.48119039096359, -21.612834589088539 ], [ -50.481257662172887, -21.612926592472682 ], [ -50.481323951282683, -21.613020584613015 ], [ -50.481390951171207, -21.613115584575972 ], [ -50.481391196001397, -21.613115930641705 ], [ -50.481457073210088, -21.613208757735052 ], [ -50.481523950950603, -21.613303584502706 ], [ -50.481524121199676, -21.613303825377013 ], [ -50.481592121149525, -21.613399825427845 ], [ -50.481592792699679, -21.613400765493662 ], [ -50.48165936855878, -21.61349317687576 ], [ -50.481725950617339, -21.613587584392032 ], [ -50.48172653473204, -21.613588406494241 ], [ -50.481794534683331, -21.613683406544926 ], [ -50.481794792367431, -21.613683765383165 ], [ -50.48186107063416, -21.613775763689112 ], [ -50.481926366898534, -21.613869750857599 ], [ -50.48192898773285, -21.613873400565513 ], [ -50.481997039234287, -21.613965122264819 ], [ -50.482064120374908, -21.614059825170543 ], [ -50.482065389522816, -21.614061588609175 ], [ -50.482132958650972, -21.614153999441374 ], [ -50.482200534020031, -21.614248406324499 ], [ -50.482201987290019, -21.614250400418189 ], [ -50.482270251645289, -21.614342409007545 ], [ -50.482337533799281, -21.614436406251162 ], [ -50.482337956726916, -21.614436993985592 ], [ -50.482405956679642, -21.614530994036137 ], [ -50.482406547978883, -21.614531805468786 ], [ -50.482475547932907, -21.614625805519861 ], [ -50.48247613956751, -21.61462660573067 ], [ -50.482545761810393, -21.614720098568217 ], [ -50.482613388704124, -21.614812588402589 ], [ -50.482614584835481, -21.614814200691598 ], [ -50.482684361216066, -21.614906903706007 ], [ -50.482754139193851, -21.615000605672915 ], [ -50.482754584615719, -21.615001200618547 ], [ -50.482824584572505, -21.615094200670018 ], [ -50.482894584463224, -21.615187200633695 ], [ -50.482918835254949, -21.615171239908875 ], [ -50.482907176188959, -21.615155187591391 ], [ -50.482839467038723, -21.615060594043538 ], [ -50.482771466927197, -21.614965594006467 ], [ -50.482770882068849, -21.614964782876548 ], [ -50.482702592408877, -21.614870760997011 ], [ -50.482635285541079, -21.614774749852224 ], [ -50.482634043647771, -21.614773006022936 ] ] ], [ [ [ -50.4823875934066, -21.615440769606124 ], [ -50.482321894294735, -21.61534819370172 ], [ -50.482256981621269, -21.615256317419046 ], [ -50.482256209445843, -21.615255235116166 ], [ -50.482190023378585, -21.615163365018169 ], [ -50.482125814390628, -21.615070509063727 ], [ -50.482124550469685, -21.615068710739632 ], [ -50.482059550422846, -21.614977710788121 ], [ -50.48205920911947, -21.61497723500764 ], [ -50.481992293561291, -21.614884352333164 ], [ -50.481927105089895, -21.614793483668784 ], [ -50.48186281395661, -21.614700508919817 ], [ -50.481861208791912, -21.614698234898718 ], [ -50.481794508780936, -21.614605651416451 ], [ -50.481728805667544, -21.614513069873372 ], [ -50.481727773411123, -21.6145116340554 ], [ -50.481660991721142, -21.614419933936698 ], [ -50.481594508454869, -21.614327651308457 ], [ -50.48152880534122, -21.614235069764998 ], [ -50.481528633860393, -21.614234828657523 ], [ -50.481461633811811, -21.614140828707512 ], [ -50.481460610536736, -21.614139411308294 ], [ -50.481392691788272, -21.614046522544729 ], [ -50.481325772819353, -21.613954633923523 ], [ -50.481325610319438, -21.613954411236037 ], [ -50.481258126330651, -21.613862117070031 ], [ -50.481191633375076, -21.613768828562474 ], [ -50.481190610099823, -21.613767411162982 ], [ -50.48112261005398, -21.613674411213385 ], [ -50.481122012000476, -21.613673599244596 ], [ -50.481053531529817, -21.613581299590443 ], [ -50.480986124897086, -21.613488119947853 ], [ -50.480919207324, -21.613395234476357 ], [ -50.480918609661714, -21.613394411017339 ], [ -50.480850745167928, -21.613301596454995 ], [ -50.480781880055886, -21.613206782286458 ], [ -50.480781609440918, -21.613206410943928 ], [ -50.480713826331183, -21.613113707686217 ], [ -50.480646124348247, -21.613020119766215 ], [ -50.480579335903158, -21.612927413532031 ], [ -50.480511464410235, -21.61283259318235 ], [ -50.480510449991129, -21.612831193753358 ], [ -50.480441747068554, -21.612737598581067 ], [ -50.480374041198182, -21.612644005287123 ], [ -50.480306253322105, -21.612550298633 ], [ -50.48023846396763, -21.61245559303531 ], [ -50.480237879108678, -21.612454781904553 ], [ -50.480168879061246, -21.612359781955785 ], [ -50.480168293751376, -21.612358981879709 ], [ -50.480098451431658, -21.612264195988644 ], [ -50.480031039051653, -21.612171999757795 ], [ -50.479963463523823, -21.612077592887896 ], [ -50.479962293418986, -21.612075981769166 ], [ -50.479892587397046, -21.611981380853592 ], [ -50.479823878505762, -21.611886781771158 ], [ -50.479823293195807, -21.611885981694968 ], [ -50.479753293149692, -21.611790981746733 ], [ -50.479751673308158, -21.611788825716545 ], [ -50.479680270673384, -21.611695605717308 ], [ -50.479611586399443, -21.611603372659104 ], [ -50.479597788961257, -21.611584176247078 ], [ -50.479590326905097, -21.611589174243345 ], [ -50.479661286634375, -21.611681816219196 ], [ -50.479730280197757, -21.611776436077619 ], [ -50.479731438849463, -21.611778002807732 ], [ -50.479802773021731, -21.611873115149994 ], [ -50.479870991535861, -21.611967039305817 ], [ -50.479940862088874, -21.612063860048899 ], [ -50.479942877761786, -21.612066585302877 ], [ -50.480014286547238, -21.612160805338057 ], [ -50.480083706414611, -21.612255018127996 ], [ -50.480153280992937, -21.612349440884127 ], [ -50.48022286164025, -21.612445859899886 ], [ -50.480224142138759, -21.612447606574616 ], [ -50.48029341254221, -21.612540626941875 ], [ -50.480361700344581, -21.612635636175551 ], [ -50.480362550216292, -21.612636806201479 ], [ -50.480431122108577, -21.612730223095731 ], [ -50.480499700121484, -21.612825636101412 ], [ -50.480501141692386, -21.612827606426134 ], [ -50.480569904031569, -21.612919944535385 ], [ -50.480636716638728, -21.613015250875439 ], [ -50.480637535415511, -21.613016406709907 ], [ -50.480705535366802, -21.613111406760581 ], [ -50.480706120097871, -21.613112217716001 ], [ -50.480774826153656, -21.613206813126542 ], [ -50.480842411343666, -21.613301233730422 ], [ -50.480910823919416, -21.613397408052663 ], [ -50.480976367354074, -21.613491750997298 ], [ -50.480978119649357, -21.613494217566814 ], [ -50.481046615922729, -21.613588524146362 ], [ -50.481113830523554, -21.61368341546752 ], [ -50.481180543155247, -21.613779003839007 ], [ -50.481181957509229, -21.613780994234094 ], [ -50.481249036431947, -21.613873721095533 ], [ -50.481315144510482, -21.613969429930453 ], [ -50.481315366733227, -21.613969750724753 ], [ -50.48138136668193, -21.614064750774311 ], [ -50.481381950007055, -21.61406558411112 ], [ -50.481448832348356, -21.614160417402577 ], [ -50.481516715181471, -21.614257250391656 ], [ -50.481516949781756, -21.614257584036281 ], [ -50.481583949731757, -21.614352584086404 ], [ -50.481650656361467, -21.61444716823442 ], [ -50.481715676794153, -21.614540758373188 ], [ -50.481780004872192, -21.614636755788652 ], [ -50.48178236564376, -21.614640171060863 ], [ -50.481848656608967, -21.614733176413282 ], [ -50.481913965259167, -21.614828170937823 ], [ -50.481915365420782, -21.614830170986718 ], [ -50.481981359596368, -21.614922759947522 ], [ -50.482045389443648, -21.615017327232426 ], [ -50.482047365197801, -21.615020170912544 ], [ -50.482113656163264, -21.615113176265346 ], [ -50.482178964813585, -21.615208170790069 ], [ -50.48217918548707, -21.615208490842296 ], [ -50.482244185435924, -21.615302490891196 ], [ -50.482245364864504, -21.615304170801735 ], [ -50.482312155864932, -21.615397877696431 ], [ -50.482378772113435, -21.615492333691499 ], [ -50.482443596892239, -21.615585083109767 ], [ -50.482443948223569, -21.615585583518492 ], [ -50.482510948173555, -21.615680583568626 ], [ -50.482511193003319, -21.615680929633747 ], [ -50.482577192954892, -21.615773929683044 ], [ -50.482577364312824, -21.61577417061833 ], [ -50.482644364264267, -21.615868170668342 ], [ -50.482677838304447, -21.615847308352354 ], [ -50.482652403472585, -21.61581091702401 ], [ -50.482650774934122, -21.615808634562093 ], [ -50.48258481333459, -21.615718060537219 ], [ -50.482520815041674, -21.615625509279614 ], [ -50.48251894068985, -21.615622862862274 ], [ -50.482453160426196, -21.615532165943748 ], [ -50.4823875934066, -21.615440769606124 ] ] ], [ [ [ -50.480006730750127, -21.611783977712793 ], [ -50.48007741088815, -21.611873309653085 ], [ -50.480146142765939, -21.611965606854358 ], [ -50.480147648083729, -21.611967592425508 ], [ -50.480218648043291, -21.612059592477326 ], [ -50.480219730424658, -21.612060977604802 ], [ -50.480290875976642, -21.612150897776843 ], [ -50.48035981467843, -21.612241503031715 ], [ -50.480429587821469, -21.612334201744325 ], [ -50.480431252112567, -21.612336370065012 ], [ -50.480502641861143, -21.612427590401349 ], [ -50.480572042807502, -21.612518803178379 ], [ -50.480572507905435, -21.612519411116509 ], [ -50.480642507865127, -21.612610411167633 ], [ -50.480643251789374, -21.612611369957737 ], [ -50.48071440883146, -21.612702292946768 ], [ -50.480783587280776, -21.612794201564782 ], [ -50.480784042416751, -21.612794802983444 ], [ -50.480854042374993, -21.612886803034737 ], [ -50.480923969047403, -21.612978706767461 ], [ -50.480992895952618, -21.613069610472444 ], [ -50.480993042093552, -21.613069802876062 ], [ -50.481062813598044, -21.613161502673769 ], [ -50.481132586740173, -21.613254201385161 ], [ -50.481133041876134, -21.613254802803809 ], [ -50.48120304183437, -21.613346802855116 ], [ -50.48120411810298, -21.613348199695384 ], [ -50.481274114239042, -21.613437913154034 ], [ -50.481343140926604, -21.613530606243515 ], [ -50.481344041550571, -21.613531802695672 ], [ -50.48141381305448, -21.61362350249259 ], [ -50.481483285614573, -21.613715801859129 ], [ -50.481551987879676, -21.613808400674436 ], [ -50.481553041223883, -21.613809802587085 ], [ -50.481622812727835, -21.613901502384074 ], [ -50.481692285287835, -21.613993801750507 ], [ -50.481760630391626, -21.614085919174261 ], [ -50.481830277367102, -21.614181435142523 ], [ -50.481830389387511, -21.614181588558697 ], [ -50.481898253726499, -21.614274403135312 ], [ -50.481922766891778, -21.614308153186819 ], [ -50.481909633687224, -21.614289249356336 ], [ -50.481909050239778, -21.614288415846929 ], [ -50.481842050189776, -21.614193415897052 ], [ -50.481775167625074, -21.61409858253074 ], [ -50.481707284627355, -21.614001749555236 ], [ -50.481707049903015, -21.614001415735046 ], [ -50.481640343050998, -21.613906831513461 ], [ -50.481574744466016, -21.613812409430224 ], [ -50.481507855297963, -21.613715570015014 ], [ -50.481506042396667, -21.613713005613146 ], [ -50.481438758324785, -21.613619995393925 ], [ -50.481372456654, -21.613524996106928 ], [ -50.481371879031556, -21.613524174586921 ], [ -50.4813038789814, -21.613428174637718 ], [ -50.481302880256457, -21.613426782280005 ], [ -50.481234769867378, -21.613333007222618 ], [ -50.481169632455597, -21.613239248947675 ], [ -50.481168711834691, -21.613237939405725 ], [ -50.481099711784395, -21.613140939457228 ], [ -50.481099464715484, -21.613140593210698 ], [ -50.481031464666763, -21.613045593261383 ], [ -50.481030879807953, -21.613044782130824 ], [ -50.48096217359344, -21.61295018673442 ], [ -50.480894876796555, -21.612856169268188 ], [ -50.480827283170122, -21.612759749071458 ], [ -50.480824858209331, -21.612756393421805 ], [ -50.48075558765094, -21.61266337306887 ], [ -50.48068729968864, -21.612568363847355 ], [ -50.480686449687504, -21.612567193646118 ], [ -50.480617877638949, -21.612473776765885 ], [ -50.480549299465558, -21.612378363773239 ], [ -50.480547857762964, -21.612376393273326 ], [ -50.480478504809774, -21.612283262276009 ], [ -50.480409138169506, -21.612187140049816 ], [ -50.480408293554596, -21.612185981807993 ], [ -50.480338293508481, -21.612090981859758 ], [ -50.48026829339689, -21.611995981822677 ], [ -50.480267122137853, -21.611994414544942 ], [ -50.480196146634313, -21.611900766420813 ], [ -50.480127137720892, -21.611805139900806 ], [ -50.48012687835174, -21.611804781646814 ], [ -50.480057878304322, -21.611709781698025 ], [ -50.480056561052173, -21.611707997039257 ], [ -50.479985145853405, -21.611612776886876 ], [ -50.479915719612876, -21.61151756387255 ], [ -50.479913672992559, -21.611514825605287 ], [ -50.479841672950528, -21.611420825657945 ], [ -50.479768318694902, -21.611469957464049 ], [ -50.479792588799327, -21.611502202069101 ], [ -50.479792735117016, -21.611502396123878 ], [ -50.479863661763005, -21.611596299116801 ], [ -50.479933588579591, -21.611689201996079 ], [ -50.479934648409291, -21.611690592533609 ], [ -50.480005648368845, -21.611782592585431 ], [ -50.480006730750127, -21.611783977712793 ] ] ], [ [ [ -50.483512191565026, -21.613137202629876 ], [ -50.483442948617792, -21.613039273442251 ], [ -50.483441981322208, -21.613037921995797 ], [ -50.483370981273069, -21.612939922048543 ], [ -50.483370413946588, -21.612939144443068 ], [ -50.483298986374734, -21.612841923699495 ], [ -50.483229547852659, -21.612744709889775 ], [ -50.483228826307439, -21.612743708802896 ], [ -50.48315718919919, -21.612645207900044 ], [ -50.483087547621409, -21.612547709812937 ], [ -50.483087387300692, -21.612547485816446 ], [ -50.483016467456878, -21.612448597706891 ], [ -50.482946547390171, -21.612350709736081 ], [ -50.482945413253738, -21.612349144212587 ], [ -50.482874190526175, -21.612252202284711 ], [ -50.482804947579119, -21.612154273097349 ], [ -50.482803720335973, -21.612152564003964 ], [ -50.482733720288415, -21.612056564055862 ], [ -50.482733412909653, -21.61205614409813 ], [ -50.482662190182005, -21.611959202170123 ], [ -50.48259294723524, -21.611861272983187 ], [ -50.482591564763496, -21.611859351411841 ], [ -50.482551734566876, -21.611804935575794 ], [ -50.482564316716484, -21.611822688494442 ], [ -50.482635512384903, -21.611927504478697 ], [ -50.482637684205116, -21.611930612938234 ], [ -50.482711033077365, -21.612032706766538 ], [ -50.4827832323396, -21.612136555154596 ], [ -50.482854068952257, -21.612239318262489 ], [ -50.482855300271886, -21.612241076347146 ], [ -50.482928951148516, -21.61234458581804 ], [ -50.483000606312643, -21.612447092642828 ], [ -50.483001144610306, -21.612447857408718 ], [ -50.483074144556554, -21.612550857463258 ], [ -50.483147144435691, -21.612653857423101 ], [ -50.483147299787234, -21.61265407618604 ], [ -50.483221221882729, -21.61275796682957 ], [ -50.483294144192776, -21.612860857342376 ], [ -50.483367144071906, -21.612963857302226 ], [ -50.483367299423413, -21.612964076065129 ], [ -50.483441299369524, -21.613068076120371 ], [ -50.483441923177992, -21.613068945975268 ], [ -50.483513790076493, -21.613168378383524 ], [ -50.483583701235418, -21.613270783596022 ], [ -50.483585922937351, -21.613273945895187 ], [ -50.483658922886484, -21.61337494594947 ], [ -50.483659473124781, -21.613375702071551 ], [ -50.483807473025649, -21.613577702181178 ], [ -50.483823079691064, -21.613567703511379 ], [ -50.48379646872754, -21.61353059812966 ], [ -50.483726548660307, -21.613432710158119 ], [ -50.483725827115322, -21.61343170907158 ], [ -50.483654190007172, -21.613333208168875 ], [ -50.48358454842905, -21.613235710081277 ], [ -50.48358341429303, -21.613234144558351 ], [ -50.483512191565026, -21.613137202629876 ] ] ], [ [ [ -50.482321251842869, -21.613899288644959 ], [ -50.482253879434758, -21.613804174776835 ], [ -50.482252012168914, -21.613801599282869 ], [ -50.48218435222126, -21.613710405550563 ], [ -50.482119632911143, -21.613617249087405 ], [ -50.482118207538548, -21.613615234464522 ], [ -50.482051336620557, -21.613522413753252 ], [ -50.481983758685516, -21.613428003521012 ], [ -50.481917049192731, -21.613333415554393 ], [ -50.481916207206304, -21.613332234354058 ], [ -50.481849544900371, -21.613239703208645 ], [ -50.481781963913491, -21.613144294877159 ], [ -50.481715048859471, -21.613049415443705 ], [ -50.48171480390674, -21.613049069205662 ], [ -50.481648926539933, -21.612956242124419 ], [ -50.481582048638863, -21.612861415370428 ], [ -50.481515048527385, -21.612766415333404 ], [ -50.481513608940269, -21.612764410759507 ], [ -50.481446337576379, -21.612672407389173 ], [ -50.481380048306761, -21.612578415260167 ], [ -50.48137860871951, -21.612576410686074 ], [ -50.481310825610024, -21.612483707428694 ], [ -50.48124354889358, -21.612390707376822 ], [ -50.48117704797582, -21.612296415150297 ], [ -50.481175608388369, -21.612294410575949 ], [ -50.481107608342533, -21.612201410626323 ], [ -50.481107449269686, -21.612201193495434 ], [ -50.481038528801605, -21.612107301956947 ], [ -50.480970608122902, -21.612014410553325 ], [ -50.480969411859903, -21.612012798090735 ], [ -50.480900015734946, -21.611920600490436 ], [ -50.480832607904411, -21.611828410480719 ], [ -50.480832448831563, -21.611828193349819 ], [ -50.480763448785581, -21.611734193400878 ], [ -50.480762411530939, -21.611732797981333 ], [ -50.480693015405777, -21.611640600380735 ], [ -50.480625607575519, -21.611548410371416 ], [ -50.480623956109518, -21.611546196403463 ], [ -50.480554409618065, -21.61145479254921 ], [ -50.480484856648332, -21.611361392957381 ], [ -50.480484411093855, -21.611360797836053 ], [ -50.480414562589331, -21.611267999217411 ], [ -50.480346784941261, -21.611177296883707 ], [ -50.480276856321687, -21.611083392848833 ], [ -50.480276410767217, -21.611082797727473 ], [ -50.480206410723994, -21.610989797778942 ], [ -50.480191478552953, -21.610999625966826 ], [ -50.480226444506457, -21.611049858809903 ], [ -50.480227531971686, -21.611051399477805 ], [ -50.480300453634982, -21.611153290148515 ], [ -50.480372375511408, -21.611254180685172 ], [ -50.480372771317768, -21.611254733156134 ], [ -50.480443820716076, -21.61135341299946 ], [ -50.480512901423822, -21.611454073591016 ], [ -50.480513987393152, -21.61145563381011 ], [ -50.480585987339545, -21.611557633863949 ], [ -50.480586215723164, -21.611557956467728 ], [ -50.480657215671144, -21.611657956520759 ], [ -50.480657374970939, -21.611658180434471 ], [ -50.480729015641167, -21.611758676501314 ], [ -50.480798660838829, -21.611858169768396 ], [ -50.480800326341438, -21.611860499462356 ], [ -50.480873047077523, -21.61196011703074 ], [ -50.4809447704395, -21.612059732934505 ], [ -50.480945326106564, -21.612060499384263 ], [ -50.481018250123995, -21.612160395420343 ], [ -50.481090174335435, -21.612259291332062 ], [ -50.481090325872856, -21.61225949930656 ], [ -50.481163325823431, -21.612359499360679 ], [ -50.48116415429989, -21.612360622834608 ], [ -50.481236454070697, -21.612457682916844 ], [ -50.481307769855903, -21.612556732740615 ], [ -50.481309721781336, -21.612559379722359 ], [ -50.481382441808222, -21.612655684736495 ], [ -50.481452214384639, -21.612753956093584 ], [ -50.481454297187433, -21.612756814794292 ], [ -50.481527807265685, -21.612855159475167 ], [ -50.481600325124568, -21.612954499128396 ], [ -50.481601153600913, -21.612955622602165 ], [ -50.48167415355438, -21.613053622655979 ], [ -50.481674296838492, -21.613053814678292 ], [ -50.481748296791828, -21.613152814732796 ], [ -50.481748721083441, -21.613153379490267 ], [ -50.481822721038206, -21.613251379544618 ], [ -50.481896720923054, -21.613349379506349 ], [ -50.481896858487879, -21.613349561389231 ], [ -50.481971503739729, -21.613448093236443 ], [ -50.482044152976243, -21.613545622463842 ], [ -50.48204528835052, -21.613547126160739 ], [ -50.482119576405296, -21.613644195997601 ], [ -50.482192880287322, -21.613743255415439 ], [ -50.482193720388935, -21.613744379259451 ], [ -50.482267507407037, -21.613842097316482 ], [ -50.482341295865808, -21.613940814425039 ], [ -50.48234143628919, -21.613941001972346 ], [ -50.482416436242374, -21.614041002027548 ], [ -50.48241728776884, -21.614042125967426 ], [ -50.482491501032762, -21.614139098077501 ], [ -50.482563733636638, -21.614237057479187 ], [ -50.482565287537334, -21.61423912589046 ], [ -50.48261642591708, -21.614305946783531 ], [ -50.482594255365761, -21.614275299294462 ], [ -50.482526466011215, -21.614180593696677 ], [ -50.482525012611738, -21.614178599430193 ], [ -50.482456748103125, -21.614086590855212 ], [ -50.482389465790469, -21.613992593623369 ], [ -50.482388610381044, -21.613991411238882 ], [ -50.482321251842869, -21.613899288644959 ] ] ], [ [ [ -50.48266914071376, -21.613874434006224 ], [ -50.482594633857843, -21.613775091648112 ], [ -50.482520703944346, -21.613676185529251 ], [ -50.482520279512606, -21.613675620586594 ], [ -50.482446702368684, -21.61357818069926 ], [ -50.482373119521924, -21.613478744538394 ], [ -50.482371711549021, -21.613476873685613 ], [ -50.482297284312033, -21.613379622207962 ], [ -50.482224846834242, -21.613282377489551 ], [ -50.482224141413639, -21.613281438456323 ], [ -50.482149210226673, -21.613182529404423 ], [ -50.482075278888033, -21.613084620448401 ], [ -50.482001491640027, -21.612986902315193 ], [ -50.481927774743212, -21.612888281177707 ], [ -50.481855263330608, -21.612790937205471 ], [ -50.481782674684119, -21.612691500824088 ], [ -50.481781702716106, -21.61269018505098 ], [ -50.481708762362025, -21.612592602801836 ], [ -50.481638785423023, -21.612494043856138 ], [ -50.48163627812022, -21.612490620123705 ], [ -50.481563269780345, -21.612393933517115 ], [ -50.481492229952252, -21.612295267210484 ], [ -50.48149084560368, -21.612293377011145 ], [ -50.481418262631678, -21.612195936973034 ], [ -50.481345749850831, -21.612096604517195 ], [ -50.481273825473615, -21.611997708619487 ], [ -50.481273673800999, -21.611997500459971 ], [ -50.481200952898021, -21.611897882906344 ], [ -50.481129229368662, -21.611798267016592 ], [ -50.481128673566133, -21.611797500381872 ], [ -50.481056518344026, -21.611698657733267 ], [ -50.480987338968383, -21.611599830179916 ], [ -50.480986624940691, -21.611598819408741 ], [ -50.480914704649528, -21.61149793134939 ], [ -50.480843898558746, -21.611398204586937 ], [ -50.480772560824292, -21.611297142925554 ], [ -50.480703098381724, -21.611195926356416 ], [ -50.480701228591876, -21.611193266687827 ], [ -50.480629427124029, -21.61109354255089 ], [ -50.480557624295876, -21.610992819265487 ], [ -50.480557467939882, -21.610992600364977 ], [ -50.480485016881005, -21.610891367505765 ], [ -50.480431206275554, -21.610814062228574 ], [ -50.480411476177245, -21.610826703098578 ], [ -50.480484722525887, -21.61092667458837 ], [ -50.480555987955292, -21.611027634074294 ], [ -50.480556216338996, -21.611027956678189 ], [ -50.480627216286976, -21.611127956731217 ], [ -50.480627925480569, -21.611128946716796 ], [ -50.480700848283938, -21.611229840035101 ], [ -50.480772572640326, -21.61132945732043 ], [ -50.480843820927085, -21.611429402959818 ], [ -50.480913277300033, -21.611529618713519 ], [ -50.480914770986537, -21.611531733051823 ], [ -50.480986491941913, -21.611631345613716 ], [ -50.481057215579312, -21.611730956496121 ], [ -50.481057770751754, -21.611731732973769 ], [ -50.481129491706653, -21.611831345535013 ], [ -50.4812002153446, -21.611930956418156 ], [ -50.481201882338262, -21.611933256032565 ], [ -50.481275734344813, -21.612033056161042 ], [ -50.481346893005608, -21.61212991112253 ], [ -50.481417214994792, -21.612228956302019 ], [ -50.48141777016707, -21.612229732779436 ], [ -50.481489770116333, -21.612329732833015 ], [ -50.481490174178965, -21.612330291216146 ], [ -50.481562174129678, -21.612429291269578 ], [ -50.481562325667113, -21.612429499244097 ], [ -50.481635325617681, -21.612529499298198 ], [ -50.481708325500229, -21.612629499259153 ], [ -50.481709153976674, -21.612630622733061 ], [ -50.481782017364353, -21.612728439451921 ], [ -50.481855808197757, -21.612828156913647 ], [ -50.481928735169781, -21.612927057994572 ], [ -50.482001735053487, -21.613026057955889 ], [ -50.482003420838197, -21.613028298429636 ], [ -50.482078925207432, -21.613126652918069 ], [ -50.482153437194029, -21.613226002349833 ], [ -50.482153720991604, -21.613226379465782 ], [ -50.482227720946376, -21.613324379520119 ], [ -50.482227993392215, -21.613324739162028 ], [ -50.482303925799101, -21.613424650339294 ], [ -50.482378365558809, -21.613522910936656 ], [ -50.482451880423405, -21.61362225546662 ], [ -50.482453549375961, -21.613624466292674 ], [ -50.482530201825192, -21.613724015041527 ], [ -50.482604646501805, -21.613822282128574 ], [ -50.482679436376095, -21.61392200207802 ], [ -50.482754436258595, -21.614022002038965 ], [ -50.482829024359852, -21.614121452958081 ], [ -50.482903617993991, -21.61422290042249 ], [ -50.482904435950552, -21.614224001865793 ], [ -50.482979435903751, -21.614324001920991 ], [ -50.482999055345836, -21.614311135291885 ], [ -50.482967141177909, -21.614269434160423 ], [ -50.482892564031658, -21.614169998081909 ], [ -50.482891712362196, -21.614168873955897 ], [ -50.482817498939937, -21.614071901862729 ], [ -50.482745266172934, -21.613973942473734 ], [ -50.482743712130699, -21.613971873878949 ], [ -50.48266914071376, -21.613874434006224 ] ] ], [ [ [ -50.483127512738356, -21.6134976586461 ], [ -50.483051770932363, -21.61339102229039 ], [ -50.483050874721073, -21.613389774642098 ], [ -50.48297387466819, -21.613283774699276 ], [ -50.482973732472665, -21.613283579293551 ], [ -50.482895732419642, -21.613176579351393 ], [ -50.482895489866536, -21.613176247610145 ], [ -50.482819137177458, -21.613072130433729 ], [ -50.482743770433487, -21.612966022124709 ], [ -50.482742874222005, -21.612964774476158 ], [ -50.482665874169115, -21.612858774533329 ], [ -50.482665489493087, -21.612858247485935 ], [ -50.482589136804144, -21.612754130309703 ], [ -50.482513770060201, -21.612648022000741 ], [ -50.482511429709994, -21.612644821033832 ], [ -50.482433234510957, -21.612540890828669 ], [ -50.482358134885267, -21.612437134893867 ], [ -50.482281250775507, -21.612330296068617 ], [ -50.482280488871808, -21.612329247279341 ], [ -50.48220348882036, -21.612224247336343 ], [ -50.48220295906146, -21.612223529589706 ], [ -50.482124959011315, -21.612118529647265 ], [ -50.482047224851925, -21.612013887634557 ], [ -50.481970488450337, -21.611909247213362 ], [ -50.481969958691423, -21.611908529466692 ], [ -50.481891958641285, -21.611803529524241 ], [ -50.481891428720836, -21.611802820704849 ], [ -50.481812428672008, -21.611697820762931 ], [ -50.481811898705111, -21.611697120798222 ], [ -50.481732027493706, -21.611592289954174 ], [ -50.481654155762996, -21.611489459454688 ], [ -50.481653898460685, -21.611489120717017 ], [ -50.481573898413174, -21.611384120775611 ], [ -50.48149389828977, -21.611279120734622 ], [ -50.481413898166373, -21.611174120693633 ], [ -50.481412838614276, -21.611172747130091 ], [ -50.481331372569358, -21.611068430969997 ], [ -50.48125189791957, -21.61096412061168 ], [ -50.481251368018029, -21.610963429427489 ], [ -50.481170367971821, -21.610858429486594 ], [ -50.481089771413259, -21.6107539525851 ], [ -50.481088047411781, -21.610751675203066 ], [ -50.48109209770702, -21.610757188111595 ], [ -50.481162614739524, -21.610855514800054 ], [ -50.481163281176023, -21.610856436370977 ], [ -50.481233228407547, -21.610952364119864 ], [ -50.481305175734761, -21.611051291815851 ], [ -50.481305860185799, -21.611052225059812 ], [ -50.481376148740225, -21.611147263219827 ], [ -50.48144545402684, -21.611244290741887 ], [ -50.481446175439999, -21.611245291648036 ], [ -50.481517812383196, -21.611343792565943 ], [ -50.481587453795591, -21.611441290665066 ], [ -50.481589009059647, -21.611443426456947 ], [ -50.481660221106445, -21.611539365024107 ], [ -50.481729453566665, -21.611636290589022 ], [ -50.48179945345165, -21.6117342905508 ], [ -50.481799613641982, -21.611734514365676 ], [ -50.481870613591397, -21.611833514418567 ], [ -50.48187102008005, -21.611834078340724 ], [ -50.481941940979681, -21.611931969280448 ], [ -50.482011862093067, -21.612028860085864 ], [ -50.482012019851105, -21.612029078264587 ], [ -50.482082532089969, -21.612126405137143 ], [ -50.48215205245539, -21.612224726921085 ], [ -50.482152452810723, -21.612225290268874 ], [ -50.48222245276029, -21.612323290321068 ], [ -50.482223586763318, -21.612324855664312 ], [ -50.482295221922037, -21.612422359193022 ], [ -50.482364861517773, -21.612518859894603 ], [ -50.482365586534307, -21.612519855588161 ], [ -50.482436809099831, -21.612616797531462 ], [ -50.4825060518803, -21.612714726730154 ], [ -50.482507019044469, -21.612716077996399 ], [ -50.482578018995333, -21.612814078049126 ], [ -50.482579437593792, -21.612816002425941 ], [ -50.48265022055255, -21.612910379816586 ], [ -50.482719051536378, -21.613007726615987 ], [ -50.482720585958837, -21.613009855396744 ], [ -50.482792094947541, -21.613107187193943 ], [ -50.48286253170965, -21.613205401956083 ], [ -50.482932451609813, -21.613303289938884 ], [ -50.482934006872789, -21.61330542572929 ], [ -50.483005508457879, -21.613401754369043 ], [ -50.483075733369667, -21.613498684647979 ], [ -50.483145451265827, -21.613596289824603 ], [ -50.483146585268265, -21.613597855167047 ], [ -50.483217807834322, -21.613694797111044 ], [ -50.483287050615004, -21.613792726310077 ], [ -50.48328858503691, -21.613794855090077 ], [ -50.483360220195706, -21.613892358618873 ], [ -50.483429859791741, -21.613988859320894 ], [ -50.483466432093628, -21.61396578135782 ], [ -50.483436771558026, -21.6139240224982 ], [ -50.483434826105061, -21.613921348885075 ], [ -50.483356814698503, -21.61381667547754 ], [ -50.483281771307972, -21.613711022415156 ], [ -50.483280875096817, -21.613709774767063 ], [ -50.483204064229518, -21.613604035261446 ], [ -50.483127512738356, -21.6134976586461 ] ] ], [ [ [ -50.483721491956302, -21.612374588668256 ], [ -50.483641898165985, -21.612271116859016 ], [ -50.483562299273032, -21.612165648448382 ], [ -50.483561491709523, -21.612164588586268 ], [ -50.483481696054717, -21.612060854353263 ], [ -50.483401899109396, -21.611956120982939 ], [ -50.483401491463901, -21.611955588504681 ], [ -50.483378225764795, -21.611925343130238 ], [ -50.483394052755031, -21.611947727044797 ], [ -50.483395587178528, -21.611949855827017 ], [ -50.48346680974381, -21.612046797769956 ], [ -50.483536052523831, -21.612144726968012 ], [ -50.483537019688477, -21.612146078234932 ], [ -50.483608019639348, -21.612244078287667 ], [ -50.48360943823829, -21.612246002665128 ], [ -50.483680511660147, -21.612340767340029 ], [ -50.483750612855808, -21.612438514198455 ], [ -50.48375101934441, -21.612439078120538 ], [ -50.483821815275348, -21.612536796568225 ], [ -50.483892612624537, -21.612635514121603 ], [ -50.483893586371735, -21.612636855558648 ], [ -50.483945963845578, -21.612708147206618 ], [ -50.48396418230773, -21.612697526677817 ], [ -50.483962182306009, -21.612694526679327 ], [ -50.483957424539973, -21.612687814063772 ], [ -50.483881424493028, -21.612586814119663 ], [ -50.483880369947997, -21.612585430044486 ], [ -50.483800375153542, -21.612481733207382 ], [ -50.483723349130152, -21.612377056941668 ], [ -50.483721491956302, -21.612374588668256 ] ] ], [ [ [ -50.483331981667575, -21.613336922116133 ], [ -50.483260981618443, -21.613238922168911 ], [ -50.483259993030828, -21.613237574116951 ], [ -50.48318878082403, -21.613141635564705 ], [ -50.483119548199078, -21.613044710010371 ], [ -50.483119387878418, -21.613044486013965 ], [ -50.483048387827843, -21.612945486066852 ], [ -50.483047413946764, -21.612944144448697 ], [ -50.48297619121891, -21.612847202520445 ], [ -50.482906948271662, -21.61274927333281 ], [ -50.482904562307823, -21.612745997421069 ], [ -50.482833279881774, -21.612650954298893 ], [ -50.482763468460533, -21.612554594990709 ], [ -50.482693947927757, -21.612456273218644 ], [ -50.482692413371311, -21.612454144257295 ], [ -50.482620778050396, -21.612356640744263 ], [ -50.482551138291981, -21.61226014005511 ], [ -50.482550413142285, -21.612259144181131 ], [ -50.48247898557063, -21.612161923437785 ], [ -50.482409747931328, -21.612064990863839 ], [ -50.482339947352656, -21.611966273027694 ], [ -50.482338980056589, -21.611964921580558 ], [ -50.482268058993057, -21.611867030655635 ], [ -50.482198137716701, -21.611770139863861 ], [ -50.482197979827632, -21.611769921504443 ], [ -50.482127183732494, -21.611672203071034 ], [ -50.482056466423337, -21.611573597368373 ], [ -50.48198654635727, -21.611475709398444 ], [ -50.481916546242246, -21.611377709360223 ], [ -50.481914990843975, -21.611375573389282 ], [ -50.481843778637732, -21.611279634837771 ], [ -50.48177454601332, -21.611182709284186 ], [ -50.481773824467631, -21.611181708196668 ], [ -50.481702187359673, -21.611083207294207 ], [ -50.481632545782084, -21.610985709207359 ], [ -50.481631139717877, -21.610983774786874 ], [ -50.481560483850934, -21.610888240208361 ], [ -50.481488824074297, -21.610789708135698 ], [ -50.481488718729736, -21.610789563475397 ], [ -50.481419053797282, -21.610694023113552 ], [ -50.481348385069012, -21.610595485150128 ], [ -50.481347411187059, -21.61059414353074 ], [ -50.481275411139222, -21.610496143584012 ], [ -50.481274989810444, -21.610495573045473 ], [ -50.48120348806556, -21.61039924442122 ], [ -50.481170273083485, -21.61035339844576 ], [ -50.481124010299247, -21.610383426874531 ], [ -50.481196010252859, -21.610480426927669 ], [ -50.481197465216667, -21.610482353347422 ], [ -50.481270170983983, -21.610576970549975 ], [ -50.481341441658863, -21.610671008355233 ], [ -50.481413009915649, -21.610767426815631 ], [ -50.48141373594175, -21.610768396435436 ], [ -50.481484370694574, -21.610861912978095 ], [ -50.481555721625519, -21.61095803865236 ], [ -50.481626436231373, -21.611054648864645 ], [ -50.481697436117443, -21.611151648826759 ], [ -50.481698735489459, -21.61115339628504 ], [ -50.481769370242247, -21.611246912827664 ], [ -50.481840721173619, -21.611343038502469 ], [ -50.481911358031567, -21.61143954249577 ], [ -50.481981227717924, -21.611535363896781 ], [ -50.482053018349568, -21.611634076136259 ], [ -50.482122862437194, -21.611730860205771 ], [ -50.482124438860112, -21.611733002852979 ], [ -50.482195429553123, -21.611827657222726 ], [ -50.482264453222854, -21.611924290480307 ], [ -50.482265435142182, -21.611925648434081 ], [ -50.482335735628794, -21.612021692878244 ], [ -50.482405052572823, -21.612119726965606 ], [ -50.482406586995957, -21.612121855747326 ], [ -50.4824784328639, -21.612219646074795 ], [ -50.482547659394143, -21.612314585432621 ], [ -50.482617052228939, -21.612412726851431 ], [ -50.482618586651881, -21.612414855632867 ], [ -50.482690014061603, -21.612512076391994 ], [ -50.482759452418733, -21.61260929021315 ], [ -50.482759612609001, -21.612609514027938 ], [ -50.482830532286329, -21.612708402152105 ], [ -50.482900452187494, -21.612806290136312 ], [ -50.482901173600169, -21.612807291041779 ], [ -50.482972810543515, -21.612905791959903 ], [ -50.483042451956237, -21.613003290059478 ], [ -50.48304358595901, -21.613004855402373 ], [ -50.483115300894731, -21.613102467516459 ], [ -50.483185530824557, -21.613199404722199 ], [ -50.483255051190255, -21.613297726506545 ], [ -50.483256585612565, -21.613299855287107 ], [ -50.48332801302255, -21.613397076046589 ], [ -50.483397451379844, -21.613494289867972 ], [ -50.483398172792285, -21.613495290773098 ], [ -50.483469809735574, -21.613593791691162 ], [ -50.483539451148587, -21.613691289791142 ], [ -50.483539611338749, -21.613691513605787 ], [ -50.483610611288171, -21.613790513658685 ], [ -50.483644411726004, -21.613769317090032 ], [ -50.483616140018007, -21.613730140628832 ], [ -50.483615414868687, -21.613729144755364 ], [ -50.483544192140492, -21.613632202826661 ], [ -50.483474949193031, -21.613534273638717 ], [ -50.483473414637331, -21.613532144678395 ], [ -50.483401987065143, -21.613434923934349 ], [ -50.483332548543068, -21.61333771012464 ], [ -50.483331981667575, -21.613336922116133 ] ] ], [ [ [ -50.48386327923776, -21.612080954060364 ], [ -50.48379346781649, -21.61198459475213 ], [ -50.483723947284233, -21.611886272980787 ], [ -50.483722412727083, -21.611884144018465 ], [ -50.483651189999762, -21.611787202090927 ], [ -50.48358194705304, -21.61168927290402 ], [ -50.483581546568082, -21.611688709375247 ], [ -50.483511546517654, -21.611590709427443 ], [ -50.483441945398219, -21.611493267982773 ], [ -50.483372704677762, -21.611394352795031 ], [ -50.483305065683979, -21.611295878506933 ], [ -50.483303546104565, -21.611293709221115 ], [ -50.483233830540307, -21.611196107553777 ], [ -50.483165112146267, -21.611098507640147 ], [ -50.483164545874537, -21.611097709144659 ], [ -50.483096660633613, -21.611002669927508 ], [ -50.483030860163865, -21.611045225082052 ], [ -50.483101515871297, -21.611140759674491 ], [ -50.483173175483671, -21.611239291761766 ], [ -50.48317358800719, -21.611239856107623 ], [ -50.48324558795936, -21.611337856160908 ], [ -50.483317587844269, -21.61143585612264 ], [ -50.483318582578541, -21.61143719385089 ], [ -50.483391156708628, -21.611533628082316 ], [ -50.483463736647529, -21.611632058528304 ], [ -50.483464722820059, -21.611633380116601 ], [ -50.483538437587889, -21.611731002490796 ], [ -50.483611154944093, -21.611828623166694 ], [ -50.483611582117987, -21.611829193697766 ], [ -50.483684582072904, -21.611926193751444 ], [ -50.483684722475793, -21.611926380002163 ], [ -50.483758225335244, -21.612023721740837 ], [ -50.483830736071894, -21.612122058336997 ], [ -50.483832017944167, -21.612123770156778 ], [ -50.483904583182131, -21.612219198525583 ], [ -50.483977154370727, -21.612316622976106 ], [ -50.483979301907006, -21.612319433755516 ], [ -50.484054210065615, -21.612415040328401 ], [ -50.484126154141592, -21.612511622899984 ], [ -50.484160328961231, -21.612489362606688 ], [ -50.484148904382678, -21.612473812504753 ], [ -50.484078387183992, -21.61237548582859 ], [ -50.484077980563256, -21.612374921724602 ], [ -50.484007184468247, -21.612277203291359 ], [ -50.483936386952735, -21.612178485751731 ], [ -50.483934561663325, -21.6121759971819 ], [ -50.48386327923776, -21.612080954060364 ] ] ], [ [ [ -50.48379127708148, -21.611564619729467 ], [ -50.483717774062221, -21.611467278007186 ], [ -50.48364526316206, -21.61136894142464 ], [ -50.483644417323035, -21.611367805995663 ], [ -50.483571918676844, -21.611271472291442 ], [ -50.483557911879139, -21.611252407506385 ], [ -50.483505431835894, -21.611292621384777 ], [ -50.483590431806917, -21.611389621444285 ], [ -50.483674902283504, -21.611486017257135 ], [ -50.483758379854066, -21.611583407851406 ], [ -50.483759931297733, -21.611585188689421 ], [ -50.483844470182959, -21.611680667991259 ], [ -50.483929654741615, -21.611778729380159 ], [ -50.484012057054507, -21.611875030973195 ], [ -50.484094817153711, -21.611972747814271 ], [ -50.484095920932567, -21.611971930356574 ], [ -50.48408462946491, -21.611957081320458 ], [ -50.484012263737704, -21.611858941615946 ], [ -50.484011277425743, -21.611857619843917 ], [ -50.4839373476606, -21.611759712971843 ], [ -50.483864632060524, -21.611663090986379 ], [ -50.483791844866424, -21.611565376786722 ], [ -50.48379127708148, -21.611564619729467 ] ] ], [ [ [ -50.482822854450262, -21.611664142149813 ], [ -50.482750770055617, -21.611562434161158 ], [ -50.482680655821142, -21.611458744234373 ], [ -50.482678315217001, -21.611455386741238 ], [ -50.482604966171941, -21.611353292927916 ], [ -50.482532602414146, -21.611249208205038 ], [ -50.482531314972881, -21.611247386660047 ], [ -50.482458694260941, -21.611146306607267 ], [ -50.482389007150758, -21.611042266836165 ], [ -50.482385775249561, -21.611037640713867 ], [ -50.482311046144794, -21.610935012869067 ], [ -50.482237965561794, -21.61083329272509 ], [ -50.482165601804269, -21.610729208002663 ], [ -50.482164163974311, -21.610727177526709 ], [ -50.482089163921721, -21.610623177582486 ], [ -50.482014424937148, -21.610670309241542 ], [ -50.482014771398127, -21.610670752881102 ], [ -50.482093385341329, -21.610773249657822 ], [ -50.482094161807026, -21.610774252909838 ], [ -50.482175834155157, -21.610878833472608 ], [ -50.482255509733896, -21.610982411842393 ], [ -50.48225700426601, -21.610984321562508 ], [ -50.482338580207269, -21.6110867890152 ], [ -50.482420161395467, -21.611191252847796 ], [ -50.482420464589026, -21.611191639734219 ], [ -50.482501464545777, -21.611294639792977 ], [ -50.482501578611341, -21.611294784650415 ], [ -50.482583578567954, -21.611398784709898 ], [ -50.482584003778356, -21.611399321400899 ], [ -50.482665732910981, -21.611501981276902 ], [ -50.482746464181403, -21.61160463967218 ], [ -50.482746578247003, -21.61160478452965 ], [ -50.48282836880724, -21.611708519013145 ], [ -50.482909770055564, -21.611812752435366 ], [ -50.482988383998915, -21.611915249212295 ], [ -50.482989160464797, -21.611916252464535 ], [ -50.483070832812324, -21.612020833026527 ], [ -50.483075304604654, -21.612026646363162 ], [ -50.483042930852875, -21.611979681685931 ], [ -50.483042603203714, -21.611979208393521 ], [ -50.482969603147097, -21.611874208448324 ], [ -50.482968315706344, -21.611872386904064 ], [ -50.482895422913764, -21.61177092814458 ], [ -50.482824487418135, -21.611666495469805 ], [ -50.482822854450262, -21.611664142149813 ] ] ], [ [ [ -50.480740523730262, -21.610764296745213 ], [ -50.480693156600914, -21.610699647093004 ], [ -50.480676161904533, -21.610711252918378 ], [ -50.480757489062739, -21.610815391469554 ], [ -50.480837829886852, -21.610921520828857 ], [ -50.480838632006844, -21.610922570456108 ], [ -50.480919631960646, -21.61102757051523 ], [ -50.481000365799865, -21.611132225610902 ], [ -50.481049656519474, -21.611196919754736 ], [ -50.481029624508579, -21.611168819330306 ], [ -50.481029228568616, -21.611168266674234 ], [ -50.48095722851788, -21.611068266727823 ], [ -50.480957074428986, -21.611068053126715 ], [ -50.480884431157008, -21.610967546806361 ], [ -50.480813897943762, -21.610868204377667 ], [ -50.480742011851142, -21.610766365875914 ], [ -50.480740523730262, -21.610764296745213 ] ] ], [ [ [ -50.481439063973326, -21.616550029257652 ], [ -50.481376461996739, -21.616462585335746 ], [ -50.481376284658609, -21.616462338176294 ], [ -50.481312284613345, -21.616373338223941 ], [ -50.481311198645919, -21.616371848205382 ], [ -50.481246836915076, -21.616284712428833 ], [ -50.481184461685558, -21.616197585232378 ], [ -50.48118365994177, -21.616196476475309 ], [ -50.4811190634544, -21.616108029085364 ], [ -50.481056461477721, -21.616020585163316 ], [ -50.481055198231225, -21.616018848067441 ], [ -50.480990836500425, -21.615931712290955 ], [ -50.480928461271041, -21.615844585094674 ], [ -50.480927659527133, -21.615843476337453 ], [ -50.480863198374678, -21.615755214252129 ], [ -50.480799727423999, -21.615665958339715 ], [ -50.480799461002661, -21.615665584943542 ], [ -50.480736460957544, -21.615577584990493 ], [ -50.480736283619351, -21.615577337830945 ], [ -50.48067228357408, -21.615488337878585 ], [ -50.480671829453961, -21.615487709930136 ], [ -50.480607829410133, -21.615399709977648 ], [ -50.480544373213966, -21.61531245781531 ], [ -50.480481907024355, -21.61522421203976 ], [ -50.480480829142742, -21.615222709826668 ], [ -50.480416829098914, -21.615134709874177 ], [ -50.480415241563442, -21.615132568766025 ], [ -50.480351603887158, -21.615048371324438 ], [ -50.480289906715598, -21.614961211937288 ], [ -50.480288196986059, -21.614958847653249 ], [ -50.480223196943541, -21.61487084770129 ], [ -50.480222724604381, -21.614870211874884 ], [ -50.480157961581362, -21.614783529162185 ], [ -50.480093428344887, -21.614696161193027 ], [ -50.480028658135879, -21.614607475937706 ], [ -50.480027240944224, -21.614605568560108 ], [ -50.479962722378026, -21.614520205633941 ], [ -50.479898196428891, -21.614432847530235 ], [ -50.479897084575143, -21.614431362257449 ], [ -50.479831881217628, -21.614345412477434 ], [ -50.479767657724665, -21.614257475801107 ], [ -50.479764946852704, -21.614253882590479 ], [ -50.479698196748672, -21.614168203448571 ], [ -50.479631444755256, -21.614081525585213 ], [ -50.479630946649344, -21.614080882522995 ], [ -50.479565006649061, -21.613996243215347 ], [ -50.479500032469964, -21.613908626622848 ], [ -50.479499723473822, -21.613908211499201 ], [ -50.479434723432746, -21.613821211547094 ], [ -50.479433931243967, -21.61382016121032 ], [ -50.479381161702747, -21.613750852042088 ], [ -50.479413704637146, -21.613795017506231 ], [ -50.479413987867403, -21.613795400568133 ], [ -50.479482845812541, -21.613888209213759 ], [ -50.479552113561816, -21.613982215558568 ], [ -50.479619534265346, -21.614076406364433 ], [ -50.479621140254103, -21.614078605916948 ], [ -50.479690542817423, -21.614171803756136 ], [ -50.479757957035211, -21.614264994112649 ], [ -50.479759140033231, -21.614266605843515 ], [ -50.479828326093219, -21.61435951294952 ], [ -50.479895533822635, -21.614453406217429 ], [ -50.479897585298723, -21.614456200803478 ], [ -50.479966843001165, -21.614548214716642 ], [ -50.480035118396515, -21.61464221718709 ], [ -50.480035388883408, -21.614642588354766 ], [ -50.480103332709831, -21.614735511642184 ], [ -50.480173276641032, -21.614831434864861 ], [ -50.480173986649113, -21.614832400163014 ], [ -50.480242251004576, -21.614924408752682 ], [ -50.480309533159129, -21.615018405997095 ], [ -50.480310703132588, -21.6150200169389 ], [ -50.480380545295425, -21.615114802845603 ], [ -50.480448252666676, -21.615207402745344 ], [ -50.480517117621304, -21.615302216929454 ], [ -50.480517702800121, -21.615303016828346 ], [ -50.480587326853353, -21.615397506729039 ], [ -50.480654955595256, -21.615490993634179 ], [ -50.480722955484865, -21.615584993597494 ], [ -50.480723275690195, -21.615585434481051 ], [ -50.480793275642625, -21.615681434532977 ], [ -50.480793387662935, -21.615681587948988 ], [ -50.480861387617082, -21.6157745879994 ], [ -50.48086170224564, -21.615775016643955 ], [ -50.480931702199513, -21.61587001669572 ], [ -50.480932287663805, -21.615870805633083 ], [ -50.481002396893814, -21.615964613869554 ], [ -50.481069531937841, -21.616058405591481 ], [ -50.481071583412941, -21.616061200176198 ], [ -50.481140540044755, -21.616152814095383 ], [ -50.481207531717054, -21.616246405518158 ], [ -50.481208701689923, -21.616248016459174 ], [ -50.481278701643795, -21.616343016510957 ], [ -50.481279583080415, -21.616344200065619 ], [ -50.481348921847413, -21.616436321678886 ], [ -50.481418274644078, -21.616531434201107 ], [ -50.481419137370885, -21.616532604958067 ], [ -50.481489137326214, -21.616626605009703 ], [ -50.481558918395898, -21.616720311129079 ], [ -50.481628701089186, -21.616815016326619 ], [ -50.481629582525727, -21.616816199881164 ], [ -50.48169935890629, -21.616908902895563 ], [ -50.481716959979693, -21.616932538650719 ], [ -50.481696908996661, -21.616904212694557 ], [ -50.481695199268536, -21.616901848412475 ], [ -50.481630516785422, -21.616814278386919 ], [ -50.481567148316998, -21.616727146849531 ], [ -50.481504462204576, -21.616639585404801 ], [ -50.481503660460945, -21.616638476647953 ], [ -50.481439063973326, -21.616550029257652 ] ] ], [ [ [ -50.481311748892828, -21.61683391877682 ], [ -50.481246748792898, -21.616748918743617 ], [ -50.481182410034791, -21.616664783541676 ], [ -50.481120057660611, -21.616580657422446 ], [ -50.48111874853133, -21.61657891859646 ], [ -50.481053748493167, -21.616493918644036 ], [ -50.480989409735159, -21.616409783442233 ], [ -50.480927057360901, -21.616325657322886 ], [ -50.480925748231584, -21.616323918496871 ], [ -50.480861077132403, -21.616239348695252 ], [ -50.480798214132172, -21.616155858871227 ], [ -50.480736004412485, -21.616069950315733 ], [ -50.480734402494313, -21.616067781016945 ], [ -50.480670974574743, -21.615983540910403 ], [ -50.480608536157717, -21.615898307618608 ], [ -50.480545536056695, -21.615812307585038 ], [ -50.480482535955673, -21.615726307551441 ], [ -50.48048236495891, -21.615726074615981 ], [ -50.480418364916524, -21.615639074663328 ], [ -50.48041805649455, -21.615638656974816 ], [ -50.480355859953178, -21.615554741107328 ], [ -50.480294642118871, -21.61546883876963 ], [ -50.480293535592622, -21.615467307370039 ], [ -50.480231093989069, -21.615382069729439 ], [ -50.480169641915751, -21.615295838702171 ], [ -50.480168535389424, -21.61529430730247 ], [ -50.480106093785956, -21.615209069661983 ], [ -50.480044641712645, -21.615122838634711 ], [ -50.480044003240522, -21.61512194986495 ], [ -50.479981003196833, -21.615034949911767 ], [ -50.479980535084024, -21.615034307200908 ], [ -50.479918093480798, -21.614949069560769 ], [ -50.47985664140738, -21.614862838533337 ], [ -50.479855363942818, -21.614861074278064 ], [ -50.479792566292069, -21.614775708825732 ], [ -50.479732720214571, -21.614689373612123 ], [ -50.479731641144788, -21.614687838384896 ], [ -50.479669641099811, -21.614600838431151 ], [ -50.479668534573136, -21.614599307030957 ], [ -50.479606549120483, -21.614514692072245 ], [ -50.479545528991181, -21.614427098773184 ], [ -50.479545090163789, -21.614426472397266 ], [ -50.479483184392805, -21.614338606253892 ], [ -50.479422278305272, -21.614251740306027 ], [ -50.479422089958447, -21.614251472329073 ], [ -50.479360406521018, -21.614163921755704 ], [ -50.479299719495508, -21.614076373373635 ], [ -50.479298281848223, -21.614074337248393 ], [ -50.479234688587148, -21.613985902980001 ], [ -50.479173406209924, -21.613898921652261 ], [ -50.479112719184677, -21.613811373270547 ], [ -50.479111001698861, -21.61380894935224 ], [ -50.479048141880533, -21.613722143043493 ], [ -50.478984688173853, -21.613633902842565 ], [ -50.478923089187973, -21.613546472135031 ], [ -50.478922458507341, -21.613545584120427 ], [ -50.478859458462225, -21.613457584167374 ], [ -50.478858195214578, -21.613455847069886 ], [ -50.478794062456856, -21.613369021287575 ], [ -50.478731904737351, -21.613281211286385 ], [ -50.478730195006683, -21.613278847000764 ], [ -50.478665600690704, -21.613191396339857 ], [ -50.47860300093064, -21.613104949158181 ], [ -50.478601562650589, -21.613102997616437 ], [ -50.478535797872361, -21.613015311348843 ], [ -50.478470113060943, -21.612926736481473 ], [ -50.478405194550618, -21.612838846911327 ], [ -50.478340194447206, -21.612750846876953 ], [ -50.478275194343837, -21.6126628468426 ], [ -50.478274871208306, -21.612662411078407 ], [ -50.478208265965705, -21.612572941456207 ], [ -50.478143655636323, -21.612484475112566 ], [ -50.478143194072686, -21.612483846690306 ], [ -50.478078341815454, -21.612396046816791 ], [ -50.478012799220465, -21.612306670659322 ], [ -50.477948106336989, -21.612217096007956 ], [ -50.477947193757863, -21.61221584658562 ], [ -50.477882653439934, -21.612128469029745 ], [ -50.47781810612797, -21.612039095938517 ], [ -50.477816870474079, -21.612037410834262 ], [ -50.477750494563132, -21.611948249269393 ], [ -50.477686105916575, -21.611859095868294 ], [ -50.477684870262614, -21.611857410763957 ], [ -50.477618265020077, -21.611767941141842 ], [ -50.477553654690809, -21.61167947479835 ], [ -50.477553325082063, -21.611679025309897 ], [ -50.477486717852742, -21.611588558883977 ], [ -50.477422326707142, -21.611499402023124 ], [ -50.477379952832273, -21.611440078672505 ], [ -50.477320844036448, -21.611476430258683 ], [ -50.477384843988325, -21.611567430306582 ], [ -50.477385626110362, -21.611568531388041 ], [ -50.477451539679244, -21.611660411022893 ], [ -50.477516453505451, -21.611751290493412 ], [ -50.477516625895539, -21.611751531316649 ], [ -50.477582539463185, -21.611843410949799 ], [ -50.477647453290636, -21.611934290422049 ], [ -50.477649129627629, -21.611936589087843 ], [ -50.47771598139871, -21.612026390081166 ], [ -50.477783833883741, -21.612118190612009 ], [ -50.477784129413791, -21.612118589016749 ], [ -50.47785112937099, -21.612208589066142 ], [ -50.477918129265234, -21.612298589031003 ], [ -50.477918747378418, -21.6122994131978 ], [ -50.477986436681768, -21.61238900208631 ], [ -50.478053129053727, -21.612478588960716 ], [ -50.478053747166896, -21.612479413127488 ], [ -50.478121436469877, -21.612569002015533 ], [ -50.478188128842213, -21.612658588890444 ], [ -50.478188437855522, -21.612659002442214 ], [ -50.478254282859226, -21.612746795883925 ], [ -50.478320900236888, -21.612836282019995 ], [ -50.47838767349706, -21.612926974169 ], [ -50.478388437539451, -21.612928002337174 ], [ -50.478454437498229, -21.61301600238572 ], [ -50.478455069689481, -21.613016838986358 ], [ -50.478521595416353, -21.613104216161695 ], [ -50.478587966218861, -21.61319337107663 ], [ -50.478652805035914, -21.613281152964898 ], [ -50.478652968317974, -21.613281373585661 ], [ -50.478718886463064, -21.613370263311754 ], [ -50.478783804827962, -21.613458152895795 ], [ -50.478784593200203, -21.613459210120542 ], [ -50.478851196389648, -21.613547683117961 ], [ -50.478915804619987, -21.613635152826689 ], [ -50.478916436707486, -21.613636002060641 ], [ -50.478981884898197, -21.613723266418113 ], [ -50.479046342909697, -21.613811524417724 ], [ -50.479049053653711, -21.61381511746718 ], [ -50.479115557406537, -21.613900480589177 ], [ -50.47918167002117, -21.61398731516816 ], [ -50.479246121497468, -21.61407358109204 ], [ -50.479311967344636, -21.61416237332514 ], [ -50.479314053242398, -21.614165117330572 ], [ -50.479380803208443, -21.614250796487596 ], [ -50.479447555061626, -21.614337474365332 ], [ -50.479448053039043, -21.614338117263109 ], [ -50.479513668341063, -21.614422339985111 ], [ -50.479577342089456, -21.614509524145443 ], [ -50.479578915320701, -21.61451163759482 ], [ -50.47964435437445, -21.614597898266204 ], [ -50.479708803386067, -21.614685152416836 ], [ -50.479709758951657, -21.614686431292615 ], [ -50.479774042123644, -21.614771482973751 ], [ -50.479838341678231, -21.614859524008835 ], [ -50.479838803119563, -21.614860152266086 ], [ -50.479903803077043, -21.614948152314124 ], [ -50.479904275293549, -21.614948787976953 ], [ -50.479969038172939, -21.615035470702868 ], [ -50.480032935527021, -21.615121977994356 ], [ -50.480095093097688, -21.615209788006297 ], [ -50.480097758332434, -21.615213431086687 ], [ -50.480161954208462, -21.615298367268494 ], [ -50.480224626749262, -21.615384542117397 ], [ -50.48028709278892, -21.615472787903823 ], [ -50.480288170551532, -21.615474289954797 ], [ -50.480352170507693, -21.615562290002309 ], [ -50.480415942464447, -21.615649976550429 ], [ -50.480479627434043, -21.615738538571208 ], [ -50.480542405336465, -21.615826228449304 ], [ -50.480606272388876, -21.615916041604844 ], [ -50.480607340374917, -21.615917523512717 ], [ -50.480671936714955, -21.616005970917204 ], [ -50.480734538543025, -21.616093414849441 ], [ -50.48073580166875, -21.616095151783547 ], [ -50.480800163254465, -21.616182287574038 ], [ -50.480862538336346, -21.616269414780781 ], [ -50.480863339960273, -21.616270523374851 ], [ -50.480927936300155, -21.616358970779125 ], [ -50.480990538128502, -21.616446414711735 ], [ -50.480991801254056, -21.616448151645596 ], [ -50.481056253259254, -21.616535409850222 ], [ -50.481119626394452, -21.616623538225404 ], [ -50.481182537817318, -21.616711414608368 ], [ -50.481183339441088, -21.61671252320221 ], [ -50.481247935781298, -21.616800970606906 ], [ -50.481310537609481, -21.616888414539318 ], [ -50.481311168889576, -21.61688928940222 ], [ -50.481375168845737, -21.616977289449732 ], [ -50.481375800631433, -21.616978151438516 ], [ -50.481439933245014, -21.617064977235792 ], [ -50.481502090816612, -21.617152787249022 ], [ -50.4815031685783, -21.617154289298725 ], [ -50.481567168534475, -21.61724228934624 ], [ -50.48160780238689, -21.617216449830234 ], [ -50.481573749290234, -21.61717191890876 ], [ -50.481572724385934, -21.617170594541751 ], [ -50.481507724350692, -21.617087594588984 ], [ -50.481507440653694, -21.617087233505181 ], [ -50.481441101315397, -21.617003071751437 ], [ -50.481376748992744, -21.616918918810001 ], [ -50.481311748892828, -21.61683391877682 ] ] ], [ [ [ -50.478521893961016, -21.612039904117474 ], [ -50.478586051929881, -21.612128738338814 ], [ -50.47864823437466, -21.612218557542057 ], [ -50.478649893688285, -21.612220903963355 ], [ -50.47871427028506, -21.61231004090045 ], [ -50.478776660243788, -21.612399169526924 ], [ -50.478839660138206, -21.61248916949188 ], [ -50.478841510976338, -21.612491752492883 ], [ -50.478907022774706, -21.612581086872073 ], [ -50.47896909776361, -21.612667794901409 ], [ -50.47903165982374, -21.612757169387539 ], [ -50.479032542388062, -21.612758416076868 ], [ -50.479095542342939, -21.61284641612383 ], [ -50.479096173624271, -21.612847290988448 ], [ -50.479159629613569, -21.612934543081114 ], [ -50.479222095652382, -21.613022788866342 ], [ -50.479222275713774, -21.613023042657638 ], [ -50.479286275667071, -21.6131130427054 ], [ -50.479286541971319, -21.61311341593839 ], [ -50.47934954192619, -21.613201415985351 ], [ -50.479349998985725, -21.613202050776778 ], [ -50.47941276945491, -21.613288733912611 ], [ -50.479475541720745, -21.613376415917084 ], [ -50.479475718941494, -21.61337666291357 ], [ -50.479539630091246, -21.61346553946672 ], [ -50.479602541512946, -21.613553415848038 ], [ -50.479604113338979, -21.613555569153441 ], [ -50.479667086800312, -21.613640189843625 ], [ -50.479729094824876, -21.613727788591586 ], [ -50.479730466420584, -21.613729693202789 ], [ -50.479792772432148, -21.613814745957363 ], [ -50.479855094619474, -21.613902788523397 ], [ -50.479856637151883, -21.613904925988976 ], [ -50.479920225651853, -21.613991366710827 ], [ -50.479981819786786, -21.614076803842103 ], [ -50.479981997958205, -21.614077050435199 ], [ -50.480044997914526, -21.61416405048201 ], [ -50.480107997812361, -21.614251050448058 ], [ -50.480108465807483, -21.614251692998913 ], [ -50.480171465765245, -21.614337693045567 ], [ -50.480171636643256, -21.614337925819829 ], [ -50.48023508341754, -21.614424173883229 ], [ -50.480297449568035, -21.61451128861453 ], [ -50.480359358989311, -21.614598161621263 ], [ -50.48035999734519, -21.61459905023144 ], [ -50.480422997301503, -21.614686050278252 ], [ -50.480424112009224, -21.614687568711048 ], [ -50.480487549381863, -21.614772812782363 ], [ -50.480549997098294, -21.614859050210725 ], [ -50.480612907717415, -21.614945926887074 ], [ -50.480674818665314, -21.615031803469432 ], [ -50.480675944189485, -21.61503334315772 ], [ -50.480738789546024, -21.615118134613237 ], [ -50.480802314442798, -21.615204488874138 ], [ -50.480864581690504, -21.615290477084091 ], [ -50.480925172629711, -21.615375900483063 ], [ -50.480926635421625, -21.615377925413551 ], [ -50.480990549759532, -21.61546480907154 ], [ -50.481052905843256, -21.615549930178428 ], [ -50.481114357770537, -21.615636161216543 ], [ -50.481114996126095, -21.615637049826269 ], [ -50.481177996082408, -21.615724049873062 ], [ -50.481178943376555, -21.615725342887316 ], [ -50.481241788732099, -21.615810134341487 ], [ -50.481305549252284, -21.615896808903106 ], [ -50.481368376212039, -21.615982572793492 ], [ -50.481430141848641, -21.616067251592181 ], [ -50.481492995577334, -21.616154049705237 ], [ -50.481493942871353, -21.616155342719317 ], [ -50.481556942830565, -21.616240342765838 ], [ -50.481557110184688, -21.616240568104157 ], [ -50.481620785032767, -21.616326131283266 ], [ -50.48168346332897, -21.616411692235548 ], [ -50.481683771188862, -21.616412110908851 ], [ -50.481745380609006, -21.616495581836762 ], [ -50.481807995074576, -21.616582049538195 ], [ -50.48180894236846, -21.61658334255209 ], [ -50.481871942327672, -21.616668342598622 ], [ -50.48187259677195, -21.61666921864526 ], [ -50.481936596732467, -21.6167542186923 ], [ -50.481952920193173, -21.616743471987203 ], [ -50.481952862927997, -21.616743395088349 ], [ -50.481952417373947, -21.61674279996754 ], [ -50.481882861206607, -21.616650389739604 ], [ -50.481813298722265, -21.616555983624053 ], [ -50.481812862641284, -21.616555394926564 ], [ -50.481742862596604, -21.616461394978181 ], [ -50.481673296928776, -21.616367978335628 ], [ -50.481603725166501, -21.616272565749068 ], [ -50.481602416819271, -21.616270799783123 ], [ -50.481532860651974, -21.616178389555245 ], [ -50.481463888956917, -21.616084785224803 ], [ -50.481396468093422, -21.615990594429675 ], [ -50.481394416486744, -21.615987799672524 ], [ -50.481325459703228, -21.615896185768474 ], [ -50.481258467872628, -21.615802594356349 ], [ -50.481256712237844, -21.615800194214358 ], [ -50.481186006326517, -21.61570558782541 ], [ -50.481116455338388, -21.615611197312148 ], [ -50.481048668259248, -21.61551848862538 ], [ -50.480978884705337, -21.615422785582638 ], [ -50.480911044326454, -21.615329006350816 ], [ -50.480843044216059, -21.61523500631413 ], [ -50.480842297103592, -21.615233983018769 ], [ -50.480772591081198, -21.61513938210258 ], [ -50.480703882189651, -21.615044783019798 ], [ -50.480703611574903, -21.615044411677577 ], [ -50.480635611529053, -21.614951411727976 ], [ -50.480635296771133, -21.61495098290823 ], [ -50.480565887514516, -21.614856784745434 ], [ -50.480498466651355, -21.614762593950747 ], [ -50.480497013252652, -21.614760599685365 ], [ -50.480428370304374, -21.61466808103976 ], [ -50.480358723169559, -21.614572565085307 ], [ -50.480358611020456, -21.614572411493263 ], [ -50.480290746526883, -21.614479596931247 ], [ -50.480221881414451, -21.614384782762166 ], [ -50.480220414601, -21.614382799045252 ], [ -50.480151457817847, -21.61429118514172 ], [ -50.480084465987851, -21.614197593730403 ], [ -50.480082859868489, -21.614195394004401 ], [ -50.480013457150903, -21.614102196180667 ], [ -50.47994604277612, -21.614009005835687 ], [ -50.479944859647624, -21.614007393930979 ], [ -50.479875673433298, -21.613914486840059 ], [ -50.479808465545148, -21.613820593583394 ], [ -50.479807295441326, -21.613818982466064 ], [ -50.479737295395189, -21.61372398251784 ], [ -50.479737012034363, -21.613723599280242 ], [ -50.479668153935158, -21.613630790648717 ], [ -50.479598295174327, -21.613535982444425 ], [ -50.479528885852552, -21.613441784193185 ], [ -50.479461464989697, -21.613347593398956 ], [ -50.479460294885669, -21.613345982281345 ], [ -50.479390294839561, -21.61325098233311 ], [ -50.479321306197043, -21.613157355003498 ], [ -50.479254283492644, -21.613061749208583 ], [ -50.47925229454858, -21.613058982169242 ], [ -50.479182801551779, -21.612964670359087 ], [ -50.479114300010401, -21.612869363984679 ], [ -50.47911413887384, -21.61286914024598 ], [ -50.479044716707087, -21.61277294107737 ], [ -50.478977283040848, -21.612676749058689 ], [ -50.478909282927049, -21.612579749020902 ], [ -50.478907141520956, -21.612576775453121 ], [ -50.478837438193779, -21.612482528815192 ], [ -50.47877087360164, -21.61238659761484 ], [ -50.478703066752288, -21.612287878949338 ], [ -50.478701138188285, -21.612285140017978 ], [ -50.478631629863393, -21.612188821458894 ], [ -50.478563113217149, -21.612091508085022 ], [ -50.478562546946179, -21.612090709590611 ], [ -50.478493118410917, -21.6119935097637 ], [ -50.478425678432281, -21.611896316979099 ], [ -50.478424947136475, -21.611895272951497 ], [ -50.478355315078453, -21.611796793452079 ], [ -50.478287678201234, -21.61169931690246 ], [ -50.478286946905328, -21.611698272874712 ], [ -50.478217314847171, -21.611599793375071 ], [ -50.478206179457786, -21.611583745334705 ], [ -50.478194130018927, -21.611591589231697 ], [ -50.478260505781961, -21.611680750810976 ], [ -50.478324894278082, -21.611769904222818 ], [ -50.478389894172409, -21.611859904187693 ], [ -50.478391129701762, -21.611861589126235 ], [ -50.478457505464952, -21.611950750705699 ], [ -50.478521893961016, -21.612039904117474 ] ] ], [ [ [ -50.481055708586076, -21.616971865947242 ], [ -50.480995163819109, -21.616892767230681 ], [ -50.48093655252957, -21.616810711526846 ], [ -50.480935082101652, -21.616808690147927 ], [ -50.480875334264418, -21.616728030664337 ], [ -50.480815584335367, -21.616646372526947 ], [ -50.480814227549487, -21.616644548493209 ], [ -50.480752657604434, -21.616563117370713 ], [ -50.480693333976525, -21.616483030568659 ], [ -50.480633584047489, -21.616401372431309 ], [ -50.48057358395117, -21.616319372399278 ], [ -50.480573081525868, -21.616318689956501 ], [ -50.480513333689061, -21.616238030473504 ], [ -50.480453583759662, -21.616156372335634 ], [ -50.480393583663329, -21.616074372303597 ], [ -50.480392566136224, -21.616072998785135 ], [ -50.480332824697989, -21.615993343628084 ], [ -50.480273333306904, -21.615913030346171 ], [ -50.480214268631691, -21.615832308721867 ], [ -50.480156938035542, -21.615751255222666 ], [ -50.48015558322556, -21.615749372100222 ], [ -50.480095675369824, -21.615667498130257 ], [ -50.480036767229585, -21.615586624341557 ], [ -50.480036583034078, -21.615586372036546 ], [ -50.479977268247765, -21.615505308594379 ], [ -50.479919937651651, -21.615424255095231 ], [ -50.479919452917954, -21.615423573979442 ], [ -50.479861696220006, -21.615342913864346 ], [ -50.479803937460332, -21.615261255031701 ], [ -50.479803260402967, -21.615260305973869 ], [ -50.479744840917313, -21.61517911289177 ], [ -50.479687409766676, -21.615096927040266 ], [ -50.479686452532889, -21.615095573851473 ], [ -50.479628452491376, -21.615014573894683 ], [ -50.479628260114126, -21.615014305877825 ], [ -50.47957029238971, -21.614933740666931 ], [ -50.479515287661869, -21.614853198135723 ], [ -50.479513741257691, -21.614850978850107 ], [ -50.479454839189948, -21.614768116723823 ], [ -50.479397174008717, -21.614686590191909 ], [ -50.479339511094032, -21.61460407267889 ], [ -50.479282612579233, -21.614522218781296 ], [ -50.479282409039079, -21.614521926740537 ], [ -50.479224408994689, -21.614438926784018 ], [ -50.479223259436786, -21.614437305652551 ], [ -50.479164839951274, -21.614356112570654 ], [ -50.479107408801099, -21.614273926719768 ], [ -50.479106936247533, -21.614273254571174 ], [ -50.479048936204578, -21.614191254614532 ], [ -50.479048740483066, -21.614190978592667 ], [ -50.478989838414932, -21.614108116465847 ], [ -50.478931936010923, -21.614026254550211 ], [ -50.478931071205452, -21.614025045165711 ], [ -50.478871165161159, -21.613942175240155 ], [ -50.478812500462581, -21.613860641353682 ], [ -50.478753740052582, -21.613777978508054 ], [ -50.478752580908576, -21.613776371329333 ], [ -50.478692580868206, -21.613694371373789 ], [ -50.478692401073765, -21.613694126196201 ], [ -50.478632078076821, -21.61361204746407 ], [ -50.478573739761408, -21.613529978411389 ], [ -50.478572580617296, -21.613528371232512 ], [ -50.478512734283669, -21.613446581342711 ], [ -50.478451887157121, -21.613362791959645 ], [ -50.478451400683795, -21.613362126066527 ], [ -50.478390737376571, -21.613279584289511 ], [ -50.47833107028876, -21.613197044919577 ], [ -50.478329730330678, -21.613195221542963 ], [ -50.478268653083262, -21.613113456938329 ], [ -50.478209548091392, -21.613030710052556 ], [ -50.478208400292644, -21.613029125936475 ], [ -50.478148218460959, -21.612947239281578 ], [ -50.478089014232651, -21.612863366730771 ], [ -50.478086729937161, -21.612860221412049 ], [ -50.478026131614904, -21.612779097948856 ], [ -50.477967469048451, -21.612695015044256 ], [ -50.477964729738638, -21.612691221346026 ], [ -50.477903556417715, -21.612609328126918 ], [ -50.477843360844126, -21.612525449152649 ], [ -50.477842707059366, -21.612524545530064 ], [ -50.47778070701726, -21.612439545576045 ], [ -50.477778388825655, -21.612436454893324 ], [ -50.47771591063723, -21.612355428585971 ], [ -50.477656360546973, -21.612272449053982 ], [ -50.477655706762171, -21.612271545431351 ], [ -50.477593706720079, -21.612186545477311 ], [ -50.477531706620233, -21.61210154544413 ], [ -50.477531052332893, -21.61210065559613 ], [ -50.477468713440516, -21.612016547667853 ], [ -50.477408360147749, -21.611932448921415 ], [ -50.477407706362847, -21.611931545298617 ], [ -50.47734570632074, -21.611846545344591 ], [ -50.477345052033357, -21.611845655496531 ], [ -50.477282380854362, -21.61176109924525 ], [ -50.477220706121066, -21.611676545278247 ], [ -50.477219397327815, -21.611674779303836 ], [ -50.477155726242451, -21.611590216242842 ], [ -50.47709305169294, -21.611505655443448 ], [ -50.477092058010875, -21.61150433066144 ], [ -50.477029803200907, -21.611422312515387 ], [ -50.476967530794724, -21.611337305841108 ], [ -50.476965387530967, -21.61133445446292 ], [ -50.476901565366795, -21.611251685187799 ], [ -50.476836900311419, -21.611167123289242 ], [ -50.476774558322518, -21.61108499028818 ], [ -50.47671205109954, -21.611000655246357 ], [ -50.476710387136109, -21.610998454331778 ], [ -50.476647477050292, -21.610916867907768 ], [ -50.476585530201369, -21.610832305644113 ], [ -50.476583386937527, -21.610829454265801 ], [ -50.476522680008038, -21.610750725056654 ], [ -50.476512895426382, -21.61075690452256 ], [ -50.476577895380963, -21.610846904570884 ], [ -50.476642895275305, -21.610936904535766 ], [ -50.476707895169618, -21.611026904500648 ], [ -50.47670823070515, -21.611027367157231 ], [ -50.476775062351606, -21.61111913609755 ], [ -50.476839894955916, -21.611208904429638 ], [ -50.476904673576918, -21.611298598015924 ], [ -50.476969453935503, -21.611389290631379 ], [ -50.476969894683144, -21.611389904275569 ], [ -50.477034894637733, -21.611479904323897 ], [ -50.477035512182631, -21.611480752875551 ], [ -50.477100978124938, -21.611570024723754 ], [ -50.47716545361736, -21.61166029052573 ], [ -50.477165894364944, -21.611660904169831 ], [ -50.477230894319518, -21.611750904218148 ], [ -50.477231674819869, -21.611751974539409 ], [ -50.477298509518896, -21.611842750135715 ], [ -50.477363345123329, -21.611931525148194 ], [ -50.47736412963728, -21.611932589086162 ], [ -50.477430505400555, -21.612021750665757 ], [ -50.47749489389674, -21.612110904077703 ], [ -50.477496129425823, -21.612112589015851 ], [ -50.477562505188928, -21.612201750595219 ], [ -50.477626893685347, -21.612290904007502 ], [ -50.477627806142159, -21.612292153265379 ], [ -50.477692346314363, -21.612379530834609 ], [ -50.477756893476332, -21.612468903938051 ], [ -50.477757511020975, -21.612469752489378 ], [ -50.477823510976854, -21.612559752538253 ], [ -50.477823805827327, -21.612560153160718 ], [ -50.477888574117422, -21.612647839566602 ], [ -50.477953344177806, -21.612736524833966 ], [ -50.477954128691579, -21.612737588771715 ], [ -50.478020966654007, -21.612827371216095 ], [ -50.478085805471125, -21.612915153104471 ], [ -50.478150805367754, -21.61300315307011 ], [ -50.478215805264348, -21.613091153035739 ], [ -50.478215968546408, -21.613091373656509 ], [ -50.478281968503744, -21.613180373705227 ], [ -50.478282437247302, -21.613181002234967 ], [ -50.478347709512143, -21.613268032024504 ], [ -50.47840999888426, -21.613354050786452 ], [ -50.478410804893329, -21.613355152850247 ], [ -50.478474937505936, -21.613441978646229 ], [ -50.478537095075943, -21.61352978865721 ], [ -50.478538804685428, -21.613532152781119 ], [ -50.478603166270908, -21.613619288571268 ], [ -50.47866522426137, -21.613705972856451 ], [ -50.478726910625738, -21.613793527807584 ], [ -50.478727718469258, -21.613794662738801 ], [ -50.478791718423984, -21.613883662786439 ], [ -50.478791998203391, -21.613884050498804 ], [ -50.478854126382195, -21.613969846661767 ], [ -50.478914280628729, -21.614056626670575 ], [ -50.478914910259071, -21.614057527624045 ], [ -50.478976910212666, -21.614145527670434 ], [ -50.478977718056001, -21.614146662601399 ], [ -50.47904098999966, -21.614234650258112 ], [ -50.479101280317884, -21.61432162656747 ], [ -50.479101909948099, -21.614322527520741 ], [ -50.479163815570082, -21.614410393677066 ], [ -50.479224721508871, -21.614497259635616 ], [ -50.479224909742754, -21.614497527452563 ], [ -50.479286689415453, -21.614585214842041 ], [ -50.479348470821769, -21.614673901168903 ], [ -50.479350465327023, -21.614676692820915 ], [ -50.479412906787452, -21.614761930474014 ], [ -50.479473813964191, -21.614847397103659 ], [ -50.479534279598823, -21.614934626328996 ], [ -50.479536635957253, -21.614937925573383 ], [ -50.479599990231208, -21.615024047894089 ], [ -50.4796613584071, -21.61511016140982 ], [ -50.479662464816123, -21.615111692650977 ], [ -50.479725229793416, -21.615197371930499 ], [ -50.479787675622454, -21.615283606753064 ], [ -50.479849358101845, -21.615370161308451 ], [ -50.479850464510733, -21.615371692549409 ], [ -50.479912905971453, -21.615456930202924 ], [ -50.479974357898733, -21.615543161240989 ], [ -50.479975464307522, -21.615544692481837 ], [ -50.48003790576832, -21.615629930135452 ], [ -50.4800993576956, -21.615716161173506 ], [ -50.480100943403521, -21.615718342877894 ], [ -50.480163788759612, -21.615803134332815 ], [ -50.48022754927883, -21.615889808893122 ], [ -50.480290463859994, -21.615975692393754 ], [ -50.480353463758959, -21.616061692360176 ], [ -50.480416463657939, -21.616147692326603 ], [ -50.480417597401612, -21.616149218836195 ], [ -50.480480785826785, -21.616233141062388 ], [ -50.480542995402367, -21.616319049628906 ], [ -50.48054459719949, -21.616321218768977 ], [ -50.48060859716, -21.616406218816039 ], [ -50.480609251662244, -21.616407081356719 ], [ -50.480673590221215, -21.616491216492502 ], [ -50.480735942455574, -21.616575342622866 ], [ -50.480737251462408, -21.616577081290298 ], [ -50.480802251424244, -21.616662081337882 ], [ -50.480866589921639, -21.616746216393121 ], [ -50.480928942155863, -21.616830342523311 ], [ -50.480930251162683, -21.616832081190729 ], [ -50.480995251124511, -21.616917081238302 ], [ -50.481060251024594, -21.617002081205118 ], [ -50.481125250924656, -21.617087081171928 ], [ -50.481190250824739, -21.617172081138737 ], [ -50.481191559236002, -21.617173766349303 ], [ -50.481258417053411, -21.617258586061972 ], [ -50.481322759012578, -21.617340745886104 ], [ -50.481387250527241, -21.617425081039979 ], [ -50.481417019232552, -21.617464009391565 ], [ -50.481419228510795, -21.617462548812838 ], [ -50.481357658565827, -21.617381117690488 ], [ -50.481298334937641, -21.617301030888058 ], [ -50.481238585008605, -21.617219372750704 ], [ -50.481237906708991, -21.617218453383316 ], [ -50.481176906669937, -21.617136453428326 ], [ -50.481176395663645, -21.617135770708444 ], [ -50.481116343510379, -21.617056029418777 ], [ -50.481058262471869, -21.616975306718871 ], [ -50.481055708586076, -21.616971865947242 ] ] ], [ [ [ -50.480819093243369, -21.617059473429901 ], [ -50.480757093196956, -21.616971473476305 ], [ -50.480695508597087, -21.616884063188454 ], [ -50.480635917871041, -21.61679765674857 ], [ -50.480635722621493, -21.616797374358566 ], [ -50.480574722573806, -21.616709374404415 ], [ -50.480574092831482, -21.616708473293048 ], [ -50.480512092785069, -21.616620473339445 ], [ -50.480511643402281, -21.616619839145063 ], [ -50.480450408609734, -21.616533913012713 ], [ -50.480390153190292, -21.616445999483389 ], [ -50.480388183011129, -21.616443197060764 ], [ -50.480326413948561, -21.616357517499672 ], [ -50.480264868576, -21.616271155553228 ], [ -50.480203186547719, -21.616183606979479 ], [ -50.480142280459809, -21.616096741031111 ], [ -50.480141642787174, -21.616095838940641 ], [ -50.480079642742183, -21.6160088389869 ], [ -50.48007853621629, -21.616007307587797 ], [ -50.480016094612786, -21.61592206994726 ], [ -50.479954963122488, -21.615836288770119 ], [ -50.479894280052569, -21.615749740895961 ], [ -50.479891889196402, -21.615746431605025 ], [ -50.47982845168206, -21.615661187547008 ], [ -50.479766003820359, -21.615574950129343 ], [ -50.479765710636556, -21.615574546724265 ], [ -50.479703857492019, -21.615489748161949 ], [ -50.479641003618333, -21.615402950062183 ], [ -50.479639888791063, -21.615401431470211 ], [ -50.479575972541348, -21.615315544111823 ], [ -50.479513056063659, -21.615230656902007 ], [ -50.479450210506847, -21.615145865379176 ], [ -50.47938636422446, -21.615059074443646 ], [ -50.479386055802486, -21.615058656755124 ], [ -50.479323055761697, -21.614973656801638 ], [ -50.479260296232091, -21.614888981347228 ], [ -50.47919753486066, -21.614803307197853 ], [ -50.479196888087216, -21.614802431236257 ], [ -50.479133213097747, -21.614716868071152 ], [ -50.479070534658582, -21.614631307130693 ], [ -50.479069400794053, -21.614629780462018 ], [ -50.479006212230118, -21.614545858249521 ], [ -50.478944002510595, -21.614459949694236 ], [ -50.478943055097503, -21.61445865652075 ], [ -50.478880295627512, -21.614373981146791 ], [ -50.478817534255619, -21.61428830699678 ], [ -50.478816887482111, -21.614287431035073 ], [ -50.478753212492464, -21.614201867869742 ], [ -50.478690534053548, -21.61411630692962 ], [ -50.478690363056735, -21.61411607399409 ], [ -50.478626363014357, -21.614029074041447 ], [ -50.47862605459229, -21.614028656352811 ], [ -50.478563531947664, -21.613944300504961 ], [ -50.47850100180348, -21.613857949459327 ], [ -50.478500533690514, -21.613857306748244 ], [ -50.478437533648275, -21.613771306794916 ], [ -50.478437362651441, -21.613771073859375 ], [ -50.478373683791681, -21.61368451051414 ], [ -50.478311001498106, -21.61359794935786 ], [ -50.478309886670253, -21.613596430765114 ], [ -50.478246449156302, -21.613511186707605 ], [ -50.478184230723386, -21.613425266120014 ], [ -50.478121458309765, -21.613337584127791 ], [ -50.478121001133104, -21.61333694917526 ], [ -50.478058001089416, -21.613249949222073 ], [ -50.478057362038278, -21.613249073655496 ], [ -50.477993447556678, -21.613162190011998 ], [ -50.47793053283192, -21.613076306523549 ], [ -50.477930194756752, -21.613075846928833 ], [ -50.477865278338179, -21.612987960190779 ], [ -50.477801361689274, -21.612901073600934 ], [ -50.477800722272782, -21.612900211116365 ], [ -50.477736368155149, -21.612814075707579 ], [ -50.477674000476298, -21.612727949018392 ], [ -50.477673194346742, -21.612726846792569 ], [ -50.47760819430421, -21.612638846840596 ], [ -50.477607238614979, -21.612637567802391 ], [ -50.477542481154764, -21.612551888801178 ], [ -50.477478192274184, -21.612465840709135 ], [ -50.477413655499156, -21.612377475078162 ], [ -50.477412238307117, -21.612375567700063 ], [ -50.47734795499462, -21.612290516032498 ], [ -50.477283655293569, -21.612202475009859 ], [ -50.477282238101488, -21.612200567631714 ], [ -50.477217719535496, -21.612115204705805 ], [ -50.477153425192881, -21.61202816016155 ], [ -50.477088654984605, -21.611939474907221 ], [ -50.477087721142468, -21.611938210740657 ], [ -50.477022958120124, -21.611851528028865 ], [ -50.476958193276182, -21.61176384649897 ], [ -50.476893193172799, -21.611675846464632 ], [ -50.476892720833447, -21.611675210637962 ], [ -50.476827957811146, -21.611588527926205 ], [ -50.476763192967198, -21.611500846396318 ], [ -50.476762560755724, -21.611499996997821 ], [ -50.476696640721819, -21.611412103722738 ], [ -50.476632509678346, -21.611326266889805 ], [ -50.476569278565449, -21.611238336231924 ], [ -50.47656692819006, -21.611235160211628 ], [ -50.476500739713579, -21.611148226194317 ], [ -50.476438592245032, -21.611063390069617 ], [ -50.476373653851049, -21.610974474530654 ], [ -50.476373192287227, -21.610973846108148 ], [ -50.476308192244687, -21.610885846156183 ], [ -50.476243192141332, -21.610797846121848 ], [ -50.476242719801895, -21.610797210295065 ], [ -50.476178830836609, -21.610711697474493 ], [ -50.47612249971413, -21.610632118687068 ], [ -50.476078949351148, -21.610660344849997 ], [ -50.47614194931036, -21.610745344896497 ], [ -50.476142272540272, -21.610745779300004 ], [ -50.476204110402634, -21.610828562342814 ], [ -50.476266949112969, -21.610913344830912 ], [ -50.476268612954343, -21.610915545589187 ], [ -50.476331522906378, -21.610997132026725 ], [ -50.476393469614337, -21.611081694301078 ], [ -50.476395612755759, -21.611084545523216 ], [ -50.476458769766424, -21.611166452365065 ], [ -50.476520948716974, -21.611250344699393 ], [ -50.476521942279142, -21.611251669324663 ], [ -50.47658494224126, -21.611334669370848 ], [ -50.476585257626667, -21.611335083334922 ], [ -50.476650257588489, -21.611420083382491 ], [ -50.476650612360892, -21.611420545392065 ], [ -50.476713522312807, -21.611502131829464 ], [ -50.476775469020978, -21.611586694104091 ], [ -50.476776941883095, -21.611588669193086 ], [ -50.476839441040063, -21.611671009448099 ], [ -50.476901948123583, -21.611755344502306 ], [ -50.47690260256816, -21.611756220549346 ], [ -50.476965941115175, -21.611840342156167 ], [ -50.477027293695024, -21.61192445466601 ], [ -50.477027947864769, -21.611925344356226 ], [ -50.477090618903397, -21.612009900620787 ], [ -50.477151964780113, -21.612094003941451 ], [ -50.477212639667947, -21.612178551021309 ], [ -50.477213947565225, -21.612180344256618 ], [ -50.477276618603938, -21.612264900521311 ], [ -50.477338293195842, -21.612349454500123 ], [ -50.477399964380666, -21.612434003808563 ], [ -50.477460639268713, -21.612518550888723 ], [ -50.477463611066199, -21.612522544961664 ], [ -50.477526430354388, -21.61260401381951 ], [ -50.477586964083585, -21.612687003709997 ], [ -50.477647638971568, -21.612771550790086 ], [ -50.477649270157457, -21.612773778508032 ], [ -50.477709868343872, -21.612854901983859 ], [ -50.477768530766149, -21.61293898489641 ], [ -50.477771269958957, -21.61294277844199 ], [ -50.477832105654365, -21.613024219873541 ], [ -50.477890985582697, -21.613107633210426 ], [ -50.477892599605632, -21.613109873917121 ], [ -50.47795302006017, -21.613192085455108 ], [ -50.478012451724702, -21.613275289889195 ], [ -50.478014269565428, -21.613277778311083 ], [ -50.478075592086853, -21.613359871461697 ], [ -50.478134929528096, -21.613441955022761 ], [ -50.478135599214468, -21.613442873787086 ], [ -50.478196354944444, -21.613525541519742 ], [ -50.478257112659335, -21.613609207983639 ], [ -50.478257419281064, -21.613609628621489 ], [ -50.478316833907229, -21.613690828709814 ], [ -50.478375260055095, -21.613773021529415 ], [ -50.478376598824497, -21.613774873657395 ], [ -50.478437508751945, -21.613857751199863 ], [ -50.478496833615807, -21.613938828612767 ], [ -50.47855525976393, -21.614021021432741 ], [ -50.478555741044957, -21.614021694394204 ], [ -50.478614741003291, -21.614103694438111 ], [ -50.478614928695023, -21.614103954687412 ], [ -50.478674492996902, -21.614186352073784 ], [ -50.478732063806028, -21.614267745389579 ], [ -50.478732259419658, -21.61426802126002 ], [ -50.47879116134807, -21.614350883399503 ], [ -50.478848826335955, -21.614432409865302 ], [ -50.478906591015125, -21.614515073219451 ], [ -50.478907740463796, -21.614516694200994 ], [ -50.478966159811876, -21.6145978872946 ], [ -50.479023488862872, -21.614679927248773 ], [ -50.479080387237445, -21.614761781156933 ], [ -50.479080590672353, -21.614762073047448 ], [ -50.479138590627961, -21.614845073090937 ], [ -50.479139063074413, -21.614845745088918 ], [ -50.479197063031464, -21.614927745132274 ], [ -50.479197258645016, -21.614928021002569 ], [ -50.479255474528301, -21.615009918027184 ], [ -50.479310712154607, -21.615090801800935 ], [ -50.479312739786451, -21.615093693975723 ], [ -50.479371643395929, -21.615175560110973 ], [ -50.479429064649487, -21.615255751962209 ], [ -50.479486590049525, -21.615338072898972 ], [ -50.479487739497614, -21.615339693879683 ], [ -50.479546398925251, -21.61542122064338 ], [ -50.4796040623566, -21.615502744908113 ], [ -50.479604546982749, -21.615503425874497 ], [ -50.479662303544202, -21.61558408600099 ], [ -50.479720062165285, -21.615665744844573 ], [ -50.479721416864265, -21.615667627817434 ], [ -50.479781324583705, -21.615749501800256 ], [ -50.479840232588415, -21.615830375600389 ], [ -50.479840416672786, -21.615830627753787 ], [ -50.479899731323449, -21.615911691208844 ], [ -50.479957061781384, -21.615992744717143 ], [ -50.479958416480152, -21.61599462768973 ], [ -50.480018416439776, -21.616076627734191 ], [ -50.480018918752236, -21.616077310025339 ], [ -50.480078918713318, -21.616158310069647 ], [ -50.480079433757894, -21.61615900107066 ], [ -50.480138920712768, -21.616238317104269 ], [ -50.480198416154266, -21.616319627639317 ], [ -50.480258416057943, -21.616401627607299 ], [ -50.48025891837036, -21.616402309898394 ], [ -50.48031866607306, -21.616482969393719 ], [ -50.480378415866426, -21.616564627543653 ], [ -50.480438415770102, -21.616646627511624 ], [ -50.480438918082477, -21.616647309802659 ], [ -50.480498918043558, -21.616728309846973 ], [ -50.480499772344494, -21.616729451361742 ], [ -50.480561086418774, -21.616810544264688 ], [ -50.480620415482228, -21.616891627415974 ], [ -50.480620917794582, -21.616892309706962 ], [ -50.480680173402611, -21.616972304874135 ], [ -50.480739447286489, -21.617055288414928 ], [ -50.480742291305816, -21.617059133908612 ], [ -50.480802987671986, -21.617138430866053 ], [ -50.48086073734536, -21.617218693222487 ], [ -50.480862604230403, -21.61722122914691 ], [ -50.48092334763794, -21.617301888520402 ], [ -50.48098375209932, -21.617383088056922 ], [ -50.48104341480898, -21.617464627192238 ], [ -50.481043917121255, -21.617465309483133 ], [ -50.481086848085283, -21.617523266353867 ], [ -50.481127093758566, -21.617498473601046 ], [ -50.481065093712154, -21.617410473647443 ], [ -50.481064644329578, -21.617409839453355 ], [ -50.481003188977468, -21.617323603826314 ], [ -50.48094272319198, -21.617236374609533 ], [ -50.480942532219821, -21.617236099791928 ], [ -50.480880532171973, -21.617147099838455 ], [ -50.48088028163609, -21.617146741360614 ], [ -50.480819281589824, -21.617059741406322 ], [ -50.480819093243369, -21.617059473429901 ] ] ], [ [ [ -50.481810973463084, -21.616075544389055 ], [ -50.481748534381872, -21.61599130128528 ], [ -50.481686004237524, -21.615904950239418 ], [ -50.481685711053693, -21.61590454683429 ], [ -50.481623711011594, -21.615819546880282 ], [ -50.481623536024941, -21.615819307495453 ], [ -50.481560535982702, -21.615733307542122 ], [ -50.481560364985917, -21.615733074606631 ], [ -50.481496364943538, -21.615646074653995 ], [ -50.481496056521507, -21.615645656965388 ], [ -50.48143353387664, -21.615561301117229 ], [ -50.48137132467005, -21.615475393270909 ], [ -50.481309642043946, -21.615388838726627 ], [ -50.481308535517471, -21.615387307326724 ], [ -50.481245535475232, -21.61530130737339 ], [ -50.481245364478433, -21.61530107443788 ], [ -50.481182104984917, -21.615215081168362 ], [ -50.481121827185191, -21.615130099459122 ], [ -50.481121003267617, -21.615128949855727 ], [ -50.481058003223943, -21.61504194990254 ], [ -50.48105736417304, -21.615041074336297 ], [ -50.480993364130647, -21.614954074383647 ], [ -50.480993055708581, -21.614953656695004 ], [ -50.480930623741592, -21.614869423189909 ], [ -50.480869181149949, -21.614784196474275 ], [ -50.480869002862413, -21.614783949721073 ], [ -50.480806002818731, -21.614696949767893 ], [ -50.480743002716586, -21.614609949733939 ], [ -50.480741887888769, -21.614608431141239 ], [ -50.480678450374761, -21.614523187083652 ], [ -50.480616323451038, -21.614437392865817 ], [ -50.480554640825176, -21.614350838321894 ], [ -50.480554459471094, -21.61435058442277 ], [ -50.48049145942597, -21.614262584469724 ], [ -50.480490363256813, -21.614261074031614 ], [ -50.480426448775475, -21.614174190388457 ], [ -50.480363768971877, -21.614088627585883 ], [ -50.48030100200252, -21.614001949496611 ], [ -50.48023809112189, -21.613915072673269 ], [ -50.480176180028486, -21.613829196101602 ], [ -50.480175362748192, -21.613828073862479 ], [ -50.480112144167265, -21.613742136208472 ], [ -50.480049905193816, -21.613654211420183 ], [ -50.480048533479568, -21.613652306649101 ], [ -50.479986227324765, -21.61356725390668 ], [ -50.479923904988439, -21.61347921135199 ], [ -50.479921886559033, -21.613476430698864 ], [ -50.479858682815355, -21.61339150077001 ], [ -50.479796458301145, -21.613304584096081 ], [ -50.479796280962731, -21.613304336936224 ], [ -50.479732369663466, -21.613215460396201 ], [ -50.479669458093348, -21.613127584027026 ], [ -50.479669000916523, -21.613126949074271 ], [ -50.479606230301513, -21.613040265950989 ], [ -50.479543591349838, -21.612952770381671 ], [ -50.479479814319362, -21.6128630840456 ], [ -50.479416904160928, -21.612774211077227 ], [ -50.479415826277886, -21.612772708862156 ], [ -50.479352143582837, -21.612685145264017 ], [ -50.479289902201302, -21.612598205030331 ], [ -50.479227339988796, -21.612508830555527 ], [ -50.479226457307348, -21.612507583703895 ], [ -50.479163457262231, -21.612419583750818 ], [ -50.479162488925652, -21.612418247356857 ], [ -50.479097429156035, -21.612329529597623 ], [ -50.479035339674333, -21.612240830451196 ], [ -50.478972339568756, -21.61215083041613 ], [ -50.478971106215866, -21.612149095885997 ], [ -50.478906948036673, -21.61206026159466 ], [ -50.47884476543711, -21.611970442400491 ], [ -50.478843106003389, -21.611968095815318 ], [ -50.478778105957964, -21.611878095863638 ], [ -50.4787131058523, -21.611788095828544 ], [ -50.478711870198126, -21.611786410723884 ], [ -50.478645494287278, -21.61169724915915 ], [ -50.47858110564092, -21.611608095758324 ], [ -50.478516105535242, -21.611518095723198 ], [ -50.478514869880968, -21.611516410618425 ], [ -50.478490102991941, -21.611483141702525 ], [ -50.478469894533461, -21.611495904250134 ], [ -50.47853489448805, -21.611585904298448 ], [ -50.478599894382384, -21.611675904263343 ], [ -50.478664673003287, -21.611765597849466 ], [ -50.478729453361993, -21.611856290465088 ], [ -50.478729894109613, -21.611856904109246 ], [ -50.478794894064201, -21.611946904157573 ], [ -50.478859893958536, -21.612036904122448 ], [ -50.478924893852849, -21.612126904087312 ], [ -50.478989893747183, -21.612216904052204 ], [ -50.479054893641496, -21.612306904017078 ], [ -50.479055806098465, -21.612308153275201 ], [ -50.479120346270534, -21.612395530844228 ], [ -50.479184893432468, -21.612484903947639 ], [ -50.479249269969138, -21.61257404080148 ], [ -50.479311659927838, -21.612663169427929 ], [ -50.479313344175743, -21.612665524794643 ], [ -50.479378117731692, -21.612754214848707 ], [ -50.479442893010955, -21.612843903807516 ], [ -50.47944317362164, -21.612844290993536 ], [ -50.479507032877486, -21.612932097577964 ], [ -50.479571716907579, -21.61302166019189 ], [ -50.479634317883104, -21.613109102933681 ], [ -50.479697095440777, -21.61319778880199 ], [ -50.479698805050823, -21.61320015292668 ], [ -50.479762937663139, -21.61328697872225 ], [ -50.479825095233004, -21.613374788733022 ], [ -50.479825275294374, -21.613375042524261 ], [ -50.479889275247672, -21.613465042572045 ], [ -50.479890804737238, -21.613467152822352 ], [ -50.479955166322441, -21.613554288612139 ], [ -50.480017541403413, -21.613641415817604 ], [ -50.480017998462856, -21.61364205060891 ], [ -50.480080998419183, -21.613729050655742 ], [ -50.480081172582359, -21.613729290647985 ], [ -50.48014485513059, -21.613816854259341 ], [ -50.480207541094636, -21.613904415715027 ], [ -50.480208342719486, -21.613905524310368 ], [ -50.480273257351847, -21.613994407530708 ], [ -50.480336628260609, -21.614081542637404 ], [ -50.48039909429982, -21.61416978842319 ], [ -50.4804004658953, -21.614171693034088 ], [ -50.48046299959227, -21.614257056597452 ], [ -50.480525540578029, -21.614344415543382 ], [ -50.480525717798677, -21.61434466253975 ], [ -50.480589717753418, -21.614433662587402 ], [ -50.480590465586417, -21.614434692931358 ], [ -50.480653089195179, -21.614520179231505 ], [ -50.480716628741625, -21.614608539022804 ], [ -50.480779540164725, -21.614696415406076 ], [ -50.480779997223955, -21.614697050197073 ], [ -50.480842767693346, -21.614783733333198 ], [ -50.480905539959259, -21.614871415337809 ], [ -50.480906636008775, -21.614872925614762 ], [ -50.480970314724658, -21.614959488973916 ], [ -50.481032996872578, -21.615046050141604 ], [ -50.481033171035676, -21.615046290133723 ], [ -50.481097170991852, -21.615134290181231 ], [ -50.481098275055423, -21.615135787915914 ], [ -50.481162867139993, -21.615222242039426 ], [ -50.48122522963925, -21.615307371903416 ], [ -50.481287996463841, -21.61539405000579 ], [ -50.481350996361655, -21.615481049971823 ], [ -50.481352111069171, -21.615482568404335 ], [ -50.481415548441589, -21.615567812475351 ], [ -50.481477996158453, -21.615654049904307 ], [ -50.481479110865919, -21.615655568336738 ], [ -50.481542548238274, -21.615740812407683 ], [ -50.481604995955244, -21.615827049836781 ], [ -50.481667995853094, -21.615914049802821 ], [ -50.481668943147206, -21.615915342817036 ], [ -50.481731788503886, -21.616000134272774 ], [ -50.481795549022131, -21.616086808831746 ], [ -50.481858463603622, -21.616172692332807 ], [ -50.481859597347515, -21.616174218842698 ], [ -50.481922785772532, -21.616258141068702 ], [ -50.481984995347965, -21.616344049635003 ], [ -50.4820479952458, -21.61643104960104 ], [ -50.482049433403759, -21.616433000981875 ], [ -50.482112433364428, -21.616517001028253 ], [ -50.482128283432594, -21.616506606713127 ], [ -50.482125732038469, -21.616503218146779 ], [ -50.482063534884531, -21.61641930145219 ], [ -50.48200100474029, -21.616332950406463 ], [ -50.482000228709275, -21.616331888944305 ], [ -50.481938382992432, -21.61624809807391 ], [ -50.481875536486704, -21.616162307709665 ], [ -50.481874889713296, -21.616161431748118 ], [ -50.481810973463084, -21.616075544389055 ] ] ], [ [ [ -50.481986365172872, -21.61583607472426 ], [ -50.481986056750856, -21.615835657035689 ], [ -50.481923534105896, -21.615751301187363 ], [ -50.481861003961775, -21.615664950141838 ], [ -50.481798003859616, -21.615577950107891 ], [ -50.481796889032069, -21.61557643151556 ], [ -50.481733451518103, -21.615491187458019 ], [ -50.481671003656416, -21.615404950040364 ], [ -50.481669888828819, -21.615403431447962 ], [ -50.481606451314946, -21.615318187390557 ], [ -50.481544003453209, -21.615231949972845 ], [ -50.481481003351035, -21.61514494993888 ], [ -50.481480535238148, -21.615144307227915 ], [ -50.481417535195916, -21.615058307274584 ], [ -50.481416724842504, -21.61505721193593 ], [ -50.481352281873143, -21.61497095760252 ], [ -50.481288916032995, -21.614883829678551 ], [ -50.481226002942293, -21.614796949803051 ], [ -50.481225363891291, -21.614796074236679 ], [ -50.481161916972646, -21.614709826186232 ], [ -50.481099459854825, -21.614622584606327 ], [ -50.48109900267827, -21.614621949653959 ], [ -50.481036232063396, -21.614535266530861 ], [ -50.480973459649356, -21.614447584538048 ], [ -50.480973282311027, -21.614447337378316 ], [ -50.480909282265756, -21.614358337425951 ], [ -50.480908534313741, -21.614357306920528 ], [ -50.480845910561634, -21.614271820632812 ], [ -50.480782370805137, -21.614183460768441 ], [ -50.480719459236056, -21.614095584400726 ], [ -50.480718534004851, -21.61409430681779 ], [ -50.480656227850069, -21.614009254075437 ], [ -50.48059390551348, -21.613921211520395 ], [ -50.480592827631, -21.613919709306106 ], [ -50.480528827587186, -21.613831709353608 ], [ -50.480528657182575, -21.613831475539804 ], [ -50.480464060695418, -21.613743028150136 ], [ -50.480401458719463, -21.61365558422909 ], [ -50.480400827319784, -21.613654709202649 ], [ -50.480336914487175, -21.613566829165503 ], [ -50.480274230824286, -21.613480266118721 ], [ -50.480211458410679, -21.613392584126512 ], [ -50.480210195162769, -21.613390847028658 ], [ -50.480145969815851, -21.613303895894866 ], [ -50.480082814739468, -21.613215084179981 ], [ -50.480019904580296, -21.613126211210577 ], [ -50.480018194849187, -21.613123846924339 ], [ -50.479954062091892, -21.613037021142585 ], [ -50.479891904372529, -21.612949211141586 ], [ -50.479891457831229, -21.61294858387204 ], [ -50.479828457786098, -21.612860583918994 ], [ -50.479828107056775, -21.612860096159647 ], [ -50.479763107011372, -21.612770096207967 ], [ -50.479762826280513, -21.612769708857069 ], [ -50.47969896687686, -21.612681902284706 ], [ -50.479634106802351, -21.612592096138506 ], [ -50.479633655726332, -21.612591475055538 ], [ -50.479569510150867, -21.612503645067736 ], [ -50.479507339884691, -21.612414830515139 ], [ -50.479506106531922, -21.61241309598519 ], [ -50.479441106486512, -21.612323096033514 ], [ -50.479376106380833, -21.612233095998388 ], [ -50.479375193801538, -21.612231846575824 ], [ -50.479310653483616, -21.612144469019949 ], [ -50.479246106171814, -21.612055095928937 ], [ -50.479181106066129, -21.611965095893801 ], [ -50.479116105960465, -21.611875095858689 ], [ -50.479051105854786, -21.611785095823567 ], [ -50.478986326961973, -21.611695402083008 ], [ -50.478921546450522, -21.611604709480424 ], [ -50.478921105582018, -21.611604095669481 ], [ -50.4788561055366, -21.611514095717798 ], [ -50.478791105430922, -21.611424095682676 ], [ -50.478726105325265, -21.611334095647567 ], [ -50.478698309371616, -21.611351650038564 ], [ -50.478739232452789, -21.611407993480878 ], [ -50.478804369701933, -21.611501751763331 ], [ -50.478805794951967, -21.611503766218114 ], [ -50.478872794904824, -21.611596766267962 ], [ -50.478873121889897, -21.61159721829921 ], [ -50.478941232120619, -21.611690993370498 ], [ -50.479006369369934, -21.611784751653243 ], [ -50.479008121666823, -21.611787218225011 ], [ -50.479076231897672, -21.611880993296481 ], [ -50.479141369147072, -21.611974751579318 ], [ -50.479142794396708, -21.611976766033521 ], [ -50.479209456545568, -21.612069297191034 ], [ -50.479277122624374, -21.612164825893498 ], [ -50.479277794174827, -21.612165765959762 ], [ -50.479344370033651, -21.612258177341467 ], [ -50.479410952092081, -21.612352584857565 ], [ -50.479411196922335, -21.612352930923389 ], [ -50.479477196873894, -21.612445930972683 ], [ -50.47947779384495, -21.612446765850091 ], [ -50.479544281341589, -21.612539054579745 ], [ -50.479609777897672, -21.612632337672544 ], [ -50.479610793625426, -21.612633765777105 ], [ -50.479676771593454, -21.612725347250286 ], [ -50.479740785737526, -21.61281890650675 ], [ -50.479743228566569, -21.612822366475957 ], [ -50.479809707798708, -21.612913651503863 ], [ -50.479875196216689, -21.613005930754341 ], [ -50.479875793187546, -21.613006765631507 ], [ -50.479941979098435, -21.613098635741931 ], [ -50.48000618792522, -21.613191491704221 ], [ -50.480008228129783, -21.613194366330678 ], [ -50.480074707361815, -21.613285651358421 ], [ -50.480140195780073, -21.613377930609317 ], [ -50.480141672877316, -21.613379973923056 ], [ -50.480207834975189, -21.613469835986024 ], [ -50.480272020482637, -21.613560683280394 ], [ -50.480272366923415, -21.613561171473563 ], [ -50.48033936687483, -21.613655171523558 ], [ -50.480340672551996, -21.61365697381483 ], [ -50.480407143359109, -21.613747255169653 ], [ -50.480472537096034, -21.613838410188823 ], [ -50.480537408676291, -21.613929230514955 ], [ -50.480604192632796, -21.614022927527049 ], [ -50.480669019832412, -21.6141146830645 ], [ -50.480670672011755, -21.614116973635085 ], [ -50.480736834109791, -21.61420683569829 ], [ -50.480801019617616, -21.614297682993197 ], [ -50.480802060859212, -21.614299137527013 ], [ -50.480867535422441, -21.614389413172646 ], [ -50.480932019402829, -21.614480682921883 ], [ -50.480933226617275, -21.614482365827662 ], [ -50.480999616594545, -21.614573528296592 ], [ -50.48106401918686, -21.614664682850162 ], [ -50.481065060428257, -21.614666137383693 ], [ -50.481130534991522, -21.614756413029376 ], [ -50.481195018972073, -21.614847682778848 ], [ -50.481196226186285, -21.614849365684289 ], [ -50.481263057832464, -21.614941134624232 ], [ -50.481327890437491, -21.615030902957319 ], [ -50.481328670937081, -21.615031973277556 ], [ -50.48139527801623, -21.615122439718359 ], [ -50.481459451043484, -21.615211294789017 ], [ -50.481524018437966, -21.615302682601545 ], [ -50.481526125645061, -21.615305587787624 ], [ -50.481592501408549, -21.615394749367521 ], [ -50.481656889905494, -21.615483902780511 ], [ -50.481657507449583, -21.615484751331071 ], [ -50.481723196961077, -21.615574328046492 ], [ -50.481787889694097, -21.615663902710263 ], [ -50.481789125222107, -21.615665587646941 ], [ -50.48185550098556, -21.615754749226792 ], [ -50.481919889482676, -21.61584390264002 ], [ -50.481984889376974, -21.61593390260488 ], [ -50.481986433981085, -21.615936001177666 ], [ -50.482051651686703, -21.616022958221546 ], [ -50.4821158891679, -21.616111902535408 ], [ -50.482117124695755, -21.616113587471883 ], [ -50.482184124652953, -21.616203587521301 ], [ -50.482185065919687, -21.616204837756602 ], [ -50.482250957993863, -21.616291382671353 ], [ -50.482314888853097, -21.616379902430872 ], [ -50.482363989003829, -21.616348895556374 ], [ -50.48230329408608, -21.61626796909524 ], [ -50.482241004569062, -21.616181950343631 ], [ -50.482178004466903, -21.61609495030967 ], [ -50.482176402548419, -21.616092781010472 ], [ -50.482112974628926, -21.616008540904012 ], [ -50.482050536212043, -21.615923307612405 ], [ -50.482050365215258, -21.61592307467691 ], [ -50.481986365172872, -21.61583607472426 ] ] ], [ [ [ -50.479228364093835, -21.611573607286008 ], [ -50.479217785066339, -21.611580769183874 ], [ -50.479288204700595, -21.611671727982309 ], [ -50.479355701372668, -21.61176563651075 ], [ -50.479357142944004, -21.611767606836075 ], [ -50.479427142899333, -21.611861606887675 ], [ -50.479428326589499, -21.611863174132086 ], [ -50.479499506120575, -21.611956103071478 ], [ -50.479515337708023, -21.611977588823038 ], [ -50.47946687718531, -21.611909174053853 ], [ -50.479466205509283, -21.61190823381418 ], [ -50.479399927087357, -21.611816235522415 ], [ -50.479334630662606, -21.611722248365659 ], [ -50.479332878239006, -21.611719781621815 ], [ -50.479264767850481, -21.611626006565189 ], [ -50.479228364093835, -21.611573607286008 ] ] ], [ [ [ -50.476143368257247, -21.609195320455932 ], [ -50.476112369019475, -21.609149321648832 ], [ -50.476078146017556, -21.60917160783433 ], [ -50.476147927152567, -21.609265314041387 ], [ -50.476217709845685, -21.609360019238657 ], [ -50.476219189543166, -21.609361992003333 ], [ -50.476289663257162, -21.609454302749402 ], [ -50.476345436739749, -21.609529198657363 ], [ -50.476350995569852, -21.609530629168052 ], [ -50.476373832122064, -21.609536505931946 ], [ -50.476329178458322, -21.609469525527995 ], [ -50.4763283701662, -21.60946832622982 ], [ -50.47626687883745, -21.609378072948697 ], [ -50.476206377687923, -21.609286825438513 ], [ -50.476204951417628, -21.609284715248339 ], [ -50.476143368257247, -21.609195320455932 ] ] ], [ [ [ -50.476541810354554, -21.609287007845772 ], [ -50.476471558954145, -21.6091949885123 ], [ -50.47640228996584, -21.609100980711979 ], [ -50.476401853884212, -21.609100392013634 ], [ -50.476331853839532, -21.609006392065236 ], [ -50.476281357431439, -21.609039275572066 ], [ -50.476336045118302, -21.609112473024272 ], [ -50.476400809816617, -21.609200154566995 ], [ -50.476401765383031, -21.609201433443843 ], [ -50.476466681604116, -21.609287322697956 ], [ -50.476533439535672, -21.609376001248233 ], [ -50.47659828178702, -21.609462790210149 ], [ -50.476598441596813, -21.609463003699375 ], [ -50.476664441555592, -21.609551003747935 ], [ -50.476665560606406, -21.609552476160115 ], [ -50.476732316186499, -21.609639158877734 ], [ -50.476733586755415, -21.609640827686587 ], [ -50.476800755626186, -21.609657243704877 ], [ -50.476814257048659, -21.609659294658687 ], [ -50.476820535798858, -21.609659685336439 ], [ -50.476752489045829, -21.609569901530744 ], [ -50.476682854391719, -21.609476392248702 ], [ -50.476612854281271, -21.609382392212002 ], [ -50.476542854170852, -21.609288392175309 ], [ -50.476541810354554, -21.609287007845772 ] ] ], [ [ [ -50.476786718028826, -21.609210209737448 ], [ -50.476786401809477, -21.609209788092009 ], [ -50.476719401768122, -21.609120788141247 ], [ -50.476719234512899, -21.609120566408908 ], [ -50.476654715947234, -21.609035203483426 ], [ -50.476590189998383, -21.608947845380083 ], [ -50.47658971765869, -21.608947209552959 ], [ -50.476525188069473, -21.60886083928224 ], [ -50.476460651294985, -21.608772473652014 ], [ -50.476459234101718, -21.608770566272252 ], [ -50.476423616267788, -21.608723441193128 ], [ -50.476422701056357, -21.608723914118343 ], [ -50.476435701041659, -21.608745914128441 ], [ -50.476444234832435, -21.608758726507265 ], [ -50.476494234800725, -21.60882572654409 ], [ -50.476559282426663, -21.608912790429137 ], [ -50.47655976571486, -21.608913433560577 ], [ -50.476624284139753, -21.608998796499534 ], [ -50.476688809943973, -21.609086154615731 ], [ -50.476689598316852, -21.609087211841345 ], [ -50.476756598275493, -21.609176211890588 ], [ -50.47675676540586, -21.609176433457915 ], [ -50.476821048577243, -21.60926148513823 ], [ -50.476885348130835, -21.609349526171943 ], [ -50.47688707397549, -21.609351840431156 ], [ -50.476953518520226, -21.60943911097916 ], [ -50.477018972769983, -21.609527375148058 ], [ -50.47702007376752, -21.609528840362074 ], [ -50.477087073727631, -21.609616840411139 ], [ -50.477088058564384, -21.609618119119208 ], [ -50.47711146098154, -21.609648158076887 ], [ -50.47711658819307, -21.609644717185631 ], [ -50.477050757647632, -21.609558938088107 ], [ -50.476983926211197, -21.609471159586082 ], [ -50.476983439287409, -21.60947052369259 ], [ -50.476917003694119, -21.609384256677483 ], [ -50.476851638268329, -21.609297102878454 ], [ -50.476786718028826, -21.609210209737448 ] ] ], [ [ [ -50.477205925920344, -21.609272159420666 ], [ -50.477139800880266, -21.609185308722765 ], [ -50.477075651683336, -21.609097473774597 ], [ -50.477074234490068, -21.609095566394842 ], [ -50.477009318126584, -21.609009677152457 ], [ -50.476942798246817, -21.608921315027843 ], [ -50.47687818987103, -21.60883384533134 ], [ -50.476877234181075, -21.608832566292165 ], [ -50.476812476720717, -21.608746887290749 ], [ -50.476790267442539, -21.608717161061175 ], [ -50.476776473618123, -21.608726648367256 ], [ -50.476845916988289, -21.60881494075025 ], [ -50.476914058969996, -21.6089038216973 ], [ -50.476981751300372, -21.608993414591545 ], [ -50.476982987444096, -21.608995027069739 ], [ -50.477052603194053, -21.609084533134695 ], [ -50.477119986346615, -21.609172725891369 ], [ -50.477187750984221, -21.609262414486551 ], [ -50.477188987127995, -21.609264026964826 ], [ -50.47725820509698, -21.60935302159691 ], [ -50.47732613781627, -21.609443598662018 ], [ -50.477393836891338, -21.609535191637793 ], [ -50.47746183678327, -21.609627191601884 ], [ -50.477462899947092, -21.609628611719135 ], [ -50.477465272082995, -21.609631740191848 ], [ -50.477472276651596, -21.609627335498086 ], [ -50.47740827660634, -21.6095383355457 ], [ -50.477404941327407, -21.609533880734379 ], [ -50.477338437436188, -21.609448517626685 ], [ -50.477272481440522, -21.609361888956251 ], [ -50.477207027044649, -21.609273624799943 ], [ -50.477205925920344, -21.609272159420666 ] ] ], [ [ [ -50.478116955820148, -21.609107586045884 ], [ -50.4781833666244, -21.609201750739665 ], [ -50.478247592234951, -21.609295619063566 ], [ -50.478312396033232, -21.60939132941694 ], [ -50.47837036458764, -21.609476856939018 ], [ -50.478371662157684, -21.609479127690296 ], [ -50.478402492783118, -21.609463721681184 ], [ -50.478373037422074, -21.609423004026411 ], [ -50.478371854291723, -21.609421392119156 ], [ -50.478301854247043, -21.609327392170751 ], [ -50.478301262307554, -21.609326602905966 ], [ -50.478230940872848, -21.609233501397355 ], [ -50.478163604736395, -21.609141409439658 ], [ -50.478162408472855, -21.609139796976333 ], [ -50.478093233617841, -21.609047893348837 ], [ -50.478026036872478, -21.608955003843889 ], [ -50.478024408253198, -21.608952796903303 ], [ -50.477955012128312, -21.608860599303092 ], [ -50.477887604298317, -21.6087684092941 ], [ -50.477885952831812, -21.608766195325451 ], [ -50.477827761831556, -21.608689715814037 ], [ -50.477853193143517, -21.608726493451336 ], [ -50.477854798191196, -21.608728767312524 ], [ -50.477920776156552, -21.608820348781997 ], [ -50.477984790297619, -21.608913908034033 ], [ -50.477985372657884, -21.608914752694258 ], [ -50.478050683274986, -21.609008760523547 ], [ -50.478115011349232, -21.60910475793332 ], [ -50.478116955820148, -21.609107586045884 ] ] ], [ [ [ -50.477439636716234, -21.609094775209158 ], [ -50.477372248830612, -21.609005585463809 ], [ -50.477371776434325, -21.609004963720551 ], [ -50.477303776394287, -21.608915963770304 ], [ -50.477303012449653, -21.608914972781566 ], [ -50.477233636400285, -21.608825775104417 ], [ -50.477166248514479, -21.60873658535883 ], [ -50.477165630261595, -21.608735773042167 ], [ -50.477096630221411, -21.60864577309259 ], [ -50.477095526273622, -21.608644351484909 ], [ -50.47702552623624, -21.608555351535685 ], [ -50.476990447642478, -21.608579478372874 ], [ -50.477002457177591, -21.608596291743094 ], [ -50.47700323352219, -21.608597368128923 ], [ -50.477069407622096, -21.608688234169065 ], [ -50.477133398185948, -21.608779790016229 ], [ -50.477198192984766, -21.608873493385936 ], [ -50.477200678160123, -21.608876975685494 ], [ -50.477266930181976, -21.608966959884071 ], [ -50.477332200843961, -21.609058932295937 ], [ -50.477332372202589, -21.609059173232193 ], [ -50.477399372154018, -21.609153173282166 ], [ -50.477400232868277, -21.609154367911433 ], [ -50.477466712099563, -21.609245652938132 ], [ -50.477532200516542, -21.609337932187206 ], [ -50.477533993076328, -21.609340402323994 ], [ -50.477602914886077, -21.60943329704801 ], [ -50.477670312540347, -21.609524482219452 ], [ -50.477720701444738, -21.609594425113301 ], [ -50.477784099950675, -21.609552388130918 ], [ -50.477715636044813, -21.609462095258859 ], [ -50.477648163029819, -21.609370808347446 ], [ -50.477580162921747, -21.609278808311522 ], [ -50.477579558186982, -21.609277996099845 ], [ -50.477510558143905, -21.609185996150611 ], [ -50.477509012765744, -21.609183972886473 ], [ -50.477439636716234, -21.609094775209158 ] ] ], [ [ [ -50.480115821821833, -21.60892870731745 ], [ -50.480044024500842, -21.60882998612216 ], [ -50.479972225785644, -21.608730265807825 ], [ -50.479971976257978, -21.608729920318218 ], [ -50.479902114960794, -21.608633492167474 ], [ -50.479841540474617, -21.608671408430386 ], [ -50.479909540425908, -21.608766408481067 ], [ -50.479911591906585, -21.608769203073408 ], [ -50.47998093067244, -21.608861324685119 ], [ -50.480050122865009, -21.608956216950183 ], [ -50.480117963085611, -21.609049996194059 ], [ -50.480119146086118, -21.609051607928322 ], [ -50.480189146041468, -21.609145607979926 ], [ -50.480189881150352, -21.609146586471208 ], [ -50.480261289935271, -21.609240806505671 ], [ -50.480330709802402, -21.609335019295251 ], [ -50.480331880927146, -21.60933658639701 ], [ -50.480349443049455, -21.609359758668617 ], [ -50.480404226417484, -21.609325265947334 ], [ -50.480332226366755, -21.609225266000905 ], [ -50.48033084201667, -21.609223375799488 ], [ -50.480258414700508, -21.609126144723927 ], [ -50.480188101638895, -21.609029093011298 ], [ -50.480116226019248, -21.608929265885465 ], [ -50.480115821821833, -21.60892870731745 ] ] ], [ [ [ -50.478443209959423, -21.60904509205789 ], [ -50.478442044089959, -21.609043413800311 ], [ -50.478376033863803, -21.608949817331297 ], [ -50.478311988458586, -21.608854242009276 ], [ -50.478310627254402, -21.608852247151617 ], [ -50.478244919953724, -21.608757668584399 ], [ -50.478180209511748, -21.608663091909488 ], [ -50.478178201714826, -21.6086602325352 ], [ -50.478112015650844, -21.608568362441709 ], [ -50.478047806666638, -21.60847550649267 ], [ -50.478046201495367, -21.60847323246222 ], [ -50.477979201448235, -21.608380232512051 ], [ -50.477912201339052, -21.608287232475757 ], [ -50.477911161710452, -21.608285807825617 ], [ -50.477843465357488, -21.60819421875231 ], [ -50.477803141658136, -21.608138848963964 ], [ -50.477760838411434, -21.608166192101784 ], [ -50.477828838367039, -21.608258192152 ], [ -50.477830370260705, -21.608260227041345 ], [ -50.477897969307648, -21.608348399813416 ], [ -50.477962629795385, -21.608438532725415 ], [ -50.477964442758797, -21.608441004121008 ], [ -50.47803336616753, -21.60853290210747 ], [ -50.478100839549583, -21.608623197475829 ], [ -50.478168314503201, -21.608715479509506 ], [ -50.478235098018736, -21.608807182359342 ], [ -50.478302963290659, -21.608900996233107 ], [ -50.47830339558277, -21.608901590623876 ], [ -50.47837125992163, -21.608994405200296 ], [ -50.47844012487446, -21.609089219381907 ], [ -50.478440395362007, -21.609089590550482 ], [ -50.478508395316176, -21.609182590600863 ], [ -50.478576047681145, -21.609275115271696 ], [ -50.47862992451946, -21.609350074443959 ], [ -50.478644337716453, -21.609342872194862 ], [ -50.478640337711617, -21.609335872197974 ], [ -50.478634565600395, -21.60932661392415 ], [ -50.478573584695646, -21.609236642218086 ], [ -50.478508603775353, -21.609140670526109 ], [ -50.478508210011988, -21.609140092008918 ], [ -50.478443209959423, -21.60904509205789 ] ] ], [ [ [ -50.478831604651106, -21.609112409333889 ], [ -50.478763604605284, -21.60901940938426 ], [ -50.478695740048011, -21.608926594735109 ], [ -50.478626874936566, -21.608831780567346 ], [ -50.478626604321128, -21.608831409224184 ], [ -50.478558821211756, -21.608738705966957 ], [ -50.47849103652073, -21.60864500371521 ], [ -50.47849076653943, -21.608644631753496 ], [ -50.478423766493734, -21.608552631803192 ], [ -50.478423603993519, -21.608552409115283 ], [ -50.478355603947684, -21.608459409165665 ], [ -50.478354710093008, -21.608458199930997 ], [ -50.478286710050071, -21.608367199981075 ], [ -50.478286557140997, -21.608366995728229 ], [ -50.478218477279711, -21.608276222687543 ], [ -50.478153370016763, -21.608185467221038 ], [ -50.478150629635067, -21.608181772809566 ], [ -50.478082404908292, -21.608092784137952 ], [ -50.478015161446059, -21.608001807797319 ], [ -50.478001347046231, -21.608010736876476 ], [ -50.478017457815433, -21.608033291981616 ], [ -50.478018591820344, -21.608034857327443 ], [ -50.478090591772478, -21.608132857380703 ], [ -50.478161897590802, -21.608229912640326 ], [ -50.478232219578622, -21.6083289578179 ], [ -50.478233740505303, -21.608331059693079 ], [ -50.478306740457313, -21.608430059747025 ], [ -50.478307726629907, -21.608431381335425 ], [ -50.478381020456709, -21.608528446247 ], [ -50.478453330205824, -21.608627500817718 ], [ -50.478454726397317, -21.608629381258112 ], [ -50.478528020224196, -21.608726446169772 ], [ -50.478600329973268, -21.608825500740455 ], [ -50.478601442296409, -21.608827003970543 ], [ -50.478676442249579, -21.608927004025688 ], [ -50.478751234849305, -21.609026727609521 ], [ -50.478826028901288, -21.609127450385959 ], [ -50.478826441942772, -21.609128003852984 ], [ -50.47890144189595, -21.609228003908168 ], [ -50.478976234496123, -21.609327727492573 ], [ -50.479043993257044, -21.6094189760658 ], [ -50.479049031460072, -21.609416773182808 ], [ -50.479046031455447, -21.609410773185211 ], [ -50.479033651997646, -21.609390473786409 ], [ -50.478968651953693, -21.609301473834581 ], [ -50.478900952289329, -21.609208884663424 ], [ -50.478832295643848, -21.609113362492405 ], [ -50.478831604651106, -21.609112409333889 ] ] ], [ [ [ -50.479406161891063, -21.608915176932161 ], [ -50.47940497090471, -21.608913549490179 ], [ -50.479330572213826, -21.608813359373183 ], [ -50.479256161650369, -21.608710176852206 ], [ -50.479255375580365, -21.608709097386885 ], [ -50.479180574609842, -21.608607368189965 ], [ -50.479105772319841, -21.608504639837026 ], [ -50.47910497042318, -21.608503549330056 ], [ -50.479030727048148, -21.608403568371674 ], [ -50.478958464855801, -21.608302599406315 ], [ -50.478956829788345, -21.608300360504529 ], [ -50.478881252455203, -21.60819892788874 ], [ -50.478808669298196, -21.608099499027187 ], [ -50.478807556834781, -21.608097995611182 ], [ -50.478732556787953, -21.607997995666338 ], [ -50.478657556670477, -21.607897995627294 ], [ -50.478582698766623, -21.607798185206345 ], [ -50.478547726229188, -21.607751235828161 ], [ -50.478475273948703, -21.607797422708945 ], [ -50.47855327389567, -21.607904422766769 ], [ -50.478553928263054, -21.607905313255955 ], [ -50.478633928211174, -21.608013313315016 ], [ -50.478713928084332, -21.608121313272868 ], [ -50.478714313121465, -21.608121830659574 ], [ -50.478794119873086, -21.608228572316143 ], [ -50.478873738229119, -21.608336057225259 ], [ -50.478953549752895, -21.608444800557727 ], [ -50.47895392762878, -21.608445313045141 ], [ -50.479033927576907, -21.608553313104199 ], [ -50.479035352559976, -21.608555204319412 ], [ -50.479116631850388, -21.608661264003391 ], [ -50.479195927324326, -21.608768313020288 ], [ -50.479196059556116, -21.608768491247396 ], [ -50.479277059504092, -21.608877491307151 ], [ -50.479277957393087, -21.608878686644111 ], [ -50.479359957343839, -21.608986686704231 ], [ -50.47944150496501, -21.609094091013038 ], [ -50.479522059122253, -21.609202491180294 ], [ -50.479522957011234, -21.609203686517237 ], [ -50.479604956961985, -21.609311686577346 ], [ -50.479605987022637, -21.609313026965037 ], [ -50.479689008288922, -21.609419768713927 ], [ -50.479724966996926, -21.609468157649683 ], [ -50.479780312818015, -21.609433385968373 ], [ -50.479706312765558, -21.609330386023455 ], [ -50.479705773218747, -21.609329640063198 ], [ -50.479631160949232, -21.609227172672107 ], [ -50.479556543584707, -21.609122708492219 ], [ -50.479555772974543, -21.609121639982025 ], [ -50.479480968076921, -21.609018908048398 ], [ -50.479406161891063, -21.608915176932161 ] ] ], [ [ [ -50.479004557724622, -21.608860995913346 ], [ -50.478929557677802, -21.608760995968535 ], [ -50.478855118804603, -21.608661744254963 ], [ -50.478782669835454, -21.608562499212013 ], [ -50.478781273504282, -21.608560618587976 ], [ -50.478707979517402, -21.608463553692236 ], [ -50.478635669602902, -21.60836449913473 ], [ -50.478634273271673, -21.608362618510661 ], [ -50.478560770252258, -21.608265276788114 ], [ -50.478489029682237, -21.608167984899509 ], [ -50.478418780229084, -21.608069042131813 ], [ -50.478417408200421, -21.608067142556283 ], [ -50.47834540815257, -21.607969142609551 ], [ -50.478273980514494, -21.607871921775818 ], [ -50.478204541993513, -21.607774707967621 ], [ -50.478192379371009, -21.60778230517764 ], [ -50.478256722209743, -21.607866379917059 ], [ -50.478329159526353, -21.607963624648654 ], [ -50.478329443303728, -21.607964004311743 ], [ -50.478404443256892, -21.608064004366913 ], [ -50.478479443139413, -21.608164004327868 ], [ -50.478553881707626, -21.60826325586951 ], [ -50.478626330510544, -21.608362500925274 ], [ -50.478627170117129, -21.608363639339046 ], [ -50.478702341309521, -21.608464527112616 ], [ -50.47877453495115, -21.608565400545253 ], [ -50.478776029482326, -21.608567450514013 ], [ -50.478850625816989, -21.608667907031471 ], [ -50.478925227487295, -21.608770360116786 ], [ -50.478925624327125, -21.608770902456424 ], [ -50.479000228635854, -21.608872364439211 ], [ -50.47907483815586, -21.608975823101204 ], [ -50.479076029000794, -21.60897745035388 ], [ -50.479150427524687, -21.609077640486106 ], [ -50.479224837915169, -21.609180823021248 ], [ -50.479225226934908, -21.609181359860557 ], [ -50.479299839032343, -21.609283827266747 ], [ -50.479363494882932, -21.60937294556884 ], [ -50.479380445591438, -21.609361531918029 ], [ -50.479304217649847, -21.609262534704619 ], [ -50.479229971261276, -21.609162549686278 ], [ -50.479229558078245, -21.609161996030881 ], [ -50.479154558031418, -21.609061996086044 ], [ -50.47907976512581, -21.608962272329421 ], [ -50.47900497090766, -21.608861549568754 ], [ -50.479004557724622, -21.608860995913346 ] ] ], [ [ [ -50.48053977723275, -21.608579407156974 ], [ -50.480460337359204, -21.608480107422878 ], [ -50.480382888383424, -21.608380813974456 ], [ -50.480380871336557, -21.608378286398356 ], [ -50.48030087129932, -21.60828028645571 ], [ -50.48022166959943, -21.608183264476146 ], [ -50.480144450053366, -21.608085255159445 ], [ -50.48014230588204, -21.608082598317665 ], [ -50.480061932136124, -21.60798535610893 ], [ -50.479984547596345, -21.607889121591512 ], [ -50.479983870760989, -21.607888286208109 ], [ -50.479904210682989, -21.607790702715452 ], [ -50.479895702202008, -21.60778012166708 ], [ -50.479854575927767, -21.607807180736813 ], [ -50.479933112580987, -21.607911565018945 ], [ -50.48001065611605, -21.608016944821298 ], [ -50.480011443210209, -21.608018004307567 ], [ -50.480089378061436, -21.608121917564802 ], [ -50.480169313047035, -21.608228830734202 ], [ -50.480169575432029, -21.608229180572053 ], [ -50.48024818169155, -21.608333657368892 ], [ -50.480326792916586, -21.60844013092759 ], [ -50.480327575183004, -21.60844118048923 ], [ -50.480406443589501, -21.608546005709389 ], [ -50.480486312548933, -21.608652830568641 ], [ -50.480486704906895, -21.608653352888094 ], [ -50.480566507986673, -21.608759092092328 ], [ -50.48064631229871, -21.608865830485485 ], [ -50.480647229542313, -21.608867043969042 ], [ -50.480698515041276, -21.608934158402864 ], [ -50.48077677762204, -21.608879407319794 ], [ -50.480773367569761, -21.608875144759047 ], [ -50.480699947382959, -21.608780889218686 ], [ -50.480698222550934, -21.608778717888871 ], [ -50.480618065711234, -21.608679758933519 ], [ -50.480540888618492, -21.608580814052409 ], [ -50.48053977723275, -21.608579407156974 ] ] ], [ [ [ -50.479544542444501, -21.608142708099191 ], [ -50.479543560391505, -21.608141349963951 ], [ -50.479472848200572, -21.608044743285465 ], [ -50.479403133229198, -21.607948138372837 ], [ -50.479401556669984, -21.607945995545592 ], [ -50.479329924745812, -21.607850486426074 ], [ -50.479260288453908, -21.607755980143274 ], [ -50.479259986592254, -21.607755571975417 ], [ -50.479212034709363, -21.607690970210182 ], [ -50.479151159714036, -21.607730624658892 ], [ -50.479224159667496, -21.607828624712699 ], [ -50.479224864948115, -21.607829563561801 ], [ -50.479299372113083, -21.607927913134262 ], [ -50.47937260761335, -21.608026880144696 ], [ -50.479445330770183, -21.608126501028529 ], [ -50.479446443093693, -21.608128004259111 ], [ -50.479520881732583, -21.608227255894978 ], [ -50.479593330535316, -21.608326500950501 ], [ -50.479594864361964, -21.608328563366918 ], [ -50.479669238294477, -21.608426737072449 ], [ -50.479743624665062, -21.608527902657844 ], [ -50.479743886319362, -21.608528257374186 ], [ -50.479817886271242, -21.608628257428826 ], [ -50.479872380593427, -21.608592993196282 ], [ -50.479828899730855, -21.608533810982927 ], [ -50.479758382533014, -21.608435484307975 ], [ -50.479757408650229, -21.608434142687461 ], [ -50.479685408602386, -21.608336142740729 ], [ -50.479684987273416, -21.60833557220192 ], [ -50.479613775067804, -21.608239633651245 ], [ -50.479544542444501, -21.608142708099191 ] ] ], [ [ [ -50.479816694006061, -21.608161401530651 ], [ -50.479896605529369, -21.608258084709274 ], [ -50.479973549759528, -21.608355744800203 ], [ -50.479975128668528, -21.608357713487699 ], [ -50.480055128631271, -21.608455713545062 ], [ -50.480065288342935, -21.608468159205064 ], [ -50.480072113586175, -21.608463742470349 ], [ -50.479998244647987, -21.608363919700523 ], [ -50.479923375142988, -21.608262097296432 ], [ -50.479922135539589, -21.60826043647867 ], [ -50.479847911990817, -21.608162461508869 ], [ -50.479775669273423, -21.608063499001975 ], [ -50.479774556809836, -21.608061995585732 ], [ -50.479700118007493, -21.607962743966603 ], [ -50.47962766903855, -21.60786349892393 ], [ -50.47962711288028, -21.607862742235703 ], [ -50.47955311283215, -21.607762742290351 ], [ -50.479552134953444, -21.607761436283809 ], [ -50.479477489541075, -21.60766290445423 ], [ -50.479465600235805, -21.607646943487936 ], [ -50.479424452711768, -21.60767587846335 ], [ -50.479502452673316, -21.607772878519533 ], [ -50.479502807800912, -21.607773318404334 ], [ -50.47957962967692, -21.607868098741722 ], [ -50.479657452447718, -21.607964878444889 ], [ -50.479658129128957, -21.607965713639892 ], [ -50.479737789055058, -21.608063297152277 ], [ -50.479815452218567, -21.608159878369079 ], [ -50.479816694006061, -21.608161401530651 ] ] ], [ [ [ -50.480362728701259, -21.607436905003702 ], [ -50.48028572859323, -21.607344904968123 ], [ -50.480284091520872, -21.607342982871693 ], [ -50.480248818455003, -21.607302283219742 ], [ -50.480280075674727, -21.607345150316331 ], [ -50.480349867448851, -21.607441861894113 ], [ -50.480419867334994, -21.607538861856266 ], [ -50.480420592353042, -21.60753985755191 ], [ -50.480492516134014, -21.607637753927683 ], [ -50.480563440106103, -21.607734650176088 ], [ -50.480564443531001, -21.607736004430173 ], [ -50.480635516952006, -21.607830769103945 ], [ -50.480705618146025, -21.607928515960051 ], [ -50.480750798870254, -21.607900180384647 ], [ -50.480750177387733, -21.607899439387008 ], [ -50.480673714368926, -21.607806095019612 ], [ -50.480671615773019, -21.607803590677484 ], [ -50.480594429747384, -21.607713540403605 ], [ -50.480518226502362, -21.607621502812151 ], [ -50.48051712886312, -21.607620192741845 ], [ -50.480439429976578, -21.607528547993098 ], [ -50.480362728701259, -21.607436905003702 ] ] ], [ [ [ -50.480784007425555, -21.60752414448908 ], [ -50.48074755970422, -21.607474349775018 ], [ -50.480747407552613, -21.607474142293579 ], [ -50.480675772232217, -21.607376638781226 ], [ -50.480640238537454, -21.607327399293453 ], [ -50.480520559292373, -21.607398567486005 ], [ -50.480587913952021, -21.607497618589004 ], [ -50.480654284473374, -21.607598660418333 ], [ -50.480784007425555, -21.60752414448908 ] ] ] ] } },
{ "type": "Feature", "properties": { "CHAVE": null, "FAZENDA": "Faz. ABC", "NOME_FAZ": null, "ZONA": null, "TALHAO": null, "AREA_TOTAL": null, "TIPO_GEO": "VOO_PROCESSADO", "DATA_INICI": "16-04-2026", "DATA_FINAL": "16-04-2026", "HORA_INICI": "10:37:29", "HORA_FINAL": "10:37:29", "CLASSE": "APLICADO", "PILOTO": "valmir alves", "AERONAVE": "PS-CBA", "AREA_HA": 0.0090967238674329997 }, "geometry": { "type": "MultiPolygon", "coordinates": [ [ [ [ -50.490695835918011, -21.623305708507417 ], [ -50.490642459757666, -21.623333189300826 ], [ -50.490641595891603, -21.623333623437713 ], [ -50.490637065233884, -21.623335845201598 ], [ -50.490672030006678, -21.623381798956036 ], [ -50.490742029898506, -21.62347379892006 ], [ -50.490993969957316, -21.623306200980792 ], [ -50.490923969915571, -21.623214201032145 ], [ -50.490904140724524, -21.623188139839776 ], [ -50.490857023074675, -21.623212709437677 ], [ -50.490855232567313, -21.623213674654323 ], [ -50.490791741545642, -21.623249038449895 ], [ -50.490788626115332, -21.623250875587818 ], [ -50.490746171841664, -21.623277343990704 ], [ -50.490744296989142, -21.623278455558264 ], [ -50.49069745996642, -21.623304833552972 ], [ -50.490695835918011, -21.623305708507417 ] ] ], [ [ [ -50.490516087803677, -21.623175874628661 ], [ -50.490527530583833, -21.62319089329495 ], [ -50.490541039844821, -21.623159253160033 ], [ -50.490516087803677, -21.623175874628661 ] ] ], [ [ [ -50.483162990142965, -21.620806047869898 ], [ -50.48316475177554, -21.620808428887848 ], [ -50.483229185242251, -21.620893679420568 ], [ -50.483292307688707, -21.620979486599548 ], [ -50.483354989837459, -21.621066047768394 ], [ -50.48335545783128, -21.62106669031747 ], [ -50.483418457789028, -21.621152690364145 ], [ -50.483418795743326, -21.621153149795667 ], [ -50.483483389915627, -21.62124060047276 ], [ -50.483545989530811, -21.621327047666494 ], [ -50.483546628461006, -21.621327923069494 ], [ -50.483610628418624, -21.621414923116859 ], [ -50.483610936720801, -21.621415340644141 ], [ -50.483673936680006, -21.62150034069067 ], [ -50.483674104033916, -21.621500566028708 ], [ -50.483737541407343, -21.621585810101145 ], [ -50.483799989125437, -21.621672047531803 ], [ -50.483862989023251, -21.621759047497822 ], [ -50.483863457016945, -21.62175969004673 ], [ -50.4839264569747, -21.621845690093412 ], [ -50.48392662785227, -21.621845922867063 ], [ -50.483990627809881, -21.621932922914439 ], [ -50.483990936112043, -21.621933340441675 ], [ -50.484053781468504, -21.622018131897129 ], [ -50.484116887002379, -21.622103916086328 ], [ -50.484177164659684, -21.622188897808336 ], [ -50.484178456510485, -21.622190689878312 ], [ -50.48424145646824, -21.622276689925013 ], [ -50.484242103120764, -21.622277565724957 ], [ -50.484305689436745, -21.622363009939004 ], [ -50.484367134384279, -21.622447249082541 ], [ -50.48442980722605, -21.622533797399232 ], [ -50.484490627412313, -21.622618546944551 ], [ -50.48449210271766, -21.622620565590818 ], [ -50.484555117418296, -21.62270524169643 ], [ -50.484615163953812, -21.622789897573988 ], [ -50.484618088325846, -21.622793874684241 ], [ -50.484681171279902, -21.622876671157712 ], [ -50.484741485421935, -21.622959360001644 ], [ -50.484801711485268, -21.623045256299839 ], [ -50.484803934801697, -21.623048340005802 ], [ -50.484866605841439, -21.623132896271898 ], [ -50.484928280434275, -21.623217450252024 ], [ -50.484990280334387, -21.623302450218823 ], [ -50.484990934501987, -21.623303339906116 ], [ -50.485053605541587, -21.623387896172002 ], [ -50.485114484820372, -21.62347135980168 ], [ -50.485174710884074, -21.623557256100405 ], [ -50.485176279974638, -21.623559450039156 ], [ -50.485238279932538, -21.623644450085163 ], [ -50.485299951118947, -21.623728999395833 ], [ -50.4853606260085, -21.623813546478107 ], [ -50.485361279675018, -21.623814449939513 ], [ -50.485423279632919, -21.623899449985515 ], [ -50.485485279533044, -21.623984449952314 ], [ -50.485546484119055, -21.624068359568561 ], [ -50.485606710183113, -21.624154255867797 ], [ -50.485607438897325, -21.624155285564232 ], [ -50.485667438854072, -21.624239285608986 ], [ -50.485668279174504, -21.62424044977304 ], [ -50.48572915477552, -21.624323908361237 ], [ -50.485788073296099, -21.624409340327016 ], [ -50.48578962524963, -21.624411546165952 ], [ -50.485850163769946, -21.62449590322608 ], [ -50.485910709680667, -21.624582255700965 ], [ -50.485911625047621, -21.624583546098769 ], [ -50.485972065539286, -21.624667766561526 ], [ -50.486031516904461, -21.624752980294513 ], [ -50.486033278569501, -21.624755449571669 ], [ -50.486094809007199, -21.624839805920285 ], [ -50.486156158652356, -21.624925893433588 ], [ -50.486215840059074, -21.625010442200708 ], [ -50.486276709076073, -21.625097255500229 ], [ -50.486278278165351, -21.625099449437194 ], [ -50.486340041473454, -21.625184125043791 ], [ -50.486401715312802, -21.625269672733268 ], [ -50.486462624198452, -21.625354545876327 ], [ -50.486677624496508, -21.625219649727065 ], [ -50.486731066459001, -21.625291520034299 ], [ -50.486984933398013, -21.625126479865123 ], [ -50.486927291936169, -21.625048962129714 ], [ -50.486870904420009, -21.62497180035934 ], [ -50.48681416028807, -21.624893155080581 ], [ -50.48681396680837, -21.624892887569665 ], [ -50.486755966768285, -21.624812887612769 ], [ -50.486755646030545, -21.624812446967464 ], [ -50.486698645992057, -21.624734447009732 ], [ -50.486642512728451, -21.62465763316434 ], [ -50.486587354129227, -21.624578835266082 ], [ -50.486585645753244, -21.624576446875203 ], [ -50.486529512542944, -21.624499633102765 ], [ -50.486474353943755, -21.624420835204518 ], [ -50.486471752002437, -21.624417237291475 ], [ -50.486413721532436, -21.624339535568513 ], [ -50.48635766041172, -21.624260853391938 ], [ -50.486357357818257, -21.624260430315683 ], [ -50.486310226848083, -21.624194783695746 ], [ -50.486335827605181, -21.624228229871957 ], [ -50.48639443875885, -21.62431028558866 ], [ -50.486395586438412, -21.62431186954414 ], [ -50.4864565863979, -21.624394869589313 ], [ -50.486457256495278, -21.624395773968853 ], [ -50.486518579018615, -21.624477867122028 ], [ -50.486577916462075, -21.624559950686201 ], [ -50.48657976313288, -21.624562448303141 ], [ -50.486640920026211, -21.624643333321522 ], [ -50.486701099593539, -21.624726203646304 ], [ -50.486701585950641, -21.624726869381952 ], [ -50.486762495878303, -21.624809746924726 ], [ -50.486822406076108, -21.624891624294495 ], [ -50.486823595207923, -21.624893226151219 ], [ -50.486883743907761, -21.624973095830491 ], [ -50.486942915880412, -21.62505495049292 ], [ -50.486943405827361, -21.625055624153884 ], [ -50.487003405786986, -21.625137624198366 ], [ -50.487250448176908, -21.624979586785699 ], [ -50.487270761159323, -21.625007107620569 ], [ -50.487493319406603, -21.624863489963293 ], [ -50.487521007183169, -21.624902678848976 ], [ -50.487778992676695, -21.624743321047397 ], [ -50.487713992628407, -21.624651321096046 ], [ -50.48771188530408, -21.624648415755537 ], [ -50.487645338580478, -21.624559024740943 ], [ -50.487578868217398, -21.624467752114811 ], [ -50.487512951010707, -21.624376866380864 ], [ -50.487512784975799, -21.624376637924222 ], [ -50.487446175684795, -21.624285174532403 ], [ -50.487389986198885, -21.624206509358135 ], [ -50.487426711100753, -21.624251978320697 ], [ -50.487487815020643, -21.624330822176379 ], [ -50.487488919540127, -21.624332229402974 ], [ -50.487550282024465, -21.624409427451781 ], [ -50.487610656424415, -21.624487617336463 ], [ -50.48761191935553, -21.624489229341762 ], [ -50.487673198939582, -21.624566323096623 ], [ -50.487732493750613, -21.6246434064381 ], [ -50.487733360066926, -21.624644521398949 ], [ -50.487795360033566, -21.624723521444004 ], [ -50.48804463982075, -21.624552478458792 ], [ -50.488034743069576, -21.624539868103504 ], [ -50.488260074120873, -21.624390913634446 ], [ -50.488434142682429, -21.624282458968793 ], [ -50.488470837604055, -21.624335997516226 ], [ -50.488731162257622, -21.624180002378385 ], [ -50.4886701622085, -21.6240910024244 ], [ -50.488669101545817, -21.624089476139694 ], [ -50.488607538528179, -21.624002096484649 ], [ -50.488545968666948, -21.623912720996561 ], [ -50.488483968561368, -21.623822720961535 ], [ -50.488483730915007, -21.623822377062019 ], [ -50.488422849895215, -21.62373454882016 ], [ -50.488360968352588, -21.623644720892248 ], [ -50.488298968247022, -21.623554720857207 ], [ -50.488298352914448, -21.623553834762632 ], [ -50.488294076676702, -21.623547725863659 ], [ -50.48830803598797, -21.62356647718833 ], [ -50.488373956153509, -21.623655369638861 ], [ -50.488375057149909, -21.623656834851346 ], [ -50.488441818197977, -21.623744521105419 ], [ -50.488507718576614, -21.623832060517465 ], [ -50.488571879981684, -21.623920899494959 ], [ -50.488573424582583, -21.623922998063385 ], [ -50.488638642289423, -21.624009955108924 ], [ -50.488702879772539, -21.624098899425459 ], [ -50.488705056626813, -21.624101834677337 ], [ -50.488770948701919, -21.624188379593317 ], [ -50.488834879563377, -21.624276899355962 ], [ -50.489091120295221, -21.624115100541708 ], [ -50.489026120249825, -21.624025100590085 ], [ -50.489023943268869, -21.624022165174431 ], [ -50.488958051051213, -21.623935620273038 ], [ -50.488894120040662, -21.623847100520578 ], [ -50.488892575315191, -21.623845001787977 ], [ -50.488827357464004, -21.623758044756165 ], [ -50.488763119831532, -21.623669100451082 ], [ -50.488761418820097, -21.623666793726866 ], [ -50.488694418778749, -21.623577793776153 ], [ -50.488693942745776, -21.62357716500043 ], [ -50.48862749805793, -21.623489894466864 ], [ -50.488562043661005, -21.623401630309175 ], [ -50.488561883868798, -21.623401415248178 ], [ -50.488494883826, -21.623311415297628 ], [ -50.488493942431894, -21.623310164896072 ], [ -50.488427260073081, -21.623222582197762 ], [ -50.488361574542786, -21.623135001593436 ], [ -50.488361418194664, -21.623134793518929 ], [ -50.488294651674671, -21.62304610376809 ], [ -50.488227883408683, -21.622956415158889 ], [ -50.488226942014549, -21.622955164757286 ], [ -50.488160259655771, -21.622867582059044 ], [ -50.488095356315782, -21.622781044374673 ], [ -50.488054353506513, -21.622724271339042 ], [ -50.488063340166924, -21.622735504669205 ], [ -50.488132262405955, -21.622825103681276 ], [ -50.488202030589434, -21.622916799113771 ], [ -50.488203106859601, -21.622918195956043 ], [ -50.488273102994356, -21.623007909413058 ], [ -50.488342129682131, -21.623100602502809 ], [ -50.48834423946284, -21.623103365859063 ], [ -50.488415865291721, -21.623194887853721 ], [ -50.488485261865065, -21.623285103501573 ], [ -50.48855480159407, -21.623376498679498 ], [ -50.488624351160588, -21.623468900354656 ], [ -50.488694129138935, -21.623562602322327 ], [ -50.488695494927015, -21.623564406799577 ], [ -50.488765031348592, -21.623654804250961 ], [ -50.488834350833272, -21.623746900245358 ], [ -50.488904128812088, -21.623840602213686 ], [ -50.488904574233452, -21.62384119715864 ], [ -50.488974574190237, -21.623934197210136 ], [ -50.488975029326099, -21.623934798628635 ], [ -50.489044800829845, -21.624026498425398 ], [ -50.489114350396513, -21.624118900100747 ], [ -50.489184128374767, -21.624212602068297 ], [ -50.48938682986438, -21.624080629501655 ], [ -50.489393377805257, -21.624089584778318 ], [ -50.489631463862487, -21.623937383838165 ], [ -50.489650918676084, -21.623963323605036 ], [ -50.48972142097859, -21.624059643768568 ], [ -50.489968414220307, -21.623901581094245 ], [ -50.489971845163616, -21.62390622011818 ], [ -50.490217245239442, -21.623747540780055 ], [ -50.490242280046857, -21.623780806230279 ], [ -50.490313994525124, -21.623877421683975 ], [ -50.490568005331973, -21.623712578215368 ], [ -50.490496005285593, -21.623615578268549 ], [ -50.490495431676123, -21.62361481080757 ], [ -50.490423222683773, -21.623518861985762 ], [ -50.490421954780821, -21.623517111926066 ], [ -50.490653029466934, -21.623359978393133 ], [ -50.490635033941786, -21.623336841315563 ], [ -50.490600955794484, -21.623353552707535 ], [ -50.490599295573595, -21.623354329198662 ], [ -50.490585354619704, -21.623360539260457 ], [ -50.49057008711808, -21.623364635865396 ], [ -50.490554223937188, -21.62336388139822 ], [ -50.490539479784033, -21.623358357411906 ], [ -50.490527448405651, -21.623348661013587 ], [ -50.490526225477218, -21.623347287571136 ], [ -50.490523380417827, -21.623343753923507 ], [ -50.490517707154439, -21.623335938716124 ], [ -50.49051088197502, -21.623321787009576 ], [ -50.490509583658913, -21.623306310423761 ], [ -50.490510203341437, -21.623300191038169 ], [ -50.490510369433657, -21.623298255820611 ], [ -50.490512407897334, -21.623269309502934 ], [ -50.490512478200358, -21.623268163119601 ], [ -50.490513943502293, -21.623240112878218 ], [ -50.490515314623991, -21.623231412394169 ], [ -50.490522924202267, -21.623202807692692 ], [ -50.490524939071442, -21.623196962894305 ], [ -50.490526308087183, -21.62319375651294 ], [ -50.490514870556098, -21.623178397560707 ], [ -50.490513566658606, -21.623176673600888 ], [ -50.490461565588355, -21.623108974172272 ], [ -50.490377533437382, -21.622994295139335 ], [ -50.490376424784628, -21.622992802367648 ], [ -50.490306868617118, -21.622900392139467 ], [ -50.490289250722505, -21.622876482182484 ], [ -50.490320173612503, -21.622916986841453 ], [ -50.490571826243162, -21.622749013059643 ], [ -50.490501496871865, -21.622656891595348 ], [ -50.49043115339196, -21.622561779397731 ], [ -50.490430277898319, -21.62256060805116 ], [ -50.490397998199242, -21.622517871616605 ], [ -50.490640425022882, -21.622362148120693 ], [ -50.490568424975045, -21.622264148174025 ], [ -50.490497118855899, -21.622167092741023 ], [ -50.490426796695729, -21.62206804756935 ], [ -50.490426241393436, -21.622067270912016 ], [ -50.490422619752458, -21.622062240865326 ], [ -50.490657348330387, -21.621900111037906 ], [ -50.490578627334017, -21.621800464316802 ], [ -50.490501183256164, -21.621701177148438 ], [ -50.490424607637358, -21.621601728405686 ], [ -50.490346754478125, -21.621499920544821 ], [ -50.490346459886858, -21.621499536637856 ], [ -50.490269459842686, -21.621399536694131 ], [ -50.490269333098119, -21.621399372333912 ], [ -50.490191819987444, -21.621299002907321 ], [ -50.49011529959018, -21.621197638342881 ], [ -50.490115015868234, -21.621197263767232 ], [ -50.490039157928074, -21.621097450803639 ], [ -50.489962299352705, -21.620995638263942 ], [ -50.489961883422211, -21.620995090001419 ], [ -50.489885367675953, -21.620894725307476 ], [ -50.48980984456562, -21.620793365463324 ], [ -50.489809571778203, -21.620793000553398 ], [ -50.489734571731397, -21.620693000608632 ], [ -50.489734298923736, -21.620692638049064 ], [ -50.489657643658937, -21.620591094830075 ], [ -50.489582984604617, -21.620490554089706 ], [ -50.48958145869846, -21.620488536242828 ], [ -50.489505721267982, -21.620390176056667 ], [ -50.489432934322963, -21.620289848227252 ], [ -50.48943143346748, -21.620287817035813 ], [ -50.489355502319874, -21.620186908655317 ], [ -50.489281260189529, -21.620087919265305 ], [ -50.489207933966966, -21.61998684810894 ], [ -50.489206014442502, -21.619984263293116 ], [ -50.48913127148311, -21.619885917409 ], [ -50.489059478368674, -21.619785603866266 ], [ -50.489059084696571, -21.619785056510089 ], [ -50.48898608464571, -21.619684056564378 ], [ -50.488985388500161, -21.619683101654541 ], [ -50.488910388450456, -21.619581101710057 ], [ -50.488910126657068, -21.619580746806001 ], [ -50.488836809990488, -21.619481670348929 ], [ -50.488764832852247, -21.619381099678392 ], [ -50.488694183366064, -21.619280598424801 ], [ -50.488692126301132, -21.619277746687512 ], [ -50.488618809634573, -21.619178670230461 ], [ -50.488546750856166, -21.619077985487408 ], [ -50.488475021519235, -21.618976369055765 ], [ -50.488473682032591, -21.618974503161436 ], [ -50.488401359413722, -21.618875431202287 ], [ -50.488330021282131, -21.618774368977018 ], [ -50.488328833400672, -21.618772711149486 ], [ -50.488257156949679, -21.618674156150398 ], [ -50.48818463517388, -21.618572824480566 ], [ -50.488113906902257, -21.618473207322378 ], [ -50.488042020809097, -21.618371368819858 ], [ -50.488041237056599, -21.618370269465277 ], [ -50.487969631501393, -21.618270817429085 ], [ -50.487898020572018, -21.618169368741107 ], [ -50.487897792057517, -21.618169045953266 ], [ -50.487826873355239, -21.618069160583357 ], [ -50.48775695441897, -21.617970275356114 ], [ -50.487756236585788, -21.617969269308663 ], [ -50.487684236535067, -21.617869269362263 ], [ -50.487427763323765, -21.618030730535246 ], [ -50.487499402106394, -21.618130228968301 ], [ -50.487509305337234, -21.618144234993732 ], [ -50.487276041487291, -21.618303107030126 ], [ -50.487349299583414, -21.618397154691973 ], [ -50.487421574376356, -21.618493191172359 ], [ -50.487422910489322, -21.618494938817562 ], [ -50.487495749770467, -21.618588731970064 ], [ -50.487569298741498, -21.61868414695979 ], [ -50.487642010211928, -21.6187797676338 ], [ -50.487643626073719, -21.618781853018966 ], [ -50.487717583787763, -21.618875532894126 ], [ -50.487789573814418, -21.618971190985675 ], [ -50.487791040699719, -21.618973106768571 ], [ -50.487864298795778, -21.619067154430315 ], [ -50.487936210000271, -21.619162707786177 ], [ -50.488006850600513, -21.61925822195122 ], [ -50.488008146997899, -21.619259947778726 ], [ -50.488082078136273, -21.619356857625732 ], [ -50.488154361798493, -21.6194519157029 ], [ -50.488226727364221, -21.619550055423058 ], [ -50.488228146654691, -21.619551947664633 ], [ -50.488301352471609, -21.619647906752121 ], [ -50.488372293085796, -21.619744464926445 ], [ -50.488443010728297, -21.619842075313358 ], [ -50.488444145477345, -21.619843619930315 ], [ -50.48851665134093, -21.619940956685156 ], [ -50.488588165165773, -21.620039288314189 ], [ -50.488588577687985, -21.62003985265828 ], [ -50.488660577640154, -21.620137852711601 ], [ -50.488660726604962, -21.620138055100607 ], [ -50.488733651915112, -21.620236953927904 ], [ -50.488804883345175, -21.620333907936683 ], [ -50.488875205336832, -21.620432953119689 ], [ -50.488876577223934, -21.620434852503912 ], [ -50.488948165962988, -21.620532292850267 ], [ -50.489019760340923, -21.620631729609194 ], [ -50.48902016440217, -21.620632287990393 ], [ -50.489091680665432, -21.62073062297334 ], [ -50.489162204870709, -21.620829952964847 ], [ -50.489162760040507, -21.620830729438811 ], [ -50.489234759989778, -21.620930729492422 ], [ -50.489306480879385, -21.621030341962989 ], [ -50.48937720451849, -21.621129952847802 ], [ -50.489377759688203, -21.621130729321635 ], [ -50.489449759637473, -21.621230729375252 ], [ -50.489450725319742, -21.621232054672845 ], [ -50.489523238430849, -21.621330394490297 ], [ -50.489594759345124, -21.621429729216132 ], [ -50.489666480293764, -21.621529341768699 ], [ -50.489722612130834, -21.621608400807258 ], [ -50.489722443252447, -21.621608172464743 ], [ -50.489652731395744, -21.621512567749051 ], [ -50.489652152091395, -21.621511778897329 ], [ -50.489581228337322, -21.621415882105392 ], [ -50.489511729637073, -21.621321562554698 ], [ -50.489442148826861, -21.621225143550763 ], [ -50.489440718682744, -21.621223196286714 ], [ -50.489370012771047, -21.621128589897229 ], [ -50.489300304056563, -21.621033985326903 ], [ -50.489230303944929, -21.620938985289776 ], [ -50.489160303833323, -21.620843985252638 ], [ -50.489159132575182, -21.620842417976142 ], [ -50.489087277674813, -21.620747609537187 ], [ -50.489017865985439, -21.620655391258154 ], [ -50.488948303500713, -21.620560985142077 ], [ -50.488947421931485, -21.62055980141217 ], [ -50.488878083011961, -21.620467679813366 ], [ -50.48880873005627, -21.620372567303772 ], [ -50.48880742170936, -21.620370801338282 ], [ -50.488737421666151, -21.620277801389772 ], [ -50.488667865432973, -21.620185391074347 ], [ -50.488598302948382, -21.620090984958455 ], [ -50.488597421379097, -21.620089801228463 ], [ -50.488527644846556, -21.619997098229714 ], [ -50.488457866713489, -21.619903396276328 ], [ -50.488456965956345, -21.619902199650056 ], [ -50.488387194302462, -21.619810499868173 ], [ -50.488317421007942, -21.6197178011709 ], [ -50.488247420898638, -21.619624801134574 ], [ -50.488246965629564, -21.619624199541434 ], [ -50.488177193975993, -21.619532499759966 ], [ -50.488107420681168, -21.619439801062288 ], [ -50.488105756251088, -21.619437632565528 ], [ -50.488034130275985, -21.619346110588381 ], [ -50.487965190371497, -21.619256488814845 ], [ -50.48789586584364, -21.619163395987254 ], [ -50.487894965086468, -21.619162199360925 ], [ -50.48782503819811, -21.619070295556678 ], [ -50.487756111144222, -21.618979391866322 ], [ -50.487755964871347, -21.618979199289445 ], [ -50.487685964829602, -21.618887199340755 ], [ -50.487685499597674, -21.618886591228875 ], [ -50.487615732947148, -21.618795894686624 ], [ -50.487545964614455, -21.618704199269274 ], [ -50.487545359851659, -21.618703410062693 ], [ -50.487475279906157, -21.618612602349792 ], [ -50.487408173832868, -21.618521811887973 ], [ -50.487406499166291, -21.618519591085533 ], [ -50.487337347554359, -21.618429694093134 ], [ -50.487270173617787, -21.618338811816489 ], [ -50.487270017528473, -21.618338601036797 ], [ -50.487201095563805, -21.618245706325741 ], [ -50.487133395161756, -21.618154111774142 ], [ -50.487065915537869, -21.618061823577293 ], [ -50.486999212743655, -21.617969236231115 ], [ -50.486812643262574, -21.618086760011483 ], [ -50.486803615265451, -21.618074412904431 ], [ -50.486548384592524, -21.618237586994006 ], [ -50.4866163845467, -21.618330587044429 ], [ -50.486616543491195, -21.618330804000649 ], [ -50.486685077079784, -21.618424168713059 ], [ -50.48675061793795, -21.618515528810537 ], [ -50.486751982252237, -21.618517398766695 ], [ -50.486820982207718, -21.618610398817651 ], [ -50.486821277943186, -21.618610795996535 ], [ -50.486888908263815, -21.61870130138589 ], [ -50.486956858312055, -21.618793871129167 ], [ -50.48702218926276, -21.618885928493519 ], [ -50.48702354283683, -21.618887803783007 ], [ -50.487092463148947, -21.618981695336373 ], [ -50.487160383672681, -21.619074586753769 ], [ -50.487161277396822, -21.619075795814712 ], [ -50.487228907716968, -21.619166301203453 ], [ -50.487297462823236, -21.619259695229029 ], [ -50.487365383346059, -21.619352586645164 ], [ -50.487433383236805, -21.619445586608844 ], [ -50.487433542181243, -21.619445803564989 ], [ -50.487502462493197, -21.619539695118135 ], [ -50.487570383017115, -21.61963258653579 ], [ -50.48763774133829, -21.619724709058342 ], [ -50.487705113587012, -21.619819822941043 ], [ -50.487706980718919, -21.619822398256595 ], [ -50.487775980674407, -21.619915398307544 ], [ -50.487776578816202, -21.619916198713266 ], [ -50.487845535448308, -21.620007812632839 ], [ -50.487912527121544, -21.620101404056918 ], [ -50.487913382401523, -21.620102586265389 ], [ -50.487981326227732, -21.620195509552524 ], [ -50.488051270159318, -21.620291432775705 ], [ -50.488052724756933, -21.62029339270838 ], [ -50.488122390222323, -21.620385625968613 ], [ -50.488189112811988, -21.620479822683738 ], [ -50.48819157814993, -21.620483198491559 ], [ -50.488260534782142, -21.620574812411267 ], [ -50.488327526455585, -21.620668403835666 ], [ -50.488328111184785, -21.620669214788489 ], [ -50.488396900162336, -21.62076392436672 ], [ -50.488465690649612, -21.620859632989532 ], [ -50.488534399903486, -21.620955228592365 ], [ -50.488602112141578, -21.621050822461054 ], [ -50.488602525943016, -21.621051403598358 ], [ -50.488669822295385, -21.621145420679547 ], [ -50.488725540051817, -21.621226086800192 ], [ -50.488658684614101, -21.621134504113936 ], [ -50.488585963642116, -21.621034886465822 ], [ -50.488514240111662, -21.620935270574559 ], [ -50.488513684311094, -21.62093450394255 ], [ -50.488440684261654, -21.620834503996708 ], [ -50.488440128105424, -21.620833747311249 ], [ -50.488366407351016, -21.620734124789738 ], [ -50.488294244786751, -21.620635272082755 ], [ -50.488223794877776, -21.620536046983545 ], [ -50.488222127752962, -21.620533747193956 ], [ -50.488148406998768, -21.620434124672752 ], [ -50.488075683674253, -21.620334503801356 ], [ -50.488002683556772, -21.62023450376228 ], [ -50.488002422503961, -21.620234147300962 ], [ -50.487930422456117, -21.62013614735428 ], [ -50.487930127285303, -21.6201357470384 ], [ -50.48785612723718, -21.620035747093084 ], [ -50.487855854711491, -21.620035380029034 ], [ -50.487783840294405, -21.619938703256192 ], [ -50.48771379406044, -21.619840046712156 ], [ -50.487712126935151, -21.619837746921917 ], [ -50.487638482785862, -21.619738227920806 ], [ -50.487566834461944, -21.619639711595653 ], [ -50.487565854245013, -21.619638379873834 ], [ -50.487493271272314, -21.61954093983481 ], [ -50.487420758490472, -21.619441607377595 ], [ -50.487348834113021, -21.619342711479636 ], [ -50.487347853896026, -21.619341379757728 ], [ -50.487275553962419, -21.619244319688857 ], [ -50.487204238009127, -21.619145269875823 ], [ -50.487202853663369, -21.61914337968032 ], [ -50.487130063563065, -21.61904566157969 ], [ -50.487057346601404, -21.618947045544651 ], [ -50.486985420943995, -21.618849146851399 ], [ -50.486985125773067, -21.618848746535377 ], [ -50.486911559980371, -21.618749333421505 ], [ -50.486840987969394, -21.618651924286301 ], [ -50.486840681628962, -21.618651503050707 ], [ -50.486767681579536, -21.618551503104843 ], [ -50.48676742052659, -21.618551146643359 ], [ -50.486695420478746, -21.61845314669667 ], [ -50.486695125307804, -21.618452746380616 ], [ -50.486621766472048, -21.618353612938193 ], [ -50.486551394056683, -21.618255488142601 ], [ -50.486550681162605, -21.618254502895624 ], [ -50.486477960258824, -21.618154885340921 ], [ -50.486406236728868, -21.618055269450373 ], [ -50.486334236611469, -21.617955269411329 ], [ -50.486091017836983, -21.618108386167538 ], [ -50.486030300503977, -21.618025984163197 ], [ -50.485775699353589, -21.618190015735699 ], [ -50.485830621638542, -21.618264553224989 ], [ -50.485634961009673, -21.618382169482008 ], [ -50.485700960956969, -21.618478169531716 ], [ -50.485703543331553, -21.618481803930273 ], [ -50.485772246098385, -21.618575399117464 ], [ -50.485839443775994, -21.618668290139524 ], [ -50.485905944535119, -21.618762582380278 ], [ -50.485907383991247, -21.618764586776749 ], [ -50.485975166946098, -21.618857290048552 ], [ -50.486042951481124, -21.618950992315238 ], [ -50.48604457996543, -21.618953199078188 ], [ -50.486114279340043, -21.619045799784651 ], [ -50.486182761287154, -21.619138101649494 ], [ -50.486251542514893, -21.619231803725043 ], [ -50.486251981429817, -21.619232398475763 ], [ -50.48632098138529, -21.619325398526716 ], [ -50.486321579527065, -21.619326198932406 ], [ -50.486391355907173, -21.619418901946183 ], [ -50.486460756173543, -21.619512096700433 ], [ -50.486528383067714, -21.619604586535417 ], [ -50.486529579197985, -21.619606198822954 ], [ -50.486599355578193, -21.619698901836877 ], [ -50.486669057068802, -21.619792501092384 ], [ -50.486737838716707, -21.619885206902399 ], [ -50.486807697320828, -21.619980015122 ], [ -50.486808578757248, -21.619981198676374 ], [ -50.486877535389439, -21.620072812596046 ], [ -50.486944527062917, -21.620166404020473 ], [ -50.486946133048896, -21.620168603569194 ], [ -50.487016133004232, -21.620262603620844 ], [ -50.487085698385663, -21.620356020101582 ], [ -50.487155269988889, -21.620451432701998 ], [ -50.487156132715143, -21.620452603458215 ], [ -50.487225105388859, -21.620545224016823 ], [ -50.487292112641839, -21.620639822610389 ], [ -50.487294132491897, -21.620642603383914 ], [ -50.487363191385676, -21.620735339723815 ], [ -50.487430991877133, -21.620830653577588 ], [ -50.487498707332207, -21.620927247806343 ], [ -50.487499526105118, -21.620928403635325 ], [ -50.487567402255593, -21.621023230728927 ], [ -50.487636195354874, -21.621119939990344 ], [ -50.487703908717187, -21.62121553544663 ], [ -50.487771706857835, -21.621312247624164 ], [ -50.487839706766529, -21.621409247618494 ], [ -50.487839875840358, -21.621409488274359 ], [ -50.487908875788641, -21.621507488326014 ], [ -50.487909111560306, -21.621507822183464 ], [ -50.487976908261089, -21.621603535294323 ], [ -50.488044706425022, -21.621700247505057 ], [ -50.488044875498801, -21.62170048816084 ], [ -50.488113875447077, -21.621798488212534 ], [ -50.488114850570476, -21.621799856170593 ], [ -50.488183869633389, -21.621895496991435 ], [ -50.488250921917263, -21.621993117355832 ], [ -50.488251875153729, -21.621994488046202 ], [ -50.488320875101998, -21.622092488097881 ], [ -50.488322267993951, -21.622094431970275 ], [ -50.488391070413414, -21.622188789690572 ], [ -50.48845792157357, -21.622286117241888 ], [ -50.488458309369626, -21.622286678966407 ], [ -50.488471418770537, -21.622305571963427 ], [ -50.488419668666872, -21.62223582189586 ], [ -50.48835622532971, -21.622143097139585 ], [ -50.488354814582308, -21.622141072750225 ], [ -50.488288814533881, -21.62204807279954 ], [ -50.488288217442133, -21.622047237755432 ], [ -50.488221430954987, -21.621954534239197 ], [ -50.488154728703435, -21.621860952093321 ], [ -50.488088814205121, -21.621768072690301 ], [ -50.488088217113294, -21.621767237646079 ], [ -50.488021430626141, -21.62167453412982 ], [ -50.48795464256721, -21.621580831597534 ], [ -50.487953177331839, -21.621578813015518 ], [ -50.487885701580083, -21.621487522402557 ], [ -50.487819819640265, -21.62139607445032 ], [ -50.487755409939723, -21.621303919150769 ], [ -50.487754385359004, -21.621302472252658 ], [ -50.487688902185027, -21.621211192791137 ], [ -50.487624409722606, -21.621118919078686 ], [ -50.487623216349931, -21.621117237392202 ], [ -50.487556604931861, -21.621024776882155 ], [ -50.487491988305813, -21.620933319619635 ], [ -50.487426988197846, -21.62084131958375 ], [ -50.487426557267078, -21.620840712979163 ], [ -50.487362196275029, -21.620750607703929 ], [ -50.487297820966212, -21.620657511224454 ], [ -50.487294880652264, -21.620653414165403 ], [ -50.487228953075807, -21.620564854840623 ], [ -50.487164987767017, -21.620474319440628 ], [ -50.487164556836149, -21.620473712835892 ], [ -50.487099556789303, -21.620382712884403 ], [ -50.487098498317039, -21.620381250443685 ], [ -50.48703280865584, -21.620291673741779 ], [ -50.48696811577144, -21.620202099089134 ], [ -50.486966880120022, -21.620200413988261 ], [ -50.486900504208002, -21.620111252421964 ], [ -50.486836115559996, -21.620022099018858 ], [ -50.486834879908507, -21.62002041391791 ], [ -50.486768190399538, -21.619930831102138 ], [ -50.486702581124796, -21.619841364017475 ], [ -50.486637664229683, -21.619752477915405 ], [ -50.48663641423073, -21.619750792187155 ], [ -50.48656941418939, -21.619661792236418 ], [ -50.486503276482686, -21.619573937774518 ], [ -50.486439114929134, -21.619485098809253 ], [ -50.486437879277446, -21.619483413708018 ], [ -50.486370879234649, -21.619393413757454 ], [ -50.486370570095929, -21.619393000038812 ], [ -50.486304570054735, -21.619305000087415 ], [ -50.486304413706549, -21.619304792012819 ], [ -50.486237647186627, -21.619216102262055 ], [ -50.486170878920838, -21.619126413653124 ], [ -50.486170569782104, -21.619125999934475 ], [ -50.486104724633833, -21.619038206506861 ], [ -50.486037878711642, -21.618948413583581 ], [ -50.486036937317195, -21.618947163181556 ], [ -50.485970726728546, -21.618860200121436 ], [ -50.485905496486872, -21.618771249898824 ], [ -50.485904413077748, -21.618769791803754 ], [ -50.485838275434361, -21.618681937425926 ], [ -50.485774113881142, -21.618593098461158 ], [ -50.48577287822912, -21.618591413359461 ], [ -50.485706188719959, -21.618501830543433 ], [ -50.485640496065052, -21.618412249758574 ], [ -50.48538550379277, -21.618575750140032 ], [ -50.485451503748664, -21.618665750188917 ], [ -50.485452121670676, -21.618666586490626 ], [ -50.485518497434754, -21.618755748071298 ], [ -50.485582885932118, -21.618844901484881 ], [ -50.485584586820018, -21.618847208047189 ], [ -50.485651040286683, -21.618935482159042 ], [ -50.485716503326849, -21.61902475004867 ], [ -50.485718062578528, -21.61902683667024 ], [ -50.485784588305314, -21.619114213845453 ], [ -50.48585112110257, -21.619203586365376 ], [ -50.485851430115709, -21.619203999916916 ], [ -50.485917275119135, -21.619291793358247 ], [ -50.48598412089337, -21.619381586295816 ], [ -50.485984586191215, -21.619382207838115 ], [ -50.486051507877292, -21.61947110391332 ], [ -50.48611727480565, -21.61955879325436 ], [ -50.48618349638641, -21.61964774772273 ], [ -50.486247884884108, -21.61973690113679 ], [ -50.486249585771638, -21.619739207698579 ], [ -50.4863165857303, -21.619828207747858 ], [ -50.486382954231154, -21.619916368994598 ], [ -50.486447335584394, -21.620004522031159 ], [ -50.486447502113585, -21.62000474958187 ], [ -50.486513502069485, -21.620094749630763 ], [ -50.486514119991277, -21.620095585932177 ], [ -50.486580495755497, -21.620184747513051 ], [ -50.486644884253252, -21.620273900927188 ], [ -50.48664611977977, -21.620275585861823 ], [ -50.48671249554409, -21.620364747442842 ], [ -50.486776884041802, -21.620453900856901 ], [ -50.486777501584854, -21.620454749406036 ], [ -50.486842967528602, -21.620544021256208 ], [ -50.486907226741309, -21.620633984266437 ], [ -50.486972012044625, -21.620725680504389 ], [ -50.486974119247513, -21.620728585684684 ], [ -50.487039611655163, -21.620816560666626 ], [ -50.487103178843817, -21.620908488719579 ], [ -50.48710444263903, -21.620910286869375 ], [ -50.487169226310193, -21.621000984122926 ], [ -50.487234011613779, -21.621092680361272 ], [ -50.487299011505797, -21.621184680325385 ], [ -50.487299783555976, -21.621185762455454 ], [ -50.487366180545841, -21.621277925556292 ], [ -50.487430590088216, -21.621370080865848 ], [ -50.487431614546992, -21.621371527595446 ], [ -50.487497097566376, -21.621462807070163 ], [ -50.487561589871099, -21.621555080793765 ], [ -50.48756278312031, -21.62155676231054 ], [ -50.487629783073181, -21.621649762360406 ], [ -50.487630822569898, -21.621651186833279 ], [ -50.487698080800087, -21.621742183372255 ], [ -50.487764357243591, -21.621835168349403 ], [ -50.487764782792603, -21.621835762201584 ], [ -50.487831482648652, -21.621928345698976 ], [ -50.487897185606087, -21.622020927255686 ], [ -50.487897356963387, -21.622021168190098 ], [ -50.487964356914816, -21.622115168240111 ], [ -50.487964782463763, -21.622115762092214 ], [ -50.487991788650753, -21.622153248355904 ], [ -50.487957960176225, -21.622109890764307 ], [ -50.487888027929124, -21.622019977975931 ], [ -50.48788679297536, -21.622018412433885 ], [ -50.487815898419079, -21.621929794335326 ], [ -50.487746968262648, -21.621839200518952 ], [ -50.487746027648114, -21.62183797781876 ], [ -50.48767602760929, -21.621747977869759 ], [ -50.487606501149287, -21.621658586807616 ], [ -50.487536967942809, -21.621567200412716 ], [ -50.487536027328304, -21.621565977712564 ], [ -50.487466027289472, -21.621475977763556 ], [ -50.487396027183642, -21.621385977728423 ], [ -50.4873266510684, -21.621296779966617 ], [ -50.487259263183283, -21.621207590221974 ], [ -50.487257044437975, -21.621204728540004 ], [ -50.487187539183239, -21.621117350601065 ], [ -50.487118026762701, -21.621027977588682 ], [ -50.48704833709688, -21.620938376690553 ], [ -50.486979955133592, -21.620849182927326 ], [ -50.486912262656475, -21.620759590047001 ], [ -50.486844262550676, -21.620669590011833 ], [ -50.486843165131738, -21.620668156182131 ], [ -50.48677471841215, -21.620579869933621 ], [ -50.486707262340218, -21.620490589941912 ], [ -50.486639262234426, -21.620400589906751 ], [ -50.486638939016721, -21.620400163754958 ], [ -50.486572100933778, -21.620312376523543 ], [ -50.486504262025164, -21.620222589837187 ], [ -50.486503938807459, -21.620222163685401 ], [ -50.486437412936993, -21.620134786523938 ], [ -50.486370959930959, -21.620045521397621 ], [ -50.486305039617257, -21.619956628959425 ], [ -50.486304879824964, -21.619956413898315 ], [ -50.486238041714884, -21.619866631469208 ], [ -50.486173662474535, -21.619779471987165 ], [ -50.486109738457579, -21.6196909619194 ], [ -50.486047348343462, -21.619601833298979 ], [ -50.486046114995588, -21.619600098775901 ], [ -50.485981738246274, -21.619510961849173 ], [ -50.485919348132214, -21.619421833228845 ], [ -50.485918731816241, -21.619420959694832 ], [ -50.485855041559311, -21.619331395384268 ], [ -50.485792347920999, -21.619241833158696 ], [ -50.485791731604948, -21.619240959624598 ], [ -50.485728041348423, -21.619151395314599 ], [ -50.485665561546796, -21.619062138569845 ], [ -50.485602773681499, -21.618971445104759 ], [ -50.485602347545374, -21.618970832970756 ], [ -50.485539347497394, -21.618880833018007 ], [ -50.485538731181222, -21.618879959483685 ], [ -50.485475470068607, -21.618790998657015 ], [ -50.485413189656661, -21.618700049603579 ], [ -50.485411730967598, -21.618697959412675 ], [ -50.485347730920907, -21.618607959460469 ], [ -50.485133675727496, -21.618741051646346 ], [ -50.485076639800084, -21.618664436305142 ], [ -50.485044382240403, -21.618619471277615 ], [ -50.485041023871929, -21.61861497658461 ], [ -50.485006023852513, -21.618569976610097 ], [ -50.484799535390046, -21.618710400501062 ], [ -50.484754878343068, -21.618650413479081 ], [ -50.484754260102108, -21.618649589143839 ], [ -50.484687028541764, -21.618560606300775 ], [ -50.484620778122782, -21.618469635686623 ], [ -50.48462017365928, -21.618468811811809 ], [ -50.484552173614887, -21.618376811862074 ], [ -50.484551877958104, -21.618376413287404 ], [ -50.4844848779153, -21.618286413336833 ], [ -50.484484721620099, -21.61828620378331 ], [ -50.484416721577141, -21.618195203833395 ], [ -50.484416568668223, -21.618194999580776 ], [ -50.484347645108706, -21.618103101609595 ], [ -50.484279721362064, -21.618012203761904 ], [ -50.484278023138891, -21.618009976330391 ], [ -50.484208805026526, -21.617920981715056 ], [ -50.48414109608192, -21.617830703228215 ], [ -50.484073614827523, -21.617738412800776 ], [ -50.483818385030467, -21.617901587097631 ], [ -50.483841035661911, -21.617932565220901 ], [ -50.483593222378694, -21.618090364419054 ], [ -50.483660222333, -21.61818236446878 ], [ -50.483661740438976, -21.61818441091425 ], [ -50.483668134199263, -21.61819287325978 ], [ -50.483452067100018, -21.618330270397465 ], [ -50.483441879196668, -21.618316739596416 ], [ -50.483382282995947, -21.618231741844113 ], [ -50.483123716864412, -21.618390258051829 ], [ -50.483179443970926, -21.618469737802513 ], [ -50.482966113676596, -21.618605215551927 ], [ -50.483035032583977, -21.61870010401918 ], [ -50.483102739418179, -21.618793698876132 ], [ -50.483170234993949, -21.618887994283771 ], [ -50.483236944326649, -21.618982582263786 ], [ -50.483238113231451, -21.618984215403891 ], [ -50.483307113184026, -21.619079215455134 ], [ -50.483521434174719, -21.618943109238302 ], [ -50.483528517613301, -21.618952979616324 ], [ -50.483300360442932, -21.619095169304579 ], [ -50.483332754536889, -21.619140617810359 ], [ -50.483313663430366, -21.619114477697959 ], [ -50.483313201867531, -21.619113849276793 ], [ -50.483248433431456, -21.6190261628842 ], [ -50.483183663222398, -21.618937477628819 ], [ -50.48318320165955, -21.61893684920765 ], [ -50.483118285241339, -21.618848962470093 ], [ -50.483054368591823, -21.61876207587942 ], [ -50.48303005221026, -21.618736247589073 ], [ -50.482999896279246, -21.618716525200298 ], [ -50.482997896280466, -21.618715525201178 ], [ -50.482888811948058, -21.618906282481472 ], [ -50.482863315650711, -21.618884962022342 ], [ -50.482861598742069, -21.618886066344022 ], [ -50.48280566306704, -21.618809477582001 ], [ -50.482550336791, -21.618972522316348 ], [ -50.482615336747031, -21.619061522364554 ], [ -50.482615460174429, -21.619061691108886 ], [ -50.482678225152291, -21.619147370389197 ], [ -50.482740991976996, -21.61923404849173 ], [ -50.482741630907725, -21.619234923895473 ], [ -50.482805077683132, -21.619321171960404 ], [ -50.482867443835218, -21.619408286693968 ], [ -50.482929353256502, -21.61949515970073 ], [ -50.482930459663393, -21.619496690938909 ], [ -50.482993224640865, -21.619582370218712 ], [ -50.483055670471366, -21.619668605043319 ], [ -50.483117352951176, -21.619755159599297 ], [ -50.483119106069736, -21.619757566718178 ], [ -50.483181886157979, -21.619841927563179 ], [ -50.483241715133552, -21.619927257521994 ], [ -50.483243630091195, -21.619929923623825 ], [ -50.483306889443, -21.620015916909654 ], [ -50.483367167099274, -21.620100898630227 ], [ -50.48336735248769, -21.620101159384095 ], [ -50.483376772604082, -21.62011437795115 ], [ -50.483410206233827, -21.6201007307432 ], [ -50.483410677665809, -21.620100541091286 ], [ -50.4834636267544, -21.620079551193367 ], [ -50.483463931712336, -21.620079431452837 ], [ -50.483526489845708, -21.620055103446436 ], [ -50.483527259459684, -21.62005481138447 ], [ -50.483554428758524, -21.620044754347848 ], [ -50.483555022359901, -21.620044531781115 ], [ -50.483591966820157, -21.620030502438922 ], [ -50.483593009380755, -21.620030097661505 ], [ -50.483619960218959, -21.620019403029183 ], [ -50.483620949613993, -21.620019022450112 ], [ -50.483648536497476, -21.620008743383654 ], [ -50.483649858528757, -21.620008236606765 ], [ -50.48366767301642, -21.620001215132202 ], [ -50.483624740216968, -21.619940970795554 ], [ -50.483565436099433, -21.619857361819051 ], [ -50.483751563550946, -21.619735774673657 ], [ -50.483766943417294, -21.619757581961426 ], [ -50.483833943305804, -21.61985258192437 ], [ -50.48406796391469, -21.619708274582539 ], [ -50.484107630736155, -21.619763548077476 ], [ -50.48410828440398, -21.619764451540654 ], [ -50.484141347436363, -21.619809779946813 ], [ -50.484149623602079, -21.619806473996302 ], [ -50.484150826978023, -21.619805981193835 ], [ -50.48417545461232, -21.619795645984258 ], [ -50.48417598999405, -21.619795424939706 ], [ -50.48419903053783, -21.619786067650594 ], [ -50.484199657182522, -21.619785818050886 ], [ -50.484283320944485, -21.619753143418581 ], [ -50.484284137844696, -21.61975281887214 ], [ -50.484302510926916, -21.619745394892995 ], [ -50.484303018294462, -21.619745193086811 ], [ -50.484328111716863, -21.619735369881177 ], [ -50.484329003383927, -21.619735014251543 ], [ -50.484391991339407, -21.61970942536092 ], [ -50.484392361773146, -21.619709276586931 ], [ -50.484410929591576, -21.619701905015013 ], [ -50.484411778975478, -21.619701561801602 ], [ -50.484419612011401, -21.619698341030315 ], [ -50.484454738905491, -21.619683897625613 ], [ -50.484455138118612, -21.619683735480663 ], [ -50.484472510055134, -21.619676766481188 ], [ -50.48447327029659, -21.619676468654205 ], [ -50.484490052194154, -21.61967005110332 ], [ -50.484491402253077, -21.619669519873614 ], [ -50.484513259727684, -21.619660675068936 ], [ -50.484514693299722, -21.619660120344868 ], [ -50.484530059712441, -21.619654442757785 ], [ -50.484533419267933, -21.619653109052447 ], [ -50.484548402239632, -21.61964673991482 ], [ -50.484550071414027, -21.619646065511343 ], [ -50.484578658963869, -21.619635107435126 ], [ -50.48458072685667, -21.619634279493081 ], [ -50.484648966220192, -21.619605777868948 ], [ -50.484651033455329, -21.619604877697103 ], [ -50.484666757712731, -21.619597746975707 ], [ -50.484668635856259, -21.619596941192157 ], [ -50.484690362311838, -21.619588140808069 ], [ -50.484693061351678, -21.619586985597259 ], [ -50.484709255979176, -21.619579675393446 ], [ -50.484710411563697, -21.619579171240499 ], [ -50.484727189439198, -21.619572102070236 ], [ -50.484728237159707, -21.619571651211558 ], [ -50.48475101378537, -21.619561643751869 ], [ -50.484751805172927, -21.619561304143911 ], [ -50.484804438908668, -21.619539252191757 ], [ -50.484805040614035, -21.619538997008988 ], [ -50.484846000586188, -21.619521414953386 ], [ -50.484846456427441, -21.619521217491855 ], [ -50.484897222740223, -21.619499026323545 ], [ -50.484898987130435, -21.619498294860069 ], [ -50.484934915131277, -21.619484196269362 ], [ -50.484948919778581, -21.619476900566188 ], [ -50.484966316324382, -21.619465305805722 ], [ -50.484971974142475, -21.619460991371017 ], [ -50.484968497251252, -21.619456250161456 ], [ -50.4849682022938, -21.619455849394686 ], [ -50.484903433857355, -21.619368163001585 ], [ -50.484838889987863, -21.619279787657142 ], [ -50.484774114557304, -21.619190098710053 ], [ -50.484772569830064, -21.619187999975036 ], [ -50.484706887458159, -21.619100423582509 ], [ -50.48464266155753, -21.619013471698459 ], [ -50.484578114244819, -21.618924098606225 ], [ -50.484513114139126, -21.618834098571096 ], [ -50.484511878487446, -21.618832413469868 ], [ -50.484445502575674, -21.618743251903901 ], [ -50.484388768905355, -21.618664697694612 ], [ -50.48443222168973, -21.618724364261283 ], [ -50.48443373979562, -21.618726410706643 ], [ -50.484501429098941, -21.618815999595132 ], [ -50.484567359980247, -21.618904563571213 ], [ -50.484632617417354, -21.618995528596155 ], [ -50.48463412130009, -21.61899758634932 ], [ -50.484701121257295, -21.619087586398742 ], [ -50.484767810555148, -21.619177169144386 ], [ -50.484833192617003, -21.61926632660947 ], [ -50.484897885350364, -21.619355901273714 ], [ -50.484899586237795, -21.619358207835404 ], [ -50.484966352611934, -21.619446897600636 ], [ -50.48497500923979, -21.619458525920617 ], [ -50.484998248384052, -21.619438322402221 ], [ -50.485007891329133, -21.619427617423163 ], [ -50.485021492211779, -21.619417172045566 ], [ -50.485038192090549, -21.619411975625393 ], [ -50.485051390705841, -21.619412532807058 ], [ -50.485051445981249, -21.61941208081543 ], [ -50.485070619928976, -21.619414131023365 ], [ -50.485083372037074, -21.619414124078617 ], [ -50.48509861505589, -21.619416422881599 ], [ -50.485112303958793, -21.619423101082798 ], [ -50.485123040499566, -21.619433476540813 ], [ -50.485129727998888, -21.619446489459673 ], [ -50.485131683364166, -21.61946081064098 ], [ -50.485128706864117, -21.619474977254061 ], [ -50.485121102530734, -21.619487542256174 ], [ -50.485109647104636, -21.619497222200124 ], [ -50.485099523430591, -21.619503348215105 ], [ -50.485099027141452, -21.619503644531605 ], [ -50.485082153722736, -21.619513584209965 ], [ -50.485081762186319, -21.619513812418777 ], [ -50.485070208664887, -21.619520475023069 ], [ -50.485069908919435, -21.619520646474331 ], [ -50.485058067141544, -21.619527364632525 ], [ -50.4850576395365, -21.619527604410209 ], [ -50.485035440287518, -21.619539907348209 ], [ -50.485095268003271, -21.61962404017866 ], [ -50.48535273185626, -21.619463959718107 ], [ -50.485288731809561, -21.619373959765912 ], [ -50.485286879127372, -21.619371413676262 ], [ -50.485219879084568, -21.619281413725698 ], [ -50.485219413659969, -21.619280792015534 ], [ -50.485153276016405, -21.619192937637507 ], [ -50.485089114462887, -21.619104098672317 ], [ -50.485088496796863, -21.619103249956293 ], [ -50.485066780740212, -21.619073637202661 ], [ -50.485228967974052, -21.618966492465013 ], [ -50.485280958830046, -21.619039604688698 ], [ -50.485343438420138, -21.619128861360704 ], [ -50.485406226130202, -21.619219554837805 ], [ -50.485406652150687, -21.619220166807285 ], [ -50.485469652102708, -21.619310166854536 ], [ -50.485470268301285, -21.619311040224389 ], [ -50.485533958406187, -21.619400604547629 ], [ -50.48559665189147, -21.619490166784384 ], [ -50.485597268089982, -21.619491040154148 ], [ -50.485660958195034, -21.619580604477616 ], [ -50.485680505621076, -21.619608529421992 ], [ -50.485489884846338, -21.619728901048141 ], [ -50.485510204997944, -21.619757036691968 ], [ -50.485293938071976, -21.619895137306791 ], [ -50.485230202769536, -21.619808849615044 ], [ -50.48499445965119, -21.619961097624874 ], [ -50.48498990840374, -21.619955124118722 ], [ -50.484739957978228, -21.620121632370534 ], [ -50.484733369778276, -21.620112452097544 ], [ -50.484732715995477, -21.620111548477663 ], [ -50.484670715953385, -21.620026548523658 ], [ -50.484608715853533, -21.619941548490452 ], [ -50.48435328400457, -21.620104451407801 ], [ -50.484406634041392, -21.620177592683831 ], [ -50.48420097281079, -21.620305205161255 ], [ -50.484159061976762, -21.620248658851875 ], [ -50.48412174577679, -21.62021329762274 ], [ -50.484118745777913, -21.620211297624355 ], [ -50.483984500137389, -21.620387361869653 ], [ -50.483968468958075, -21.62037217053626 ], [ -50.483945980989013, -21.620386743585627 ], [ -50.483934647876673, -21.620370840680529 ], [ -50.483933716281378, -21.620369548589437 ], [ -50.483871805860467, -21.620284671503111 ], [ -50.483752977405551, -21.62012103908312 ], [ -50.483747715978296, -21.620111548488623 ], [ -50.483736292842842, -21.6200958877576 ], [ -50.483733092667244, -21.620097509397901 ], [ -50.483732209748311, -21.620097964260573 ], [ -50.483722694734112, -21.620102947191306 ], [ -50.483722100763849, -21.620103261693789 ], [ -50.483707224149022, -21.620111225496021 ], [ -50.483706903223883, -21.620111398314396 ], [ -50.483686292626459, -21.620122562805651 ], [ -50.483685953899084, -21.620122747435989 ], [ -50.483664562382806, -21.62013447993424 ], [ -50.483664250225566, -21.620134652123994 ], [ -50.483642118289197, -21.620146930232092 ], [ -50.483618826060024, -21.620159987812091 ], [ -50.483618495448859, -21.620160174292128 ], [ -50.483582601133186, -21.620180542783114 ], [ -50.483557358258331, -21.620195024303538 ], [ -50.483525241845733, -21.620213586397146 ], [ -50.483524872618474, -21.620213797664917 ], [ -50.48350002394168, -21.62022787311653 ], [ -50.48349949910336, -21.620228166181214 ], [ -50.483475219925992, -21.620241529312494 ], [ -50.483474666398678, -21.620241829373843 ], [ -50.48347022029764, -21.620244202915412 ], [ -50.483488943479522, -21.6202698718261 ], [ -50.483494104732713, -21.620279205266524 ], [ -50.48361610464881, -21.620447205357145 ], [ -50.483616283618822, -21.620447451262837 ], [ -50.483677814055582, -21.620531807610163 ], [ -50.483739351937771, -21.620618159262634 ], [ -50.483801351835602, -21.620705159228677 ], [ -50.483802104259482, -21.620706205138781 ], [ -50.483862725509354, -21.620789683684031 ], [ -50.483924351634798, -21.620876159161959 ], [ -50.483925937339578, -21.620878340862017 ], [ -50.483987940389767, -21.620961995871919 ], [ -50.484046976256337, -21.621045630121738 ], [ -50.484047351377967, -21.621046159015407 ], [ -50.484109163095148, -21.621132894921352 ], [ -50.484168976054434, -21.62121763005468 ], [ -50.484170282711943, -21.621219450961171 ], [ -50.484231158311097, -21.621302909546792 ], [ -50.484290076829332, -21.621388341509181 ], [ -50.484290781633135, -21.621389354158534 ], [ -50.484349103169095, -21.621472388316775 ], [ -50.484407441301457, -21.621558412457041 ], [ -50.484408975596722, -21.621560629842822 ], [ -50.484468975552033, -21.621645629887716 ], [ -50.484528316254078, -21.621729695989927 ], [ -50.484585672548235, -21.621813752739026 ], [ -50.484586975297411, -21.621815629743342 ], [ -50.484646316054658, -21.621899695923787 ], [ -50.484703672348893, -21.621983752672982 ], [ -50.484706102754998, -21.621987204638128 ], [ -50.484766332275314, -21.622070143752236 ], [ -50.484823582044108, -21.62215207025044 ], [ -50.484823974901822, -21.622152629611907 ], [ -50.484863041296883, -21.622207973755607 ], [ -50.484805841233161, -21.622132353419911 ], [ -50.484748453354136, -21.622054187264929 ], [ -50.484747573163162, -21.622053001122968 ], [ -50.484687751923033, -21.621973239563484 ], [ -50.484630450917912, -21.62189617968308 ], [ -50.484572963248155, -21.621816886442531 ], [ -50.484572268234501, -21.621815935975551 ], [ -50.484513617671503, -21.621736409884399 ], [ -50.484456458173817, -21.621657569295035 ], [ -50.484398944875245, -21.621576257492936 ], [ -50.48439726795015, -21.621573935880932 ], [ -50.484339118348402, -21.621495089058921 ], [ -50.484281944685016, -21.621414257429777 ], [ -50.484281459952967, -21.621413576316293 ], [ -50.484223459911448, -21.621332576359546 ], [ -50.484223267534794, -21.621332308343511 ], [ -50.484164607968658, -21.621250781590451 ], [ -50.484107520013382, -21.621170071135698 ], [ -50.484051083783235, -21.621087892171516 ], [ -50.484049459567821, -21.621085576188214 ], [ -50.48399184125185, -21.62100510933065 ], [ -50.483933217857398, -21.620921645621365 ], [ -50.48393245937406, -21.620920576123794 ], [ -50.483874702675479, -21.620839916007849 ], [ -50.483816943914896, -21.620758257173911 ], [ -50.483816557109741, -21.620757712988837 ], [ -50.483756557066492, -21.6206737130336 ], [ -50.483756459084027, -21.620673576027379 ], [ -50.4836984590425, -21.620592576070621 ], [ -50.483697588914282, -21.62059137399142 ], [ -50.483637588873911, -21.620509374035915 ], [ -50.483636910574845, -21.620508454669267 ], [ -50.483575910535784, -21.62042645471427 ], [ -50.483362178250502, -21.620565470583212 ], [ -50.483356009671859, -21.620556952074747 ], [ -50.483355370622306, -21.620556076510368 ], [ -50.483291370579934, -21.620469076557729 ], [ -50.483036629277706, -21.620632923341041 ], [ -50.48310030799464, -21.620719486701653 ], [ -50.483162990142965, -21.620806047869898 ] ], [ [ -50.48742763889755, -21.623767478152516 ], [ -50.487365992647391, -21.62368892898564 ], [ -50.487305342656143, -21.623610382364294 ], [ -50.48730463871177, -21.623609478090859 ], [ -50.487242912505302, -21.623530827044199 ], [ -50.487181184058464, -21.623451177524917 ], [ -50.487180791896243, -21.62345067379767 ], [ -50.487120695629869, -21.623373829477814 ], [ -50.487061574703667, -21.623295001668176 ], [ -50.487059079233255, -21.623291770086894 ], [ -50.486998619461311, -21.623215707877335 ], [ -50.486940089617725, -21.623136692681665 ], [ -50.486939574460109, -21.623136001530629 ], [ -50.486879574422659, -21.62305600157481 ], [ -50.486819923944743, -21.622976467698145 ], [ -50.486761269584314, -21.62289693645733 ], [ -50.486760750238936, -21.622896236680951 ], [ -50.486702010921128, -21.622817585823281 ], [ -50.486643269397447, -21.622737936395211 ], [ -50.486642573991084, -21.622737001374649 ], [ -50.486583783769802, -21.622658614506257 ], [ -50.486526946076516, -21.622578257868401 ], [ -50.486525269151841, -21.622575936256986 ], [ -50.486467119550042, -21.622497089434873 ], [ -50.48640994588628, -21.622416257805206 ], [ -50.486408963921228, -21.622414886586245 ], [ -50.486351804908402, -21.62233604666628 ], [ -50.486295621679908, -21.622255221775063 ], [ -50.486294460964174, -21.622253576628729 ], [ -50.486236460922662, -21.622172576671982 ], [ -50.486235268676005, -21.622170936098591 ], [ -50.486177119074235, -21.622092089276524 ], [ -50.486119945410771, -21.622011257647262 ], [ -50.486061945314503, -21.621929257615268 ], [ -50.486061460582498, -21.621928576501844 ], [ -50.486003460540978, -21.621847576545104 ], [ -50.486003268164332, -21.621847308529077 ], [ -50.485944268122672, -21.621765308573018 ], [ -50.485943963157737, -21.621764886332286 ], [ -50.485886458231263, -21.621685569290332 ], [ -50.485828944932933, -21.621604257488539 ], [ -50.485826400934556, -21.621600772438253 ], [ -50.485766700039456, -21.621521497573116 ], [ -50.485709944741508, -21.621441257424991 ], [ -50.485708589934895, -21.621439374307251 ], [ -50.485648835883921, -21.62135771053704 ], [ -50.485589079801095, -21.621275048057583 ], [ -50.485588087372278, -21.621273691877256 ], [ -50.485528339534881, -21.621193032393457 ], [ -50.485468589605482, -21.621111374255616 ], [ -50.48546791130638, -21.621110454888928 ], [ -50.485407161513457, -21.621028791330197 ], [ -50.485346409674506, -21.620946129091593 ], [ -50.485345911112447, -21.620945454824422 ], [ -50.485284911073386, -21.620863454869433 ], [ -50.485284739363919, -21.620863224524523 ], [ -50.485223662114649, -21.620781459917392 ], [ -50.48516455712025, -21.620698713028123 ], [ -50.48516273916767, -21.62069622445923 ], [ -50.48510107601841, -21.620613675502522 ], [ -50.485040409186837, -21.620531128929454 ], [ -50.485040233642337, -21.620530890585439 ], [ -50.484978233601687, -21.620446890631293 ], [ -50.484977738873837, -21.620446224361512 ], [ -50.484916565551423, -21.620364331140411 ], [ -50.484856369975596, -21.62028045216309 ], [ -50.484854738676411, -21.620278224295824 ], [ -50.484793565353954, -21.620196331074681 ], [ -50.48478558763842, -21.620185214606312 ], [ -50.484801673649926, -21.620206327513394 ], [ -50.484863261356061, -21.620288775668733 ], [ -50.484864446617635, -21.620290340185861 ], [ -50.484927188023732, -21.620372003696644 ], [ -50.484989931495463, -21.620454665826326 ], [ -50.485052931397902, -21.620537665793918 ], [ -50.48505309094142, -21.620537875590234 ], [ -50.485117090903387, -21.620621875637127 ], [ -50.485117973793692, -21.620623022527234 ], [ -50.485180529254841, -21.620703451067868 ], [ -50.485244090709379, -21.620786875572698 ], [ -50.485244446033306, -21.620787339991754 ], [ -50.485307187439595, -21.620869003502776 ], [ -50.485369593922286, -21.620951221662576 ], [ -50.485431260480176, -21.621033775377729 ], [ -50.48543244574175, -21.62103533989486 ], [ -50.485494847466136, -21.621116561280026 ], [ -50.485556260286202, -21.621198775313264 ], [ -50.485556767060807, -21.621199449634634 ], [ -50.485617482686351, -21.621279751040522 ], [ -50.485675251113662, -21.621361018590441 ], [ -50.485677766866871, -21.621364449570123 ], [ -50.485738829406372, -21.621445209797869 ], [ -50.485797920000493, -21.621526951886437 ], [ -50.485798409948195, -21.621527625548445 ], [ -50.485858163862822, -21.621609289331239 ], [ -50.485917919806674, -21.621691951822012 ], [ -50.485918409754355, -21.621692625483981 ], [ -50.485978409713979, -21.621774625528449 ], [ -50.485978912025764, -21.621775307818705 ], [ -50.486038167634902, -21.62185530298737 ], [ -50.48609744152003, -21.621938286529886 ], [ -50.486098911831881, -21.621940307754194 ], [ -50.486158659535, -21.622020967250091 ], [ -50.486218409328572, -21.622102625400291 ], [ -50.486278409232227, -21.622184625368259 ], [ -50.486338409135875, -21.622266625336206 ], [ -50.486338911447589, -21.622267307626359 ], [ -50.486398659150957, -21.622347967122618 ], [ -50.48645840894433, -21.622429625272531 ], [ -50.486518408847978, -21.622511625240477 ], [ -50.486519954473032, -21.62251369847197 ], [ -50.486579171875206, -21.622591668142444 ], [ -50.48663840865877, -21.622672625177625 ], [ -50.48669840856239, -21.622754625145564 ], [ -50.486758408466038, -21.622836625113514 ], [ -50.486758910777695, -21.622837307403575 ], [ -50.486818658481077, -21.622917966899838 ], [ -50.486878408274492, -21.62299962504984 ], [ -50.486879425686531, -21.623000998416256 ], [ -50.486938215777414, -21.623079385297402 ], [ -50.486995053333708, -21.623159741943436 ], [ -50.486996910395732, -21.623162307276491 ], [ -50.487056503076751, -21.623242757492449 ], [ -50.487117101213556, -21.623326204209079 ], [ -50.487117223695407, -21.623326372617317 ], [ -50.487176223655183, -21.623407372661099 ], [ -50.487176407739085, -21.623407624813858 ], [ -50.48723640769871, -21.623489624858347 ], [ -50.487238120587868, -21.623491917886554 ], [ -50.487297901739908, -21.623570319488767 ], [ -50.487355729758391, -21.623650690731832 ], [ -50.487356909819844, -21.623652307084942 ], [ -50.487416909780926, -21.623733307129289 ], [ -50.487417085597649, -21.623733543977021 ], [ -50.487477399836948, -21.623814622231805 ], [ -50.487535729470544, -21.623895690636196 ], [ -50.487536909531904, -21.623897306989164 ], [ -50.487596909492993, -21.623978307033504 ], [ -50.487597085309694, -21.623978543881215 ], [ -50.487640925351826, -21.624037476478428 ], [ -50.487612009673896, -21.624001676140754 ], [ -50.487550639140579, -21.623923478289253 ], [ -50.487550079975094, -21.623922770332957 ], [ -50.48748843802796, -21.623845220871381 ], [ -50.487427792327516, -21.623767673996202 ], [ -50.48742763889755, -21.623767478152516 ] ], [ [ -50.488666869155061, -21.622582486101678 ], [ -50.488691519868418, -21.622618012193762 ], [ -50.488687362675662, -21.622612409023638 ], [ -50.488656086862541, -21.622567390883432 ], [ -50.488666869155061, -21.622582486101678 ] ], [ [ -50.48855514573016, -21.62242552580685 ], [ -50.488553803668324, -21.622423573720944 ], [ -50.488557205468481, -21.622428384845151 ], [ -50.48855514573016, -21.62242552580685 ] ] ], [ [ [ -50.484485767269923, -21.619792109670488 ], [ -50.484488283671539, -21.619795418602504 ], [ -50.484535283646075, -21.619855418636661 ], [ -50.484784716208374, -21.619684581266011 ], [ -50.484769566673513, -21.61966524145603 ], [ -50.484692315375497, -21.61969803007371 ], [ -50.484692259362319, -21.619698053807777 ], [ -50.484536591405686, -21.619763902144044 ], [ -50.484536438521012, -21.61976396651632 ], [ -50.484502751405103, -21.619778084818147 ], [ -50.484502579908806, -21.619778156318457 ], [ -50.484481822606078, -21.619786765280825 ], [ -50.484485767269923, -21.619792109670488 ] ] ], [ [ [ -50.488026620253827, -21.618319912848566 ], [ -50.488095113873349, -21.618414215773175 ], [ -50.488096580554426, -21.618416199315778 ], [ -50.488166136568921, -21.618508609557974 ], [ -50.488235698896581, -21.61860301568726 ], [ -50.488236580333492, -21.618604199242309 ], [ -50.488305919100306, -21.618696320855314 ], [ -50.488375271896857, -21.618791433377371 ], [ -50.488376580111392, -21.618793199168412 ], [ -50.48844613612566, -21.618885609410313 ], [ -50.488515698453604, -21.618980015539975 ], [ -50.488516579890451, -21.618981199094925 ], [ -50.488586135904789, -21.619073609336926 ], [ -50.488655698232684, -21.619168015466524 ], [ -50.488725698121073, -21.619263015429389 ], [ -50.488726869244438, -21.619264582529322 ], [ -50.488798723990676, -21.619359390985203 ], [ -50.488867621033712, -21.619450925736086 ], [ -50.488935692168091, -21.619545633518062 ], [ -50.488937429659977, -21.619547999810575 ], [ -50.489009061427922, -21.619643508947235 ], [ -50.489078697562917, -21.619738015243819 ], [ -50.489079868686211, -21.619739582343637 ], [ -50.489150844035926, -21.61983323048425 ], [ -50.489219852790285, -21.619928857018188 ], [ -50.489221868460582, -21.619931582268581 ], [ -50.489293058991834, -21.620025514329367 ], [ -50.489361770955391, -21.620119747994057 ], [ -50.489430279957347, -21.620216057871254 ], [ -50.489432868122158, -21.620219582155954 ], [ -50.489503631306015, -21.620312950355387 ], [ -50.489572443240377, -21.620409287182909 ], [ -50.48957399849958, -21.620411422968111 ], [ -50.489645419751078, -21.620507643380616 ], [ -50.489714851997419, -21.620603856754641 ], [ -50.489716428416713, -21.620605999396897 ], [ -50.489787922465624, -21.620701324908126 ], [ -50.489858294196978, -21.620797466685605 ], [ -50.489930164146649, -21.620896287987282 ], [ -50.48993026935851, -21.620896432465713 ], [ -50.490000269310961, -21.62099243251766 ], [ -50.490000576556007, -21.620992852293732 ], [ -50.490072500335572, -21.62109074866763 ], [ -50.490143424309629, -21.621187644918788 ], [ -50.490143576326894, -21.621187852217513 ], [ -50.49021557627907, -21.621285852270848 ], [ -50.490215725243822, -21.62128605465978 ], [ -50.490288725195853, -21.621385054713794 ], [ -50.49028899735508, -21.621385422587313 ], [ -50.490360785913595, -21.621482137844207 ], [ -50.490432575933603, -21.621579852155946 ], [ -50.490432847793194, -21.621580220961594 ], [ -50.490503847746943, -21.621676221014081 ], [ -50.490702700860808, -21.621547635675558 ], [ -50.490753008625717, -21.621617074631214 ], [ -50.491008991232725, -21.621454925266683 ], [ -50.4909379911836, -21.621356925319471 ], [ -50.490936288583022, -21.621354623557096 ], [ -50.490863072251365, -21.62125766150206 ], [ -50.490791836284131, -21.621159712166175 ], [ -50.490790856067306, -21.621158380444516 ], [ -50.490718350042307, -21.621061043705097 ], [ -50.490647319673471, -21.620963377067557 ], [ -50.490576795299745, -21.620864047088649 ], [ -50.490575423278237, -21.620862147523027 ], [ -50.490503423230408, -21.620764147576349 ], [ -50.490464727440973, -21.620711478391112 ], [ -50.490710719909671, -21.620546876413243 ], [ -50.490635719865779, -21.620448876468142 ], [ -50.490635152183884, -21.620448139599333 ], [ -50.490560155273222, -21.620351433166576 ], [ -50.490487127534649, -21.620252747150413 ], [ -50.490486149656988, -21.620251441145271 ], [ -50.490411149611653, -21.620152441200329 ], [ -50.490411014658335, -21.620152263346576 ], [ -50.490335575894186, -21.620053001930167 ], [ -50.490262127183243, -21.619953747033581 ], [ -50.490188127065721, -21.61985374699449 ], [ -50.490187570691894, -21.61985300017389 ], [ -50.49011257064511, -21.6197530002291 ], [ -50.490111718975243, -21.619751876102548 ], [ -50.490037716468649, -21.619655179605783 ], [ -50.489965682802762, -21.619556503470285 ], [ -50.489964570341662, -21.619555000057392 ], [ -50.489890131538317, -21.61945574843697 ], [ -50.489817682567789, -21.619356503392151 ], [ -50.48981712641114, -21.619355746706109 ], [ -50.489743809744688, -21.619256670249225 ], [ -50.489671477647448, -21.619155603608782 ], [ -50.48967012617382, -21.619153746627134 ], [ -50.489596405419832, -21.619054124106189 ], [ -50.48952424285627, -21.618955271400168 ], [ -50.489453792947913, -21.618856046301818 ], [ -50.489451285648997, -21.618852622574757 ], [ -50.489378277308425, -21.618755935967268 ], [ -50.489307516405674, -21.618657657056804 ], [ -50.489236792598035, -21.618558046185605 ], [ -50.489236237294605, -21.618557269526704 ], [ -50.489164516171122, -21.618457656979079 ], [ -50.489093792363242, -21.618358046107566 ], [ -50.48909283293051, -21.618356710975224 ], [ -50.489020832881231, -21.618257711028697 ], [ -50.488949599721444, -21.618159765554779 ], [ -50.488880346607274, -21.618060832660916 ], [ -50.488879393803884, -21.618059487947583 ], [ -50.488808393753324, -21.617960488000495 ], [ -50.48880823659362, -21.617960269293583 ], [ -50.488736395620528, -21.617860490288241 ], [ -50.488666553775509, -21.617762711827588 ], [ -50.48866583223176, -21.617761710742748 ], [ -50.4885941951229, -21.61766320983908 ], [ -50.488524553544224, -21.617565711750725 ], [ -50.488454553429186, -21.617467711712468 ], [ -50.488453986554624, -21.617466923705251 ], [ -50.488382986505499, -21.617368923758033 ], [ -50.48812940675149, -21.617529559987275 ], [ -50.488096885153567, -21.617484783910292 ], [ -50.487841114704779, -21.617647215987756 ], [ -50.487893378523495, -21.617719173521429 ], [ -50.487683362121011, -21.617846749254596 ], [ -50.487749362069735, -21.61794174930419 ], [ -50.487751982899816, -21.617945399006164 ], [ -50.487820463217275, -21.618037698675124 ], [ -50.487887952401778, -21.618130992662294 ], [ -50.487955952291379, -21.618224992625574 ], [ -50.487957135288838, -21.618226604355687 ], [ -50.488026620253827, -21.618319912848566 ] ] ], [ [ [ -50.48432322416803, -21.619850203269689 ], [ -50.484306344096503, -21.619856722953902 ], [ -50.484306064948996, -21.619856829817891 ], [ -50.48426416333136, -21.619872728062091 ], [ -50.484263834071349, -21.619872851674568 ], [ -50.484222436990756, -21.619888228353155 ], [ -50.484222181770342, -21.619888322369537 ], [ -50.484203660368891, -21.61989508841728 ], [ -50.48421939165916, -21.619916598575038 ], [ -50.48432322416803, -21.619850203269689 ] ] ], [ [ [ -50.48291215167751, -21.620300498338235 ], [ -50.482929096256825, -21.620297831072619 ], [ -50.482940834225204, -21.620295022364342 ], [ -50.48295528679018, -21.620290328871441 ], [ -50.482961878511134, -21.620287843104673 ], [ -50.483067744063867, -21.620242154358632 ], [ -50.483075658869261, -21.620238738539811 ], [ -50.483078010117893, -21.620237793612333 ], [ -50.483117305209809, -21.620223141985079 ], [ -50.483121314982469, -21.620221514158363 ], [ -50.483144174629288, -21.620211457123968 ], [ -50.483144596407385, -21.62021127387731 ], [ -50.483192138312063, -21.620190878302967 ], [ -50.483192429288415, -21.62019075456141 ], [ -50.483241249516439, -21.620170175093993 ], [ -50.483241831361681, -21.620169934124167 ], [ -50.483264833696374, -21.620160576718863 ], [ -50.483266104736089, -21.620160046023496 ], [ -50.483290253620837, -21.62014970191894 ], [ -50.483291045866466, -21.620149370580535 ], [ -50.483351583892947, -21.620124659681899 ], [ -50.483336383934457, -21.620103471887383 ], [ -50.483334570869367, -21.620101000359629 ], [ -50.483274829430854, -21.620021345202225 ], [ -50.483215338039621, -21.619941031920099 ], [ -50.483156273362923, -21.619860310293781 ], [ -50.483098942765196, -21.619779256792359 ], [ -50.483096398765738, -21.619775771740553 ], [ -50.483035999072627, -21.619695568963785 ], [ -50.482977515946594, -21.619615642122305 ], [ -50.48292041497492, -21.619533928767328 ], [ -50.482918587668763, -21.61953137357737 ], [ -50.482858587628392, -21.619449373621851 ], [ -50.482858085203524, -21.619448691179642 ], [ -50.482798829460634, -21.619368696023084 ], [ -50.48273955543619, -21.619285712492193 ], [ -50.482738085009643, -21.619283691115161 ], [ -50.482678725181088, -21.619203555443015 ], [ -50.482623351839379, -21.619126428383989 ], [ -50.482607917937258, -21.619108269861783 ], [ -50.48260391793675, -21.619104269864454 ], [ -50.48243488528572, -21.619252063988302 ], [ -50.482430824027439, -21.6192472857695 ], [ -50.482366648019614, -21.619287571513333 ], [ -50.482412754802262, -21.619351791762227 ], [ -50.482215112023304, -21.619505399572507 ], [ -50.482218170119566, -21.619508839934205 ], [ -50.482270846058448, -21.619581847023895 ], [ -50.482271630511455, -21.619582923751331 ], [ -50.482335630469073, -21.619669923798714 ], [ -50.482335797485973, -21.619670150375235 ], [ -50.482399930100676, -21.619756976174063 ], [ -50.482462087673341, -21.619844786188832 ], [ -50.482464752903709, -21.619848429263204 ], [ -50.482528948780455, -21.619933365445984 ], [ -50.482592078018513, -21.620020168253934 ], [ -50.482654761477953, -21.620106731233239 ], [ -50.482717533744356, -21.620194413238533 ], [ -50.482719269144781, -21.62019678591421 ], [ -50.482780046539879, -21.620278134216893 ], [ -50.482815814945724, -21.620289698181757 ], [ -50.482819959986401, -21.620290909522787 ], [ -50.482840110471876, -21.62029618397165 ], [ -50.482849102517413, -21.620297971275715 ], [ -50.482868870195198, -21.620300688480381 ], [ -50.482879295404402, -21.620301408576644 ], [ -50.482900019314535, -21.62030143790701 ], [ -50.48291215167751, -21.620300498338235 ] ] ], [ [ [ -50.482792548205566, -21.616224494104497 ], [ -50.482826288007104, -21.616172027818823 ], [ -50.482826961851622, -21.616170957895847 ], [ -50.482857835354118, -21.616120893819193 ], [ -50.482858693979253, -21.61611955545456 ], [ -50.482865505192429, -21.616109342777385 ], [ -50.482848682499728, -21.616085892992604 ], [ -50.482783982487476, -21.615994317706736 ], [ -50.482782330184904, -21.615992026971025 ], [ -50.48271638543364, -21.615902460328336 ], [ -50.4826778383174, -21.615847308387448 ], [ -50.482901635595184, -21.615707829228576 ], [ -50.482834721354216, -21.61561394966531 ], [ -50.48276892953708, -21.615521243131099 ], [ -50.482702227856613, -21.615426666242033 ], [ -50.482637402918634, -21.615333916834754 ], [ -50.482637051465879, -21.615333416254369 ], [ -50.482570051415877, -21.615238416304496 ], [ -50.482569635043504, -21.615237829045178 ], [ -50.482503230954023, -21.615144665216487 ], [ -50.482438924936588, -21.615051668943039 ], [ -50.48237303499527, -21.614955829154432 ], [ -50.482371634710212, -21.614953828934368 ], [ -50.482305640376637, -21.614861239986791 ], [ -50.482241610364881, -21.614766672710637 ], [ -50.482239634487236, -21.614763828860184 ], [ -50.482173343363414, -21.614670823520537 ], [ -50.482108034549704, -21.614575829006679 ], [ -50.482106634264255, -21.614573828786057 ], [ -50.482040840292633, -21.614481520943194 ], [ -50.481976994935565, -21.614386244153959 ], [ -50.481975633738507, -21.61438424930676 ], [ -50.48192276697818, -21.614308153323012 ], [ -50.481967118679712, -21.614369217317471 ], [ -50.481967389166691, -21.614369588485268 ], [ -50.482035389120853, -21.614462588535659 ], [ -50.482035703749624, -21.614463017180512 ], [ -50.482105112849055, -21.61455721535804 ], [ -50.482172533552486, -21.61465140616377 ], [ -50.482173118283185, -21.614652217118664 ], [ -50.482242037191114, -21.614747105586627 ], [ -50.482309956321238, -21.614840993911585 ], [ -50.482377328507802, -21.614934126167327 ], [ -50.48244471426775, -21.615030250094676 ], [ -50.482446117836957, -21.615032216970253 ], [ -50.482514823893155, -21.615126812381362 ], [ -50.482582532883292, -21.615221405941384 ], [ -50.482650532771764, -21.615316405904309 ], [ -50.482651117502257, -21.615317216858937 ], [ -50.482720117454839, -21.615412216910176 ], [ -50.48297588240353, -21.61524978298787 ], [ -50.482918835266325, -21.615171239935083 ], [ -50.483147415393248, -21.615020799266507 ], [ -50.483077415350039, -21.614927799317972 ], [ -50.483007638751005, -21.61483509623088 ], [ -50.482937860618499, -21.614741394278258 ], [ -50.4829374150642, -21.614740799157129 ], [ -50.482868018938852, -21.614648601556294 ], [ -50.482800611108061, -21.614556411546239 ], [ -50.482799860334175, -21.614555394117257 ], [ -50.48273015754674, -21.614461793342709 ], [ -50.482661749002531, -21.614368599206824 ], [ -50.482616425936094, -21.614305946825858 ], [ -50.482639858795004, -21.61433656577924 ], [ -50.482714435778178, -21.614436001873269 ], [ -50.482715287304636, -21.614437125813151 ], [ -50.482790071453543, -21.614534843879877 ], [ -50.482864645554827, -21.614633281807862 ], [ -50.482939435429117, -21.614733001757294 ], [ -50.482940286955575, -21.614734125697158 ], [ -50.48301528691168, -21.614832125752052 ], [ -50.483266712943959, -21.614663874149219 ], [ -50.483192141527184, -21.614566434276689 ], [ -50.483117564380706, -21.614466998197901 ], [ -50.483117142806222, -21.614466438919187 ], [ -50.483042142760873, -21.614367438974206 ], [ -50.483041712594904, -21.614366874033209 ], [ -50.482999055349858, -21.614311135316981 ], [ -50.483232045218138, -21.614158338171308 ], [ -50.483255228245994, -21.614190977455298 ], [ -50.483256786107972, -21.614193128565955 ], [ -50.483334996715264, -21.614299059516608 ], [ -50.483410227994796, -21.614404977371855 ], [ -50.483667771864852, -21.614245022524848 ], [ -50.48359177180923, -21.61413802258161 ], [ -50.483590213801243, -21.614135871274694 ], [ -50.483512003017736, -21.614029940341617 ], [ -50.483466432105708, -21.613965781397045 ], [ -50.483686140067007, -21.613827140576774 ], [ -50.483644411738318, -21.613769317125993 ], [ -50.483867388570928, -21.613629486238615 ], [ -50.483823079692556, -21.613567703532539 ], [ -50.484062526832261, -21.613414297717409 ], [ -50.483915600681328, -21.613213398846867 ], [ -50.483913853676299, -21.613211361446538 ], [ -50.483843209904897, -21.613113621554572 ], [ -50.48377329856887, -21.613011216351946 ], [ -50.483771076731543, -21.613008053868228 ], [ -50.483698390270057, -21.612907487792558 ], [ -50.483624778218243, -21.612804033147039 ], [ -50.483551855734135, -21.61270114264892 ], [ -50.483478855613278, -21.612598142608761 ], [ -50.48347870012622, -21.612597923655542 ], [ -50.483404777854801, -21.612494033026643 ], [ -50.483331855370352, -21.612391142528047 ], [ -50.483259125693699, -21.612288524073374 ], [ -50.483187393492926, -21.612185907306962 ], [ -50.483186699641557, -21.612184923494457 ], [ -50.483113322081778, -21.612081798405917 ], [ -50.483075304495863, -21.612026646226585 ], [ -50.483150303923992, -21.612124145589082 ], [ -50.483230100698961, -21.612228878976644 ], [ -50.483230508191916, -21.612229411256866 ], [ -50.483310101813842, -21.612332883083532 ], [ -50.483389700534353, -21.612438351510765 ], [ -50.483390507945124, -21.612439411174851 ], [ -50.483469565535472, -21.612542186160294 ], [ -50.48354665067594, -21.612646943014877 ], [ -50.483548629953432, -21.612649569798144 ], [ -50.483629098285107, -21.612753880717296 ], [ -50.48370457531653, -21.612854185836426 ], [ -50.483767787676207, -21.612812592930688 ], [ -50.483767498193487, -21.612812184505849 ], [ -50.48394596384653, -21.612708147223678 ], [ -50.483965301307386, -21.612734467672631 ], [ -50.484036018948885, -21.612832078058144 ], [ -50.484291980909639, -21.612669921839768 ], [ -50.484220980860513, -21.612571921892521 ], [ -50.484220413533862, -21.612571144286822 ], [ -50.484160328978341, -21.612489362640655 ], [ -50.484379845715452, -21.612346376999589 ], [ -50.484306845668925, -21.612248377053426 ], [ -50.484304697988598, -21.612245566091985 ], [ -50.484229789675872, -21.612149959536971 ], [ -50.484157845439775, -21.612053376977293 ], [ -50.484156981955415, -21.612052229690565 ], [ -50.484095920928524, -21.611971930361406 ], [ -50.484337182697516, -21.611793252093491 ], [ -50.48425418266433, -21.611695252152302 ], [ -50.484253701419007, -21.611694686843656 ], [ -50.484170701387313, -21.611597686902272 ], [ -50.484169985555297, -21.611596856624789 ], [ -50.484083985524705, -21.611497856685187 ], [ -50.484083068579437, -21.611496811162027 ], [ -50.48399885183985, -21.611401695875799 ], [ -50.48391561996489, -21.611304592116436 ], [ -50.483914568156813, -21.611303378502953 ], [ -50.483829568127845, -21.611206378562478 ], [ -50.483744568014131, -21.611109378525281 ], [ -50.483557911906246, -21.611252407555803 ], [ -50.483500411965679, -21.611174143829388 ], [ -50.483428618826395, -21.61107642550812 ], [ -50.483356824325384, -21.610977708189811 ], [ -50.483356139739811, -21.610976774764655 ], [ -50.483285139693564, -21.610880774817097 ], [ -50.483096660669183, -21.611002669978561 ], [ -50.483095511754918, -21.611001061499366 ], [ -50.483028444852117, -21.610902433831626 ], [ -50.482767555010156, -21.611057566062563 ], [ -50.482835554954313, -21.611157566113906 ], [ -50.482837454035234, -21.611160290700209 ], [ -50.482907169434341, -21.611257892381584 ], [ -50.482975887662192, -21.61135549230772 ], [ -50.482976453805222, -21.611356290623753 ], [ -50.483045683561677, -21.611453212405092 ], [ -50.483112934123255, -21.611551121439071 ], [ -50.4831136610889, -21.611552169823664 ], [ -50.483183661035604, -21.611652169876137 ], [ -50.483184453456715, -21.611653290507842 ], [ -50.483254453406282, -21.61175129056004 ], [ -50.483324252344104, -21.611849009195684 ], [ -50.483378225807989, -21.611925343205478 ], [ -50.483321491417868, -21.61185158856313 ], [ -50.483320839434732, -21.611850747378362 ], [ -50.483239229921246, -21.611746247508538 ], [ -50.483160615810704, -21.61164375074684 ], [ -50.483159839190293, -21.611642747297239 ], [ -50.483077839145452, -21.611537747356881 ], [ -50.483077421650613, -21.611537215314044 ], [ -50.482995478689276, -21.611433287770232 ], [ -50.482914535629682, -21.611330360289585 ], [ -50.482913996117347, -21.611329678443578 ], [ -50.482832209343606, -21.611226946388452 ], [ -50.482750478323759, -21.611123287647938 ], [ -50.482669687205387, -21.611020553376456 ], [ -50.482587838414346, -21.610915747114358 ], [ -50.482586995629688, -21.610914678281937 ], [ -50.482505751212969, -21.610812627480001 ], [ -50.482426490075468, -21.610709588117604 ], [ -50.48242583809251, -21.610708746933049 ], [ -50.482344228578498, -21.610604247062557 ], [ -50.482265614468304, -21.610501750301328 ], [ -50.482264837848085, -21.61050074685194 ], [ -50.482215705626523, -21.610437833711554 ], [ -50.482189749172647, -21.610433647122683 ], [ -50.482188482991688, -21.610433453674563 ], [ -50.482138239099527, -21.610426203814423 ], [ -50.481933162051455, -21.610566252990967 ], [ -50.482014424978317, -21.610670309294662 ], [ -50.481832835937098, -21.610784822315143 ], [ -50.481907107825265, -21.610887812795063 ], [ -50.481979398000057, -21.610991791947622 ], [ -50.481980685304762, -21.610993613304036 ], [ -50.482054685252308, -21.611096613359123 ], [ -50.482055224659867, -21.611097359128692 ], [ -50.482128561374296, -21.611198075008197 ], [ -50.482197992651891, -21.611301733110992 ], [ -50.48220068493859, -21.611305613182264 ], [ -50.482274033810633, -21.611407707010279 ], [ -50.482346397390188, -21.611511791745254 ], [ -50.482347684694467, -21.611513613101074 ], [ -50.482420489452217, -21.611614949580506 ], [ -50.482490343982334, -21.611718255713178 ], [ -50.482492145463283, -21.61172085769223 ], [ -50.482551734717887, -21.611804935801221 ], [ -50.482521059793164, -21.611763027837455 ], [ -50.48245154658607, -21.61166570946893 ], [ -50.482449561041506, -21.611662996994045 ], [ -50.482378359515643, -21.611568061738737 ], [ -50.482309137372575, -21.611472139743949 ], [ -50.482308824813842, -21.611471708306247 ], [ -50.482236824764563, -21.611372708359671 ], [ -50.482236719420023, -21.611372563699401 ], [ -50.482166719372465, -21.611276563751304 ], [ -50.482166564078824, -21.611276351184163 ], [ -50.482095564031134, -21.611179351236757 ], [ -50.482094990618236, -21.61117857330866 ], [ -50.482022990571842, -21.61108157336179 ], [ -50.482022264410205, -21.611080603563245 ], [ -50.481951920932538, -21.610987472871038 ], [ -50.481881563692845, -21.610891351124351 ], [ -50.481810563578925, -21.610794351086472 ], [ -50.481809990165992, -21.610793573158301 ], [ -50.481737990119598, -21.610696573211442 ], [ -50.481737263957939, -21.610695603412871 ], [ -50.481666629050814, -21.610602086884651 ], [ -50.481594989895193, -21.610505573136855 ], [ -50.481594120429513, -21.610504413934958 ], [ -50.481522120386018, -21.610409413987771 ], [ -50.481521534680958, -21.610408646500737 ], [ -50.481449270524493, -21.610314604213212 ], [ -50.481433978968255, -21.610294003113239 ], [ -50.481426995922547, -21.610293519349419 ], [ -50.481418726613768, -21.610293389171037 ], [ -50.481364231543942, -21.610295443048955 ], [ -50.481356276443243, -21.610296155398775 ], [ -50.481299865245255, -21.610304163244287 ], [ -50.481293986629645, -21.61030523184278 ], [ -50.481236796075862, -21.610317942166727 ], [ -50.481231250369824, -21.610319394679934 ], [ -50.481215163867077, -21.610324260560539 ], [ -50.481170273087301, -21.610353398455739 ], [ -50.481161368036787, -21.610341106987914 ], [ -50.48111248262714, -21.610358475712427 ], [ -50.481110292774261, -21.610359292118478 ], [ -50.481051816410741, -21.610382130674989 ], [ -50.481051402464232, -21.610382290243265 ], [ -50.480990320156153, -21.610405527161738 ], [ -50.48093215642421, -21.610427967450462 ], [ -50.480931567616061, -21.610428190394654 ], [ -50.480878667699933, -21.610447842634805 ], [ -50.480874994253554, -21.610449318303363 ], [ -50.480868010522101, -21.610452339822523 ], [ -50.480878070962873, -21.610465527172369 ], [ -50.480948021639513, -21.610562078928183 ], [ -50.480949010093184, -21.610563426800766 ], [ -50.481020798651052, -21.610660142056719 ], [ -50.481088047356593, -21.610751675132178 ], [ -50.481009169920249, -21.610647479131149 ], [ -50.481007837995008, -21.610645746924515 ], [ -50.480925837950146, -21.610540746984142 ], [ -50.480693156603479, -21.610699647116217 ], [ -50.480666523680689, -21.610663296800027 ], [ -50.480431206281452, -21.610814062252256 ], [ -50.480414555299525, -21.610790141138917 ], [ -50.480413623990117, -21.610788819092797 ], [ -50.48037465907349, -21.610734160042313 ], [ -50.480374257064135, -21.610734382178933 ], [ -50.480373115651993, -21.6107350262035 ], [ -50.480320244819502, -21.610765481613907 ], [ -50.480319690368326, -21.610765796215304 ], [ -50.480263381582631, -21.610797264751497 ], [ -50.480263067663721, -21.610797438685804 ], [ -50.480206415939229, -21.610828558200584 ], [ -50.480206036572447, -21.610828768045334 ], [ -50.480152937829892, -21.610858343550127 ], [ -50.480151650628898, -21.610859077580511 ], [ -50.480109628857576, -21.610883605052642 ], [ -50.480155906344557, -21.610948522164893 ], [ -50.480191478553174, -21.610999625988267 ], [ -50.479953589132506, -21.611156202121279 ], [ -50.480023365512508, -21.611248905134882 ], [ -50.480093143490699, -21.611342607102323 ], [ -50.48009328650619, -21.611342798821013 ], [ -50.480161286463243, -21.611433798871108 ], [ -50.480161588805863, -21.61143420201271 ], [ -50.480231365186029, -21.611526905026526 ], [ -50.48030114316407, -21.611620606993768 ], [ -50.480302043788193, -21.611621803446127 ], [ -50.480371206961152, -21.611712703722077 ], [ -50.480438392236685, -21.611804589577414 ], [ -50.480439588368768, -21.61180620186741 ], [ -50.480509065313079, -21.611898507059156 ], [ -50.480577471384372, -21.611991698051181 ], [ -50.480645391907807, -21.612084589468108 ], [ -50.480646588039811, -21.612086201758014 ], [ -50.480715984013152, -21.61217839937402 ], [ -50.480783391689307, -21.612270589395521 ], [ -50.480783550634108, -21.612270806352168 ], [ -50.480852470945223, -21.612364697904148 ], [ -50.480919662724645, -21.61245659265607 ], [ -50.480985951834263, -21.612550584796129 ], [ -50.48098695894015, -21.612551994721542 ], [ -50.481054958892877, -21.612645994772095 ], [ -50.48105539118437, -21.612646589161976 ], [ -50.481122662393538, -21.612738592545991 ], [ -50.481147359599049, -21.612773611033113 ], [ -50.481105957547307, -21.612719196953357 ], [ -50.481036185827342, -21.612627497084631 ], [ -50.480966412532496, -21.612534798386882 ], [ -50.480964748104299, -21.612532629892584 ], [ -50.480893122128386, -21.612441107914407 ], [ -50.480823725339597, -21.612350892191486 ], [ -50.480753957006669, -21.612259196773785 ], [ -50.480752747781111, -21.612257629785326 ], [ -50.480681590592297, -21.612166706812673 ], [ -50.480612411991807, -21.612074798207324 ], [ -50.480611956722861, -21.612074196614341 ], [ -50.480541956681094, -21.61198219666565 ], [ -50.480540269467042, -21.611980022246378 ], [ -50.480468815015584, -21.61188971185863 ], [ -50.480399113369401, -21.611799394335122 ], [ -50.480329857046449, -21.611706393096792 ], [ -50.480327269141583, -21.611703022138414 ], [ -50.480255814689791, -21.61161271175024 ], [ -50.48018588575291, -21.611522099709319 ], [ -50.480116411233695, -21.611429797955587 ], [ -50.480116264782666, -21.611429603724407 ], [ -50.480045337984123, -21.611335700748533 ], [ -50.47997541101396, -21.611242797882557 ], [ -50.479905634414841, -21.611150094795356 ], [ -50.479836233930662, -21.611056899970258 ], [ -50.479817896445248, -21.611031820792633 ], [ -50.479804785977123, -21.611037136086583 ], [ -50.479801458323912, -21.611038350584742 ], [ -50.479740293589394, -21.611058270148682 ], [ -50.479736886435987, -21.611059249537917 ], [ -50.479671845312133, -21.611075515592812 ], [ -50.479668016394548, -21.611076318883313 ], [ -50.479604580204878, -21.611087117686374 ], [ -50.479599637825594, -21.611087714709466 ], [ -50.479572726610229, -21.611089652793826 ], [ -50.47951339297596, -21.611127589750208 ], [ -50.479581392930122, -21.611220589800595 ], [ -50.479582143574454, -21.611221607056482 ], [ -50.479652143529783, -21.611315607108075 ], [ -50.479652588951829, -21.611316202053963 ], [ -50.479722588908608, -21.611409202105413 ], [ -50.479768318727004, -21.611469957523312 ], [ -50.479597788960838, -21.611584176258617 ], [ -50.479543298437463, -21.611508363438023 ], [ -50.479540214829328, -21.611504230665599 ], [ -50.479468214788739, -21.611411230718076 ], [ -50.479228364092926, -21.611573607302514 ], [ -50.479199630439744, -21.611532248291741 ], [ -50.479197878015938, -21.61152978154761 ], [ -50.479129041917638, -21.611435007325806 ], [ -50.479062926532279, -21.61134323533804 ], [ -50.478997630107763, -21.611249248181625 ], [ -50.478995877683694, -21.611246781437135 ], [ -50.478926877636269, -21.611151781488342 ], [ -50.478671122222153, -21.611314218409671 ], [ -50.478698309381286, -21.611351650069505 ], [ -50.478490102997959, -21.611483141726559 ], [ -50.478447869838163, -21.611426410667828 ], [ -50.478206179461019, -21.611583745350107 ], [ -50.478149677970187, -21.611502316825806 ], [ -50.477890321890868, -21.611659683069533 ], [ -50.477958321837839, -21.611757683120604 ], [ -50.477959053006501, -21.611758726969398 ], [ -50.478028684897424, -21.611857206483478 ], [ -50.478096321606792, -21.611954683043958 ], [ -50.478097052775354, -21.61195572689261 ], [ -50.478166684666228, -21.612054206406597 ], [ -50.478234321375758, -21.612151682967301 ], [ -50.478235452963624, -21.612153290254241 ], [ -50.478305168363292, -21.612250891936416 ], [ -50.478373886591307, -21.61234849186279 ], [ -50.478374861719509, -21.612349859827606 ], [ -50.478443880777206, -21.612445500641225 ], [ -50.478510933054928, -21.612543120996627 ], [ -50.478511320854061, -21.612543682725605 ], [ -50.478579320801039, -21.612641682776673 ], [ -50.478581858382746, -21.612645224393553 ], [ -50.478651767917924, -21.612739750076667 ], [ -50.478718716881787, -21.612835250925979 ], [ -50.478786716767992, -21.612932250888182 ], [ -50.478787861033936, -21.612933859599618 ], [ -50.478857780305283, -21.613030747852694 ], [ -50.478926699799722, -21.61312663596409 ], [ -50.478927705355169, -21.613128017677901 ], [ -50.478996693775308, -21.613221644933319 ], [ -50.479063716316197, -21.613317250738284 ], [ -50.479065705129671, -21.613320017602888 ], [ -50.479135705083543, -21.613415017654635 ], [ -50.479205114117462, -21.613509215743292 ], [ -50.479272534820794, -21.613603406548872 ], [ -50.479273704794885, -21.613605017491555 ], [ -50.47934370474875, -21.613700017543326 ], [ -50.479381161523378, -21.613750851817539 ], [ -50.479366931204069, -21.613732161259406 ], [ -50.479365946238033, -21.613730882386388 ], [ -50.479300330798516, -21.613646659678945 ], [ -50.479236656904426, -21.613559475528817 ], [ -50.4792355631904, -21.613557997790767 ], [ -50.479169880818624, -21.6134704213984 ], [ -50.479105195194961, -21.613382847120366 ], [ -50.47910440669763, -21.613381789730393 ], [ -50.4790378033629, -21.613293316747917 ], [ -50.478973194986992, -21.613205847051272 ], [ -50.478973031581958, -21.613205626264886 ], [ -50.478907113290845, -21.613116736554286 ], [ -50.478842194779041, -21.613028846982143 ], [ -50.47884187164351, -21.613028411217961 ], [ -50.478774871600699, -21.612938411267361 ], [ -50.478773930206323, -21.612937160865449 ], [ -50.478707247847581, -21.612849578167218 ], [ -50.478641946719875, -21.612762510099454 ], [ -50.478575326316331, -21.6126720257794 ], [ -50.478574871224012, -21.612671411078573 ], [ -50.478507871181208, -21.612581411127973 ], [ -50.478507562042374, -21.612580997409182 ], [ -50.478441716893855, -21.612493203981249 ], [ -50.478374870972054, -21.612403411058466 ], [ -50.478374252730909, -21.612402586723011 ], [ -50.478306563280768, -21.612312997849561 ], [ -50.478239870760547, -21.612223410988186 ], [ -50.478239252519387, -21.612222586652706 ], [ -50.478171563069253, -21.612132997779284 ], [ -50.478104870549039, -21.61204341091792 ], [ -50.478038018566536, -21.611953609854229 ], [ -50.477970165929328, -21.611861809337299 ], [ -50.477969870272261, -21.611861410762291 ], [ -50.477903720227857, -21.611772552600097 ], [ -50.477839546521864, -21.61168270952345 ], [ -50.477839374010564, -21.61168246853148 ], [ -50.477773460287445, -21.611590588910826 ], [ -50.477708546307056, -21.611499709452094 ], [ -50.47770837379575, -21.611499468460114 ], [ -50.477642767502239, -21.611408017377482 ], [ -50.477632238490607, -21.611393046458147 ], [ -50.477600245901662, -21.611392202755276 ], [ -50.477593122154843, -21.611391518327945 ], [ -50.477547471405913, -21.611383901284928 ], [ -50.477540804403205, -21.611382323879933 ], [ -50.477496151632472, -21.611368530292136 ], [ -50.477490146942216, -21.611366247098715 ], [ -50.477485464295697, -21.61136411381408 ], [ -50.477392636674381, -21.611445286746687 ], [ -50.477385422035688, -21.611436715142315 ], [ -50.477379952825515, -21.611440078678502 ], [ -50.477357546195144, -21.611408709419759 ], [ -50.477356487719376, -21.611407246974181 ], [ -50.477290798058867, -21.61131767027322 ], [ -50.477226326388795, -21.611228401917174 ], [ -50.477161545877003, -21.611137709314107 ], [ -50.477161105008491, -21.611137095503171 ], [ -50.477096104963074, -21.611047095551488 ], [ -50.477031104857403, -21.610957095516365 ], [ -50.477030769198834, -21.61095663269127 ], [ -50.476963937399823, -21.610864863766167 ], [ -50.476899104643699, -21.610775095445355 ], [ -50.476834104538021, -21.610685095410236 ], [ -50.47678013916623, -21.610610374218528 ], [ -50.476758651499097, -21.610601696939401 ], [ -50.476522680013915, -21.610750725066424 ], [ -50.476520229792939, -21.610747547437583 ], [ -50.476458050703563, -21.610663655114838 ], [ -50.476457727355843, -21.610663220554049 ], [ -50.476395889356269, -21.610580437523645 ], [ -50.47633305050617, -21.610495655049235 ], [ -50.476122499738239, -21.610632118726329 ], [ -50.476116901606204, -21.610624210258813 ], [ -50.476115823722267, -21.610622708042484 ], [ -50.476051823678425, -21.610534708089968 ], [ -50.475992761195435, -21.6104536223412 ], [ -50.47598561879169, -21.610444591822841 ], [ -50.47597961878941, -21.610437591827068 ], [ -50.475738381061383, -21.610618408081461 ], [ -50.475740622127915, -21.610621022661757 ], [ -50.475796207381727, -21.610697334710711 ], [ -50.47585963216887, -21.610784543900312 ], [ -50.475922098207121, -21.610872789684755 ], [ -50.475924280096081, -21.610875789556793 ], [ -50.475989042975023, -21.610962472282079 ], [ -50.476053807673651, -21.611050153825214 ], [ -50.476118575902547, -21.611137840148242 ], [ -50.476183345963108, -21.611226525415862 ], [ -50.476183469390861, -21.611226694160685 ], [ -50.476246469348624, -21.611312694207328 ], [ -50.476248071705768, -21.611314839640194 ], [ -50.476313873790595, -21.611401266359895 ], [ -50.476376721248258, -21.611488663713143 ], [ -50.476378279373549, -21.611490789316594 ], [ -50.476443279332464, -21.611577789364464 ], [ -50.476443439142187, -21.611578002853612 ], [ -50.47650912136978, -21.611665579260382 ], [ -50.476573806847767, -21.611753153550751 ], [ -50.476574279064522, -21.611753789213914 ], [ -50.476639041943884, -21.611840471939765 ], [ -50.476703806642163, -21.61192815348242 ], [ -50.4767688065388, -21.612016153448078 ], [ -50.476769278755512, -21.612016789111191 ], [ -50.476833808201711, -21.612103159395591 ], [ -50.476898344829529, -21.612191525039293 ], [ -50.476898806271159, -21.612192153296952 ], [ -50.476963806228625, -21.612280153345001 ], [ -50.476964761794427, -21.612281432221025 ], [ -50.477029044966123, -21.612366483901752 ], [ -50.477093344520561, -21.612454524936666 ], [ -50.477094761588795, -21.612456432152658 ], [ -50.47715904476064, -21.612541483833603 ], [ -50.477223344314972, -21.612629524868371 ], [ -50.477224278034093, -21.612630788871396 ], [ -50.477289277993009, -21.61271778891928 ], [ -50.477289761280929, -21.612718432050336 ], [ -50.477354279706262, -21.612803794989883 ], [ -50.477418399724307, -21.612890603733799 ], [ -50.477480999338589, -21.61297705092624 ], [ -50.477482277625185, -21.612978788735461 ], [ -50.47754695620187, -21.613065358625381 ], [ -50.477610638126045, -21.613151926345193 ], [ -50.477610805143264, -21.613152152922158 ], [ -50.477675635589684, -21.613239923478183 ], [ -50.477738466983773, -21.613325693421633 ], [ -50.477738637861826, -21.613325926195955 ], [ -50.477802316577808, -21.613412489555238 ], [ -50.477864769238238, -21.613498733811465 ], [ -50.477927541504322, -21.613586415816311 ], [ -50.477927998563651, -21.613587050607464 ], [ -50.477990998519964, -21.613674050654279 ], [ -50.477992113227771, -21.613675569087178 ], [ -50.478055550600061, -21.613760813158052 ], [ -50.478117998316769, -21.613847050586756 ], [ -50.478118637248635, -21.613847925992047 ], [ -50.478182551585085, -21.613934809648068 ], [ -50.47824523118706, -21.614020372383298 ], [ -50.478307998011395, -21.614107050485298 ], [ -50.478308945305812, -21.614108343499911 ], [ -50.478371790661505, -21.614193134954302 ], [ -50.478435551180759, -21.614279809514677 ], [ -50.478498465762129, -21.614365693015561 ], [ -50.478499112415903, -21.614366568817207 ], [ -50.478562787263961, -21.614452131996313 ], [ -50.47862546556005, -21.614537692948414 ], [ -50.478625944800577, -21.614538343331972 ], [ -50.478688467304721, -21.614622699192775 ], [ -50.478750997304267, -21.614709050250411 ], [ -50.478752599101888, -21.614711219391147 ], [ -50.478816026882399, -21.614795459511289 ], [ -50.478878465157081, -21.614880692814509 ], [ -50.478879111810791, -21.614881568616049 ], [ -50.478942786659047, -21.614967131795403 ], [ -50.479005464955009, -21.615052692747348 ], [ -50.479005944195464, -21.615053343130818 ], [ -50.479068944154683, -21.615138343177343 ], [ -50.47913178945182, -21.615223134552714 ], [ -50.479195635590834, -21.615309925502494 ], [ -50.479195943893494, -21.615310343030416 ], [ -50.479258943852685, -21.615395343076944 ], [ -50.479321943752822, -21.615480343043757 ], [ -50.479322111106939, -21.615480568382075 ], [ -50.479385548479655, -21.615565812453504 ], [ -50.479447996196527, -21.61565204988246 ], [ -50.479448289263686, -21.615652453128032 ], [ -50.479510142266129, -21.615737251702715 ], [ -50.479572995994495, -21.615824049815327 ], [ -50.479574110701591, -21.615825568247271 ], [ -50.479636890788278, -21.615909929090183 ], [ -50.479696719761563, -21.615995259045683 ], [ -50.47969735732039, -21.615996160977449 ], [ -50.479759357275412, -21.61608316102372 ], [ -50.479760463683867, -21.616084692264081 ], [ -50.479822905144609, -21.616169929917625 ], [ -50.47988403643253, -21.616255711026042 ], [ -50.479944719354329, -21.616342258910532 ], [ -50.479944907587907, -21.616342526727053 ], [ -50.480006907541494, -21.616430526773478 ], [ -50.480007356809708, -21.616431160807785 ], [ -50.48006935676473, -21.616518160854032 ], [ -50.480069816891202, -21.616518802790679 ], [ -50.480130814375507, -21.616603412310184 ], [ -50.480190846622342, -21.616691000457205 ], [ -50.480192356502151, -21.616693160705548 ], [ -50.480254130873632, -21.616779844207006 ], [ -50.480315590363894, -21.616867077143279 ], [ -50.480376179440178, -21.616954484448975 ], [ -50.480436081942791, -21.617041343191552 ], [ -50.480436906766428, -21.617042526454213 ], [ -50.480498906720022, -21.617130526500617 ], [ -50.480560812284729, -21.617218392575651 ], [ -50.48062159267235, -21.617305079469318 ], [ -50.480683371989009, -21.617393762796748 ], [ -50.48074427662138, -21.617481625331571 ], [ -50.48074535557484, -21.617483160397235 ], [ -50.480807129946527, -21.617569843898998 ], [ -50.480868906101534, -21.617657526295158 ], [ -50.481086848104994, -21.617523266391721 ], [ -50.481103917082336, -21.617546309527434 ], [ -50.481104771383173, -21.617547451042071 ], [ -50.481166771345428, -21.617629451087602 ], [ -50.481417019233021, -21.617464009394627 ], [ -50.481422672783268, -21.617471402504819 ], [ -50.481458903666159, -21.617426053146744 ], [ -50.481459571932596, -21.617425236255386 ], [ -50.481495732128728, -21.617382061381402 ], [ -50.48149723321783, -21.617380356635067 ], [ -50.481537180155016, -21.617337185164033 ], [ -50.481539255508999, -21.617335080896098 ], [ -50.481583748821208, -21.617292741839144 ], [ -50.481584333831485, -21.617292194608073 ], [ -50.481630933585869, -21.61724934451702 ], [ -50.48163180262204, -21.617248531736902 ], [ -50.48163211118014, -21.617248238215723 ], [ -50.481607802403062, -21.617216449863463 ], [ -50.481790037282266, -21.617100564645447 ], [ -50.481814497249964, -21.617078170312677 ], [ -50.481816212238066, -21.617076546358948 ], [ -50.481818733945119, -21.61707407666308 ], [ -50.48175937518684, -21.616992458470914 ], [ -50.481716959978684, -21.616932538663342 ], [ -50.481769136884324, -21.617002604862822 ], [ -50.482022862972677, -21.616837395036729 ], [ -50.481952920204868, -21.616743472002966 ], [ -50.482189403123961, -21.616587781207901 ], [ -50.482128283442904, -21.616506606729143 ], [ -50.48236556649222, -21.616350998871734 ], [ -50.48236398903331, -21.61634889559711 ], [ -50.482571111005598, -21.61621809746682 ], [ -50.48250611096018, -21.616128097515158 ], [ -50.482503933976076, -21.616125162095209 ], [ -50.482437408105667, -21.616037784933816 ], [ -50.482371499292746, -21.615949250812825 ], [ -50.48230711064538, -21.6158600974106 ], [ -50.482305565916768, -21.615857998673729 ], [ -50.482240348066917, -21.61577104164364 ], [ -50.482176110436299, -21.615682097341157 ], [ -50.4821111103306, -21.615592097306017 ], [ -50.482109874677732, -21.615590412203179 ], [ -50.482043498766544, -21.61550125063793 ], [ -50.481979110119184, -21.615412097235762 ], [ -50.48197849245237, -21.615411248518658 ], [ -50.481912802791406, -21.615321671817068 ], [ -50.481848109907794, -21.615232097165514 ], [ -50.481846874254792, -21.615230412062484 ], [ -50.481780946680018, -21.615141852739963 ], [ -50.481716981373701, -21.615051317343465 ], [ -50.481716109633787, -21.615050097011022 ], [ -50.481651109588384, -21.614960097059353 ], [ -50.481650328964818, -21.614959026571736 ], [ -50.481583721735397, -21.61486856014568 ], [ -50.481519109375803, -21.614779096988702 ], [ -50.481518773717646, -21.614778634164193 ], [ -50.481452383587559, -21.614687471709559 ], [ -50.4813879808396, -21.614596317166153 ], [ -50.481386939475755, -21.614594862465225 ], [ -50.481321464760583, -21.614504586833061 ], [ -50.481256980624806, -21.614413317094819 ], [ -50.481255773286669, -21.614411634020819 ], [ -50.481189383156519, -21.614320471566128 ], [ -50.48112498040885, -21.614229317023117 ], [ -50.481123939044807, -21.614227862321915 ], [ -50.481058464329614, -21.614137586689711 ], [ -50.480993980194064, -21.614046316951804 ], [ -50.480992327890142, -21.614044026214199 ], [ -50.480926165641769, -21.613954164165111 ], [ -50.480861979979267, -21.613863316880501 ], [ -50.48086163341663, -21.613862828516861 ], [ -50.480794633368056, -21.613768828566851 ], [ -50.48072954888967, -21.613677710285383 ], [ -50.480729376378513, -21.613677469293609 ], [ -50.480663376331528, -21.613585469342777 ], [ -50.480662327349904, -21.61358402603447 ], [ -50.480595987401642, -21.613493922631907 ], [ -50.480529806685524, -21.613401072191134 ], [ -50.480464979329057, -21.613309316664594 ], [ -50.480463327024587, -21.613307025926247 ], [ -50.480397074850835, -21.61321704173973 ], [ -50.480331804031216, -21.613125069336629 ], [ -50.480330771774163, -21.613123633517802 ], [ -50.480264810176031, -21.613033059494853 ], [ -50.480200811884885, -21.612940508239799 ], [ -50.480199206718446, -21.612938234216188 ], [ -50.480132506707683, -21.612845650734236 ], [ -50.480066803594603, -21.612753069191601 ], [ -50.480065771337379, -21.612751633372529 ], [ -50.480000019241373, -21.61266134702398 ], [ -50.479936214071799, -21.612568093436778 ], [ -50.479934206280568, -21.612565234070608 ], [ -50.479867718628029, -21.612472945354405 ], [ -50.479802221912813, -21.612379662272915 ], [ -50.47980120606104, -21.612378233997607 ], [ -50.479734506050569, -21.612285650516071 ], [ -50.479668925618192, -21.61219324184157 ], [ -50.479602047717989, -21.612098415088827 ], [ -50.479601205731164, -21.612097233887933 ], [ -50.479534543425387, -21.612004702742723 ], [ -50.479515337664978, -21.611977588777648 ], [ -50.479568412572675, -21.612049619082814 ], [ -50.479637121305217, -21.612144218178088 ], [ -50.479637706484759, -21.612145018077971 ], [ -50.479707115583629, -21.612239216254743 ], [ -50.479774536286691, -21.612333407059939 ], [ -50.47977539156927, -21.612334589271981 ], [ -50.479843391523438, -21.612427589322365 ], [ -50.479843706152359, -21.612428017967432 ], [ -50.479913412017261, -21.612522618898286 ], [ -50.479981826853091, -21.612616813352993 ], [ -50.48004953584288, -21.612711406912535 ], [ -50.48004995877082, -21.61271199464738 ], [ -50.48011795872354, -21.612805994697908 ], [ -50.480185958613163, -21.612899994661223 ], [ -50.480186549912673, -21.612900806094213 ], [ -50.480255038282216, -21.612994109203846 ], [ -50.480322535400269, -21.613088406765495 ], [ -50.480322793084419, -21.613088765603788 ], [ -50.480389793037276, -21.613181765653636 ], [ -50.480389958218929, -21.61318199446394 ], [ -50.480457958171655, -21.613275994514471 ], [ -50.48045839046295, -21.613276588904103 ], [ -50.480526254801497, -21.613369403480124 ], [ -50.48059511975508, -21.613464217662781 ], [ -50.480595390242144, -21.613464588830706 ], [ -50.480663089849642, -21.613557178112675 ], [ -50.480729792487729, -21.613649765471045 ], [ -50.480729957669347, -21.613649994281264 ], [ -50.480797957622066, -21.613743994331806 ], [ -50.480798987901288, -21.61374540060379 ], [ -50.480867687349814, -21.61383799562347 ], [ -50.480934873638134, -21.61392988286504 ], [ -50.481001366435798, -21.614023171384432 ], [ -50.481002389584418, -21.614024588612018 ], [ -50.481070308179, -21.614117477391162 ], [ -50.481137226993198, -21.614209366024362 ], [ -50.481137389367127, -21.614209588539751 ], [ -50.481204873201193, -21.614301882719722 ], [ -50.481271280129775, -21.614395050765996 ], [ -50.481337194470051, -21.614487930180978 ], [ -50.481337791440481, -21.614488765057509 ], [ -50.481404791393352, -21.614581765107356 ], [ -50.481405226492804, -21.614582365793069 ], [ -50.481471705725362, -21.614673650821537 ], [ -50.481537194143726, -21.614765930072586 ], [ -50.48153779111405, -21.614766764948971 ], [ -50.481603977025621, -21.614858635060386 ], [ -50.481668185853472, -21.614951491024204 ], [ -50.481669622103468, -21.614953530087927 ], [ -50.481735622056476, -21.615045530137095 ], [ -50.481735790786509, -21.615045764840055 ], [ -50.48180261958354, -21.615138527315278 ], [ -50.481866810272521, -21.615228394392986 ], [ -50.481931185419462, -21.615321490880284 ], [ -50.481932790460128, -21.615323764731507 ], [ -50.481999401721566, -21.615416225254208 ], [ -50.4820640181904, -21.615507682525948 ], [ -50.482064193212089, -21.615507929697642 ], [ -50.482130193163655, -21.615600929746954 ], [ -50.482130621342726, -21.615601529835025 ], [ -50.482196621295742, -21.615693529884183 ], [ -50.482197059214158, -21.615694136986651 ], [ -50.482262106456943, -21.615783823447739 ], [ -50.482326184768404, -21.615876490664412 ], [ -50.482328224969805, -21.615879365286379 ], [ -50.482394399072561, -21.615970231330461 ], [ -50.482458596338283, -21.616062082920497 ], [ -50.482460669716971, -21.616064972878245 ], [ -50.48252683181564, -21.616154834942311 ], [ -50.482591017324189, -21.616245682238262 ], [ -50.482591620585438, -21.616246529583279 ], [ -50.482657620538447, -21.616338529632444 ], [ -50.482657789268359, -21.61633876433525 ], [ -50.48269887051849, -21.616395787633714 ], [ -50.482706743801067, -21.616383283561397 ], [ -50.482708828836032, -21.616379733596798 ], [ -50.482736708320573, -21.616328708650606 ], [ -50.482737161078028, -21.616327865580462 ], [ -50.482765514037872, -21.616274140760407 ], [ -50.48276573998465, -21.616273718205619 ], [ -50.482790853247771, -21.616227360193136 ], [ -50.482792548205566, -21.616224494104497 ] ], [ [ -50.483007563668757, -21.613855997955255 ], [ -50.482932563551245, -21.613755997916218 ], [ -50.48285756343374, -21.613655997877157 ], [ -50.482857141859206, -21.613655438598368 ], [ -50.482782141813843, -21.613556438653411 ], [ -50.482781450523554, -21.613555533552709 ], [ -50.482705296022381, -21.613456631716421 ], [ -50.48263211938584, -21.613357744487203 ], [ -50.482631141507831, -21.61335643848161 ], [ -50.482556141462467, -21.613257438536632 ], [ -50.48255600650927, -21.613257260683039 ], [ -50.4824801429803, -21.613157440365704 ], [ -50.482406421085003, -21.613059808780353 ], [ -50.482331562615826, -21.612959997605355 ], [ -50.482330579061326, -21.612958701416257 ], [ -50.482255433262637, -21.612860814238438 ], [ -50.482183264756102, -21.612762941997037 ], [ -50.482110264639807, -21.612663941958367 ], [ -50.482110118501033, -21.612663744122514 ], [ -50.482036118452918, -21.612563744177184 ], [ -50.482035845926895, -21.612563377112686 ], [ -50.481963262954814, -21.612465937074482 ], [ -50.481890674308474, -21.612366500693312 ], [ -50.481817750057004, -21.612266604580253 ], [ -50.481746028407308, -21.612167987432791 ], [ -50.481674508619868, -21.612068654517969 ], [ -50.481603784812876, -21.611969043647704 ], [ -50.481602412786494, -21.611967144075336 ], [ -50.48153041273865, -21.611869144128615 ], [ -50.48153011756726, -21.61186874381195 ], [ -50.481456962833228, -21.611769886182532 ], [ -50.481386784463069, -21.611671043531569 ], [ -50.481386229157877, -21.611670266870181 ], [ -50.481314508034906, -21.611570654323263 ], [ -50.481243784228354, -21.611471043453598 ], [ -50.481243228923098, -21.611470266792132 ], [ -50.48117198562602, -21.611371317892004 ], [ -50.48110272250635, -21.611271381234353 ], [ -50.481101624560743, -21.6112698192766 ], [ -50.481049656575102, -21.611196919849771 ], [ -50.4810801018888, -21.611236879347892 ], [ -50.481081161285253, -21.611238252712802 ], [ -50.481162627162412, -21.611342568891938 ], [ -50.481242101641989, -21.611446879265948 ], [ -50.481322101518593, -21.61155187922494 ], [ -50.48140197248442, -21.611656709988523 ], [ -50.481479844045936, -21.61175954050314 ], [ -50.481480101198272, -21.611759879044147 ], [ -50.48155983505746, -21.611864529855186 ], [ -50.481638305042161, -21.611968825526642 ], [ -50.481715775128869, -21.612073112306028 ], [ -50.48179251135609, -21.61217775274228 ], [ -50.481793040969208, -21.612178470293131 ], [ -50.48187104091906, -21.61228347035069 ], [ -50.481948774759097, -21.61238811218335 ], [ -50.482025127575284, -21.612492229786234 ], [ -50.482101749029084, -21.612598703886189 ], [ -50.482101981382193, -21.612599025831955 ], [ -50.48217798132945, -21.612704025888426 ], [ -50.482179570195342, -21.612706178808274 ], [ -50.48225737701533, -21.612809593058625 ], [ -50.482332229743839, -21.612914977952741 ], [ -50.482333510416225, -21.612916752355666 ], [ -50.482410317404899, -21.613021489285487 ], [ -50.482486674063189, -21.613126603775449 ], [ -50.482562229370551, -21.613232977828773 ], [ -50.482563510042773, -21.613234752231449 ], [ -50.482640388468667, -21.613339586575698 ], [ -50.482718196202818, -21.613446322956623 ], [ -50.482794673564108, -21.613551603609498 ], [ -50.482870228871668, -21.613657977663074 ], [ -50.482870747713193, -21.613658703373499 ], [ -50.482947747658855, -21.613765703430797 ], [ -50.482948124814449, -21.613766225073807 ], [ -50.483024673188339, -21.613871603484515 ], [ -50.483100228496056, -21.613977977538323 ], [ -50.483102173802216, -21.613980650956304 ], [ -50.483180185035089, -21.614085324381399 ], [ -50.483218207199876, -21.614138855677226 ], [ -50.483157975616521, -21.614058546981244 ], [ -50.483083381814019, -21.613957099531795 ], [ -50.483082563715577, -21.613955997900064 ], [ -50.483007563668757, -21.613855997955255 ] ] ], [ [ [ -50.480606132474811, -21.607280138093458 ], [ -50.48053613236096, -21.607183138055625 ], [ -50.480535714523882, -21.607182562048656 ], [ -50.480465714476338, -21.607086562100559 ], [ -50.480210285381894, -21.607249437797755 ], [ -50.480248818451187, -21.607302283233473 ], [ -50.480206091492803, -21.607252982926518 ], [ -50.47996590835762, -21.607435016982798 ], [ -50.480043081058987, -21.607524062494495 ], [ -50.480119271226073, -21.607615094993626 ], [ -50.480196271118054, -21.607707094958048 ], [ -50.480196871019132, -21.607707807110749 ], [ -50.48027431813658, -21.607799155084599 ], [ -50.480350773315877, -21.60789149714909 ], [ -50.480352384107356, -21.607893409176068 ], [ -50.480429320043754, -21.607983167857814 ], [ -50.480505285448274, -21.608075904941114 ], [ -50.480506367455021, -21.608077210317099 ], [ -50.480583579012318, -21.608169270344845 ], [ -50.480659807287118, -21.608263318315345 ], [ -50.480660874053278, -21.608264619068809 ], [ -50.480738823319335, -21.608358558024502 ], [ -50.480814989346307, -21.608450550853945 ], [ -50.480890222850306, -21.608544592834686 ], [ -50.480891972813836, -21.608546738249203 ], [ -50.480970972779694, -21.608641738305518 ], [ -50.48121502707226, -21.60846426160105 ], [ -50.481136912727209, -21.608370326726305 ], [ -50.481061776965106, -21.608276407124215 ], [ -50.481060227193929, -21.608274502974137 ], [ -50.480983227160046, -21.608181503029098 ], [ -50.480983125832765, -21.608181380781989 ], [ -50.480905663125796, -21.608088028385467 ], [ -50.480829192529065, -21.607993681644892 ], [ -50.480827632429126, -21.607991789534587 ], [ -50.480750798900374, -21.607900180421169 ], [ -50.480962381713148, -21.607767483937259 ], [ -50.480891381662566, -21.607668483990146 ], [ -50.480889556370649, -21.607665995416866 ], [ -50.480818062165149, -21.607570669922179 ], [ -50.480784007463335, -21.607524144560127 ], [ -50.480917715391108, -21.607447339473964 ], [ -50.480850715331187, -21.607345339524922 ], [ -50.480849440625775, -21.607343432356906 ], [ -50.480781440569928, -21.607243432408211 ], [ -50.480640238574715, -21.607327399364483 ], [ -50.480606132474811, -21.607280138093458 ] ] ], [ [ [ -50.47683601527325, -21.609660648503677 ], [ -50.476991561435177, -21.609670326932637 ], [ -50.476993093911048, -21.609670407050814 ], [ -50.477073249961904, -21.609673801638287 ], [ -50.477111460978435, -21.609648158080198 ], [ -50.477133424440474, -21.609676350011483 ], [ -50.477233071882765, -21.609680570054199 ], [ -50.477238264265935, -21.609680615764052 ], [ -50.47731058535414, -21.609678827980673 ], [ -50.477311067491044, -21.609678818313885 ], [ -50.477334740660901, -21.609678454206719 ], [ -50.477336690844609, -21.609678461028548 ], [ -50.477389108731018, -21.609679634110915 ], [ -50.477465272083897, -21.609631740194388 ], [ -50.477503710784021, -21.609682434769368 ], [ -50.477589179106374, -21.609681632250734 ], [ -50.477720701463276, -21.609594425152057 ], [ -50.477736797224239, -21.60961676704374 ], [ -50.477739046158959, -21.609619804215615 ], [ -50.477789114985157, -21.609685609034575 ], [ -50.477844965005218, -21.609687905364282 ], [ -50.478060953738783, -21.609544195633966 ], [ -50.477992098917944, -21.609453700832173 ], [ -50.477926202587511, -21.609362232903639 ], [ -50.477925162959401, -21.60936080825417 ], [ -50.477857162915015, -21.6092688083044 ], [ -50.477857006825481, -21.609268597524412 ], [ -50.477788916700106, -21.609176823987621 ], [ -50.4777237992948, -21.609085067758755 ], [ -50.477722767035715, -21.609083631937082 ], [ -50.47765620053022, -21.608992227295445 ], [ -50.477589713465477, -21.608898947052801 ], [ -50.477523798967361, -21.608806067650001 ], [ -50.47752232174183, -21.608804024163828 ], [ -50.477456591252022, -21.608714748532783 ], [ -50.477392806825385, -21.60862250655806 ], [ -50.477392394976441, -21.608621914141878 ], [ -50.477327394926732, -21.608528914190604 ], [ -50.47732576638181, -21.608526631719592 ], [ -50.47725915709362, -21.608435168331592 ], [ -50.477194542634948, -21.608344708202399 ], [ -50.476937457224437, -21.608505291694648 ], [ -50.476990447660377, -21.608579478408288 ], [ -50.476790267445665, -21.608717161079664 ], [ -50.476747741231854, -21.608660241430943 ], [ -50.47670239008211, -21.608599470965412 ], [ -50.476693298815363, -21.608584085768427 ], [ -50.476423616260057, -21.608723441198322 ], [ -50.476394476641346, -21.608684887270819 ], [ -50.476329717309824, -21.608598209498535 ], [ -50.476076282547091, -21.608763790401202 ], [ -50.476141282506013, -21.608850790449072 ], [ -50.476141765794218, -21.608851433580512 ], [ -50.476206048965707, -21.608936485260966 ], [ -50.476270348519179, -21.60902452629453 ], [ -50.476271282239303, -21.609025790298922 ], [ -50.476281357458262, -21.609039275616311 ], [ -50.47611236903267, -21.609149321685404 ], [ -50.476081778628497, -21.609103929516834 ], [ -50.47608095120431, -21.609102715177581 ], [ -50.476019259945033, -21.609013163467509 ], [ -50.47595856513977, -21.608923613874513 ], [ -50.475957950993326, -21.608922715107592 ], [ -50.475895950944064, -21.608832715154225 ], [ -50.475636048917458, -21.608989284740691 ], [ -50.475697740022696, -21.609078836462974 ], [ -50.475758434672208, -21.609168386065551 ], [ -50.475759048706472, -21.609169284670699 ], [ -50.475820631711919, -21.609258679473822 ], [ -50.475882221182275, -21.60935007042373 ], [ -50.475883048493159, -21.609351284599935 ], [ -50.475944325567312, -21.609440235308977 ], [ -50.475954281312234, -21.609455250551409 ], [ -50.476170446765714, -21.609484530492011 ], [ -50.476176339153028, -21.609485683043321 ], [ -50.476370162464896, -21.609535561583929 ], [ -50.476398940550602, -21.609542967341046 ], [ -50.476401890118844, -21.609543822106509 ], [ -50.476602312136592, -21.609608537632599 ], [ -50.476607639114505, -21.609610046183885 ], [ -50.476800755626186, -21.609657243704877 ], [ -50.476814257048659, -21.609659294658687 ], [ -50.47683601527325, -21.609660648503677 ] ] ], [ [ [ -50.475938996561418, -21.609433947644906 ], [ -50.475876136743878, -21.609347141337235 ], [ -50.475812364999562, -21.609258458865408 ], [ -50.475750090645271, -21.609171472575039 ], [ -50.47568971363895, -21.609084371432825 ], [ -50.475688634565039, -21.609082836199715 ], [ -50.475626634520061, -21.60899583624597 ], [ -50.475625821822831, -21.608994707399333 ], [ -50.475561821778996, -21.608906707446813 ], [ -50.475306178079379, -21.609069292451284 ], [ -50.475369768846576, -21.609156729863656 ], [ -50.475430820541824, -21.609242399285776 ], [ -50.475468953143, -21.609297410322725 ], [ -50.475549030555236, -21.609324300884854 ], [ -50.475553081402786, -21.609325858474712 ], [ -50.475590670255592, -21.609342212066984 ], [ -50.47567648034812, -21.60937954503212 ], [ -50.475731672442379, -21.609403557179245 ], [ -50.475744547390512, -21.609407829358762 ], [ -50.475916390067724, -21.609448262930936 ], [ -50.475938996561418, -21.609433947644906 ] ] ], [ [ [ -50.477747710225266, -21.608581199987022 ], [ -50.477679936895683, -21.608490503432783 ], [ -50.477612161900105, -21.608398807960228 ], [ -50.477610629875471, -21.608396772901667 ], [ -50.477541629835301, -21.608306772952098 ], [ -50.477290370020299, -21.608475226949242 ], [ -50.477358594601483, -21.608564215635845 ], [ -50.477425837912989, -21.608655191989104 ], [ -50.47742628967459, -21.608655799862674 ], [ -50.477493919994501, -21.608746305251078 ], [ -50.477562554740615, -21.608839807771538 ], [ -50.47756404706594, -21.608841804524133 ], [ -50.477633210238828, -21.608932704799965 ], [ -50.477700395513921, -21.60902459065472 ], [ -50.477701591646564, -21.609026202945458 ], [ -50.477770766349884, -21.609118106588308 ], [ -50.477837962938906, -21.609210996104441 ], [ -50.477839591426893, -21.609213202872425 ], [ -50.477908987400049, -21.609305400488172 ], [ -50.477976395075842, -21.609397590509165 ], [ -50.477977737592148, -21.60939939694234 ], [ -50.478048440171797, -21.609493003283944 ], [ -50.478117548172591, -21.609585805566933 ], [ -50.4781849623893, -21.609678995921918 ], [ -50.478441037469352, -21.609517003975871 ], [ -50.478402492792441, -21.609463721712171 ], [ -50.478629924522082, -21.609350074460444 ], [ -50.478644704166307, -21.609370637456362 ], [ -50.478645395030881, -21.609371590440404 ], [ -50.478713371435788, -21.609464558283683 ], [ -50.478778347860484, -21.60955352611197 ], [ -50.478842173947982, -21.60951276306869 ], [ -50.478839504543089, -21.60950838586276 ], [ -50.47904399325548, -21.60941897607098 ], [ -50.479051028547673, -21.609428450268435 ], [ -50.479052554308112, -21.609430467927378 ], [ -50.479129554263935, -21.609530467983593 ], [ -50.479363494889348, -21.609372945589183 ], [ -50.479374456220626, -21.609388291460768 ], [ -50.479375226690706, -21.609389359779357 ], [ -50.479449955623814, -21.609491987639899 ], [ -50.479523687041024, -21.60959461392903 ], [ -50.479539093048388, -21.60961273370263 ], [ -50.479540093048257, -21.609613733703295 ], [ -50.479709367518304, -21.609465708235284 ], [ -50.479716156426633, -21.609473692997003 ], [ -50.47972496698609, -21.609468157659322 ], [ -50.479769058740374, -21.609527491053452 ], [ -50.479770471765825, -21.609529360760625 ], [ -50.479853411447372, -21.609637282396939 ], [ -50.479935351240883, -21.609744203956964 ], [ -50.480186648614712, -21.609575795944348 ], [ -50.480104648566922, -21.609468796004315 ], [ -50.480104528137559, -21.609468639080248 ], [ -50.480022242520356, -21.609361568761386 ], [ -50.479941941064794, -21.609253508905731 ], [ -50.479940012878856, -21.609250972876072 ], [ -50.479856531954844, -21.609143640380438 ], [ -50.479775495019432, -21.609036908930367 ], [ -50.479694940682919, -21.608928508778874 ], [ -50.479694042639125, -21.608927313238652 ], [ -50.479612042589878, -21.608819313298785 ], [ -50.47953049463738, -21.60871190880323 ], [ -50.479450006489365, -21.608603597720172 ], [ -50.47937007248116, -21.608495686938014 ], [ -50.479368647343428, -21.608493795521976 ], [ -50.479287367880133, -21.608387735856606 ], [ -50.479208261756192, -21.608280942716306 ], [ -50.479128450051647, -21.608172199400158 ], [ -50.479128072025588, -21.608171686710303 ], [ -50.479048071973715, -21.60806368676937 ], [ -50.479047686785833, -21.608063169181321 ], [ -50.478967879857827, -21.607956427541382 ], [ -50.478888071721173, -21.607848686685433 ], [ -50.478808400557682, -21.607741130743676 ], [ -50.478730725909536, -21.607634577189337 ], [ -50.478547726258427, -21.607751235887569 ], [ -50.47850984028419, -21.607700375304734 ], [ -50.478508704768402, -21.607698871423946 ], [ -50.478433704724495, -21.607600871478798 ], [ -50.478182295131198, -21.607769128422447 ], [ -50.478192379375017, -21.60778230519233 ], [ -50.477947457865874, -21.60793529192944 ], [ -50.478001347049016, -21.608010736894506 ], [ -50.477803141676333, -21.608138849005737 ], [ -50.47777676595971, -21.608102631631155 ], [ -50.477775247721972, -21.608100585012931 ], [ -50.477707788920647, -21.608011301409839 ], [ -50.477641320780947, -21.607921023895475 ], [ -50.477640247509328, -21.607919584942252 ], [ -50.47757224746784, -21.607829584992171 ], [ -50.477319752388489, -21.607996414908275 ], [ -50.477387211043045, -21.608085698526168 ], [ -50.477453679032507, -21.608175976052934 ], [ -50.477454752175859, -21.608177414837591 ], [ -50.477521983588211, -21.608266397693647 ], [ -50.477588233852899, -21.608357368316732 ], [ -50.477588838191437, -21.608358192023243 ], [ -50.477656313788813, -21.608449482647334 ], [ -50.477722798472712, -21.608541767471628 ], [ -50.477788984319183, -21.608633637492641 ], [ -50.477827761774954, -21.608689715749108 ], [ -50.477816707949863, -21.608675187872134 ], [ -50.477748445071263, -21.608582192178211 ], [ -50.477747710225266, -21.608581199987022 ] ] ], [ [ [ -50.480584710033298, -21.609170193432607 ], [ -50.48051529000913, -21.609075980655426 ], [ -50.480514118749305, -21.609074413376618 ], [ -50.480442488424607, -21.608979901252667 ], [ -50.480373451099233, -21.608887194097441 ], [ -50.480306036725779, -21.608794003754287 ], [ -50.480305716390731, -21.608793562693211 ], [ -50.480235716343195, -21.608697562745103 ], [ -50.480234407993152, -21.608695796775365 ], [ -50.480165451211839, -21.608604182874224 ], [ -50.480098459384642, -21.608510591466789 ], [ -50.479902114994452, -21.608633492215212 ], [ -50.479900976208839, -21.608631920370946 ], [ -50.479900408881555, -21.608631142764377 ], [ -50.479872380616371, -21.608592993246468 ], [ -50.480065288343404, -21.608468159214851 ], [ -50.480134105250414, -21.608552460006241 ], [ -50.480211111428474, -21.608651185984716 ], [ -50.480212222661024, -21.608652592689332 ], [ -50.480291662377461, -21.608751892442697 ], [ -50.480369111193404, -21.608851185906772 ], [ -50.480370777340973, -21.608853281957749 ], [ -50.480450904024551, -21.60895220389531 ], [ -50.480524052431015, -21.609046110737516 ], [ -50.480525222233531, -21.609047592581373 ], [ -50.480529222231517, -21.60905259258427 ], [ -50.480698515072973, -21.608934158466457 ], [ -50.480728030165906, -21.608972783178263 ], [ -50.480808636388957, -21.60907926312748 ], [ -50.480886441915047, -21.609183003950704 ], [ -50.480949720975431, -21.609141501987864 ], [ -50.480940711189, -21.609124363074304 ], [ -50.481161578355483, -21.609059982028107 ], [ -50.481160578352679, -21.609056982028921 ], [ -50.48113955794166, -21.609016995949325 ], [ -50.481061557892971, -21.608912996006694 ], [ -50.481061167828678, -21.608912478336876 ], [ -50.480980167779578, -21.608805478396306 ], [ -50.480979770361081, -21.608804955872841 ], [ -50.48089923227095, -21.60869956046896 ], [ -50.48081968750774, -21.608593169473242 ], [ -50.48081929499844, -21.608592646953554 ], [ -50.480739491745368, -21.60848690776681 ], [ -50.480659687257528, -21.608380169390081 ], [ -50.480659424722383, -21.608379819352891 ], [ -50.480580818290669, -21.608275342572799 ], [ -50.480502206889234, -21.608168869029818 ], [ -50.480501424473339, -21.608167819270101 ], [ -50.48042255589322, -21.608062994065005 ], [ -50.480342686759421, -21.607956169224526 ], [ -50.480342556695184, -21.607955995535054 ], [ -50.480264952721924, -21.607852523692852 ], [ -50.480187343690091, -21.607747055135221 ], [ -50.480186423977621, -21.607745819105315 ], [ -50.480107423928793, -21.607640819163382 ], [ -50.479895702225647, -21.607780121704419 ], [ -50.479826547367203, -21.607694121515699 ], [ -50.47982619208895, -21.607693681445227 ], [ -50.479749370064589, -21.607598901126295 ], [ -50.479671547141614, -21.607502121441048 ], [ -50.479465600257392, -21.607646943527921 ], [ -50.479404840143047, -21.607565375240689 ], [ -50.479212034735852, -21.607690970263523 ], [ -50.479187986545867, -21.607658572028534 ], [ -50.478934013311402, -21.60782342787083 ], [ -50.479005861959863, -21.607920224082211 ], [ -50.47907571135763, -21.608015019807411 ], [ -50.479076443231676, -21.608016004301444 ], [ -50.479147644599998, -21.608110939571695 ], [ -50.479216866580614, -21.608206861576861 ], [ -50.479217439514208, -21.608207649881962 ], [ -50.479287944322628, -21.608303973470115 ], [ -50.479357457364443, -21.608401291850054 ], [ -50.479359012630233, -21.60840342764433 ], [ -50.47943080118835, -21.608500142900649 ], [ -50.479502100243451, -21.608597188954302 ], [ -50.479572617275551, -21.608695515642204 ], [ -50.479573591024092, -21.608696857081096 ], [ -50.47964530595933, -21.6087944691945 ], [ -50.479715898570788, -21.608891907003258 ], [ -50.479787774022547, -21.60899173414327 ], [ -50.479788178085812, -21.608992292527262 ], [ -50.479859975241183, -21.609091013736979 ], [ -50.479931773788955, -21.609190734065642 ], [ -50.479932023183657, -21.60919107937201 ], [ -50.480003023134508, -21.609289079424741 ], [ -50.480004157886924, -21.609290624046285 ], [ -50.48007645765712, -21.609387684127697 ], [ -50.480147773441438, -21.609486733950185 ], [ -50.480349443075177, -21.6093597587167 ], [ -50.480403880883649, -21.609431586449826 ], [ -50.480656118972526, -21.609264413450834 ], [ -50.480584710033298, -21.609170193432607 ] ] ] ] } }
]
}
