{
"type": "FeatureCollection",
"name": "301728_FAZENDA_SAO_PEDRO_02-04-2026_30-06-2026_14h45m",
"crs": { "type": "name", "properties": { "name": "urn:ogc:def:crs:OGC:1.3:CRS84" } },
"features": [
{ "type": "Feature", "properties": { "CHAVE": "3017284", "FAZENDA": "301728", "NOME_FAZ": "FAZENDA SAO PEDRO", "ZONA": 1.0, "TALHAO": 4.0, "AREA_TOTAL": 10.064226159402777, "TIPO_GEO": "TALHAO", "DATA_INICI": null, "DATA_FINAL": null, "HORA_INICI": null, "HORA_FINAL": null, "CLASSE": null, "PILOTO": null, "AERONAVE": null, "AREA_HA": null }, "geometry": { "type": "Polygon", "coordinates": [ [ [ -50.289964027223803, -21.89054284086999 ], [ -50.289971161530701, -21.890569299958301 ], [ -50.289978185056398, -21.890595431157998 ], [ -50.289985656154201, -21.890621265320604 ], [ -50.289993695619003, -21.890647004240702 ], [ -50.290002147629998, -21.890672884242289 ], [ -50.290010456740603, -21.890698984538997 ], [ -50.290018615271201, -21.890725275125799 ], [ -50.290026114192301, -21.890751683929196 ], [ -50.290033536288398, -21.89077797154059 ], [ -50.290040774089199, -21.890804436466805 ], [ -50.290047564413598, -21.890830990441586 ], [ -50.290054060046899, -21.890857111987295 ], [ -50.2900616010539, -21.890882964722692 ], [ -50.290069132822403, -21.890909155861891 ], [ -50.290076682268598, -21.890935312200607 ], [ -50.290084285099397, -21.890961496686305 ], [ -50.2900917735913, -21.890987749525795 ], [ -50.290099176841501, -21.891013994637792 ], [ -50.290106569311199, -21.891040345526598 ], [ -50.290113558657808, -21.891066741033399 ], [ -50.290120602827301, -21.891092887115104 ], [ -50.290128011717997, -21.891119089880206 ], [ -50.2901351201876, -21.891145447109597 ], [ -50.2901422466688, -21.891171557779192 ], [ -50.29014976818241, -21.891197522447996 ], [ -50.2901575200842, -21.8912234494248 ], [ -50.290165705345103, -21.891249572695997 ], [ -50.290173237105101, -21.891276063571603 ], [ -50.2901804835859, -21.891302479943398 ], [ -50.290187371642901, -21.891328637765898 ], [ -50.2901950256731, -21.891354548218892 ], [ -50.290202690279301, -21.891380812812105 ], [ -50.290210139210302, -21.891407390915099 ], [ -50.2902166456266, -21.891433938413098 ], [ -50.290223572934501, -21.891460207096703 ], [ -50.290230187406301, -21.891486531076797 ], [ -50.290237247705598, -21.891512512702803 ], [ -50.290244742698803, -21.891538461644295 ], [ -50.290252569062197, -21.891564500784895 ], [ -50.290260321688301, -21.891590671333983 ], [ -50.290268023083897, -21.891616851544988 ], [ -50.290275632031701, -21.891643063986994 ], [ -50.290283189884704, -21.891669383560707 ], [ -50.2902903581573, -21.891695770847793 ], [ -50.290297501270103, -21.891722050276496 ], [ -50.290304611612399, -21.891748325904292 ], [ -50.2903117605304, -21.891774607022899 ], [ -50.290318842630597, -21.891800932459901 ], [ -50.2903258867807, -21.891827320618592 ], [ -50.290332683068698, -21.891853729277408 ], [ -50.290339508418199, -21.891880008849895 ], [ -50.290346480077403, -21.891906310573404 ], [ -50.290353358481397, -21.891932697641185 ], [ -50.290360181843504, -21.891959121994702 ], [ -50.290366815216601, -21.891985570931801 ], [ -50.290373446603297, -21.89201202755719 ], [ -50.290379897629798, -21.892038678571506 ], [ -50.2903858406073, -21.8920653366417 ], [ -50.290391812075597, -21.892091723526399 ], [ -50.290398108609999, -21.892118017829187 ], [ -50.290404587109101, -21.892144344211893 ], [ -50.290411185735209, -21.892170659736792 ], [ -50.290417853321998, -21.892196755128001 ], [ -50.290425240985698, -21.89222263726549 ], [ -50.290432931372301, -21.892248653922199 ], [ -50.290440734273702, -21.892274669439594 ], [ -50.290448622536807, -21.892300392391302 ], [ -50.290457409987702, -21.892325882085789 ], [ -50.290466380603398, -21.892351592728502 ], [ -50.290475478019403, -21.892377364825883 ], [ -50.290484337511202, -21.892403070533295 ], [ -50.290493664215902, -21.892428547864501 ], [ -50.290503056028598, -21.892454128795997 ], [ -50.290512665097097, -21.892479737990701 ], [ -50.2905220939641, -21.8925057173388 ], [ -50.290530762741298, -21.89253181478059 ], [ -50.290539330967299, -21.892557470391299 ], [ -50.290548551953101, -21.8925829322989 ], [ -50.290557981886998, -21.892608933186295 ], [ -50.290566407247802, -21.892635495656897 ], [ -50.290573905137002, -21.892661833343794 ], [ -50.290581635521001, -21.892687777168906 ], [ -50.290589556358498, -21.892713587283396 ], [ -50.29059797483, -21.892739043057894 ], [ -50.2906071956332, -21.892764171842597 ], [ -50.290617251495803, -21.892789202406387 ], [ -50.290627639112898, -21.892814129414091 ], [ -50.290638577659301, -21.892838405312897 ], [ -50.290650929962197, -21.892861938253496 ], [ -50.290664493384703, -21.892885300715598 ], [ -50.2906785100324, -21.892908455349406 ], [ -50.290693450358098, -21.892931063865696 ], [ -50.290709020809302, -21.8929535469602 ], [ -50.290725091438198, -21.892975979284476 ], [ -50.2907410749131, -21.892998415905993 ], [ -50.290757590883501, -21.893020614612492 ], [ -50.290773955517103, -21.893043171411197 ], [ -50.290790229518599, -21.893065778505907 ], [ -50.290806291154503, -21.893088635292603 ], [ -50.290822105258897, -21.893111871038794 ], [ -50.290828992345709, -21.893122764855505 ], [ -50.290877110736801, -21.893086970414792 ], [ -50.290899441232199, -21.893069984624098 ], [ -50.290921548255803, -21.893052716402192 ], [ -50.290943632698301, -21.893035154475086 ], [ -50.290965898227498, -21.893017668513203 ], [ -50.290988027903303, -21.893000256908493 ], [ -50.291010126647798, -21.892982583927491 ], [ -50.2910325101954, -21.892965202545398 ], [ -50.291054781484, -21.892947683437306 ], [ -50.291077289829403, -21.892930524428088 ], [ -50.291099430169702, -21.892913192141396 ], [ -50.291121724048203, -21.892895691129905 ], [ -50.291144276645902, -21.892878387588894 ], [ -50.291166756941998, -21.8928613085493 ], [ -50.291189048917097, -21.892844014851896 ], [ -50.291211401567097, -21.892826846636503 ], [ -50.291233532176797, -21.892809348164686 ], [ -50.291256000537103, -21.892791965789193 ], [ -50.2912786226603, -21.892774612249191 ], [ -50.291301646943701, -21.892757692391399 ], [ -50.291324725208, -21.892740967550001 ], [ -50.291347839400203, -21.892724619430304 ], [ -50.291370703449097, -21.892707918284103 ], [ -50.291393895602297, -21.892691500045999 ], [ -50.291416934344106, -21.892674919530105 ], [ -50.291440259261798, -21.8926585958238 ], [ -50.291463364153302, -21.892642370942088 ], [ -50.291486326652297, -21.892625869159001 ], [ -50.291509464184699, -21.892609415224893 ], [ -50.291532538617894, -21.892593026972389 ], [ -50.291555513303699, -21.892576513893403 ], [ -50.291578361444408, -21.892560141033904 ], [ -50.291600657525599, -21.892543300329184 ], [ -50.291623027381497, -21.892526013118491 ], [ -50.291645684257901, -21.892508914652012 ], [ -50.2916683354943, -21.892491769144009 ], [ -50.291691154334302, -21.892475009696799 ], [ -50.291713667014101, -21.8924579609847 ], [ -50.291736453194801, -21.892441056887797 ], [ -50.291759078610802, -21.892424173266395 ], [ -50.2917817478952, -21.8924071010365 ], [ -50.291804727300203, -21.892390275494989 ], [ -50.291827676342898, -21.892373596837295 ], [ -50.291850565148998, -21.892357003249895 ], [ -50.291873272756398, -21.892340299595602 ], [ -50.291895888530199, -21.892323455666396 ], [ -50.291918541904899, -21.892306417680683 ], [ -50.291941273298399, -21.892289680980507 ], [ -50.291963564873797, -21.892272608574505 ], [ -50.29198599927301, -21.892255376004893 ], [ -50.292008604930501, -21.892238121422103 ], [ -50.292031439936309, -21.892221176574292 ], [ -50.292054177240601, -21.892204278873795 ], [ -50.292077164306001, -21.892187339294694 ], [ -50.292100507126598, -21.892170891751 ], [ -50.292123764992901, -21.892154478963203 ], [ -50.292146937909102, -21.892138587098394 ], [ -50.292169373836401, -21.892121770490608 ], [ -50.292192242920301, -21.892105174984199 ], [ -50.29221458036281, -21.892088183546708 ], [ -50.292237191423901, -21.892071008159398 ], [ -50.2922566918892, -21.892056511629509 ], [ -50.292247597151409, -21.892044894423488 ], [ -50.292227668987898, -21.892018731370595 ], [ -50.292209705074399, -21.891991980490797 ], [ -50.292191731869103, -21.891965480905704 ], [ -50.292175180648698, -21.891938050664898 ], [ -50.292160915765798, -21.891908763694595 ], [ -50.292148567034303, -21.891879131229594 ], [ -50.292137002067001, -21.891849464828692 ], [ -50.2921261430713, -21.8918193580561 ], [ -50.292116767133308, -21.891788961596301 ], [ -50.292107360533407, -21.891759013177797 ], [ -50.292098894502701, -21.891728715546805 ], [ -50.2920906773222, -21.891698518023805 ], [ -50.292083118161301, -21.891668252115799 ], [ -50.292075933919399, -21.891638198235992 ], [ -50.292067838288602, -21.891608283052001 ], [ -50.292060232253, -21.891578164987997 ], [ -50.292052845744301, -21.89154789989589 ], [ -50.292045837568203, -21.891517534790793 ], [ -50.292038701993803, -21.891487187366195 ], [ -50.292031534094498, -21.891456940050293 ], [ -50.292023982157502, -21.8914265020992 ], [ -50.292017366589697, -21.891396017343695 ], [ -50.2920101609404, -21.891365865454492 ], [ -50.292003413911402, -21.8913354685073 ], [ -50.291997043528099, -21.89130462061549 ], [ -50.291991273751798, -21.891273794648701 ], [ -50.291985326491499, -21.891243554169499 ], [ -50.2919792425552, -21.891213276352595 ], [ -50.291973976093303, -21.891182869926201 ], [ -50.291969245710597, -21.891152486481609 ], [ -50.291964791943101, -21.89112217358749 ], [ -50.2919602561525, -21.891091778756802 ], [ -50.291955864588999, -21.891060893978505 ], [ -50.291951896455799, -21.8910299437097 ], [ -50.291947765504304, -21.890999009019001 ], [ -50.291943704511702, -21.890967786536802 ], [ -50.291939774830396, -21.890936619443703 ], [ -50.291935866991501, -21.890905257626695 ], [ -50.291932001556397, -21.890873913608498 ], [ -50.291927984206197, -21.8908427911399 ], [ -50.291924405338698, -21.8908115507611 ], [ -50.291921183657998, -21.890780552684991 ], [ -50.291917844889802, -21.890749958039699 ], [ -50.291913994676499, -21.890719469690488 ], [ -50.291910081564502, -21.890688914400595 ], [ -50.291906157153399, -21.890658227321499 ], [ -50.2919025605011, -21.890627355100385 ], [ -50.291899026496701, -21.890596279264393 ], [ -50.291895632373198, -21.890565459710601 ], [ -50.2918915403489, -21.890535266295508 ], [ -50.2918869317852, -21.890504984127002 ], [ -50.291882453329698, -21.89047453599029 ], [ -50.291877545182899, -21.890443882556795 ], [ -50.291873052864702, -21.890412995573492 ], [ -50.291869001775602, -21.890382153210098 ], [ -50.291865051875497, -21.89035124421239 ], [ -50.291860757327498, -21.890320772777105 ], [ -50.291855645878499, -21.8902903419627 ], [ -50.2918507692048, -21.890259495143695 ], [ -50.291846039377297, -21.890228833822796 ], [ -50.291841215488503, -21.890197684961105 ], [ -50.291836676777301, -21.890166566500305 ], [ -50.291832378723001, -21.890135877363598 ], [ -50.291827886358, -21.890105429305912 ], [ -50.291823286329603, -21.890075358321496 ], [ -50.2918174486285, -21.8900455307393 ], [ -50.291811891572301, -21.890015855119191 ], [ -50.291806060260498, -21.889986551846889 ], [ -50.291798953067797, -21.889957555428005 ], [ -50.291791190914601, -21.889928427179292 ], [ -50.2917835067624, -21.889899096144497 ], [ -50.2917759356015, -21.889869918711685 ], [ -50.291767395091597, -21.889841020546793 ], [ -50.291758350257602, -21.889812269223 ], [ -50.291748792274802, -21.889783874638695 ], [ -50.291738471063901, -21.889755597270995 ], [ -50.2917273107848, -21.889727244549892 ], [ -50.291716220717298, -21.889698925492294 ], [ -50.291704678686202, -21.88967088550989 ], [ -50.2916924973484, -21.889642965689486 ], [ -50.29167978550371, -21.889615084104001 ], [ -50.2916668880776, -21.889587184272905 ], [ -50.291653738690201, -21.889559697657305 ], [ -50.291639989086498, -21.88953234298819 ], [ -50.291625879504601, -21.889505330129094 ], [ -50.2916110667691, -21.889478356925693 ], [ -50.291595691393802, -21.889451284149406 ], [ -50.291580670102498, -21.889424117765397 ], [ -50.291565396200497, -21.889397131243701 ], [ -50.291549984228503, -21.889370187712096 ], [ -50.291534451285898, -21.889343345604491 ], [ -50.291518520069701, -21.889316746911305 ], [ -50.291502326380098, -21.889290332674207 ], [ -50.291485712735408, -21.889264204528793 ], [ -50.291468387651797, -21.889238863957015 ], [ -50.291449799066299, -21.889213759362402 ], [ -50.2914309069225, -21.889188077349292 ], [ -50.291412293908003, -21.889162501547801 ], [ -50.291393387220403, -21.889137100988499 ], [ -50.291374307397298, -21.889112208358597 ], [ -50.291354677200502, -21.8890875668048 ], [ -50.291334572934403, -21.8890629829163 ], [ -50.2913148076791, -21.889038107576695 ], [ -50.291294913620291, -21.889013505324197 ], [ -50.291275411595599, -21.888988578624801 ], [ -50.291256222922001, -21.888963606375501 ], [ -50.2912367060934, -21.888938857712894 ], [ -50.29121736612921, -21.888913625186202 ], [ -50.291198485476897, -21.888888364344705 ], [ -50.291179551192108, -21.888862994960611 ], [ -50.2911609596989, -21.888837142156405 ], [ -50.291142844500399, -21.888810837350899 ], [ -50.291125153039403, -21.888784101249389 ], [ -50.291107853256001, -21.888757038969594 ], [ -50.291091592006502, -21.888729643840797 ], [ -50.291075368911507, -21.888702281896691 ], [ -50.291060301353497, -21.888674560302704 ], [ -50.291045444317298, -21.888646303861101 ], [ -50.291030786862898, -21.888617898058605 ], [ -50.291015691069603, -21.888589974223795 ], [ -50.291000890310897, -21.888562083637304 ], [ -50.290986157196301, -21.888534564206402 ], [ -50.290971232609699, -21.888507190129388 ], [ -50.290956245486406, -21.888479282306996 ], [ -50.290941034351604, -21.888451332811595 ], [ -50.290925600665901, -21.888423593709291 ], [ -50.290909697201407, -21.888395886058795 ], [ -50.290894273748002, -21.888368320817104 ], [ -50.290878681020303, -21.888341176998786 ], [ -50.290862378284402, -21.888314468193293 ], [ -50.2908453838985, -21.888288329764496 ], [ -50.290827441384003, -21.888263136925605 ], [ -50.290808298311497, -21.888238236296591 ], [ -50.290788825363606, -21.888213088223512 ], [ -50.2907691798735, -21.888188013809597 ], [ -50.290748956797408, -21.888163375998904 ], [ -50.290727512470198, -21.888139654837193 ], [ -50.290705588573005, -21.888116623122897 ], [ -50.290682822299601, -21.888093985319401 ], [ -50.290659612326102, -21.888071522093401 ], [ -50.290636543892901, -21.888049264119612 ], [ -50.290613158997409, -21.888028029851004 ], [ -50.290589074886803, -21.888007492220293 ], [ -50.290563888708903, -21.887987504800893 ], [ -50.2905382235313, -21.8879676459077 ], [ -50.290512527212201, -21.887947828057591 ], [ -50.290486604249402, -21.887928628181399 ], [ -50.290460914679699, -21.887909582244905 ], [ -50.290434474288197, -21.8878909320924 ], [ -50.290408351221203, -21.8878714905435 ], [ -50.290382862192907, -21.887852415393493 ], [ -50.290357544620299, -21.88783318619161 ], [ -50.290332803594303, -21.887813433387688 ], [ -50.290308303554198, -21.8877941167536 ], [ -50.290283572265899, -21.887775288499096 ], [ -50.290258536546602, -21.887756684182794 ], [ -50.2902362281839, -21.887740046968094 ], [ -50.29021472984531, -21.887725261637797 ], [ -50.290193864253197, -21.887711178747299 ], [ -50.290183916952309, -21.887709917521093 ], [ -50.290155042557103, -21.887706481198794 ], [ -50.290126281636901, -21.887702639398988 ], [ -50.290097542973101, -21.887699174640993 ], [ -50.290068697656302, -21.887695496023102 ], [ -50.2900399015831, -21.887691819057597 ], [ -50.290011104499698, -21.887688070682184 ], [ -50.2899823051781, -21.887684289557406 ], [ -50.289953438008503, -21.887680407870906 ], [ -50.289924757128603, -21.887676285808393 ], [ -50.289896163137101, -21.887672497046697 ], [ -50.289867455600401, -21.887668818411903 ], [ -50.289838569045401, -21.887665142029402 ], [ -50.289809745915299, -21.887661147595487 ], [ -50.289780873843299, -21.887657186481 ], [ -50.289752006541299, -21.887652776810793 ], [ -50.2897232604289, -21.887648226461792 ], [ -50.289694510895899, -21.8876434988365 ], [ -50.2896659373639, -21.887638539226302 ], [ -50.289637398313701, -21.88763377636019 ], [ -50.289608704427209, -21.887628931258405 ], [ -50.2895799342731, -21.887623783841004 ], [ -50.289551339990098, -21.887618224911098 ], [ -50.2895229635972, -21.887612667195988 ], [ -50.289494547798299, -21.887607270214904 ], [ -50.289466247628901, -21.887601841900295 ], [ -50.289438132181402, -21.887596916348997 ], [ -50.289409794850101, -21.887592696561494 ], [ -50.289381050605897, -21.887588637759489 ], [ -50.289352417916902, -21.8875842826819 ], [ -50.289324045840601, -21.887580356024102 ], [ -50.289295632084205, -21.887577029422292 ], [ -50.2892670563755, -21.887574199748297 ], [ -50.289238279614501, -21.887571680061995 ], [ -50.28920957412921, -21.887569217519992 ], [ -50.289180643926997, -21.887567280242394 ], [ -50.289154595913303, -21.887565131196411 ], [ -50.289155679244701, -21.887579812631799 ], [ -50.289158192007598, -21.887606300807303 ], [ -50.289161755047608, -21.8876327210574 ], [ -50.289165754566199, -21.887659281222703 ], [ -50.289170243053697, -21.887685874546399 ], [ -50.289174836319702, -21.887712505992102 ], [ -50.289179706827404, -21.887738922631904 ], [ -50.2891851381926, -21.887764955672392 ], [ -50.289191819064499, -21.887791048446591 ], [ -50.289198284566197, -21.887817725358907 ], [ -50.289204306469898, -21.887844485122997 ], [ -50.289209951692598, -21.887871069093496 ], [ -50.289215857313998, -21.887897295571598 ], [ -50.289222364529302, -21.887923345404783 ], [ -50.289229388536299, -21.887949439212196 ], [ -50.289236533441702, -21.887975459584091 ], [ -50.289244265100002, -21.888001250297489 ], [ -50.2892524011571, -21.888027055086006 ], [ -50.289260829134903, -21.888052910898296 ], [ -50.289269281118997, -21.888078872018092 ], [ -50.2892776524087, -21.8881049045658 ], [ -50.289285885730003, -21.888130996287298 ], [ -50.289293907212702, -21.8881569767149 ], [ -50.289302347207901, -21.888183059089698 ], [ -50.289310006603202, -21.888209437075595 ], [ -50.2893176472327, -21.888235469529988 ], [ -50.289325578327499, -21.888261563697604 ], [ -50.2893332552866, -21.888287968082089 ], [ -50.289340365995997, -21.888314185560603 ], [ -50.289348043587999, -21.888339945500803 ], [ -50.289356323120899, -21.888366023954486 ], [ -50.2893639648385, -21.888392773590688 ], [ -50.289370428550598, -21.888419304315988 ], [ -50.289377529264897, -21.888445392619396 ], [ -50.289384545593698, -21.888471685247502 ], [ -50.289391703618499, -21.888497906329707 ], [ -50.289398876007297, -21.888524211349985 ], [ -50.289405915826997, -21.88855053407659 ], [ -50.289412997194503, -21.888576847034692 ], [ -50.289419945030801, -21.888603172661597 ], [ -50.289426931339698, -21.888629261244002 ], [ -50.289434513337497, -21.888655360238797 ], [ -50.289441786882797, -21.888681777602681 ], [ -50.289448789984398, -21.888707903412001 ], [ -50.289456477118897, -21.888733780812004 ], [ -50.289464322631602, -21.888759988528484 ], [ -50.289471750456102, -21.888786220211905 ], [ -50.2894794827792, -21.888812387773502 ], [ -50.2894868111647, -21.888838767816999 ], [ -50.2894941111118, -21.888865110233688 ], [ -50.289501063487897, -21.88889148753189 ], [ -50.289508167731597, -21.888917864811503 ], [ -50.289514844730803, -21.888944413686598 ], [ -50.289521369206597, -21.888970701605391 ], [ -50.289528299406797, -21.888996726876588 ], [ -50.289535684087298, -21.88902273041839 ], [ -50.289543313847602, -21.889048887463201 ], [ -50.2895507264884, -21.88907506839179 ], [ -50.289558425430698, -21.889101207295386 ], [ -50.2895657822706, -21.889127267597889 ], [ -50.289573903238299, -21.889153128130893 ], [ -50.289581780325101, -21.889179221850096 ], [ -50.289589896504303, -21.889205147461499 ], [ -50.289598061149498, -21.889231197799003 ], [ -50.289606125431398, -21.889257354780597 ], [ -50.289613976145503, -21.889283651917097 ], [ -50.289621403491203, -21.889309886355701 ], [ -50.289629064532598, -21.889335914031903 ], [ -50.289636798893703, -21.889361961871 ], [ -50.289644764140903, -21.889388197690504 ], [ -50.289652069895801, -21.889414692617088 ], [ -50.289659229450699, -21.889441129345894 ], [ -50.289666004689998, -21.889467712712605 ], [ -50.289672424544101, -21.8894941473357 ], [ -50.289679096816698, -21.889520365117502 ], [ -50.289685980693697, -21.889546613222905 ], [ -50.289692930210506, -21.889572891893103 ], [ -50.289699948028797, -21.889599210027708 ], [ -50.289706853457503, -21.889625557737194 ], [ -50.289713788339398, -21.889651840567893 ], [ -50.289720804921203, -21.889678179246086 ], [ -50.289727663104209, -21.889704654528906 ], [ -50.289734250562702, -21.889731077040505 ], [ -50.289740965552298, -21.889757332332103 ], [ -50.289747861763502, -21.889783552670202 ], [ -50.289754910013606, -21.889809776544798 ], [ -50.2897620178599, -21.889835973997098 ], [ -50.289769311462699, -21.889862151874194 ], [ -50.289776621838001, -21.889888413811999 ], [ -50.289783807837502, -21.889914613405505 ], [ -50.289791294902798, -21.889940831600203 ], [ -50.289798374984997, -21.8899670200903 ], [ -50.289806079917597, -21.889992937923996 ], [ -50.2898138073609, -21.890018987585691 ], [ -50.289821807427003, -21.890045137407505 ], [ -50.289829356553497, -21.890071641646895 ], [ -50.289836354944704, -21.890098062716891 ], [ -50.289843452746403, -21.890124315803195 ], [ -50.2898504997058, -21.890150592477003 ], [ -50.289857640624099, -21.890176823207593 ], [ -50.289864827157309, -21.890203184907602 ], [ -50.289871699126202, -21.890229605298092 ], [ -50.289878566495702, -21.890255854782996 ], [ -50.289885640686109, -21.890282031941897 ], [ -50.289892838237499, -21.890308214590497 ], [ -50.289900103303502, -21.890334227087688 ], [ -50.2899079611039, -21.890360163583001 ], [ -50.289915696288801, -21.8903861090348 ], [ -50.289924095351303, -21.890411955361508 ], [ -50.289932197603797, -21.890438086328395 ], [ -50.289940314004603, -21.890464104579902 ], [ -50.289948420502697, -21.890490209051094 ], [ -50.289956344642903, -21.8905164413809 ], [ -50.289964027223803, -21.89054284086999 ] ] ] } },
{ "type": "Feature", "properties": { "CHAVE": "3017286", "FAZENDA": "301728", "NOME_FAZ": "FAZENDA SAO PEDRO", "ZONA": 1.0, "TALHAO": 6.0, "AREA_TOTAL": 11.083501752750575, "TIPO_GEO": "TALHAO", "DATA_INICI": null, "DATA_FINAL": null, "HORA_INICI": null, "HORA_FINAL": null, "CLASSE": null, "PILOTO": null, "AERONAVE": null, "AREA_HA": null }, "geometry": { "type": "Polygon", "coordinates": [ [ [ -50.291687779982603, -21.8958774921174 ], [ -50.291725693284597, -21.895896952173501 ], [ -50.291764845236699, -21.895916591927005 ], [ -50.291805679920401, -21.895936922249401 ], [ -50.291843249623604, -21.895955805062801 ], [ -50.291884099077699, -21.895976077052694 ], [ -50.291928033478399, -21.895997810765806 ], [ -50.291968239222498, -21.896017751593895 ], [ -50.292006497507401, -21.896037258062808 ], [ -50.2920445192225, -21.896056917176196 ], [ -50.292083246900802, -21.896076991055093 ], [ -50.292123031149302, -21.896097322113999 ], [ -50.292164738671097, -21.896117626514595 ], [ -50.292207255320399, -21.896138399805704 ], [ -50.292249649433799, -21.896160514802695 ], [ -50.292291947429398, -21.896182167998703 ], [ -50.292333412204599, -21.896202883453594 ], [ -50.292374577062397, -21.896223179779998 ], [ -50.292417344561301, -21.8962432525203 ], [ -50.292462242926902, -21.896263407868403 ], [ -50.292506338773798, -21.896283164882892 ], [ -50.292549378687902, -21.896302834675293 ], [ -50.292592449383299, -21.896323004112105 ], [ -50.292635816643397, -21.896342956798307 ], [ -50.292679714298608, -21.896363922691098 ], [ -50.292723242902497, -21.896385746959901 ], [ -50.292766415498903, -21.8964080137455 ], [ -50.292809464317799, -21.896430533348386 ], [ -50.292852275448503, -21.896453410111288 ], [ -50.2928944699404, -21.8964752965374 ], [ -50.292939465659899, -21.896496915321894 ], [ -50.292939462887603, -21.896496921369003 ], [ -50.292982830214697, -21.896518465966992 ], [ -50.293027638190502, -21.896540015265295 ], [ -50.293073306474909, -21.896561566139802 ], [ -50.293119982795702, -21.896584153429295 ], [ -50.293166742471399, -21.896606976091697 ], [ -50.293212483649199, -21.896628972989699 ], [ -50.293256983481498, -21.896651651540701 ], [ -50.2933006409759, -21.896673477800299 ], [ -50.293345943158307, -21.896695367655909 ], [ -50.293390977976898, -21.896717208360705 ], [ -50.293437495561705, -21.896739926063699 ], [ -50.293483619883602, -21.896762553711085 ], [ -50.2935299513248, -21.896785187288604 ], [ -50.2935755406833, -21.896808058655303 ], [ -50.293621906200798, -21.896832870612492 ], [ -50.293668848106599, -21.896857067347089 ], [ -50.293716697826397, -21.896880991706201 ], [ -50.293764574991798, -21.896905434432199 ], [ -50.293811726913702, -21.896929849701184 ], [ -50.293858539115902, -21.896954039632394 ], [ -50.293902779590901, -21.8969765462463 ], [ -50.293945817928602, -21.896998155380988 ], [ -50.293986697952207, -21.897020001669311 ], [ -50.294028936232301, -21.897042172532494 ], [ -50.294073081245898, -21.897064881040002 ], [ -50.294117561444899, -21.897087695410992 ], [ -50.2941626238742, -21.897110188741905 ], [ -50.294208543034699, -21.897133016458799 ], [ -50.294253998285299, -21.897156354450303 ], [ -50.294302229679197, -21.897182134333395 ], [ -50.294349166449301, -21.897206578594691 ], [ -50.2943955750304, -21.897230444554189 ], [ -50.2944405747483, -21.89725303795419 ], [ -50.294486070426302, -21.897275302966491 ], [ -50.294530958183003, -21.897297995002194 ], [ -50.294577226176806, -21.897319856109295 ], [ -50.294623704881303, -21.897341750563996 ], [ -50.2946681995085, -21.897362839986698 ], [ -50.294709990514498, -21.897382856785502 ], [ -50.294724251254799, -21.897389742503687 ], [ -50.294776080163402, -21.897287684084695 ], [ -50.294867147200797, -21.897123663047097 ], [ -50.294887345671597, -21.897087836169295 ], [ -50.2949316517212, -21.897020197245801 ], [ -50.295002304026802, -21.896922743449 ], [ -50.295120772350998, -21.8967637892566 ], [ -50.295171521481898, -21.8966982844798 ], [ -50.295272688255601, -21.896563008920705 ], [ -50.295349178327498, -21.896466342590898 ], [ -50.295421035385502, -21.896369617085394 ], [ -50.295562167113701, -21.896172994054101 ], [ -50.2956102213967, -21.896103392890602 ], [ -50.295678149802299, -21.895997935251298 ], [ -50.295723777386797, -21.895931597743989 ], [ -50.295800963555301, -21.895801425777801 ], [ -50.295841064155503, -21.895737265827101 ], [ -50.295880199467199, -21.895668140889281 ], [ -50.2959898759213, -21.895453746304003 ], [ -50.296078788778701, -21.895286690553203 ], [ -50.296111228821601, -21.895221329622395 ], [ -50.296128067449999, -21.895190792822191 ], [ -50.295912156565997, -21.895110034201888 ], [ -50.2957462801525, -21.895052501742295 ], [ -50.295676050704699, -21.895025201692096 ], [ -50.295603946800703, -21.8949994843226 ], [ -50.295461066542998, -21.894945615470188 ], [ -50.295194956767503, -21.8948506300293 ], [ -50.295037993421097, -21.894793163722195 ], [ -50.294926748157799, -21.894750531194902 ], [ -50.294498796554699, -21.894598196316995 ], [ -50.294236558467198, -21.894500011817293 ], [ -50.293933852227298, -21.894390089296703 ], [ -50.293545030417498, -21.894242252574198 ], [ -50.293383573847798, -21.894184398735302 ], [ -50.2933739725325, -21.894206928472897 ], [ -50.293350815914103, -21.894244792915096 ], [ -50.293322112057801, -21.894279574796702 ], [ -50.293287930868303, -21.894310698635895 ], [ -50.2932491285138, -21.894337274530788 ], [ -50.2932067053287, -21.894358427553598 ], [ -50.293161118636803, -21.894374310507395 ], [ -50.293115023949497, -21.8943854207821 ], [ -50.293068609660402, -21.894393727578198 ], [ -50.292976519877001, -21.894403298667292 ], [ -50.2927934817505, -21.894417239480099 ], [ -50.292703202063301, -21.8944226645683 ], [ -50.292474764668498, -21.894427073288099 ], [ -50.292334750495698, -21.894432277671598 ], [ -50.291928484922401, -21.894455851987999 ], [ -50.291784128208405, -21.8944561577031 ], [ -50.291692493336797, -21.894459083713802 ], [ -50.291622192233397, -21.894464851394801 ], [ -50.291562079248799, -21.894472853687692 ], [ -50.291527010034109, -21.894480509321298 ], [ -50.291488003816703, -21.894491521898285 ], [ -50.291407547217098, -21.8945188059418 ], [ -50.2913676525122, -21.894535559514797 ], [ -50.291327653383298, -21.894554728299298 ], [ -50.291288266413602, -21.894575991697494 ], [ -50.291210753504302, -21.894620466758404 ], [ -50.291033658394198, -21.894729882886505 ], [ -50.290968994102201, -21.894772445048595 ], [ -50.290777535696201, -21.894909988493797 ], [ -50.290679285020808, -21.894983493198492 ], [ -50.290618936883597, -21.895033264165903 ], [ -50.290593115219899, -21.895059039744392 ], [ -50.290570710949694, -21.895086555237995 ], [ -50.290552477540103, -21.895115438616603 ], [ -50.290538127791301, -21.895146127152298 ], [ -50.290527264622, -21.895178883219305 ], [ -50.290518826143597, -21.895211176918789 ], [ -50.2905150934643, -21.895240723313904 ], [ -50.2905156896622, -21.895270016017808 ], [ -50.290521386578398, -21.895321213354489 ], [ -50.29083222783261, -21.895470293019699 ], [ -50.290871827469601, -21.895488760406792 ], [ -50.290910688774503, -21.895507075989993 ], [ -50.290948845166497, -21.895525041797605 ], [ -50.2909860410143, -21.895542195618599 ], [ -50.291022814916708, -21.895559012690203 ], [ -50.291060861616103, -21.895575932688388 ], [ -50.291099599924102, -21.895593972231804 ], [ -50.291138807068599, -21.895611968560097 ], [ -50.291177859775402, -21.895629975195693 ], [ -50.291216664620904, -21.895647839019798 ], [ -50.291253713191203, -21.895665761993403 ], [ -50.291286796711802, -21.89568139272021 ], [ -50.291318541030897, -21.895695694458801 ], [ -50.291352151908796, -21.895711204782604 ], [ -50.291386895642304, -21.895727060611392 ], [ -50.291422768412701, -21.895744282044806 ], [ -50.291460584406401, -21.895762980697604 ], [ -50.291498205070098, -21.895781299428496 ], [ -50.291536333972402, -21.895800185359501 ], [ -50.291574623568401, -21.895819304102393 ], [ -50.291612673470901, -21.895838491787998 ], [ -50.291650486380298, -21.895858111906598 ], [ -50.291687779982603, -21.8958774921174 ] ] ] } },
{ "type": "Feature", "properties": { "CHAVE": "3017281", "FAZENDA": "301728", "NOME_FAZ": "FAZENDA SAO PEDRO", "ZONA": 1.0, "TALHAO": 1.0, "AREA_TOTAL": 12.866600307959692, "TIPO_GEO": "TALHAO", "DATA_INICI": null, "DATA_FINAL": null, "HORA_INICI": null, "HORA_FINAL": null, "CLASSE": null, "PILOTO": null, "AERONAVE": null, "AREA_HA": null }, "geometry": { "type": "Polygon", "coordinates": [ [ [ -50.295152358463902, -21.896784694407394 ], [ -50.295034234788098, -21.896943186215097 ], [ -50.294964223093601, -21.897039756418184 ], [ -50.294921033143098, -21.897105691494492 ], [ -50.294901471613699, -21.897140388616702 ], [ -50.294810776651204, -21.897303739578998 ], [ -50.294758647465009, -21.8974063893337 ], [ -50.294791733517997, -21.89742254565969 ], [ -50.294832839366009, -21.897442850201795 ], [ -50.294876412893203, -21.897464405761184 ], [ -50.294921859462598, -21.897487565848298 ], [ -50.294967290094299, -21.897510201782499 ], [ -50.295010013637203, -21.897531643803699 ], [ -50.2950520268082, -21.897553212603398 ], [ -50.295094023260511, -21.897574904556397 ], [ -50.295136575534599, -21.897596082792994 ], [ -50.295178935140903, -21.897617751305898 ], [ -50.2952222424029, -21.897639607605495 ], [ -50.2952628540083, -21.897660550164002 ], [ -50.295296835571406, -21.897678638857894 ], [ -50.295328663742708, -21.897695570329308 ], [ -50.295361706633102, -21.897713012883891 ], [ -50.295397248098404, -21.897732011131705 ], [ -50.295434981084597, -21.897751931522997 ], [ -50.295473085162598, -21.897771804749198 ], [ -50.295515187480902, -21.897793748452788 ], [ -50.295561430440301, -21.897818115247993 ], [ -50.29560742614931, -21.8978409726823 ], [ -50.295651736969305, -21.897863359366905 ], [ -50.295694031498499, -21.897884629637886 ], [ -50.295733619051497, -21.897904641366893 ], [ -50.295772053700198, -21.897923933729 ], [ -50.295810785361702, -21.8979424880925 ], [ -50.295850671092403, -21.897962289418192 ], [ -50.295891203956501, -21.8979830352616 ], [ -50.2959319880731, -21.898003443320505 ], [ -50.2959722793236, -21.898024084369997 ], [ -50.296010089744797, -21.898042804655191 ], [ -50.296047152770903, -21.898059631379287 ], [ -50.296086396928999, -21.898077748455893 ], [ -50.296127533703199, -21.898096596368998 ], [ -50.296168944019101, -21.8981164037456 ], [ -50.296211926841103, -21.898136801865093 ], [ -50.296251469924798, -21.898155174216992 ], [ -50.296287350539899, -21.898172112811398 ], [ -50.296320794995403, -21.898188396800698 ], [ -50.296355579886303, -21.898205178671198 ], [ -50.296392124955901, -21.898221742785395 ], [ -50.296428785638604, -21.898238621158203 ], [ -50.2964637416557, -21.898255028678999 ], [ -50.296497300409797, -21.898269490040189 ], [ -50.296531054906303, -21.898285831470091 ], [ -50.296563379870598, -21.898301030108602 ], [ -50.2965968121309, -21.898317134872897 ], [ -50.296631486372902, -21.898333000001799 ], [ -50.2966655704614, -21.898350122895682 ], [ -50.296699213270102, -21.898368478618096 ], [ -50.296735515622203, -21.8983869751961 ], [ -50.296770696439907, -21.898406346095399 ], [ -50.296805540623097, -21.898425112522808 ], [ -50.296840045377898, -21.898442261520998 ], [ -50.296876361468399, -21.898459594518304 ], [ -50.296913864867001, -21.898478426467904 ], [ -50.296950488358803, -21.898496383888993 ], [ -50.296986259160199, -21.898514480634091 ], [ -50.2970224784818, -21.898532133789903 ], [ -50.297059579541198, -21.898550410774593 ], [ -50.2970962328382, -21.898569703729894 ], [ -50.297133019423498, -21.898588753585098 ], [ -50.297167997561097, -21.898607407860592 ], [ -50.297202749789399, -21.898624827777191 ], [ -50.297238404305098, -21.898641617969503 ], [ -50.297275473966501, -21.898659575091589 ], [ -50.297312040458102, -21.898678949076693 ], [ -50.297349155095198, -21.89869956530239 ], [ -50.297386003291798, -21.898719957849792 ], [ -50.297423581637801, -21.898739442260297 ], [ -50.297461481064097, -21.898759121576393 ], [ -50.297499473028303, -21.898778758700601 ], [ -50.297537473100498, -21.898798010266798 ], [ -50.297575826300204, -21.898816869059992 ], [ -50.297613910653403, -21.898835039985894 ], [ -50.297651558926802, -21.898853325081394 ], [ -50.297686058851099, -21.898870732648302 ], [ -50.297719964842997, -21.898888982643605 ], [ -50.297753624549003, -21.898907411450001 ], [ -50.297787540552001, -21.898925971214002 ], [ -50.297822201852199, -21.898944972161189 ], [ -50.2978569128244, -21.898963969651597 ], [ -50.297890639711603, -21.898982343432206 ], [ -50.297922331414597, -21.898999547584701 ], [ -50.297952064640597, -21.899016188750295 ], [ -50.2979812525531, -21.899032932631791 ], [ -50.298008531290499, -21.899048748917885 ], [ -50.298035270113601, -21.899064784718391 ], [ -50.298059885815597, -21.899080110084494 ], [ -50.298084457848901, -21.899095620133096 ], [ -50.298109023634701, -21.899111128274999 ], [ -50.298122798489302, -21.899119808122801 ], [ -50.298147220000402, -21.899099169348002 ], [ -50.3000133962354, -21.897517572674193 ], [ -50.299929536429701, -21.897417322204106 ], [ -50.299883265306498, -21.897366498356298 ], [ -50.299811381571899, -21.897293473460294 ], [ -50.299743284469301, -21.897220069311704 ], [ -50.299623865685, -21.897079076513698 ], [ -50.299476716306501, -21.896896578536698 ], [ -50.299332615332602, -21.896711497326205 ], [ -50.299236631785199, -21.896595346833283 ], [ -50.299190849322599, -21.896535048729401 ], [ -50.299116386233202, -21.896442916200286 ], [ -50.299043212646509, -21.896343010603093 ], [ -50.299002365119897, -21.896290496193796 ], [ -50.298880108237597, -21.896243919940495 ], [ -50.2986732505288, -21.896171455091302 ], [ -50.298567666666102, -21.896131272482197 ], [ -50.298288641696097, -21.896015823910599 ], [ -50.298074725221298, -21.895930599416292 ], [ -50.2979798016651, -21.895890589901889 ], [ -50.2978834954855, -21.895857439872 ], [ -50.2977766259501, -21.895816812362103 ], [ -50.2975012124177, -21.895720851793701 ], [ -50.297190389340798, -21.895603377142905 ], [ -50.297050399362803, -21.895543779430902 ], [ -50.296764210548702, -21.89542852660729 ], [ -50.296542476351703, -21.895349302050295 ], [ -50.296322212451301, -21.895263409883892 ], [ -50.2961641688375, -21.895204296034084 ], [ -50.296146025992897, -21.895237198041407 ], [ -50.296113702035797, -21.895302325110599 ], [ -50.296024688893098, -21.895469569359797 ], [ -50.295914803347301, -21.895684372774493 ], [ -50.295874920659102, -21.895754817836803 ], [ -50.295834631259297, -21.895819279886101 ], [ -50.295757045427997, -21.895950125920002 ], [ -50.295711043012503, -21.896017008412677 ], [ -50.2956430974181, -21.896122492773298 ], [ -50.295594529701098, -21.896192837609895 ], [ -50.295453033429297, -21.8963899685786 ], [ -50.295380670487397, -21.8964873750732 ], [ -50.295304144559303, -21.896584086743395 ], [ -50.295203089333, -21.896719213184195 ], [ -50.295152358463902, -21.896784694407394 ] ] ] } },
{ "type": "Feature", "properties": { "CHAVE": "3017285", "FAZENDA": "301728", "NOME_FAZ": "FAZENDA SAO PEDRO", "ZONA": 1.0, "TALHAO": 5.0, "AREA_TOTAL": 7.7296850612875083, "TIPO_GEO": "TALHAO", "DATA_INICI": null, "DATA_FINAL": null, "HORA_INICI": null, "HORA_FINAL": null, "CLASSE": null, "PILOTO": null, "AERONAVE": null, "AREA_HA": null }, "geometry": { "type": "Polygon", "coordinates": [ [ [ -50.292425948696298, -21.893607698184905 ], [ -50.292454010459501, -21.893614410220493 ], [ -50.2924819837786, -21.893620497367102 ], [ -50.292510205555999, -21.893626337320001 ], [ -50.292538537351803, -21.8936321201863 ], [ -50.292566946671599, -21.8936379030838 ], [ -50.292595301364898, -21.893643780549581 ], [ -50.292623526740002, -21.8936495413732 ], [ -50.292651938743496, -21.893655011655401 ], [ -50.292680530215399, -21.893660760955001 ], [ -50.292709105794899, -21.89366686157879 ], [ -50.292737474320802, -21.893673355430792 ], [ -50.292765562494303, -21.8936798114418 ], [ -50.292793728171098, -21.893685961408796 ], [ -50.292821944673797, -21.893692121219004 ], [ -50.292850143575897, -21.893698099199696 ], [ -50.292878396630002, -21.893703914670699 ], [ -50.292906677321703, -21.893709600305993 ], [ -50.292935163665597, -21.893715145124197 ], [ -50.292963710637103, -21.893721054708102 ], [ -50.292992201267197, -21.893727177744392 ], [ -50.293020746996099, -21.893733655406596 ], [ -50.2930490243901, -21.893740714896506 ], [ -50.293077180215299, -21.893747759658197 ], [ -50.293105347758903, -21.893755128355295 ], [ -50.293133627478198, -21.8937628312068 ], [ -50.293161874772501, -21.893771472114107 ], [ -50.293189968237897, -21.893781192024001 ], [ -50.293217764046901, -21.893792547724299 ], [ -50.293244851909805, -21.893806052839803 ], [ -50.293270526475901, -21.893821982733783 ], [ -50.293294739850502, -21.893840140383904 ], [ -50.293316535460498, -21.893860995219111 ], [ -50.293335599554901, -21.8938836509464 ], [ -50.2933524462509, -21.893907538916796 ], [ -50.293367086995502, -21.893932618477088 ], [ -50.293379596960605, -21.893958780108704 ], [ -50.293389469065097, -21.893985995154793 ], [ -50.293396676657899, -21.894013887138605 ], [ -50.293401265600998, -21.894042385895098 ], [ -50.293402625949, -21.894070939881004 ], [ -50.293402130594501, -21.894099340881688 ], [ -50.293398635151199, -21.894131577242202 ], [ -50.293418741132598, -21.894141597658692 ], [ -50.293444229893197, -21.894154499726085 ], [ -50.293469591164197, -21.894167002854608 ], [ -50.293495370181397, -21.894178928178498 ], [ -50.293521380853299, -21.894190903234193 ], [ -50.293547308138798, -21.894202782081585 ], [ -50.293573453731703, -21.894214330047806 ], [ -50.293599538389103, -21.894225928205309 ], [ -50.2936257274675, -21.894237045876594 ], [ -50.293652137411101, -21.894247959197997 ], [ -50.2936784616818, -21.894258655661499 ], [ -50.293705130165399, -21.894268686501206 ], [ -50.293732140909697, -21.894278785453206 ], [ -50.293759004017403, -21.89428906362291 ], [ -50.293785708744899, -21.894299026030101 ], [ -50.293812691468901, -21.894308505972095 ], [ -50.293840005445901, -21.894318063060997 ], [ -50.293867033667205, -21.894327952980603 ], [ -50.293894225636102, -21.894337442822497 ], [ -50.293921359256899, -21.894347343945096 ], [ -50.293948431060997, -21.894357081339489 ], [ -50.293975598104609, -21.894366914960401 ], [ -50.294002697735301, -21.894376959032002 ], [ -50.294029795815298, -21.8943871241195 ], [ -50.294056625051802, -21.894397569222789 ], [ -50.294083532188203, -21.894407751943195 ], [ -50.294110233657207, -21.894418132937595 ], [ -50.294137016208403, -21.894427926979095 ], [ -50.294163931396398, -21.894437563522491 ], [ -50.294191047264505, -21.894446847169295 ], [ -50.2942183472626, -21.894456171392896 ], [ -50.294245600240203, -21.894465570943098 ], [ -50.294272905969201, -21.894474941146296 ], [ -50.294300266804797, -21.894484537091998 ], [ -50.2943274662072, -21.894494437590701 ], [ -50.294354641111397, -21.894504433541901 ], [ -50.2943814941315, -21.894514717937795 ], [ -50.294408499429203, -21.894524611487398 ], [ -50.294435553089997, -21.894534884691996 ], [ -50.294462599698498, -21.894545304685902 ], [ -50.294489347788108, -21.894556129490802 ], [ -50.294515739770397, -21.894566639295899 ], [ -50.294542529768897, -21.894576447383997 ], [ -50.294569539271698, -21.894586403536398 ], [ -50.294596608554897, -21.894596313167096 ], [ -50.294623617491197, -21.8946063805049 ], [ -50.2946505341856, -21.894616363073094 ], [ -50.294677498783102, -21.894626184322195 ], [ -50.294704634030502, -21.894635961949902 ], [ -50.294731588327899, -21.894645920533403 ], [ -50.294758503150199, -21.894655467779696 ], [ -50.294785705196297, -21.894664776844696 ], [ -50.294812989323297, -21.894674252976898 ], [ -50.294840242265202, -21.894683793940295 ], [ -50.294867253258502, -21.894693373687094 ], [ -50.294894399942699, -21.894702447556792 ], [ -50.294921712075499, -21.894711550281585 ], [ -50.294949345209602, -21.894720642852288 ], [ -50.294976729910701, -21.894730555274599 ], [ -50.295003550980709, -21.894740359764796 ], [ -50.295030609158999, -21.894749457614502 ], [ -50.295058036811191, -21.894758644935596 ], [ -50.2950853730649, -21.894768138657092 ], [ -50.295112713694898, -21.894777679250701 ], [ -50.295140182350799, -21.894787676644402 ], [ -50.295167209965499, -21.8947984474732 ], [ -50.295193750903202, -21.894809160318982 ], [ -50.29522034860711, -21.894819387667386 ], [ -50.295247156486802, -21.8948293798028 ], [ -50.295274181583302, -21.894839245830205 ], [ -50.295301234207102, -21.894849265925203 ], [ -50.295328018888803, -21.894859213048889 ], [ -50.295354928920602, -21.894868571747597 ], [ -50.295382367223297, -21.894877787080105 ], [ -50.295409589196701, -21.894887624133091 ], [ -50.295436678234907, -21.894897170200398 ], [ -50.295463916522401, -21.894906763664608 ], [ -50.295491090988207, -21.894916553921796 ], [ -50.295518111962899, -21.894926335189702 ], [ -50.295545132350398, -21.894935896064393 ], [ -50.295572228728901, -21.894945276672797 ], [ -50.2955997206316, -21.894954592269197 ], [ -50.295627191831798, -21.8949647384364 ], [ -50.295654088959502, -21.894975365339704 ], [ -50.295680826264103, -21.894985745150805 ], [ -50.295707754278403, -21.894996133513708 ], [ -50.29573448648781, -21.895006810356701 ], [ -50.2957611666193, -21.895017214735102 ], [ -50.295787800732498, -21.895027475160102 ], [ -50.295814622313301, -21.895037253011495 ], [ -50.2958415662888, -21.895046897881098 ], [ -50.295868706817906, -21.895056245670506 ], [ -50.295896059066003, -21.895065703103587 ], [ -50.295923306619599, -21.895075475367385 ], [ -50.295950538207997, -21.895085340797689 ], [ -50.295977657210301, -21.895095582753793 ], [ -50.296004485044598, -21.8951059477907 ], [ -50.2960310881938, -21.895115981027303 ], [ -50.296058341919903, -21.89512546496249 ], [ -50.296085354831099, -21.895135796614792 ], [ -50.2961121996088, -21.895145611104901 ], [ -50.296139168999296, -21.895155298521495 ], [ -50.296159640901898, -21.895162460209697 ], [ -50.296169152774198, -21.895146027803005 ], [ -50.296185583217003, -21.895118687549395 ], [ -50.2961923795079, -21.895107038583891 ], [ -50.2962014844707, -21.895090651425896 ], [ -50.296212906294699, -21.895069448060205 ], [ -50.296225190380603, -21.895047620204394 ], [ -50.296237881631399, -21.895023421834498 ], [ -50.296252984664406, -21.894998318825099 ], [ -50.296267981022197, -21.894973812538499 ], [ -50.296281753423699, -21.894948021875202 ], [ -50.296295592955502, -21.894921534156204 ], [ -50.2963088362959, -21.894894614149798 ], [ -50.296321778042497, -21.894867449449503 ], [ -50.296333895978002, -21.894840323591801 ], [ -50.2963450412052, -21.894812676107492 ], [ -50.296355077323398, -21.894785141917708 ], [ -50.296362444694303, -21.894757349331403 ], [ -50.296368171529302, -21.894729237980201 ], [ -50.296371619822501, -21.894701170595798 ], [ -50.296371228268498, -21.894673019655194 ], [ -50.296368247208903, -21.894644150157195 ], [ -50.2963631952532, -21.894615398129208 ], [ -50.296355441524902, -21.894587489043097 ], [ -50.296344834239498, -21.894560072291092 ], [ -50.2963315547834, -21.894533513372291 ], [ -50.2963160429059, -21.894507837474389 ], [ -50.29629883208559, -21.894482622635593 ], [ -50.296280601316397, -21.894458004539789 ], [ -50.296261481294898, -21.894434096943506 ], [ -50.296241374413398, -21.894411129510697 ], [ -50.296220265672808, -21.894388603738896 ], [ -50.296198044785797, -21.894366774372685 ], [ -50.296175155538499, -21.894345639265499 ], [ -50.296151576445901, -21.894325191111793 ], [ -50.296127588459299, -21.894304456973284 ], [ -50.296103688356297, -21.894283257332095 ], [ -50.296079824495905, -21.894262606258195 ], [ -50.296055926751002, -21.894241682926204 ], [ -50.296032152587003, -21.8942205186686 ], [ -50.296008189759803, -21.894199543353498 ], [ -50.295984339096201, -21.894178952958701 ], [ -50.295960679921706, -21.8941582745672 ], [ -50.295936178715799, -21.894138519290809 ], [ -50.295911906764204, -21.894117752312589 ], [ -50.295887657730098, -21.894097221768096 ], [ -50.295863366995803, -21.894076721892308 ], [ -50.295839109884099, -21.894056041873704 ], [ -50.295814860718203, -21.89403529843969 ], [ -50.295790778410904, -21.894013798415397 ], [ -50.295766432198903, -21.893992844242501 ], [ -50.295741754394498, -21.893971811964402 ], [ -50.295717121246, -21.893950629825195 ], [ -50.295692638563303, -21.893929124288007 ], [ -50.295668438165499, -21.893907310807197 ], [ -50.295644670005899, -21.893885441415897 ], [ -50.295620554302801, -21.893863563982695 ], [ -50.295596624667603, -21.893841458883493 ], [ -50.295573045295001, -21.893819611423798 ], [ -50.295550039760101, -21.893797595523306 ], [ -50.295527041384503, -21.8937757465646 ], [ -50.295504045532603, -21.893753815221292 ], [ -50.295481254482603, -21.893730953392495 ], [ -50.295458782139399, -21.893707829079592 ], [ -50.295436320756302, -21.893685064990795 ], [ -50.295414284632002, -21.893661492167503 ], [ -50.295393050452503, -21.893637740234098 ], [ -50.295372312216301, -21.893613921223995 ], [ -50.295351621679998, -21.8935901881113 ], [ -50.295330625486002, -21.89356671210389 ], [ -50.295309534205103, -21.893543134555497 ], [ -50.295288469650302, -21.893519690603085 ], [ -50.295267035757298, -21.893496651876678 ], [ -50.295245467250403, -21.893473445700295 ], [ -50.295224063281097, -21.893450006439597 ], [ -50.295202557745696, -21.893427156496198 ], [ -50.295180616508503, -21.893404609458806 ], [ -50.295158472291398, -21.893381654485406 ], [ -50.295136537872501, -21.893358581640896 ], [ -50.295114515068001, -21.89333555562359 ], [ -50.2950923508795, -21.893312838523595 ], [ -50.295070246694799, -21.893290317182693 ], [ -50.295047704962101, -21.893268257321115 ], [ -50.2950248711863, -21.893245991507602 ], [ -50.295002374673807, -21.893223718938302 ], [ -50.294979811242499, -21.893201753093201 ], [ -50.294956927098404, -21.893180196597989 ], [ -50.294933673448298, -21.893158930310388 ], [ -50.294909924124497, -21.893137855552094 ], [ -50.294885887185202, -21.893116876133593 ], [ -50.294862085165299, -21.893096010724808 ], [ -50.2948381357972, -21.89307550782209 ], [ -50.294814081093797, -21.893055290257493 ], [ -50.294789305562098, -21.893035825880304 ], [ -50.29476412747541, -21.893016565204494 ], [ -50.294738934267599, -21.8929975275197 ], [ -50.294713638059903, -21.892979502376697 ], [ -50.294687666703702, -21.8929623279124 ], [ -50.294661533867909, -21.892945369844888 ], [ -50.294635373436797, -21.892928799063093 ], [ -50.294608940645197, -21.892912832775995 ], [ -50.294581422342098, -21.8928980107165 ], [ -50.294552963785101, -21.892883553197198 ], [ -50.294524201485402, -21.892869726973487 ], [ -50.294495200194206, -21.892856354144488 ], [ -50.294465954195701, -21.8928437167407 ], [ -50.294436297962299, -21.892831617661205 ], [ -50.294406457440999, -21.892820044752295 ], [ -50.294376055346298, -21.892809134567305 ], [ -50.294345602253799, -21.892798065712391 ], [ -50.2943149925919, -21.892787142454306 ], [ -50.294284500123503, -21.892777219167098 ], [ -50.294253625698502, -21.892767758526997 ], [ -50.294222634159397, -21.892758859308092 ], [ -50.294191700782903, -21.892750249119995 ], [ -50.294160665242799, -21.892741836038695 ], [ -50.294129674125301, -21.892733817752092 ], [ -50.294098804782699, -21.892726586357291 ], [ -50.294067238787498, -21.8927198109008 ], [ -50.294035119124501, -21.892712687307892 ], [ -50.294003465856598, -21.892705059990302 ], [ -50.293971696426397, -21.892698383062303 ], [ -50.293939417289003, -21.892691057733899 ], [ -50.293906836428597, -21.892683995494796 ], [ -50.293874851946001, -21.892677241866597 ], [ -50.293842918067597, -21.892670874943498 ], [ -50.293811138196503, -21.892663884418202 ], [ -50.293779826329597, -21.892656970627794 ], [ -50.293748048735303, -21.892650639164895 ], [ -50.293715776909401, -21.892645023944695 ], [ -50.293682769732001, -21.892638869960905 ], [ -50.293650054301203, -21.892631627497703 ], [ -50.29361803961941, -21.892624480052294 ], [ -50.293586399775201, -21.892617602523803 ], [ -50.293555295007103, -21.892610214463396 ], [ -50.293524211197997, -21.892603030082604 ], [ -50.293493053870499, -21.892595965351209 ], [ -50.293461360094199, -21.892589054730397 ], [ -50.293429518358998, -21.892582191823998 ], [ -50.293397502694297, -21.892575691297999 ], [ -50.293365492804703, -21.892568799915793 ], [ -50.2933337377101, -21.892561485053804 ], [ -50.293301994023601, -21.892553986639903 ], [ -50.2932704817839, -21.892546241429095 ], [ -50.293238938143503, -21.89253890981519 ], [ -50.293207527641002, -21.892531180795796 ], [ -50.293175973229097, -21.892523968500999 ], [ -50.293144009149898, -21.8925165279433 ], [ -50.293111840251903, -21.892508390800394 ], [ -50.293079976609199, -21.892499620073796 ], [ -50.293048573918398, -21.892490686652689 ], [ -50.293017103168097, -21.892482248777302 ], [ -50.292985292963998, -21.892473018658006 ], [ -50.292953722452403, -21.892463044884199 ], [ -50.292922421910703, -21.892453072587909 ], [ -50.292891091700099, -21.892443282960603 ], [ -50.2928599373192, -21.892433225445497 ], [ -50.2928289816087, -21.892422557637403 ], [ -50.292798621799598, -21.892411211245999 ], [ -50.292768546766602, -21.892399678023597 ], [ -50.292737898087402, -21.892388404783894 ], [ -50.2927072371793, -21.892375921188293 ], [ -50.2926768900588, -21.892362623000096 ], [ -50.292646764591098, -21.892348561253993 ], [ -50.292617490526801, -21.8923334587721 ], [ -50.292588758650801, -21.892318270870309 ], [ -50.292560503405703, -21.892302608774791 ], [ -50.292533138417099, -21.892286137760788 ], [ -50.292506005097103, -21.892270151625702 ], [ -50.292478582763898, -21.892253622525295 ], [ -50.292451489440104, -21.892235871092097 ], [ -50.292424909417697, -21.892217230369592 ], [ -50.292399304040998, -21.892197434416598 ], [ -50.292374982895801, -21.892177080871395 ], [ -50.292350573415604, -21.892156774019597 ], [ -50.2923272388988, -21.892135013310504 ], [ -50.292306433394309, -21.892113529863501 ], [ -50.292286517156903, -21.892092129038183 ], [ -50.292280402569197, -21.892085084500692 ], [ -50.29226147536, -21.892099154876998 ], [ -50.292239043181603, -21.892116194375589 ], [ -50.292216361344202, -21.89213344778609 ], [ -50.292193382083603, -21.892150123246797 ], [ -50.292170535695199, -21.892167247512987 ], [ -50.292146906736797, -21.892183452130887 ], [ -50.292123837715899, -21.892199731642098 ], [ -50.2921008299828, -21.892215943082203 ], [ -50.292078234943297, -21.892232593772093 ], [ -50.292055537783199, -21.892249461628097 ], [ -50.292032911653401, -21.892266251480208 ], [ -50.29201055907, -21.892283312896993 ], [ -50.291988149422401, -21.892300526456005 ], [ -50.2919655482157, -21.8923178360007 ], [ -50.291942682019098, -21.892334671955894 ], [ -50.291920112952802, -21.892351646533605 ], [ -50.2918973333867, -21.892368612455098 ], [ -50.291874426442497, -21.892385462742798 ], [ -50.291851448023699, -21.892402121298005 ], [ -50.291828572567802, -21.892418746476888 ], [ -50.291805857044807, -21.892435378805587 ], [ -50.291783326876903, -21.892452346268701 ], [ -50.291760590500402, -21.892469312693301 ], [ -50.291737913351298, -21.892486135906189 ], [ -50.291715327336199, -21.8925032401566 ], [ -50.291692504970896, -21.892520002194903 ], [ -50.291670052749502, -21.892536997063402 ], [ -50.291647548878302, -21.892553980063401 ], [ -50.291625185316299, -21.892571262412197 ], [ -50.2916023355153, -21.892588521355208 ], [ -50.291579116756701, -21.892605159799302 ], [ -50.291556076091304, -21.892621720303005 ], [ -50.291532931868602, -21.8926381581154 ], [ -50.291509872373702, -21.892654556555893 ], [ -50.291486816809901, -21.892671125220794 ], [ -50.2914635143675, -21.8926874888298 ], [ -50.291440372745498, -21.892703684259995 ], [ -50.291417418640897, -21.892720203865995 ], [ -50.291394337546599, -21.892736543484801 ], [ -50.291371466802403, -21.892753249523189 ], [ -50.291348293448202, -21.892769639488492 ], [ -50.291325498307202, -21.892786159151804 ], [ -50.291302895786103, -21.892802769070993 ], [ -50.291280649509901, -21.892819834298894 ], [ -50.2912584031913, -21.892837044896599 ], [ -50.291236220119302, -21.892854584851904 ], [ -50.291213727345898, -21.8928718606928 ], [ -50.291191355819699, -21.892889216106489 ], [ -50.291168794021303, -21.892906357068103 ], [ -50.291146481864502, -21.892923476132196 ], [ -50.291124334419003, -21.8929408621938 ], [ -50.291101980489202, -21.892958361688496 ], [ -50.291079507779102, -21.892975493533591 ], [ -50.291057370450602, -21.892992907267594 ], [ -50.291035108245801, -21.893010194426097 ], [ -50.291013104620397, -21.8930277913399 ], [ -50.290990828785198, -21.893045317924901 ], [ -50.290968654583303, -21.8930627321662 ], [ -50.2909465310616, -21.893080325171891 ], [ -50.290924099615196, -21.893097846808697 ], [ -50.290901410030898, -21.893115105744005 ], [ -50.290848987152103, -21.893154102221711 ], [ -50.290866784825504, -21.893182329219801 ], [ -50.2908809820591, -21.893206336729801 ], [ -50.290894937101797, -21.893230374932095 ], [ -50.290908357129901, -21.893254557580388 ], [ -50.2909217106886, -21.893278385857599 ], [ -50.290935468615899, -21.893301819480293 ], [ -50.290950003855798, -21.893325312089885 ], [ -50.290963930863803, -21.893349196371105 ], [ -50.290978074431997, -21.893372596131002 ], [ -50.2909925268603, -21.893395909115295 ], [ -50.291007148519498, -21.893419081426401 ], [ -50.291022224014199, -21.893442143415594 ], [ -50.291037476942904, -21.893465792684989 ], [ -50.291071653892701, -21.8934640283682 ], [ -50.2911008610427, -21.893462889965093 ], [ -50.291130044683101, -21.893461925915194 ], [ -50.291159048404907, -21.893461248092095 ], [ -50.291187784508601, -21.893460223965501 ], [ -50.291216639904, -21.893458765423901 ], [ -50.291245687005201, -21.893457314009584 ], [ -50.291274708118102, -21.893455999668301 ], [ -50.2913037330772, -21.893454591328588 ], [ -50.291332877201697, -21.893453338593094 ], [ -50.291362109467201, -21.893452300726299 ], [ -50.29139145418101, -21.893451644061084 ], [ -50.291420952812402, -21.893451488327791 ], [ -50.291450430412397, -21.89345213823529 ], [ -50.291479774756702, -21.893453253695597 ], [ -50.291509112071601, -21.8934548308278 ], [ -50.291538241805497, -21.893456921524002 ], [ -50.291567302099502, -21.893458992750105 ], [ -50.291596310190499, -21.893461354932281 ], [ -50.291625407591901, -21.893463650356413 ], [ -50.291654700152399, -21.89346649420099 ], [ -50.2916837771009, -21.893469952587893 ], [ -50.291712727554597, -21.893473532502799 ], [ -50.291741610048597, -21.893477431406492 ], [ -50.291770376072598, -21.893481392230292 ], [ -50.2917991200679, -21.893485363704084 ], [ -50.291827898683202, -21.893489388116393 ], [ -50.291856699248299, -21.893493536539285 ], [ -50.291885467851607, -21.893497848244106 ], [ -50.291914218769797, -21.893502264858398 ], [ -50.291943012679802, -21.893506858854295 ], [ -50.291971795804805, -21.893511770370107 ], [ -50.292000464164602, -21.893516974683806 ], [ -50.292029008467203, -21.893522317819407 ], [ -50.292057506906303, -21.893527675342401 ], [ -50.292085990984901, -21.893533117462095 ], [ -50.292114508050901, -21.893538571587797 ], [ -50.292143005572399, -21.893544220938498 ], [ -50.292171597434802, -21.893549956999404 ], [ -50.292200020332402, -21.893556183950707 ], [ -50.292228530442102, -21.893562352692694 ], [ -50.292256972894599, -21.893569246483391 ], [ -50.2922848160093, -21.893576263738804 ], [ -50.292312701099902, -21.8935824540068 ], [ -50.292341063369498, -21.893588523392388 ], [ -50.2923693771872, -21.893594978630993 ], [ -50.2923975800311, -21.893601319460192 ], [ -50.292425948696298, -21.893607698184905 ] ] ] } },
{ "type": "Feature", "properties": { "CHAVE": "3017283", "FAZENDA": "301728", "NOME_FAZ": "FAZENDA SAO PEDRO", "ZONA": 1.0, "TALHAO": 3.0, "AREA_TOTAL": 7.7817035312720577, "TIPO_GEO": "TALHAO", "DATA_INICI": null, "DATA_FINAL": null, "HORA_INICI": null, "HORA_FINAL": null, "CLASSE": null, "PILOTO": null, "AERONAVE": null, "AREA_HA": null }, "geometry": { "type": "Polygon", "coordinates": [ [ [ -50.291821128423997, -21.889890552081592 ], [ -50.2918287842718, -21.889919775046796 ], [ -50.291836616118601, -21.889949164798104 ], [ -50.291843982926103, -21.889979220379203 ], [ -50.291849997614399, -21.890009445106802 ], [ -50.291855564558197, -21.890039173486702 ], [ -50.291861510857103, -21.8900695559045 ], [ -50.291866230828802, -21.890100410920091 ], [ -50.291870754463901, -21.890131070862498 ], [ -50.291875056409602, -21.890161787725699 ], [ -50.291879559698401, -21.890192663264902 ], [ -50.291884363809601, -21.890223684403299 ], [ -50.291889083982099, -21.890254283082303 ], [ -50.291893925308301, -21.890284906263297 ], [ -50.291899083859398, -21.890315617449005 ], [ -50.2919034713114, -21.890346748013592 ], [ -50.291907441411396, -21.890377815015995 ], [ -50.291911454322303, -21.89040836665249 ], [ -50.291915878003998, -21.890438781669189 ], [ -50.2919207818572, -21.890469408235699 ], [ -50.291925279401703, -21.890499986099002 ], [ -50.291929916838008, -21.890530457930502 ], [ -50.291934102813798, -21.890561344515405 ], [ -50.291937536690298, -21.890592524961598 ], [ -50.2919410586859, -21.890623495125595 ], [ -50.291944628033598, -21.890654132904494 ], [ -50.291948527622502, -21.890684625825394 ], [ -50.2919524445105, -21.890715210535507 ], [ -50.291956334297197, -21.890746012186295 ], [ -50.291959713529003, -21.890776977540899 ], [ -50.291962925848303, -21.890807885464795 ], [ -50.291966456980802, -21.890838709085994 ], [ -50.291970455630604, -21.890869686617503 ], [ -50.291974330195501, -21.890901104599301 ], [ -50.291978232356598, -21.890932420782292 ], [ -50.291982150675203, -21.890963497689089 ], [ -50.291986195682703, -21.890994597207005 ], [ -50.291990330731203, -21.891025562516287 ], [ -50.291994280597898, -21.891056370247501 ], [ -50.291998623034402, -21.891086909469099 ], [ -50.292003147243797, -21.891117226638503 ], [ -50.292007585476298, -21.891147433744408 ], [ -50.292012249093503, -21.891177388299798 ], [ -50.2920173886315, -21.891207061873395 ], [ -50.2920233966952, -21.891236962056492 ], [ -50.292029387434901, -21.891267423577204 ], [ -50.292035127658501, -21.891298091610402 ], [ -50.292041383275198, -21.891328383718704 ], [ -50.292048016246099, -21.891358266771501 ], [ -50.292055240596802, -21.891388496882399 ], [ -50.292061825029002, -21.8914188381268 ], [ -50.292069299091899, -21.891448962175701 ], [ -50.292076515192697, -21.891479412859798 ], [ -50.292083673618301, -21.891509857435203 ], [ -50.292090649442201, -21.891540082329996 ], [ -50.292097952933403, -21.891570007237998 ], [ -50.292105454897801, -21.891599713174003 ], [ -50.292113607266998, -21.891629837989999 ], [ -50.292120869025098, -21.891660216110093 ], [ -50.292128299864203, -21.891689968202204 ], [ -50.292136392683702, -21.89171970867919 ], [ -50.292144680652797, -21.891749369048192 ], [ -50.292153950052899, -21.891778880629701 ], [ -50.2921631141148, -21.891808590170005 ], [ -50.292173549118999, -21.891837521397388 ], [ -50.292184808151497, -21.891866402996598 ], [ -50.292196611420003, -21.891894726531604 ], [ -50.292209738536798, -21.891921677561385 ], [ -50.292224981316302, -21.891946939320697 ], [ -50.292242468110899, -21.891972721735701 ], [ -50.2922598801973, -21.891998650855896 ], [ -50.292279010033802, -21.892023765803096 ], [ -50.292287235871797, -21.892034273112987 ], [ -50.292306009588899, -21.892020744076394 ], [ -50.292328782127001, -21.8920038929177 ], [ -50.292351686013006, -21.891987465766992 ], [ -50.292374003459607, -21.891970409462804 ], [ -50.292396711949301, -21.891953436600684 ], [ -50.292419270325603, -21.891936389879596 ], [ -50.292441983894697, -21.891919363767698 ], [ -50.292464715578198, -21.891902521138899 ], [ -50.292487263299101, -21.891885567708197 ], [ -50.292509883404797, -21.891868510960904 ], [ -50.292532787650799, -21.891851438668905 ], [ -50.292555958869301, -21.891834951150894 ], [ -50.292578856193202, -21.891818238815496 ], [ -50.292602022539597, -21.891801855222091 ], [ -50.292624750605306, -21.891785360286402 ], [ -50.292647266527098, -21.891768570361101 ], [ -50.292669857151502, -21.891751402207003 ], [ -50.292692880349399, -21.891734576566897 ], [ -50.292715993153401, -21.891717749415395 ], [ -50.2927393606804, -21.891701645567387 ], [ -50.2927621755506, -21.891685072228608 ], [ -50.292785403103608, -21.891668621750398 ], [ -50.292808554494499, -21.891652244104204 ], [ -50.292831561899909, -21.891635961698793 ], [ -50.292854360583803, -21.891619266747693 ], [ -50.292877439196999, -21.891602722453992 ], [ -50.292900439298698, -21.891586097952498 ], [ -50.292923562988001, -21.891569703294486 ], [ -50.2929464101287, -21.891553189822108 ], [ -50.292969223301903, -21.891536517116599 ], [ -50.292991953057303, -21.891519861965701 ], [ -50.293014442700198, -21.891502925650698 ], [ -50.2930369765511, -21.891485910319901 ], [ -50.293059510640298, -21.891468746210794 ], [ -50.293082326225402, -21.891451687903391 ], [ -50.29310536368331, -21.891434847861703 ], [ -50.293128488353602, -21.891418361784584 ], [ -50.293151356348403, -21.891401858115099 ], [ -50.293174207377803, -21.891385101685692 ], [ -50.293197334226903, -21.891368485671901 ], [ -50.293220361717403, -21.891352119154092 ], [ -50.293243044116394, -21.891335489136498 ], [ -50.293265623364803, -21.891318758570595 ], [ -50.293287945361001, -21.891301654903099 ], [ -50.293310386302103, -21.891284468538693 ], [ -50.293332776290598, -21.891267266911093 ], [ -50.2933550946778, -21.891250032227404 ], [ -50.293377365362097, -21.891232662051092 ], [ -50.293399751436901, -21.891215317109104 ], [ -50.293422075116609, -21.891198107522111 ], [ -50.2934441820125, -21.891180670557596 ], [ -50.293466389616199, -21.891163204834303 ], [ -50.293488625300299, -21.891145674142905 ], [ -50.293510916554602, -21.891128397230002 ], [ -50.293532830366097, -21.891110889047894 ], [ -50.293554788526599, -21.891093171476808 ], [ -50.293576839724501, -21.891075505820798 ], [ -50.293598790856898, -21.891057872397795 ], [ -50.293620538996699, -21.891040166590596 ], [ -50.293642107311499, -21.891022179977696 ], [ -50.293663853454497, -21.891004052171098 ], [ -50.293685921941801, -21.890986087932397 ], [ -50.293708048382101, -21.890968565847409 ], [ -50.2937297525825, -21.890950819192895 ], [ -50.293751396226803, -21.890933009052993 ], [ -50.293772774186401, -21.890914848311994 ], [ -50.293794121971104, -21.890896794568295 ], [ -50.293814992855303, -21.890878204158899 ], [ -50.293836430730401, -21.8908593515573 ], [ -50.293858608489103, -21.890841237078195 ], [ -50.2938806928939, -21.890823487017503 ], [ -50.293902846215403, -21.890805786479593 ], [ -50.293925274892501, -21.8907882188001 ], [ -50.293947982165299, -21.890770972754193 ], [ -50.293970661081801, -21.890754074129894 ], [ -50.293992943565001, -21.890737083214002 ], [ -50.2940149904639, -21.890719710313892 ], [ -50.294037047792401, -21.890702225032104 ], [ -50.294059031786801, -21.890684537095392 ], [ -50.294081080427603, -21.890667007878903 ], [ -50.294102744484697, -21.890649303218485 ], [ -50.294124319843696, -21.890631255516894 ], [ -50.294146078252503, -21.890613227541692 ], [ -50.294167837552898, -21.890595240888004 ], [ -50.294189510699105, -21.89057738887789 ], [ -50.294210883306903, -21.890559228254105 ], [ -50.294232623552297, -21.890540815559199 ], [ -50.294255047783608, -21.890522986222699 ], [ -50.294277422348102, -21.89050562324249 ], [ -50.2942995992831, -21.890488208365298 ], [ -50.294311316952097, -21.890479012471893 ], [ -50.294293983598699, -21.890457765597198 ], [ -50.294276361039906, -21.890436042929394 ], [ -50.294259035709501, -21.890414079703085 ], [ -50.294241924836101, -21.890392136235295 ], [ -50.294224821756501, -21.890370235291908 ], [ -50.294207732442104, -21.890348356178205 ], [ -50.29419063206921, -21.890326599402485 ], [ -50.2941733363159, -21.890305060083005 ], [ -50.294155773152504, -21.890283649549104 ], [ -50.294138061302299, -21.890262277296099 ], [ -50.294120204357803, -21.890240919913698 ], [ -50.294102388487303, -21.890219480974601 ], [ -50.294084643243202, -21.890198121837781 ], [ -50.2940667271479, -21.890176921225507 ], [ -50.2940487207524, -21.890155741349592 ], [ -50.294030562775703, -21.890134571034405 ], [ -50.294012501245398, -21.890113251487989 ], [ -50.293994604269706, -21.890092020355791 ], [ -50.293976474340802, -21.89007104516239 ], [ -50.293958213605201, -21.890050120327704 ], [ -50.293939681734301, -21.890029231519897 ], [ -50.293921279165509, -21.890008060490601 ], [ -50.293903125099803, -21.889986846660996 ], [ -50.293884880897799, -21.889965632449098 ], [ -50.293866912757103, -21.889944152573985 ], [ -50.293849117767699, -21.889922749466489 ], [ -50.293831177934202, -21.8899013594128 ], [ -50.293813476981903, -21.889879768148699 ], [ -50.293795829988497, -21.889858319213609 ], [ -50.293778038834198, -21.889836911833797 ], [ -50.293760269618502, -21.889815365052399 ], [ -50.2937426290191, -21.889793708641804 ], [ -50.29372515511141, -21.889772019013893 ], [ -50.293707671013202, -21.889750384480308 ], [ -50.293690178867401, -21.889728691922894 ], [ -50.293672748690803, -21.889706889408998 ], [ -50.2936555201725, -21.889685022023695 ], [ -50.293638222474598, -21.889663181882696 ], [ -50.293621188041698, -21.889641271128799 ], [ -50.293603918956997, -21.889619622472591 ], [ -50.293586551861303, -21.889597856241494 ], [ -50.293569246230703, -21.889575985738901 ], [ -50.293552101610999, -21.889554067200194 ], [ -50.293534973232603, -21.889532242557898 ], [ -50.293517755635698, -21.889510481408802 ], [ -50.293500432420402, -21.889488668710491 ], [ -50.293483208268697, -21.88946665097161 ], [ -50.293466294301204, -21.889444546459998 ], [ -50.293449359850804, -21.889422593488401 ], [ -50.293432285850798, -21.889400544505104 ], [ -50.293415468694398, -21.889378210272902 ], [ -50.293398901847603, -21.889355810514004 ], [ -50.293382499656303, -21.889333422543093 ], [ -50.293366103289102, -21.889311153995592 ], [ -50.293349525958497, -21.889288965437103 ], [ -50.293332918993499, -21.889266687108201 ], [ -50.293316410984005, -21.889244394835984 ], [ -50.293299855184799, -21.889222206211596 ], [ -50.293283188657099, -21.889200035967995 ], [ -50.293266556644802, -21.889177848072897 ], [ -50.293249862977802, -21.889155764704888 ], [ -50.293232963867197, -21.889133618746005 ], [ -50.293216309987699, -21.889111137592295 ], [ -50.2932000383652, -21.889088621231693 ], [ -50.293183777916802, -21.889066373761192 ], [ -50.293167104138099, -21.889044219768394 ], [ -50.293150572821702, -21.8890217541149 ], [ -50.293134297592701, -21.888999336856408 ], [ -50.2931178504085, -21.888977110055809 ], [ -50.293101311091696, -21.888954809850091 ], [ -50.293084868191301, -21.8889324879501 ], [ -50.2930682887188, -21.888910207995895 ], [ -50.293051851846599, -21.888887767317382 ], [ -50.293035447713599, -21.888865296511103 ], [ -50.293019247089298, -21.888842707454504 ], [ -50.293003163642901, -21.88882026612551 ], [ -50.2929868353201, -21.888798038791105 ], [ -50.292970298518497, -21.888775787034398 ], [ -50.292953790019901, -21.888753431490997 ], [ -50.2929373966927, -21.888731118923488 ], [ -50.292920852922499, -21.888708968305284 ], [ -50.292904134439802, -21.888686751702604 ], [ -50.292887669849399, -21.888664464528702 ], [ -50.2928709383349, -21.888642392032398 ], [ -50.292854233782606, -21.888620122216793 ], [ -50.292837648284205, -21.888597813942706 ], [ -50.292821160162397, -21.888575569656588 ], [ -50.292804431900102, -21.888553351561892 ], [ -50.292788047787901, -21.888530964245195 ], [ -50.292771458573597, -21.888508882594909 ], [ -50.292754721987897, -21.888486723569493 ], [ -50.292738219651199, -21.888464709398402 ], [ -50.292721192566098, -21.888443359234895 ], [ -50.2927034736378, -21.888422229745199 ], [ -50.292685577537704, -21.888401140291585 ], [ -50.292667407197399, -21.888380429937097 ], [ -50.292648875820603, -21.888360177392006 ], [ -50.292629790627402, -21.888340584639501 ], [ -50.292609956594802, -21.888321698322688 ], [ -50.292589348548006, -21.888303386116888 ], [ -50.292568211372298, -21.888285542237202 ], [ -50.292546433060501, -21.888268230225499 ], [ -50.2925243730514, -21.888251199915501 ], [ -50.292501963544801, -21.8882348635467 ], [ -50.2924790263814, -21.888219272459288 ], [ -50.2924554809398, -21.888204406625299 ], [ -50.292431502595505, -21.888190165223193 ], [ -50.292407158660701, -21.888176817927398 ], [ -50.292382165927499, -21.888164554362508 ], [ -50.292356352747603, -21.888152949581801 ], [ -50.292330401463502, -21.888141420999595 ], [ -50.292304213212702, -21.888130561584401 ], [ -50.292277832048001, -21.888120005988796 ], [ -50.292251284569701, -21.888110011507305 ], [ -50.2922242516983, -21.888100444526192 ], [ -50.292197002998499, -21.888090573258392 ], [ -50.292170126026001, -21.888080492774105 ], [ -50.292143254962703, -21.888070975351699 ], [ -50.292116209524202, -21.888061722517996 ], [ -50.2920890003032, -21.888052780946794 ], [ -50.292061799733503, -21.8880440436239 ], [ -50.292034474655203, -21.888035863599697 ], [ -50.292006949762197, -21.888028027874402 ], [ -50.291979356021002, -21.888020530562798 ], [ -50.29195155770811, -21.888013487025294 ], [ -50.291923553672802, -21.888006560757201 ], [ -50.291895624091602, -21.887999681723301 ], [ -50.291867683373397, -21.887993210839308 ], [ -50.291839578260699, -21.8879870109321 ], [ -50.291811624261101, -21.8879809920813 ], [ -50.291783559241097, -21.887975789799992 ], [ -50.291755164487398, -21.887970891549401 ], [ -50.291726581488298, -21.887966059951996 ], [ -50.291697911154998, -21.887961088931988 ], [ -50.291669426775698, -21.887955926833698 ], [ -50.291641042765796, -21.887951069383398 ], [ -50.291612529693602, -21.887946417923594 ], [ -50.291584010326098, -21.887941803277201 ], [ -50.2915553996786, -21.887937401092387 ], [ -50.291526756607198, -21.887932885687498 ], [ -50.291498104410501, -21.887928448978098 ], [ -50.291469473896299, -21.887923921377304 ], [ -50.291440900247103, -21.887919497911394 ], [ -50.291412302180397, -21.887915188061108 ], [ -50.291383559847198, -21.887910936335295 ], [ -50.291354779304008, -21.887906419455003 ], [ -50.291326099012998, -21.887901763659382 ], [ -50.291297478944003, -21.887897067051192 ], [ -50.2912689716321, -21.887892385768996 ], [ -50.291240408118497, -21.887887961474597 ], [ -50.291211606242001, -21.887883471421897 ], [ -50.291182804099698, -21.887878545785998 ], [ -50.291154171107102, -21.887873387946399 ], [ -50.291125528311198, -21.887868139565704 ], [ -50.291096915679297, -21.887862553602993 ], [ -50.291068478568697, -21.887856788851398 ], [ -50.2910401382833, -21.887851081803991 ], [ -50.2910118829437, -21.887845486952404 ], [ -50.2909835539932, -21.887840223474104 ], [ -50.2909551087889, -21.887835030485192 ], [ -50.290926581512309, -21.887829886961502 ], [ -50.290898271083798, -21.887824674450201 ], [ -50.290869896994799, -21.887820076247987 ], [ -50.2908411950527, -21.88781545168251 ], [ -50.290812455220099, -21.887810571391206 ], [ -50.290783832647101, -21.887805467777397 ], [ -50.290755244553097, -21.887800324859704 ], [ -50.290726760202098, -21.887795031486895 ], [ -50.290698287655097, -21.88778989683669 ], [ -50.290669760127699, -21.887784709653999 ], [ -50.290641402634698, -21.887779539458901 ], [ -50.2906129936189, -21.887774771278398 ], [ -50.290584376664597, -21.887770051490293 ], [ -50.290555801573902, -21.887765194662407 ], [ -50.290527290300403, -21.887760475335892 ], [ -50.290498802433397, -21.887755868355992 ], [ -50.2904702801901, -21.887751505659395 ], [ -50.290441580636497, -21.887747250836302 ], [ -50.290412809958497, -21.8877427918131 ], [ -50.2903842112229, -21.887738196177697 ], [ -50.290355770701503, -21.887733842947892 ], [ -50.290327196363499, -21.887729860986298 ], [ -50.290298456000698, -21.887725868912103 ], [ -50.290274774329198, -21.8877225376491 ], [ -50.290282680638505, -21.887728434044607 ], [ -50.2903078689192, -21.887747151728398 ], [ -50.290333035630901, -21.887766311473808 ], [ -50.290357881590801, -21.887785900839596 ], [ -50.290382352564698, -21.887805438035802 ], [ -50.290407192992198, -21.887824304833885 ], [ -50.290432531963901, -21.887843267683888 ], [ -50.290458220896902, -21.887862386135108 ], [ -50.290484632505397, -21.887881015982597 ], [ -50.290510672935703, -21.887900322045994 ], [ -50.290536895972807, -21.8879197441698 ], [ -50.290562911653801, -21.887939808319612 ], [ -50.290588786476199, -21.887959829426404 ], [ -50.290614682298198, -21.887980380006997 ], [ -50.290639724187599, -21.888001734376296 ], [ -50.290663965292097, -21.888023746107496 ], [ -50.290687462858898, -21.888046418133705 ], [ -50.290710874885406, -21.888069076907598 ], [ -50.290734182611999, -21.888092253104208 ], [ -50.290756786714901, -21.888115999389797 ], [ -50.290779138387698, -21.888140724227998 ], [ -50.290800179311603, -21.888166358417301 ], [ -50.290820143821499, -21.888191840003305 ], [ -50.290839718873599, -21.888217119930186 ], [ -50.290859303801199, -21.888242595301101 ], [ -50.290878071286798, -21.888268946462095 ], [ -50.290895756901001, -21.888296148033305 ], [ -50.290912570165197, -21.8883236932278 ], [ -50.290928497437399, -21.888351419409396 ], [ -50.290943923984102, -21.888378990167702 ], [ -50.290959848519599, -21.888406734517186 ], [ -50.2909754768339, -21.888434823414897 ], [ -50.290990813699203, -21.888463003919501 ], [ -50.291005794575803, -21.888490900097107 ], [ -50.291020729989299, -21.888518294020091 ], [ -50.291035556874611, -21.888545988589104 ], [ -50.291050324115901, -21.888573816002609 ], [ -50.291065516322597, -21.888601918167801 ], [ -50.291080266868299, -21.888630504365295 ], [ -50.2910949478321, -21.888658425923811 ], [ -50.291109584273997, -21.888685354329802 ], [ -50.291125461179, -21.888712132385791 ], [ -50.291141421929503, -21.888739021256903 ], [ -50.291158252145898, -21.888765348977206 ], [ -50.291175604684902, -21.888791572875697 ], [ -50.291193323486297, -21.888817302070297 ], [ -50.291211513993098, -21.888842597266091 ], [ -50.291230241708298, -21.888867689881994 ], [ -50.291248991056001, -21.888892775040492 ], [ -50.291268045091805, -21.888917634513906 ], [ -50.291287548263199, -21.888942365851197 ], [ -50.291306779589597, -21.888967393601902 ], [ -50.291326003564798, -21.888991964902605 ], [ -50.291345811506098, -21.88901646065009 ], [ -50.2913655142507, -21.889041257310591 ], [ -50.291385603984601, -21.889065823422104 ], [ -50.2914055917879, -21.889090913868198 ], [ -50.291425033964799, -21.889116279238198 ], [ -50.291444209277202, -21.889142040678895 ], [ -50.291462882262699, -21.889167698877397 ], [ -50.2914816861189, -21.889193260864293 ], [ -50.291500645533397, -21.889218866269701 ], [ -50.291518690449898, -21.889245259697795 ], [ -50.291535780805297, -21.8892721375523 ], [ -50.291552223115701, -21.889298957315297 ], [ -50.291568385899609, -21.889325942621994 ], [ -50.291584096957003, -21.889353092514405 ], [ -50.291599592985001, -21.889380182982805 ], [ -50.291614993083002, -21.889407392461003 ], [ -50.291630001791702, -21.889434536077104 ], [ -50.291645402416407, -21.889461653300707 ], [ -50.291660513681009, -21.889489170097391 ], [ -50.291674920099197, -21.889516751238101 ], [ -50.291688946495498, -21.889544656569093 ], [ -50.291702343108099, -21.889572659953402 ], [ -50.291715375682102, -21.889600852122403 ], [ -50.291728243837397, -21.889629076536792 ], [ -50.2917406844997, -21.889657590716396 ], [ -50.291752478468602, -21.889686242733998 ], [ -50.291763666401103, -21.889714811676399 ], [ -50.291774974122099, -21.889743538955209 ], [ -50.291785592911303, -21.889772631587594 ], [ -50.291795398928599, -21.889801763003092 ], [ -50.291804636094597, -21.889831125679397 ], [ -50.291813423584799, -21.889860859514506 ], [ -50.291821128423997, -21.889890552081592 ] ] ] } },
{ "type": "Feature", "properties": { "CHAVE": "3017282", "FAZENDA": "301728", "NOME_FAZ": "FAZENDA SAO PEDRO", "ZONA": 1.0, "TALHAO": 2.0, "AREA_TOTAL": 10.316307579771243, "TIPO_GEO": "TALHAO", "DATA_INICI": null, "DATA_FINAL": null, "HORA_INICI": null, "HORA_FINAL": null, "CLASSE": null, "PILOTO": null, "AERONAVE": null, "AREA_HA": null }, "geometry": { "type": "Polygon", "coordinates": [ [ [ -50.2924007902892, -21.892150141355707 ], [ -50.292424589143998, -21.892170057810503 ], [ -50.292448903767401, -21.892188855857597 ], [ -50.292474249744998, -21.892206631135199 ], [ -50.292500218421303, -21.892223645702103 ], [ -50.292526844088101, -21.892239694601805 ], [ -50.292553966768104, -21.892255674466597 ], [ -50.2925808897796, -21.892271879452693 ], [ -50.292608188534501, -21.892287011357194 ], [ -50.292636398658502, -21.892301923455392 ], [ -50.292664798594309, -21.892316574973595 ], [ -50.292693781126701, -21.892330103227597 ], [ -50.292723210006301, -21.892342999039407 ], [ -50.292752743098298, -21.892355023443798 ], [ -50.2927830044191, -21.892366154204101 ], [ -50.292813177386101, -21.892377724981799 ], [ -50.292842887577009, -21.892388828590388 ], [ -50.2928729738667, -21.892399196782286 ], [ -50.292903567485801, -21.892409073267189 ], [ -50.292934823275203, -21.892418839639909 ], [ -50.292966184733501, -21.8924288313437 ], [ -50.292997250222008, -21.892438645569907 ], [ -50.2930281980179, -21.892447625450604 ], [ -50.293059565267697, -21.892456035575211 ], [ -50.293091098576802, -21.892465006154094 ], [ -50.2931223829342, -21.892473617427505 ], [ -50.293153760036304, -21.892481554284704 ], [ -50.293185263957099, -21.892488887727001 ], [ -50.2932170695453, -21.892496157432099 ], [ -50.293248553042702, -21.892503904412685 ], [ -50.293280091402302, -21.892511234798899 ], [ -50.293311675162698, -21.892518997588091 ], [ -50.293343127476099, -21.892526427174186 ], [ -50.293374484381602, -21.892533650312107 ], [ -50.293405970492103, -21.892540428929994 ], [ -50.2934379908274, -21.892546930403999 ], [ -50.293470121092199, -21.892553855497603 ], [ -50.293502029315803, -21.892560812876802 ], [ -50.293533435988302, -21.892567934145404 ], [ -50.293564724179198, -21.892575165764594 ], [ -50.293595567411103, -21.892582491704204 ], [ -50.293626935566898, -21.892589310175705 ], [ -50.293659026885102, -21.892596474730297 ], [ -50.293691033454401, -21.892603560267112 ], [ -50.2937231182771, -21.892609542283292 ], [ -50.293755640451103, -21.892615201063194 ], [ -50.293788326856699, -21.892621713600203 ], [ -50.293820020989799, -21.892628711809795 ], [ -50.293851405118801, -21.892635615284501 ], [ -50.293883169240402, -21.892641948361398 ], [ -50.293915488757698, -21.8926487727331 ], [ -50.293948371897301, -21.892655900494105 ], [ -50.293980524759903, -21.892663197165696 ], [ -50.294012561329701, -21.892669930237695 ], [ -50.29404443606181, -21.892677610920099 ], [ -50.294076054398801, -21.892684623327199 ], [ -50.294107858403599, -21.892691449870693 ], [ -50.294139561060902, -21.892698876475894 ], [ -50.294171237943303, -21.892707072189189 ], [ -50.294202634403199, -21.892715583107904 ], [ -50.294233861026697, -21.892724274919793 ], [ -50.294265359487497, -21.892733319700906 ], [ -50.294296915062503, -21.892742989060704 ], [ -50.294328284593902, -21.892753197773509 ], [ -50.294359542932, -21.892764352515403 ], [ -50.294390029839398, -21.8927754336605 ], [ -50.294420837744802, -21.892786489475395 ], [ -50.294451483223398, -21.892798374566496 ], [ -50.294481844989903, -21.892810761486995 ], [ -50.294511912991297, -21.892823754083192 ], [ -50.294541643700001, -21.892837463254097 ], [ -50.294571087400307, -21.892851617030399 ], [ -50.294600358843198, -21.892866487510993 ], [ -50.294629150540104, -21.892881995451493 ], [ -50.294656767748407, -21.89289867716429 ], [ -50.294683459317199, -21.892915584382386 ], [ -50.294709912481501, -21.892932750314898 ], [ -50.294736587125207, -21.892950389850593 ], [ -50.294762870917502, -21.892969118707505 ], [ -50.294788583709703, -21.892988549022693 ], [ -50.294814047622999, -21.893008028346806 ], [ -50.294839512091301, -21.893028033969589 ], [ -50.294864179387801, -21.893048766404902 ], [ -50.294888428019803, -21.893069525502195 ], [ -50.294912365999799, -21.893090510093398 ], [ -50.294936489060603, -21.893111564674893 ], [ -50.294960565736702, -21.893132929916597 ], [ -50.294984232086698, -21.893154573629001 ], [ -50.295007541942603, -21.893176531133697 ], [ -50.295030438511198, -21.893198821288596 ], [ -50.295052945998698, -21.893221104719299 ], [ -50.295075702222903, -21.893243294905801 ], [ -50.2950985364903, -21.893265641044188 ], [ -50.295120942305502, -21.893288469703304 ], [ -50.295143274117102, -21.893311358603192 ], [ -50.2951654633125, -21.893334558585899 ], [ -50.295187342893598, -21.893357573741397 ], [ -50.2952093366765, -21.893380372768004 ], [ -50.295231437439298, -21.893403083730597 ], [ -50.295253345904001, -21.893426361787196 ], [ -50.295274827934598, -21.89344988652649 ], [ -50.295296273427802, -21.893472960350092 ], [ -50.295317925534803, -21.893496233623704 ], [ -50.295339230979998, -21.89351994567129 ], [ -50.295360351699102, -21.893543556122804 ], [ -50.295381503505098, -21.893567206115389 ], [ -50.295402362968801, -21.893591133002701 ], [ -50.2954229427326, -21.893614769992595 ], [ -50.295443742553097, -21.893638036059208 ], [ -50.295465156428897, -21.893660943236007 ], [ -50.295487365045702, -21.893683451147293 ], [ -50.295509770702502, -21.893706506834299 ], [ -50.295532061652501, -21.893728867005493 ], [ -50.295554689800603, -21.893750447662299 ], [ -50.295577711425004, -21.893772318703597 ], [ -50.295600547890103, -21.893794172803101 ], [ -50.295623884517497, -21.893815795343397 ], [ -50.295647668882197, -21.893837766244193 ], [ -50.295671757179207, -21.893859618810996 ], [ -50.2956954810195, -21.893881447419702 ], [ -50.295719358621803, -21.893902969938996 ], [ -50.295743509939101, -21.893924184401804 ], [ -50.295767928790497, -21.893945182262588 ], [ -50.295792612986098, -21.893966219984492 ], [ -50.295817288774103, -21.893987457811601 ], [ -50.295841328466899, -21.894008919787208 ], [ -50.295865249301002, -21.894029382353292 ], [ -50.295889410189197, -21.894049980334703 ], [ -50.295913651455002, -21.894070438458893 ], [ -50.295937998420797, -21.894091051914405 ], [ -50.295961924469303, -21.894111522936189 ], [ -50.295986581263399, -21.894131403659795 ], [ -50.296010720088802, -21.894152501268291 ], [ -50.296034581425197, -21.894173100873495 ], [ -50.2960587605981, -21.894194265558401 ], [ -50.296082536434, -21.89421543130069 ], [ -50.296106234689098, -21.894236179968694 ], [ -50.296130190828798, -21.894256910894896 ], [ -50.296154082725799, -21.894278103253697 ], [ -50.296177910739203, -21.894298699115097 ], [ -50.296201957646502, -21.894319552961392 ], [ -50.296225704399198, -21.894341479854202 ], [ -50.296248887512199, -21.894364254487897 ], [ -50.296270948771699, -21.894387796715993 ], [ -50.296292003890301, -21.894411847283106 ], [ -50.296312053868803, -21.894436917686704 ], [ -50.29633109909971, -21.894462635590902 ], [ -50.296349260279499, -21.894489242751995 ], [ -50.296366014402203, -21.894516974854003 ], [ -50.296380660946298, -21.894546267935002 ], [ -50.296392471661299, -21.894576795182903 ], [ -50.2964011199334, -21.894607924096686 ], [ -50.296406665977997, -21.894639488068592 ], [ -50.296409924918798, -21.894671048570604 ], [ -50.296410369365397, -21.894703001629995 ], [ -50.296406477658998, -21.894734678245701 ], [ -50.296400286494297, -21.894765068894596 ], [ -50.2963922678654, -21.894795318308397 ], [ -50.296381499983902, -21.894824860118597 ], [ -50.2963698972112, -21.894853642634406 ], [ -50.296357343146802, -21.8948817447768 ], [ -50.296344122893501, -21.894909494076405 ], [ -50.296330594234, -21.894936994070104 ], [ -50.2963164837658, -21.894964000351106 ], [ -50.2963021481673, -21.894990845687897 ], [ -50.296286678525199, -21.895016125401298 ], [ -50.296272179558109, -21.895040224391899 ], [ -50.296259726808898, -21.895063968021901 ], [ -50.296247346894802, -21.895085966166096 ], [ -50.296235970718797, -21.895107084800394 ], [ -50.2962265736817, -21.895123997642401 ], [ -50.296219473972599, -21.895136166677002 ], [ -50.296203074790398, -21.895163454923395 ], [ -50.296197327876797, -21.895173383112294 ], [ -50.296196077009398, -21.89517556696519 ], [ -50.296220751888498, -21.895184781527991 ], [ -50.296247718471498, -21.895194947540297 ], [ -50.296274756002298, -21.895205179592701 ], [ -50.296301672839299, -21.895215739340497 ], [ -50.296328514733098, -21.8952263757146 ], [ -50.2963552816597, -21.895237245400992 ], [ -50.296381879690998, -21.895248244091889 ], [ -50.296408137484903, -21.895259082164188 ], [ -50.296434569739198, -21.895269003242394 ], [ -50.296461628440902, -21.895278499045585 ], [ -50.296488921747098, -21.895288341791495 ], [ -50.296516096727999, -21.895298541257493 ], [ -50.296542839480701, -21.895308934195697 ], [ -50.296569785496999, -21.895318834921795 ], [ -50.296596925171805, -21.895329133962296 ], [ -50.296623573343197, -21.895339701270707 ], [ -50.2966504483338, -21.895349639622196 ], [ -50.296677507130703, -21.895359964422401 ], [ -50.296704356620801, -21.895370474259295 ], [ -50.296730964502302, -21.895380858719484 ], [ -50.296757873186003, -21.895390791137405 ], [ -50.296784924748202, -21.8954010343171 ], [ -50.296811769586398, -21.895411403131416 ], [ -50.296838771707598, -21.8954216665649 ], [ -50.296865639536897, -21.895432396912003 ], [ -50.296892281106402, -21.895443078644988 ], [ -50.296919005786599, -21.895453616459204 ], [ -50.296945750562699, -21.895464252626606 ], [ -50.296972371181603, -21.895474841572796 ], [ -50.296999191043099, -21.895485198589697 ], [ -50.297026075110303, -21.895495844871991 ], [ -50.297052977562103, -21.895506735627396 ], [ -50.2970795330626, -21.895518120653797 ], [ -50.297105693624502, -21.895529272011196 ], [ -50.297132170963003, -21.895539776366402 ], [ -50.297158894421102, -21.895550358006698 ], [ -50.297185774118901, -21.895560966671301 ], [ -50.297212287005301, -21.895571901268404 ], [ -50.297238842308403, -21.895582222115092 ], [ -50.297265294191007, -21.895592304360484 ], [ -50.297292425587699, -21.895601443507697 ], [ -50.297319635633301, -21.895611236475304 ], [ -50.297346831448102, -21.895620763305292 ], [ -50.297374167175597, -21.895630625139297 ], [ -50.297401271691598, -21.895640924612799 ], [ -50.297428114808099, -21.895651282326394 ], [ -50.297454975661999, -21.895661509185008 ], [ -50.297481788215698, -21.895671763990187 ], [ -50.297508669077203, -21.895681806490192 ], [ -50.297535620928699, -21.895691865201194 ], [ -50.297562569709797, -21.89570190268169 ], [ -50.29758942973681, -21.895711832305512 ], [ -50.297616398139404, -21.895721428332902 ], [ -50.297643778983797, -21.895731008831703 ], [ -50.2976709133236, -21.895741271881292 ], [ -50.297697866659298, -21.895751417833193 ], [ -50.297724684758997, -21.895761633229299 ], [ -50.297751701107998, -21.895771578969189 ], [ -50.297778754767698, -21.89578188912779 ], [ -50.2978057155727, -21.895792364438503 ], [ -50.297832435314803, -21.895803043828696 ], [ -50.297859064193503, -21.895813469231499 ], [ -50.297885630334498, -21.8958235951504 ], [ -50.297912493869397, -21.895833090345 ], [ -50.297939731826297, -21.89584251980769 ], [ -50.297967142759703, -21.895852241301306 ], [ -50.2979942707071, -21.895862490516198 ], [ -50.298021214166603, -21.895872697352104 ], [ -50.298048206357002, -21.895883040066295 ], [ -50.298074991925297, -21.895893605761405 ], [ -50.2981017299808, -21.895903977493496 ], [ -50.298128655653798, -21.895914342760094 ], [ -50.298155688818902, -21.895925093513505 ], [ -50.298182363037498, -21.895936415006297 ], [ -50.298208965077301, -21.895947799513415 ], [ -50.298235247506398, -21.895959649677298 ], [ -50.298261277339002, -21.895971244095389 ], [ -50.2982873674381, -21.895982403088198 ], [ -50.298313653769803, -21.895993068297393 ], [ -50.298340381173503, -21.896003344875794 ], [ -50.298367373951898, -21.896013886418693 ], [ -50.298394152741103, -21.896024853972197 ], [ -50.298420686060197, -21.896035835331496 ], [ -50.298447229510401, -21.896046659649702 ], [ -50.298473926732299, -21.896057483087493 ], [ -50.2985003435994, -21.896068458783795 ], [ -50.298527052801397, -21.896078912332296 ], [ -50.298553645604599, -21.896089724173006 ], [ -50.298580354303709, -21.896100076396294 ], [ -50.298607131611099, -21.896110598509797 ], [ -50.298633806794399, -21.896120980092505 ], [ -50.298660663782897, -21.896131113276901 ], [ -50.298687573263898, -21.896141367533307 ], [ -50.298714454077299, -21.896151598855198 ], [ -50.298741356204197, -21.89616180748849 ], [ -50.298768162502398, -21.896172011086296 ], [ -50.298795016023099, -21.896181929937704 ], [ -50.2988219679766, -21.896191705809095 ], [ -50.2988489925579, -21.896201313561999 ], [ -50.298876054084502, -21.896210768230496 ], [ -50.2989030274763, -21.896219927973195 ], [ -50.298930384278208, -21.896228489643395 ], [ -50.298938913325408, -21.896231213349594 ], [ -50.2989309928682, -21.896221021014796 ], [ -50.298913884313798, -21.896199113291196 ], [ -50.298896849903599, -21.896177160303491 ], [ -50.298879661858699, -21.896155138549702 ], [ -50.298862833101403, -21.896132712357502 ], [ -50.298846428938297, -21.896110279561398 ], [ -50.298829990652997, -21.896088078926088 ], [ -50.298813404432998, -21.896066015519796 ], [ -50.298796517408398, -21.896043998380591 ], [ -50.298779741763902, -21.896021818031898 ], [ -50.298763036707101, -21.895999764569911 ], [ -50.298746153211098, -21.895977964317694 ], [ -50.298728857107001, -21.895956185454587 ], [ -50.298711709907302, -21.895934012888802 ], [ -50.298694992757206, -21.895911724486805 ], [ -50.298678353381099, -21.895889678502193 ], [ -50.298661502933903, -21.8958679187032 ], [ -50.298644194132599, -21.895846297209406 ], [ -50.298626841317301, -21.895824468165301 ], [ -50.298609606193601, -21.895802543628001 ], [ -50.298592548011698, -21.895780634194892 ], [ -50.2985753365151, -21.895758839279097 ], [ -50.2985581340455, -21.895736881961394 ], [ -50.298541059354299, -21.895714757094407 ], [ -50.298524338917602, -21.895692582844404 ], [ -50.298507568446503, -21.895670788176599 ], [ -50.298490314763797, -21.895649299128806 ], [ -50.298472839747497, -21.895627861924197 ], [ -50.298455056146601, -21.895606544363005 ], [ -50.298437237302799, -21.895585110701706 ], [ -50.298419423209701, -21.895563629692706 ], [ -50.298401718685405, -21.895542035875192 ], [ -50.298384106992501, -21.895520367461405 ], [ -50.298366695621297, -21.895498664384885 ], [ -50.298349069847298, -21.895476930189794 ], [ -50.298332083403103, -21.895454979555204 ], [ -50.298314599474608, -21.895433541569496 ], [ -50.298297180547898, -21.895411856484401 ], [ -50.298279658070001, -21.895390373212201 ], [ -50.298261922674101, -21.895368811114995 ], [ -50.298244517323702, -21.895347070745796 ], [ -50.298226989455003, -21.895325582429798 ], [ -50.298209289007204, -21.895303956822403 ], [ -50.298191872160899, -21.895282050039803 ], [ -50.298174680604902, -21.895260173637613 ], [ -50.298157470327908, -21.8952383916908 ], [ -50.298140244403498, -21.89521662923589 ], [ -50.298122939059198, -21.8951949974877 ], [ -50.2981053754757, -21.895173346066994 ], [ -50.298087968946398, -21.895151314987796 ], [ -50.298071030440198, -21.895129067498704 ], [ -50.298054296862801, -21.8951069305106 ], [ -50.298037462842103, -21.895084878226189 ], [ -50.298020625557399, -21.895062779886402 ], [ -50.298003824035, -21.895040693392808 ], [ -50.297987050900304, -21.895018725118089 ], [ -50.297970026331299, -21.894997001504105 ], [ -50.297952836011099, -21.894975448491003 ], [ -50.297935188314497, -21.894954111733494 ], [ -50.297917449542801, -21.894932612392811 ], [ -50.297899704794901, -21.894910998692389 ], [ -50.297882235501397, -21.894889202145393 ], [ -50.297864841489201, -21.894867435217012 ], [ -50.297847564396399, -21.894845621888297 ], [ -50.297830126932801, -21.894823681916105 ], [ -50.2978131870277, -21.894801197876795 ], [ -50.2977967954006, -21.8947786259439 ], [ -50.297780676072101, -21.894756403073512 ], [ -50.297763949974197, -21.8947347480131 ], [ -50.2977467042762, -21.894713139846402 ], [ -50.297729236848298, -21.894691343271695 ], [ -50.297712116165101, -21.894669306549503 ], [ -50.297695042098098, -21.894647371579712 ], [ -50.297678006169598, -21.894625437045995 ], [ -50.297660899525603, -21.894603520102596 ], [ -50.297643856034803, -21.894581510035287 ], [ -50.297626933079101, -21.894559555692993 ], [ -50.297609818864601, -21.894537746607497 ], [ -50.297592573257198, -21.894515752747797 ], [ -50.2975757167303, -21.8944934752503 ], [ -50.297559036943404, -21.894471341437601 ], [ -50.297542200402198, -21.894449310881402 ], [ -50.2975253176823, -21.894427129713311 ], [ -50.297508664774398, -21.894404792270887 ], [ -50.297492209610702, -21.894382603926896 ], [ -50.297475440787402, -21.894360719984508 ], [ -50.297458440201602, -21.894338838218598 ], [ -50.2974413406548, -21.894316903322487 ], [ -50.297424323236399, -21.894294879701391 ], [ -50.297407418410401, -21.894272969803989 ], [ -50.297390296545501, -21.894251305066202 ], [ -50.2973728529265, -21.894229627668292 ], [ -50.297355541818497, -21.894207686447398 ], [ -50.297338418394801, -21.894185673936096 ], [ -50.297321422442003, -21.8941636284042 ], [ -50.297304526103296, -21.894141619041289 ], [ -50.297287540733301, -21.894119726356809 ], [ -50.297270385408197, -21.894097757449593 ], [ -50.297253549821605, -21.894075639909186 ], [ -50.297236569885698, -21.894053748845597 ], [ -50.297219410199702, -21.894031615517903 ], [ -50.297202777827401, -21.8940090387783 ], [ -50.29718654127781, -21.893986573391089 ], [ -50.297170242662901, -21.893964471779796 ], [ -50.297153475089303, -21.893942714108192 ], [ -50.297136341021002, -21.893921059794408 ], [ -50.297118920842998, -21.893899397803295 ], [ -50.297101480208497, -21.893877448064096 ], [ -50.297084544401002, -21.893855263399189 ], [ -50.297067721512398, -21.893833403594694 ], [ -50.297050519742598, -21.893811837585304 ], [ -50.297033108826398, -21.893790322556193 ], [ -50.2970155639971, -21.893769027226799 ], [ -50.296997589387601, -21.893747999798805 ], [ -50.296979337489006, -21.8937268486508 ], [ -50.296961225121002, -21.893705393136599 ], [ -50.296943236597997, -21.893683515581785 ], [ -50.296926213432101, -21.893661015268801 ], [ -50.296909690090104, -21.893638745297391 ], [ -50.296893091644698, -21.893616880946592 ], [ -50.296875961881199, -21.893595389438698 ], [ -50.296858414331297, -21.893573912983811 ], [ -50.296840795902199, -21.893552316904099 ], [ -50.296823282573101, -21.893530646860288 ], [ -50.296805812414902, -21.89350903102369 ], [ -50.296788307831598, -21.893487506507395 ], [ -50.296770670894901, -21.893466083342293 ], [ -50.296752864104903, -21.893444614190795 ], [ -50.296735284742198, -21.893423026656105 ], [ -50.2967175904801, -21.893401633704396 ], [ -50.296699818817501, -21.893380170214392 ], [ -50.296682079071708, -21.893358633623492 ], [ -50.296664462265902, -21.89333705001469 ], [ -50.296646840274398, -21.893315508400999 ], [ -50.296629279122797, -21.893293994665296 ], [ -50.2966115726772, -21.893272629087605 ], [ -50.296593824017002, -21.893251338735109 ], [ -50.296575784586103, -21.893230189817906 ], [ -50.296557736427999, -21.893208885574797 ], [ -50.296539708160402, -21.893187477889199 ], [ -50.296521830106599, -21.893165758776298 ], [ -50.296504519243598, -21.893143795884896 ], [ -50.296487275158498, -21.893122047776199 ], [ -50.296469931067399, -21.893100281698008 ], [ -50.296452690715803, -21.893078422498689 ], [ -50.296435459073898, -21.893056585199208 ], [ -50.296418283618898, -21.893034730002704 ], [ -50.296401140451401, -21.893012999726999 ], [ -50.296383785391299, -21.892991506390892 ], [ -50.2963661626762, -21.892970119674892 ], [ -50.296348374419303, -21.892948701996698 ], [ -50.296330616735098, -21.892927171283393 ], [ -50.2963130334997, -21.892905666882196 ], [ -50.296295330230706, -21.892884455450805 ], [ -50.296277242305699, -21.892863389165495 ], [ -50.29625899877351, -21.892842054933006 ], [ -50.296241091226001, -21.892820258019 ], [ -50.296223769800598, -21.892798224640501 ], [ -50.296206775306601, -21.892776430402396 ], [ -50.29618945022591, -21.892755131504494 ], [ -50.296171603059904, -21.892734053828789 ], [ -50.296153503258502, -21.892712976614089 ], [ -50.296135280733097, -21.892691897402095 ], [ -50.296117037984601, -21.892670740506507 ], [ -50.296098920416497, -21.892649523028592 ], [ -50.29608077605311, -21.892628343290003 ], [ -50.296062672927903, -21.892607071805298 ], [ -50.296044651673299, -21.892585734641809 ], [ -50.296026728920999, -21.892564353792295 ], [ -50.296008816212101, -21.892542957873399 ], [ -50.295991060854206, -21.892521505389805 ], [ -50.295973240638411, -21.892500196218311 ], [ -50.2959552826646, -21.892478848620907 ], [ -50.295937495716601, -21.89245739285699 ], [ -50.295919781188097, -21.892436211597197 ], [ -50.295901549408399, -21.892415352424695 ], [ -50.295883378773198, -21.892394508455798 ], [ -50.295864670321897, -21.892374188860504 ], [ -50.295845546757199, -21.892353731200199 ], [ -50.295826512846503, -21.892332842234499 ], [ -50.295808115282803, -21.892311700252698 ], [ -50.295789684572803, -21.892290854848401 ], [ -50.295771293686897, -21.892270068019197 ], [ -50.295752466567599, -21.892249471528601 ], [ -50.295733810071297, -21.89222852251951 ], [ -50.2957151977471, -21.892207520331493 ], [ -50.295696859888501, -21.892186206898199 ], [ -50.295678805617399, -21.8921647347637 ], [ -50.295660996649097, -21.892143111543596 ], [ -50.295643523359203, -21.892121501806699 ], [ -50.295625766987598, -21.892100088507295 ], [ -50.295608216554903, -21.892078509969991 ], [ -50.295590489549902, -21.892057186647403 ], [ -50.295572741061399, -21.892035924852305 ], [ -50.295554590483199, -21.892014820705583 ], [ -50.295536541180503, -21.891993397227701 ], [ -50.295518687259602, -21.891971913776612 ], [ -50.295500962213502, -21.8919504597174 ], [ -50.295483187423798, -21.891929126094404 ], [ -50.295465327744409, -21.891907890989298 ], [ -50.295447154525803, -21.891886600642895 ], [ -50.295429355221501, -21.891864852681291 ], [ -50.295411904452401, -21.891843132697794 ], [ -50.295394447583298, -21.891821578642897 ], [ -50.295376861359401, -21.891800107027805 ], [ -50.2953590782855, -21.891778528559392 ], [ -50.295341601011707, -21.8917565849647 ], [ -50.295324416041005, -21.891734545158101 ], [ -50.295307464302802, -21.89171247779279 ], [ -50.295290597192597, -21.891690590085688 ], [ -50.295273422983101, -21.8916689547072 ], [ -50.295256033633301, -21.891647292414497 ], [ -50.295238651489406, -21.891625605106398 ], [ -50.295221214412102, -21.891603943837392 ], [ -50.295203802696001, -21.891582289562301 ], [ -50.2951863113447, -21.891560680479898 ], [ -50.295168832541997, -21.891539065487198 ], [ -50.295151320066203, -21.891517521029897 ], [ -50.295133656476203, -21.891495974709592 ], [ -50.295116095035802, -21.891474235246115 ], [ -50.295098733976403, -21.8914524462866 ], [ -50.295081450975502, -21.89143077753149 ], [ -50.295063948444998, -21.891409279969093 ], [ -50.295046390393701, -21.891387746184193 ], [ -50.295028709322303, -21.891366271381699 ], [ -50.295011031946899, -21.891344686565702 ], [ -50.294993469999298, -21.891323031332398 ], [ -50.294975980063299, -21.891301397456999 ], [ -50.294958443128301, -21.891279779452699 ], [ -50.294940865004598, -21.891257973694497 ], [ -50.294923638685098, -21.891235806661392 ], [ -50.294906840680497, -21.89121355426359 ], [ -50.294890139871598, -21.891191445583694 ], [ -50.2948733732891, -21.891169517367604 ], [ -50.294856253358098, -21.891147702223389 ], [ -50.294839262110401, -21.891125796917201 ], [ -50.294821949954098, -21.891104038762396 ], [ -50.294804822552805, -21.891081962147393 ], [ -50.294787967860202, -21.891060006765493 ], [ -50.294770779114501, -21.891038326811795 ], [ -50.294753538224903, -21.8910165653039 ], [ -50.294736246120003, -21.89099493067009 ], [ -50.294718761868701, -21.890973422226004 ], [ -50.294701137916803, -21.890951896394192 ], [ -50.294683555937901, -21.890930325715907 ], [ -50.2946659958385, -21.890908876735192 ], [ -50.294648114202097, -21.890887478790006 ], [ -50.294630546518199, -21.890865851707801 ], [ -50.294612751173901, -21.890844375438686 ], [ -50.294595223413502, -21.890822563939096 ], [ -50.294577883291502, -21.890800843461491 ], [ -50.294560458925197, -21.890779239480509 ], [ -50.294542937370302, -21.890757602913485 ], [ -50.294525555697497, -21.890735958223502 ], [ -50.294507969288702, -21.890714504579808 ], [ -50.294490298445901, -21.890692949897989 ], [ -50.2944728068911, -21.890671425873489 ], [ -50.294455001313899, -21.890650135415999 ], [ -50.294437168392399, -21.890628660629101 ], [ -50.2944195436584, -21.890607256725797 ], [ -50.2944016059392, -21.890586172177212 ], [ -50.294383524091003, -21.890565095181898 ], [ -50.294365191518303, -21.8905440373203 ], [ -50.294346948102699, -21.890522625750599 ], [ -50.2943347826739, -21.890507811163808 ], [ -50.294324527890502, -21.890515859001098 ], [ -50.294302264520702, -21.890533341755003 ], [ -50.294279981219802, -21.890550633915499 ], [ -50.294258194946501, -21.890567956018593 ], [ -50.2942369271207, -21.890585968604608 ], [ -50.294215356520297, -21.890604297468297 ], [ -50.294193484536699, -21.890622313261595 ], [ -50.294171767551006, -21.890640264939695 ], [ -50.294150094558098, -21.890658222145802 ], [ -50.294128420861803, -21.890676352108603 ], [ -50.294106389883197, -21.890694356632999 ], [ -50.294084227381902, -21.890711976373694 ], [ -50.294062222380703, -21.8907296812143 ], [ -50.294040013308297, -21.890747286788798 ], [ -50.294017683908997, -21.890764882300491 ], [ -50.2939949901426, -21.890782186831501 ], [ -50.293972281736004, -21.890799107431501 ], [ -50.293949941878999, -21.890816074429203 ], [ -50.293927883115998, -21.890833352368496 ], [ -50.293905917014101, -21.89085090332 ], [ -50.293883992413903, -21.890868524941904 ], [ -50.2938624663444, -21.890886107132896 ], [ -50.293841636471498, -21.890904425056284 ], [ -50.293820492737503, -21.890923258505101 ], [ -50.2937988058843, -21.890941599000396 ], [ -50.293777233379799, -21.890959925011192 ], [ -50.293755314083398, -21.890977961982497 ], [ -50.293733333465802, -21.89099593465469 ], [ -50.293711174413502, -21.891013482567509 ], [ -50.293689476719798, -21.891031144974193 ], [ -50.293667906539604, -21.891049126097993 ], [ -50.293646166056902, -21.891067256290505 ], [ -50.293624147271501, -21.891085182440605 ], [ -50.2936020791863, -21.891102909814499 ], [ -50.2935800602569, -21.891120549621803 ], [ -50.293558082531398, -21.8911382829817 ], [ -50.293535876840501, -21.891156024365099 ], [ -50.293513487857197, -21.891173377025194 ], [ -50.293491358652403, -21.891190823770099 ], [ -50.293469154323198, -21.891208286920296 ], [ -50.293446902056203, -21.891225838549293 ], [ -50.293424447295003, -21.891243149190597 ], [ -50.293402146631998, -21.891260427956798 ], [ -50.293379851510302, -21.891277817195292 ], [ -50.293357422502297, -21.891295137304596 ], [ -50.293334971752401, -21.891312385615503 ], [ -50.293312514822297, -21.891329584225584 ], [ -50.2932899477278, -21.891346875695593 ], [ -50.2932670420523, -21.89136384813639 ], [ -50.293244052353799, -21.891380703458097 ], [ -50.293220873741603, -21.8913971773855 ], [ -50.293197978800102, -21.891413626781695 ], [ -50.293175160699207, -21.891430359066696 ], [ -50.293152083844603, -21.8914470134706 ], [ -50.293129054579403, -21.891463431533005 ], [ -50.2931063690096, -21.891480014351593 ], [ -50.293083856690508, -21.891496845920795 ], [ -50.293061395157899, -21.891513954765898 ], [ -50.293038777463501, -21.891531033408896 ], [ -50.293016067146297, -21.891548135909392 ], [ -50.292993115095797, -21.891564953948105 ], [ -50.292970200709, -21.891581700625995 ], [ -50.292947129018003, -21.891598376400694 ], [ -50.292924005544904, -21.891614770907104 ], [ -50.292901086941903, -21.891631336503004 ], [ -50.2928781052969, -21.891647811285093 ], [ -50.2928552121042, -21.891664575444487 ], [ -50.292831944015198, -21.891681042337297 ], [ -50.292808809756004, -21.891697407858899 ], [ -50.292785771224302, -21.891713724468005 ], [ -50.292762756223105, -21.891730443189001 ], [ -50.292739405498104, -21.891746535459497 ], [ -50.2927167243244, -21.891763048366599 ], [ -50.292694019941699, -21.891779641014391 ], [ -50.292671576546603, -21.891796697280792 ], [ -50.2926487211599, -21.891813740343984 ], [ -50.292625600730098, -21.891830520040397 ], [ -50.292602476847598, -21.891846873604401 ], [ -50.292579624440997, -21.891863553157204 ], [ -50.292556610572603, -21.891879928714197 ], [ -50.2925341325274, -21.8918966833279 ], [ -50.292511576385202, -21.891913691845303 ], [ -50.292488899548204, -21.891930742359097 ], [ -50.292466145278802, -21.891947601724301 ], [ -50.292443576818101, -21.89196451906469 ], [ -50.292420997085202, -21.891981581926299 ], [ -50.292398372207103, -21.891998492297098 ], [ -50.292375754710598, -21.892015777918903 ], [ -50.292352608659002, -21.89203237875769 ], [ -50.292329870974001, -21.892049204127687 ], [ -50.292310934223501, -21.892062850653698 ], [ -50.292316186028209, -21.892068901188495 ], [ -50.292335415790703, -21.892089564363292 ], [ -50.292355304286197, -21.892110100916394 ], [ -50.292377161769402, -21.892130484207396 ], [ -50.2924007902892, -21.892150141355707 ] ] ] } },
{ "type": "Feature", "properties": { "CHAVE": null, "FAZENDA": "Faz. ABC", "NOME_FAZ": null, "ZONA": null, "TALHAO": null, "AREA_TOTAL": null, "TIPO_GEO": "VOO_PROCESSADO", "DATA_INICI": "02-04-2026", "DATA_FINAL": "02-04-2026", "HORA_INICI": "12:58:54", "HORA_FINAL": "12:58:54", "CLASSE": "NÃO APLICADO DENTRO DO TALHÃO", "PILOTO": "valmir alves", "AERONAVE": "PS-CBA", "AREA_HA": 0.0017579998320640001 }, "geometry": { "type": "MultiPolygon", "coordinates": [ [ [ [ -50.294876412893203, -21.897464405761184 ], [ -50.294921859462598, -21.897487565848298 ], [ -50.294967290094299, -21.897510201782499 ], [ -50.295010013637203, -21.897531643803699 ], [ -50.2950520268082, -21.897553212603398 ], [ -50.295094023260511, -21.897574904556397 ], [ -50.295136575534599, -21.897596082792994 ], [ -50.295178935140903, -21.897617751305898 ], [ -50.2952222424029, -21.897639607605495 ], [ -50.2952628540083, -21.897660550164002 ], [ -50.295296835571406, -21.897678638857894 ], [ -50.295328663742708, -21.897695570329308 ], [ -50.295361706633102, -21.897713012883891 ], [ -50.295397248098404, -21.897732011131705 ], [ -50.295434981084597, -21.897751931522997 ], [ -50.295473085162598, -21.897771804749198 ], [ -50.295515187480902, -21.897793748452788 ], [ -50.295561430440301, -21.897818115247993 ], [ -50.29560742614931, -21.8978409726823 ], [ -50.295651736969305, -21.897863359366905 ], [ -50.295694031498499, -21.897884629637886 ], [ -50.295733619051497, -21.897904641366893 ], [ -50.295772053700198, -21.897923933729 ], [ -50.295810785361702, -21.8979424880925 ], [ -50.295850671092403, -21.897962289418192 ], [ -50.295891203956501, -21.8979830352616 ], [ -50.2959319880731, -21.898003443320505 ], [ -50.2959722793236, -21.898024084369997 ], [ -50.296010089744797, -21.898042804655191 ], [ -50.296047152770903, -21.898059631379287 ], [ -50.296086396928999, -21.898077748455893 ], [ -50.296127533703199, -21.898096596368998 ], [ -50.296168944019101, -21.8981164037456 ], [ -50.296211926841103, -21.898136801865093 ], [ -50.296251469924798, -21.898155174216992 ], [ -50.296287350539899, -21.898172112811398 ], [ -50.296320794995403, -21.898188396800698 ], [ -50.296355579886303, -21.898205178671198 ], [ -50.296392124955901, -21.898221742785395 ], [ -50.296428785638604, -21.898238621158203 ], [ -50.2964637416557, -21.898255028678999 ], [ -50.296497300409797, -21.898269490040189 ], [ -50.296531054906303, -21.898285831470091 ], [ -50.296563379870598, -21.898301030108602 ], [ -50.2965968121309, -21.898317134872897 ], [ -50.296631486372902, -21.898333000001799 ], [ -50.2966655704614, -21.898350122895682 ], [ -50.296699213270102, -21.898368478618096 ], [ -50.296735515622203, -21.8983869751961 ], [ -50.296770696439907, -21.898406346095399 ], [ -50.296805540623097, -21.898425112522808 ], [ -50.296840045377898, -21.898442261520998 ], [ -50.296876361468399, -21.898459594518304 ], [ -50.296913864867001, -21.898478426467904 ], [ -50.296950488358803, -21.898496383888993 ], [ -50.296986259160199, -21.898514480634091 ], [ -50.2970224784818, -21.898532133789903 ], [ -50.297059579541198, -21.898550410774593 ], [ -50.2970962328382, -21.898569703729894 ], [ -50.297133019423498, -21.898588753585098 ], [ -50.297167997561097, -21.898607407860592 ], [ -50.297202749789399, -21.898624827777191 ], [ -50.297238404305098, -21.898641617969503 ], [ -50.297275473966501, -21.898659575091589 ], [ -50.297312040458102, -21.898678949076693 ], [ -50.297349155095198, -21.89869956530239 ], [ -50.297386003291798, -21.898719957849792 ], [ -50.297423581637801, -21.898739442260297 ], [ -50.297461481064097, -21.898759121576393 ], [ -50.297499473028303, -21.898778758700601 ], [ -50.297537473100498, -21.898798010266798 ], [ -50.297575826300204, -21.898816869059992 ], [ -50.297613910653403, -21.898835039985894 ], [ -50.297651558926802, -21.898853325081394 ], [ -50.297686058851099, -21.898870732648302 ], [ -50.297719964842997, -21.898888982643605 ], [ -50.297753624549003, -21.898907411450001 ], [ -50.297787540552001, -21.898925971214002 ], [ -50.297822201852199, -21.898944972161189 ], [ -50.2978569128244, -21.898963969651597 ], [ -50.297890639711603, -21.898982343432206 ], [ -50.297922331414597, -21.898999547584701 ], [ -50.297952064640597, -21.899016188750295 ], [ -50.2979812525531, -21.899032932631791 ], [ -50.298008531290499, -21.899048748917885 ], [ -50.298035270113601, -21.899064784718391 ], [ -50.298059885815597, -21.899080110084494 ], [ -50.298084457848901, -21.899095620133096 ], [ -50.298109023634701, -21.899111128274999 ], [ -50.298122798489302, -21.899119808122801 ], [ -50.298147220000402, -21.899099169348002 ], [ -50.3000133962354, -21.897517572674193 ], [ -50.299929536429701, -21.897417322204106 ], [ -50.299883265306498, -21.897366498356298 ], [ -50.299811381571899, -21.897293473460294 ], [ -50.299743284469301, -21.897220069311704 ], [ -50.299623865685, -21.897079076513698 ], [ -50.299476716306501, -21.896896578536698 ], [ -50.299332615332602, -21.896711497326205 ], [ -50.299236631785199, -21.896595346833283 ], [ -50.299190849322599, -21.896535048729401 ], [ -50.299116386233202, -21.896442916200286 ], [ -50.299043212646509, -21.896343010603093 ], [ -50.299002365119897, -21.896290496193796 ], [ -50.298880108237597, -21.896243919940495 ], [ -50.2986732505288, -21.896171455091302 ], [ -50.298567666666102, -21.896131272482197 ], [ -50.298324178845704, -21.896030527659729 ], [ -50.298088630189852, -21.896195098919911 ], [ -50.298092117830251, -21.896199527664649 ], [ -50.298156416905698, -21.896278664901811 ], [ -50.298157805017688, -21.896280400191483 ], [ -50.298219839795728, -21.89635917442456 ], [ -50.29828384714299, -21.896436967885851 ], [ -50.2982839730482, -21.89643712112062 ], [ -50.298347973078798, -21.896515121074362 ], [ -50.298348417253592, -21.896515665072844 ], [ -50.298413417285829, -21.896595665025728 ], [ -50.298413684019089, -21.896595994287662 ], [ -50.298476684051032, -21.896673994241919 ], [ -50.298477251653033, -21.896674701472865 ], [ -50.298539969104475, -21.896753347078722 ], [ -50.298602330653125, -21.896830556530773 ], [ -50.298665973549902, -21.896908121227845 ], [ -50.298667251934937, -21.896909701564891 ], [ -50.298730251968379, -21.896988701518957 ], [ -50.298730396251614, -21.896988882740555 ], [ -50.298792042259386, -21.897066437309157 ], [ -50.298854684614639, -21.897143994425782 ], [ -50.298855955570978, -21.897145590716313 ], [ -50.298916752685699, -21.89722305792068 ], [ -50.298978507042399, -21.897297555160169 ], [ -50.298980955756967, -21.897300590777085 ], [ -50.299042326256775, -21.897378788583712 ], [ -50.299104684988762, -21.897455994547872 ], [ -50.298861869840643, -21.897626801186249 ], [ -50.298873640631257, -21.897642163047749 ], [ -50.298934236249437, -21.897716441466155 ], [ -50.298693719226478, -21.897887327009506 ], [ -50.298741100925632, -21.897952376380239 ], [ -50.298779074629678, -21.898002034241966 ], [ -50.298526925224088, -21.898169965656699 ], [ -50.298487925247912, -21.89811896562793 ], [ -50.298485905683123, -21.898116259906843 ], [ -50.298471840522105, -21.898096950085407 ], [ -50.298249949988957, -21.898248289919309 ], [ -50.298184950025707, -21.898165289871663 ], [ -50.29818327072477, -21.898163103097581 ], [ -50.298119270765802, -21.898078103050175 ], [ -50.298119107199717, -21.898077885388307 ], [ -50.298057015589379, -21.897995096475562 ], [ -50.297992950327846, -21.897913289970646 ], [ -50.297991271026959, -21.897911103196613 ], [ -50.297982073525375, -21.897898887750266 ], [ -50.297757999868203, -21.898049003938496 ], [ -50.29779273420661, -21.898092054902236 ], [ -50.29779386179915, -21.898093470369062 ], [ -50.297863489393627, -21.898181996782135 ], [ -50.297935112875344, -21.898271526034748 ], [ -50.29768688697618, -21.898444473866792 ], [ -50.297614887013978, -21.898354473814337 ], [ -50.29761413801419, -21.898353529582604 ], [ -50.297544697222079, -21.898265240476022 ], [ -50.297474265680677, -21.89817794494828 ], [ -50.297473887296405, -21.898177473971359 ], [ -50.297402388053229, -21.898088099818867 ], [ -50.297348369783556, -21.898022077417924 ], [ -50.297109724198556, -21.898184000728996 ], [ -50.29704330081988, -21.898098740772561 ], [ -50.296975887432168, -21.898014473944031 ], [ -50.296975504453094, -21.898013993144051 ], [ -50.296906504490444, -21.89792699309368 ], [ -50.296906370885964, -21.897926824379645 ], [ -50.296887320202195, -21.897902730840951 ], [ -50.296671540308559, -21.898055284127938 ], [ -50.296602864875261, -21.897970683864884 ], [ -50.296533192406379, -21.897886081490757 ], [ -50.296532142894151, -21.897884792199179 ], [ -50.296462663885087, -21.897798439622047 ], [ -50.296393192681492, -21.897714081641567 ], [ -50.296323192714503, -21.897629081591035 ], [ -50.296322662188956, -21.897628433605274 ], [ -50.296252662223459, -21.897542433554563 ], [ -50.296252143305637, -21.897541792333346 ], [ -50.296182983576848, -21.897455836576729 ], [ -50.296112843924753, -21.897371866482104 ], [ -50.296111143511986, -21.897369792400614 ], [ -50.296042035440422, -21.897283900846656 ], [ -50.295970949980486, -21.897198993124601 ], [ -50.295970417878316, -21.897198353875616 ], [ -50.295967822270356, -21.897195217512671 ], [ -50.295738317521447, -21.897349475258125 ], [ -50.295667317563584, -21.897257475205883 ], [ -50.295666996012102, -21.897257056978496 ], [ -50.295594996055861, -21.8971630569254 ], [ -50.295594856120672, -21.897162873931237 ], [ -50.295524740838687, -21.897071032679968 ], [ -50.295451649824379, -21.896979174950502 ], [ -50.295449996347926, -21.896977057088474 ], [ -50.295378520201218, -21.89688374089916 ], [ -50.295306052538969, -21.896791418977468 ], [ -50.295303962397071, -21.896788690334727 ], [ -50.295234278605037, -21.89669545134657 ], [ -50.295227361242084, -21.896686757894106 ], [ -50.295224132953145, -21.896691074614868 ], [ -50.295221995901024, -21.896693932183513 ], [ -50.295254536362293, -21.896735059664632 ], [ -50.295327473330886, -21.896826980124811 ], [ -50.295328265869983, -21.896827988023851 ], [ -50.29538645937842, -21.896902669608899 ], [ -50.29539555578431, -21.896913419895483 ], [ -50.295152444064804, -21.897092580009716 ], [ -50.295141444069458, -21.897079580001858 ], [ -50.29513773394833, -21.897075011920002 ], [ -50.295078127916376, -21.89699851742493 ], [ -50.295034229567456, -21.896943193416149 ], [ -50.294964223093601, -21.897039756418184 ], [ -50.294921033143098, -21.897105691494492 ], [ -50.294901471613699, -21.897140388616702 ], [ -50.294810776651204, -21.897303739578998 ], [ -50.294758647465009, -21.8974063893337 ], [ -50.294791733517997, -21.89742254565969 ], [ -50.294832839366009, -21.897442850201795 ], [ -50.294876412893203, -21.897464405761184 ] ] ], [ [ [ -50.297540087079845, -21.897323483997209 ], [ -50.297538143409817, -21.897321076164509 ], [ -50.297541199874139, -21.897324939191435 ], [ -50.297540087079845, -21.897323483997209 ] ] ], [ [ [ -50.295227361242084, -21.896686757894106 ], [ -50.295304144559303, -21.896584086743395 ], [ -50.295227361242084, -21.896686757894098 ], [ -50.295227361242084, -21.896686757894106 ] ] ], [ [ [ -50.296441289242445, -21.89641072016423 ], [ -50.296409605012755, -21.896370789309533 ], [ -50.296428664689259, -21.896395217881182 ], [ -50.296452900744633, -21.896425512916643 ], [ -50.296441289242445, -21.89641072016423 ] ] ], [ [ [ -50.294942590439412, -21.896320829741555 ], [ -50.294870116774128, -21.896228500172285 ], [ -50.294796180493776, -21.896134581007153 ], [ -50.2947955890969, -21.896133824649812 ], [ -50.294723175246752, -21.896040579311318 ], [ -50.294648771774156, -21.895947326854738 ], [ -50.294648651133684, -21.895947175445521 ], [ -50.294574651245213, -21.895854175481936 ], [ -50.294501188701261, -21.895761850830993 ], [ -50.294426734541553, -21.895670520295887 ], [ -50.294426362685329, -21.895670062264816 ], [ -50.29435036272374, -21.895576062209656 ], [ -50.294349651579914, -21.895575175591194 ], [ -50.294280126132506, -21.895487798919234 ], [ -50.294316773743432, -21.895535644355238 ], [ -50.294388543944109, -21.895628347423667 ], [ -50.294389142153271, -21.895629125525932 ], [ -50.294460072306109, -21.895722033926646 ], [ -50.294531774078997, -21.895815644464964 ], [ -50.294602775138429, -21.895907354061226 ], [ -50.294674988094052, -21.895997372850985 ], [ -50.29467700259503, -21.895999942588773 ], [ -50.29474824640792, -21.896092955236202 ], [ -50.294820472559742, -21.896183979872799 ], [ -50.294821544681419, -21.896185347731809 ], [ -50.294892775582362, -21.896277354206571 ], [ -50.294964988537657, -21.896367372995943 ], [ -50.294966076951923, -21.896368746629665 ], [ -50.295037776329046, -21.896460362396265 ], [ -50.295110473001088, -21.89655198001703 ], [ -50.295111077172663, -21.896552746701872 ], [ -50.29518283909222, -21.896644442383678 ], [ -50.295197721095427, -21.896663251560998 ], [ -50.295199795986299, -21.896660477112302 ], [ -50.295203019718706, -21.896656166485531 ], [ -50.295161650273968, -21.896604175097544 ], [ -50.295161052834999, -21.896603419141194 ], [ -50.295088052875954, -21.896510419087729 ], [ -50.295086996909276, -21.896509057272276 ], [ -50.295015065440118, -21.896415146633036 ], [ -50.294942590439412, -21.896320829741555 ] ] ], [ [ [ -50.296113702035797, -21.895302325110599 ], [ -50.296032221624763, -21.895455416325603 ], [ -50.296032221624763, -21.895455416325618 ], [ -50.296113702035797, -21.895302325110599 ] ] ], [ [ [ -50.297498409073398, -21.895454879876567 ], [ -50.297424248663411, -21.895362920866575 ], [ -50.297423651760468, -21.895362175726557 ], [ -50.297349651800062, -21.895269175672578 ], [ -50.297348590060373, -21.895267825040591 ], [ -50.297276409409186, -21.895174879986303 ], [ -50.297202248999092, -21.895082920976172 ], [ -50.297201054585372, -21.895081419789555 ], [ -50.297128411875754, -21.894988874862999 ], [ -50.297053772960965, -21.894895327318782 ], [ -50.297053054809652, -21.894894419862872 ], [ -50.296980470505069, -21.894801949342853 ], [ -50.296955293163798, -21.894770477631269 ], [ -50.296986818624013, -21.894811703184764 ], [ -50.297051306333636, -21.894895041051548 ], [ -50.297116046232588, -21.894977708828144 ], [ -50.29718104626933, -21.895060708780502 ], [ -50.297181564764344, -21.895061374830789 ], [ -50.297245115789444, -21.895143502215689 ], [ -50.29731060343682, -21.895222673763911 ], [ -50.297313564962316, -21.895226374895522 ], [ -50.297377778070626, -21.895309357894064 ], [ -50.29744190562311, -21.895389270601438 ], [ -50.297507838771629, -21.89547118745347 ], [ -50.297508516034817, -21.895472035341655 ], [ -50.297573245428481, -21.895553693870053 ], [ -50.297637905916083, -21.89563427069632 ], [ -50.297677846007169, -21.895683893179172 ], [ -50.297644651352776, -21.895642175526415 ], [ -50.2976440539137, -21.89564141956992 ], [ -50.297571053954634, -21.895548419516459 ], [ -50.297570589724486, -21.895547824930734 ], [ -50.297498409073398, -21.895454879876567 ] ] ], [ [ [ -50.2961641688375, -21.895204296034084 ], [ -50.296242702344053, -21.895233670317559 ], [ -50.29624270234406, -21.895233670317559 ], [ -50.2961641688375, -21.895204296034084 ] ] ], [ [ [ -50.295744564670109, -21.895051834888765 ], [ -50.295676050704699, -21.895025201692096 ], [ -50.295744564670102, -21.895051834888765 ], [ -50.295744564670109, -21.895051834888765 ] ] ], [ [ [ -50.293642155644669, -21.894243834455175 ], [ -50.293652137411101, -21.894247959197997 ], [ -50.293642155644676, -21.894243834455175 ], [ -50.293642155644669, -21.894243834455175 ] ] ], [ [ [ -50.293383573847798, -21.894184398735302 ], [ -50.2933739725325, -21.894206928472897 ], [ -50.293371008945115, -21.894211774369708 ], [ -50.293401222137632, -21.894190722549308 ], [ -50.293383573847798, -21.894184398735302 ] ] ], [ [ [ -50.298527052801397, -21.896078912332296 ], [ -50.298553645604599, -21.896089724173006 ], [ -50.298580354303709, -21.896100076396294 ], [ -50.298607131611099, -21.896110598509797 ], [ -50.298633806794399, -21.896120980092505 ], [ -50.298660663782897, -21.896131113276901 ], [ -50.298687573263898, -21.896141367533307 ], [ -50.298714454077299, -21.896151598855198 ], [ -50.298741356204197, -21.89616180748849 ], [ -50.298768162502398, -21.896172011086296 ], [ -50.298795016023099, -21.896181929937704 ], [ -50.2988219679766, -21.896191705809095 ], [ -50.2988489925579, -21.896201313561999 ], [ -50.298876054084502, -21.896210768230496 ], [ -50.2989030274763, -21.896219927973195 ], [ -50.298930384278208, -21.896228489643395 ], [ -50.298938913325408, -21.896231213349594 ], [ -50.2989309928682, -21.896221021014796 ], [ -50.298913884313798, -21.896199113291196 ], [ -50.298896849903599, -21.896177160303491 ], [ -50.298879661858699, -21.896155138549702 ], [ -50.298862833101403, -21.896132712357502 ], [ -50.298846428938297, -21.896110279561398 ], [ -50.298829990652997, -21.896088078926088 ], [ -50.298813404432998, -21.896066015519796 ], [ -50.298796517408398, -21.896043998380591 ], [ -50.298779741763902, -21.896021818031898 ], [ -50.298763036707101, -21.895999764569911 ], [ -50.298746153211098, -21.895977964317694 ], [ -50.298728857107001, -21.895956185454587 ], [ -50.298711709907302, -21.895934012888802 ], [ -50.298694992757206, -21.895911724486805 ], [ -50.298678353381099, -21.895889678502193 ], [ -50.298661502933903, -21.8958679187032 ], [ -50.298644194132599, -21.895846297209406 ], [ -50.298626841317301, -21.895824468165301 ], [ -50.298609606193601, -21.895802543628001 ], [ -50.298592548011698, -21.895780634194892 ], [ -50.2985753365151, -21.895758839279097 ], [ -50.2985581340455, -21.895736881961394 ], [ -50.298541059354299, -21.895714757094407 ], [ -50.298524338917602, -21.895692582844404 ], [ -50.298507568446503, -21.895670788176599 ], [ -50.298490314763797, -21.895649299128806 ], [ -50.298472839747497, -21.895627861924197 ], [ -50.298455056146601, -21.895606544363005 ], [ -50.298437237302799, -21.895585110701706 ], [ -50.298419423209701, -21.895563629692706 ], [ -50.298401718685405, -21.895542035875192 ], [ -50.298384106992501, -21.895520367461405 ], [ -50.298366695621297, -21.895498664384885 ], [ -50.298349069847298, -21.895476930189794 ], [ -50.298332083403103, -21.895454979555204 ], [ -50.298314599474608, -21.895433541569496 ], [ -50.298297180547898, -21.895411856484401 ], [ -50.298279658070001, -21.895390373212201 ], [ -50.298261922674101, -21.895368811114995 ], [ -50.298244517323702, -21.895347070745796 ], [ -50.298226989455003, -21.895325582429798 ], [ -50.298209289007204, -21.895303956822403 ], [ -50.298191872160899, -21.895282050039803 ], [ -50.298174680604902, -21.895260173637613 ], [ -50.298157470327908, -21.8952383916908 ], [ -50.298140244403498, -21.89521662923589 ], [ -50.298122939059198, -21.8951949974877 ], [ -50.2981053754757, -21.895173346066994 ], [ -50.298087968946398, -21.895151314987796 ], [ -50.298071030440198, -21.895129067498704 ], [ -50.298054296862801, -21.8951069305106 ], [ -50.298037462842103, -21.895084878226189 ], [ -50.298020625557399, -21.895062779886402 ], [ -50.298003824035, -21.895040693392808 ], [ -50.297987050900304, -21.895018725118089 ], [ -50.297970026331299, -21.894997001504105 ], [ -50.297952836011099, -21.894975448491003 ], [ -50.297935188314497, -21.894954111733494 ], [ -50.297917449542801, -21.894932612392811 ], [ -50.297899704794901, -21.894910998692389 ], [ -50.297882235501397, -21.894889202145393 ], [ -50.297864841489201, -21.894867435217012 ], [ -50.297847564396399, -21.894845621888297 ], [ -50.297830126932801, -21.894823681916105 ], [ -50.2978131870277, -21.894801197876795 ], [ -50.2977967954006, -21.8947786259439 ], [ -50.297780676072101, -21.894756403073512 ], [ -50.297763949974197, -21.8947347480131 ], [ -50.2977467042762, -21.894713139846402 ], [ -50.297729236848298, -21.894691343271695 ], [ -50.297712116165101, -21.894669306549503 ], [ -50.297695042098098, -21.894647371579712 ], [ -50.297678006169598, -21.894625437045995 ], [ -50.297660899525603, -21.894603520102596 ], [ -50.297643856034803, -21.894581510035287 ], [ -50.297626933079101, -21.894559555692993 ], [ -50.297609818864601, -21.894537746607497 ], [ -50.297592573257198, -21.894515752747797 ], [ -50.2975757167303, -21.8944934752503 ], [ -50.297559036943404, -21.894471341437601 ], [ -50.297542200402198, -21.894449310881402 ], [ -50.2975253176823, -21.894427129713311 ], [ -50.297508664774398, -21.894404792270887 ], [ -50.297492209610702, -21.894382603926896 ], [ -50.297475440787402, -21.894360719984508 ], [ -50.297458440201602, -21.894338838218598 ], [ -50.2974413406548, -21.894316903322487 ], [ -50.297424323236399, -21.894294879701391 ], [ -50.297407418410401, -21.894272969803989 ], [ -50.297390296545501, -21.894251305066202 ], [ -50.2973728529265, -21.894229627668292 ], [ -50.297355541818497, -21.894207686447398 ], [ -50.297338418394801, -21.894185673936096 ], [ -50.297321422442003, -21.8941636284042 ], [ -50.297304526103296, -21.894141619041289 ], [ -50.297287540733301, -21.894119726356809 ], [ -50.297270385408197, -21.894097757449593 ], [ -50.297253549821605, -21.894075639909186 ], [ -50.297236569885698, -21.894053748845597 ], [ -50.297219410199702, -21.894031615517903 ], [ -50.297202777827401, -21.8940090387783 ], [ -50.29718654127781, -21.893986573391089 ], [ -50.297170242662901, -21.893964471779796 ], [ -50.297153475089303, -21.893942714108192 ], [ -50.297136341021002, -21.893921059794408 ], [ -50.297118920842998, -21.893899397803295 ], [ -50.297101480208497, -21.893877448064096 ], [ -50.297084544401002, -21.893855263399189 ], [ -50.297067721512398, -21.893833403594694 ], [ -50.297050519742598, -21.893811837585304 ], [ -50.297033108826398, -21.893790322556193 ], [ -50.2970155639971, -21.893769027226799 ], [ -50.296997589387601, -21.893747999798805 ], [ -50.296979337489006, -21.8937268486508 ], [ -50.296961225121002, -21.893705393136599 ], [ -50.296943236597997, -21.893683515581785 ], [ -50.296926213432101, -21.893661015268801 ], [ -50.296909690090104, -21.893638745297391 ], [ -50.296893091644698, -21.893616880946592 ], [ -50.296875961881199, -21.893595389438698 ], [ -50.296858414331297, -21.893573912983811 ], [ -50.296840795902199, -21.893552316904099 ], [ -50.296823282573101, -21.893530646860288 ], [ -50.296805812414902, -21.89350903102369 ], [ -50.296788307831598, -21.893487506507395 ], [ -50.296770670894901, -21.893466083342293 ], [ -50.296752864104903, -21.893444614190795 ], [ -50.296735284742198, -21.893423026656105 ], [ -50.2967175904801, -21.893401633704396 ], [ -50.296699818817501, -21.893380170214392 ], [ -50.296682079071708, -21.893358633623492 ], [ -50.296664462265902, -21.89333705001469 ], [ -50.296646840274398, -21.893315508400999 ], [ -50.296629279122797, -21.893293994665296 ], [ -50.2966115726772, -21.893272629087605 ], [ -50.296593824017002, -21.893251338735109 ], [ -50.296575784586103, -21.893230189817906 ], [ -50.296557736427999, -21.893208885574797 ], [ -50.296539708160402, -21.893187477889199 ], [ -50.296521830106599, -21.893165758776298 ], [ -50.296504519243598, -21.893143795884896 ], [ -50.296487275158498, -21.893122047776199 ], [ -50.296469931067399, -21.893100281698008 ], [ -50.296452690715803, -21.893078422498689 ], [ -50.296435459073898, -21.893056585199208 ], [ -50.296418283618898, -21.893034730002704 ], [ -50.296401140451401, -21.893012999726999 ], [ -50.296383785391299, -21.892991506390892 ], [ -50.2963661626762, -21.892970119674892 ], [ -50.296348374419303, -21.892948701996698 ], [ -50.296330616735098, -21.892927171283393 ], [ -50.2963130334997, -21.892905666882196 ], [ -50.296295330230706, -21.892884455450805 ], [ -50.296277242305699, -21.892863389165495 ], [ -50.29625899877351, -21.892842054933006 ], [ -50.296241091226001, -21.892820258019 ], [ -50.296223769800598, -21.892798224640501 ], [ -50.296206775306601, -21.892776430402396 ], [ -50.29618945022591, -21.892755131504494 ], [ -50.296171603059904, -21.892734053828789 ], [ -50.296153503258502, -21.892712976614089 ], [ -50.296135280733097, -21.892691897402095 ], [ -50.296117037984601, -21.892670740506507 ], [ -50.296098920416497, -21.892649523028592 ], [ -50.29608077605311, -21.892628343290003 ], [ -50.296062672927903, -21.892607071805298 ], [ -50.296044651673299, -21.892585734641809 ], [ -50.296026728920999, -21.892564353792295 ], [ -50.296008816212101, -21.892542957873399 ], [ -50.295991060854206, -21.892521505389805 ], [ -50.295973240638411, -21.892500196218311 ], [ -50.2959552826646, -21.892478848620907 ], [ -50.295937495716601, -21.89245739285699 ], [ -50.295919781188097, -21.892436211597197 ], [ -50.295901549408399, -21.892415352424695 ], [ -50.295883378773198, -21.892394508455798 ], [ -50.295864670321897, -21.892374188860504 ], [ -50.295845546757199, -21.892353731200199 ], [ -50.295826512846503, -21.892332842234499 ], [ -50.295808115282803, -21.892311700252698 ], [ -50.295789684572803, -21.892290854848401 ], [ -50.295771293686897, -21.892270068019197 ], [ -50.295752466567599, -21.892249471528601 ], [ -50.295733810071297, -21.89222852251951 ], [ -50.2957151977471, -21.892207520331493 ], [ -50.295696859888501, -21.892186206898199 ], [ -50.295678805617399, -21.8921647347637 ], [ -50.295660996649097, -21.892143111543596 ], [ -50.295643523359203, -21.892121501806699 ], [ -50.295625766987598, -21.892100088507295 ], [ -50.295608216554903, -21.892078509969991 ], [ -50.295590489549902, -21.892057186647403 ], [ -50.295572741061399, -21.892035924852305 ], [ -50.295554590483199, -21.892014820705583 ], [ -50.295536541180503, -21.891993397227701 ], [ -50.295518687259602, -21.891971913776612 ], [ -50.295500962213502, -21.8919504597174 ], [ -50.295483187423798, -21.891929126094404 ], [ -50.295465327744409, -21.891907890989298 ], [ -50.295447154525803, -21.891886600642895 ], [ -50.295429355221501, -21.891864852681291 ], [ -50.295411904452401, -21.891843132697794 ], [ -50.295394447583298, -21.891821578642897 ], [ -50.295376861359401, -21.891800107027805 ], [ -50.2953590782855, -21.891778528559392 ], [ -50.295341601011707, -21.8917565849647 ], [ -50.295324416041005, -21.891734545158101 ], [ -50.295307464302802, -21.89171247779279 ], [ -50.295290597192597, -21.891690590085688 ], [ -50.295273422983101, -21.8916689547072 ], [ -50.295256033633301, -21.891647292414497 ], [ -50.295238651489406, -21.891625605106398 ], [ -50.295221214412102, -21.891603943837392 ], [ -50.295203802696001, -21.891582289562301 ], [ -50.2951863113447, -21.891560680479898 ], [ -50.295168832541997, -21.891539065487198 ], [ -50.295151320066203, -21.891517521029897 ], [ -50.295133656476203, -21.891495974709592 ], [ -50.295116095035802, -21.891474235246115 ], [ -50.295098733976403, -21.8914524462866 ], [ -50.295081450975502, -21.89143077753149 ], [ -50.295063948444998, -21.891409279969093 ], [ -50.295046390393701, -21.891387746184193 ], [ -50.295028709322303, -21.891366271381699 ], [ -50.295011031946899, -21.891344686565702 ], [ -50.294993469999298, -21.891323031332398 ], [ -50.294975980063299, -21.891301397456999 ], [ -50.294958443128301, -21.891279779452699 ], [ -50.294940865004598, -21.891257973694497 ], [ -50.294923638685098, -21.891235806661392 ], [ -50.294906840680497, -21.89121355426359 ], [ -50.294890139871598, -21.891191445583694 ], [ -50.2948733732891, -21.891169517367604 ], [ -50.294856253358098, -21.891147702223389 ], [ -50.294839262110401, -21.891125796917201 ], [ -50.294821949954098, -21.891104038762396 ], [ -50.294804822552805, -21.891081962147393 ], [ -50.294787967860202, -21.891060006765493 ], [ -50.294770779114501, -21.891038326811795 ], [ -50.294753538224903, -21.8910165653039 ], [ -50.294736246120003, -21.89099493067009 ], [ -50.294718761868701, -21.890973422226004 ], [ -50.294701137916803, -21.890951896394192 ], [ -50.294683555937901, -21.890930325715907 ], [ -50.2946659958385, -21.890908876735192 ], [ -50.294648114202097, -21.890887478790006 ], [ -50.294630546518199, -21.890865851707801 ], [ -50.294612751173901, -21.890844375438686 ], [ -50.294595223413502, -21.890822563939096 ], [ -50.294577883291502, -21.890800843461491 ], [ -50.294560458925197, -21.890779239480509 ], [ -50.294542937370302, -21.890757602913485 ], [ -50.294525555697497, -21.890735958223502 ], [ -50.294507969288702, -21.890714504579808 ], [ -50.294490298445901, -21.890692949897989 ], [ -50.2944728068911, -21.890671425873489 ], [ -50.294455001313899, -21.890650135415999 ], [ -50.294437168392399, -21.890628660629101 ], [ -50.2944195436584, -21.890607256725797 ], [ -50.2944016059392, -21.890586172177212 ], [ -50.294383524091003, -21.890565095181898 ], [ -50.294365191518303, -21.8905440373203 ], [ -50.294346948102699, -21.890522625750599 ], [ -50.2943347826739, -21.890507811163808 ], [ -50.294324527890502, -21.890515859001098 ], [ -50.294302264520702, -21.890533341755003 ], [ -50.294279981219802, -21.890550633915499 ], [ -50.294258194946501, -21.890567956018593 ], [ -50.2942369271207, -21.890585968604608 ], [ -50.294215356520297, -21.890604297468297 ], [ -50.294193484536699, -21.890622313261595 ], [ -50.294171767551006, -21.890640264939695 ], [ -50.294150094558098, -21.890658222145802 ], [ -50.294128420861803, -21.890676352108603 ], [ -50.294106389883197, -21.890694356632999 ], [ -50.294103671927857, -21.89069651747521 ], [ -50.294175877948391, -21.890789494984173 ], [ -50.294248562066315, -21.890880841138859 ], [ -50.294322763571209, -21.890970872201521 ], [ -50.294325404916101, -21.890974173331863 ], [ -50.29439817365401, -21.891067875434679 ], [ -50.29447034876501, -21.891159824444635 ], [ -50.294544746394848, -21.891252077403941 ], [ -50.294546405251914, -21.891254173441688 ], [ -50.294618878617712, -21.891347495203064 ], [ -50.294692046428231, -21.891439449240533 ], [ -50.294766746730474, -21.891532077513503 ], [ -50.294768405587746, -21.891534173551509 ], [ -50.294841174325782, -21.891627875654464 ], [ -50.294913644037749, -21.891720199977296 ], [ -50.294987283773885, -21.891812747109782 ], [ -50.295062223441064, -21.89190667138821 ], [ -50.29506386072282, -21.891908762288221 ], [ -50.295136111181591, -21.892002786748879 ], [ -50.295209284112921, -21.892094747221467 ], [ -50.295284223779142, -21.892188671498683 ], [ -50.295285406374504, -21.892190173808878 ], [ -50.295357820379607, -21.892283419133335 ], [ -50.295432224004522, -21.892376671572329 ], [ -50.295432942299435, -21.892377579207633 ], [ -50.295505350335496, -21.892469824957669 ], [ -50.295579747965057, -21.892562077916622 ], [ -50.295581148015167, -21.892563841690812 ], [ -50.295655455279068, -21.892658954880655 ], [ -50.29572974826489, -21.892751078081432 ], [ -50.295804748303141, -21.892844078026968 ], [ -50.295805224638691, -21.892844671847072 ], [ -50.295879639502459, -21.892937938373294 ], [ -50.295956044467474, -21.893031211866226 ], [ -50.295957224864168, -21.893032671920661 ], [ -50.296031987624708, -21.893126374476658 ], [ -50.296106748826041, -21.893219078264476 ], [ -50.296181748864292, -21.893312078210005 ], [ -50.296183148914906, -21.893313841984824 ], [ -50.296257456178722, -21.893408955174589 ], [ -50.296331452231357, -21.893500710178902 ], [ -50.296407152900677, -21.893593343792627 ], [ -50.296408225538144, -21.893594672140711 ], [ -50.296482931614079, -21.893688303652123 ], [ -50.296558635185534, -21.893781936914252 ], [ -50.296559816818977, -21.893783417987091 ], [ -50.296633816860066, -21.893877417932959 ], [ -50.29663427762614, -21.893878006332272 ], [ -50.29670752226459, -21.893972036504312 ], [ -50.296781749765856, -21.894064078504243 ], [ -50.29678222610174, -21.894064672324788 ], [ -50.296857226214478, -21.894158672361616 ], [ -50.296932226254214, -21.894252672306955 ], [ -50.296933408850542, -21.894254174618382 ], [ -50.297006052877038, -21.894347716134178 ], [ -50.297080693065261, -21.894442260265684 ], [ -50.297080944776376, -21.894442580017166 ], [ -50.297153529233938, -21.894535050522919 ], [ -50.297229108556266, -21.89462952457075 ], [ -50.297229945001874, -21.894630580090901 ], [ -50.297302587863726, -21.894723125001963 ], [ -50.29737722693045, -21.894816672527945 ], [ -50.297377945226152, -21.894817580164229 ], [ -50.297450353261787, -21.89490982591369 ], [ -50.297524750890339, -21.895002078871407 ], [ -50.297526409750191, -21.895004174912646 ], [ -50.297598883115192, -21.895097496673007 ], [ -50.297672050924199, -21.89518945070856 ], [ -50.297746751226015, -21.895282078981001 ], [ -50.297748410086079, -21.895284175022528 ], [ -50.297821178823796, -21.895377877125082 ], [ -50.297893648535016, -21.89547020144693 ], [ -50.29796734853862, -21.895562824320802 ], [ -50.297967471969933, -21.895562979660642 ], [ -50.298040472009376, -21.895654979607361 ], [ -50.298041410532285, -21.895656175168522 ], [ -50.298113409507756, -21.895748886072308 ], [ -50.298186378298716, -21.895838617865625 ], [ -50.298188410754221, -21.895841175241088 ], [ -50.298260706961692, -21.895934268881234 ], [ -50.298305087716521, -21.895989592774406 ], [ -50.298313653769803, -21.895993068297393 ], [ -50.298340381173503, -21.896003344875794 ], [ -50.298367373951898, -21.896013886418693 ], [ -50.298394152741103, -21.896024853972197 ], [ -50.298420686060197, -21.896035835331496 ], [ -50.298447229510401, -21.896046659649702 ], [ -50.298473926732299, -21.896057483087493 ], [ -50.2985003435994, -21.896068458783795 ], [ -50.298527052801397, -21.896078912332296 ] ] ], [ [ [ -50.294912855189068, -21.893140456530467 ], [ -50.294933673448298, -21.893158930310388 ], [ -50.294912855189068, -21.893140456530453 ], [ -50.294912855189068, -21.893140456530467 ] ] ], [ [ [ -50.295144102777734, -21.892946489133276 ], [ -50.295151703252465, -21.892956018076124 ], [ -50.29516901339457, -21.892977203600257 ], [ -50.295159346342608, -21.892965046536585 ], [ -50.295144102777734, -21.892946489133276 ] ] ], [ [ [ -50.293684680447704, -21.89292598517757 ], [ -50.293757874154075, -21.893015004454359 ], [ -50.293758984624318, -21.893016371749244 ], [ -50.293831132433908, -21.893106309331291 ], [ -50.293894655188964, -21.893182536556669 ], [ -50.293864887035966, -21.893144204918286 ], [ -50.293791184159389, -21.893050582239127 ], [ -50.293789692774347, -21.893048654749581 ], [ -50.293717367874095, -21.89295354244015 ], [ -50.29364505721918, -21.892861420541582 ], [ -50.293644723763741, -21.892860994096306 ], [ -50.293570723806326, -21.892765994041998 ], [ -50.293570138417294, -21.892765237403843 ], [ -50.293498178656428, -21.892671591031455 ], [ -50.293425409861953, -21.892581357626369 ], [ -50.293414359604334, -21.892579113959474 ], [ -50.293406042955368, -21.892577425330064 ], [ -50.293466374428569, -21.892651616654938 ], [ -50.293468072529357, -21.89265374514985 ], [ -50.293539290258551, -21.892744745478637 ], [ -50.293611489754014, -21.892833758457666 ], [ -50.293612468647723, -21.892834978626656 ], [ -50.293684680447704, -21.89292598517757 ] ] ], [ [ [ -50.295018112961245, -21.892791501300717 ], [ -50.29504472386688, -21.892823672659503 ], [ -50.295025160731349, -21.892799070507465 ], [ -50.295012164321854, -21.892783813837053 ], [ -50.295018112961245, -21.892791501300717 ] ] ], [ [ [ -50.293391057577836, -21.892537218341385 ], [ -50.293391057577836, -21.892537218341392 ], [ -50.293405970492103, -21.892540428929994 ], [ -50.293391057577836, -21.892537218341385 ] ] ], [ [ [ -50.292123031149302, -21.896097322113999 ], [ -50.292164738671097, -21.896117626514595 ], [ -50.292207255320399, -21.896138399805704 ], [ -50.292249649433799, -21.896160514802695 ], [ -50.292291947429398, -21.896182167998703 ], [ -50.292333412204599, -21.896202883453594 ], [ -50.292374577062397, -21.896223179779998 ], [ -50.292417344561301, -21.8962432525203 ], [ -50.292462242926902, -21.896263407868403 ], [ -50.292506338773798, -21.896283164882892 ], [ -50.292549378687902, -21.896302834675293 ], [ -50.292592449383299, -21.896323004112105 ], [ -50.292635816643397, -21.896342956798307 ], [ -50.292679714298608, -21.896363922691098 ], [ -50.292723242902497, -21.896385746959901 ], [ -50.292766415498903, -21.8964080137455 ], [ -50.292809464317799, -21.896430533348386 ], [ -50.292852275448503, -21.896453410111288 ], [ -50.2928944699404, -21.8964752965374 ], [ -50.292939465659899, -21.896496915321894 ], [ -50.292939462887603, -21.896496921369003 ], [ -50.292982830214697, -21.896518465966992 ], [ -50.293027638190502, -21.896540015265295 ], [ -50.293073306474909, -21.896561566139802 ], [ -50.293119982795702, -21.896584153429295 ], [ -50.293166742471399, -21.896606976091697 ], [ -50.293212483649199, -21.896628972989699 ], [ -50.293256983481498, -21.896651651540701 ], [ -50.2933006409759, -21.896673477800299 ], [ -50.293345943158307, -21.896695367655909 ], [ -50.293390977976898, -21.896717208360705 ], [ -50.293437495561705, -21.896739926063699 ], [ -50.293483619883602, -21.896762553711085 ], [ -50.2935299513248, -21.896785187288604 ], [ -50.2935755406833, -21.896808058655303 ], [ -50.293621906200798, -21.896832870612492 ], [ -50.293668848106599, -21.896857067347089 ], [ -50.293716697826397, -21.896880991706201 ], [ -50.293764574991798, -21.896905434432199 ], [ -50.293811726913702, -21.896929849701184 ], [ -50.293858539115902, -21.896954039632394 ], [ -50.293902779590901, -21.8969765462463 ], [ -50.293945817928602, -21.896998155380988 ], [ -50.293986697952207, -21.897020001669311 ], [ -50.294028936232301, -21.897042172532494 ], [ -50.294073081245898, -21.897064881040002 ], [ -50.294117561444899, -21.897087695410992 ], [ -50.2941626238742, -21.897110188741905 ], [ -50.294208543034699, -21.897133016458799 ], [ -50.294253998285299, -21.897156354450303 ], [ -50.294302229679197, -21.897182134333395 ], [ -50.294349166449301, -21.897206578594691 ], [ -50.2943955750304, -21.897230444554189 ], [ -50.2944405747483, -21.89725303795419 ], [ -50.294486070426302, -21.897275302966491 ], [ -50.294530958183003, -21.897297995002194 ], [ -50.294577226176806, -21.897319856109295 ], [ -50.294623704881303, -21.897341750563996 ], [ -50.2946681995085, -21.897362839986698 ], [ -50.294709990514498, -21.897382856785502 ], [ -50.294724251254799, -21.897389742503687 ], [ -50.294776080163402, -21.897287684084695 ], [ -50.294867147200797, -21.897123663047097 ], [ -50.294887345671597, -21.897087836169295 ], [ -50.2949316517212, -21.897020197245801 ], [ -50.295002304026802, -21.896922743449 ], [ -50.295009907738063, -21.896912541213155 ], [ -50.295005526560495, -21.896907019722889 ], [ -50.29500540053764, -21.896906860671827 ], [ -50.294933400576944, -21.896815860619235 ], [ -50.294932922639134, -21.89681525325102 ], [ -50.294904676013594, -21.89677916029957 ], [ -50.294671372103494, -21.896939824743413 ], [ -50.294603629557692, -21.896854150251098 ], [ -50.294538535937072, -21.896772783134956 ], [ -50.294351526652441, -21.8969020198038 ], [ -50.294278526691897, -21.896810019750518 ], [ -50.294278400669057, -21.896809860699459 ], [ -50.294206463730561, -21.896718940300044 ], [ -50.294133588572002, -21.896627097531621 ], [ -50.294059650382138, -21.896534175108204 ], [ -50.294058318525828, -21.896532475562509 ], [ -50.293987917411627, -21.896441251478198 ], [ -50.293915588902415, -21.89635009763796 ], [ -50.293841830719643, -21.896257401440096 ], [ -50.293769011706097, -21.896166626952986 ], [ -50.293766997347774, -21.896164057391321 ], [ -50.293695521200611, -21.896070741201431 ], [ -50.293623289818271, -21.895978720294433 ], [ -50.293550589456871, -21.895887097818406 ], [ -50.293476651269572, -21.895794175398198 ], [ -50.293476527981305, -21.895794020238046 ], [ -50.293403528091652, -21.895702020274086 ], [ -50.293330589790109, -21.895610097928177 ], [ -50.293256831606598, -21.895517401729407 ], [ -50.293184012593422, -21.895426627242742 ], [ -50.293183772496292, -21.895426327133382 ], [ -50.293108772536051, -21.895332327078737 ], [ -50.293108528535448, -21.89533202041904 ], [ -50.29303666525005, -21.895241452890566 ], [ -50.292961839466457, -21.895151858765363 ], [ -50.292959528755034, -21.895149020490685 ], [ -50.292887369947294, -21.895058080522418 ], [ -50.292813231725553, -21.894968126050085 ], [ -50.292812161982582, -21.894966812650715 ], [ -50.292748691800853, -21.894887955673813 ], [ -50.292742400896529, -21.894880965773304 ], [ -50.292938015347445, -21.894727630134486 ], [ -50.292905891454993, -21.894687475224071 ], [ -50.292904230388274, -21.894685359100265 ], [ -50.292837730416245, -21.894599008290232 ], [ -50.292771238106056, -21.894514652278577 ], [ -50.292928060513667, -21.894406989498957 ], [ -50.2927934817505, -21.894417239480099 ], [ -50.292703202063301, -21.8944226645683 ], [ -50.292474764668498, -21.894427073288099 ], [ -50.292393742328301, -21.894430084921296 ], [ -50.292460024793549, -21.894514682181551 ], [ -50.292461309043276, -21.894516345926874 ], [ -50.292534087244327, -21.894612054132985 ], [ -50.292606863899856, -21.894706763368355 ], [ -50.292607171859366, -21.89470716558737 ], [ -50.292681171904945, -21.894804165532776 ], [ -50.292681309388627, -21.894804346040029 ], [ -50.292754309434045, -21.894900345986098 ], [ -50.292754745646917, -21.894900922612635 ], [ -50.292827745763212, -21.894997922650766 ], [ -50.292900675693581, -21.895094829428334 ], [ -50.292974605465254, -21.895192736306189 ], [ -50.292974745997022, -21.895192922727425 ], [ -50.293047528760759, -21.89528963395523 ], [ -50.293120241417462, -21.895385255965738 ], [ -50.293194172717854, -21.895482165799223 ], [ -50.293194746344739, -21.895482922841385 ], [ -50.29326695881479, -21.895578876283192 ], [ -50.293341151563688, -21.895673842892393 ], [ -50.293342746576194, -21.89567592291721 ], [ -50.293414454674668, -21.895771206167986 ], [ -50.293489109928316, -21.895864525130303 ], [ -50.293491746806495, -21.895867922992615 ], [ -50.293564336089034, -21.895964377129449 ], [ -50.293624078725649, -21.896042223509021 ], [ -50.293626234199387, -21.896044378980843 ], [ -50.293399765645134, -21.896241620935914 ], [ -50.293390765646436, -21.896232620929855 ], [ -50.293378079868653, -21.896218165066024 ], [ -50.293312079908539, -21.896132165017399 ], [ -50.293311253001221, -21.896131076959104 ], [ -50.293272560121416, -21.896079663071575 ], [ -50.293038889683878, -21.89624247468263 ], [ -50.292967196698811, -21.896152858352309 ], [ -50.292894506429882, -21.896063240114767 ], [ -50.292893527678302, -21.896062020120258 ], [ -50.292821316027634, -21.895971013555258 ], [ -50.292748122465269, -21.895881994261941 ], [ -50.292746401803022, -21.895879861051238 ], [ -50.292674949933314, -21.895789553726068 ], [ -50.292602506865165, -21.89570024025668 ], [ -50.292601528113806, -21.895699020262423 ], [ -50.292528769458514, -21.895607324320451 ], [ -50.292456563391468, -21.895517313918639 ], [ -50.292383123009444, -21.895427994439157 ], [ -50.292381528441332, -21.895426020369353 ], [ -50.29230852848081, -21.895334020316071 ], [ -50.292307924450817, -21.895333253809195 ], [ -50.292235989439888, -21.89524133674605 ], [ -50.292163589210226, -21.895149100732738 ], [ -50.292090132396147, -21.895057775943997 ], [ -50.292088791958953, -21.895056083938446 ], [ -50.292018158479344, -21.894965553600759 ], [ -50.291945829540047, -21.894874399218931 ], [ -50.291872132725892, -21.894782776051617 ], [ -50.291870925112981, -21.894781254025652 ], [ -50.2917990992798, -21.894689476467651 ], [ -50.291728274352089, -21.894599698288797 ], [ -50.291938472051918, -21.89445527246621 ], [ -50.291928484922401, -21.894455851987999 ], [ -50.291784128208405, -21.8944561577031 ], [ -50.291692493336797, -21.894459083713802 ], [ -50.291622192233397, -21.894464851394801 ], [ -50.291620904438545, -21.89446502282718 ], [ -50.291633309412326, -21.894481045899813 ], [ -50.291705009808148, -21.894572662967605 ], [ -50.29177794484584, -21.894665580101826 ], [ -50.291779592807082, -21.89466772020965 ], [ -50.291850072182399, -21.894761030820984 ], [ -50.291921543040175, -21.894853347238321 ], [ -50.291993543082476, -21.894946347185396 ], [ -50.291994593142888, -21.894947720319639 ], [ -50.292065298670082, -21.895041330342739 ], [ -50.292137001444672, -21.895134942188371 ], [ -50.292138185187959, -21.8951365094991 ], [ -50.292207374980435, -21.895229421393982 ], [ -50.292278543532106, -21.895321347332708 ], [ -50.292280621374914, -21.895324098110873 ], [ -50.292350404254641, -21.895418803331079 ], [ -50.292420185572482, -21.895512509557935 ], [ -50.292165814282725, -21.895677490339061 ], [ -50.292095814329159, -21.895583490287052 ], [ -50.292095378432968, -21.89558290183761 ], [ -50.292026400242328, -21.895489288464557 ], [ -50.291977856453428, -21.895426585997278 ], [ -50.291774507109203, -21.895570240383819 ], [ -50.291701507145667, -21.895480240330887 ], [ -50.291700890615886, -21.895479474969584 ], [ -50.291629501530934, -21.895390238515144 ], [ -50.291556123178303, -21.895300994476813 ], [ -50.291555507433003, -21.895300240489338 ], [ -50.291482507469468, -21.895210240436409 ], [ -50.291481273707383, -21.895208698125597 ], [ -50.291411186378177, -21.895119854932911 ], [ -50.291338123501959, -21.895030994582221 ], [ -50.29133689115568, -21.895029475145673 ], [ -50.291264891193514, -21.894939475093249 ], [ -50.291264306510548, -21.894938739387012 ], [ -50.291234250312193, -21.894900668113827 ], [ -50.29119325033485, -21.894848668083849 ], [ -50.291417112243316, -21.894694937464955 ], [ -50.291382925208403, -21.89465125398165 ], [ -50.291382457328368, -21.894650652896576 ], [ -50.29131392926768, -21.894562137382497 ], [ -50.291288266413602, -21.894575991697494 ], [ -50.291210753504302, -21.894620466758404 ], [ -50.291033658394198, -21.894729882886505 ], [ -50.290968994102201, -21.894772445048595 ], [ -50.290777535696201, -21.894909988493797 ], [ -50.290679285020808, -21.894983493198492 ], [ -50.290618936883597, -21.895033264165903 ], [ -50.290593115219899, -21.895059039744392 ], [ -50.290570710949694, -21.895086555237995 ], [ -50.290552477540103, -21.895115438616603 ], [ -50.290538127791301, -21.895146127152298 ], [ -50.290527264622, -21.895178883219305 ], [ -50.290518826143597, -21.895211176918789 ], [ -50.2905150934643, -21.895240723313904 ], [ -50.2905156896622, -21.895270016017808 ], [ -50.290521386578398, -21.895321213354489 ], [ -50.29083222783261, -21.895470293019699 ], [ -50.290871827469601, -21.895488760406792 ], [ -50.290910688774503, -21.895507075989993 ], [ -50.290948845166497, -21.895525041797605 ], [ -50.2909860410143, -21.895542195618599 ], [ -50.291022814916708, -21.895559012690203 ], [ -50.291060861616103, -21.895575932688388 ], [ -50.291099599924102, -21.895593972231804 ], [ -50.291138807068599, -21.895611968560097 ], [ -50.291177859775402, -21.895629975195693 ], [ -50.291216664620904, -21.895647839019798 ], [ -50.291253713191203, -21.895665761993403 ], [ -50.291286796711802, -21.89568139272021 ], [ -50.291318541030897, -21.895695694458801 ], [ -50.291352151908796, -21.895711204782604 ], [ -50.291386895642304, -21.895727060611392 ], [ -50.291422768412701, -21.895744282044806 ], [ -50.291460584406401, -21.895762980697604 ], [ -50.291498205070098, -21.895781299428496 ], [ -50.291536333972402, -21.895800185359501 ], [ -50.291574623568401, -21.895819304102393 ], [ -50.291612673470901, -21.895838491787998 ], [ -50.291650486380298, -21.895858111906598 ], [ -50.291687779982603, -21.8958774921174 ], [ -50.291725693284597, -21.895896952173501 ], [ -50.291764845236699, -21.895916591927005 ], [ -50.291805679920401, -21.895936922249401 ], [ -50.291843249623604, -21.895955805062801 ], [ -50.291884099077699, -21.895976077052694 ], [ -50.291928033478399, -21.895997810765806 ], [ -50.291968239222498, -21.896017751593895 ], [ -50.292006497507401, -21.896037258062808 ], [ -50.2920445192225, -21.896056917176196 ], [ -50.292083246900802, -21.896076991055093 ], [ -50.292123031149302, -21.896097322113999 ] ] ], [ [ [ -50.292268207853176, -21.894794916013556 ], [ -50.292338544272866, -21.894885065406683 ], [ -50.292411867493279, -21.894976223904102 ], [ -50.292412945299731, -21.894977580307859 ], [ -50.29248594534068, -21.895070580254409 ], [ -50.292486075360998, -21.895070746143681 ], [ -50.292557774738249, -21.895162361910458 ], [ -50.292629683170347, -21.895252986134821 ], [ -50.292702876876, -21.895342005410718 ], [ -50.292703987347437, -21.895343372707092 ], [ -50.292776987385409, -21.895434372653973 ], [ -50.29277747169867, -21.895434979691832 ], [ -50.292795157620056, -21.895457268773399 ], [ -50.292794689883955, -21.895456653667651 ], [ -50.292794253810712, -21.89545607722431 ], [ -50.292721324045289, -21.895359170433473 ], [ -50.292647394436258, -21.895261263536895 ], [ -50.292647254044518, -21.895261077300965 ], [ -50.292574254160812, -21.895164077339089 ], [ -50.29250147155954, -21.89506736609556 ], [ -50.292428759133877, -21.894971744162135 ], [ -50.292354981605584, -21.894875035666509 ], [ -50.292282135997638, -21.894780236476816 ], [ -50.292281690765392, -21.894779654025349 ], [ -50.292209326612337, -21.894684490095639 ], [ -50.292133975101926, -21.894588317662958 ], [ -50.292133136299086, -21.894587236643677 ], [ -50.292060716515294, -21.894492991610107 ], [ -50.292026887892312, -21.894450141972431 ], [ -50.291996352930205, -21.894451913820472 ], [ -50.292048725539317, -21.89451830155992 ], [ -50.292049074698824, -21.894518745927215 ], [ -50.292120476274604, -21.894609981170618 ], [ -50.29219386716354, -21.894701223796449 ], [ -50.292194470819496, -21.894701979404655 ], [ -50.292267470858953, -21.894793979351387 ], [ -50.292268207853176, -21.894794916013556 ] ] ], [ [ [ -50.293088769425118, -21.894429640848141 ], [ -50.293154949218732, -21.894515575704755 ], [ -50.293222108432275, -21.894599524627946 ], [ -50.293223769631439, -21.894601640915656 ], [ -50.293290451636224, -21.894688227895983 ], [ -50.29335539810338, -21.894771321074941 ], [ -50.293571023141411, -21.894625926335014 ], [ -50.293513441573666, -21.894556379692393 ], [ -50.293436441609217, -21.894463379636917 ], [ -50.293434773630011, -21.894461327527708 ], [ -50.293359832728562, -21.894367401493572 ], [ -50.293303285511989, -21.894296717394507 ], [ -50.293287930868303, -21.894310698635895 ], [ -50.2932491285138, -21.894337274530788 ], [ -50.2932067053287, -21.894358427553598 ], [ -50.293161118636803, -21.894374310507395 ], [ -50.293115023949497, -21.8943854207821 ], [ -50.293068609660402, -21.894393727578198 ], [ -50.293061089153731, -21.894394509200616 ], [ -50.293087761783269, -21.894428347573001 ], [ -50.293088769425118, -21.894429640848141 ] ] ], [ [ [ -50.292312701099902, -21.8935824540068 ], [ -50.292341063369498, -21.893588523392388 ], [ -50.2923693771872, -21.893594978630993 ], [ -50.2923975800311, -21.893601319460192 ], [ -50.292423548753753, -21.893607158555252 ], [ -50.292394796659877, -21.893571596716249 ], [ -50.292320233491537, -21.893481126641912 ], [ -50.292319955137337, -21.893480787870828 ], [ -50.292262985619637, -21.893411240593071 ], [ -50.292091579512046, -21.893534186314319 ], [ -50.292114508050901, -21.893538571587797 ], [ -50.292143005572399, -21.893544220938498 ], [ -50.292171597434802, -21.893549956999404 ], [ -50.292200020332402, -21.893556183950707 ], [ -50.292228530442102, -21.893562352692694 ], [ -50.292256972894599, -21.893569246483391 ], [ -50.2922848160093, -21.893576263738804 ], [ -50.292312701099902, -21.8935824540068 ] ] ], [ [ [ -50.290990828785198, -21.893045317924901 ], [ -50.290968654583303, -21.8930627321662 ], [ -50.2909465310616, -21.893080325171891 ], [ -50.290924099615196, -21.893097846808697 ], [ -50.290901410030898, -21.893115105744005 ], [ -50.290848987152103, -21.893154102221711 ], [ -50.290866784825504, -21.893182329219801 ], [ -50.2908809820591, -21.893206336729801 ], [ -50.290894937101797, -21.893230374932095 ], [ -50.290908357129901, -21.893254557580388 ], [ -50.2909217106886, -21.893278385857599 ], [ -50.290935468615899, -21.893301819480293 ], [ -50.290950003855798, -21.893325312089885 ], [ -50.290963930863803, -21.893349196371105 ], [ -50.290978074431997, -21.893372596131002 ], [ -50.2909925268603, -21.893395909115295 ], [ -50.291007148519498, -21.893419081426401 ], [ -50.291022224014199, -21.893442143415594 ], [ -50.291037476942904, -21.893465792684989 ], [ -50.291071653892701, -21.8934640283682 ], [ -50.2911008610427, -21.893462889965093 ], [ -50.291130044683101, -21.893461925915194 ], [ -50.291159048404907, -21.893461248092095 ], [ -50.291187784508601, -21.893460223965501 ], [ -50.291216639904, -21.893458765423901 ], [ -50.291245687005201, -21.893457314009584 ], [ -50.291274708118102, -21.893455999668301 ], [ -50.2913037330772, -21.893454591328588 ], [ -50.291332877201697, -21.893453338593094 ], [ -50.291362109467201, -21.893452300726299 ], [ -50.29139145418101, -21.893451644061084 ], [ -50.291420952812402, -21.893451488327791 ], [ -50.291450430412397, -21.89345213823529 ], [ -50.291479774756702, -21.893453253695597 ], [ -50.291509112071601, -21.8934548308278 ], [ -50.291538241805497, -21.893456921524002 ], [ -50.291567302099502, -21.893458992750105 ], [ -50.291594969894362, -21.893461245789517 ], [ -50.291554618393704, -21.89341039178715 ], [ -50.29148074040333, -21.893321738104607 ], [ -50.291478530950485, -21.893319021207198 ], [ -50.291406319298751, -21.893228014640911 ], [ -50.291333125734802, -21.893138995345641 ], [ -50.291331531168801, -21.893137021278438 ], [ -50.291259017207516, -21.893045633718543 ], [ -50.291186816756017, -21.892956619366288 ], [ -50.29115450455469, -21.892917320700942 ], [ -50.291146481864502, -21.892923476132196 ], [ -50.291124334419003, -21.8929408621938 ], [ -50.291101980489202, -21.892958361688496 ], [ -50.291079507779102, -21.892975493533591 ], [ -50.291057370450602, -21.892992907267594 ], [ -50.291035108245801, -21.893010194426097 ], [ -50.291013104620397, -21.8930277913399 ], [ -50.290990828785198, -21.893045317924901 ] ] ], [ [ [ -50.292765562494303, -21.8936798114418 ], [ -50.292793728171098, -21.893685961408796 ], [ -50.292821944673797, -21.893692121219004 ], [ -50.292850143575897, -21.893698099199696 ], [ -50.292878396630002, -21.893703914670699 ], [ -50.292906677321703, -21.893709600305993 ], [ -50.292935163665597, -21.893715145124197 ], [ -50.292963710637103, -21.893721054708102 ], [ -50.292992201267197, -21.893727177744392 ], [ -50.293020746996099, -21.893733655406596 ], [ -50.2930490243901, -21.893740714896506 ], [ -50.293077180215299, -21.893747759658197 ], [ -50.293105347758903, -21.893755128355295 ], [ -50.293133627478198, -21.8937628312068 ], [ -50.293161874772501, -21.893771472114107 ], [ -50.293189968237897, -21.893781192024001 ], [ -50.293217764046901, -21.893792547724299 ], [ -50.293244851909805, -21.893806052839803 ], [ -50.293270526475901, -21.893821982733783 ], [ -50.293294739850502, -21.893840140383904 ], [ -50.293316535460498, -21.893860995219111 ], [ -50.293335599554901, -21.8938836509464 ], [ -50.2933524462509, -21.893907538916796 ], [ -50.293354526438605, -21.893911102273339 ], [ -50.29337096512365, -21.893898574331846 ], [ -50.293377965126197, -21.893906574326905 ], [ -50.293359913983487, -21.893920331124757 ], [ -50.293367086995502, -21.893932618477088 ], [ -50.293379596960605, -21.893958780108704 ], [ -50.293389469065097, -21.893985995154793 ], [ -50.293396676657899, -21.894013887138605 ], [ -50.293401265600998, -21.894042385895098 ], [ -50.293402625949, -21.894070939881004 ], [ -50.293402130594501, -21.894099340881688 ], [ -50.293398635151199, -21.894131577242202 ], [ -50.293418741132598, -21.894141597658692 ], [ -50.293444229893197, -21.894154499726085 ], [ -50.293449488074565, -21.894157092014055 ], [ -50.293532107919184, -21.894099524508395 ], [ -50.293559352375162, -21.894133580040645 ], [ -50.293491716800574, -21.894044687465811 ], [ -50.293421948609435, -21.893952992020658 ], [ -50.293352182100804, -21.893862295453449 ], [ -50.293351717020016, -21.893861687537719 ], [ -50.293281948828614, -21.893769992092221 ], [ -50.293212182320211, -21.893679295525295 ], [ -50.293211717239458, -21.893678687609601 ], [ -50.293141717349762, -21.893586687645755 ], [ -50.293072316390052, -21.893495474848585 ], [ -50.293000926643366, -21.893404254512088 ], [ -50.293000658096425, -21.893403910304862 ], [ -50.292930725997635, -21.893313997503142 ], [ -50.292860339187385, -21.893223783319609 ], [ -50.292788893289448, -21.893134475847734 ], [ -50.292786717895503, -21.893131687824411 ], [ -50.292717787880946, -21.893041093984934 ], [ -50.292646893507623, -21.892952475919035 ], [ -50.292645794432055, -21.892951084799282 ], [ -50.292575339622665, -21.892860783461895 ], [ -50.292503893794759, -21.892771476077566 ], [ -50.292431893832571, -21.892681476025157 ], [ -50.292431405588161, -21.892680862340448 ], [ -50.292359405627472, -21.892589862287867 ], [ -50.292359276779827, -21.892589699199352 ], [ -50.292288584075933, -21.892500088628847 ], [ -50.292217201134378, -21.892410859853062 ], [ -50.292144510864489, -21.892321241614347 ], [ -50.292143894335574, -21.89232047625411 ], [ -50.292075320918876, -21.892234759388586 ], [ -50.292068173346451, -21.892240071252367 ], [ -50.292115517959594, -21.892300041028122 ], [ -50.292189344661757, -21.892392823131242 ], [ -50.292190147735326, -21.892393841675773 ], [ -50.292265147778082, -21.89248984162079 ], [ -50.292265406658245, -21.892490173978029 ], [ -50.292338277584292, -21.892584007665299 ], [ -50.292412455227684, -21.892678954940919 ], [ -50.292486748140504, -21.892771078051158 ], [ -50.292488861683999, -21.892773762678782 ], [ -50.292561281625161, -21.892868007698272 ], [ -50.292635691287046, -21.892962259829801 ], [ -50.292710691328303, -21.893057259774977 ], [ -50.292711862025826, -21.893058762790641 ], [ -50.292783995934933, -21.893152635577344 ], [ -50.292859106822426, -21.893246524081814 ], [ -50.292860128784902, -21.893247816449119 ], [ -50.292925637900865, -21.893331629489388 ], [ -50.292929964445051, -21.893336574106307 ], [ -50.292690035402863, -21.89351942580117 ], [ -50.292685133757274, -21.893513823914986 ], [ -50.29252195295188, -21.893628735107278 ], [ -50.292538537351803, -21.8936321201863 ], [ -50.292566946671599, -21.8936379030838 ], [ -50.292595301364898, -21.893643780549581 ], [ -50.292623526740002, -21.8936495413732 ], [ -50.292651938743496, -21.893655011655401 ], [ -50.292680530215399, -21.893660760955001 ], [ -50.292709105794899, -21.89366686157879 ], [ -50.292737474320802, -21.893673355430792 ], [ -50.292765562494303, -21.8936798114418 ] ] ], [ [ [ -50.291585012487857, -21.892555117359208 ], [ -50.291578361444408, -21.892560141033904 ], [ -50.291585012487857, -21.892555117359219 ], [ -50.291585012487857, -21.892555117359208 ] ] ], [ [ [ -50.292477325937895, -21.892252799058131 ], [ -50.292477325937888, -21.892252799058113 ], [ -50.292451489440104, -21.892235871092097 ], [ -50.292477325937895, -21.892252799058131 ] ] ], [ [ [ -50.292979494998932, -21.892020222581841 ], [ -50.292904986332232, -21.89192882518531 ], [ -50.292830235418471, -21.891838127313139 ], [ -50.292828776743463, -21.891836328579497 ], [ -50.29278967385504, -21.891787319571797 ], [ -50.292823273470582, -21.891830999021323 ], [ -50.292893722491002, -21.891920300495226 ], [ -50.292894071650359, -21.891920744862329 ], [ -50.292966071691154, -21.892012744809584 ], [ -50.292966815753609, -21.89201370377554 ], [ -50.29303644593589, -21.892104222907335 ], [ -50.293108071980093, -21.892195744970223 ], [ -50.293180072020903, -21.892287744917457 ], [ -50.293180676556105, -21.892288522793173 ], [ -50.293251139796617, -21.892379827168373 ], [ -50.293322594232812, -21.89247013753431 ], [ -50.293323676775579, -21.892471522864994 ], [ -50.293371004362093, -21.892532848681306 ], [ -50.293374484381602, -21.892533650312107 ], [ -50.293391057577836, -21.892537218341385 ], [ -50.29334988782761, -21.892484205177485 ], [ -50.293276479232183, -21.892390956315648 ], [ -50.293202013468473, -21.892297625788007 ], [ -50.293127252490514, -21.892204922073496 ], [ -50.293126532228783, -21.892204021684684 ], [ -50.293053890595274, -21.892112473222518 ], [ -50.292979494998932, -21.892020222581841 ] ] ], [ [ [ -50.291782704327986, -21.891871488248064 ], [ -50.291710536358202, -21.891784491150801 ], [ -50.291746404230146, -21.891831168464133 ], [ -50.291818941608589, -21.891923578991531 ], [ -50.291819726479559, -21.891924587993554 ], [ -50.291892751415332, -21.892019322936228 ], [ -50.291966747349363, -21.892111077792872 ], [ -50.291967941905824, -21.892112579155537 ], [ -50.292040816398369, -21.892205419157179 ], [ -50.292045189443833, -21.89221095834186 ], [ -50.292051971060111, -21.892205918442706 ], [ -50.291999511080306, -21.892141241684705 ], [ -50.29199889455144, -21.892140476324546 ], [ -50.291927201565429, -21.892050859993084 ], [ -50.291854511296094, -21.891961241755041 ], [ -50.291853894767314, -21.891960476394988 ], [ -50.291782704327986, -21.891871488248064 ] ] ], [ [ [ -50.293126187165633, -21.890845144885375 ], [ -50.293095540818577, -21.890804769491766 ], [ -50.293041336787134, -21.890736388943967 ], [ -50.293099086185975, -21.890810763084364 ], [ -50.293126187165633, -21.890845144885375 ] ] ], [ [ [ -50.292103862237575, -21.890469222177092 ], [ -50.292177264880067, -21.890560479416674 ], [ -50.292252657343944, -21.890651743880746 ], [ -50.292252763221299, -21.890651872196422 ], [ -50.292326883704916, -21.890741804954128 ], [ -50.292279017422764, -21.890681630132534 ], [ -50.292207395181684, -21.890593096987551 ], [ -50.292206643937092, -21.890592160507449 ], [ -50.292137017635106, -21.890504630201935 ], [ -50.29206539539387, -21.890416097056772 ], [ -50.292064644149342, -21.890415160576737 ], [ -50.2919949582299, -21.89032755532341 ], [ -50.291924335376358, -21.890240022676458 ], [ -50.291878138308945, -21.890182917905943 ], [ -50.291879559698401, -21.890192663264902 ], [ -50.291880404004843, -21.890198115126012 ], [ -50.291880404004843, -21.890198115126019 ], [ -50.291951818132219, -21.890285935106917 ], [ -50.292026256113225, -21.890375260589877 ], [ -50.292026657088044, -21.890375743863792 ], [ -50.292102657123451, -21.890467743809012 ], [ -50.292103862237575, -21.890469222177092 ] ] ], [ [ [ -50.290040774089199, -21.890804436466805 ], [ -50.290047564413598, -21.890830990441586 ], [ -50.290054060046899, -21.890857111987295 ], [ -50.2900616010539, -21.890882964722692 ], [ -50.290069132822403, -21.890909155861891 ], [ -50.290076682268598, -21.890935312200607 ], [ -50.290084285099397, -21.890961496686305 ], [ -50.2900917735913, -21.890987749525795 ], [ -50.290099176841501, -21.891013994637792 ], [ -50.290106569311199, -21.891040345526598 ], [ -50.290113558657808, -21.891066741033399 ], [ -50.290120602827301, -21.891092887115104 ], [ -50.290128011717997, -21.891119089880206 ], [ -50.2901351201876, -21.891145447109597 ], [ -50.2901422466688, -21.891171557779192 ], [ -50.29014976818241, -21.891197522447996 ], [ -50.2901575200842, -21.8912234494248 ], [ -50.290165705345103, -21.891249572695997 ], [ -50.290173237105101, -21.891276063571603 ], [ -50.2901804835859, -21.891302479943398 ], [ -50.290187371642901, -21.891328637765898 ], [ -50.2901950256731, -21.891354548218892 ], [ -50.290202690279301, -21.891380812812105 ], [ -50.290210139210302, -21.891407390915099 ], [ -50.2902166456266, -21.891433938413098 ], [ -50.290223572934501, -21.891460207096703 ], [ -50.290230187406301, -21.891486531076797 ], [ -50.290237247705598, -21.891512512702803 ], [ -50.290244742698803, -21.891538461644295 ], [ -50.290252569062197, -21.891564500784895 ], [ -50.290260321688301, -21.891590671333983 ], [ -50.290268023083897, -21.891616851544988 ], [ -50.290275632031701, -21.891643063986994 ], [ -50.290283189884704, -21.891669383560707 ], [ -50.2902903581573, -21.891695770847793 ], [ -50.290297501270103, -21.891722050276496 ], [ -50.290304611612399, -21.891748325904292 ], [ -50.2903117605304, -21.891774607022899 ], [ -50.290318842630597, -21.891800932459901 ], [ -50.2903258867807, -21.891827320618592 ], [ -50.290332683068698, -21.891853729277408 ], [ -50.290339508418199, -21.891880008849895 ], [ -50.290346480077403, -21.891906310573404 ], [ -50.290353358481397, -21.891932697641185 ], [ -50.290360181843504, -21.891959121994702 ], [ -50.290366815216601, -21.891985570931801 ], [ -50.290373446603297, -21.89201202755719 ], [ -50.290379897629798, -21.892038678571506 ], [ -50.2903858406073, -21.8920653366417 ], [ -50.290391812075597, -21.892091723526399 ], [ -50.290398108609999, -21.892118017829187 ], [ -50.290404587109101, -21.892144344211893 ], [ -50.290411185735209, -21.892170659736792 ], [ -50.290417853321998, -21.892196755128001 ], [ -50.290425240985698, -21.89222263726549 ], [ -50.290432931372301, -21.892248653922199 ], [ -50.290440734273702, -21.892274669439594 ], [ -50.290448622536807, -21.892300392391302 ], [ -50.290457409987702, -21.892325882085789 ], [ -50.290466380603398, -21.892351592728502 ], [ -50.290475478019403, -21.892377364825883 ], [ -50.290484337511202, -21.892403070533295 ], [ -50.290493664215902, -21.892428547864501 ], [ -50.290503056028598, -21.892454128795997 ], [ -50.290512665097097, -21.892479737990701 ], [ -50.2905220939641, -21.8925057173388 ], [ -50.290530762741298, -21.89253181478059 ], [ -50.290539330967299, -21.892557470391299 ], [ -50.290548551953101, -21.8925829322989 ], [ -50.290557981886998, -21.892608933186295 ], [ -50.290566407247802, -21.892635495656897 ], [ -50.290573905137002, -21.892661833343794 ], [ -50.290581635521001, -21.892687777168906 ], [ -50.290589556358498, -21.892713587283396 ], [ -50.29059797483, -21.892739043057894 ], [ -50.2906071956332, -21.892764171842597 ], [ -50.290617251495803, -21.892789202406387 ], [ -50.290627639112898, -21.892814129414091 ], [ -50.290638577659301, -21.892838405312897 ], [ -50.290650929962197, -21.892861938253496 ], [ -50.290664493384703, -21.892885300715598 ], [ -50.2906785100324, -21.892908455349406 ], [ -50.290693450358098, -21.892931063865696 ], [ -50.290709020809302, -21.8929535469602 ], [ -50.290725091438198, -21.892975979284476 ], [ -50.2907410749131, -21.892998415905993 ], [ -50.290757590883501, -21.893020614612492 ], [ -50.290773955517103, -21.893043171411197 ], [ -50.290790229518599, -21.893065778505907 ], [ -50.290806291154503, -21.893088635292603 ], [ -50.290822105258897, -21.893111871038794 ], [ -50.290828992345709, -21.893122764855505 ], [ -50.290877110736801, -21.893086970414792 ], [ -50.290899441232199, -21.893069984624098 ], [ -50.290921548255803, -21.893052716402192 ], [ -50.290943632698301, -21.893035154475086 ], [ -50.290965898227498, -21.893017668513203 ], [ -50.290988027903303, -21.893000256908493 ], [ -50.291010126647798, -21.892982583927491 ], [ -50.2910325101954, -21.892965202545398 ], [ -50.291054781484, -21.892947683437306 ], [ -50.291077289829403, -21.892930524428088 ], [ -50.291099430169702, -21.892913192141396 ], [ -50.291121724048203, -21.892895691129905 ], [ -50.291130919374275, -21.892888635991337 ], [ -50.291113126060829, -21.89286699545179 ], [ -50.291326029144358, -21.892714525979024 ], [ -50.29127582409351, -21.892651389253817 ], [ -50.291207023112506, -21.892565637211671 ], [ -50.291206626418749, -21.89256514056634 ], [ -50.291140959317907, -21.892482559120335 ], [ -50.291074295441902, -21.892399975422062 ], [ -50.291073894265161, -21.892399476202446 ], [ -50.291005894300888, -21.89231447615294 ], [ -50.291005762150654, -21.89231431071866 ], [ -50.290939027924921, -21.892230643835404 ], [ -50.290872295744059, -21.892147975520619 ], [ -50.290871626920101, -21.892147140730003 ], [ -50.29080562701963, -21.892064140762507 ], [ -50.290739627055039, -21.891981140714378 ], [ -50.29073808493748, -21.891979166740594 ], [ -50.290673172398513, -21.891894583637345 ], [ -50.29060729614563, -21.891812975651675 ], [ -50.290831842979102, -21.891655097548281 ], [ -50.290814075590212, -21.891632705745558 ], [ -50.29074062692235, -21.89154238363664 ], [ -50.290987372928498, -21.891367616265953 ], [ -50.291061372965103, -21.891458616212361 ], [ -50.29106246696491, -21.891459978111424 ], [ -50.291134924371107, -21.891551294192869 ], [ -50.291208373184475, -21.891641616283835 ], [ -50.291208863601533, -21.891642222665705 ], [ -50.291282266244025, -21.89173347990527 ], [ -50.291357658707284, -21.891824744368567 ], [ -50.291358260901177, -21.891825478178873 ], [ -50.291374442452216, -21.891845327526699 ], [ -50.291349656018618, -21.891814176973789 ], [ -50.291347862540782, -21.891811876031088 ], [ -50.291277226427027, -21.891719352562248 ], [ -50.291204659792342, -21.89162591048634 ], [ -50.291130891703034, -21.891531208101021 ], [ -50.291058058959905, -21.891438421076153 ], [ -50.29105759473061, -21.891437826491522 ], [ -50.290985595905667, -21.8913451155701 ], [ -50.290912627257114, -21.891255383755365 ], [ -50.290912253736373, -21.891254922512299 ], [ -50.290837253774633, -21.891161922457844 ], [ -50.290836533513492, -21.89116102206977 ], [ -50.290763533623817, -21.891069022105803 ], [ -50.290691426418832, -21.890978147171264 ], [ -50.290616342393633, -21.890887255885499 ], [ -50.290852943267531, -21.890717014149903 ], [ -50.290838330787736, -21.890699242195812 ], [ -50.290765534110193, -21.890611487204033 ], [ -50.290764297627454, -21.890609976221441 ], [ -50.290698651800689, -21.890528653691518 ], [ -50.290694057594408, -21.890523293778706 ], [ -50.290935942254279, -21.890342706127395 ], [ -50.29094194225668, -21.890349706123111 ], [ -50.290944702189677, -21.890353023729318 ], [ -50.291011089305549, -21.890435264395368 ], [ -50.291083465773248, -21.890522512647305 ], [ -50.291083561028806, -21.890522627985753 ], [ -50.291057823010107, -21.890488822786953 ], [ -50.290990066183618, -21.890400140953943 ], [ -50.290923308139377, -21.890313455034278 ], [ -50.290855876784534, -21.890226190827256 ], [ -50.290788380156755, -21.890140827348596 ], [ -50.290787235806839, -21.890139360907078 ], [ -50.290720553945569, -21.890052773912085 ], [ -50.29065319313181, -21.88996659159606 ], [ -50.290584514139603, -21.889879996247714 ], [ -50.290583087422213, -21.889878167588542 ], [ -50.290518296425049, -21.889793742858249 ], [ -50.290450550234773, -21.889710287314699 ], [ -50.290448875565012, -21.889708185001883 ], [ -50.290381382734566, -21.889621833782474 ], [ -50.29031389766152, -21.889537477347247 ], [ -50.290246222631701, -21.889452883466589 ], [ -50.290177550644685, -21.889368287448363 ], [ -50.290176897865379, -21.88936747741376 ], [ -50.290108897901092, -21.889282477364269 ], [ -50.290108244412259, -21.889281654435489 ], [ -50.290041244449313, -21.889196654386495 ], [ -50.290243125410925, -21.889058047245673 ], [ -50.29022527674401, -21.889034423982075 ], [ -50.290156149229226, -21.88894653318431 ], [ -50.290155382538835, -21.888945549743664 ], [ -50.290087382579024, -21.888857549693689 ], [ -50.290085809236345, -21.888855475403609 ], [ -50.290019349789063, -21.888766201411141 ], [ -50.289951899815144, -21.888677921193811 ], [ -50.289950809450879, -21.888676475473918 ], [ -50.289884586459749, -21.888587519109727 ], [ -50.289817383006898, -21.888500549833878 ], [ -50.290068616846412, -21.888331450065429 ], [ -50.290136616886592, -21.888419450015444 ], [ -50.290138190359919, -21.888421524472829 ], [ -50.290199834098395, -21.888504329394411 ], [ -50.290406067392162, -21.888363743462634 ], [ -50.29047776676952, -21.88845535922956 ], [ -50.290550463443019, -21.888546976852219 ], [ -50.290551535562138, -21.888548344707971 ], [ -50.290623003909673, -21.888640657884039 ], [ -50.290695463664797, -21.888731976924682 ], [ -50.290695589828076, -21.888732136152615 ], [ -50.290767526914294, -21.888823056534513 ], [ -50.290840163447918, -21.888914598365066 ], [ -50.290913860410953, -21.889006221515359 ], [ -50.290914464065395, -21.889006977121682 ], [ -50.290987222870626, -21.889098673047798 ], [ -50.291059620729229, -21.889188922333716 ], [ -50.291134257819124, -21.889280477064734 ], [ -50.291134370468896, -21.889280615420699 ], [ -50.291208370505508, -21.889371615367082 ], [ -50.291209464504348, -21.889372977264948 ], [ -50.291281866541532, -21.889464223566435 ], [ -50.291356258148745, -21.889555477172131 ], [ -50.29135746472501, -21.889556977336998 ], [ -50.29142962368352, -21.889647917293342 ], [ -50.291503762052002, -21.889737871750484 ], [ -50.291505464944514, -21.889739977408638 ], [ -50.291577572298607, -21.889830852329407 ], [ -50.291652656469026, -21.88992174359624 ], [ -50.291652870529113, -21.889922003329403 ], [ -50.291726816548966, -21.890011937581871 ], [ -50.291801709664313, -21.890102807798431 ], [ -50.291833062752247, -21.890140761496159 ], [ -50.291832378723001, -21.890135877363598 ], [ -50.291830715165851, -21.890124602214723 ], [ -50.291780905520909, -21.890063723694176 ], [ -50.291779644572728, -21.890062160714919 ], [ -50.291709958653065, -21.889974555461318 ], [ -50.291639645354678, -21.88988740648907 ], [ -50.291567019026878, -21.889798861966799 ], [ -50.291566905909221, -21.889798723884059 ], [ -50.29149490594402, -21.889710723831989 ], [ -50.291494396310704, -21.889710097419716 ], [ -50.291422650320733, -21.889621411307818 ], [ -50.291350906156175, -21.889533723901067 ], [ -50.291350276097091, -21.889532948429039 ], [ -50.291279336329929, -21.889445022987609 ], [ -50.291207455510651, -21.88935617021124 ], [ -50.291134709981151, -21.889266483844626 ], [ -50.291062906652371, -21.889178724126033 ], [ -50.290990906687156, -21.889090724073981 ], [ -50.290988663240221, -21.889087912019729 ], [ -50.290919460448144, -21.88899893689986 ], [ -50.290849336968797, -21.888912023195772 ], [ -50.290777397303721, -21.888823097679367 ], [ -50.290776898496709, -21.888822477646233 ], [ -50.290704898534514, -21.888732477593809 ], [ -50.290704646167818, -21.888732161235435 ], [ -50.290634646273325, -21.888644161269884 ], [ -50.290564646310834, -21.888556161218851 ], [ -50.290564281584686, -21.888555700802563 ], [ -50.290493281623839, -21.888465700750658 ], [ -50.29049314985695, -21.888465533470391 ], [ -50.290423149895936, -21.888376533419194 ], [ -50.290672849956493, -21.888205466481264 ], [ -50.290742784175315, -21.888294382744544 ], [ -50.290813536393571, -21.888384068553986 ], [ -50.290883353646564, -21.888471838716754 ], [ -50.290953227732423, -21.888559680326804 ], [ -50.291024852841986, -21.888649211614748 ], [ -50.291096194787478, -21.888737398089798 ], [ -50.291092695307498, -21.888731502558535 ], [ -50.291092247255705, -21.888730747731145 ], [ -50.291038060416589, -21.888661420372671 ], [ -50.290971245159582, -21.888576654652216 ], [ -50.290970237649297, -21.888575361542962 ], [ -50.290903237689335, -21.888488361493657 ], [ -50.290945688857377, -21.888459885170732 ], [ -50.290941034351604, -21.888451332811595 ], [ -50.290925600665901, -21.888423593709291 ], [ -50.290909697201407, -21.888395886058795 ], [ -50.290894273748002, -21.888368320817104 ], [ -50.290878681020303, -21.888341176998786 ], [ -50.290862378284402, -21.888314468193293 ], [ -50.2908453838985, -21.888288329764496 ], [ -50.290827441384003, -21.888263136925605 ], [ -50.290808298311497, -21.888238236296591 ], [ -50.290788825363606, -21.888213088223512 ], [ -50.2907691798735, -21.888188013809597 ], [ -50.290748956797408, -21.888163375998904 ], [ -50.290727512470198, -21.888139654837193 ], [ -50.290705588573005, -21.888116623122897 ], [ -50.290682822299601, -21.888093985319401 ], [ -50.290659612326102, -21.888071522093401 ], [ -50.290636543892901, -21.888049264119612 ], [ -50.290613158997409, -21.888028029851004 ], [ -50.290589074886803, -21.888007492220293 ], [ -50.290563888708903, -21.887987504800893 ], [ -50.2905382235313, -21.8879676459077 ], [ -50.290512527212201, -21.887947828057591 ], [ -50.290486604249402, -21.887928628181399 ], [ -50.290460914679699, -21.887909582244905 ], [ -50.290434474288197, -21.8878909320924 ], [ -50.290408351221203, -21.8878714905435 ], [ -50.290382862192907, -21.887852415393493 ], [ -50.290357544620299, -21.88783318619161 ], [ -50.290332803594303, -21.887813433387688 ], [ -50.290308303554198, -21.8877941167536 ], [ -50.290283572265899, -21.887775288499096 ], [ -50.290258536546602, -21.887756684182794 ], [ -50.2902362281839, -21.887740046968094 ], [ -50.29021472984531, -21.887725261637797 ], [ -50.290193864253197, -21.887711178747299 ], [ -50.290183916952309, -21.887709917521093 ], [ -50.290155042557103, -21.887706481198794 ], [ -50.290126281636901, -21.887702639398988 ], [ -50.290097542973101, -21.887699174640993 ], [ -50.290068697656302, -21.887695496023102 ], [ -50.2900399015831, -21.887691819057597 ], [ -50.290011104499698, -21.887688070682184 ], [ -50.2899823051781, -21.887684289557406 ], [ -50.289953438008503, -21.887680407870906 ], [ -50.289924757128603, -21.887676285808393 ], [ -50.289896163137101, -21.887672497046697 ], [ -50.289867455600401, -21.887668818411903 ], [ -50.289838569045401, -21.887665142029402 ], [ -50.289809745915299, -21.887661147595487 ], [ -50.289780873843299, -21.887657186481 ], [ -50.289752006541299, -21.887652776810793 ], [ -50.2897232604289, -21.887648226461792 ], [ -50.289694510895899, -21.8876434988365 ], [ -50.2896659373639, -21.887638539226302 ], [ -50.289637398313701, -21.88763377636019 ], [ -50.289608704427209, -21.887628931258405 ], [ -50.2895799342731, -21.887623783841004 ], [ -50.289551339990098, -21.887618224911098 ], [ -50.2895229635972, -21.887612667195988 ], [ -50.289494547798299, -21.887607270214904 ], [ -50.289466247628901, -21.887601841900295 ], [ -50.289438132181402, -21.887596916348997 ], [ -50.289409794850101, -21.887592696561494 ], [ -50.289381050605897, -21.887588637759489 ], [ -50.289352417916902, -21.8875842826819 ], [ -50.289324045840601, -21.887580356024102 ], [ -50.289295632084205, -21.887577029422292 ], [ -50.2892670563755, -21.887574199748297 ], [ -50.289238279614501, -21.887571680061995 ], [ -50.28920957412921, -21.887569217519992 ], [ -50.289180643926997, -21.887567280242394 ], [ -50.289154595913303, -21.887565131196411 ], [ -50.289155679244701, -21.887579812631799 ], [ -50.289158192007598, -21.887606300807303 ], [ -50.289161755047608, -21.8876327210574 ], [ -50.289165754566199, -21.887659281222703 ], [ -50.289170243053697, -21.887685874546399 ], [ -50.289174836319702, -21.887712505992102 ], [ -50.289179706827404, -21.887738922631904 ], [ -50.2891851381926, -21.887764955672392 ], [ -50.289191819064499, -21.887791048446591 ], [ -50.289198284566197, -21.887817725358907 ], [ -50.289204306469898, -21.887844485122997 ], [ -50.289209951692598, -21.887871069093496 ], [ -50.289215857313998, -21.887897295571598 ], [ -50.289222364529302, -21.887923345404783 ], [ -50.289229388536299, -21.887949439212196 ], [ -50.289236533441702, -21.887975459584091 ], [ -50.289244265100002, -21.888001250297489 ], [ -50.2892524011571, -21.888027055086006 ], [ -50.289260829134903, -21.888052910898296 ], [ -50.289269281118997, -21.888078872018092 ], [ -50.2892776524087, -21.8881049045658 ], [ -50.289285885730003, -21.888130996287298 ], [ -50.289293907212702, -21.8881569767149 ], [ -50.289302347207901, -21.888183059089698 ], [ -50.289310006603202, -21.888209437075595 ], [ -50.2893176472327, -21.888235469529988 ], [ -50.289325578327499, -21.888261563697604 ], [ -50.2893332552866, -21.888287968082089 ], [ -50.289340365995997, -21.888314185560603 ], [ -50.289348043587999, -21.888339945500803 ], [ -50.289356323120899, -21.888366023954486 ], [ -50.2893639648385, -21.888392773590688 ], [ -50.289370428550598, -21.888419304315988 ], [ -50.289377529264897, -21.888445392619396 ], [ -50.289384545593698, -21.888471685247502 ], [ -50.289391703618499, -21.888497906329707 ], [ -50.289398876007297, -21.888524211349985 ], [ -50.289405915826997, -21.88855053407659 ], [ -50.289412997194503, -21.888576847034692 ], [ -50.289419945030801, -21.888603172661597 ], [ -50.289426931339698, -21.888629261244002 ], [ -50.289434513337497, -21.888655360238797 ], [ -50.289441786882797, -21.888681777602681 ], [ -50.289448789984398, -21.888707903412001 ], [ -50.289456477118897, -21.888733780812004 ], [ -50.289464322631602, -21.888759988528484 ], [ -50.289471750456102, -21.888786220211905 ], [ -50.2894794827792, -21.888812387773502 ], [ -50.2894868111647, -21.888838767816999 ], [ -50.2894941111118, -21.888865110233688 ], [ -50.289501063487897, -21.88889148753189 ], [ -50.289508167731597, -21.888917864811503 ], [ -50.289514844730803, -21.888944413686598 ], [ -50.289521369206597, -21.888970701605391 ], [ -50.289528299406797, -21.888996726876588 ], [ -50.289535684087298, -21.88902273041839 ], [ -50.289543313847602, -21.889048887463201 ], [ -50.2895507264884, -21.88907506839179 ], [ -50.289558425430698, -21.889101207295386 ], [ -50.2895657822706, -21.889127267597889 ], [ -50.289573903238299, -21.889153128130893 ], [ -50.289581780325101, -21.889179221850096 ], [ -50.289589896504303, -21.889205147461499 ], [ -50.289598061149498, -21.889231197799003 ], [ -50.289606125431398, -21.889257354780597 ], [ -50.289613976145503, -21.889283651917097 ], [ -50.289621403491203, -21.889309886355701 ], [ -50.289629064532598, -21.889335914031903 ], [ -50.289636798893703, -21.889361961871 ], [ -50.289644764140903, -21.889388197690504 ], [ -50.289652069895801, -21.889414692617088 ], [ -50.289659229450699, -21.889441129345894 ], [ -50.289666004689998, -21.889467712712605 ], [ -50.289672424544101, -21.8894941473357 ], [ -50.289679096816698, -21.889520365117502 ], [ -50.289685980693697, -21.889546613222905 ], [ -50.289692930210506, -21.889572891893103 ], [ -50.289699948028797, -21.889599210027708 ], [ -50.289706853457503, -21.889625557737194 ], [ -50.289713788339398, -21.889651840567893 ], [ -50.289720804921203, -21.889678179246086 ], [ -50.289727663104209, -21.889704654528906 ], [ -50.289734250562702, -21.889731077040505 ], [ -50.289740965552298, -21.889757332332103 ], [ -50.289747861763502, -21.889783552670202 ], [ -50.289754910013606, -21.889809776544798 ], [ -50.2897620178599, -21.889835973997098 ], [ -50.289769311462699, -21.889862151874194 ], [ -50.289776621838001, -21.889888413811999 ], [ -50.289783807837502, -21.889914613405505 ], [ -50.289791294902798, -21.889940831600203 ], [ -50.289798374984997, -21.8899670200903 ], [ -50.289806079917597, -21.889992937923996 ], [ -50.2898138073609, -21.890018987585691 ], [ -50.289821807427003, -21.890045137407505 ], [ -50.289829356553497, -21.890071641646895 ], [ -50.289836354944704, -21.890098062716891 ], [ -50.289843452746403, -21.890124315803195 ], [ -50.2898504997058, -21.890150592477003 ], [ -50.289857640624099, -21.890176823207593 ], [ -50.289864827157309, -21.890203184907602 ], [ -50.289871699126202, -21.890229605298092 ], [ -50.289878566495702, -21.890255854782996 ], [ -50.289885640686109, -21.890282031941897 ], [ -50.289892838237499, -21.890308214590497 ], [ -50.289900103303502, -21.890334227087688 ], [ -50.2899079611039, -21.890360163583001 ], [ -50.289915696288801, -21.8903861090348 ], [ -50.289924095351303, -21.890411955361508 ], [ -50.289932197603797, -21.890438086328395 ], [ -50.289940314004603, -21.890464104579902 ], [ -50.289948420502697, -21.890490209051094 ], [ -50.289956344642903, -21.8905164413809 ], [ -50.289964027223803, -21.89054284086999 ], [ -50.289971161530701, -21.890569299958301 ], [ -50.289978185056398, -21.890595431157998 ], [ -50.289985656154201, -21.890621265320604 ], [ -50.289993695619003, -21.890647004240702 ], [ -50.290002147629998, -21.890672884242289 ], [ -50.290010456740603, -21.890698984538997 ], [ -50.290018615271201, -21.890725275125799 ], [ -50.290026114192301, -21.890751683929196 ], [ -50.290033536288398, -21.89077797154059 ], [ -50.290040774089199, -21.890804436466805 ] ] ], [ [ [ -50.292575696865669, -21.8901412266021 ], [ -50.292508764715237, -21.890057311573852 ], [ -50.292507959797469, -21.890056293143754 ], [ -50.292443359967756, -21.889973804036853 ], [ -50.292377030653654, -21.889890644804208 ], [ -50.29231029847287, -21.889807976489539 ], [ -50.292309629649381, -21.889807141699514 ], [ -50.292258344986166, -21.88974264727856 ], [ -50.292293763861217, -21.88978863889859 ], [ -50.292293912622284, -21.889788832401731 ], [ -50.292359590923887, -21.889874413119198 ], [ -50.292425944429013, -21.88995958319228 ], [ -50.292493619753124, -21.890045172476221 ], [ -50.292493756658658, -21.890045345891433 ], [ -50.292560756760587, -21.890130345924739 ], [ -50.292627431614768, -21.890214933331105 ], [ -50.292695103343313, -21.890299522897809 ], [ -50.292695756964463, -21.890300345991374 ], [ -50.292762757001505, -21.890385345942388 ], [ -50.29276341114219, -21.890386182077552 ], [ -50.292828445036001, -21.890469937754329 ], [ -50.292896450800754, -21.890553712879861 ], [ -50.292898411346101, -21.890556182144234 ], [ -50.292963445239721, -21.890639937820751 ], [ -50.293027814108434, -21.890719232716968 ], [ -50.292965698835282, -21.890638960579032 ], [ -50.292900959197908, -21.890556292947682 ], [ -50.292835959297427, -21.890473292980225 ], [ -50.292770959334163, -21.890390292932608 ], [ -50.292770440965789, -21.890389627043476 ], [ -50.292705699235022, -21.890305960710258 ], [ -50.292641292684451, -21.89022371840592 ], [ -50.292575696865669, -21.8901412266021 ] ] ], [ [ [ -50.291827886358, -21.890105429305912 ], [ -50.291830715165851, -21.890124602214723 ], [ -50.291830715165851, -21.89012460221473 ], [ -50.291827886358, -21.890105429305912 ] ] ], [ [ [ -50.294255047783608, -21.890522986222699 ], [ -50.294277422348102, -21.89050562324249 ], [ -50.2942995992831, -21.890488208365298 ], [ -50.294311316952097, -21.890479012471893 ], [ -50.294293983598699, -21.890457765597198 ], [ -50.294276361039906, -21.890436042929394 ], [ -50.294259035709501, -21.890414079703085 ], [ -50.294241924836101, -21.890392136235295 ], [ -50.294224821756501, -21.890370235291908 ], [ -50.294207732442104, -21.890348356178205 ], [ -50.29419063206921, -21.890326599402485 ], [ -50.2941733363159, -21.890305060083005 ], [ -50.294155773152504, -21.890283649549104 ], [ -50.294138061302299, -21.890262277296099 ], [ -50.294120204357803, -21.890240919913698 ], [ -50.294102388487303, -21.890219480974601 ], [ -50.294084643243202, -21.890198121837781 ], [ -50.2940667271479, -21.890176921225507 ], [ -50.2940487207524, -21.890155741349592 ], [ -50.294030562775703, -21.890134571034405 ], [ -50.294012501245398, -21.890113251487989 ], [ -50.293994604269706, -21.890092020355791 ], [ -50.293976474340802, -21.89007104516239 ], [ -50.293958213605201, -21.890050120327704 ], [ -50.293939681734301, -21.890029231519897 ], [ -50.293921279165509, -21.890008060490601 ], [ -50.293903125099803, -21.889986846660996 ], [ -50.293884880897799, -21.889965632449098 ], [ -50.293866912757103, -21.889944152573985 ], [ -50.293849117767699, -21.889922749466489 ], [ -50.293831177934202, -21.8899013594128 ], [ -50.293813476981903, -21.889879768148699 ], [ -50.293795829988497, -21.889858319213609 ], [ -50.293778038834198, -21.889836911833797 ], [ -50.293760269618502, -21.889815365052399 ], [ -50.2937426290191, -21.889793708641804 ], [ -50.29372515511141, -21.889772019013893 ], [ -50.293707671013202, -21.889750384480308 ], [ -50.293690178867401, -21.889728691922894 ], [ -50.293672748690803, -21.889706889408998 ], [ -50.2936555201725, -21.889685022023695 ], [ -50.293638222474598, -21.889663181882696 ], [ -50.293621188041698, -21.889641271128799 ], [ -50.293603918956997, -21.889619622472591 ], [ -50.293586551861303, -21.889597856241494 ], [ -50.293569246230703, -21.889575985738901 ], [ -50.293552101610999, -21.889554067200194 ], [ -50.293534973232603, -21.889532242557898 ], [ -50.293517755635698, -21.889510481408802 ], [ -50.293500432420402, -21.889488668710491 ], [ -50.293483208268697, -21.88946665097161 ], [ -50.293466294301204, -21.889444546459998 ], [ -50.293449359850804, -21.889422593488401 ], [ -50.293432285850798, -21.889400544505104 ], [ -50.293415468694398, -21.889378210272902 ], [ -50.293398901847603, -21.889355810514004 ], [ -50.293382499656303, -21.889333422543093 ], [ -50.293366103289102, -21.889311153995592 ], [ -50.293349525958497, -21.889288965437103 ], [ -50.293332918993499, -21.889266687108201 ], [ -50.293316410984005, -21.889244394835984 ], [ -50.293299855184799, -21.889222206211596 ], [ -50.293283188657099, -21.889200035967995 ], [ -50.293266556644802, -21.889177848072897 ], [ -50.293249862977802, -21.889155764704888 ], [ -50.293232963867197, -21.889133618746005 ], [ -50.293216309987699, -21.889111137592295 ], [ -50.2932000383652, -21.889088621231693 ], [ -50.293183777916802, -21.889066373761192 ], [ -50.293167104138099, -21.889044219768394 ], [ -50.293150572821702, -21.8890217541149 ], [ -50.293134297592701, -21.888999336856408 ], [ -50.2931178504085, -21.888977110055809 ], [ -50.293101311091696, -21.888954809850091 ], [ -50.293084868191301, -21.8889324879501 ], [ -50.2930682887188, -21.888910207995895 ], [ -50.293051851846599, -21.888887767317382 ], [ -50.293035447713599, -21.888865296511103 ], [ -50.293019247089298, -21.888842707454504 ], [ -50.293003163642901, -21.88882026612551 ], [ -50.2929868353201, -21.888798038791105 ], [ -50.292970298518497, -21.888775787034398 ], [ -50.292953790019901, -21.888753431490997 ], [ -50.2929373966927, -21.888731118923488 ], [ -50.292920852922499, -21.888708968305284 ], [ -50.292904134439802, -21.888686751702604 ], [ -50.292887669849399, -21.888664464528702 ], [ -50.2928709383349, -21.888642392032398 ], [ -50.292854233782606, -21.888620122216793 ], [ -50.292837648284205, -21.888597813942706 ], [ -50.292821160162397, -21.888575569656588 ], [ -50.292804431900102, -21.888553351561892 ], [ -50.292788047787901, -21.888530964245195 ], [ -50.292771458573597, -21.888508882594909 ], [ -50.292754721987897, -21.888486723569493 ], [ -50.292738219651199, -21.888464709398402 ], [ -50.292721192566098, -21.888443359234895 ], [ -50.2927034736378, -21.888422229745199 ], [ -50.292685577537704, -21.888401140291585 ], [ -50.292667407197399, -21.888380429937097 ], [ -50.292648875820603, -21.888360177392006 ], [ -50.292629790627402, -21.888340584639501 ], [ -50.292609956594802, -21.888321698322688 ], [ -50.292589348548006, -21.888303386116888 ], [ -50.292568211372298, -21.888285542237202 ], [ -50.292546433060501, -21.888268230225499 ], [ -50.2925243730514, -21.888251199915501 ], [ -50.292501963544801, -21.8882348635467 ], [ -50.2924790263814, -21.888219272459288 ], [ -50.2924554809398, -21.888204406625299 ], [ -50.292431502595505, -21.888190165223193 ], [ -50.292407158660701, -21.888176817927398 ], [ -50.292382165927499, -21.888164554362508 ], [ -50.292356352747603, -21.888152949581801 ], [ -50.292330401463502, -21.888141420999595 ], [ -50.292304213212702, -21.888130561584401 ], [ -50.292277832048001, -21.888120005988796 ], [ -50.292251284569701, -21.888110011507305 ], [ -50.2922242516983, -21.888100444526192 ], [ -50.292197002998499, -21.888090573258392 ], [ -50.292170126026001, -21.888080492774105 ], [ -50.292143254962703, -21.888070975351699 ], [ -50.292116209524202, -21.888061722517996 ], [ -50.2920890003032, -21.888052780946794 ], [ -50.292061799733503, -21.8880440436239 ], [ -50.292034474655203, -21.888035863599697 ], [ -50.292006949762197, -21.888028027874402 ], [ -50.291979356021002, -21.888020530562798 ], [ -50.29195155770811, -21.888013487025294 ], [ -50.291923553672802, -21.888006560757201 ], [ -50.291895624091602, -21.887999681723301 ], [ -50.291867683373397, -21.887993210839308 ], [ -50.291839578260699, -21.8879870109321 ], [ -50.291811624261101, -21.8879809920813 ], [ -50.291783559241097, -21.887975789799992 ], [ -50.291755164487398, -21.887970891549401 ], [ -50.291726581488298, -21.887966059951996 ], [ -50.291697911154998, -21.887961088931988 ], [ -50.291669426775698, -21.887955926833698 ], [ -50.291641042765796, -21.887951069383398 ], [ -50.291612529693602, -21.887946417923594 ], [ -50.291584010326098, -21.887941803277201 ], [ -50.2915553996786, -21.887937401092387 ], [ -50.291526756607198, -21.887932885687498 ], [ -50.291498104410501, -21.887928448978098 ], [ -50.291469473896299, -21.887923921377304 ], [ -50.291440900247103, -21.887919497911394 ], [ -50.291412302180397, -21.887915188061108 ], [ -50.291383559847198, -21.887910936335295 ], [ -50.291354779304008, -21.887906419455003 ], [ -50.291326099012998, -21.887901763659382 ], [ -50.291297478944003, -21.887897067051192 ], [ -50.2912689716321, -21.887892385768996 ], [ -50.291240408118497, -21.887887961474597 ], [ -50.291211606242001, -21.887883471421897 ], [ -50.291182804099698, -21.887878545785998 ], [ -50.291154171107102, -21.887873387946399 ], [ -50.291125528311198, -21.887868139565704 ], [ -50.291096915679297, -21.887862553602993 ], [ -50.291068478568697, -21.887856788851398 ], [ -50.2910401382833, -21.887851081803991 ], [ -50.2910118829437, -21.887845486952404 ], [ -50.2909835539932, -21.887840223474104 ], [ -50.2909551087889, -21.887835030485192 ], [ -50.290926581512309, -21.887829886961502 ], [ -50.290898271083798, -21.887824674450201 ], [ -50.290869896994799, -21.887820076247987 ], [ -50.2908411950527, -21.88781545168251 ], [ -50.290812455220099, -21.887810571391206 ], [ -50.290783832647101, -21.887805467777397 ], [ -50.290755244553097, -21.887800324859704 ], [ -50.290726760202098, -21.887795031486895 ], [ -50.290698287655097, -21.88778989683669 ], [ -50.290669760127699, -21.887784709653999 ], [ -50.290641402634698, -21.887779539458901 ], [ -50.2906129936189, -21.887774771278398 ], [ -50.290584376664597, -21.887770051490293 ], [ -50.290555801573902, -21.887765194662407 ], [ -50.290527290300403, -21.887760475335892 ], [ -50.290498802433397, -21.887755868355992 ], [ -50.2904702801901, -21.887751505659395 ], [ -50.290441580636497, -21.887747250836302 ], [ -50.290412809958497, -21.8877427918131 ], [ -50.2903842112229, -21.887738196177697 ], [ -50.290355770701503, -21.887733842947892 ], [ -50.290327196363499, -21.887729860986298 ], [ -50.290298456000698, -21.887725868912103 ], [ -50.290274774329198, -21.8877225376491 ], [ -50.290282680638505, -21.887728434044607 ], [ -50.2903078689192, -21.887747151728398 ], [ -50.290333035630901, -21.887766311473808 ], [ -50.290357881590801, -21.887785900839596 ], [ -50.290382352564698, -21.887805438035802 ], [ -50.290407192992198, -21.887824304833885 ], [ -50.290432531963901, -21.887843267683888 ], [ -50.290458220896902, -21.887862386135108 ], [ -50.290484632505397, -21.887881015982597 ], [ -50.290510672935703, -21.887900322045994 ], [ -50.290536895972807, -21.8879197441698 ], [ -50.290562911653801, -21.887939808319612 ], [ -50.290588786476199, -21.887959829426404 ], [ -50.290614682298198, -21.887980380006997 ], [ -50.290639724187599, -21.888001734376296 ], [ -50.290663965292097, -21.888023746107496 ], [ -50.290687462858898, -21.888046418133705 ], [ -50.290710874885406, -21.888069076907598 ], [ -50.290734182611999, -21.888092253104208 ], [ -50.290756786714901, -21.888115999389797 ], [ -50.290779138387698, -21.888140724227998 ], [ -50.290800179311603, -21.888166358417301 ], [ -50.290820143821499, -21.888191840003305 ], [ -50.290839718873599, -21.888217119930186 ], [ -50.290859303801199, -21.888242595301101 ], [ -50.290878071286798, -21.888268946462095 ], [ -50.290895756901001, -21.888296148033305 ], [ -50.290912570165197, -21.8883236932278 ], [ -50.290928497437399, -21.888351419409396 ], [ -50.290943923984102, -21.888378990167702 ], [ -50.290959848519599, -21.888406734517186 ], [ -50.2909754768339, -21.888434823414897 ], [ -50.29097750213063, -21.888438544767517 ], [ -50.291154762164162, -21.888319638405449 ], [ -50.291193177604214, -21.888369521083256 ], [ -50.291423233128285, -21.888209687671743 ], [ -50.291489967490726, -21.88829335454086 ], [ -50.291556699805, -21.888376022839484 ], [ -50.29155710111317, -21.888376522221542 ], [ -50.291614189190661, -21.888447882239564 ], [ -50.291831556656106, -21.888301372178841 ], [ -50.291895107685491, -21.888383499569283 ], [ -50.291948898955475, -21.888448530736184 ], [ -50.292196133427424, -21.888284122587095 ], [ -50.292266308957018, -21.888376042539623 ], [ -50.29233846339018, -21.888466976791097 ], [ -50.292339535509655, -21.888468344647311 ], [ -50.292410708146889, -21.888560275864997 ], [ -50.292483860028284, -21.888651221346421 ], [ -50.292484937832434, -21.888652577747312 ], [ -50.292557701664478, -21.888745276770806 ], [ -50.29263040224496, -21.888836899317443 ], [ -50.292704340585239, -21.888929821722481 ], [ -50.292705672580738, -21.888931521441897 ], [ -50.292776307488694, -21.889023048258991 ], [ -50.292848874829708, -21.889115496958016 ], [ -50.292922398209257, -21.889208891415965 ], [ -50.29299498014754, -21.889299370170285 ], [ -50.292995341100685, -21.889299821957795 ], [ -50.293069341140288, -21.889392821903861 ], [ -50.293070403021055, -21.889394172712247 ], [ -50.293142347394436, -21.889486813306625 ], [ -50.293216258217505, -21.889577477150606 ], [ -50.293217938944018, -21.889579578110691 ], [ -50.293290939055524, -21.889672578147163 ], [ -50.29336340450913, -21.889764897045449 ], [ -50.293436803184917, -21.889856149352369 ], [ -50.293511744833026, -21.889949076894123 ], [ -50.29351293938894, -21.889950578256109 ], [ -50.293585939429882, -21.890043578202693 ], [ -50.293586403800639, -21.890044172967148 ], [ -50.293658294838998, -21.890136744883694 ], [ -50.293733148868306, -21.890228342477695 ], [ -50.293734939724708, -21.890230578365866 ], [ -50.293807703556404, -21.890323277388898 ], [ -50.293880465725735, -21.890414977554222 ], [ -50.293881404246804, -21.890416173113039 ], [ -50.293953877612509, -21.890509494874291 ], [ -50.294027045423611, -21.890601448912477 ], [ -50.294080370674166, -21.890667572150491 ], [ -50.294081080427603, -21.890667007878903 ], [ -50.294102744484697, -21.890649303218485 ], [ -50.294124319843696, -21.890631255516894 ], [ -50.294146078252503, -21.890613227541692 ], [ -50.294167837552898, -21.890595240888004 ], [ -50.294189510699105, -21.89057738887789 ], [ -50.294210883306903, -21.890559228254105 ], [ -50.294232623552297, -21.890540815559199 ], [ -50.294255047783608, -21.890522986222699 ] ] ] ] } },
{ "type": "Feature", "properties": { "CHAVE": null, "FAZENDA": "Faz. ABC", "NOME_FAZ": null, "ZONA": null, "TALHAO": null, "AREA_TOTAL": null, "TIPO_GEO": "VOO_PROCESSADO", "DATA_INICI": "02-04-2026", "DATA_FINAL": "02-04-2026", "HORA_INICI": "12:58:54", "HORA_FINAL": "12:58:54", "CLASSE": "APLICADO FORA DO TALHÃO", "PILOTO": "valmir alves", "AERONAVE": "PS-CBA", "AREA_HA": 1.081442787e-05 }, "geometry": { "type": "MultiPolygon", "coordinates": [ [ [ [ -50.291474623195427, -21.894448107484813 ], [ -50.291512253922527, -21.894437483248225 ], [ -50.291516739978853, -21.894436361553666 ], [ -50.291550017089989, -21.894429097137319 ], [ -50.2915562999492, -21.894427995387563 ], [ -50.291588880229774, -21.894423658271918 ], [ -50.291561542482498, -21.894388347055759 ], [ -50.291471459474806, -21.894449089703873 ], [ -50.291474623195427, -21.894448107484813 ] ] ], [ [ [ -50.29302076174622, -21.894343347622002 ], [ -50.293003763289242, -21.894355017517611 ], [ -50.293027976739729, -21.894352500961638 ], [ -50.29302076174622, -21.894343347622002 ] ] ], [ [ [ -50.291986307080585, -21.894398739552646 ], [ -50.291992723303629, -21.894406866777707 ], [ -50.292331477613615, -21.8943872099224 ], [ -50.292333093815074, -21.894387133002322 ], [ -50.292359795504922, -21.894386140489477 ], [ -50.29231186351052, -21.894323763309025 ], [ -50.292310692812869, -21.894322260293208 ], [ -50.292235692771598, -21.894227260348032 ], [ -50.291986307080585, -21.894398739552646 ] ] ], [ [ [ -50.293138034721707, -21.894089425580578 ], [ -50.29332176738825, -21.893949402691483 ], [ -50.293316379844896, -21.893940173837933 ], [ -50.293131034724247, -21.894081425575614 ], [ -50.293138034721707, -21.894089425580578 ] ] ], [ [ [ -50.292469666643825, -21.893664199165528 ], [ -50.292470365097444, -21.893665063043322 ], [ -50.292471138967748, -21.893664518087309 ], [ -50.292470865026111, -21.893664459940055 ], [ -50.292469666643825, -21.893664199165528 ] ] ], [ [ [ -50.292096783866697, -21.893602121505193 ], [ -50.292076939621737, -21.893577495541475 ], [ -50.292076273962735, -21.893577368228673 ], [ -50.292047949173011, -21.893571956542175 ], [ -50.292047799570106, -21.893571928188621 ], [ -50.292040796675117, -21.893570611693807 ], [ -50.29204079667565, -21.893570611693427 ], [ -50.292019450770987, -21.893566598812576 ], [ -50.292013325009449, -21.893565452146742 ], [ -50.29201332500989, -21.893565452147282 ], [ -50.291991222498702, -21.893561314833619 ], [ -50.291990945708307, -21.893561263804624 ], [ -50.291963089938939, -21.893556207004373 ], [ -50.291962553719422, -21.893556112586236 ], [ -50.291934856046311, -21.893551386290294 ], [ -50.291934306815698, -21.893551295619222 ], [ -50.291906357589468, -21.8935468363902 ], [ -50.291906062534167, -21.89354679019031 ], [ -50.291877793337328, -21.893542447576095 ], [ -50.291877606756294, -21.893542419263287 ], [ -50.291849316385985, -21.89353817923357 ], [ -50.291849024644961, -21.893538136360441 ], [ -50.291820726327956, -21.893534060280913 ], [ -50.291820515882051, -21.893534030410358 ], [ -50.291792031744293, -21.893530047177656 ], [ -50.291791947764864, -21.89353003550421 ], [ -50.291763287751593, -21.893526075639407 ], [ -50.291734681222849, -21.893522136776436 ], [ -50.29173454559821, -21.893522118285215 ], [ -50.291706369610992, -21.893518314754029 ], [ -50.291705798277256, -21.893518240869373 ], [ -50.291677658135391, -21.893514761154616 ], [ -50.29167741954145, -21.893514732213866 ], [ -50.291649690746468, -21.893511434175 ], [ -50.291648579771412, -21.893511314192956 ], [ -50.291633713791157, -21.893509870941138 ], [ -50.291701605477712, -21.893593359457 ], [ -50.291766400710983, -21.893673107523107 ], [ -50.291849215984541, -21.893775878396806 ], [ -50.292096783866697, -21.893602121505193 ] ] ] ] } },
{ "type": "Feature", "properties": { "CHAVE": null, "FAZENDA": "Faz. ABC", "NOME_FAZ": null, "ZONA": null, "TALHAO": null, "AREA_TOTAL": null, "TIPO_GEO": "VOO_PROCESSADO", "DATA_INICI": "02-04-2026", "DATA_FINAL": "02-04-2026", "HORA_INICI": "12:58:54", "HORA_FINAL": "12:58:54", "CLASSE": "SOBREPOSIÇÃO", "PILOTO": "valmir alves", "AERONAVE": "PS-CBA", "AREA_HA": 0.00027334574839499998 }, "geometry": { "type": "MultiPolygon", "coordinates": [ [ [ [ -50.297798102752232, -21.897658197192079 ], [ -50.297862925756462, -21.897742965835526 ], [ -50.297863432098588, -21.897743624065843 ], [ -50.29792784630034, -21.897826867131116 ], [ -50.297982073525375, -21.897898887750266 ], [ -50.297986822780381, -21.897895706028383 ], [ -50.297976822774388, -21.897882706035745 ], [ -50.297975956360084, -21.897881590951744 ], [ -50.297914321716917, -21.89780305657661 ], [ -50.297843683070568, -21.897711524915426 ], [ -50.297843078534413, -21.897710747038509 ], [ -50.297771144937613, -21.897618831991917 ], [ -50.297700211207932, -21.897527917033912 ], [ -50.297700078314925, -21.897527746966695 ], [ -50.29762807827413, -21.897435747019458 ], [ -50.297556078163801, -21.897343746983353 ], [ -50.297555600085772, -21.897343139438345 ], [ -50.297541199874139, -21.897324939191435 ], [ -50.297603926159454, -21.897406965967551 ], [ -50.297604950933376, -21.897408290168944 ], [ -50.297669434437388, -21.897490630737561 ], [ -50.297733925957942, -21.897574965901537 ], [ -50.297734280721173, -21.897575427899163 ], [ -50.297798102752232, -21.897658197192079 ] ] ], [ [ [ -50.297434925971409, -21.897648284360102 ], [ -50.297364729323192, -21.89755930279296 ], [ -50.297363613139609, -21.897557905632851 ], [ -50.297291613103305, -21.89746890568512 ], [ -50.297291103325556, -21.897468279096667 ], [ -50.297219299786903, -21.897380519310616 ], [ -50.297146495168278, -21.897290760289192 ], [ -50.297146103112127, -21.897290279027143 ], [ -50.297074925437734, -21.89720328418608 ], [ -50.297004728789247, -21.897114302618583 ], [ -50.297004111486338, -21.897113525581322 ], [ -50.296932111448527, -21.897023525633767 ], [ -50.296930878955436, -21.897022006019544 ], [ -50.296857564012683, -21.896932839293157 ], [ -50.296787236021096, -21.896844681767252 ], [ -50.296787111163667, -21.896844525476038 ], [ -50.296715421100231, -21.896754912996286 ], [ -50.296644728250577, -21.896665302442589 ], [ -50.296644110947796, -21.896664525405509 ], [ -50.296572110909999, -21.896574525457954 ], [ -50.296500110802064, -21.896484525422725 ], [ -50.296452900744633, -21.896425512916643 ], [ -50.296514052921722, -21.896503419203128 ], [ -50.296514400908855, -21.896503860770693 ], [ -50.296586400869565, -21.896594860823285 ], [ -50.296586526892447, -21.896595019874376 ], [ -50.296658752894118, -21.896686044527126 ], [ -50.296729996551882, -21.89677905718862 ], [ -50.296731400576675, -21.896780860662055 ], [ -50.296803400537392, -21.896871860714654 ], [ -50.296803526560275, -21.896872019765766 ], [ -50.296876463381395, -21.89696394024606 ], [ -50.296947690783405, -21.897053963869876 ], [ -50.297018996110424, -21.897147057044137 ], [ -50.297019317661977, -21.897147475271598 ], [ -50.297090317619848, -21.897239475323865 ], [ -50.297091400025046, -21.89724086048167 ], [ -50.297162854311878, -21.897331170862881 ], [ -50.297233317400348, -21.897422475252018 ], [ -50.297234399805589, -21.89742386040988 ], [ -50.297306159878616, -21.897514557271002 ], [ -50.297377921648014, -21.897606252969538 ], [ -50.297449855024503, -21.89769816794437 ], [ -50.297520788604167, -21.897789082918095 ], [ -50.297520921358959, -21.897789252808845 ], [ -50.29759261766511, -21.897880864860337 ], [ -50.297663316740589, -21.897972475036063 ], [ -50.297664043527163, -21.897973408903152 ], [ -50.297725607439162, -21.89805185333211 ], [ -50.297735177073058, -21.898064293870643 ], [ -50.297757999868203, -21.898049003938496 ], [ -50.297721923876495, -21.898004290082362 ], [ -50.297650112517317, -21.89791452598261 ], [ -50.297649103859037, -21.897913279270519 ], [ -50.297577926184964, -21.89782628442984 ], [ -50.297507729536754, -21.897737302862705 ], [ -50.297506103645652, -21.897735279200976 ], [ -50.297434925971409, -21.897648284360102 ] ] ], [ [ [ -50.297703972836828, -21.895716353999251 ], [ -50.297703839065406, -21.895716187549361 ], [ -50.297677846007169, -21.895683893179172 ], [ -50.297718589540963, -21.895735097947711 ], [ -50.297791055297907, -21.895826424757743 ], [ -50.297863589278272, -21.895919824784745 ], [ -50.297865621588677, -21.89592238198335 ], [ -50.297938590233883, -21.896012113793951 ], [ -50.298010589056332, -21.896104824712168 ], [ -50.298012011679241, -21.896106627045494 ], [ -50.298085011641291, -21.896197627098623 ], [ -50.298088630189852, -21.896195098919911 ], [ -50.298029804825752, -21.896120400128765 ], [ -50.29802841671389, -21.896118664839246 ], [ -50.297963416681654, -21.896038664886358 ], [ -50.297898695927692, -21.895959008660473 ], [ -50.297833973031096, -21.895878354062663 ], [ -50.297768972933959, -21.89579735403095 ], [ -50.297703972836828, -21.895716353999251 ] ] ], [ [ [ -50.293637456690867, -21.895145652731806 ], [ -50.293709388215134, -21.895238564391505 ], [ -50.293779558320139, -21.895329489140906 ], [ -50.293848814543978, -21.895422490468121 ], [ -50.293850456287082, -21.895424652532771 ], [ -50.293922155759574, -21.895517264458835 ], [ -50.293992857992777, -21.895609874535001 ], [ -50.293992997927937, -21.895610057529126 ], [ -50.294064997884142, -21.895704057582215 ], [ -50.294065455951326, -21.895704652422815 ], [ -50.294137155423719, -21.895797264348719 ], [ -50.294207857656964, -21.895889874424999 ], [ -50.294207997592146, -21.895890057419141 ], [ -50.294279997548372, -21.895984057472226 ], [ -50.294280455615556, -21.89598465231283 ], [ -50.294352455573261, -21.896077652365758 ], [ -50.294354011795321, -21.89607962699759 ], [ -50.294425989343438, -21.896169352534315 ], [ -50.294496997214885, -21.896262057363071 ], [ -50.294498527331655, -21.896264019974922 ], [ -50.294570986935682, -21.896355339030752 ], [ -50.294642455129434, -21.896447652220552 ], [ -50.294644011351714, -21.89644962685265 ], [ -50.294716462757854, -21.896539943089305 ], [ -50.294787922859868, -21.896631253323214 ], [ -50.294788526890308, -21.896632019830683 ], [ -50.294861223413129, -21.896723637469176 ], [ -50.294904676013594, -21.89677916029957 ], [ -50.294920627748589, -21.896768175157366 ], [ -50.294852627711386, -21.896682175207054 ], [ -50.294852110928502, -21.896681525443633 ], [ -50.294784555690136, -21.896597081489602 ], [ -50.2947160637341, -21.896509729528745 ], [ -50.294648132576604, -21.89642281770583 ], [ -50.294647493662104, -21.896422006223549 ], [ -50.294579214651677, -21.896335915394502 ], [ -50.294513920306358, -21.896250834982791 ], [ -50.294512493454647, -21.896249006155728 ], [ -50.294444311132793, -21.896163037238306 ], [ -50.294377109071284, -21.89607508170165 ], [ -50.294375626915091, -21.89607317488484 ], [ -50.294307626877881, -21.895987174934525 ], [ -50.294307493140472, -21.895987006053005 ], [ -50.294238559969322, -21.895900090412884 ], [ -50.294170880175137, -21.895814495475534 ], [ -50.294103131742979, -21.895727817433155 ], [ -50.294102492828657, -21.895727005951095 ], [ -50.294033559658097, -21.895640090311748 ], [ -50.293966203465253, -21.89555490463475 ], [ -50.293899770671381, -21.895468641256038 ], [ -50.293899131365485, -21.895467817247166 ], [ -50.293831131326776, -21.895380817297021 ], [ -50.293763131222441, -21.895293817262889 ], [ -50.293762625979653, -21.895293174579042 ], [ -50.293694625942443, -21.895207174628723 ], [ -50.293694492205084, -21.895207005747256 ], [ -50.293626464883744, -21.895121232265193 ], [ -50.293561409598652, -21.895035477672142 ], [ -50.293560272045688, -21.895033998024513 ], [ -50.29349327200714, -21.894947998073672 ], [ -50.293493130741822, -21.894947817043128 ], [ -50.293425201346068, -21.89486090747436 ], [ -50.29335827179964, -21.894774998005794 ], [ -50.293358130534351, -21.894774816975271 ], [ -50.29335539810338, -21.894771321074941 ], [ -50.293350457066552, -21.894774652788051 ], [ -50.293422457024263, -21.894867652840961 ], [ -50.293422792081351, -21.894868083947927 ], [ -50.29349339296872, -21.894958572513207 ], [ -50.293564998666035, -21.89505205783836 ], [ -50.293565456733155, -21.895052652678881 ], [ -50.293637456690867, -21.895145652731806 ] ] ], [ [ [ -50.29570118705206, -21.896807876886729 ], [ -50.295630003461973, -21.896714942863369 ], [ -50.29562894735443, -21.896713580869395 ], [ -50.295557009348563, -21.896621933925989 ], [ -50.295487037411341, -21.896528309615196 ], [ -50.295484349617439, -21.896524824749651 ], [ -50.295410649613508, -21.896432201875367 ], [ -50.295338479203004, -21.89634025885433 ], [ -50.29526700290063, -21.896246942679547 ], [ -50.295266865781279, -21.896246763950103 ], [ -50.295193865737353, -21.896151764003871 ], [ -50.295192946679308, -21.896150580648435 ], [ -50.295119946638351, -21.896057580701889 ], [ -50.295119819399638, -21.896057418839202 ], [ -50.295046116369505, -21.895963796177451 ], [ -50.294973410713652, -21.89587017530344 ], [ -50.294972228117274, -21.895868672991959 ], [ -50.294897288450962, -21.895774748714651 ], [ -50.294823348678513, -21.89568182450963 ], [ -50.294749348566988, -21.895588824473204 ], [ -50.294748265345902, -21.895587479552553 ], [ -50.294673451724996, -21.895495708276915 ], [ -50.294597994519258, -21.89540237972983 ], [ -50.294524348232294, -21.895309824363959 ], [ -50.29452155383688, -21.89530641922482 ], [ -50.294445915294808, -21.895217028313745 ], [ -50.294372227297799, -21.895124672792154 ], [ -50.294370559167028, -21.89512262050096 ], [ -50.294293559131468, -21.895029620556429 ], [ -50.294293061370766, -21.895029022608679 ], [ -50.29421661197717, -21.894937680571879 ], [ -50.29414115440111, -21.894845344426372 ], [ -50.294140061149079, -21.894844022536684 ], [ -50.294063310757636, -21.894752320866179 ], [ -50.293987464325738, -21.894660714234345 ], [ -50.293914347343112, -21.894568824074014 ], [ -50.293913046233484, -21.894567212519629 ], [ -50.293836046196411, -21.894473212575292 ], [ -50.293835558387855, -21.894472620247623 ], [ -50.293758558352316, -21.894379620303109 ], [ -50.293682402027429, -21.894287639385499 ], [ -50.293608226181924, -21.894194672428295 ], [ -50.293608107959095, -21.894194524453066 ], [ -50.293559352375162, -21.894133580040645 ], [ -50.2935614882499, -21.89413638719364 ], [ -50.293630881986736, -21.89422858184048 ], [ -50.293698507139204, -21.894320074805798 ], [ -50.293699716401683, -21.894321687269088 ], [ -50.293769716358206, -21.894413687320778 ], [ -50.293771403438363, -21.894415861571705 ], [ -50.293842548971362, -21.894505781722263 ], [ -50.293911716138723, -21.894596687248917 ], [ -50.293912181219547, -21.894597295164669 ], [ -50.293981947728327, -21.894687991732088 ], [ -50.294051715919281, -21.894779687177 ], [ -50.294053274083048, -21.894781698252302 ], [ -50.294123485642572, -21.894870698921906 ], [ -50.294192715700987, -21.894961687105532 ], [ -50.294262715590691, -21.895053687069385 ], [ -50.294264402671118, -21.895055861320667 ], [ -50.29433602720507, -21.895146386875425 ], [ -50.294405182192833, -21.895235300533422 ], [ -50.294474715263242, -21.895326686962164 ], [ -50.294476890658643, -21.895329474987346 ], [ -50.294548024510377, -21.895418392401343 ], [ -50.294616946744767, -21.895507991409939 ], [ -50.294686714935793, -21.89559968685494 ], [ -50.294687655394696, -21.895600909355512 ], [ -50.294757655354196, -21.895690909406902 ], [ -50.294827655246266, -21.89578090937157 ], [ -50.294828890115596, -21.895782474809838 ], [ -50.294900266933418, -21.895871695931518 ], [ -50.294969344525185, -21.895960510079895 ], [ -50.295038036905652, -21.896050108941662 ], [ -50.295039889791894, -21.896052474704032 ], [ -50.295111513129136, -21.896142003975115 ], [ -50.295181140578265, -21.896230530403212 ], [ -50.295181889577215, -21.896231474633915 ], [ -50.295253889539417, -21.896321474686339 ], [ -50.295254898054509, -21.896322721224148 ], [ -50.29532658151939, -21.896410334442397 ], [ -50.295397267781503, -21.896497945679847 ], [ -50.295397897843472, -21.896498721155421 ], [ -50.295469839815588, -21.896586650327052 ], [ -50.295540781881662, -21.896673579431308 ], [ -50.295540897633629, -21.896673721087087 ], [ -50.295612897598815, -21.896761721139164 ], [ -50.295613418329957, -21.896762353959819 ], [ -50.295684581533678, -21.896848342922812 ], [ -50.295754764013409, -21.896936318240918 ], [ -50.295756950292052, -21.896938993225795 ], [ -50.295828035752237, -21.897023900948156 ], [ -50.295897143823936, -21.897109792502278 ], [ -50.295898417911616, -21.897111353823711 ], [ -50.295967822270356, -21.897195217512671 ], [ -50.29598968233185, -21.897180524641094 ], [ -50.295918843464946, -21.897088733540034 ], [ -50.29584707384263, -21.896995034420698 ], [ -50.295776143689565, -21.896902126019693 ], [ -50.295774350067013, -21.896899824896686 ], [ -50.29570118705206, -21.896807876886729 ] ] ], [ [ [ -50.295494294247376, -21.893380975178395 ], [ -50.295494421497416, -21.893381132593017 ], [ -50.295562357713798, -21.893465053893035 ], [ -50.295628957957085, -21.89354755876257 ], [ -50.295694625057209, -21.893630140207641 ], [ -50.295694760423046, -21.893630310180175 ], [ -50.295760832857354, -21.893713147354937 ], [ -50.295824930465251, -21.893796967401357 ], [ -50.295827293679615, -21.893799974933323 ], [ -50.295893957554874, -21.893882558630676 ], [ -50.295958511841832, -21.893963740628326 ], [ -50.296022435463016, -21.894048316596216 ], [ -50.296022930100769, -21.894048967221089 ], [ -50.296087930061056, -21.894133967269038 ], [ -50.296089098355161, -21.894135474433583 ], [ -50.296154256126592, -21.894218402601126 ], [ -50.296218435157222, -21.894303316496032 ], [ -50.296219436199138, -21.894304625432341 ], [ -50.296283267790635, -21.894387115585562 ], [ -50.296345141449791, -21.894471578144749 ], [ -50.296347435995372, -21.894474625365529 ], [ -50.296412435957144, -21.894558625413321 ], [ -50.296476515100352, -21.894641435479684 ], [ -50.296538620382272, -21.89472522842204 ], [ -50.296539929287867, -21.894726966954664 ], [ -50.296604929248147, -21.894811967002621 ], [ -50.296605954021679, -21.894813291203508 ], [ -50.296670437525968, -21.894895631772471 ], [ -50.296734929046671, -21.894979966936628 ], [ -50.296735435388662, -21.894980625166781 ], [ -50.296800435350448, -21.895064625214573 ], [ -50.296800953719519, -21.895065291104601 ], [ -50.296865953682769, -21.895148291152232 ], [ -50.296930693319744, -21.895230958783056 ], [ -50.29699543505059, -21.895314625116402 ], [ -50.29699839644428, -21.895318326091527 ], [ -50.297063883963894, -21.895397497655633 ], [ -50.297127434852626, -21.895479625051681 ], [ -50.297129027503864, -21.895481646062208 ], [ -50.29719402747012, -21.895562646109511 ], [ -50.297194161113545, -21.895562812400488 ], [ -50.297259820786572, -21.895644389659946 ], [ -50.297324483781928, -21.895725964606765 ], [ -50.297325027210064, -21.895726645966288 ], [ -50.29739002717632, -21.895807646013584 ], [ -50.297390160819752, -21.895807812304607 ], [ -50.297456093836274, -21.895889729172747 ], [ -50.297521026980839, -21.895970645949792 ], [ -50.2975860268837, -21.896051645918089 ], [ -50.297651026786568, -21.896132645886386 ], [ -50.297651583265115, -21.896133335047448 ], [ -50.297716583232877, -21.896213335094576 ], [ -50.297780882117323, -21.896292472269597 ], [ -50.297843194991593, -21.896371599817869 ], [ -50.297844582977369, -21.89637333495363 ], [ -50.297908881925387, -21.896452472206885 ], [ -50.297971194799658, -21.896531599755154 ], [ -50.297973152738031, -21.896534031970589 ], [ -50.298038089699368, -21.896612955438634 ], [ -50.298101803994747, -21.896690607319425 ], [ -50.298166448946709, -21.896770170423466 ], [ -50.298229030841426, -21.896847652854198 ], [ -50.298291748165219, -21.896926298474401 ], [ -50.298292315643742, -21.896927005553074 ], [ -50.298355315611794, -21.897005005598825 ], [ -50.298356026331092, -21.897005878629098 ], [ -50.298419381309188, -21.897083092591892 ], [ -50.298481675665847, -21.897161207823949 ], [ -50.29854360356692, -21.897239117205807 ], [ -50.298544315268401, -21.897240005430625 ], [ -50.298606673875419, -21.897317211409991 ], [ -50.298668044246682, -21.897395409229404 ], [ -50.298670492836493, -21.897398444698304 ], [ -50.298732247073282, -21.897472941952543 ], [ -50.298793044060695, -21.897550409168627 ], [ -50.298794314894273, -21.89755200530853 ], [ -50.298857314862325, -21.897630005354269 ], [ -50.298861869840643, -21.897626801186249 ], [ -50.298815989164709, -21.89756692308525 ], [ -50.298812633566897, -21.897562707739382 ], [ -50.298751680261987, -21.897488973981819 ], [ -50.298692696678103, -21.897414261525583 ], [ -50.298691823514581, -21.897413166385366 ], [ -50.298630472348428, -21.897336972279362 ], [ -50.298570187827337, -21.897259887241542 ], [ -50.298510266363259, -21.897182988117425 ], [ -50.298509955546741, -21.897182590660371 ], [ -50.298447955511953, -21.897103590705782 ], [ -50.29844623551228, -21.897101441225647 ], [ -50.298385468874521, -21.897026953170457 ], [ -50.298325659217532, -21.896949494851068 ], [ -50.298325108641514, -21.896948786342563 ], [ -50.29826410860688, -21.896870786387282 ], [ -50.298203108513313, -21.896792786356656 ], [ -50.298202955078963, -21.896792590507371 ], [ -50.298141031789925, -21.896713688341681 ], [ -50.298080108325031, -21.896635786295061 ], [ -50.298077973211932, -21.89663312112641 ], [ -50.29801525992854, -21.896556689395183 ], [ -50.297954579514304, -21.896478392175894 ], [ -50.297893658557769, -21.896399494635133 ], [ -50.297892251251142, -21.896397701293292 ], [ -50.297829881405406, -21.896319491574264 ], [ -50.297768499957499, -21.8962402897969 ], [ -50.297767251060499, -21.896238701230988 ], [ -50.297704726118162, -21.896160297025826 ], [ -50.297641194588515, -21.896078897346168 ], [ -50.297640804706155, -21.896078400040462 ], [ -50.297577804671214, -21.895998400086544 ], [ -50.297514804575258, -21.895918400055177 ], [ -50.29751465871518, -21.895918215144082 ], [ -50.297451969648179, -21.895838874384108 ], [ -50.297392229340936, -21.895758567838239 ], [ -50.297390194139425, -21.895755897140255 ], [ -50.29732626950414, -21.895673993795075 ], [ -50.297263344700319, -21.895593090568795 ], [ -50.297263193943934, -21.895592897076284 ], [ -50.29719919390736, -21.895510897123231 ], [ -50.297135456302087, -21.895429233410141 ], [ -50.297071716677422, -21.895346571180266 ], [ -50.297071344343408, -21.895346090393787 ], [ -50.297008344306974, -21.895265090440041 ], [ -50.297007515714512, -21.895264035185885 ], [ -50.296943121461204, -21.895182799450257 ], [ -50.296879716382378, -21.895100571083685 ], [ -50.296878515516667, -21.895099035121188 ], [ -50.296814044181119, -21.895017702143388 ], [ -50.296749564604283, -21.894934374786153 ], [ -50.296747971825717, -21.894932353618607 ], [ -50.296684118316627, -21.894852782411437 ], [ -50.296621226646892, -21.894770237191331 ], [ -50.296617602881817, -21.894765673590914 ], [ -50.296551571889715, -21.894685845163512 ], [ -50.296487514987341, -21.894605035007174 ], [ -50.296486707270127, -21.894604025276276 ], [ -50.296420113387683, -21.894521528467799 ], [ -50.29635551478944, -21.894440034942534 ], [ -50.296355375963763, -21.89443986008412 ], [ -50.29628937592836, -21.89435686013227 ], [ -50.296288161069086, -21.894355353001281 ], [ -50.296222116010327, -21.894274521823245 ], [ -50.296158045283221, -21.894192708525576 ], [ -50.29615616087132, -21.894190352936828 ], [ -50.296089773469994, -21.894109102772475 ], [ -50.296024375532561, -21.894026860003034 ], [ -50.29595837543301, -21.893943859970506 ], [ -50.295957836931933, -21.893943186860788 ], [ -50.295891836898043, -21.893861186908751 ], [ -50.295891706379287, -21.893861024985615 ], [ -50.295824706345229, -21.893778025034266 ], [ -50.295824160376277, -21.893777352775462 ], [ -50.295757370220166, -21.893695609687541 ], [ -50.295689578830512, -21.893611867473791 ], [ -50.295688601497872, -21.893610673140348 ], [ -50.295621601466834, -21.89352967318862 ], [ -50.295621484761142, -21.893529532276276 ], [ -50.295553823928536, -21.893447941358694 ], [ -50.295487159949253, -21.893366352695505 ], [ -50.295487037754981, -21.893366203345781 ], [ -50.295419037722283, -21.893283203394951 ], [ -50.295418601104728, -21.893282673012489 ], [ -50.295352223895286, -21.893202426023937 ], [ -50.295286836010469, -21.893121186619396 ], [ -50.295286037460073, -21.893120203249772 ], [ -50.295218098509302, -21.893037277854784 ], [ -50.29516901339457, -21.892977203600257 ], [ -50.295224625756468, -21.893047140435911 ], [ -50.295224761122284, -21.893047310408409 ], [ -50.295291761086744, -21.89313131045725 ], [ -50.295292962510182, -21.893132796641673 ], [ -50.295360626858674, -21.893215387038342 ], [ -50.295427294346915, -21.89329797521086 ], [ -50.295494294247376, -21.893380975178395 ] ] ], [ [ [ -50.296073076404937, -21.89594274635084 ], [ -50.296001076364142, -21.895850746403607 ], [ -50.296000727204259, -21.89585030203585 ], [ -50.295929727165117, -21.895760302087751 ], [ -50.295929598178503, -21.895760138823711 ], [ -50.295857837956412, -21.895669441978516 ], [ -50.295786076036691, -21.895577746296514 ], [ -50.295785109643191, -21.895576524979319 ], [ -50.295713904149189, -21.895487518211176 ], [ -50.295643984007476, -21.895396917568874 ], [ -50.295574284849998, -21.895305313069962 ], [ -50.295572597630517, -21.895303138644501 ], [ -50.29550083740822, -21.895212441799028 ], [ -50.295429141933525, -21.895120831018989 ], [ -50.295358208202828, -21.895029916059698 ], [ -50.295358075309949, -21.89502974599263 ], [ -50.295286378853078, -21.894938133958053 ], [ -50.295215679624938, -21.894846523796677 ], [ -50.295215075089303, -21.894845745920431 ], [ -50.295143075048507, -21.89475374597318 ], [ -50.295142596971004, -21.894753138428833 ], [ -50.29507083674924, -21.894662441584053 ], [ -50.294999141271816, -21.894570830800504 ], [ -50.294928207543201, -21.894479915843881 ], [ -50.294927470548657, -21.894478979181311 ], [ -50.294854773876381, -21.894387361560213 ], [ -50.294783074499193, -21.894295745793521 ], [ -50.294781376396934, -21.894293617296768 ], [ -50.29470854704077, -21.894204056970512 ], [ -50.294638678745685, -21.894113523509006 ], [ -50.294637470108547, -21.89411197903749 ], [ -50.294564470069098, -21.894019979090753 ], [ -50.29456386641305, -21.894019223482431 ], [ -50.294490233110842, -21.893927679478026 ], [ -50.294418595942325, -21.893837138158073 ], [ -50.294417490955318, -21.893835758849352 ], [ -50.294344983740636, -21.893746366490589 ], [ -50.294272469631316, -21.893654978947794 ], [ -50.294271375629762, -21.893653617046539 ], [ -50.294197926817219, -21.893563294956575 ], [ -50.294125597121173, -21.893472139824866 ], [ -50.294054724313206, -21.893382301155409 ], [ -50.294053865648046, -21.893381223232751 ], [ -50.293980168685245, -21.893289600082756 ], [ -50.293907469083202, -21.893197978768765 ], [ -50.293905259482202, -21.893195261695084 ], [ -50.293894655188964, -21.893182536556669 ], [ -50.293937364367999, -21.893237532001191 ], [ -50.294010137737331, -21.893332237181216 ], [ -50.294083137623424, -21.893427237143918 ], [ -50.294084654048277, -21.893429176364577 ], [ -50.294158480598433, -21.89352195848398 ], [ -50.294232948099712, -21.893616284092115 ], [ -50.294305591971437, -21.893709825623333 ], [ -50.294306183368001, -21.893710581980265 ], [ -50.294379886244421, -21.893804204659233 ], [ -50.294452363575942, -21.893897531741491 ], [ -50.294525136945751, -21.893992236922127 ], [ -50.29452605586183, -21.893993420097484 ], [ -50.294598888604192, -21.894086207121386 ], [ -50.294672656694033, -21.894180909507412 ], [ -50.294745591293854, -21.894274825401567 ], [ -50.294818591181127, -21.894368825364666 ], [ -50.294819182577818, -21.894369581721765 ], [ -50.294892655280862, -21.894462912018241 ], [ -50.294965136268097, -21.894557236700273 ], [ -50.294967249667927, -21.894559921151512 ], [ -50.295041410078518, -21.894651880162257 ], [ -50.295113590730146, -21.894744825217121 ], [ -50.295114652469266, -21.894746175848372 ], [ -50.295188352322292, -21.894838798740285 ], [ -50.295261054807519, -21.894931419819482 ], [ -50.295262249220762, -21.89493292100552 ], [ -50.295337190721114, -21.895025848567837 ], [ -50.295410952063115, -21.895117551958869 ], [ -50.295485411651711, -21.895210874747157 ], [ -50.295558054361251, -21.895303419673645 ], [ -50.295631054249725, -21.895396419637162 ], [ -50.295632131912988, -21.895397775863792 ], [ -50.295705890893174, -21.89548947631862 ], [ -50.295779651538588, -21.895582175611271 ], [ -50.295780131691139, -21.895582775791372 ], [ -50.295853588504841, -21.895674100579644 ], [ -50.295926053805871, -21.895766419492094 ], [ -50.29592713146932, -21.895767775718955 ], [ -50.296000890449072, -21.895859476173243 ], [ -50.296074651094827, -21.895952175466331 ], [ -50.29607513124747, -21.895952775646542 ], [ -50.29614907145092, -21.89604470140603 ], [ -50.296221768749717, -21.89613532416638 ], [ -50.296294527404704, -21.896227020107961 ], [ -50.296295130917699, -21.896227775538915 ], [ -50.29636882773152, -21.896319398705806 ], [ -50.296409605012755, -21.896370789309533 ], [ -50.296358209732091, -21.89630491656002 ], [ -50.296357110514883, -21.896303525264141 ], [ -50.296285355469202, -21.896213831556626 ], [ -50.29621390545379, -21.896123526777586 ], [ -50.296143277338096, -21.896033003521421 ], [ -50.296073345089439, -21.895943090733567 ], [ -50.296073076404937, -21.89594274635084 ] ] ], [ [ [ -50.293416618134977, -21.891217554381999 ], [ -50.293417439909199, -21.891218626637414 ], [ -50.293482286044096, -21.891302427893454 ], [ -50.293545132903056, -21.8913842286624 ], [ -50.293545958141195, -21.891385292542306 ], [ -50.293610281040394, -21.891467428030829 ], [ -50.293672617736874, -21.891549554251604 ], [ -50.293673957942183, -21.89155129247716 ], [ -50.293738884269835, -21.891634198497744 ], [ -50.293802624515237, -21.8917158657807 ], [ -50.293867025706412, -21.891799092031956 ], [ -50.293929617338762, -21.891881554121227 ], [ -50.293992617239269, -21.89196455408862 ], [ -50.293994488234802, -21.891966965994655 ], [ -50.294058882355642, -21.892048201746405 ], [ -50.294122287298414, -21.892130430126585 ], [ -50.294122438815691, -21.892130626279368 ], [ -50.294187025208331, -21.892214091868347 ], [ -50.294249616841142, -21.892296553958243 ], [ -50.294250287036753, -21.892297429981316 ], [ -50.29431428699867, -21.892380430028407 ], [ -50.294314956947119, -21.892381292151452 ], [ -50.29437969664707, -21.892463959862706 ], [ -50.294444024809245, -21.892547091737864 ], [ -50.294506616441815, -21.892629553827444 ], [ -50.294507438216193, -21.892630626083058 ], [ -50.294572438177958, -21.892714626130836 ], [ -50.294574030827341, -21.892716647138993 ], [ -50.294638827803588, -21.892797394229376 ], [ -50.294704026673877, -21.89287938683999 ], [ -50.294768437880492, -21.89296262603353 ], [ -50.294771399270125, -21.892966327003602 ], [ -50.29483757072812, -21.893046325418879 ], [ -50.29490376109807, -21.893129310451837 ], [ -50.294904840394125, -21.893130647367876 ], [ -50.294971840361569, -21.893212647416355 ], [ -50.294971962423112, -21.893212796604168 ], [ -50.295039560866989, -21.893295306558382 ], [ -50.295105163806916, -21.893376813330516 ], [ -50.295106398776397, -21.893378326842949 ], [ -50.295173179779376, -21.893459062171083 ], [ -50.295240900945338, -21.893541721918094 ], [ -50.295307839868805, -21.893623647255886 ], [ -50.295308515120013, -21.893624467578647 ], [ -50.295376456690782, -21.893706397206422 ], [ -50.295442906360066, -21.893786731966721 ], [ -50.295510420986311, -21.893870132477854 ], [ -50.295510839506875, -21.89387064707897 ], [ -50.295577565439146, -21.893952311740989 ], [ -50.295644228151382, -21.894034893997087 ], [ -50.295709892621403, -21.894116477216325 ], [ -50.295775624383445, -21.894199139978788 ], [ -50.295841624283881, -21.894282139946256 ], [ -50.295842839011826, -21.894283646917618 ], [ -50.295908883940449, -21.894364478112188 ], [ -50.29597295453263, -21.894446291422227 ], [ -50.295974838814061, -21.894448646853149 ], [ -50.29604122608464, -21.894529897033543 ], [ -50.296106554404915, -21.894612052436635 ], [ -50.296171485027315, -21.894693965005882 ], [ -50.296172292615061, -21.894694974577188 ], [ -50.296238886364812, -21.894777471402598 ], [ -50.296303484829409, -21.894858964941236 ], [ -50.296305396999301, -21.894861326264518 ], [ -50.296370537038626, -21.894940077740344 ], [ -50.296432773167531, -21.89502176275435 ], [ -50.296435028059456, -21.895024646235846 ], [ -50.296499222239134, -21.895104642148695 ], [ -50.296563435210665, -21.895187625161043 ], [ -50.296564484370563, -21.895188964732316 ], [ -50.296628878490829, -21.895270200483321 ], [ -50.296692283432897, -21.895352428862605 ], [ -50.296693484172735, -21.895353964667599 ], [ -50.296758067282937, -21.895435438836806 ], [ -50.296820468814204, -21.89551566946902 ], [ -50.296884283137842, -21.895598428766014 ], [ -50.296884806043735, -21.895599102808909 ], [ -50.296948806007137, -21.895681102855846 ], [ -50.297012730446291, -21.895763006137294 ], [ -50.29707565511616, -21.895843909377188 ], [ -50.297075805749913, -21.895844102712744 ], [ -50.297138771892065, -21.895924778175623 ], [ -50.297198770473749, -21.896005432104058 ], [ -50.297201341172041, -21.896008784709899 ], [ -50.297265268127312, -21.896089692353812 ], [ -50.297328195242095, -21.896169599891437 ], [ -50.297390999637308, -21.896249351594776 ], [ -50.297454805227645, -21.896331102600726 ], [ -50.297455748824646, -21.896332298624412 ], [ -50.297518118542726, -21.896410508358446 ], [ -50.297579499859317, -21.896489710148185 ], [ -50.29758074863399, -21.896491298562125 ], [ -50.297643037559958, -21.896569406985346 ], [ -50.297703341259364, -21.896647505309023 ], [ -50.29770349961013, -21.896647710009187 ], [ -50.297765499573849, -21.896727710054737 ], [ -50.297768026669054, -21.89673087873053 ], [ -50.297830942645462, -21.896807557659802 ], [ -50.297890891492969, -21.896884213649752 ], [ -50.297891044808289, -21.896884409347528 ], [ -50.297952967968612, -21.896963311528641 ], [ -50.29801389130467, -21.89704121358815 ], [ -50.298074614774023, -21.897118860080418 ], [ -50.298135340599593, -21.897197505093096 ], [ -50.298137764368668, -21.897200558632282 ], [ -50.298198893652284, -21.897275491384075 ], [ -50.298259888535547, -21.897353210758499 ], [ -50.29831973345506, -21.897430011826472 ], [ -50.298319890779176, -21.897430213360181 ], [ -50.298380890744525, -21.897508213404883 ], [ -50.298382176368463, -21.89750983347151 ], [ -50.298443736984851, -21.897586287869743 ], [ -50.298503303141075, -21.897661738418968 ], [ -50.298505366311957, -21.8976642921196 ], [ -50.298565647454744, -21.897737212935507 ], [ -50.298623010653117, -21.897812076857036 ], [ -50.298625763631499, -21.897815558391756 ], [ -50.298687763601208, -21.897891558436662 ], [ -50.298693719226478, -21.897887327009506 ], [ -50.298683094131576, -21.897872740032927 ], [ -50.298682587891008, -21.897872049333877 ], [ -50.298623587850763, -21.897792049377834 ], [ -50.298622892519425, -21.897791114458258 ], [ -50.29856289248049, -21.897711114502741 ], [ -50.298562364247047, -21.897710414612774 ], [ -50.29850333839731, -21.897632697336952 ], [ -50.298446282417416, -21.897553999531873 ], [ -50.298444892232915, -21.897552114364217 ], [ -50.298385405088993, -21.897472798268399 ], [ -50.298325909444635, -21.897391487655153 ], [ -50.298324892038735, -21.897390114300489 ], [ -50.298264891999814, -21.897310114344997 ], [ -50.298263501170943, -21.897308290144533 ], [ -50.298201501134663, -21.897228290190114 ], [ -50.298140377781223, -21.897149421438804 ], [ -50.298080230904368, -21.897068568357785 ], [ -50.298078500880763, -21.897066290049459 ], [ -50.29801650084449, -21.896986290095033 ], [ -50.297954500748538, -21.896906290063601 ], [ -50.297953805690192, -21.896905400370184 ], [ -50.297890805655264, -21.896825400416276 ], [ -50.297827805559308, -21.896745400384901 ], [ -50.297764805463345, -21.896665400353506 ], [ -50.297764659603239, -21.896665215442365 ], [ -50.29770065956815, -21.896584215489138 ], [ -50.297699973797116, -21.896583354270863 ], [ -50.297634973763373, -21.896502354318166 ], [ -50.297634417157042, -21.896501665000326 ], [ -50.297569417124798, -21.896421665047459 ], [ -50.297504696370545, -21.89634200882119 ], [ -50.297439973474305, -21.896261354223846 ], [ -50.297438032865571, -21.896258987187004 ], [ -50.297371380120879, -21.896179401903424 ], [ -50.297305944308171, -21.896100085851053 ], [ -50.297239163119514, -21.896018353737837 ], [ -50.297238032575585, -21.896016987092821 ], [ -50.297171665747562, -21.895937743202143 ], [ -50.297106288104807, -21.895857507090444 ], [ -50.297106162860651, -21.895857353594479 ], [ -50.297039162828113, -21.895775353642968 ], [ -50.296972225341385, -21.895693430240033 ], [ -50.296906287811019, -21.89561250699473 ], [ -50.296906162566906, -21.895612353498819 ], [ -50.296839706331276, -21.895531019089539 ], [ -50.296773309546531, -21.895447775451558 ], [ -50.296707713530026, -21.895365283583754 ], [ -50.296643046581863, -21.895282708959069 ], [ -50.296641708072976, -21.895281025547408 ], [ -50.2965756491555, -21.895199191456445 ], [ -50.296511564813699, -21.895116374863569 ], [ -50.296511046318749, -21.895115708813364 ], [ -50.296446231984312, -21.895032945988429 ], [ -50.296380745430653, -21.894948607342393 ], [ -50.296316070915047, -21.894864033074882 ], [ -50.296314241029897, -21.894861690201324 ], [ -50.296247909190825, -21.894778527988692 ], [ -50.296183564308798, -21.89469537469828 ], [ -50.296183271706397, -21.894694997845807 ], [ -50.296116271667863, -21.894608997894967 ], [ -50.296116045710775, -21.894608708614438 ], [ -50.296051045674034, -21.894525708662051 ], [ -50.296050761966626, -21.894525347565025 ], [ -50.295984090539655, -21.894440764507237 ], [ -50.295918415904367, -21.894356183634649 ], [ -50.29591776176278, -21.894355347498344 ], [ -50.295850761725724, -21.894270347547344 ], [ -50.295784090234221, -21.894185764407698 ], [ -50.295718415598508, -21.894101183534577 ], [ -50.295717761456991, -21.894100347398361 ], [ -50.29565076141995, -21.894015347447354 ], [ -50.295583761318014, -21.893930347414027 ], [ -50.295583375343682, -21.893929859890196 ], [ -50.295517375308279, -21.893846859938343 ], [ -50.295516454746597, -21.893845714167082 ], [ -50.295448448983507, -21.893761939043571 ], [ -50.295383415091095, -21.893678183368614 ], [ -50.29538145454282, -21.893675714100578 ], [ -50.295313448779666, -21.893591938977007 ], [ -50.295248414887169, -21.893508183301943 ], [ -50.295247760745788, -21.893507347165894 ], [ -50.295180760708746, -21.893422347214894 ], [ -50.295180107086608, -21.893421524120065 ], [ -50.295112173190461, -21.893336606844002 ], [ -50.295045239165866, -21.893252689652673 ], [ -50.295045106883947, -21.893252524053899 ], [ -50.294977172988851, -21.893167606779134 ], [ -50.294910758303097, -21.893084340698948 ], [ -50.29484426973675, -21.892998997263412 ], [ -50.294842578018546, -21.892996867156832 ], [ -50.294775434243441, -21.892913924937634 ], [ -50.294709269532831, -21.89282899719673 ], [ -50.294707037099883, -21.892826203140558 ], [ -50.294639909095359, -21.892744267576692 ], [ -50.294574088404687, -21.892660763809218 ], [ -50.294508413769201, -21.892576182936367 ], [ -50.29450536981313, -21.892572394857272 ], [ -50.294437924935757, -21.892491265598743 ], [ -50.294373413567641, -21.892408182870508 ], [ -50.294370369611883, -21.892404394791768 ], [ -50.294303188139558, -21.892323582382705 ], [ -50.294238915562389, -21.89223983336332 ], [ -50.294235369409449, -21.892235394725869 ], [ -50.294167385426441, -21.892153616978216 ], [ -50.294102566649286, -21.89207210254569 ], [ -50.29403575898759, -21.891987346652513 ], [ -50.294034576806581, -21.891985866761484 ], [ -50.293966640455167, -21.891901945477755 ], [ -50.293899703988352, -21.891819024273723 ], [ -50.293833569028571, -21.891737095981149 ], [ -50.29376841266189, -21.89165318257448 ], [ -50.293766703721509, -21.891651024126908 ], [ -50.293699904852829, -21.891568273380326 ], [ -50.29363217096796, -21.891483606117884 ], [ -50.293565236943806, -21.891399688927102 ], [ -50.293564703419392, -21.891399024028356 ], [ -50.293498568524939, -21.891317095816696 ], [ -50.293433412158073, -21.891233182409767 ], [ -50.293431703218019, -21.891231023962611 ], [ -50.293365494289318, -21.891149004036929 ], [ -50.293299267415577, -21.891063996504702 ], [ -50.293298897936992, -21.891063524260002 ], [ -50.29323289790009, -21.890979524308307 ], [ -50.293232236373875, -21.890978688680502 ], [ -50.293165497971685, -21.890895016747148 ], [ -50.293126187165633, -21.890845144885375 ], [ -50.293157618531957, -21.890886554511919 ], [ -50.293158958737095, -21.890888292737269 ], [ -50.293223958700338, -21.890971292784872 ], [ -50.293224628188625, -21.890972141162433 ], [ -50.293290558670698, -21.891055053830982 ], [ -50.293354540421589, -21.891135769361835 ], [ -50.293416618134977, -21.891217554381999 ] ] ], [ [ [ -50.291328553606498, -21.89084078279302 ], [ -50.291394586005502, -21.890927512015963 ], [ -50.291462348248878, -21.891017197445052 ], [ -50.29152927186378, -21.891106096084819 ], [ -50.291529747738728, -21.891106724653266 ], [ -50.291596747697206, -21.891194724702718 ], [ -50.291596896804172, -21.89119492020091 ], [ -50.291664346778404, -21.891283200418645 ], [ -50.291730806225466, -21.891372474410829 ], [ -50.291732379568188, -21.891374548700956 ], [ -50.291799583020897, -21.891461517976641 ], [ -50.291865806012083, -21.891550474340903 ], [ -50.29186611499486, -21.891550887851828 ], [ -50.291932114952019, -21.891638887900736 ], [ -50.291933042121101, -21.89164011059205 ], [ -50.29200133628386, -21.891729190039808 ], [ -50.292066645979638, -21.891817259282025 ], [ -50.292068041906539, -21.89181911052173 ], [ -50.292136574820567, -21.891908501384304 ], [ -50.292202114524052, -21.891995887760466 ], [ -50.292203041693156, -21.891997110451772 ], [ -50.292271731040188, -21.892086705357503 ], [ -50.292339423386004, -21.892176298274787 ], [ -50.292341010510235, -21.892178360191899 ], [ -50.292409692975994, -21.892265955320624 ], [ -50.292476661928802, -21.892352621125099 ], [ -50.29254396115887, -21.892442683438375 ], [ -50.292546641672203, -21.892446159677593 ], [ -50.292616641634702, -21.89253415972864 ], [ -50.29268664152918, -21.892622159694181 ], [ -50.29275614655225, -21.892709537535463 ], [ -50.292825658815026, -21.892798910546979 ], [ -50.292826144617386, -21.892799531668039 ], [ -50.292896144578386, -21.892888531719265 ], [ -50.292896641141013, -21.892889159504023 ], [ -50.292966146231905, -21.892976537430567 ], [ -50.293035658494794, -21.893065910442218 ], [ -50.293036144297176, -21.893066531563331 ], [ -50.293105900403837, -21.893155221571085 ], [ -50.293175658280113, -21.893244910371997 ], [ -50.293177901731475, -21.893247722431756 ], [ -50.293248761627552, -21.893334329065571 ], [ -50.29331765806657, -21.893422910302181 ], [ -50.2933192713881, -21.893424946802238 ], [ -50.293389769875802, -21.893512325305732 ], [ -50.293460275559163, -21.893601698807494 ], [ -50.29346076793442, -21.893602319465902 ], [ -50.293531767896752, -21.893691319517629 ], [ -50.293531892614602, -21.893691475634505 ], [ -50.293603892576805, -21.893781475686922 ], [ -50.293604270960081, -21.893781946662603 ], [ -50.293675270923913, -21.893869946714162 ], [ -50.293675900984773, -21.893870722188367 ], [ -50.293747393013284, -21.89395810142873 ], [ -50.293818892257747, -21.894047475582816 ], [ -50.293819391066215, -21.894048095617762 ], [ -50.293891330730709, -21.894137021133471 ], [ -50.293962080722551, -21.894224711360362 ], [ -50.294033891937531, -21.894314475478321 ], [ -50.294034270320914, -21.894314946454127 ], [ -50.2941050805088, -21.894402711290375 ], [ -50.294176891724028, -21.894492475408651 ], [ -50.294177900237976, -21.894493721945061 ], [ -50.294249392266167, -21.894581101185032 ], [ -50.294320197578934, -21.894669607924207 ], [ -50.294388517605405, -21.894757730957952 ], [ -50.294389891333729, -21.894759475216457 ], [ -50.294461891295924, -21.894849475268881 ], [ -50.294462899810078, -21.89485072180554 ], [ -50.294533759705025, -21.894937328438008 ], [ -50.294602656143297, -21.895025909673652 ], [ -50.294604899596742, -21.895028721736018 ], [ -50.294675759491462, -21.895115328368174 ], [ -50.294744345425201, -21.895203510383563 ], [ -50.294813037805106, -21.895293109244616 ], [ -50.294815389569955, -21.895296095129613 ], [ -50.294886511574127, -21.895384009925994 ], [ -50.29495565560709, -21.895472909498274 ], [ -50.29495789906106, -21.895475721561297 ], [ -50.295029009050701, -21.895562633865154 ], [ -50.295097897410869, -21.895650220593101 ], [ -50.295167655286775, -21.895739909393534 ], [ -50.295169268609996, -21.895741945895733 ], [ -50.29523995165863, -21.895829553150868 ], [ -50.295309388320142, -21.895916845051268 ], [ -50.295379140839437, -21.89600553049744 ], [ -50.295380898423424, -21.896007721353396 ], [ -50.295452262174265, -21.896094943809917 ], [ -50.29552163725964, -21.896182158299673 ], [ -50.295591071754707, -21.896269447477145 ], [ -50.295659515685848, -21.896357730330255 ], [ -50.295660636979349, -21.896359158144747 ], [ -50.295730071542508, -21.896446447407826 ], [ -50.295798515473514, -21.896534730260786 ], [ -50.295799005283953, -21.896535358483515 ], [ -50.295868005245111, -21.89662335853405 ], [ -50.29586914432894, -21.896624792612965 ], [ -50.295938247122081, -21.896710677608286 ], [ -50.296005373128402, -21.896797546657485 ], [ -50.296006636451708, -21.896799157972296 ], [ -50.296076249461066, -21.896886671567806 ], [ -50.296143866852248, -21.89697318215201 ], [ -50.296145267131706, -21.896974945413117 ], [ -50.296215559714504, -21.897062068710429 ], [ -50.296282866642308, -21.89714818208337 ], [ -50.296284662685508, -21.897150433713428 ], [ -50.296353752846478, -21.897235316003933 ], [ -50.29642086643473, -21.897321182015531 ], [ -50.296422143491995, -21.897322792339679 ], [ -50.296492143456, -21.897409792390572 ], [ -50.296561755179646, -21.897496309914022 ], [ -50.296629371299879, -21.897581824514848 ], [ -50.296630143180181, -21.897582792237909 ], [ -50.296699822495818, -21.897669393768574 ], [ -50.296768504762603, -21.897755993245145 ], [ -50.29677019255206, -21.897758081546289 ], [ -50.29683926989923, -21.897841961272384 ], [ -50.296887320202195, -21.897902730840951 ], [ -50.296918459542312, -21.897880715774534 ], [ -50.296849459507953, -21.897795715824564 ], [ -50.296848807476849, -21.897794918362138 ], [ -50.29677933606947, -21.897710560314998 ], [ -50.296709856921105, -21.897624207753609 ], [ -50.29670880727064, -21.897622918294989 ], [ -50.296638807237642, -21.897537918345531 ], [ -50.296569073377846, -21.897453241606257 ], [ -50.296499598041663, -21.897367886285629 ], [ -50.296429856509626, -21.897281207619429 ], [ -50.296428155956526, -21.897279133371235 ], [ -50.296358016170842, -21.897195163293883 ], [ -50.296288856303278, -21.897109207552177 ], [ -50.29628704990084, -21.897107006728216 ], [ -50.296215316879284, -21.897021325708728 ], [ -50.296144224661518, -21.89693542270356 ], [ -50.296074855991336, -21.896849207450511 ], [ -50.296073049589282, -21.896847006627009 ], [ -50.296002159377402, -21.896762332296557 ], [ -50.295932235800599, -21.896674681712199 ], [ -50.295930581553371, -21.896672645892046 ], [ -50.295858842821843, -21.896585961683481 ], [ -50.295787160139938, -21.896498349610692 ], [ -50.295716217934334, -21.896411420522899 ], [ -50.295716102041851, -21.896411278695485 ], [ -50.295644418436936, -21.896323665495085 ], [ -50.295573732033503, -21.896236054273814 ], [ -50.295573101830833, -21.896235278626754 ], [ -50.29550160966253, -21.896147899404376 ], [ -50.295430486829908, -21.896058995961948 ], [ -50.295360859235096, -21.895970469548434 ], [ -50.295360110097477, -21.89596952514507 ], [ -50.295289049352313, -21.895880699312926 ], [ -50.295220962906164, -21.895791891008027 ], [ -50.295220344822582, -21.895791090598799 ], [ -50.295150344782101, -21.895701090650178 ], [ -50.295149109773774, -21.895699525039277 ], [ -50.295077732811031, -21.895610303935303 ], [ -50.295008344566156, -21.895521090579532 ], [ -50.294938818097634, -21.895431699508947 ], [ -50.294869284874778, -21.895340313095101 ], [ -50.294868819659371, -21.895339705004837 ], [ -50.294798819617391, -21.895248705056382 ], [ -50.294797109230721, -21.895246524861751 ], [ -50.294726214713194, -21.895157906814092 ], [ -50.294657284547348, -21.89506731298788 ], [ -50.294656343953072, -21.895066090314192 ], [ -50.294586343912592, -21.894976090365592 ], [ -50.294585597220276, -21.894975138527553 ], [ -50.294514451539548, -21.894885218394077 ], [ -50.29444528421989, -21.894794312880656 ], [ -50.294375284109591, -21.894702312844505 ], [ -50.294373725808327, -21.894700301596416 ], [ -50.294303514101806, -21.894611300942852 ], [ -50.294234283891306, -21.894520312773036 ], [ -50.294233818675927, -21.894519704682804 ], [ -50.294164052016541, -21.894429008131624 ], [ -50.294094283671861, -21.894337312701126 ], [ -50.294092596453027, -21.894335138276503 ], [ -50.294021450772178, -21.894245218142881 ], [ -50.293952893965987, -21.894155115018236 ], [ -50.293885492670299, -21.894063925141374 ], [ -50.293884738448753, -21.894062913971563 ], [ -50.293814738403825, -21.893969914023412 ], [ -50.293814283163776, -21.89396931246867 ], [ -50.293744283120311, -21.89387731252036 ], [ -50.293674283010027, -21.893785312484223 ], [ -50.293673817794676, -21.893784704394044 ], [ -50.293604051134899, -21.89369400784236 ], [ -50.293534282790581, -21.89360231241232 ], [ -50.293533817575259, -21.893601704322194 ], [ -50.29346405091519, -21.893511007770091 ], [ -50.293394282571136, -21.893419312340423 ], [ -50.293324282460837, -21.893327312304276 ], [ -50.293323073250072, -21.893325745335275 ], [ -50.293251207754246, -21.893233917306564 ], [ -50.293181341716021, -21.893144089646242 ], [ -50.293181205856087, -21.893143915243034 ], [ -50.293110205815445, -21.893052915295101 ], [ -50.293109106599935, -21.893051524001365 ], [ -50.293038212081484, -21.892962905952526 ], [ -50.292969281915084, -21.892872312125633 ], [ -50.292967106381766, -21.892869523930091 ], [ -50.292895660338374, -21.892780216475288 ], [ -50.29282520538009, -21.892689915152687 ], [ -50.292824106164751, -21.892688523859185 ], [ -50.292752106126933, -21.892598523911598 ], [ -50.292680351010979, -21.892508830116235 ], [ -50.292608658711252, -21.892418219116845 ], [ -50.292537723033277, -21.892328300753185 ], [ -50.292537105731903, -21.892327523717864 ], [ -50.292465105694077, -21.892237523770273 ], [ -50.292464489022919, -21.89223675823515 ], [ -50.292391798609025, -21.892147140014409 ], [ -50.292320105478197, -21.892057523699826 ], [ -50.292319488807109, -21.892056758164795 ], [ -50.292246798393656, -21.89196713994459 ], [ -50.292175105262331, -21.8918775236294 ], [ -50.292174488591321, -21.891876758094458 ], [ -50.292101798178038, -21.891787139874467 ], [ -50.292030105046457, -21.891697523558967 ], [ -50.292028467178547, -21.891695513104573 ], [ -50.291955670362732, -21.891607758131741 ], [ -50.291883302576352, -21.891519743351587 ], [ -50.291813675509587, -21.891429522467018 ], [ -50.291810982879241, -21.891426138576552 ], [ -50.291738548149688, -21.891337827837074 ], [ -50.291667104507951, -21.891248523383279 ], [ -50.291665872019934, -21.891247003775295 ], [ -50.291592808999731, -21.891158143441103 ], [ -50.291522721522995, -21.891069300260064 ], [ -50.291522466443112, -21.89106897785657 ], [ -50.291449466403648, -21.89097697790984 ], [ -50.291449104111685, -21.890976523189213 ], [ -50.291377104073874, -21.890886523241623 ], [ -50.291375871586162, -21.890885003634015 ], [ -50.29130218074782, -21.890795379737433 ], [ -50.29123059852337, -21.890707127776651 ], [ -50.291160674534162, -21.890616522148253 ], [ -50.291157871260232, -21.890613003527832 ], [ -50.291083871225133, -21.890523003581272 ], [ -50.291083561028806, -21.890522627985753 ], [ -50.291124748438143, -21.890576724945475 ], [ -50.291125380523617, -21.890577549013958 ], [ -50.291192821604795, -21.890664825808944 ], [ -50.291259272287007, -21.890753096223467 ], [ -50.291261379419616, -21.890755827107405 ], [ -50.291328553606498, -21.89084078279302 ] ] ], [ [ [ -50.292696005502911, -21.89121135859585 ], [ -50.292763210664567, -21.891298330081888 ], [ -50.292832042463651, -21.891388110794367 ], [ -50.292833146282227, -21.891389532238687 ], [ -50.292902760613856, -21.891478041989501 ], [ -50.292970210344329, -21.89156532997697 ], [ -50.293039042143484, -21.891655110689548 ], [ -50.293040145962131, -21.89165653213395 ], [ -50.293109760293689, -21.891745041884704 ], [ -50.293177379058783, -21.891832548622919 ], [ -50.293178642380141, -21.891834159935261 ], [ -50.293247757625167, -21.89192104776966 ], [ -50.293314658803972, -21.892008609709023 ], [ -50.293382423453501, -21.892098298322555 ], [ -50.293384642060126, -21.892101159830592 ], [ -50.293454641971188, -21.892189159816979 ], [ -50.293524324669676, -21.892276761021702 ], [ -50.293592834322659, -21.892364135750814 ], [ -50.293662274994119, -21.892453416716954 ], [ -50.29372989522826, -21.892541919774196 ], [ -50.293731641529014, -21.892544159656993 ], [ -50.293801641491513, -21.892632159708047 ], [ -50.29387139212831, -21.892719846320947 ], [ -50.293941144648542, -21.892808531768292 ], [ -50.293941641211262, -21.892809159553181 ], [ -50.294011391916428, -21.892896846252043 ], [ -50.294081144436255, -21.892985531698887 ], [ -50.294082667650201, -21.892987435359167 ], [ -50.294152667615698, -21.893073435409875 ], [ -50.294152901914465, -21.893073722517933 ], [ -50.294224011905456, -21.893160634823417 ], [ -50.294293144120751, -21.893248531595859 ], [ -50.294293640683563, -21.893249159380858 ], [ -50.294363640646068, -21.893337159431908 ], [ -50.294364271466726, -21.893337946854338 ], [ -50.294435209730729, -21.893425870432843 ], [ -50.294504642241037, -21.893512165219484 ], [ -50.294574143698526, -21.893600531457885 ], [ -50.294574640261416, -21.893601159242994 ], [ -50.294644640223922, -21.893689159294048 ], [ -50.294645271044708, -21.893689946716634 ], [ -50.294715954093931, -21.89377755397248 ], [ -50.294785390755109, -21.893864845872443 ], [ -50.294855143275122, -21.893953531319529 ], [ -50.294855639838083, -21.893954159104712 ], [ -50.294925322552849, -21.894041760329902 ], [ -50.294994008211091, -21.894129359529579 ], [ -50.294994142996295, -21.894129531164378 ], [ -50.29506407543024, -21.89421844535973 ], [ -50.295133007998807, -21.894306359460149 ], [ -50.295134147081626, -21.894307793537791 ], [ -50.295203892246157, -21.894394476909223 ], [ -50.295273001581364, -21.894481357313669 ], [ -50.295340375776838, -21.894568547549433 ], [ -50.295341142468594, -21.894569530991852 ], [ -50.295411074902923, -21.894658445187691 ], [ -50.295480007471092, -21.894746359287591 ], [ -50.295480638887199, -21.894747158793958 ], [ -50.295549754131116, -21.894834046626958 ], [ -50.295616892372998, -21.894921918840183 ], [ -50.295617375286902, -21.894922547325915 ], [ -50.295685132823003, -21.895010233650986 ], [ -50.295752892160735, -21.895098918770643 ], [ -50.295754638462832, -21.895101158655166 ], [ -50.295824638425337, -21.895189158706206 ], [ -50.295825019907674, -21.895189636225336 ], [ -50.295892938925476, -21.895274289008587 ], [ -50.295959891845236, -21.895361918667405 ], [ -50.295960374759183, -21.895362547153177 ], [ -50.296028374719, -21.89545054720319 ], [ -50.296029507433857, -21.895451994081046 ], [ -50.296097936166674, -21.895538273884853 ], [ -50.296165374509087, -21.895625547134493 ], [ -50.296165868377152, -21.895626182613626 ], [ -50.296233868338476, -21.895713182663467 ], [ -50.296235019278328, -21.895714636019658 ], [ -50.29630401924247, -21.895800636069868 ], [ -50.296304145291906, -21.895800792953104 ], [ -50.296373500680332, -21.89588699188835 ], [ -50.296440868026544, -21.895973182561484 ], [ -50.296443194662679, -21.895976082260063 ], [ -50.296513194629689, -21.896061082310606 ], [ -50.296582536080166, -21.896145282733659 ], [ -50.296649889613938, -21.896229474743521 ], [ -50.296651194356997, -21.896231082160558 ], [ -50.296721194324, -21.896316082211094 ], [ -50.296791194222102, -21.896401082177938 ], [ -50.29686119412019, -21.896486082144786 ], [ -50.296862955610408, -21.896488180757189 ], [ -50.296932943615047, -21.896569997804111 ], [ -50.29699981051661, -21.896651614844345 ], [ -50.297069663223766, -21.896737433977325 ], [ -50.29706995821477, -21.896737795215305 ], [ -50.29713774932771, -21.896820540339203 ], [ -50.297206541654077, -21.896905284601242 ], [ -50.297206958013341, -21.896905795149721 ], [ -50.297274352072534, -21.89698805563431 ], [ -50.297340424014145, -21.8970708921903 ], [ -50.29740590957163, -21.897154237539691 ], [ -50.297472725305283, -21.897240001116884 ], [ -50.297474289577941, -21.897241973568743 ], [ -50.297538143409817, -21.897321076164509 ], [ -50.297484145650806, -21.897252829073981 ], [ -50.29741368241082, -21.89716152469947 ], [ -50.297412599866306, -21.897160139366555 ], [ -50.297341145431275, -21.897069829002113 ], [ -50.297270843366292, -21.896978733473979 ], [ -50.29719900369949, -21.896884942907715 ], [ -50.297197599534179, -21.896883139257913 ], [ -50.297125599494883, -21.896792139310516 ], [ -50.2971254733311, -21.896791980081932 ], [ -50.297052536360411, -21.896700059619121 ], [ -50.296981308739781, -21.896610035922638 ], [ -50.296910003258027, -21.896516942763231 ], [ -50.296908472998936, -21.896514979973322 ], [ -50.296835536030677, -21.896423059513562 ], [ -50.296763773385273, -21.896332359605466 ], [ -50.296690946889782, -21.896239580750635 ], [ -50.296690472667933, -21.896238979865142 ], [ -50.29661747262849, -21.896146979918438 ], [ -50.296616868971697, -21.896146224309163 ], [ -50.29654317200945, -21.896054601159861 ], [ -50.296470472407783, -21.895962979846345 ], [ -50.296469988094088, -21.895962372807954 ], [ -50.296396988056145, -21.89587137286107 ], [ -50.296396868641928, -21.895871224201546 ], [ -50.296323109513608, -21.895779523764695 ], [ -50.296249348717382, -21.89568682448882 ], [ -50.296248868420072, -21.895686224129133 ], [ -50.296175411458186, -21.895594899358557 ], [ -50.296102946005639, -21.895502580461667 ], [ -50.296101868198264, -21.895501224056716 ], [ -50.296028109069475, -21.895409523619303 ], [ -50.295954348273611, -21.895316824343876 ], [ -50.295953867976408, -21.895316223984299 ], [ -50.295880411014416, -21.895224899213598 ], [ -50.295807945561798, -21.895132580316613 ], [ -50.295734945450263, -21.895039580280137 ], [ -50.295734227154732, -21.895038672644056 ], [ -50.295659227114989, -21.894944672698699 ], [ -50.295658867530406, -21.89494422383866 ], [ -50.295584867492302, -21.894852223892471 ], [ -50.295584750668681, -21.894852078842057 ], [ -50.295510353039624, -21.894759825883739 ], [ -50.295437945004011, -21.894667580134278 ], [ -50.295437347422151, -21.894666823998829 ], [ -50.295363882445912, -21.894574496497089 ], [ -50.29529140908042, -21.894481174736121 ], [ -50.295289750221521, -21.894479078696076 ], [ -50.295215823457568, -21.894387409610299 ], [ -50.295143863541512, -21.894293763252456 ], [ -50.295142817315607, -21.894292418124593 ], [ -50.295069114285894, -21.894198795463332 ], [ -50.294996408629437, -21.894105174588564 ], [ -50.294923408516716, -21.894011174551675 ], [ -50.294923277672055, -21.894011006321545 ], [ -50.294849277629467, -21.89391600637585 ], [ -50.294848944031607, -21.893915579749393 ], [ -50.294776406653554, -21.893823169222493 ], [ -50.294703862863869, -21.893728763030612 ], [ -50.294703408107054, -21.893728174350112 ], [ -50.29463040806462, -21.893634174403712 ], [ -50.294629816525436, -21.893633417866099 ], [ -50.294556113495766, -21.893539795204905 ], [ -50.294483407839138, -21.893446174329913 ], [ -50.294482691827682, -21.893445259903661 ], [ -50.294407691786432, -21.893350259958478 ], [ -50.294407345843155, -21.893349823482641 ], [ -50.294334112644819, -21.893257787269249 ], [ -50.294261862186204, -21.893163762808815 ], [ -50.294188862072303, -21.893068762771509 ], [ -50.294188407315538, -21.893068174091056 ], [ -50.294115407273097, -21.892974174144666 ], [ -50.294114815734055, -21.892973417607244 ], [ -50.294041569879184, -21.892880375681386 ], [ -50.293969307034352, -21.892785345202629 ], [ -50.29396794267425, -21.892783579305281 ], [ -50.2938951097778, -21.892690792296179 ], [ -50.293821570050355, -21.892596383295043 ], [ -50.293748861392331, -21.892501762548871 ], [ -50.293746747848473, -21.892499077920814 ], [ -50.293672587287809, -21.892407118927185 ], [ -50.293600406481609, -21.892314173885673 ], [ -50.293599814942688, -21.892313417348401 ], [ -50.293525814901599, -21.892219417402536 ], [ -50.293525223773884, -21.892218671539073 ], [ -50.293450223734141, -21.892124671593724 ], [ -50.293449747398959, -21.892124077774078 ], [ -50.293375109366806, -21.892031526715982 ], [ -50.293302467583729, -21.89193997826959 ], [ -50.293301747177154, -21.891939077701718 ], [ -50.29322674713891, -21.891846077756185 ], [ -50.29322626089423, -21.891845478066219 ], [ -50.293151260857478, -21.891753478120517 ], [ -50.293150764467029, -21.89175287253622 ], [ -50.293076501289896, -21.891662766644608 ], [ -50.293002223068491, -21.891569671376526 ], [ -50.29300126056215, -21.891568477958042 ], [ -50.292926260525391, -21.891476478012329 ], [ -50.292925764135056, -21.891475872428177 ], [ -50.292851013075939, -21.89138517457323 ], [ -50.292776504190108, -21.891293777105339 ], [ -50.292701746365395, -21.891201077504039 ], [ -50.29270126012095, -21.891200477814355 ], [ -50.292626260084212, -21.891108477868652 ], [ -50.292551259973905, -21.891016477832697 ], [ -50.292550763583755, -21.891015872248779 ], [ -50.29247631737271, -21.89092554427609 ], [ -50.292402862675338, -21.890834222319768 ], [ -50.292401871548364, -21.89083300359616 ], [ -50.292327871513272, -21.890743003649582 ], [ -50.292327763256552, -21.890742872142312 ], [ -50.292326883704916, -21.890741804954128 ], [ -50.292348643724836, -21.890769160438143 ], [ -50.292418643619307, -21.890857160403694 ], [ -50.292488394256253, -21.890944847016776 ], [ -50.292557274329845, -21.891032423210159 ], [ -50.292624424625139, -21.891121298706203 ], [ -50.292626643231245, -21.891124160213536 ], [ -50.292696005502911, -21.89121135859585 ] ] ], [ [ [ -50.291442793920574, -21.889180087426372 ], [ -50.291508088124289, -21.889265167851242 ], [ -50.29150823675765, -21.88926536118873 ], [ -50.29157523671762, -21.889352361238029 ], [ -50.291575734692856, -21.889353004133003 ], [ -50.291642160885097, -21.889438267701959 ], [ -50.291707597061844, -21.88952452458226 ], [ -50.291708236445949, -21.889525361086658 ], [ -50.291775236405918, -21.88961236113596 ], [ -50.291775734381169, -21.889613004030927 ], [ -50.291842409343005, -21.889698586916239 ], [ -50.291908087502037, -21.889784167647488 ], [ -50.291908734174967, -21.889785003963468 ], [ -50.291975484138604, -21.889870683119756 ], [ -50.292042161526318, -21.889957264305927 ], [ -50.292108087191487, -21.890043167545787 ], [ -50.292108733864467, -21.890044003861831 ], [ -50.292175733825928, -21.890130003910979 ], [ -50.29217638013624, -21.890130827374893 ], [ -50.292244311577846, -21.890216740765403 ], [ -50.292311243156597, -21.890301654058128 ], [ -50.292378243054678, -21.890386654024812 ], [ -50.292378896544008, -21.890387476954228 ], [ -50.292446568135475, -21.890472066537566 ], [ -50.292512914176434, -21.890556236983088 ], [ -50.292578588672455, -21.890640817870537 ], [ -50.292580549084519, -21.890643286972619 ], [ -50.292648554714198, -21.890727062115563 ], [ -50.292713588468551, -21.890810817803853 ], [ -50.292715548880771, -21.890813286906145 ], [ -50.292783554510351, -21.890897062048985 ], [ -50.292848588264647, -21.890980817737201 ], [ -50.292849242276283, -21.890981653709314 ], [ -50.292916242239244, -21.891066653758301 ], [ -50.292916763513404, -21.891067311172034 ], [ -50.292983431106229, -21.891150894515974 ], [ -50.293048916664986, -21.891234239866943 ], [ -50.293115732398753, -21.891320003444296 ], [ -50.293117296667219, -21.891321975890865 ], [ -50.293183431428396, -21.891403904118256 ], [ -50.293248587656578, -21.891487817538323 ], [ -50.29325029646585, -21.891489975825131 ], [ -50.293317028646484, -21.891572644139636 ], [ -50.293383762872374, -21.89165631102308 ], [ -50.293383895022629, -21.891656476457385 ], [ -50.293451894986923, -21.89174147650688 ], [ -50.293452296163714, -21.891741975726557 ], [ -50.293518430924742, -21.891823903953803 ], [ -50.293583587152753, -21.891907817373617 ], [ -50.293585295962345, -21.891909975660859 ], [ -50.293652295928297, -21.891992975709503 ], [ -50.29371929582878, -21.892075975677038 ], [ -50.29371942307867, -21.892076133091486 ], [ -50.293786826891939, -21.892159396716853 ], [ -50.293853240827659, -21.892243653297058 ], [ -50.293853626672217, -21.892244140658072 ], [ -50.293919626636807, -21.892327140706207 ], [ -50.293921630471772, -21.892329605128531 ], [ -50.293988811814145, -21.892410417554522 ], [ -50.294053084251374, -21.892494166584207 ], [ -50.294056630269338, -21.892498605062634 ], [ -50.294124075016946, -21.892579734338501 ], [ -50.294188586246996, -21.892662817077596 ], [ -50.294191630068092, -21.892666604997114 ], [ -50.2942590748155, -21.892747734272785 ], [ -50.294323586045437, -21.892830817011717 ], [ -50.29432424005747, -21.892831652984352 ], [ -50.294391240020431, -21.892916653033357 ], [ -50.294392962783327, -21.892918796713385 ], [ -50.294459828486751, -21.893000412292896 ], [ -50.294525730281485, -21.893085002752276 ], [ -50.29452742186669, -21.893087132696134 ], [ -50.29459456550714, -21.893170074931408 ], [ -50.294660730077567, -21.893255002685581 ], [ -50.294661760888523, -21.893256310314879 ], [ -50.294728760852969, -21.89334031036368 ], [ -50.294728893003324, -21.893340475798126 ], [ -50.29479682676164, -21.893425393090133 ], [ -50.294863760650294, -21.89350931029751 ], [ -50.29486389280067, -21.893509475731964 ], [ -50.294931564391632, -21.893594065314648 ], [ -50.294997910431789, -21.893678235759172 ], [ -50.295063584927455, -21.893762816646163 ], [ -50.295065545342425, -21.893765285751893 ], [ -50.295133550970434, -21.893849060892808 ], [ -50.295198584723529, -21.893932816579472 ], [ -50.295200545138648, -21.893935285685387 ], [ -50.295269081783118, -21.894019714977258 ], [ -50.295334430973746, -21.894101896626676 ], [ -50.295401238497213, -21.89418665253557 ], [ -50.295467909720564, -21.894271235526702 ], [ -50.295533584216109, -21.894355816413533 ], [ -50.29553423822847, -21.894356652386573 ], [ -50.295601238191431, -21.894441652435564 ], [ -50.295667909414817, -21.894526235426728 ], [ -50.295733583910263, -21.894610816313449 ], [ -50.29573423792268, -21.894611652286564 ], [ -50.29580109573304, -21.894696471992653 ], [ -50.295865840970684, -21.894779146774859 ], [ -50.295932581520134, -21.894864813847043 ], [ -50.295997435506159, -21.894948625248905 ], [ -50.295998758857358, -21.894950309651193 ], [ -50.29606483129141, -21.895033146825639 ], [ -50.296128928899023, -21.895116966871733 ], [ -50.29612958323866, -21.895117816032627 ], [ -50.29619558320028, -21.895202816081095 ], [ -50.296195953570567, -21.89520329103917 ], [ -50.296260693270234, -21.895285958750076 ], [ -50.296325435001236, -21.895369625083632 ], [ -50.296327291812204, -21.895371974306055 ], [ -50.296393615984364, -21.89545413717704 ], [ -50.296457953233983, -21.895536290988733 ], [ -50.296458622723463, -21.895537139367821 ], [ -50.296524622688068, -21.895620139415968 ], [ -50.296524758054034, -21.895620309388651 ], [ -50.296591758018494, -21.89570430943748 ], [ -50.29659283731624, -21.895705646355609 ], [ -50.296659774607505, -21.895787569695912 ], [ -50.296725712007294, -21.895868492955788 ], [ -50.296725837120796, -21.895868646291969 ], [ -50.296792837088255, -21.895950646340442 ], [ -50.296859774311478, -21.896032569597441 ], [ -50.296925711713499, -21.896113492860088 ], [ -50.296926967303492, -21.896115012763627 ], [ -50.296993397629642, -21.89619433263918 ], [ -50.297059836698523, -21.896275646213553 ], [ -50.297060275720632, -21.896276180935601 ], [ -50.297126275689742, -21.896356180983204 ], [ -50.297126967013504, -21.896357012669419 ], [ -50.297192983605335, -21.896435838533705 ], [ -50.297257026343345, -21.896515645725195 ], [ -50.29725758282197, -21.89651633488635 ], [ -50.297322582789732, -21.896596334933477 ], [ -50.297387303288737, -21.89667599101892 ], [ -50.297451681456295, -21.89675621620858 ], [ -50.297515267239767, -21.896836692056169 ], [ -50.29757819435401, -21.896916599593101 ], [ -50.297641194258034, -21.896996599561717 ], [ -50.297703844817633, -21.897076155918146 ], [ -50.297765499068255, -21.897155709881467 ], [ -50.297826622170547, -21.897234578492402 ], [ -50.297886768910288, -21.897315431584509 ], [ -50.297888498814366, -21.897317709740822 ], [ -50.297950498778079, -21.897397709786393 ], [ -50.298011795699161, -21.897476802679734 ], [ -50.298070594864171, -21.897555201660762 ], [ -50.298130090369618, -21.897636512285583 ], [ -50.298131107660815, -21.897637885488741 ], [ -50.298190404535056, -21.897716948083637 ], [ -50.2982477173977, -21.897796000406885 ], [ -50.298249635644524, -21.897798585241109 ], [ -50.298309370380416, -21.89787723607018 ], [ -50.298368757698206, -21.897956419256108 ], [ -50.298427157773375, -21.898035605896151 ], [ -50.298471840522105, -21.898096950085407 ], [ -50.298500049863584, -21.898077709980864 ], [ -50.298435900382195, -21.897995796121783 ], [ -50.298372810978094, -21.897912005606752 ], [ -50.298309892614178, -21.897828114555885 ], [ -50.298308049561449, -21.897825709881879 ], [ -50.298243900079818, -21.897743796022496 ], [ -50.298180728786583, -21.897659896748486 ], [ -50.298179567792793, -21.897658375785767 ], [ -50.298114821914531, -21.897574704286299 ], [ -50.298050074057578, -21.897490034111087 ], [ -50.298049719170237, -21.897489571952917 ], [ -50.297985897000515, -21.897406802672936 ], [ -50.297921073856095, -21.897322034045064 ], [ -50.297920048955923, -21.897320709683598 ], [ -50.297855565315636, -21.897238369129504 ], [ -50.297791073654594, -21.897154033979071 ], [ -50.297788710307231, -21.897151026284728 ], [ -50.297722501380946, -21.897069006362035 ], [ -50.297656274508995, -21.896983998832123 ], [ -50.297655905029671, -21.896983526586492 ], [ -50.297589904992783, -21.896899526634812 ], [ -50.297589243464827, -21.896898691004797 ], [ -50.297522243429277, -21.896814691053649 ], [ -50.297521041869821, -21.896813204704205 ], [ -50.29745325062413, -21.896730459596252 ], [ -50.297384458162448, -21.896645715351255 ], [ -50.297384041668387, -21.896645204638606 ], [ -50.297316189436046, -21.896562385091091 ], [ -50.297246336592487, -21.896476565976037 ], [ -50.297246041465762, -21.896476204572629 ], [ -50.297178041433071, -21.896393204621791 ], [ -50.297176044266905, -21.896390819098134 ], [ -50.297105935352725, -21.896308860873788 ], [ -50.297036805697068, -21.896224917809175 ], [ -50.296966805595154, -21.896139917776022 ], [ -50.296897463872902, -21.896055717203613 ], [ -50.29683011020191, -21.895971525207518 ], [ -50.296828805322463, -21.895969917625965 ], [ -50.296758805289464, -21.895884917676501 ], [ -50.296689987975647, -21.895801353885556 ], [ -50.296623131787427, -21.895715817388407 ], [ -50.296621854595372, -21.895714206897917 ], [ -50.296551917641793, -21.895627285351214 ], [ -50.296483560911405, -21.895542087202021 ], [ -50.296416379334445, -21.895456134399961 ], [ -50.296348625303963, -21.895368452814846 ], [ -50.29634749245546, -21.895367005769561 ], [ -50.296279063581146, -21.895280725981745 ], [ -50.29621186745225, -21.895193766386036 ], [ -50.296144107966917, -21.895105081281372 ], [ -50.296141979979595, -21.895102363626179 ], [ -50.296073171211745, -21.895016602068299 ], [ -50.29600424604034, -21.894929953378757 ], [ -50.295937107651426, -21.894842081178133 ], [ -50.295936624606526, -21.894841452523398 ], [ -50.295868866924607, -21.894753766213373 ], [ -50.295801107439168, -21.894665081108588 ], [ -50.295799361002125, -21.894662841056164 ], [ -50.295729678144717, -21.894575239847757 ], [ -50.295660992342583, -21.894487640663204 ], [ -50.295660857422767, -21.894487468857371 ], [ -50.295591242946784, -21.894398959124224 ], [ -50.295523624036221, -21.894311452399883 ], [ -50.295522360578865, -21.894309840917799 ], [ -50.295452360541368, -21.894221840968857 ], [ -50.295451852805677, -21.894221206313244 ], [ -50.295382427056182, -21.894134920119981 ], [ -50.295313991814872, -21.89404764049063 ], [ -50.295313856895071, -21.894047468684828 ], [ -50.295243924315464, -21.893958554505804 ], [ -50.295174991602593, -21.893870640421191 ], [ -50.295174360051256, -21.893869840745417 ], [ -50.295104609203783, -21.893782154063821 ], [ -50.295034856538273, -21.893693468632147 ], [ -50.295034359839008, -21.893692840676056 ], [ -50.294964359801504, -21.893604840727104 ], [ -50.294963728842632, -21.893604053133892 ], [ -50.29489304565211, -21.893516445895418 ], [ -50.294823608779637, -21.893429153924512 ], [ -50.294753856114866, -21.893340468493783 ], [ -50.294752851748271, -21.893339205968015 ], [ -50.29468285171226, -21.893252206018893 ], [ -50.294682728420604, -21.893252052996171 ], [ -50.294612045230068, -21.89316444575768 ], [ -50.294542608357489, -21.893077153786621 ], [ -50.294472855692639, -21.89298846835581 ], [ -50.294471097970899, -21.892986277332998 ], [ -50.294399215276869, -21.892898420801519 ], [ -50.294330102190507, -21.892813510530786 ], [ -50.294260855377132, -21.89272546825276 ], [ -50.294260358678088, -21.892724840296935 ], [ -50.294190607829933, -21.892637153614476 ], [ -50.294120855164856, -21.892548468183364 ], [ -50.294120358465847, -21.892547840227593 ], [ -50.294050358428343, -21.892459840278647 ], [ -50.293981242973231, -21.892372952375727 ], [ -50.293914104583919, -21.892285080174574 ], [ -50.293913340650036, -21.892284089199872 ], [ -50.293843340609548, -21.892194089251262 ], [ -50.293842989524457, -21.892193639678641 ], [ -50.293773989485615, -21.892105639729188 ], [ -50.293773357934754, -21.892104840053999 ], [ -50.29370335789725, -21.892016840105047 ], [ -50.293634485828193, -21.891930258173044 ], [ -50.293567576357795, -21.891841701625662 ], [ -50.293567103986376, -21.891841079915153 ], [ -50.293499103944704, -21.891752079965329 ], [ -50.293497357509217, -21.891749839914866 ], [ -50.293427995095243, -21.891662641549484 ], [ -50.293360620754314, -21.891575451326403 ], [ -50.293359853929267, -21.891574467715277 ], [ -50.293290410424696, -21.891486175360004 ], [ -50.293221957668379, -21.891396889260129 ], [ -50.293221620474355, -21.891396451171584 ], [ -50.293153620434168, -21.891308451221587 ], [ -50.293152853609172, -21.891307467610545 ], [ -50.293083410104529, -21.891219175255184 ], [ -50.29301495734822, -21.891129889155316 ], [ -50.293014620154203, -21.891129451066796 ], [ -50.292946620114016, -21.891041451116781 ], [ -50.292945356658137, -21.891039839636587 ], [ -50.292876484656887, -21.890953257789835 ], [ -50.292809575186162, -21.890864701242027 ], [ -50.292807853075686, -21.890862467436012 ], [ -50.292737853036698, -21.890773467487215 ], [ -50.29273735633808, -21.890772839531934 ], [ -50.292667356300576, -21.890684839582974 ], [ -50.29259735619506, -21.890596839548518 ], [ -50.292527356089536, -21.890508839514052 ], [ -50.292526604705706, -21.89050790286246 ], [ -50.292454982322447, -21.890419369735664 ], [ -50.292385355877272, -21.890331839444759 ], [ -50.292384604493527, -21.89033090279327 ], [ -50.292312982110282, -21.890242369666499 ], [ -50.292243355665022, -21.890154839375462 ], [ -50.292242724707364, -21.890154051783785 ], [ -50.292171724671206, -21.890066051835355 ], [ -50.292171604175834, -21.890065902689678 ], [ -50.29209960413953, -21.889976902741907 ], [ -50.292099094364481, -21.889976276156773 ], [ -50.292027730471474, -21.889889053715216 ], [ -50.291958355241647, -21.889801839237297 ], [ -50.291957724284138, -21.889801051645797 ], [ -50.291886724247988, -21.889713051697353 ], [ -50.291885980858567, -21.889712137883624 ], [ -50.291813037427808, -21.889623206946947 ], [ -50.291741349636375, -21.889535588629581 ], [ -50.291669603504069, -21.889446902534768 ], [ -50.291669093729212, -21.889446275949872 ], [ -50.291597410122748, -21.889358662747558 ], [ -50.291526723717972, -21.889271051524606 ], [ -50.291526603222664, -21.889270902378993 ], [ -50.291454603186359, -21.889181902431211 ], [ -50.291454485393992, -21.889181757017575 ], [ -50.29138148535754, -21.889091757070513 ], [ -50.291381093303727, -21.889091275811307 ], [ -50.291309093268922, -21.889003275863363 ], [ -50.291238233159589, -21.888916669157236 ], [ -50.291169336572253, -21.888828087931362 ], [ -50.291167723115109, -21.88882605126468 ], [ -50.291147256584502, -21.888800684324941 ], [ -50.291173060209687, -21.888833420304369 ], [ -50.291240805769228, -21.888920094869135 ], [ -50.291307161404234, -21.889005267871902 ], [ -50.291372597581031, -21.889091524752263 ], [ -50.291374515049142, -21.8890939965783 ], [ -50.291442793920574, -21.889180087426372 ] ] ], [ [ [ -50.295091081996652, -21.89288194202588 ], [ -50.295144102777734, -21.892946489133276 ], [ -50.295085238718094, -21.892872689498343 ], [ -50.295083600611001, -21.892870672851846 ], [ -50.29504472386688, -21.892823672659503 ], [ -50.295089625956791, -21.892880140501312 ], [ -50.295091081996652, -21.89288194202588 ] ] ], [ [ [ -50.296663563958553, -21.894389374566877 ], [ -50.296599732166435, -21.89430688434744 ], [ -50.296537858362498, -21.894222421798268 ], [ -50.296535563692274, -21.894219374419297 ], [ -50.296471068076698, -21.894136026336071 ], [ -50.296406564655989, -21.894050683449997 ], [ -50.296404901534153, -21.89404852541848 ], [ -50.296339490840985, -21.893965275540321 ], [ -50.296275318033686, -21.893881357352132 ], [ -50.296210564350197, -21.893795683349818 ], [ -50.29620837519635, -21.893792859824774 ], [ -50.296142375160954, -21.893709859872917 ], [ -50.296141706205582, -21.893709024920138 ], [ -50.29607590856908, -21.893627514505486 ], [ -50.296012069348826, -21.893544032545236 ], [ -50.296010239464209, -21.89354168967235 ], [ -50.295943307176749, -21.893457774659023 ], [ -50.29587737475925, -21.893374859741655 ], [ -50.295876705804019, -21.89337402478904 ], [ -50.295809705769976, -21.893291024837691 ], [ -50.295809578387804, -21.89329086725996 ], [ -50.295741642036454, -21.893206945976321 ], [ -50.295674705569731, -21.893124024772398 ], [ -50.295607705470189, -21.893041024739933 ], [ -50.295607037373017, -21.893040203212259 ], [ -50.295539643180533, -21.892957942742584 ], [ -50.295473306477007, -21.892874774430151 ], [ -50.295407374059984, -21.892791859513363 ], [ -50.295405917886583, -21.89279005782754 ], [ -50.295337653408374, -21.89270695333488 ], [ -50.295272373859675, -21.892624859447984 ], [ -50.295269236471242, -21.892621048030239 ], [ -50.295202114828442, -21.892542253140089 ], [ -50.295137899693245, -21.892460524877258 ], [ -50.295136704706849, -21.892459024431233 ], [ -50.295069704672805, -21.892376024479876 ], [ -50.295069577290725, -21.892375866902253 ], [ -50.295001577256521, -21.892291866951592 ], [ -50.295000599924819, -21.892290672619293 ], [ -50.294934156409809, -21.892210345470303 ], [ -50.294868307001451, -21.892128770919438 ], [ -50.294802899195403, -21.892045524714653 ], [ -50.294800599627685, -21.892042672522575 ], [ -50.294735111977182, -21.891963500970558 ], [ -50.294671560949993, -21.891881373582969 ], [ -50.294670372901976, -21.891879859075669 ], [ -50.294604972094419, -21.891797612697907 ], [ -50.294540560749724, -21.891714373517431 ], [ -50.294540042255207, -21.891713707467797 ], [ -50.294475042218473, -21.891630707515425 ], [ -50.29441063776089, -21.89154846807147 ], [ -50.294347222690156, -21.891465235888862 ], [ -50.294346041955485, -21.89146370736972 ], [ -50.294281041918744, -21.891380707417341 ], [ -50.294216718821289, -21.891298571863995 ], [ -50.294154634323561, -21.891216778098567 ], [ -50.294091884607674, -21.891133111911287 ], [ -50.294090041556295, -21.891130707239039 ], [ -50.294025557915056, -21.891048366683698 ], [ -50.293961066253765, -21.890964031532903 ], [ -50.293960041354893, -21.89096270717312 ], [ -50.293895636960052, -21.890880467809282 ], [ -50.293832221889197, -21.890797235626518 ], [ -50.293831041154696, -21.890795707107596 ], [ -50.293766041117955, -21.890712707155203 ], [ -50.293701301218888, -21.890630039378493 ], [ -50.293636559349281, -21.890546373058921 ], [ -50.293634702411779, -21.890544023681709 ], [ -50.293568643492215, -21.89046218958817 ], [ -50.293504559148992, -21.890379372993429 ], [ -50.293503371101593, -21.890377858486932 ], [ -50.293437707466836, -21.890295281584191 ], [ -50.293373040518404, -21.89021270695914 ], [ -50.293371702012671, -21.890211023551434 ], [ -50.293305304604083, -21.890128770135831 ], [ -50.293239896797431, -21.890045523930304 ], [ -50.293238701812498, -21.890044023486119 ], [ -50.293171701778448, -21.889961023534759 ], [ -50.293105304304056, -21.889878770037623 ], [ -50.293039896497589, -21.889795523832333 ], [ -50.293038701512813, -21.889794023388347 ], [ -50.292971969198852, -21.889711355090103 ], [ -50.292905234836539, -21.889627688221186 ], [ -50.292904033282525, -21.889626201878471 ], [ -50.292836368801318, -21.889543611497693 ], [ -50.292769701179033, -21.889461023339251 ], [ -50.292769033083566, -21.889460201813698 ], [ -50.292701304400005, -21.889377533068288 ], [ -50.292633573663508, -21.88929386577885 ], [ -50.292633155011515, -21.889293351017258 ], [ -50.292566154978957, -21.889211351065722 ], [ -50.292565365803377, -21.889210393534299 ], [ -50.292497381818023, -21.889128615783761 ], [ -50.292432369569546, -21.889046858046516 ], [ -50.29243036560451, -21.889044393469618 ], [ -50.292362653247622, -21.888962942460502 ], [ -50.292297895399962, -21.888880523473979 ], [ -50.29229536540447, -21.888877393404552 ], [ -50.292227653047554, -21.888795942395394 ], [ -50.292162895199652, -21.888713523408558 ], [ -50.292160595636759, -21.88871067122243 ], [ -50.292094152120242, -21.88863034407164 ], [ -50.29202830270917, -21.88854876951736 ], [ -50.291962894902177, -21.888465523311417 ], [ -50.291960595339667, -21.88846267112574 ], [ -50.291948898955475, -21.888448530736184 ], [ -50.291943866426514, -21.888451877311475 ], [ -50.292014866382893, -21.888544877363838 ], [ -50.292016536501272, -21.888547023056649 ], [ -50.292088996106457, -21.888638342113889 ], [ -50.292160464301269, -21.88873065530505 ], [ -50.292162139861169, -21.888732778501705 ], [ -50.292235596676598, -21.888824103292073 ], [ -50.292308061979142, -21.888916422206439 ], [ -50.292308536057696, -21.888917022911706 ], [ -50.292381536018247, -21.88900902296497 ], [ -50.29238165930623, -21.88900917812477 ], [ -50.292454986636329, -21.889101332845794 ], [ -50.2925253272305, -21.889192478509575 ], [ -50.29252606157646, -21.889193422007956 ], [ -50.292599061535512, -21.889286422061382 ], [ -50.292599188631606, -21.889286583742997 ], [ -50.292673188590506, -21.889380583797131 ], [ -50.292674019741881, -21.889381629678347 ], [ -50.29274683875628, -21.889472404166465 ], [ -50.29282012357767, -21.889564505464005 ], [ -50.292892596789557, -21.889657827241003 ], [ -50.292894741669976, -21.88966052269787 ], [ -50.292968891062017, -21.889751479384518 ], [ -50.293041060867559, -21.889843421843072 ], [ -50.293114060756047, -21.889936421806603 ], [ -50.293115138416852, -21.889937778030134 ], [ -50.293189138378743, -21.89002977808391 ], [ -50.293189255056447, -21.890029922953467 ], [ -50.293263652537725, -21.890122175931925 ], [ -50.293335827426084, -21.890214124866336 ], [ -50.293408596009968, -21.89030782698611 ], [ -50.293410851019225, -21.890310657370264 ], [ -50.293485943987669, -21.890402547549929 ], [ -50.293558060086859, -21.890494421587896 ], [ -50.293558534165697, -21.890495022293525 ], [ -50.29363106158263, -21.890586426812199 ], [ -50.293703595563805, -21.890679826840209 ], [ -50.293704657301653, -21.890681177469865 ], [ -50.293778657262052, -21.890774177523838 ], [ -50.293779254163482, -21.890774922661961 ], [ -50.293853414575338, -21.890866881674249 ], [ -50.293925595227975, -21.890959826730409 ], [ -50.293926656965937, -21.890961177360211 ], [ -50.294000656926343, -21.891054177414166 ], [ -50.294002236314292, -21.891056127647868 ], [ -50.294075890400634, -21.891145494702407 ], [ -50.29414759489449, -21.891237826621399 ], [ -50.294148059124034, -21.891238421206349 ], [ -50.294221059083107, -21.891331421259775 ], [ -50.294222253494617, -21.891332922443645 ], [ -50.294296413906231, -21.891424881455638 ], [ -50.294368594558691, -21.891517826511564 ], [ -50.294369656296873, -21.891519177141639 ], [ -50.294443656257279, -21.891612177195604 ], [ -50.294444253158986, -21.891612922334101 ], [ -50.294518413570479, -21.891704881345934 ], [ -50.294590594222853, -21.891797826401735 ], [ -50.294591058452461, -21.891798420986767 ], [ -50.29466405841152, -21.891891421040206 ], [ -50.294664655849651, -21.891892176995519 ], [ -50.294738655810058, -21.891985177049481 ], [ -50.294738776450387, -21.891985328458521 ], [ -50.294812947735252, -21.892078289906369 ], [ -50.294885139086823, -21.892172237664518 ], [ -50.294886655511561, -21.892174176885032 ], [ -50.294960655471968, -21.892267176938994 ], [ -50.294960776112305, -21.892267328348044 ], [ -50.295035179585362, -21.892360580805175 ], [ -50.295107593436093, -21.892453826144386 ], [ -50.295108775886924, -21.892455328274394 ], [ -50.29518341480231, -21.892548875819351 ], [ -50.295256057512105, -21.892641420746134 ], [ -50.295257251924397, -21.892642921930975 ], [ -50.295331544686825, -21.892735045058025 ], [ -50.295405851794804, -21.892830158264204 ], [ -50.295407251697824, -21.89283192185701 ], [ -50.295482251659578, -21.892924921911494 ], [ -50.295557012564075, -21.893017625534885 ], [ -50.29563177517327, -21.893111328108954 ], [ -50.295632955420068, -21.893112787981195 ], [ -50.295709360236167, -21.89320606149376 ], [ -50.295783774947779, -21.893299328035372 ], [ -50.295784251136681, -21.893299921673968 ], [ -50.295859251098427, -21.893392921728442 ], [ -50.29593354378725, -21.893485044764226 ], [ -50.296007850895066, -21.893580157970188 ], [ -50.296009250798576, -21.89358192156363 ], [ -50.296084250760337, -21.893674921618103 ], [ -50.296084846986822, -21.893675656055336 ], [ -50.296160306537196, -21.893767994815597 ], [ -50.296234774273799, -21.893861327815323 ], [ -50.296235364703954, -21.893862062932818 ], [ -50.29631076878087, -21.893955325972524 ], [ -50.296383951815073, -21.894048288309943 ], [ -50.29645772218413, -21.894142993621855 ], [ -50.296459250123576, -21.894144921343333 ], [ -50.296534011101329, -21.894237625057567 ], [ -50.296608773710204, -21.894331327631235 ], [ -50.296683177109841, -21.894424579996386 ], [ -50.296755590960032, -21.89451782533488 ], [ -50.296756306828165, -21.894518739580182 ], [ -50.296831180695847, -21.894613579919604 ], [ -50.296904055035149, -21.894706419936607 ], [ -50.296904891335188, -21.89470747527545 ], [ -50.296955293163798, -21.894770477631269 ], [ -50.296922070767401, -21.894727033009978 ], [ -50.296921045867634, -21.894725708649027 ], [ -50.296856562227021, -21.894643368094513 ], [ -50.296792731865672, -21.894559897720189 ], [ -50.296730379430826, -21.894475771521545 ], [ -50.296728563996773, -21.894473374519091 ], [ -50.296663563958553, -21.894389374566877 ] ] ], [ [ [ -50.293015848331763, -21.89574815695261 ], [ -50.293090040923424, -21.895843123579326 ], [ -50.293162253231529, -21.895939077034505 ], [ -50.293164889963158, -21.895942474715863 ], [ -50.293239545063749, -21.896035793696381 ], [ -50.293272560121416, -21.896079663071575 ], [ -50.293287110167668, -21.896069525218898 ], [ -50.293215110129843, -21.895979525271311 ], [ -50.293214493457491, -21.895978759734714 ], [ -50.293141986243235, -21.895889367376498 ], [ -50.293069472134164, -21.895797979834004 ], [ -50.293067877420164, -21.895796005587929 ], [ -50.29299474827328, -21.895707064829477 ], [ -50.292923598009736, -21.895617138902175 ], [ -50.292922493022232, -21.8956157595928 ], [ -50.292849985807621, -21.895526367234147 ], [ -50.292795157620056, -21.895457268773399 ], [ -50.292867689838538, -21.895552653721566 ], [ -50.292867827181631, -21.895552834044654 ], [ -50.29294153902201, -21.895649456436143 ], [ -50.293014253462978, -21.895746077110338 ], [ -50.293015848331763, -21.89574815695261 ] ] ], [ [ [ -50.29317486914956, -21.895031182807053 ], [ -50.293242798401728, -21.895118092390764 ], [ -50.293309154037566, -21.895203265394649 ], [ -50.293374590214185, -21.895289522274801 ], [ -50.293376507684243, -21.895291994103342 ], [ -50.293445440714351, -21.895378909760492 ], [ -50.293513120301824, -21.895464504629331 ], [ -50.293580868591526, -21.895551182686987 ], [ -50.293648547281087, -21.895637771697828 ], [ -50.293715229141995, -21.895724358692373 ], [ -50.293716373493552, -21.895725825135997 ], [ -50.293784373456347, -21.895811825185671 ], [ -50.293784507060664, -21.895811993899514 ], [ -50.293853186052182, -21.895898589247011 ], [ -50.293920868070991, -21.895985182516721 ], [ -50.293921373181718, -21.895985825034042 ], [ -50.293989373144512, -21.896071825083734 ], [ -50.293989506748844, -21.896071993797587 ], [ -50.294058439779533, -21.896158909455462 ], [ -50.294125623534747, -21.89624387724211 ], [ -50.294192890740874, -21.896331918247107 ], [ -50.294194506434657, -21.896333993694878 ], [ -50.294262785304639, -21.896420084541116 ], [ -50.294328079507352, -21.896505164964708 ], [ -50.294329506227214, -21.896506993627042 ], [ -50.294398185218519, -21.896593588974291 ], [ -50.294465867237349, -21.896680182244047 ], [ -50.294466005143661, -21.896680358403682 ], [ -50.294535005104798, -21.896768358454207 ], [ -50.294535888958741, -21.896769474408377 ], [ -50.294538535937072, -21.896772783134956 ], [ -50.294600473199495, -21.896729980097199 ], [ -50.294527536229978, -21.896638059635876 ], [ -50.294455599143703, -21.896547139253951 ], [ -50.294455472980005, -21.896546980025484 ], [ -50.294382472940541, -21.896454980078762 ], [ -50.29438234950927, -21.896454824738992 ], [ -50.294309022030703, -21.896362670038325 ], [ -50.294238681285336, -21.89627152438894 ], [ -50.294237472647801, -21.896269979916902 ], [ -50.294164472608337, -21.896177979970194 ], [ -50.294164349177095, -21.896177824630442 ], [ -50.294090349137477, -21.896084824684412 ], [ -50.294089988183281, -21.896084372895597 ], [ -50.294018010488173, -21.895994647375709 ], [ -50.29394700246214, -21.895901942560517 ], [ -50.293945946355024, -21.895900580567094 ], [ -50.293872946314067, -21.895807580620541 ], [ -50.293872472092524, -21.895806979735426 ], [ -50.293799472053067, -21.895714979788714 ], [ -50.293799348621853, -21.895714824449019 ], [ -50.293725410284047, -21.895621902047118 ], [ -50.293652471831173, -21.895529979716226 ], [ -50.293579471720832, -21.895437979680182 ], [ -50.293579348289633, -21.895437824340505 ], [ -50.293505348250022, -21.89534482439446 ], [ -50.293504987295975, -21.895344372605855 ], [ -50.293432107515869, -21.895253522569387 ], [ -50.293357349532975, -21.895159826001649 ], [ -50.293284471277033, -21.895067979535227 ], [ -50.293282160417114, -21.895065141084363 ], [ -50.293207334491242, -21.894975546978504 ], [ -50.293135471057447, -21.894884979463594 ], [ -50.293133768159933, -21.894882873799268 ], [ -50.293059307012385, -21.894792527703636 ], [ -50.292993837834793, -21.894711187299169 ], [ -50.292988598953286, -21.894705034129782 ], [ -50.292979598950446, -21.894695034136074 ], [ -50.292938015347445, -21.894727630134486 ], [ -50.292973050531124, -21.894771424163011 ], [ -50.293039230181954, -21.894857359032756 ], [ -50.293039869357038, -21.894858182874916 ], [ -50.293107798611757, -21.894945092461921 ], [ -50.293174728014648, -21.895031001943199 ], [ -50.29317486914956, -21.895031182807053 ] ] ], [ [ [ -50.291670456882208, -21.895022652750534 ], [ -50.291741927447966, -21.895114969005277 ], [ -50.291812406666445, -21.895208279630765 ], [ -50.291812998452819, -21.895209057657301 ], [ -50.291884400968293, -21.895302277718024 ], [ -50.291953814620825, -21.895395490449886 ], [ -50.291955456363354, -21.895397652513804 ], [ -50.291977856453428, -21.895426585997278 ], [ -50.292021492741739, -21.895395759518578 ], [ -50.291948802328768, -21.89530614129901 ], [ -50.291877109197848, -21.895216524984342 ], [ -50.291875876707145, -21.895215005373046 ], [ -50.2918021858695, -21.895125381477339 ], [ -50.291730114764817, -21.895036526787703 ], [ -50.291659726105685, -21.894947301826925 ], [ -50.291657876383489, -21.894945005267655 ], [ -50.291584497888238, -21.894855761247761 ], [ -50.291513402248725, -21.89476689179649 ], [ -50.291483721445076, -21.894729296154132 ], [ -50.291442749517401, -21.89467733181673 ], [ -50.291417112243316, -21.894694937464955 ], [ -50.291454925167592, -21.894743254034406 ], [ -50.291455055047592, -21.894743419745023 ], [ -50.291527220573954, -21.894835356753749 ], [ -50.29159740700225, -21.894928279740761 ], [ -50.291598456924518, -21.894929652697606 ], [ -50.291670456882208, -21.895022652750534 ] ] ], [ [ [ -50.294033185264801, -21.895163509480884 ], [ -50.294031679901117, -21.895161523854437 ], [ -50.293960679858991, -21.895069523906685 ], [ -50.293960543273826, -21.895069347204146 ], [ -50.293888543231539, -21.894976347257057 ], [ -50.293816772961101, -21.894883644098517 ], [ -50.293745001143897, -21.894789942113473 ], [ -50.293744207812061, -21.894788915899916 ], [ -50.293673375725113, -21.894698131216504 ], [ -50.293601542786604, -21.894605347111387 ], [ -50.293571023141411, -21.894625926335014 ], [ -50.293590196737433, -21.894649084079461 ], [ -50.293666297036317, -21.894741985843172 ], [ -50.2937396524691, -21.89483417588114 ], [ -50.29374144116214, -21.894836379491515 ], [ -50.293818441126596, -21.894929379547001 ], [ -50.293818938734539, -21.894929977312504 ], [ -50.293895387984044, -21.895021319368762 ], [ -50.293970845412588, -21.895113655531535 ], [ -50.293971938512847, -21.895114977240532 ], [ -50.294048688759602, -21.895206678929942 ], [ -50.29412459682051, -21.895298360192026 ], [ -50.294198772514129, -21.89539132716385 ], [ -50.294201446044788, -21.895394580625286 ], [ -50.294277021746261, -21.895483897456558 ], [ -50.294280126132506, -21.895487798919234 ], [ -50.294245071970174, -21.895442033816444 ], [ -50.294174141817464, -21.895349125415919 ], [ -50.294173543608352, -21.895348347313732 ], [ -50.294102375056923, -21.895256421375279 ], [ -50.294033185264801, -21.895163509480884 ] ] ], [ [ [ -50.297087628928914, -21.897669175570829 ], [ -50.297085807331165, -21.897666918306594 ], [ -50.297016661317492, -21.897582955380258 ], [ -50.296948495051986, -21.897497006706214 ], [ -50.296947856707085, -21.897496207613109 ], [ -50.296878244775641, -21.897409690022354 ], [ -50.296810628515011, -21.897324175435614 ], [ -50.296809856499621, -21.897323207545377 ], [ -50.296739856463617, -21.897236207596254 ], [ -50.296670500867791, -21.897150008593965 ], [ -50.296603133379229, -21.897063817934377 ], [ -50.296601337199746, -21.897061566138522 ], [ -50.296532246901762, -21.896976683865134 ], [ -50.296465133171665, -21.896890817866513 ], [ -50.296463732755598, -21.896889054437402 ], [ -50.296393440032112, -21.896801931157906 ], [ -50.296326132961731, -21.89671581779788 ], [ -50.296325363437603, -21.896714841877806 ], [ -50.296256001024894, -21.89662764351403 ], [ -50.296188626684639, -21.896540453291845 ], [ -50.296186855558346, -21.896538207238059 ], [ -50.296117429809293, -21.896451921045323 ], [ -50.296049240378352, -21.896364954913178 ], [ -50.295980484339218, -21.896276269689452 ], [ -50.295979362909961, -21.896274841705349 ], [ -50.295909928204239, -21.896187552458944 ], [ -50.295841484126889, -21.896099269619963 ], [ -50.295840362697717, -21.89609784163596 ], [ -50.295770362660207, -21.896009841687025 ], [ -50.295700362554662, -21.895921841652548 ], [ -50.295699101461899, -21.895920278497538 ], [ -50.295627991332751, -21.895833366211747 ], [ -50.295558858973926, -21.89574546945423 ], [ -50.295558362274321, -21.895744841497692 ], [ -50.295488362236817, -21.89565684154875 ], [ -50.295487731277333, -21.895656053954774 ], [ -50.295417547462677, -21.895569065660844 ], [ -50.295348344525642, -21.895480090557577 ], [ -50.295347858587114, -21.895479469263805 ], [ -50.295277858548118, -21.895390469315025 ], [ -50.295276100824282, -21.895388278289616 ], [ -50.295205240789883, -21.895301671675096 ], [ -50.295136344205339, -21.895213090452838 ], [ -50.29513461031739, -21.8952109047204 ], [ -50.295063806672601, -21.895123383645029 ], [ -50.294995962006723, -21.895034890705073 ], [ -50.29499534392319, -21.895034090295894 ], [ -50.294925343882703, -21.894944090347277 ], [ -50.294923100288607, -21.894941278114914 ], [ -50.294852240253945, -21.894854671500063 ], [ -50.294783343669124, -21.894766090277464 ], [ -50.294781100075262, -21.894763278045371 ], [ -50.294709607906427, -21.894675898822307 ], [ -50.294638802380632, -21.8945873920133 ], [ -50.294570482207341, -21.894499268992263 ], [ -50.29456910834103, -21.894497524562549 ], [ -50.294497108303226, -21.894407524614962 ], [ -50.294496099647368, -21.894406277905876 ], [ -50.294424607478589, -21.894318898682918 ], [ -50.294353108089723, -21.894229524545313 ], [ -50.29435272956642, -21.894229053396376 ], [ -50.294281919235658, -21.894141288575678 ], [ -50.294210107876232, -21.894051524475632 ], [ -50.294209729352971, -21.894051053326734 ], [ -50.294138729316813, -21.893963053378318 ], [ -50.294138608821143, -21.893962904232247 ], [ -50.294066859080466, -21.893874213677595 ], [ -50.293995107556015, -21.893784524371128 ], [ -50.293994098900576, -21.893783277662553 ], [ -50.293922415295448, -21.893695664461877 ], [ -50.293851918596566, -21.893608288367304 ], [ -50.293780169651207, -21.893518602284818 ], [ -50.293709478993691, -21.893429990150839 ], [ -50.293638724253931, -21.893340301145045 ], [ -50.293637728499242, -21.893339053048276 ], [ -50.293567544683569, -21.893252064753057 ], [ -50.293498341745881, -21.893163089648922 ], [ -50.293496098153895, -21.893160277419184 ], [ -50.293425238118004, -21.893073670802824 ], [ -50.293356341532331, -21.892985089579117 ], [ -50.293355855594207, -21.892984468285874 ], [ -50.293286099341572, -21.892895778293923 ], [ -50.293216341317645, -21.892806089508877 ], [ -50.293215358748341, -21.892804840346091 ], [ -50.293145607900364, -21.892717153663845 ], [ -50.293076099021818, -21.892628778189813 ], [ -50.293006340997415, -21.892539089404131 ], [ -50.293005358428211, -21.892537840241463 ], [ -50.292935358390707, -21.89244984029251 ], [ -50.292865358285169, -21.892361840258037 ], [ -50.292796726031781, -21.892275559808503 ], [ -50.292730038651527, -21.892186316509292 ], [ -50.292728621393387, -21.892184451498331 ], [ -50.2926606213532, -21.892096451548319 ], [ -50.292659989381157, -21.892095639657825 ], [ -50.292591792606956, -21.89200866416142 ], [ -50.292524576425279, -21.891919701673423 ], [ -50.292523958202359, -21.891918889396191 ], [ -50.292455425140034, -21.891829498550475 ], [ -50.292389885287953, -21.891742112185899 ], [ -50.292388957988962, -21.891740889326243 ], [ -50.29232066367782, -21.891651809895016 ], [ -50.292255353831514, -21.891563740663795 ], [ -50.292253957774406, -21.891561889255915 ], [ -50.292185424711903, -21.891472498409986 ], [ -50.292120039737284, -21.891385318548586 ], [ -50.292053193798687, -21.891295525605852 ], [ -50.292051620325275, -21.891293451148368 ], [ -50.291984416727232, -21.891206481887767 ], [ -50.291918193585325, -21.891117525535922 ], [ -50.291917103091372, -21.891116079647535 ], [ -50.291849177689059, -21.891027177387407 ], [ -50.291782490949863, -21.890939588938103 ], [ -50.291715727947874, -21.890850903862479 ], [ -50.291715575079053, -21.890850701167704 ], [ -50.291647575035896, -21.890760701218007 ], [ -50.291647251836785, -21.890760275090742 ], [ -50.29158025179526, -21.890672275140201 ], [ -50.29157862046975, -21.8906701727437 ], [ -50.291511691032504, -21.890585526786911 ], [ -50.291445727524646, -21.890497903723823 ], [ -50.291444619369862, -21.890496450835364 ], [ -50.291376936920464, -21.890408861885053 ], [ -50.291310251374405, -21.890321275002371 ], [ -50.291310102138254, -21.890321079335283 ], [ -50.291242102096582, -21.890232079385434 ], [ -50.291241764359604, -21.890231639094456 ], [ -50.291174764319564, -21.890144639143774 ], [ -50.291174618947856, -21.890144450697175 ], [ -50.291106618907662, -21.89005645074716 ], [ -50.291105619732612, -21.890055172502532 ], [ -50.291038196801047, -21.889969902420809 ], [ -50.290971764006592, -21.88988363904134 ], [ -50.29097112470145, -21.889882815033438 ], [ -50.290903124662755, -21.889795815083271 ], [ -50.290902485749776, -21.889795003602906 ], [ -50.290834206737919, -21.88970891277204 ], [ -50.290768912391556, -21.889623832358946 ], [ -50.290766449650533, -21.889620712537777 ], [ -50.290698297158563, -21.889536756661382 ], [ -50.290631124249018, -21.889450814947985 ], [ -50.290630102292013, -21.889449522587547 ], [ -50.29056210225631, -21.889364522637045 ], [ -50.290494102154383, -21.889279522603772 ], [ -50.290493449240621, -21.88927871240411 ], [ -50.290424777117828, -21.889194116403001 ], [ -50.290357430257657, -21.889109932921027 ], [ -50.290290755403007, -21.889025345514078 ], [ -50.290243125410925, -21.889058047245673 ], [ -50.290292427039532, -21.889123299478438 ], [ -50.290294645644231, -21.889126160984006 ], [ -50.290364645606729, -21.889214161035042 ], [ -50.290365906554072, -21.889215724013265 ], [ -50.290437650718921, -21.889303411420364 ], [ -50.290509396708785, -21.889392097532141 ], [ -50.29050990634191, -21.889392723944184 ], [ -50.29058158980795, -21.889480337163828 ], [ -50.290652276071924, -21.889567948403549 ], [ -50.290652906130944, -21.889568723875488 ], [ -50.290724906096123, -21.889656723927555 ], [ -50.290725019213767, -21.889656862010284 ], [ -50.290797962501905, -21.88974579296374 ], [ -50.290869905883959, -21.889833723858487 ], [ -50.290870019001588, -21.889833861941202 ], [ -50.290942453590247, -21.889922172699265 ], [ -50.291013897087673, -21.890011477169399 ], [ -50.291015534809837, -21.890013487449249 ], [ -50.291088218771385, -21.89010110656417 ], [ -50.291159905458386, -21.890188723719948 ], [ -50.291160018576072, -21.890188861802731 ], [ -50.291232453164788, -21.890277172560836 ], [ -50.291303586618596, -21.890366089476348 ], [ -50.291374279322561, -21.890455700046932 ], [ -50.291375905065316, -21.890457723528517 ], [ -50.291447397095084, -21.890545102770417 ], [ -50.29151889629928, -21.890634476874151 ], [ -50.291589476650707, -21.890722702412507 ], [ -50.291657115935301, -21.890812888232595 ], [ -50.29165989605228, -21.890816476766762 ], [ -50.291731272871374, -21.890905697890037 ], [ -50.291800422382941, -21.890994604506723 ], [ -50.291869952033124, -21.891084993157346 ], [ -50.291939720224256, -21.891176688602499 ], [ -50.292009720113974, -21.89126868856636 ], [ -50.292010660572323, -21.891269911066214 ], [ -50.2920804219454, -21.891359604363469 ], [ -50.292149951595299, -21.891449993013737 ], [ -50.29221971978663, -21.891541688459142 ], [ -50.292220184867347, -21.891542296374773 ], [ -50.292289951376503, -21.891632992942661 ], [ -50.292359719567216, -21.891724688387246 ], [ -50.292429719456926, -21.89181668835111 ], [ -50.29243092852964, -21.891818255144866 ], [ -50.29250255435376, -21.89190977713595 ], [ -50.292572184385335, -21.892000296282184 ], [ -50.2925732774004, -21.892001699353486 ], [ -50.292644102328332, -21.892091477532595 ], [ -50.292715554026657, -21.892182777029205 ], [ -50.292785184057919, -21.892273296175016 ], [ -50.292785927982862, -21.892274254965987 ], [ -50.29285792794208, -21.892366255018747 ], [ -50.292929624179521, -21.892457866982458 ], [ -50.2930003232551, -21.892549477158283 ], [ -50.293001405658593, -21.892550862313932 ], [ -50.293072859946506, -21.892641172696507 ], [ -50.293143323035622, -21.892732477086476 ], [ -50.293145625458877, -21.892735383194065 ], [ -50.293218765904562, -21.892825326272881 ], [ -50.293289927282487, -21.89291625480304 ], [ -50.293291510133393, -21.89291824139184 ], [ -50.29336401720353, -21.893007633767784 ], [ -50.29343653116478, -21.893099021327636 ], [ -50.293438125731377, -21.893100995395532 ], [ -50.293511566114056, -21.89319031487582 ], [ -50.293584015189175, -21.893280628205574 ], [ -50.293585740401319, -21.89328273815519 ], [ -50.293659618391317, -21.89337139183727 ], [ -50.293731530729303, -21.89346202118552 ], [ -50.293732134241388, -21.89346277661534 ], [ -50.293805702188166, -21.893554239569092 ], [ -50.293876275499876, -21.893643698797138 ], [ -50.293876530440151, -21.893644021024901 ], [ -50.293949530400702, -21.893736021078173 ], [ -50.293950624257668, -21.893737382802435 ], [ -50.294024072924657, -21.893827704910269 ], [ -50.294096530181179, -21.8939190210065 ], [ -50.294097508932069, -21.893920241000153 ], [ -50.294169952000303, -21.894009554469601 ], [ -50.294241403870458, -21.894099861795333 ], [ -50.294242133476367, -21.894100776365676 ], [ -50.294315830290941, -21.894192399533488 ], [ -50.294387919951262, -21.894283252358107 ], [ -50.29445832106552, -21.894374476442465 ], [ -50.294460623490494, -21.894377382552211 ], [ -50.294533763935355, -21.894467325630039 ], [ -50.294604925312626, -21.894558254159374 ], [ -50.294605529342746, -21.894559020666421 ], [ -50.294678158789317, -21.894650553770422 ], [ -50.294748792268926, -21.894741084108119 ], [ -50.294748925023598, -21.894741253998717 ], [ -50.294820924982808, -21.894833254051484 ], [ -50.294821402920377, -21.894833861419386 ], [ -50.294893162993702, -21.894924558280891 ], [ -50.294964621110431, -21.895015865978657 ], [ -50.295035320186244, -21.895107476154802 ], [ -50.295035924583459, -21.89510825385473 ], [ -50.295107858028423, -21.895200168917043 ], [ -50.295178791609295, -21.895291083892317 ], [ -50.295178924363995, -21.895291253782943 ], [ -50.295250924323199, -21.895383253835693 ], [ -50.29525140226086, -21.895383861203715 ], [ -50.295322547793738, -21.895473781354116 ], [ -50.295391714960587, -21.895564686880075 ], [ -50.295392319568712, -21.89556547588661 ], [ -50.295463319526583, -21.895657475938837 ], [ -50.295464890246159, -21.895659474869785 ], [ -50.295536403575618, -21.895748866631088 ], [ -50.295607923775115, -21.895840253656381 ], [ -50.295608401712862, -21.895840861024503 ], [ -50.295680337119677, -21.895931779488134 ], [ -50.295751097614215, -21.896021475990977 ], [ -50.295822788833505, -21.896113081542246 ], [ -50.295892654722984, -21.896202909217553 ], [ -50.295892790446963, -21.896203083446636 ], [ -50.295963790406319, -21.896294083498724 ], [ -50.295964401168419, -21.896294860846478 ], [ -50.296036401129122, -21.896385860899084 ], [ -50.296036889374477, -21.896386474584951 ], [ -50.296108335271597, -21.896475782055838 ], [ -50.29617879008002, -21.896566083392003 ], [ -50.296179889157429, -21.896567474514075 ], [ -50.296251889119624, -21.896657474566506 ], [ -50.296323889011681, -21.896747474531253 ], [ -50.296395578859624, -21.896837086940742 ], [ -50.29646627156248, -21.896926697509947 ], [ -50.296466888725682, -21.896927474373065 ], [ -50.29653882620282, -21.897017396319164 ], [ -50.296609763792929, -21.897106318185841 ], [ -50.29661112092996, -21.897107993830332 ], [ -50.29668449928127, -21.89719723786704 ], [ -50.29675557832126, -21.897286086765142 ], [ -50.296826271023804, -21.897375697333953 ], [ -50.296827896773202, -21.897377720823762 ], [ -50.296899700170705, -21.897465480626384 ], [ -50.296972504646185, -21.897555239666193 ], [ -50.296972896559758, -21.897555720754266 ], [ -50.297044640722802, -21.89764340815918 ], [ -50.297115824107664, -21.897731398828448 ], [ -50.297186270489853, -21.897820697159606 ], [ -50.297187896239663, -21.897822720649941 ], [ -50.297259073773539, -21.897909715507861 ], [ -50.2973292702763, -21.897998697089829 ], [ -50.297330896026267, -21.898000720580377 ], [ -50.297348369783556, -21.898022077417924 ], [ -50.297360275654256, -21.898013999170818 ], [ -50.297293275615708, -21.897927999220002 ], [ -50.297292112455054, -21.897926525907973 ], [ -50.297224304442501, -21.897841765986321 ], [ -50.297155562229626, -21.897755091119265 ], [ -50.297087628928914, -21.897669175570829 ] ] ], [ [ [ -50.291874926485882, -21.893328294898897 ], [ -50.291802469080366, -21.893236978818312 ], [ -50.291800259480191, -21.893234261745658 ], [ -50.291726381348518, -21.89314560808171 ], [ -50.291654468862021, -21.893054978747067 ], [ -50.29165287415065, -21.893053004504242 ], [ -50.29157968044381, -21.892963985226906 ], [ -50.291507468643701, -21.892872978675822 ], [ -50.29150648975034, -21.892871758507276 ], [ -50.291433489713881, -21.892781758560204 ], [ -50.291432873824633, -21.89278100439811 ], [ -50.291358873789513, -21.892691004451539 ], [ -50.291326029144358, -21.892714525979024 ], [ -50.291341626216074, -21.892734140500156 ], [ -50.291342546643911, -21.892735286107406 ], [ -50.291411546609552, -21.892820286157409 ], [ -50.291411962967395, -21.892820796704139 ], [ -50.291479424212739, -21.892903139195376 ], [ -50.291546893559953, -21.89298747597234 ], [ -50.291547962766003, -21.892988796638541 ], [ -50.291614828469982, -21.893070412218762 ], [ -50.291680730265263, -21.893155002678839 ], [ -50.29168189329107, -21.893156475823403 ], [ -50.291749893255357, -21.893241475872927 ], [ -50.291751081647178, -21.893242941825481 ], [ -50.291819750105383, -21.893326538299082 ], [ -50.291887156299836, -21.893409804865321 ], [ -50.291954892951892, -21.893494475773927 ], [ -50.291956197691881, -21.893496083187181 ], [ -50.292013325009449, -21.893565452146742 ], [ -50.292019450770987, -21.893566598812576 ], [ -50.29204079667565, -21.893570611693427 ], [ -50.292060185614282, -21.893556704446596 ], [ -50.292013783824224, -21.893499121565483 ], [ -50.292013413482998, -21.89349866387856 ], [ -50.291948413450733, -21.893418663925662 ], [ -50.291874926485882, -21.893328294898897 ] ] ], [ [ [ -50.29248904467611, -21.893211212087902 ], [ -50.292488158210936, -21.893210140350138 ], [ -50.292412658602018, -21.893119739597662 ], [ -50.292337152213946, -21.893027343721805 ], [ -50.292336660147875, -21.893026744837243 ], [ -50.292260852700359, -21.892934978024677 ], [ -50.292184044232449, -21.892841211943544 ], [ -50.292183765728609, -21.892840872991048 ], [ -50.292108959266528, -21.892750107913866 ], [ -50.292033151770283, -21.89265734357738 ], [ -50.292032659704361, -21.89265674469301 ], [ -50.291957450542569, -21.892565702120869 ], [ -50.29188322410868, -21.892472671759695 ], [ -50.291882374179636, -21.892471616608056 ], [ -50.291808374143031, -21.892380616661676 ], [ -50.291808151363625, -21.892380343377962 ], [ -50.291732509612473, -21.892287781861469 ], [ -50.291659044451613, -21.892196446896868 ], [ -50.291584223664884, -21.892102671614893 ], [ -50.29158215688107, -21.892100139918007 ], [ -50.291507267285667, -21.892010469576253 ], [ -50.291434344156464, -21.891918823042054 ], [ -50.291433260937943, -21.89191747812459 ], [ -50.291374442452216, -21.891845327526699 ], [ -50.291422889066524, -21.891906213205012 ], [ -50.291495139369502, -21.89200023768089 ], [ -50.291496058284856, -21.892001420855326 ], [ -50.291568663477335, -21.89209391798682 ], [ -50.291642273329757, -21.892189411960047 ], [ -50.291644252540117, -21.892191922054693 ], [ -50.29171865002106, -21.892284175032785 ], [ -50.291791057905719, -21.892376420798204 ], [ -50.291791309472927, -21.892376740367624 ], [ -50.291866309431676, -21.892471740422422 ], [ -50.29186665522969, -21.892472176715977 ], [ -50.291940251266716, -21.892564669136387 ], [ -50.292014722382042, -21.892659992272613 ], [ -50.292087593152338, -21.892753825975205 ], [ -50.292087851889548, -21.892754158149703 ], [ -50.292162851846804, -21.892850158204677 ], [ -50.292164251748972, -21.89285192179641 ], [ -50.292238178364762, -21.892943590901538 ], [ -50.292310138125629, -21.893037237273951 ], [ -50.292311308679089, -21.893038740108114 ], [ -50.29238630863783, -21.893133740162924 ], [ -50.292460717999774, -21.89322799212821 ], [ -50.292533137783792, -21.893322237162074 ], [ -50.29253489306906, -21.893324475764388 ], [ -50.29261037820141, -21.893418832284858 ], [ -50.292677871029085, -21.893505183500761 ], [ -50.292683035405403, -21.893511425796209 ], [ -50.292685133757274, -21.893513823914986 ], [ -50.29271763475365, -21.89349093685891 ], [ -50.292641634715231, -21.893396936914062 ], [ -50.292640766393959, -21.893395873207432 ], [ -50.292565905804111, -21.893305042455264 ], [ -50.29248904467611, -21.893211212087902 ] ] ], [ [ [ -50.291112038789173, -21.892000889527832 ], [ -50.291186193110555, -21.892091852260563 ], [ -50.291259655655772, -21.892184176913084 ], [ -50.291261843002523, -21.892186859931741 ], [ -50.29133679464384, -21.892276604755043 ], [ -50.29141077614706, -21.892369328341108 ], [ -50.291411135585392, -21.89236977701955 ], [ -50.291485135547276, -21.892461777073343 ], [ -50.291485848523919, -21.892462656469984 ], [ -50.291561736923583, -21.892555520006518 ], [ -50.291635198125782, -21.892645857529054 ], [ -50.291709775703268, -21.892739328196306 ], [ -50.291711340181195, -21.892741255155816 ], [ -50.291787093275822, -21.89283295636794 ], [ -50.291862848043422, -21.892925656380491 ], [ -50.291863234156892, -21.892926126858306 ], [ -50.291938094601747, -21.893016957628266 ], [ -50.292014955580996, -21.893110788015186 ], [ -50.292015339737674, -21.893111255011597 ], [ -50.292091092832081, -21.893202956223462 ], [ -50.292166847599759, -21.893295656236099 ], [ -50.292167841672644, -21.893296859499603 ], [ -50.292243395717406, -21.893387325621923 ], [ -50.292262985619637, -21.893411240593071 ], [ -50.292271802191401, -21.893404916665709 ], [ -50.292202460536359, -21.893320716174934 ], [ -50.292135106863974, -21.893236524177095 ], [ -50.292134578238304, -21.893235867297388 ], [ -50.292066578204093, -21.893151867346727 ], [ -50.292065918236069, -21.893151058027918 ], [ -50.29199751739381, -21.893067787526963 ], [ -50.291930693069659, -21.892984257214291 ], [ -50.291864269549045, -21.892898997270134 ], [ -50.291862037117227, -21.89289620321539 ], [ -50.291794575739573, -21.892813860740354 ], [ -50.291727106255912, -21.892729523978684 ], [ -50.291726036915826, -21.892728203149783 ], [ -50.291658245669296, -21.892645458040814 ], [ -50.291589916461476, -21.892561284470695 ], [ -50.291524373600396, -21.89247885944911 ], [ -50.291523976774819, -21.892478362639867 ], [ -50.291455175656175, -21.892392610615794 ], [ -50.291389373397699, -21.892309859382944 ], [ -50.291388704443335, -21.892309024431395 ], [ -50.291321905575082, -21.892226273685367 ], [ -50.291254171687839, -21.892141606419955 ], [ -50.291187237665511, -21.892057689231493 ], [ -50.291186704141182, -21.89205702433285 ], [ -50.291120040131652, -21.891974440650529 ], [ -50.291054372896369, -21.891891859219278 ], [ -50.290989152793543, -21.891809840091323 ], [ -50.290923914876259, -21.891724833206911 ], [ -50.290921703739613, -21.89172202420178 ], [ -50.290854703705556, -21.891639024250431 ], [ -50.290831842979102, -21.891655097548281 ], [ -50.290886532847594, -21.891724021842851 ], [ -50.29088762670299, -21.891725383565145 ], [ -50.290961380604202, -21.891816081028693 ], [ -50.291035136211704, -21.891907777289966 ], [ -50.291036341178284, -21.891909255480257 ], [ -50.291112038789173, -21.892000889527832 ] ] ], [ [ [ -50.291455405418148, -21.89145617357234 ], [ -50.291455274573629, -21.891456005342398 ], [ -50.291381274531027, -21.891361005396682 ], [ -50.291380940933543, -21.891360578770723 ], [ -50.291308173817939, -21.891267875564573 ], [ -50.291235405079973, -21.891174173461696 ], [ -50.291233372630352, -21.891171616093622 ], [ -50.291159559847969, -21.89108084641925 ], [ -50.291085108082733, -21.890988526331704 ], [ -50.29101246629903, -21.890896977884506 ], [ -50.290939466188718, -21.890804977848475 ], [ -50.290937657491945, -21.890802743963338 ], [ -50.290861657456539, -21.890710744018115 ], [ -50.290852943267531, -21.890717014149903 ], [ -50.29091069836003, -21.890787256905917 ], [ -50.290980325277054, -21.890877477803187 ], [ -50.290982512592123, -21.890880242177523 ], [ -50.291055512555658, -21.890970242230441 ], [ -50.29105612829931, -21.890970996215891 ], [ -50.291129506653668, -21.891060240256284 ], [ -50.291200714116748, -21.89114924968332 ], [ -50.291273405629397, -21.891240861007237 ], [ -50.291344278290119, -21.891330699692475 ], [ -50.291346127865523, -21.891332996074599 ], [ -50.291419506219661, -21.891422240114743 ], [ -50.29149089530582, -21.891511476570674 ], [ -50.291492017006192, -21.891512861273853 ], [ -50.291563644222485, -21.891600187700899 ], [ -50.291633324301621, -21.891690477484431 ], [ -50.291636127432916, -21.891693995933714 ], [ -50.291710127397813, -21.891783995987147 ], [ -50.291710532704876, -21.891784486746797 ], [ -50.291710536358202, -21.891784491150801 ], [ -50.291673860440127, -21.891736762271815 ], [ -50.291672343872833, -21.891734822873431 ], [ -50.291599252706618, -21.891642965159797 ], [ -50.291529137269499, -21.891551123919829 ], [ -50.291528405460589, -21.891550173518741 ], [ -50.291455405418148, -21.89145617357234 ] ] ], [ [ [ -50.293031489724775, -21.890723966482014 ], [ -50.293041336787134, -21.890736388943967 ], [ -50.293033411549999, -21.890726182210894 ], [ -50.293031451004516, -21.890723712946333 ], [ -50.293027814108434, -21.890719232716968 ], [ -50.293030440566483, -21.890722626912805 ], [ -50.293031489724775, -21.890723966482014 ] ] ], [ [ [ -50.291848404244419, -21.88880632863302 ], [ -50.291914235564789, -21.88888591583698 ], [ -50.291979104615919, -21.888968476540125 ], [ -50.291981634476784, -21.888971606449875 ], [ -50.292049346703891, -21.889053057476541 ], [ -50.29211410441561, -21.889135476474699 ], [ -50.292116634276738, -21.889138606384794 ], [ -50.292184618132389, -21.889220384153166 ], [ -50.292249630246957, -21.88930214190276 ], [ -50.292251634077871, -21.889304606320124 ], [ -50.292320237315714, -21.889387129142698 ], [ -50.292386634896779, -21.889468391941186 ], [ -50.292454426153363, -21.889552134172789 ], [ -50.29245496679966, -21.889552798040267 ], [ -50.292522631149232, -21.889635388438212 ], [ -50.292589298638106, -21.889717976611536 ], [ -50.292589966600701, -21.889718797975494 ], [ -50.292657360662716, -21.889801058463515 ], [ -50.292723764979655, -21.889884311728984 ], [ -50.292724298372427, -21.889884976465133 ], [ -50.292790695648016, -21.889967229897085 ], [ -50.29285610331798, -21.890050476116347 ], [ -50.292857298172251, -21.890051976399825 ], [ -50.292924298138196, -21.890134976448461 ], [ -50.292990695348166, -21.89021722979912 ], [ -50.293056103018124, -21.890300476018393 ], [ -50.293057297872565, -21.890301976302059 ], [ -50.293123622046473, -21.890384139175151 ], [ -50.293187959297484, -21.890466292988659 ], [ -50.293188628785678, -21.890467141366113 ], [ -50.293254029459007, -21.890549387759762 ], [ -50.293318440665992, -21.890632626953774 ], [ -50.29332029747345, -21.890634976171775 ], [ -50.293386356260108, -21.890716810281436 ], [ -50.293450440465705, -21.89079962688826 ], [ -50.293450958834185, -21.890800292777516 ], [ -50.29351595879745, -21.89088329282513 ], [ -50.293580362993545, -21.890965532123602 ], [ -50.293643777925247, -21.891048764319176 ], [ -50.293644958534465, -21.891050292679441 ], [ -50.293709442039464, -21.89113263324932 ], [ -50.293773933560352, -21.891216968413698 ], [ -50.293774958333053, -21.891218292613523 ], [ -50.293839023595595, -21.891300099119714 ], [ -50.293901115206282, -21.891382888032879 ], [ -50.293901617867434, -21.891383554243202 ], [ -50.293964617828031, -21.89146655428975 ], [ -50.29396595803339, -21.891468292515395 ], [ -50.294030957996661, -21.891551292563015 ], [ -50.294095362192685, -21.891633531861391 ], [ -50.294158777124288, -21.891716764056817 ], [ -50.294159957733662, -21.891718292417302 ], [ -50.294224957696912, -21.891801292464923 ], [ -50.294289697334307, -21.891883960096283 ], [ -50.294354439065245, -21.891967626429761 ], [ -50.294355626985286, -21.891969140777359 ], [ -50.294421027658238, -21.892051387170536 ], [ -50.294485438864974, -21.892134626364236 ], [ -50.294488400253456, -21.892138327332866 ], [ -50.294554231571041, -21.892217914533482 ], [ -50.294619100620146, -21.892300475234027 ], [ -50.294620295475767, -21.892301975519199 ], [ -50.294687295441726, -21.892384975567847 ], [ -50.294688399956314, -21.892386327236157 ], [ -50.294754907933452, -21.892466732488149 ], [ -50.294822358811096, -21.892550054250972 ], [ -50.294888692453334, -21.892632228853433 ], [ -50.294954100122297, -21.892715475071434 ], [ -50.294957763405975, -21.892719951826177 ], [ -50.295012164321854, -21.892783813837053 ], [ -50.294954561934468, -21.892709373913661 ], [ -50.294953373886173, -21.892707859406016 ], [ -50.294887373850784, -21.892624859454148 ], [ -50.294886969057856, -21.892624352715462 ], [ -50.294822774746187, -21.892544356816042 ], [ -50.29475897514434, -21.892461908194853 ], [ -50.294696383372965, -21.892379446117317 ], [ -50.294695561475017, -21.892378373702993 ], [ -50.29463056143679, -21.892294373750779 ], [ -50.294630042942238, -21.892293707701089 ], [ -50.294565379581726, -21.89221113765818 ], [ -50.294502049662547, -21.892129006764719 ], [ -50.29443938297365, -21.892046445986523 ], [ -50.294438561075751, -21.89204537357227 ], [ -50.294373636884032, -21.891961471637028 ], [ -50.294309712516892, -21.891878569819692 ], [ -50.294308511652467, -21.891877033858837 ], [ -50.294244460426249, -21.891796230864866 ], [ -50.294182382575528, -21.891714445856138 ], [ -50.294119382476026, -21.891631445823542 ], [ -50.29411856057817, -21.891630373409335 ], [ -50.294053560539929, -21.891546373457096 ], [ -50.294053189089652, -21.891545895489063 ], [ -50.293989189053065, -21.891463895535985 ], [ -50.293989041947164, -21.89146370737539 ], [ -50.293924718912486, -21.891381571902201 ], [ -50.293862382077911, -21.891299445693143 ], [ -50.293861041748166, -21.891297707310247 ], [ -50.293796456920845, -21.891215237548138 ], [ -50.293733866912596, -21.891133771282973 ], [ -50.293733559982243, -21.891133373214235 ], [ -50.29366897345129, -21.891049907640408 ], [ -50.293606381679822, -21.890967445562765 ], [ -50.293604510559327, -21.890965033501217 ], [ -50.293539510524084, -21.890883033548665 ], [ -50.29353937169865, -21.890882858690585 ], [ -50.293473708064198, -21.890800281788216 ], [ -50.293409718117438, -21.890718571641894 ], [ -50.29334738128285, -21.890636445432829 ], [ -50.29334551016251, -21.890634033371494 ], [ -50.29328103882635, -21.890552700392888 ], [ -50.293216559248499, -21.890469373034374 ], [ -50.293216040754238, -21.890468706985057 ], [ -50.293151040717497, -21.890385707032667 ], [ -50.293086040617972, -21.89030270700011 ], [ -50.293021300718337, -21.890220039222655 ], [ -50.292956558849191, -21.890136372903708 ], [ -50.292956040354973, -21.890135706854444 ], [ -50.292891040318231, -21.890052706902051 ], [ -50.292890370702523, -21.890051858364945 ], [ -50.292824370667113, -21.88996885841307 ], [ -50.29282423517207, -21.889968688278689 ], [ -50.292757639984416, -21.889885195897794 ], [ -50.29269304001842, -21.889802706804041 ], [ -50.292692234971859, -21.889801688213286 ], [ -50.29262523493631, -21.889717688262099 ], [ -50.292624701412379, -21.889717023363957 ], [ -50.292558037402813, -21.889634439681572 ], [ -50.29249237016711, -21.889551858249764 ], [ -50.292491701213379, -21.889551023299045 ], [ -50.292425492284067, -21.8894690033726 ], [ -50.292359265409836, -21.889383995839726 ], [ -50.29235836990037, -21.889382858102937 ], [ -50.292292369864967, -21.889299858151066 ], [ -50.292291700911328, -21.889299023200458 ], [ -50.292225903272296, -21.889217512782668 ], [ -50.292162064050501, -21.88913403082039 ], [ -50.292160234168591, -21.88913168795095 ], [ -50.292093566439732, -21.889048104622919 ], [ -50.292027895492843, -21.888964523512264 ], [ -50.292027233967183, -21.888963687885173 ], [ -50.291960233931633, -21.888879687933976 ], [ -50.291959032378273, -21.888878201592082 ], [ -50.291891904371589, -21.888796266025537 ], [ -50.291825755069283, -21.888712345362869 ], [ -50.291824700206575, -21.88871102297049 ], [ -50.291758302797312, -21.888628769554032 ], [ -50.291692894990327, -21.888545523348093 ], [ -50.291691700006396, -21.888544022905151 ], [ -50.291624901137602, -21.88846127215843 ], [ -50.291614189190661, -21.888447882239564 ], [ -50.291580443197134, -21.888470627720586 ], [ -50.291645443158899, -21.88855462776835 ], [ -50.291648404541519, -21.888558328729722 ], [ -50.291714235862173, -21.888637915934037 ], [ -50.29177910491341, -21.888720476637264 ], [ -50.291780299766856, -21.888721976919715 ], [ -50.291847299732794, -21.888804976968359 ], [ -50.291848404244419, -21.88880632863302 ] ] ], [ [ [ -50.292402280023985, -21.891282311490894 ], [ -50.292401814808748, -21.891281703400853 ], [ -50.292331814766769, -21.891190703452395 ], [ -50.292331339321123, -21.891190088782135 ], [ -50.292261812919982, -21.89110069779818 ], [ -50.292192279696643, -21.891009311383684 ], [ -50.292122279586359, -21.890917311347547 ], [ -50.292121814371136, -21.890916703257517 ], [ -50.292051814329149, -21.890825703309055 ], [ -50.292051338883553, -21.890825088638884 ], [ -50.291981338843073, -21.890735088690249 ], [ -50.291980103837126, -21.890733523082368 ], [ -50.291909523312164, -21.890645297525253 ], [ -50.29184188387476, -21.89055511171599 ], [ -50.291839103619004, -21.890551523011059 ], [ -50.291767103581208, -21.890461523063493 ], [ -50.29169510347328, -21.890371523028268 ], [ -50.291694094820073, -21.890370276322422 ], [ -50.291622917141915, -21.890283281476744 ], [ -50.291552720490557, -21.890194299905598 ], [ -50.291552103189737, -21.890193522870991 ], [ -50.291480103151919, -21.89010352292339 ], [ -50.291478981309361, -21.890102138047688 ], [ -50.291406037876044, -21.890013207107891 ], [ -50.291334094357381, -21.889925276235122 ], [ -50.291333465073606, -21.889924512402111 ], [ -50.291261293310413, -21.889837510917161 ], [ -50.291190102726119, -21.889748522784569 ], [ -50.291188980883845, -21.889747137909222 ], [ -50.29111603745347, -21.889658206972992 ], [ -50.291044093931824, -21.889570276096563 ], [ -50.29104398067166, -21.889570137840156 ], [ -50.290971037242493, -21.889481206905426 ], [ -50.290899410148036, -21.889393662773195 ], [ -50.290828723743147, -21.88930605155009 ], [ -50.290828093543489, -21.889305275906747 ], [ -50.290756349238492, -21.889217588517386 ], [ -50.290684603106008, -21.889128902422364 ], [ -50.290684093331329, -21.889128275837681 ], [ -50.29061272943796, -21.889041053395708 ], [ -50.290544482242844, -21.888955257018054 ], [ -50.290477572771785, -21.88886670046978 ], [ -50.290475850662212, -21.888864466664923 ], [ -50.290406236185412, -21.888775956930765 ], [ -50.290339413716275, -21.888689480894854 ], [ -50.29027319057446, -21.888600524543161 ], [ -50.290272100080422, -21.888599078654646 ], [ -50.290204649958532, -21.888510798452444 ], [ -50.290199834098395, -21.888504329394411 ], [ -50.290155932460507, -21.888534256437502 ], [ -50.290227932419711, -21.888626256490234 ], [ -50.290228536448438, -21.888627022995536 ], [ -50.290300996054114, -21.888718342053405 ], [ -50.290372464248783, -21.88881065524437 ], [ -50.290373536226674, -21.888812022923073 ], [ -50.290446473047119, -21.888903943402482 ], [ -50.29051840998477, -21.888994863800789 ], [ -50.290518536007262, -21.88899502285139 ], [ -50.290591535967799, -21.889087022904658 ], [ -50.29059213947852, -21.889087778332758 ], [ -50.290665836293819, -21.889179401501472 ], [ -50.290738535747153, -21.889271022832595 ], [ -50.290739019916558, -21.889271629691464 ], [ -50.290812019878587, -21.889362629744568 ], [ -50.29081274206839, -21.88936352278375 ], [ -50.290887685662227, -21.889455453691554 ], [ -50.290961078050621, -21.889545706591768 ], [ -50.291033535308195, -21.889637022689314 ], [ -50.29103474173877, -21.88963852267635 ], [ -50.29110913319964, -21.889729776300872 ], [ -50.291181535087517, -21.88982102261728 ], [ -50.291183237833529, -21.889823128098897 ], [ -50.291257376058191, -21.889913082574743 ], [ -50.291329534868026, -21.890004022545643 ], [ -50.291331343416545, -21.890006256252615 ], [ -50.291407236193393, -21.89009812655376 ], [ -50.291481129286161, -21.890187996627333 ], [ -50.291481237396077, -21.890188127956559 ], [ -50.291556237360837, -21.890279128010668 ], [ -50.29155634308934, -21.890279256146208 ], [ -50.291631983895122, -21.890370821429723 ], [ -50.29170562824838, -21.890461384178138 ], [ -50.291706743770341, -21.890462739260421 ], [ -50.291781542701891, -21.890552498072651 ], [ -50.291856735081126, -21.890643520523458 ], [ -50.291930137575669, -21.890734777778576 ], [ -50.291931342541616, -21.890736255968097 ], [ -50.292007289528684, -21.890828191892176 ], [ -50.292082182426626, -21.890919062038414 ], [ -50.292155629283272, -21.891008389392319 ], [ -50.292229137137888, -21.891099777635915 ], [ -50.292230236301762, -21.891101127600582 ], [ -50.292304987215729, -21.891191825473008 ], [ -50.292379739840086, -21.891283522124358 ], [ -50.292454495772034, -21.89137522283351 ], [ -50.292529253447562, -21.891467922452485 ], [ -50.292529739544761, -21.89146852196188 ], [ -50.292604739508, -21.891560522016167 ], [ -50.292605235750436, -21.891561127421191 ], [ -50.292679986664943, -21.89165182529424 ], [ -50.292754254732252, -21.89174292755547 ], [ -50.29278967385504, -21.891787319571797 ], [ -50.292753815426188, -21.891740703668379 ], [ -50.292753071363791, -21.891739744702488 ], [ -50.292681681466583, -21.891648524382887 ], [ -50.292612280353687, -21.89155731159892 ], [ -50.29254228024341, -21.891465311562801 ], [ -50.292541815028152, -21.891464703472732 ], [ -50.292472048368332, -21.891374006920962 ], [ -50.292402280023985, -21.891282311490894 ] ] ], [ [ [ -50.291509104825259, -21.888800476600586 ], [ -50.291510299678677, -21.888801976882998 ], [ -50.291576768173506, -21.888884318541812 ], [ -50.291643244745998, -21.888968654586691 ], [ -50.291644967504965, -21.88897079826187 ], [ -50.291712361567434, -21.889053058750456 ], [ -50.291778433513123, -21.889135895311536 ], [ -50.291844104322728, -21.889219476436409 ], [ -50.291844765718714, -21.889220311901596 ], [ -50.291910838154649, -21.889303149078383 ], [ -50.291974935763619, -21.889386969126214 ], [ -50.291977298973919, -21.889389976653021 ], [ -50.292043962849917, -21.889472560351287 ], [ -50.292109179220972, -21.889554574970166 ], [ -50.292175734404509, -21.88964000410926 ], [ -50.292177298671866, -21.889641976554458 ], [ -50.292243962548156, -21.889724560253061 ], [ -50.292258344986166, -21.88974264727856 ], [ -50.292226763821184, -21.889701638947884 ], [ -50.292226265716458, -21.889700995887239 ], [ -50.292159590613153, -21.889615413017271 ], [ -50.292093912311735, -21.889529832300052 ], [ -50.29209326551026, -21.889528995819774 ], [ -50.292026515405261, -21.889443316678982 ], [ -50.291960084692718, -21.88935705600349 ], [ -50.291894402751048, -21.889270475364672 ], [ -50.291893265198581, -21.889268995717703 ], [ -50.291826515092708, -21.889183316575814 ], [ -50.291759837498596, -21.889096735322884 ], [ -50.291693911689499, -21.889010832096279 ], [ -50.291692484840233, -21.889009003272328 ], [ -50.291624457517443, -21.8889232297884 ], [ -50.291559402231861, -21.888837475194684 ], [ -50.29155826467948, -21.888835995547815 ], [ -50.291491264640932, -21.888749995596939 ], [ -50.291491123375842, -21.888749814566683 ], [ -50.291423123337154, -21.888662814616524 ], [ -50.291422754935994, -21.888662345266816 ], [ -50.291355939539649, -21.888577579561368 ], [ -50.291288123130919, -21.888490814549073 ], [ -50.291287754729787, -21.888490345199397 ], [ -50.291221262279841, -21.8884059892019 ], [ -50.291193177604214, -21.888369521083256 ], [ -50.291174766723479, -21.888382312229602 ], [ -50.291241766687918, -21.888466312278421 ], [ -50.291242300080249, -21.888466977014016 ], [ -50.291309098814594, -21.888549727775644 ], [ -50.291376898702744, -21.888634477729493 ], [ -50.291377299878853, -21.888634976948328 ], [ -50.291443697155032, -21.888717230381008 ], [ -50.291509104825259, -21.888800476600586 ] ] ] ] } },
{ "type": "Feature", "properties": { "CHAVE": null, "FAZENDA": "Faz. ABC", "NOME_FAZ": null, "ZONA": null, "TALHAO": null, "AREA_TOTAL": null, "TIPO_GEO": "VOO_PROCESSADO", "DATA_INICI": "02-04-2026", "DATA_FINAL": "02-04-2026", "HORA_INICI": "12:58:54", "HORA_FINAL": "12:58:54", "CLASSE": "APLICADO", "PILOTO": "valmir alves", "AERONAVE": "PS-CBA", "AREA_HA": 0.004323521095798 }, "geometry": { "type": "MultiPolygon", "coordinates": [ [ [ [ -50.29500540053764, -21.896906860671827 ], [ -50.295005526560495, -21.896907019722889 ], [ -50.295078127916376, -21.89699851742493 ], [ -50.29513773394833, -21.897075011920002 ], [ -50.295141444069458, -21.897079580001858 ], [ -50.295152444064804, -21.897092580009716 ], [ -50.29539555578431, -21.896913419895483 ], [ -50.29538645937842, -21.896902669608899 ], [ -50.295328265869983, -21.896827988023851 ], [ -50.295327473330886, -21.896826980124811 ], [ -50.295254536362293, -21.896735059664632 ], [ -50.29518283909222, -21.896644442383678 ], [ -50.295111077172663, -21.896552746701872 ], [ -50.295110473001088, -21.89655198001703 ], [ -50.295037776329046, -21.896460362396265 ], [ -50.294966076951923, -21.896368746629665 ], [ -50.294964988537657, -21.896367372995943 ], [ -50.294892775582362, -21.896277354206571 ], [ -50.294821544681419, -21.896185347731809 ], [ -50.294820472559742, -21.896183979872799 ], [ -50.29474824640792, -21.896092955236202 ], [ -50.29467700259503, -21.895999942588773 ], [ -50.294674988094052, -21.895997372850985 ], [ -50.294602775138429, -21.895907354061226 ], [ -50.294531774078997, -21.895815644464964 ], [ -50.294460072306109, -21.895722033926646 ], [ -50.294389142153271, -21.895629125525932 ], [ -50.294388543944109, -21.895628347423667 ], [ -50.294316773743432, -21.895535644355238 ], [ -50.29428012580771, -21.895487798514036 ], [ -50.294349651579914, -21.895575175591194 ], [ -50.29435036272374, -21.895576062209656 ], [ -50.294426362685329, -21.895670062264816 ], [ -50.294426734541553, -21.895670520295887 ], [ -50.294501188701261, -21.895761850830993 ], [ -50.294574651245213, -21.895854175481936 ], [ -50.294648651133684, -21.895947175445521 ], [ -50.294648771774156, -21.895947326854738 ], [ -50.294723175246752, -21.896040579311318 ], [ -50.2947955890969, -21.896133824649812 ], [ -50.294796180493776, -21.896134581007153 ], [ -50.294870116774128, -21.896228500172285 ], [ -50.294942590439412, -21.896320829741555 ], [ -50.295015065440118, -21.896415146633036 ], [ -50.295086996909276, -21.896509057272276 ], [ -50.295088052875954, -21.896510419087729 ], [ -50.295161052834999, -21.896603419141194 ], [ -50.295161650273968, -21.896604175097544 ], [ -50.295234278605037, -21.89669545134657 ], [ -50.295303962397071, -21.896788690334727 ], [ -50.295306052538969, -21.896791418977468 ], [ -50.295378520201218, -21.89688374089916 ], [ -50.295449996347926, -21.896977057088474 ], [ -50.295451649824379, -21.896979174950502 ], [ -50.295524740838687, -21.897071032679968 ], [ -50.295594856120672, -21.897162873931237 ], [ -50.295594996055861, -21.8971630569254 ], [ -50.295666996012102, -21.897257056978496 ], [ -50.295667317563584, -21.897257475205883 ], [ -50.295738317521447, -21.897349475258125 ], [ -50.295967822285945, -21.897195217533859 ], [ -50.295970417878316, -21.897198353875616 ], [ -50.295970949980486, -21.897198993124601 ], [ -50.296042035440422, -21.897283900846656 ], [ -50.296111143511986, -21.897369792400614 ], [ -50.296112843924753, -21.897371866482104 ], [ -50.296182983576848, -21.897455836576729 ], [ -50.296252143305637, -21.897541792333346 ], [ -50.296252662223459, -21.897542433554563 ], [ -50.296322662188956, -21.897628433605274 ], [ -50.296323192714503, -21.897629081591035 ], [ -50.296393192681492, -21.897714081641567 ], [ -50.296462663885087, -21.897798439622047 ], [ -50.296532142894151, -21.897884792199179 ], [ -50.296533192406379, -21.897886081490757 ], [ -50.296602864875261, -21.897970683864884 ], [ -50.296671540308559, -21.898055284127938 ], [ -50.296887320218396, -21.897902730874232 ], [ -50.296906370885964, -21.897926824379645 ], [ -50.296906504490444, -21.89792699309368 ], [ -50.296975504453094, -21.898013993144051 ], [ -50.296975887432168, -21.898014473944031 ], [ -50.29704330081988, -21.898098740772561 ], [ -50.297109724198556, -21.898184000728996 ], [ -50.297348369786505, -21.898022077434025 ], [ -50.297402388053229, -21.898088099818867 ], [ -50.297473887296405, -21.898177473971359 ], [ -50.297474265680677, -21.89817794494828 ], [ -50.297544697222079, -21.898265240476022 ], [ -50.29761413801419, -21.898353529582604 ], [ -50.297614887013978, -21.898354473814337 ], [ -50.29768688697618, -21.898444473866792 ], [ -50.297935112875344, -21.898271526034748 ], [ -50.297863489393627, -21.898181996782135 ], [ -50.29779386179915, -21.898093470369062 ], [ -50.29779273420661, -21.898092054902236 ], [ -50.297757999876538, -21.898049003965777 ], [ -50.297982073525304, -21.897898887757684 ], [ -50.297991271026959, -21.897911103196613 ], [ -50.297992950327846, -21.897913289970646 ], [ -50.298057015589379, -21.897995096475562 ], [ -50.298119107199717, -21.898077885388307 ], [ -50.298119270765802, -21.898078103050175 ], [ -50.29818327072477, -21.898163103097581 ], [ -50.298184950025707, -21.898165289871663 ], [ -50.298249949988957, -21.898248289919309 ], [ -50.298471840536763, -21.898096950115516 ], [ -50.298485905683123, -21.898116259906843 ], [ -50.298487925247912, -21.89811896562793 ], [ -50.298526925224088, -21.898169965656699 ], [ -50.298779074629678, -21.898002034241966 ], [ -50.298741100925632, -21.897952376380239 ], [ -50.298693719227231, -21.897887327018559 ], [ -50.298934236249437, -21.897716441466155 ], [ -50.298873640631257, -21.897642163047749 ], [ -50.298861869840344, -21.897626801193777 ], [ -50.299104684988762, -21.897455994547872 ], [ -50.299042326256775, -21.897378788583712 ], [ -50.298980955756967, -21.897300590777085 ], [ -50.298978507042399, -21.897297555160169 ], [ -50.298916752685699, -21.89722305792068 ], [ -50.298855955570978, -21.897145590716313 ], [ -50.298854684614639, -21.897143994425782 ], [ -50.298792042259386, -21.897066437309157 ], [ -50.298730396251614, -21.896988882740555 ], [ -50.298730251968379, -21.896988701518957 ], [ -50.298667251934937, -21.896909701564891 ], [ -50.298665973549902, -21.896908121227845 ], [ -50.298602330653125, -21.896830556530773 ], [ -50.298539969104475, -21.896753347078722 ], [ -50.298477251653033, -21.896674701472865 ], [ -50.298476684051032, -21.896673994241919 ], [ -50.298413684019089, -21.896595994287662 ], [ -50.298413417285829, -21.896595665025728 ], [ -50.298348417253592, -21.896515665072844 ], [ -50.298347973078798, -21.896515121074362 ], [ -50.2982839730482, -21.89643712112062 ], [ -50.29828384714299, -21.896436967885851 ], [ -50.298219839795728, -21.89635917442456 ], [ -50.298157805017688, -21.896280400191483 ], [ -50.298156416905698, -21.896278664901811 ], [ -50.298092117830251, -21.896199527664649 ], [ -50.298088630191344, -21.896195098924679 ], [ -50.298332988210113, -21.896024372803115 ], [ -50.298260706961692, -21.895934268881234 ], [ -50.298188410754221, -21.895841175241088 ], [ -50.298186378298716, -21.895838617865625 ], [ -50.298113409507756, -21.895748886072308 ], [ -50.298041410532285, -21.895656175168522 ], [ -50.298040472009376, -21.895654979607361 ], [ -50.297967471969933, -21.895562979660642 ], [ -50.29796734853862, -21.895562824320802 ], [ -50.297893648535016, -21.89547020144693 ], [ -50.297821178823796, -21.895377877125082 ], [ -50.297748410086079, -21.895284175022528 ], [ -50.297746751226015, -21.895282078981001 ], [ -50.297672050924199, -21.89518945070856 ], [ -50.297598883115192, -21.895097496673007 ], [ -50.297526409750191, -21.895004174912646 ], [ -50.297524750890339, -21.895002078871407 ], [ -50.297450353261787, -21.89490982591369 ], [ -50.297377945226152, -21.894817580164229 ], [ -50.29737722693045, -21.894816672527945 ], [ -50.297302587863726, -21.894723125001963 ], [ -50.297229945001874, -21.894630580090901 ], [ -50.297229108556266, -21.89462952457075 ], [ -50.297153529233938, -21.894535050522919 ], [ -50.297080944776376, -21.894442580017166 ], [ -50.297080693065261, -21.894442260265684 ], [ -50.297006052877038, -21.894347716134178 ], [ -50.296933408850542, -21.894254174618382 ], [ -50.296932226254214, -21.894252672306955 ], [ -50.296857226214478, -21.894158672361616 ], [ -50.29678222610174, -21.894064672324788 ], [ -50.296781749765856, -21.894064078504243 ], [ -50.29670752226459, -21.893972036504312 ], [ -50.29663427762614, -21.893878006332272 ], [ -50.296633816860066, -21.893877417932959 ], [ -50.296559816818977, -21.893783417987091 ], [ -50.296558635185534, -21.893781936914252 ], [ -50.296482931614079, -21.893688303652123 ], [ -50.296408225538144, -21.893594672140711 ], [ -50.296407152900677, -21.893593343792627 ], [ -50.296331452231357, -21.893500710178902 ], [ -50.296257456178722, -21.893408955174589 ], [ -50.296183148914906, -21.893313841984824 ], [ -50.296181748864292, -21.893312078210005 ], [ -50.296106748826041, -21.893219078264476 ], [ -50.296031987624708, -21.893126374476658 ], [ -50.295957224864168, -21.893032671920661 ], [ -50.295956044467474, -21.893031211866226 ], [ -50.295879639502459, -21.892937938373294 ], [ -50.295805224638691, -21.892844671847072 ], [ -50.295804748303141, -21.892844078026968 ], [ -50.29572974826489, -21.892751078081432 ], [ -50.295655455279068, -21.892658954880655 ], [ -50.295581148015167, -21.892563841690812 ], [ -50.295579747965057, -21.892562077916622 ], [ -50.295505350335496, -21.892469824957669 ], [ -50.295432942299435, -21.892377579207633 ], [ -50.295432224004522, -21.892376671572329 ], [ -50.295357820379607, -21.892283419133335 ], [ -50.295285406374504, -21.892190173808878 ], [ -50.295284223779142, -21.892188671498683 ], [ -50.295209284112921, -21.892094747221467 ], [ -50.295136111181591, -21.892002786748879 ], [ -50.29506386072282, -21.891908762288221 ], [ -50.295062223441064, -21.89190667138821 ], [ -50.294987283773885, -21.891812747109782 ], [ -50.294913644037749, -21.891720199977296 ], [ -50.294841174325782, -21.891627875654464 ], [ -50.294768405587746, -21.891534173551509 ], [ -50.294766746730474, -21.891532077513503 ], [ -50.294692046428231, -21.891439449240533 ], [ -50.294618878617712, -21.891347495203064 ], [ -50.294546405251914, -21.891254173441688 ], [ -50.294544746394848, -21.891252077403941 ], [ -50.29447034876501, -21.891159824444635 ], [ -50.29439817365401, -21.891067875434679 ], [ -50.294325404916101, -21.890974173331863 ], [ -50.294322763571209, -21.890970872201521 ], [ -50.294248562066315, -21.890880841138859 ], [ -50.294175877948391, -21.890789494984173 ], [ -50.294103404582636, -21.890696173222839 ], [ -50.294101745725996, -21.890694077185628 ], [ -50.294027045423611, -21.890601448912477 ], [ -50.293953877612509, -21.890509494874291 ], [ -50.293881404246804, -21.890416173113039 ], [ -50.293880465725735, -21.890414977554222 ], [ -50.293807703556404, -21.890323277388898 ], [ -50.293734939724708, -21.890230578365866 ], [ -50.293733148868306, -21.890228342477695 ], [ -50.293658294838998, -21.890136744883694 ], [ -50.293586403800639, -21.890044172967148 ], [ -50.293585939429882, -21.890043578202693 ], [ -50.29351293938894, -21.889950578256109 ], [ -50.293511744833026, -21.889949076894123 ], [ -50.293436803184917, -21.889856149352369 ], [ -50.29336340450913, -21.889764897045449 ], [ -50.293290939055524, -21.889672578147163 ], [ -50.293217938944018, -21.889579578110691 ], [ -50.293216258217505, -21.889577477150606 ], [ -50.293142347394436, -21.889486813306625 ], [ -50.293070403021055, -21.889394172712247 ], [ -50.293069341140288, -21.889392821903861 ], [ -50.292995341100685, -21.889299821957795 ], [ -50.29299498014754, -21.889299370170285 ], [ -50.292922398209257, -21.889208891415965 ], [ -50.292848874829708, -21.889115496958016 ], [ -50.292776307488694, -21.889023048258991 ], [ -50.292705672580738, -21.888931521441897 ], [ -50.292704340585239, -21.888929821722481 ], [ -50.29263040224496, -21.888836899317443 ], [ -50.292557701664478, -21.888745276770806 ], [ -50.292484937832434, -21.888652577747312 ], [ -50.292483860028284, -21.888651221346421 ], [ -50.292410708146889, -21.888560275864997 ], [ -50.292339535509655, -21.888468344647311 ], [ -50.29233846339018, -21.888466976791097 ], [ -50.292266308957018, -21.888376042539623 ], [ -50.292196133427424, -21.888284122587095 ], [ -50.291948898955255, -21.888448530744107 ], [ -50.291895107685491, -21.888383499569283 ], [ -50.291831556656106, -21.888301372178841 ], [ -50.291614189210435, -21.888447882272644 ], [ -50.29155710111317, -21.888376522221542 ], [ -50.291556699805, -21.888376022839484 ], [ -50.291489967490726, -21.88829335454086 ], [ -50.291423233128285, -21.888209687671743 ], [ -50.291193177610225, -21.888369521106746 ], [ -50.291154762164162, -21.888319638405449 ], [ -50.290903237689335, -21.888488361493657 ], [ -50.290970237649297, -21.888575361542962 ], [ -50.290971245159582, -21.888576654652216 ], [ -50.291038060416589, -21.888661420372671 ], [ -50.291105876683126, -21.888748185400804 ], [ -50.291106244953376, -21.888748654584798 ], [ -50.291147256555611, -21.88880068430311 ], [ -50.291096723078951, -21.888738051316231 ], [ -50.291096602583686, -21.888737902170671 ], [ -50.291024852841986, -21.888649211614748 ], [ -50.290953227732423, -21.888559680326804 ], [ -50.290883353646564, -21.888471838716754 ], [ -50.290813536393571, -21.888384068553986 ], [ -50.290742784175315, -21.888294382744544 ], [ -50.290672849956493, -21.888205466481264 ], [ -50.290423149895936, -21.888376533419194 ], [ -50.29049314985695, -21.888465533470391 ], [ -50.290493281623839, -21.888465700750658 ], [ -50.290564281584686, -21.888555700802563 ], [ -50.290564646310834, -21.888556161218851 ], [ -50.290634646273325, -21.888644161269884 ], [ -50.290704646167818, -21.888732161235435 ], [ -50.290704898534514, -21.888732477593809 ], [ -50.290776898496709, -21.888822477646233 ], [ -50.290777397303721, -21.888823097679367 ], [ -50.290849336968797, -21.888912023195772 ], [ -50.290919460448144, -21.88899893689986 ], [ -50.290988663240221, -21.889087912019729 ], [ -50.290990906687156, -21.889090724073981 ], [ -50.291062906652371, -21.889178724126033 ], [ -50.291134709981151, -21.889266483844626 ], [ -50.291207455510651, -21.88935617021124 ], [ -50.291279336329929, -21.889445022987609 ], [ -50.291350276097091, -21.889532948429039 ], [ -50.291350906156175, -21.889533723901067 ], [ -50.291422650320733, -21.889621411307818 ], [ -50.291494396310704, -21.889710097419716 ], [ -50.29149490594402, -21.889710723831989 ], [ -50.291566905909221, -21.889798723884059 ], [ -50.291567019026878, -21.889798861966799 ], [ -50.291639645354678, -21.88988740648907 ], [ -50.291709958653065, -21.889974555461318 ], [ -50.291779644572728, -21.890062160714919 ], [ -50.291780905520909, -21.890063723694176 ], [ -50.291852649685232, -21.890151411100646 ], [ -50.291924335376358, -21.890240022676458 ], [ -50.2919949582299, -21.89032755532341 ], [ -50.292064644149342, -21.890415160576737 ], [ -50.29206539539387, -21.890416097056772 ], [ -50.292137017635106, -21.890504630201935 ], [ -50.292206643937092, -21.890592160507449 ], [ -50.292207395181684, -21.890593096987551 ], [ -50.292279017422764, -21.890681630132534 ], [ -50.292326883395688, -21.890741804579783 ], [ -50.292252763221299, -21.890651872196422 ], [ -50.292252657343944, -21.890651743880746 ], [ -50.292177264880067, -21.890560479416674 ], [ -50.292103862237575, -21.890469222177092 ], [ -50.292102657123451, -21.890467743809012 ], [ -50.292026657088044, -21.890375743863792 ], [ -50.292026256113225, -21.890375260589877 ], [ -50.291951818132219, -21.890285935106917 ], [ -50.291878371565865, -21.890195615778076 ], [ -50.291877656796238, -21.890194743702637 ], [ -50.291801709664313, -21.890102807798431 ], [ -50.291726816548966, -21.890011937581871 ], [ -50.291652870529113, -21.889922003329403 ], [ -50.291652656469026, -21.88992174359624 ], [ -50.291577572298607, -21.889830852329407 ], [ -50.291505464944514, -21.889739977408638 ], [ -50.291503762052002, -21.889737871750484 ], [ -50.29142962368352, -21.889647917293342 ], [ -50.29135746472501, -21.889556977336998 ], [ -50.291356258148745, -21.889555477172131 ], [ -50.291281866541532, -21.889464223566435 ], [ -50.291209464504348, -21.889372977264948 ], [ -50.291208370505508, -21.889371615367082 ], [ -50.291134370468896, -21.889280615420699 ], [ -50.291134257819124, -21.889280477064734 ], [ -50.291059620729229, -21.889188922333716 ], [ -50.290987222870626, -21.889098673047798 ], [ -50.290914464065395, -21.889006977121682 ], [ -50.290913860410953, -21.889006221515359 ], [ -50.290840163447918, -21.888914598365066 ], [ -50.290767526914294, -21.888823056534513 ], [ -50.290695589828076, -21.888732136152615 ], [ -50.290695463664797, -21.888731976924682 ], [ -50.290623003909673, -21.888640657884039 ], [ -50.290551535562138, -21.888548344707971 ], [ -50.290550463443019, -21.888546976852219 ], [ -50.29047776676952, -21.88845535922956 ], [ -50.290406067392162, -21.888363743462634 ], [ -50.29019983412477, -21.888504329434401 ], [ -50.290138190359919, -21.888421524472829 ], [ -50.290136616886592, -21.888419450015444 ], [ -50.290068616846412, -21.888331450065429 ], [ -50.289817383006898, -21.888500549833878 ], [ -50.289884586459749, -21.888587519109727 ], [ -50.289950809450879, -21.888676475473918 ], [ -50.289951899815144, -21.888677921193811 ], [ -50.290019349789063, -21.888766201411141 ], [ -50.290085809236345, -21.888855475403609 ], [ -50.290087382579024, -21.888857549693689 ], [ -50.290155382538835, -21.888945549743664 ], [ -50.290156149229226, -21.88894653318431 ], [ -50.29022527674401, -21.889034423982075 ], [ -50.290243125435225, -21.889058047291019 ], [ -50.290041244449313, -21.889196654386495 ], [ -50.290108244412259, -21.889281654435489 ], [ -50.290108897901092, -21.889282477364269 ], [ -50.290176897865379, -21.88936747741376 ], [ -50.290177550644685, -21.889368287448363 ], [ -50.290246222631701, -21.889452883466589 ], [ -50.29031389766152, -21.889537477347247 ], [ -50.290381382734566, -21.889621833782474 ], [ -50.290448875565012, -21.889708185001883 ], [ -50.290450550234773, -21.889710287314699 ], [ -50.290518296425049, -21.889793742858249 ], [ -50.290583087422213, -21.889878167588542 ], [ -50.290584514139603, -21.889879996247714 ], [ -50.29065319313181, -21.88996659159606 ], [ -50.290720553945569, -21.890052773912085 ], [ -50.290787235806839, -21.890139360907078 ], [ -50.290788380156755, -21.890140827348596 ], [ -50.290855876784534, -21.890226190827256 ], [ -50.290923308139377, -21.890313455034278 ], [ -50.290990066183618, -21.890400140953943 ], [ -50.291057823010107, -21.890488822786953 ], [ -50.291083560875833, -21.890522627800525 ], [ -50.291083465773248, -21.890522512647305 ], [ -50.291011089305549, -21.890435264395368 ], [ -50.290944702189677, -21.890353023729318 ], [ -50.29094194225668, -21.890349706123111 ], [ -50.290935942254279, -21.890342706127395 ], [ -50.290694057594408, -21.890523293778706 ], [ -50.290698651800689, -21.890528653691518 ], [ -50.290764297627454, -21.890609976221441 ], [ -50.290765534110193, -21.890611487204033 ], [ -50.290838330787736, -21.890699242195812 ], [ -50.290852943269037, -21.890717014162824 ], [ -50.290616342393633, -21.890887255885499 ], [ -50.290691426418832, -21.890978147171264 ], [ -50.290763533623817, -21.891069022105803 ], [ -50.290836533513492, -21.89116102206977 ], [ -50.290837253774633, -21.891161922457844 ], [ -50.290912253736373, -21.891254922512299 ], [ -50.290912627257114, -21.891255383755365 ], [ -50.290985595905667, -21.8913451155701 ], [ -50.29105759473061, -21.891437826491522 ], [ -50.291058058959905, -21.891438421076153 ], [ -50.291130891703034, -21.891531208101021 ], [ -50.291204659792342, -21.89162591048634 ], [ -50.291277226427027, -21.891719352562248 ], [ -50.291347862540782, -21.891811876031088 ], [ -50.291349656018618, -21.891814176973789 ], [ -50.291374442321953, -21.891845327379588 ], [ -50.291358260901177, -21.891825478178873 ], [ -50.291357658707284, -21.891824744368567 ], [ -50.291282266244025, -21.89173347990527 ], [ -50.291208863601533, -21.891642222665705 ], [ -50.291208373184475, -21.891641616283835 ], [ -50.291134924371107, -21.891551294192869 ], [ -50.29106246696491, -21.891459978111424 ], [ -50.291061372965103, -21.891458616212361 ], [ -50.290987372928498, -21.891367616265953 ], [ -50.29074062692235, -21.89154238363664 ], [ -50.290814075590212, -21.891632705745558 ], [ -50.290831842989533, -21.891655097574905 ], [ -50.29060729614563, -21.891812975651675 ], [ -50.290673172398513, -21.891894583637345 ], [ -50.29073808493748, -21.891979166740594 ], [ -50.290739627055039, -21.891981140714378 ], [ -50.29080562701963, -21.892064140762507 ], [ -50.290871626920101, -21.892147140730003 ], [ -50.290872295744059, -21.892147975520619 ], [ -50.290939027924921, -21.892230643835404 ], [ -50.291005762150654, -21.89231431071866 ], [ -50.291005894300888, -21.89231447615294 ], [ -50.291073894265161, -21.892399476202446 ], [ -50.291074295441902, -21.892399975422062 ], [ -50.291140959317907, -21.892482559120335 ], [ -50.291206626418749, -21.89256514056634 ], [ -50.291207023112506, -21.892565637211671 ], [ -50.29127582409351, -21.892651389253817 ], [ -50.291326029162789, -21.892714526013023 ], [ -50.291113126060829, -21.89286699545179 ], [ -50.291186816756017, -21.892956619366288 ], [ -50.291259017207516, -21.893045633718543 ], [ -50.291331531168801, -21.893137021278438 ], [ -50.291333125734802, -21.893138995345641 ], [ -50.291406319298751, -21.893228014640911 ], [ -50.291478530950485, -21.893319021207198 ], [ -50.29148074040333, -21.893321738104607 ], [ -50.291554618393704, -21.89341039178715 ], [ -50.291626530732124, -21.893501021135954 ], [ -50.291627624588514, -21.893502382859502 ], [ -50.291633713791157, -21.893509870941138 ], [ -50.291648579771412, -21.893511314192956 ], [ -50.291649690746468, -21.893511434175 ], [ -50.29167741954145, -21.893514732213866 ], [ -50.291677658135391, -21.893514761154616 ], [ -50.291705798277256, -21.893518240869373 ], [ -50.291706369610992, -21.893518314754029 ], [ -50.29173454559821, -21.893522118285215 ], [ -50.291734681222849, -21.893522136776436 ], [ -50.291763287751593, -21.893526075639407 ], [ -50.291791947764864, -21.89353003550421 ], [ -50.291792031744293, -21.893530047177656 ], [ -50.291820515882051, -21.893534030410358 ], [ -50.291820726327956, -21.893534060280913 ], [ -50.291849024644961, -21.893538136360441 ], [ -50.291849316385985, -21.89353817923357 ], [ -50.291877606756294, -21.893542419263287 ], [ -50.291877793337328, -21.893542447576095 ], [ -50.291906062534167, -21.89354679019031 ], [ -50.291906357589468, -21.8935468363902 ], [ -50.291934306815698, -21.893551295619222 ], [ -50.291934856046311, -21.893551386290294 ], [ -50.291962553719422, -21.893556112586236 ], [ -50.291963089938939, -21.893556207004373 ], [ -50.291990945708307, -21.893561263804624 ], [ -50.291991222498702, -21.893561314833619 ], [ -50.292019450770987, -21.893566598812576 ], [ -50.292047799570106, -21.893571928188621 ], [ -50.292047949173011, -21.893571956542175 ], [ -50.292076273962735, -21.893577368228673 ], [ -50.292076939621737, -21.893577495541475 ], [ -50.292060185623079, -21.893556704468047 ], [ -50.292262985618876, -21.893411240606873 ], [ -50.292319955137337, -21.893480787870828 ], [ -50.292320233491537, -21.893481126641912 ], [ -50.292394796659877, -21.893571596716249 ], [ -50.292469666643825, -21.893664199165528 ], [ -50.292470865026111, -21.893664459940055 ], [ -50.292471138967748, -21.893664518087309 ], [ -50.292685133782165, -21.893513823943561 ], [ -50.292690035402863, -21.89351942580117 ], [ -50.292929964445051, -21.893336574106307 ], [ -50.292925637900865, -21.893331629489388 ], [ -50.292860128784902, -21.893247816449119 ], [ -50.292859106822426, -21.893246524081814 ], [ -50.292783995934933, -21.893152635577344 ], [ -50.292711862025826, -21.893058762790641 ], [ -50.292710691328303, -21.893057259774977 ], [ -50.292635691287046, -21.892962259829801 ], [ -50.292561281625161, -21.892868007698272 ], [ -50.292488861683999, -21.892773762678782 ], [ -50.292486748140504, -21.892771078051158 ], [ -50.292412455227684, -21.892678954940919 ], [ -50.292338277584292, -21.892584007665299 ], [ -50.292265406658245, -21.892490173978029 ], [ -50.292265147778082, -21.89248984162079 ], [ -50.292190147735326, -21.892393841675773 ], [ -50.292189344661757, -21.892392823131242 ], [ -50.292115517959594, -21.892300041028122 ], [ -50.292040816398369, -21.892205419157179 ], [ -50.291967941905824, -21.892112579155537 ], [ -50.291966747349363, -21.892111077792872 ], [ -50.291892751415332, -21.892019322936228 ], [ -50.291819726479559, -21.891924587993554 ], [ -50.291818941608589, -21.891923578991531 ], [ -50.291746404230146, -21.891831168464133 ], [ -50.291710536158149, -21.891784490909661 ], [ -50.291782704327986, -21.891871488248064 ], [ -50.291853894767314, -21.891960476394988 ], [ -50.291854511296094, -21.891961241755041 ], [ -50.291927201565429, -21.892050859993084 ], [ -50.29199889455144, -21.892140476324546 ], [ -50.291999511080306, -21.892141241684705 ], [ -50.292072201349939, -21.892230859923117 ], [ -50.292143894335574, -21.89232047625411 ], [ -50.292144510864489, -21.892321241614347 ], [ -50.292217201134378, -21.892410859853062 ], [ -50.292288584075933, -21.892500088628847 ], [ -50.292359276779827, -21.892589699199352 ], [ -50.292359405627472, -21.892589862287867 ], [ -50.292431405588161, -21.892680862340448 ], [ -50.292431893832571, -21.892681476025157 ], [ -50.292503893794759, -21.892771476077566 ], [ -50.292575339622665, -21.892860783461895 ], [ -50.292645794432055, -21.892951084799282 ], [ -50.292646893507623, -21.892952475919035 ], [ -50.292717787880946, -21.893041093984934 ], [ -50.292786717895503, -21.893131687824411 ], [ -50.292788893289448, -21.893134475847734 ], [ -50.292860339187385, -21.893223783319609 ], [ -50.292930725997635, -21.893313997503142 ], [ -50.293000658096425, -21.893403910304862 ], [ -50.293000926643366, -21.893404254512088 ], [ -50.293072316390052, -21.893495474848585 ], [ -50.293141717349762, -21.893586687645755 ], [ -50.293211717239458, -21.893678687609601 ], [ -50.293212182320211, -21.893679295525295 ], [ -50.293281948828614, -21.893769992092221 ], [ -50.293351717020016, -21.893861687537719 ], [ -50.293352182100804, -21.893862295453449 ], [ -50.293421948609435, -21.893952992020658 ], [ -50.293491716800574, -21.894044687465811 ], [ -50.293559352624946, -21.894133580371086 ], [ -50.293532107919184, -21.894099524508395 ], [ -50.293283891932376, -21.894272475393127 ], [ -50.293359832728562, -21.894367401493572 ], [ -50.293434773630011, -21.894461327527708 ], [ -50.293436441609217, -21.894463379636917 ], [ -50.293513441573666, -21.894556379692393 ], [ -50.293571023156431, -21.894625926367503 ], [ -50.29335539810603, -21.894771321080857 ], [ -50.293290451636224, -21.894688227895983 ], [ -50.293223769631439, -21.894601640915656 ], [ -50.293222108432275, -21.894599524627946 ], [ -50.293154949218732, -21.894515575704755 ], [ -50.293088769425118, -21.894429640848141 ], [ -50.293087761783269, -21.894428347573001 ], [ -50.293027976739729, -21.894352500961638 ], [ -50.293003763289242, -21.894355017517611 ], [ -50.292771238106056, -21.894514652278577 ], [ -50.292837730416245, -21.894599008290232 ], [ -50.292904230388274, -21.894685359100265 ], [ -50.292905891454993, -21.894687475224071 ], [ -50.292938015369799, -21.894727630177847 ], [ -50.292742400896529, -21.894880965773304 ], [ -50.292748691800853, -21.894887955673813 ], [ -50.292812161982582, -21.894966812650715 ], [ -50.292813231725553, -21.894968126050085 ], [ -50.292887369947294, -21.895058080522418 ], [ -50.292959528755034, -21.895149020490685 ], [ -50.292961839466457, -21.895151858765363 ], [ -50.29303666525005, -21.895241452890566 ], [ -50.293108528535448, -21.89533202041904 ], [ -50.293108772536051, -21.895332327078737 ], [ -50.293183772496292, -21.895426327133382 ], [ -50.293184012593422, -21.895426627242742 ], [ -50.293256831606598, -21.895517401729407 ], [ -50.293330589790109, -21.895610097928177 ], [ -50.293403528091652, -21.895702020274086 ], [ -50.293476527981305, -21.895794020238046 ], [ -50.293476651269572, -21.895794175398198 ], [ -50.293550589456871, -21.895887097818406 ], [ -50.293623289818271, -21.895978720294433 ], [ -50.293695521200611, -21.896070741201431 ], [ -50.293766997347774, -21.896164057391321 ], [ -50.293769011706097, -21.896166626952986 ], [ -50.293841830719643, -21.896257401440096 ], [ -50.293915588902415, -21.89635009763796 ], [ -50.293987917411627, -21.896441251478198 ], [ -50.294058318525828, -21.896532475562509 ], [ -50.294059650382138, -21.896534175108204 ], [ -50.294133588572002, -21.896627097531621 ], [ -50.294206463730561, -21.896718940300044 ], [ -50.294278400669057, -21.896809860699459 ], [ -50.294278526691897, -21.896810019750518 ], [ -50.294351526652441, -21.8969020198038 ], [ -50.294538535974624, -21.896772783184268 ], [ -50.294603629557692, -21.896854150251098 ], [ -50.294671372103494, -21.896939824743413 ], [ -50.294904676016998, -21.896779160321326 ], [ -50.294932922639134, -21.89681525325102 ], [ -50.294933400576944, -21.896815860619235 ], [ -50.29500540053764, -21.896906860671827 ] ], [ [ -50.296409605198122, -21.896370789561072 ], [ -50.296441289242445, -21.89641072016423 ], [ -50.296452900980853, -21.896425513227623 ], [ -50.296428664689259, -21.896395217881182 ], [ -50.296409605198122, -21.896370789561072 ] ], [ [ -50.293758984624318, -21.893016371749244 ], [ -50.293757874154075, -21.893015004454359 ], [ -50.293684680447704, -21.89292598517757 ], [ -50.293612468647723, -21.892834978626656 ], [ -50.293611489754014, -21.892833758457666 ], [ -50.293539290258551, -21.892744745478637 ], [ -50.293468072529357, -21.89265374514985 ], [ -50.293466374428569, -21.892651616654938 ], [ -50.293393545071467, -21.892562056327517 ], [ -50.293323676775579, -21.892471522864994 ], [ -50.293322594232812, -21.89247013753431 ], [ -50.293251139796617, -21.892379827168373 ], [ -50.293180676556105, -21.892288522793173 ], [ -50.293180072020903, -21.892287744917457 ], [ -50.293108071980093, -21.892195744970223 ], [ -50.29303644593589, -21.892104222907335 ], [ -50.292966815753609, -21.89201370377554 ], [ -50.292966071691154, -21.892012744809584 ], [ -50.292894071650359, -21.891920744862329 ], [ -50.292893722491002, -21.891920300495226 ], [ -50.292823273470582, -21.891830999021323 ], [ -50.292789673887356, -21.891787319631369 ], [ -50.292828776743463, -21.891836328579497 ], [ -50.292830235418471, -21.891838127313139 ], [ -50.292904986332232, -21.89192882518531 ], [ -50.292979494998932, -21.892020222581841 ], [ -50.293053890595274, -21.892112473222518 ], [ -50.293126532228783, -21.892204021684684 ], [ -50.293127252490514, -21.892204922073496 ], [ -50.293202013468473, -21.892297625788007 ], [ -50.293276479232183, -21.892390956315648 ], [ -50.29334988782761, -21.892484205177485 ], [ -50.293422593328977, -21.892577826067583 ], [ -50.293424252040978, -21.892579921926767 ], [ -50.293498178656428, -21.892671591031455 ], [ -50.293570138417294, -21.892765237403843 ], [ -50.293570723806326, -21.892765994041998 ], [ -50.293644723763741, -21.892860994096306 ], [ -50.29364505721918, -21.892861420541582 ], [ -50.293717367874095, -21.89295354244015 ], [ -50.293789692774347, -21.893048654749581 ], [ -50.293791184159389, -21.893050582239127 ], [ -50.293864887035966, -21.893144204918286 ], [ -50.293894655079626, -21.893182536434125 ], [ -50.293831132433908, -21.893106309331291 ], [ -50.293758984624318, -21.893016371749244 ] ], [ [ -50.293095540818577, -21.890804769491766 ], [ -50.293126187178174, -21.890845144916231 ], [ -50.293099086185975, -21.890810763084364 ], [ -50.29304133681935, -21.890736388992032 ], [ -50.293095540818577, -21.890804769491766 ] ], [ [ -50.292896450800754, -21.890553712879861 ], [ -50.292828445036001, -21.890469937754329 ], [ -50.29276341114219, -21.890386182077552 ], [ -50.292762757001505, -21.890385345942388 ], [ -50.292695756964463, -21.890300345991374 ], [ -50.292695103343313, -21.890299522897809 ], [ -50.292627431614768, -21.890214933331105 ], [ -50.292560756760587, -21.890130345924739 ], [ -50.292493756658658, -21.890045345891433 ], [ -50.292493619753124, -21.890045172476221 ], [ -50.292425944429013, -21.88995958319228 ], [ -50.292359590923887, -21.889874413119198 ], [ -50.292293912622284, -21.889788832401731 ], [ -50.292293763861217, -21.88978863889859 ], [ -50.292258344838174, -21.889742647102644 ], [ -50.292309629649381, -21.889807141699514 ], [ -50.29231029847287, -21.889807976489539 ], [ -50.292377030653654, -21.889890644804208 ], [ -50.292443359967756, -21.889973804036853 ], [ -50.292507959797469, -21.890056293143754 ], [ -50.292508764715237, -21.890057311573852 ], [ -50.292575696865669, -21.8901412266021 ], [ -50.292641292684451, -21.89022371840592 ], [ -50.292705699235022, -21.890305960710258 ], [ -50.292770440965789, -21.890389627043476 ], [ -50.292770959334163, -21.890390292932608 ], [ -50.292835959297427, -21.890473292980225 ], [ -50.292900959197908, -21.890556292947682 ], [ -50.292965698835282, -21.890638960579032 ], [ -50.293027814121373, -21.890719232736018 ], [ -50.292963445239721, -21.890639937820751 ], [ -50.292898411346101, -21.890556182144234 ], [ -50.292896450800754, -21.890553712879861 ] ], [ [ -50.297541200112256, -21.897324939503839 ], [ -50.297538142952554, -21.897321075599713 ], [ -50.297540087079845, -21.897323483997209 ], [ -50.297541200112256, -21.897324939503839 ] ], [ [ -50.295169013508485, -21.892977203750945 ], [ -50.295151703252465, -21.892956018076124 ], [ -50.295144102900728, -21.892946489293625 ], [ -50.295159346342608, -21.892965046536585 ], [ -50.295169013508485, -21.892977203750945 ] ], [ [ -50.295044723893909, -21.892823672705646 ], [ -50.295018112961245, -21.892791501300717 ], [ -50.295012164354404, -21.892783813884048 ], [ -50.295025160731349, -21.892799070507465 ], [ -50.295044723893909, -21.892823672705646 ] ], [ [ -50.29744190562311, -21.895389270601438 ], [ -50.297377778070626, -21.895309357894064 ], [ -50.297313564962316, -21.895226374895522 ], [ -50.29731060343682, -21.895222673763911 ], [ -50.297245115789444, -21.895143502215689 ], [ -50.297181564764344, -21.895061374830789 ], [ -50.29718104626933, -21.895060708780502 ], [ -50.297116046232588, -21.894977708828144 ], [ -50.297051306333636, -21.894895041051548 ], [ -50.296986818624013, -21.894811703184764 ], [ -50.296955293198195, -21.894770477691647 ], [ -50.296980470505069, -21.894801949342853 ], [ -50.297053054809652, -21.894894419862872 ], [ -50.297053772960965, -21.894895327318782 ], [ -50.297128411875754, -21.894988874862999 ], [ -50.297201054585372, -21.895081419789555 ], [ -50.297202248999092, -21.895082920976172 ], [ -50.297276409409186, -21.895174879986303 ], [ -50.297348590060373, -21.895267825040591 ], [ -50.297349651800062, -21.895269175672578 ], [ -50.297423651760468, -21.895362175726557 ], [ -50.297424248663411, -21.895362920866575 ], [ -50.297498409073398, -21.895454879876567 ], [ -50.297570589724486, -21.895547824930734 ], [ -50.297571053954634, -21.895548419516459 ], [ -50.2976440539137, -21.89564141956992 ], [ -50.297644651352776, -21.895642175526415 ], [ -50.2976778456867, -21.895683892795116 ], [ -50.297637905916083, -21.89563427069632 ], [ -50.297573245428481, -21.895553693870053 ], [ -50.297508516034817, -21.895472035341655 ], [ -50.297507838771629, -21.89547118745347 ], [ -50.29744190562311, -21.895389270601438 ] ] ], [ [ [ -50.292703987347437, -21.895343372707092 ], [ -50.292702876876, -21.895342005410718 ], [ -50.292629683170347, -21.895252986134821 ], [ -50.292557774738249, -21.895162361910458 ], [ -50.292486075360998, -21.895070746143681 ], [ -50.29248594534068, -21.895070580254409 ], [ -50.292412945299731, -21.894977580307859 ], [ -50.292411867493279, -21.894976223904102 ], [ -50.292338544272866, -21.894885065406683 ], [ -50.292268207853176, -21.894794916013556 ], [ -50.292267470858953, -21.894793979351387 ], [ -50.292194470819496, -21.894701979404655 ], [ -50.29219386716354, -21.894701223796449 ], [ -50.292120476274604, -21.894609981170618 ], [ -50.292049074698824, -21.894518745927215 ], [ -50.292048725539317, -21.89451830155992 ], [ -50.291977725500161, -21.894428301611839 ], [ -50.291728274352089, -21.894599698288797 ], [ -50.2917990992798, -21.894689476467651 ], [ -50.291870925112981, -21.894781254025652 ], [ -50.291872132725892, -21.894782776051617 ], [ -50.291945829540047, -21.894874399218931 ], [ -50.292018158479344, -21.894965553600759 ], [ -50.292088791958953, -21.895056083938446 ], [ -50.292090132396147, -21.895057775943997 ], [ -50.292163589210226, -21.895149100732738 ], [ -50.292235989439888, -21.89524133674605 ], [ -50.292307924450817, -21.895333253809195 ], [ -50.29230852848081, -21.895334020316071 ], [ -50.292381528441332, -21.895426020369353 ], [ -50.292383123009444, -21.895427994439157 ], [ -50.292456563391468, -21.895517313918639 ], [ -50.292528769458514, -21.895607324320451 ], [ -50.292601528113806, -21.895699020262423 ], [ -50.292602506865165, -21.89570024025668 ], [ -50.292674949933314, -21.895789553726068 ], [ -50.292746401803022, -21.895879861051238 ], [ -50.292748122465269, -21.895881994261941 ], [ -50.292821316027634, -21.895971013555258 ], [ -50.292893527678302, -21.896062020120258 ], [ -50.292894506429882, -21.896063240114767 ], [ -50.292967196698811, -21.896152858352309 ], [ -50.293038889683878, -21.89624247468263 ], [ -50.293272560122908, -21.896079663092831 ], [ -50.293311253001221, -21.896131076959104 ], [ -50.293312079908539, -21.896132165017399 ], [ -50.293378079868653, -21.896218165066024 ], [ -50.293390765646436, -21.896232620929855 ], [ -50.293399765645134, -21.896241620935914 ], [ -50.293626234199387, -21.896044378980843 ], [ -50.293624078725649, -21.896042223509021 ], [ -50.293564336089034, -21.895964377129449 ], [ -50.293491746806495, -21.895867922992615 ], [ -50.293489109928316, -21.895864525130303 ], [ -50.293414454674668, -21.895771206167986 ], [ -50.293342746576194, -21.89567592291721 ], [ -50.293341151563688, -21.895673842892393 ], [ -50.29326695881479, -21.895578876283192 ], [ -50.293194746344739, -21.895482922841385 ], [ -50.293194172717854, -21.895482165799223 ], [ -50.293120241417462, -21.895385255965738 ], [ -50.293047528760759, -21.89528963395523 ], [ -50.292974745997022, -21.895192922727425 ], [ -50.292974605465254, -21.895192736306189 ], [ -50.292900675693581, -21.895094829428334 ], [ -50.292827745763212, -21.894997922650766 ], [ -50.292754745646917, -21.894900922612635 ], [ -50.292754309434045, -21.894900345986098 ], [ -50.292681309388627, -21.894804346040029 ], [ -50.292681171904945, -21.894804165532776 ], [ -50.292607171859366, -21.89470716558737 ], [ -50.292606863899856, -21.894706763368355 ], [ -50.292534087244327, -21.894612054132985 ], [ -50.292461309043276, -21.894516345926874 ], [ -50.292460024793549, -21.894514682181551 ], [ -50.29238444682651, -21.894418220939144 ], [ -50.292359795504922, -21.894386140489477 ], [ -50.292333093815074, -21.894387133002322 ], [ -50.292331477613615, -21.8943872099224 ], [ -50.291992723303629, -21.894406866777707 ], [ -50.292060716515294, -21.894492991610107 ], [ -50.292133136299086, -21.894587236643677 ], [ -50.292133975101926, -21.894588317662958 ], [ -50.292209326612337, -21.894684490095639 ], [ -50.292281690765392, -21.894779654025349 ], [ -50.292282135997638, -21.894780236476816 ], [ -50.292354981605584, -21.894875035666509 ], [ -50.292428759133877, -21.894971744162135 ], [ -50.29250147155954, -21.89506736609556 ], [ -50.292574254160812, -21.895164077339089 ], [ -50.292647254044518, -21.895261077300965 ], [ -50.292647394436258, -21.895261263536895 ], [ -50.292721324045289, -21.895359170433473 ], [ -50.292794253810712, -21.89545607722431 ], [ -50.292794689883955, -21.895456653667651 ], [ -50.292795157856709, -21.895457269085103 ], [ -50.29277747169867, -21.895434979691832 ], [ -50.292776987385409, -21.895434372653973 ], [ -50.292703987347437, -21.895343372707092 ] ] ], [ [ [ -50.29133689115568, -21.895029475145673 ], [ -50.291338123501959, -21.895030994582221 ], [ -50.291411186378177, -21.895119854932911 ], [ -50.291481273707383, -21.895208698125597 ], [ -50.291482507469468, -21.895210240436409 ], [ -50.291555507433003, -21.895300240489338 ], [ -50.291556123178303, -21.895300994476813 ], [ -50.291629501530934, -21.895390238515144 ], [ -50.291700890615886, -21.895479474969584 ], [ -50.291701507145667, -21.895480240330887 ], [ -50.291774507109203, -21.895570240383819 ], [ -50.291977856475114, -21.89542658604099 ], [ -50.292026400242328, -21.895489288464557 ], [ -50.292095378432968, -21.89558290183761 ], [ -50.292095814329159, -21.895583490287052 ], [ -50.292165814282725, -21.895677490339061 ], [ -50.292420185572482, -21.895512509557935 ], [ -50.292350404254641, -21.895418803331079 ], [ -50.292280621374914, -21.895324098110873 ], [ -50.292278543532106, -21.895321347332708 ], [ -50.292207374980435, -21.895229421393982 ], [ -50.292138185187959, -21.8951365094991 ], [ -50.292137001444672, -21.895134942188371 ], [ -50.292065298670082, -21.895041330342739 ], [ -50.291994593142888, -21.894947720319639 ], [ -50.291993543082476, -21.894946347185396 ], [ -50.291921543040175, -21.894853347238321 ], [ -50.291850072182399, -21.894761030820984 ], [ -50.291779592807082, -21.89466772020965 ], [ -50.29177794484584, -21.894665580101826 ], [ -50.291705009808148, -21.894572662967605 ], [ -50.291633309412326, -21.894481045899813 ], [ -50.291588880229774, -21.894423658271918 ], [ -50.2915562999492, -21.894427995387563 ], [ -50.291550017089989, -21.894429097137319 ], [ -50.291516739978853, -21.894436361553666 ], [ -50.291512253922527, -21.894437483248225 ], [ -50.291474623195427, -21.894448107484813 ], [ -50.291471459474806, -21.894449089703873 ], [ -50.291310457370663, -21.894557652843655 ], [ -50.291382457328368, -21.894650652896576 ], [ -50.291382925208403, -21.89465125398165 ], [ -50.291417112252837, -21.894694937495458 ], [ -50.29119325033485, -21.894848668083849 ], [ -50.291234250312193, -21.894900668113827 ], [ -50.291264306510548, -21.894938739387012 ], [ -50.291264891193514, -21.894939475093249 ], [ -50.29133689115568, -21.895029475145673 ] ] ], [ [ [ -50.29332176738825, -21.893949402691483 ], [ -50.293377965126197, -21.893906574326905 ], [ -50.29337096512365, -21.893898574331846 ], [ -50.293316379844896, -21.893940173837933 ], [ -50.29332176738825, -21.893949402691483 ] ] ] ] } }
]
}
