{
"type": "FeatureCollection",
"name": "307495_FAZENDA_SANTO_ANTONIO_27-03-2026_02-07-2026_16h46m",
"crs": { "type": "name", "properties": { "name": "urn:ogc:def:crs:OGC:1.3:CRS84" } },
"features": [
{ "type": "Feature", "properties": { "CHAVE": "3074951", "FAZENDA": "307495", "NOME_FAZ": "FAZENDA SANTO ANTONIO", "ZONA": 999.0, "TALHAO": 1.0, "AREA_TOTAL": 19.963376188291608, "TIPO_GEO": "TALHAO", "DATA_INICI": null, "DATA_FINAL": null, "HORA_INICI": null, "HORA_FINAL": null, "CLASSE": null, "PILOTO": null, "AERONAVE": null, "AREA_HA": null }, "geometry": { "type": "Polygon", "coordinates": [ [ [ -50.475090087391003, -21.619199823496295 ], [ -50.475104548272398, -21.619180330990499 ], [ -50.475125992019301, -21.619151870969592 ], [ -50.475149907276901, -21.619120588076601 ], [ -50.475197706050302, -21.619059050477791 ], [ -50.475244700734805, -21.61899942321379 ], [ -50.475288110880911, -21.6189448820157 ], [ -50.475354248032801, -21.618862454144899 ], [ -50.475422780252799, -21.618777544518597 ], [ -50.475534631009602, -21.6186399130574 ], [ -50.47568462028741, -21.618456754920789 ], [ -50.475741078447903, -21.618387555866892 ], [ -50.475811154704502, -21.618301258555196 ], [ -50.475896118037802, -21.618196085650801 ], [ -50.475971693209601, -21.618102086555002 ], [ -50.476049535705698, -21.618004846083508 ], [ -50.4761272097982, -21.617907183881297 ], [ -50.476191396094698, -21.617825955200704 ], [ -50.476267769113598, -21.617728668569601 ], [ -50.476330871182, -21.617647752864897 ], [ -50.476393480419503, -21.617566979422108 ], [ -50.476528225469501, -21.617392486152895 ], [ -50.476633631902899, -21.617256815328695 ], [ -50.476723605051497, -21.617141720241491 ], [ -50.476858126107203, -21.616970551242098 ], [ -50.476899991204199, -21.616916828131991 ], [ -50.476928885307608, -21.616879435271489 ], [ -50.476959255468998, -21.6168396762302 ], [ -50.476983239554997, -21.616807675004797 ], [ -50.476997828849498, -21.616787659651997 ], [ -50.477016722885502, -21.616760758425993 ], [ -50.477034602900503, -21.616735881628799 ], [ -50.477054797343101, -21.6167084190641 ], [ -50.477073394010908, -21.616683558354502 ], [ -50.477097831570802, -21.616651355216202 ], [ -50.477155844773598, -21.616575714517293 ], [ -50.477205411700297, -21.616510434491396 ], [ -50.477264109850701, -21.616432609842292 ], [ -50.4773501168442, -21.616318002487787 ], [ -50.477376904755502, -21.616282532791196 ], [ -50.477411728737202, -21.616236896392088 ], [ -50.477453823160602, -21.616182513172991 ], [ -50.477478314186101, -21.616151303124205 ], [ -50.477502230990098, -21.616121157987404 ], [ -50.477525573572599, -21.616092077762499 ], [ -50.477548341933698, -21.616064062449496 ], [ -50.477585013154503, -21.616019736732298 ], [ -50.477642060212602, -21.615951892662686 ], [ -50.477692783384299, -21.615891179878002 ], [ -50.477781642706397, -21.615783892793399 ], [ -50.477834588743796, -21.615719437312702 ], [ -50.477892230009907, -21.615648837315394 ], [ -50.477937897937203, -21.615592514709594 ], [ -50.477979115562597, -21.615541281002805 ], [ -50.478015882886098, -21.615495136195104 ], [ -50.478043955834501, -21.615459496080089 ], [ -50.478073276421597, -21.615421676956291 ], [ -50.478095517425302, -21.615392415401992 ], [ -50.4781150898798, -21.615366066005691 ], [ -50.478131993785198, -21.615342628767195 ], [ -50.4781483751743, -21.6153190093499 ], [ -50.478162940718597, -21.615297253582089 ], [ -50.478169813370009, -21.61528652025369 ], [ -50.478174970010997, -21.615277990022594 ], [ -50.478178410641299, -21.61527166288861 ], [ -50.478179927618001, -21.615268187411488 ], [ -50.478194028528108, -21.615211301548491 ], [ -50.478196952199305, -21.615198070988296 ], [ -50.478198910834003, -21.615187954398106 ], [ -50.4782006878863, -21.615176905141695 ], [ -50.478201691005303, -21.615168606304497 ], [ -50.4782023214388, -21.615159738351892 ], [ -50.478202565978997, -21.615144861750792 ], [ -50.4782022128677, -21.615137069043193 ], [ -50.478201882656599, -21.615134979989904 ], [ -50.478201438414608, -21.6151337483075 ], [ -50.4781984179657, -21.615128795648808 ], [ -50.478192650888701, -21.615120584750297 ], [ -50.478073216268598, -21.614957155862502 ], [ -50.478050479566299, -21.614926391079102 ], [ -50.4780326393957, -21.614902558739701 ], [ -50.4780196957567, -21.614885658844297 ], [ -50.478011648649399, -21.614875691393092 ], [ -50.478006628167606, -21.614870463535301 ], [ -50.477999959546104, -21.614864493144701 ], [ -50.477989860086701, -21.614856312057899 ], [ -50.477979215349201, -21.614848257728397 ], [ -50.477964477088001, -21.614837645379687 ], [ -50.477952796558199, -21.614829587065497 ], [ -50.477939090917204, -21.614820749706009 ], [ -50.477927991391205, -21.614814132996194 ], [ -50.477917184448401, -21.614808196064896 ], [ -50.4779066700888, -21.614802938911996 ], [ -50.4778964483123, -21.614798361537609 ], [ -50.4778884168812, -21.614795176105197 ], [ -50.477879731995799, -21.614792257076498 ], [ -50.477870199646802, -21.614789565531201 ], [ -50.477859819834002, -21.614787101469293 ], [ -50.4778485925575, -21.614784864890805 ], [ -50.477833366715998, -21.614782389066303 ], [ -50.477820232646202, -21.614780664325504 ], [ -50.477802623313003, -21.614778828298004 ], [ -50.477784520127301, -21.6147774423778 ], [ -50.477770578738898, -21.614776759956296 ], [ -50.477757118381902, -21.614776456481305 ], [ -50.477744139056199, -21.614776531952693 ], [ -50.477728591349404, -21.614777159185408 ], [ -50.477719623498899, -21.614777819734805 ], [ -50.477708087267203, -21.614779032045504 ], [ -50.477697032066899, -21.614780623302707 ], [ -50.477688642199297, -21.614782250545698 ], [ -50.477676910274901, -21.614785183719793 ], [ -50.477667702255999, -21.614787956238001 ], [ -50.477658143600799, -21.614791219588394 ], [ -50.477648234309399, -21.614794973770998 ], [ -50.4776379743817, -21.614799218785798 ], [ -50.477630939632, -21.614802321480308 ], [ -50.477620095310598, -21.614807384548794 ], [ -50.477612670965101, -21.614811032612394 ], [ -50.477597354759098, -21.614818983182506 ], [ -50.477558352309003, -21.614840239962792 ], [ -50.477533449866897, -21.614853478487799 ], [ -50.4775248137299, -21.614857887398799 ], [ -50.477518720982303, -21.614860822742308 ], [ -50.477515524063797, -21.61486214811389 ], [ -50.4775129244222, -21.614862837285695 ], [ -50.477509854753897, -21.614863338563705 ], [ -50.477505030710297, -21.614863714655208 ], [ -50.477499371063708, -21.614863756713504 ], [ -50.477492875814107, -21.614863464738395 ], [ -50.477485544961503, -21.614862838729994 ], [ -50.477479498457697, -21.614862150014304 ], [ -50.477463626073899, -21.614859807911401 ], [ -50.477456588874396, -21.614858453266788 ], [ -50.477449657708299, -21.614856871111996 ], [ -50.477438341394397, -21.614853728609006 ], [ -50.477427319617497, -21.614849954133092 ], [ -50.477416592377601, -21.614845547684393 ], [ -50.47741029741141, -21.614842600468204 ], [ -50.4774020690638, -21.614838316941789 ], [ -50.477394073034702, -21.614833680477702 ], [ -50.47738354971171, -21.614827281302595 ], [ -50.477375027853206, -21.614821826987793 ], [ -50.477368507459097, -21.614817317533394 ], [ -50.477363988529397, -21.614813752939206 ], [ -50.477362479613802, -21.614812324964799 ], [ -50.477361471064199, -21.614811133205404 ], [ -50.477327378799998, -21.614758740582904 ], [ -50.477317909682597, -21.614743243437502 ], [ -50.477308322886401, -21.614726654618892 ], [ -50.477300243996197, -21.614711996686196 ], [ -50.477292083384597, -21.614696580646999 ], [ -50.477266281574899, -21.614645443387996 ], [ -50.477248248888998, -21.614610583681003 ], [ -50.477230430442198, -21.61457689205379 ], [ -50.477211012183602, -21.614540818003789 ], [ -50.477195517190999, -21.614512749779607 ], [ -50.477182864578097, -21.614490751920705 ], [ -50.477173054344803, -21.614474824426988 ], [ -50.477168724667699, -21.614468448472294 ], [ -50.477165323114598, -21.614464054677601 ], [ -50.477162039370199, -21.614460709344396 ], [ -50.477158857909899, -21.614457899126492 ], [ -50.477155101037603, -21.614455092306507 ], [ -50.477152021044198, -21.614453224491211 ], [ -50.477147786537003, -21.61445132920268 ], [ -50.477140145578105, -21.6144493085005 ], [ -50.477134985456004, -21.614447300682698 ], [ -50.477129926442302, -21.614444573674795 ], [ -50.477123877718, -21.614440450689195 ], [ -50.477120631029202, -21.614438487287298 ], [ -50.477116887312199, -21.614436642157496 ], [ -50.4771131910733, -21.614435276803199 ], [ -50.477110060657203, -21.614434488361688 ], [ -50.477103905844501, -21.614433518006589 ], [ -50.477095041210703, -21.614432383624798 ], [ -50.477086123675598, -21.614431459894899 ], [ -50.477081762346401, -21.6144316072069 ], [ -50.4770777595946, -21.614432089697889 ], [ -50.477071446918998, -21.614433229028798 ], [ -50.4770659806575, -21.614434455533985 ], [ -50.477055476402697, -21.614437208294294 ], [ -50.477045818561997, -21.614440048229003 ], [ -50.477035045666298, -21.614443455031598 ], [ -50.477023157715401, -21.6144474287021 ], [ -50.477013044910798, -21.614451071031905 ], [ -50.477001607257897, -21.614455467329698 ], [ -50.476979600395602, -21.614464469976991 ], [ -50.476953913398901, -21.614475566979777 ], [ -50.476924546268002, -21.614488758337991 ], [ -50.4768844479335, -21.614507352516892 ], [ -50.476823161065298, -21.614536332783999 ], [ -50.4767986443929, -21.614547513087299 ], [ -50.4767734344899, -21.614558692366796 ], [ -50.476747531356303, -21.614569870622692 ], [ -50.476711915486099, -21.614584773371401 ], [ -50.476675067206003, -21.614599674300194 ], [ -50.476636986515899, -21.614614573409195 ], [ -50.476607617229305, -21.614625746546494 ], [ -50.476577554712101, -21.614636918660196 ], [ -50.476474392428202, -21.614674553861391 ], [ -50.476356326026099, -21.614717886549002 ], [ -50.476022164776303, -21.61484125016019 ], [ -50.475879074646208, -21.614894663464177 ], [ -50.4757251131863, -21.614952889167782 ], [ -50.475560280396699, -21.615015927271095 ], [ -50.475384576277207, -21.615083777774096 ], [ -50.475261400569799, -21.6151316849982 ], [ -50.475007739388303, -21.615230877739307 ], [ -50.4748317553072, -21.615299493361498 ], [ -50.474670767118511, -21.615361983719399 ], [ -50.474524774822399, -21.615418348813201 ], [ -50.474393778418708, -21.615468588642695 ], [ -50.474242275066899, -21.615526215056597 ], [ -50.474027345763304, -21.615607625991093 ], [ -50.473869691562797, -21.615666829350495 ], [ -50.473825317303401, -21.615683882160504 ], [ -50.473814555882505, -21.615688233116501 ], [ -50.473807642628799, -21.615691315567595 ], [ -50.473796799612799, -21.615697808374701 ], [ -50.473769606613708, -21.6157151502081 ], [ -50.473762969630002, -21.615719056258396 ], [ -50.473757487693398, -21.615722021300904 ], [ -50.473747678867198, -21.615727010377796 ], [ -50.4737359669356, -21.615732649270793 ], [ -50.473722351898502, -21.615738937979707 ], [ -50.4736954310467, -21.615750863196801 ], [ -50.473663223790801, -21.615764593458106 ], [ -50.473633651775103, -21.615776877299201 ], [ -50.473558081221299, -21.615807779488005 ], [ -50.473507305547699, -21.6158290053237 ], [ -50.473465294664798, -21.615846918597008 ], [ -50.473415244219296, -21.615868684617389 ], [ -50.473382097021599, -21.615883358990001 ], [ -50.473349125636801, -21.615898164316501 ], [ -50.473293994286998, -21.615923444770399 ], [ -50.473272615613404, -21.615933485015393 ], [ -50.473246267040501, -21.615946105549906 ], [ -50.4732281228547, -21.615954996106495 ], [ -50.473206086932201, -21.615966083723197 ], [ -50.473191177234298, -21.615973824591499 ], [ -50.473177653745402, -21.615981072736297 ], [ -50.473165516465599, -21.615987828157408 ], [ -50.473154765394902, -21.61599409085499 ], [ -50.473148245952402, -21.615998088525306 ], [ -50.473138705627001, -21.616004396481909 ], [ -50.473129451907504, -21.616011078179888 ], [ -50.473123441986601, -21.616015740279394 ], [ -50.473117559446202, -21.616020568486206 ], [ -50.473108974473902, -21.616028122247499 ], [ -50.4731006761074, -21.616036049750193 ], [ -50.4730926643469, -21.616044350994297 ], [ -50.473084939192404, -21.616053025979895 ], [ -50.473077500643697, -21.61606207470679 ], [ -50.473070348701, -21.616071497175206 ], [ -50.4730634833642, -21.616081293385005 ], [ -50.473050981128999, -21.616099986998098 ], [ -50.473040257238601, -21.616116712667193 ], [ -50.4730313116929, -21.616131470392304 ], [ -50.473024144492101, -21.616144260173289 ], [ -50.4730212277709, -21.616149917084794 ], [ -50.473018030387898, -21.616156694321905 ], [ -50.472988545000902, -21.6162246499897 ], [ -50.472984298262297, -21.616233706171592 ], [ -50.472978681561898, -21.616244822671892 ], [ -50.4729690615763, -21.616262849611907 ], [ -50.4729602482983, -21.616278773521504 ], [ -50.472946366209207, -21.616303210340604 ], [ -50.4729255886933, -21.616338907160088 ], [ -50.472901005727898, -21.616380327085995 ], [ -50.472784517827797, -21.616573562703998 ], [ -50.472682726246909, -21.6167434605373 ], [ -50.472671139887503, -21.616762177114996 ], [ -50.472653021326998, -21.616790430874296 ], [ -50.472634015940699, -21.6168188993047 ], [ -50.472614123728803, -21.616847582406297 ], [ -50.4726003695732, -21.616866823735698 ], [ -50.472578999318401, -21.616895864622588 ], [ -50.472556742237799, -21.616925120180593 ], [ -50.472533598331502, -21.616954590409804 ], [ -50.472517676379702, -21.616974356490989 ], [ -50.472493054430501, -21.617004184505504 ], [ -50.472467545655697, -21.617034227191201 ], [ -50.4724404747965, -21.617065404129995 ], [ -50.472410491335701, -21.617099554486014 ], [ -50.472365982674603, -21.617149713609599 ], [ -50.472329203143602, -21.617190801938996 ], [ -50.472275633055503, -21.617250211693896 ], [ -50.4722013889415, -21.617331907430401 ], [ -50.4721016164657, -21.617440844843884 ], [ -50.471770299378107, -21.617799954323999 ], [ -50.471690598061301, -21.617886678963096 ], [ -50.471677278596708, -21.617902046750498 ], [ -50.471660244824001, -21.617922439008399 ], [ -50.471639496743101, -21.617947855736794 ], [ -50.4716057771141, -21.617989688754484 ], [ -50.471584999879603, -21.618014708682594 ], [ -50.471568335044608, -21.618034072014105 ], [ -50.4715552545061, -21.618048739820392 ], [ -50.47154290744411, -21.618062072805397 ], [ -50.4715248017703, -21.618080802546302 ], [ -50.471514981720397, -21.618091531961202 ], [ -50.471509689748501, -21.618097675681902 ], [ -50.471503333853697, -21.618105524393396 ], [ -50.47149909198351, -21.6181111537399 ], [ -50.471494136224301, -21.618118316619 ], [ -50.471489980542401, -21.618125087593896 ], [ -50.471487388831903, -21.61812990863789 ], [ -50.471485911049101, -21.61813300019719 ], [ -50.471478082992299, -21.618151389844304 ], [ -50.471475353300399, -21.618158374100194 ], [ -50.471473200457801, -21.618164551561705 ], [ -50.471471391630097, -21.618171675830606 ], [ -50.471470458853197, -21.618178032212299 ], [ -50.471470286444301, -21.618182075999893 ], [ -50.471470396511101, -21.618191862122597 ], [ -50.4714705930636, -21.61819400348379 ], [ -50.4714848751197, -21.618228188236195 ], [ -50.471486926177697, -21.618231837321005 ], [ -50.471489572899998, -21.618235589954995 ], [ -50.471493014865906, -21.618239864961502 ], [ -50.471497252075302, -21.618244662340498 ], [ -50.471499373635908, -21.618246887883412 ], [ -50.471502138636303, -21.6182492862788 ], [ -50.471505609248297, -21.618251867140003 ], [ -50.471509785471902, -21.618254630466996 ], [ -50.471514667307098, -21.618257576259897 ], [ -50.471522274038698, -21.618261787819499 ], [ -50.471531135191007, -21.618266323762889 ], [ -50.471543975660403, -21.618272449856693 ], [ -50.471587346178602, -21.618291669237298 ], [ -50.471610090098402, -21.618302209301792 ], [ -50.471620917577198, -21.618307700073597 ], [ -50.471632156181109, -21.618314197523699 ], [ -50.471639987901199, -21.618318495315602 ], [ -50.471647232599402, -21.618322180343192 ], [ -50.471651080562403, -21.618323879932085 ], [ -50.471680128619397, -21.618335913593096 ], [ -50.471743198607598, -21.618361484604893 ], [ -50.472019752286201, -21.618472594758195 ], [ -50.472025918082501, -21.618475178380997 ], [ -50.472074385291002, -21.618496043088307 ], [ -50.472273710240401, -21.618582422367197 ], [ -50.4724267426989, -21.618648422676099 ], [ -50.4725432808169, -21.618698362638799 ], [ -50.4726719178256, -21.618753079893903 ], [ -50.472702077639099, -21.61876642388301 ], [ -50.472733284592103, -21.618780737853111 ], [ -50.472765538684705, -21.618796021804197 ], [ -50.472790416439501, -21.618808121317592 ], [ -50.472824503026402, -21.6188251027354 ], [ -50.472850755151903, -21.618838475348888 ], [ -50.472877596293301, -21.618852393576596 ], [ -50.472905026450803, -21.618866857418606 ], [ -50.4730070652991, -21.618921761063106 ], [ -50.473107482460499, -21.61897653758469 ], [ -50.473197294547603, -21.619026170144291 ], [ -50.473291734964697, -21.619079008849596 ], [ -50.473384517856204, -21.619131639074897 ], [ -50.473479317708403, -21.61918625782539 ], [ -50.473498068274601, -21.619196748078103 ], [ -50.473516370460899, -21.619206724842705 ], [ -50.473534224267098, -21.619216188119196 ], [ -50.473551629693297, -21.619225137907492 ], [ -50.473568586739503, -21.619233574207705 ], [ -50.473585095405802, -21.6192414970198 ], [ -50.473601155692002, -21.619248906343692 ], [ -50.473616767598102, -21.619255802179502 ], [ -50.473631931124302, -21.619262184527191 ], [ -50.4736517306238, -21.619270251696999 ], [ -50.473672127725997, -21.619279186659988 ], [ -50.4736878787485, -21.619286535275389 ], [ -50.4736985952377, -21.619291742634893 ], [ -50.473714993682997, -21.619300016097693 ], [ -50.473726141787402, -21.619305840022101 ], [ -50.473748955934298, -21.619318227748803 ], [ -50.473772460665501, -21.61933160197939 ], [ -50.473796655980898, -21.619345962713901 ], [ -50.4738404834021, -21.619372998372391 ], [ -50.473872328838503, -21.619392147528895 ], [ -50.473891601840599, -21.619403438096693 ], [ -50.473910999147797, -21.619414579469893 ], [ -50.473930520760199, -21.619425571648492 ], [ -50.47395016667781, -21.619436414632599 ], [ -50.473976554598103, -21.619450639864198 ], [ -50.473996490560999, -21.619461134727601 ], [ -50.474084040194199, -21.619505925758297 ], [ -50.474145313028203, -21.619537946927593 ], [ -50.474179568611298, -21.619556164766294 ], [ -50.4742139778512, -21.619574688533792 ], [ -50.474333718839702, -21.619639983504005 ], [ -50.474404162109998, -21.619677999781192 ], [ -50.474426399185802, -21.619689785671099 ], [ -50.474444557621098, -21.619699176645096 ], [ -50.474458666876103, -21.619706186980892 ], [ -50.474468726950498, -21.619710816678495 ], [ -50.474472657565101, -21.619712393361901 ], [ -50.474476438868898, -21.619713590735 ], [ -50.474489159153698, -21.61971681532119 ], [ -50.474499145500602, -21.619719008461391 ], [ -50.474512873819499, -21.619721796529905 ], [ -50.4745205042991, -21.619723219949499 ], [ -50.474526112929098, -21.619724066191292 ], [ -50.4745351669605, -21.619725015377195 ], [ -50.474540423168101, -21.619725308158497 ], [ -50.474545547217403, -21.61972539339229 ], [ -50.474553793614206, -21.619725074231514 ], [ -50.474558565241097, -21.619724606004901 ], [ -50.474563204709703, -21.619723930230592 ], [ -50.474569185088001, -21.619722706346494 ], [ -50.474580473477701, -21.619719699503793 ], [ -50.474589640790697, -21.619716885034101 ], [ -50.474598145410603, -21.619713899314092 ], [ -50.47460490763541, -21.619711203824291 ], [ -50.474619453451403, -21.619704697486895 ], [ -50.4746309261538, -21.619699889659394 ], [ -50.4746846664762, -21.619679252298486 ], [ -50.474696118309701, -21.619674721528995 ], [ -50.4747033002904, -21.619671630894988 ], [ -50.474709918262697, -21.619668516697292 ], [ -50.474714511611602, -21.6196661655854 ], [ -50.474722746545297, -21.61966142359779 ], [ -50.4747263881302, -21.619659032722208 ], [ -50.474729712460409, -21.619656628591997 ], [ -50.474732719535901, -21.619654211207191 ], [ -50.474735409356803, -21.619651780567892 ], [ -50.474776430310307, -21.619611380345603 ], [ -50.474784265451802, -21.619603424016795 ], [ -50.474790922398903, -21.619596361250505 ], [ -50.474795569845199, -21.619591158194588 ], [ -50.474800066769198, -21.619585733626497 ], [ -50.474807614802003, -21.619575218100007 ], [ -50.4748134914283, -21.619567774896698 ], [ -50.474821015377799, -21.619558873010998 ], [ -50.474830186650301, -21.619548512443085 ], [ -50.474837711161904, -21.619539771173798 ], [ -50.474848268996602, -21.619526647163791 ], [ -50.474861860154498, -21.619509140412987 ], [ -50.474882173530503, -21.619482347094397 ], [ -50.474925735791103, -21.619423666792997 ], [ -50.475090087391003, -21.619199823496295 ] ] ] } },
{ "type": "Feature", "properties": { "CHAVE": "3074952", "FAZENDA": "307495", "NOME_FAZ": "FAZENDA SANTO ANTONIO", "ZONA": 999.0, "TALHAO": 2.0, "AREA_TOTAL": 28.113570087514816, "TIPO_GEO": "TALHAO", "DATA_INICI": null, "DATA_FINAL": null, "HORA_INICI": null, "HORA_FINAL": null, "CLASSE": null, "PILOTO": null, "AERONAVE": null, "AREA_HA": null }, "geometry": { "type": "Polygon", "coordinates": [ [ [ -50.467442314278799, -21.625257338633094 ], [ -50.467501766621801, -21.6252018888101 ], [ -50.467537282779901, -21.625168295483395 ], [ -50.467572682502301, -21.625134459581801 ], [ -50.467619701009802, -21.625088967707896 ], [ -50.467700950351301, -21.625009235188202 ], [ -50.467745438095399, -21.624965915841603 ], [ -50.467788292281199, -21.624924607758789 ], [ -50.467839562821801, -21.624875800995206 ], [ -50.467888280927404, -21.624830136831299 ], [ -50.4679344465981, -21.624787615267206 ], [ -50.467969541381407, -21.624755860687799 ], [ -50.4680190484791, -21.624711794173596 ], [ -50.4680928272996, -21.624646794478796 ], [ -50.468125617474797, -21.624618236913307 ], [ -50.468155674826498, -21.624592307535796 ], [ -50.468182999355001, -21.624569006346089 ], [ -50.468207848753003, -21.624548120259501 ], [ -50.468231855076297, -21.6245282997379 ], [ -50.468255276017999, -21.624509331696196 ], [ -50.468273591296402, -21.6244947710486 ], [ -50.468295958551003, -21.624477337471099 ], [ -50.468317740423799, -21.62446075637359 ], [ -50.468338936915004, -21.624445027756096 ], [ -50.468363966384501, -21.624426912276796 ], [ -50.468389032225708, -21.624409144979879 ], [ -50.46841413443881, -21.624391725865397 ], [ -50.468439273023598, -21.624374654933295 ], [ -50.468468647342398, -21.624355178909788 ], [ -50.468513563889502, -21.624326104431788 ], [ -50.468544183950002, -21.624306769758302 ], [ -50.468554094925402, -21.624300776737396 ], [ -50.468565755357098, -21.624294025207696 ], [ -50.4685762393133, -21.624287536995286 ], [ -50.468593288193603, -21.624276528635995 ], [ -50.468619761820101, -21.624258926782204 ], [ -50.468629617400801, -21.624252706531387 ], [ -50.468650688719002, -21.624240127415298 ], [ -50.468677566724999, -21.624224783259908 ], [ -50.468710251418898, -21.624206674065292 ], [ -50.468740579989202, -21.62419019588139 ], [ -50.468783716721106, -21.624167109616195 ], [ -50.4688327628281, -21.6241412049249 ], [ -50.468889566678499, -21.62411152084551 ], [ -50.468941038942702, -21.624084821791499 ], [ -50.469028295978703, -21.624039853559896 ], [ -50.469110221428302, -21.623997870353701 ], [ -50.4692195854715, -21.623942078890504 ], [ -50.469361272176997, -21.623870036366785 ], [ -50.469484166416002, -21.623807052667505 ], [ -50.469565160900501, -21.6237651770134 ], [ -50.469645407378302, -21.623723392142303 ], [ -50.469724905849503, -21.623681698054103 ], [ -50.469784038823498, -21.623650487064399 ], [ -50.469862228283098, -21.623608951846503 ], [ -50.469939669736, -21.623567507411494 ], [ -50.470548249554597, -21.623240129577784 ], [ -50.470611298367103, -21.623205649049794 ], [ -50.470655931879101, -21.623180799665299 ], [ -50.470711905765398, -21.623149015167701 ], [ -50.470751233082801, -21.623126187805902 ], [ -50.470776187914701, -21.623111450998795 ], [ -50.470800132042903, -21.623097099338793 ], [ -50.470834153165598, -21.623076293999794 ], [ -50.470855570534503, -21.623062905207902 ], [ -50.470875977199597, -21.6230499015631 ], [ -50.470904692127597, -21.623031118246903 ], [ -50.470922572033402, -21.623019077470204 ], [ -50.4710833381776, -21.622909020393006 ], [ -50.471367767662599, -21.622714956107597 ], [ -50.471421568678707, -21.622678100112292 ], [ -50.471489894771203, -21.622630850939888 ], [ -50.4715385828937, -21.622596833176381 ], [ -50.471600091794599, -21.622553368313092 ], [ -50.4716436670234, -21.622522188781513 ], [ -50.471698358732702, -21.622482508227201 ], [ -50.4717368210678, -21.622454166927497 ], [ -50.471784695585498, -21.622418270682289 ], [ -50.471818045027, -21.6223927676144 ], [ -50.4718501964757, -21.622367752984999 ], [ -50.4718942916329, -21.622332895216701 ], [ -50.471928282920004, -21.622305623193501 ], [ -50.471974831195105, -21.622267755566689 ], [ -50.472010662320599, -21.622238226149694 ], [ -50.472059663713608, -21.6221973486645 ], [ -50.4720973346775, -21.622165561853695 ], [ -50.472148789188303, -21.622121674510101 ], [ -50.472201645480702, -21.622076067247409 ], [ -50.472267749000203, -21.622018497549899 ], [ -50.4723311975496, -21.621962885521803 ], [ -50.472391991129001, -21.621909231162984 ], [ -50.472450129738398, -21.621857534473595 ], [ -50.472505613377798, -21.621807795453496 ], [ -50.472628669181397, -21.621696275478701 ], [ -50.472658171047001, -21.621669950280399 ], [ -50.4726970383702, -21.621635759246495 ], [ -50.472735370267607, -21.621602607332992 ], [ -50.472782532196902, -21.621562628704396 ], [ -50.472828857523297, -21.621524273701496 ], [ -50.472874346246897, -21.621487542324395 ], [ -50.473016162376503, -21.621375209622705 ], [ -50.473179390225198, -21.621245406882792 ], [ -50.473213508547097, -21.621218476756692 ], [ -50.473256576644701, -21.6211849028019 ], [ -50.473291367278897, -21.621158114600384 ], [ -50.473326456718503, -21.621131389476595 ], [ -50.473361844963598, -21.621104727430399 ], [ -50.473397532014097, -21.621078128461896 ], [ -50.473433517870099, -21.621051592571103 ], [ -50.473533872585101, -21.620978482074403 ], [ -50.473612487766601, -21.620921847922684 ], [ -50.473689588514098, -21.620867211760693 ], [ -50.473742259246798, -21.620828982610494 ], [ -50.473815113860198, -21.620775160695992 ], [ -50.473918447048703, -21.620697979172196 ], [ -50.473974269575798, -21.620656474341502 ], [ -50.474024398902998, -21.620619468156089 ], [ -50.4740688350306, -21.620586960616098 ], [ -50.4741176182741, -21.620551747001603 ], [ -50.474161000730497, -21.620520971061293 ], [ -50.4741903474021, -21.620500716832694 ], [ -50.474202681355699, -21.620492511783105 ], [ -50.474213916317801, -21.620485283447795 ], [ -50.474217580528503, -21.620482378457108 ], [ -50.474221499563697, -21.620478799953897 ], [ -50.474225673423199, -21.620474547938198 ], [ -50.4742301021071, -21.620469622410003 ], [ -50.474234785615302, -21.620464023369308 ], [ -50.474242288673501, -21.620454361972286 ], [ -50.474247609242703, -21.620447079150299 ], [ -50.4742560678921, -21.620434892081388 ], [ -50.4742620255223, -21.620425925478095 ], [ -50.4742714397632, -21.620411212737196 ], [ -50.474278034454301, -21.620400562352696 ], [ -50.474288404286597, -21.620383323939905 ], [ -50.474314484998303, -21.620338601168296 ], [ -50.474334063417501, -21.620305486674205 ], [ -50.474366906164299, -21.620250993636198 ], [ -50.474397175432998, -21.620201787862502 ], [ -50.474446966798901, -21.620122391813396 ], [ -50.4744716642467, -21.620082378580697 ], [ -50.4744865018205, -21.620057795138212 ], [ -50.474500037481398, -21.620034885332494 ], [ -50.474512271229102, -21.620013649163607 ], [ -50.4745205921595, -21.619998820361101 ], [ -50.474530547559397, -21.619980513056596 ], [ -50.474537159728897, -21.619967880902394 ], [ -50.474561074291906, -21.619920388685802 ], [ -50.474568526255197, -21.619904781855205 ], [ -50.474570177904297, -21.619900948272889 ], [ -50.474570807809002, -21.619899024097901 ], [ -50.474570381548901, -21.619865847244593 ], [ -50.4745700400685, -21.619857512359104 ], [ -50.474568253124701, -21.619847571304195 ], [ -50.474567136950498, -21.619844684141 ], [ -50.474565339018099, -21.619841293180897 ], [ -50.4745622815784, -21.619836559017099 ], [ -50.474558242406708, -21.619831099385792 ], [ -50.4745532215032, -21.61982491428709 ], [ -50.474546533718502, -21.6198171730328 ], [ -50.474535992408299, -21.619805556732999 ], [ -50.474526421166701, -21.619795621744601 ], [ -50.474516922929098, -21.619786371214211 ], [ -50.474508829033702, -21.619779195330889 ], [ -50.474502062298498, -21.619773826568295 ], [ -50.474495698234797, -21.619769408206103 ], [ -50.474489215176199, -21.619765560139605 ], [ -50.4744773142437, -21.619758936249205 ], [ -50.474446911949002, -21.619742457343094 ], [ -50.4743411287442, -21.619685722671097 ], [ -50.474282023560399, -21.619653646829899 ], [ -50.4742017692177, -21.61960984574549 ], [ -50.4741467520209, -21.619580266291301 ], [ -50.474112521780803, -21.619562153980993 ], [ -50.474071603392801, -21.619540799824097 ], [ -50.473976911749801, -21.619492321173198 ], [ -50.473950294734799, -21.619478267392701 ], [ -50.473930502666299, -21.619467567794 ], [ -50.4738978410142, -21.61944943177091 ], [ -50.473865585773297, -21.619430916549696 ], [ -50.4738464277061, -21.61941962540179 ], [ -50.4738274159469, -21.619408197742498 ], [ -50.4737837022154, -21.619381230756492 ], [ -50.473765490407601, -21.619370261778592 ], [ -50.473741799888401, -21.619356490129405 ], [ -50.473730208296502, -21.619349970156804 ], [ -50.473713137993201, -21.619340647512889 ], [ -50.473701969180702, -21.619334737293592 ], [ -50.473685533046698, -21.61932632927979 ], [ -50.473674787013699, -21.619321028813893 ], [ -50.4736589850488, -21.619313535430106 ], [ -50.473638507653597, -21.619304397906294 ], [ -50.473608775431501, -21.619292162348501 ], [ -50.473598633978902, -21.619287854567204 ], [ -50.4735830277152, -21.619280953879393 ], [ -50.473566948549809, -21.619273526372599 ], [ -50.473539099048203, -21.619259976485697 ], [ -50.4735217588116, -21.619251144128192 ], [ -50.473503945673301, -21.619241784951697 ], [ -50.473485659633198, -21.619231898956201 ], [ -50.473460542621702, -21.61921789813259 ], [ -50.473357584897997, -21.619158606245694 ], [ -50.473304051509103, -21.619128174858403 ], [ -50.473255359362902, -21.619100725317608 ], [ -50.473159717236399, -21.619047332125792 ], [ -50.473060869610798, -21.618992874501 ], [ -50.472960472848399, -21.618938307484299 ], [ -50.472895777424199, -21.618903526063104 ], [ -50.472868326319499, -21.618888973271702 ], [ -50.472841461310999, -21.61887496298289 ], [ -50.472806553004702, -21.618857126491001 ], [ -50.472781055553803, -21.618844382041797 ], [ -50.4727479706577, -21.618828233336085 ], [ -50.472723840764502, -21.618816754726591 ], [ -50.472700296967403, -21.618805818619794 ], [ -50.472677339266497, -21.618795425015701 ], [ -50.472654967661697, -21.618785573914291 ], [ -50.472526981801799, -21.618731132422493 ], [ -50.472419264006405, -21.618684983463005 ], [ -50.472281364130403, -21.618625538035996 ], [ -50.472111145535905, -21.618551823329611 ], [ -50.472082487649502, -21.618539532424101 ], [ -50.472054281097897, -21.618527615393297 ], [ -50.472019657597798, -21.618513244866094 ], [ -50.471992466549302, -21.618502169053404 ], [ -50.471959112428202, -21.618488850048788 ], [ -50.471913601412098, -21.618471184863289 ], [ -50.471799627854402, -21.618428054507298 ], [ -50.471779713572097, -21.618418903157302 ], [ -50.471727125188004, -21.618394330336095 ], [ -50.471709441228299, -21.618386298403099 ], [ -50.471695434997798, -21.618380188852893 ], [ -50.471680791686701, -21.618374005931084 ], [ -50.471649593822498, -21.618361419972299 ], [ -50.471627379511702, -21.618352866284887 ], [ -50.471609975517801, -21.618346365419001 ], [ -50.471585779178398, -21.618337583464001 ], [ -50.471566888662998, -21.618330911397504 ], [ -50.471518460426999, -21.618314223824992 ], [ -50.471480685103501, -21.618301404431701 ], [ -50.471453803696903, -21.618292522898901 ], [ -50.471436583749302, -21.618287238148508 ], [ -50.471430314877601, -21.618285690641997 ], [ -50.471423318388801, -21.618284278909105 ], [ -50.471416663494502, -21.618283291151599 ], [ -50.471410350194802, -21.618282727369305 ], [ -50.471406049834599, -21.618282584244298 ], [ -50.4713555408321, -21.618282453041804 ], [ -50.471349191704597, -21.618282696950899 ], [ -50.471340624617497, -21.618283432647196 ], [ -50.471334123114403, -21.618284292282592 ], [ -50.471327556307401, -21.618285415800592 ], [ -50.471320924196498, -21.618286803201304 ], [ -50.471311979798301, -21.618289063552993 ], [ -50.471305195311899, -21.618291066679898 ], [ -50.471298345521497, -21.61829333368949 ], [ -50.471291430427399, -21.618295864581697 ], [ -50.471245006263999, -21.618314136008692 ], [ -50.4711862332056, -21.6183367610356 ], [ -50.4711325864928, -21.618357130827608 ], [ -50.471073047803507, -21.6183792919499 ], [ -50.471062450684002, -21.618383416953584 ], [ -50.471045647367298, -21.618390464611505 ], [ -50.471027754885306, -21.6183985444525 ], [ -50.471008773238196, -21.618407656476297 ], [ -50.470988702425998, -21.618417800683197 ], [ -50.470967972922502, -21.6184287406357 ], [ -50.470945425234603, -21.618441153416899 ], [ -50.470927716795799, -21.618451374299301 ], [ -50.470908944793202, -21.618462810243706 ], [ -50.4708991307375, -21.618469108910698 ], [ -50.470889980538701, -21.618475235826104 ], [ -50.470875402110501, -21.618485372937503 ], [ -50.47086247644431, -21.618494583394899 ], [ -50.470852712765499, -21.618501740531602 ], [ -50.470842856514409, -21.618509230060102 ], [ -50.470835723762796, -21.618514912115 ], [ -50.470829931816098, -21.618519850984196 ], [ -50.470808861583102, -21.618538802122302 ], [ -50.470780788760898, -21.618564759209306 ], [ -50.470655394050802, -21.618682523002601 ], [ -50.470596164960298, -21.618737585304601 ], [ -50.470579677085098, -21.618752480955592 ], [ -50.470563843395098, -21.618766277910396 ], [ -50.470548663890099, -21.618778976168993 ], [ -50.470536514027501, -21.618788718769199 ], [ -50.4705271212299, -21.618795963501196 ], [ -50.470518019181206, -21.618802719923789 ], [ -50.470453506725399, -21.618848931556702 ], [ -50.4704051722738, -21.618883163600199 ], [ -50.470385877467798, -21.618896474647496 ], [ -50.470370571482597, -21.618906812251993 ], [ -50.470351601325497, -21.618919345216092 ], [ -50.470336555059397, -21.618929060354098 ], [ -50.470317909551206, -21.618940815235 ], [ -50.4703031230042, -21.61894990790649 ], [ -50.4702918391772, -21.618956680950006 ], [ -50.470278462933997, -21.618964379118196 ], [ -50.470250920119398, -21.618979565437105 ], [ -50.4702241616991, -21.618993834926808 ], [ -50.470193204017903, -21.619009989247392 ], [ -50.470158047075799, -21.619028028398791 ], [ -50.470108195687502, -21.619053227881405 ], [ -50.470063590408401, -21.619075507902188 ], [ -50.470003747956603, -21.619105126256908 ], [ -50.469898054404503, -21.619156862227804 ], [ -50.469806877111303, -21.619200861856498 ], [ -50.469729237536598, -21.619237826754997 ], [ -50.469426351417198, -21.619380142410598 ], [ -50.469377691994602, -21.619402724678192 ], [ -50.469322971514202, -21.619427674440502 ], [ -50.469158172168399, -21.619501678830801 ], [ -50.468995304793602, -21.6195753201972 ], [ -50.468904537178297, -21.619615930756591 ], [ -50.468786041021303, -21.619668250550092 ], [ -50.4687253281922, -21.619695243186804 ], [ -50.468676928509701, -21.619717014028605 ], [ -50.468654727956199, -21.619727569380302 ], [ -50.4686356832079, -21.619737076037794 ], [ -50.468615496854703, -21.619747527029599 ], [ -50.468594168896502, -21.619758922355803 ], [ -50.468571699333502, -21.619771262016304 ], [ -50.468548088165598, -21.619784546011299 ], [ -50.468523335392803, -21.619798774340488 ], [ -50.468497881058397, -21.6198136874618 ], [ -50.468473485335309, -21.619828247205906 ], [ -50.4684559795163, -21.619838878335202 ], [ -50.468433693055097, -21.619852668269193 ], [ -50.4684126118865, -21.619866018311903 ], [ -50.468392736010301, -21.619878928463091 ], [ -50.468374065426701, -21.619891398722995 ], [ -50.4683566001355, -21.619903429091398 ], [ -50.468340323888697, -21.619915053797797 ], [ -50.4683287736298, -21.619923766040806 ], [ -50.468317755114903, -21.619932538908692 ], [ -50.468307268343899, -21.619941372401691 ], [ -50.468297313316903, -21.619950266519702 ], [ -50.4682878900338, -21.6199592212627 ], [ -50.468278998494696, -21.619968236630704 ], [ -50.468270638699501, -21.619977312623707 ], [ -50.468262810648298, -21.619986449241708 ], [ -50.468257887360799, -21.619992574000896 ], [ -50.468253200403907, -21.619998725704605 ], [ -50.468244504874399, -21.620011103327403 ], [ -50.468236356766901, -21.6200235026954 ], [ -50.468228664258298, -21.620035903955095 ], [ -50.468221427348503, -21.620048307106394 ], [ -50.468214646037602, -21.620060712149289 ], [ -50.468208320325601, -21.620073119083806 ], [ -50.468202450212409, -21.620085527909897 ], [ -50.468195753256801, -21.620101041602602 ], [ -50.468192074967099, -21.620110340713499 ], [ -50.468188638428202, -21.620119556701304 ], [ -50.468185441824602, -21.620128679042509 ], [ -50.468181552919205, -21.620140696491791 ], [ -50.468178916164803, -21.620149600324403 ], [ -50.468175773724802, -21.620161326428804 ], [ -50.468173696819399, -21.620170011752808 ], [ -50.468171300844901, -21.620181446512397 ], [ -50.468169783788603, -21.620189913327792 ], [ -50.468168506667602, -21.620198286496592 ], [ -50.468143554107399, -21.6203783204027 ], [ -50.468140868442603, -21.620400638096598 ], [ -50.468139383026603, -21.620415114782499 ], [ -50.468138141632302, -21.620429270047005 ], [ -50.468136737081508, -21.620449900278693 ], [ -50.4681361057415, -21.620463251989779 ], [ -50.468135718423198, -21.620476282279505 ], [ -50.468135594986499, -21.620495225049009 ], [ -50.468135817722498, -21.620507451785201 ], [ -50.468136284480202, -21.620519357100097 ], [ -50.468136995259698, -21.620530940993593 ], [ -50.4681379500609, -21.620542203465693 ], [ -50.4681391488838, -21.620553144516496 ], [ -50.4681405917283, -21.620563764145892 ], [ -50.468144159020802, -21.6205843772909 ], [ -50.468147311046103, -21.6206000924075 ], [ -50.468149633320301, -21.620610730959307 ], [ -50.468154808086297, -21.620632396400506 ], [ -50.468157660578001, -21.620643423289891 ], [ -50.468162270701797, -21.620660206335003 ], [ -50.468169036120599, -21.620683036789096 ], [ -50.468176508496299, -21.620706385026697 ], [ -50.468184687828803, -21.620730251047892 ], [ -50.468195821003, -21.620760763871989 ], [ -50.468202315869497, -21.620779058086505 ], [ -50.468208442053999, -21.620797213035406 ], [ -50.468216036794402, -21.620821202998489 ], [ -50.468222976100002, -21.620844945378195 ], [ -50.468229259970698, -21.620868440174693 ], [ -50.468234888406606, -21.620891687387786 ], [ -50.468237456836498, -21.620903218150602 ], [ -50.468241002246309, -21.620920398240099 ], [ -50.468244178973897, -21.620937439064001 ], [ -50.468248885541698, -21.620965094424097 ], [ -50.468253146280702, -21.620991271600289 ], [ -50.468256961190797, -21.621015970592588 ], [ -50.468260330272003, -21.621039191400993 ], [ -50.468263253524498, -21.6210609340256 ], [ -50.468265730948097, -21.621081198466396 ], [ -50.468267375024411, -21.621096470717603 ], [ -50.468268281690797, -21.621108335245001 ], [ -50.468268712640302, -21.621116574248301 ], [ -50.468269098822503, -21.621129426731095 ], [ -50.468269172714301, -21.621142871987004 ], [ -50.4682690484807, -21.621152164809494 ], [ -50.468268601888298, -21.621166598020888 ], [ -50.468267843005499, -21.621181624005501 ], [ -50.468266771832099, -21.621197242763301 ], [ -50.468264857815797, -21.621218989865501 ], [ -50.468262388616402, -21.621241790786705 ], [ -50.468243172188103, -21.621402940692093 ], [ -50.468241602316397, -21.621414935386298 ], [ -50.468238358806403, -21.621435891143104 ], [ -50.468236036466003, -21.621449043356993 ], [ -50.468233431949798, -21.621462629640892 ], [ -50.468228464032101, -21.6214862380473 ], [ -50.468221467886401, -21.621516159724788 ], [ -50.468213343037398, -21.621547817682 ], [ -50.468201238828698, -21.621592107797198 ], [ -50.468188235884803, -21.621638064348595 ], [ -50.468174334205699, -21.621685687336097 ], [ -50.468159533791599, -21.6217349767598 ], [ -50.468064803652602, -21.622045668236801 ], [ -50.468054692146502, -21.622079432551701 ], [ -50.468042345857803, -21.622121695076 ], [ -50.4680287382606, -21.622170093042289 ], [ -50.4680215471762, -21.622196769054391 ], [ -50.468015086197198, -21.622221672990989 ], [ -50.468011184491999, -21.622237291128794 ], [ -50.468005940355397, -21.622259241605889 ], [ -50.4680014263242, -21.622279420007299 ], [ -50.467997642398501, -21.622297826332993 ], [ -50.467995525395501, -21.622309112730296 ], [ -50.467992648046, -21.622325950071701 ], [ -50.467990876872101, -21.622337344208791 ], [ -50.467988440699799, -21.622354689278598 ], [ -50.467986963644002, -21.622366421901301 ], [ -50.4679849686488, -21.622384274699385 ], [ -50.467983785711098, -21.622396345807697 ], [ -50.467982231892996, -21.622414706334204 ], [ -50.467980230432403, -21.622445984182995 ], [ -50.467979158676499, -21.622471615735996 ], [ -50.467978663683603, -21.622491194810699 ], [ -50.467977815483607, -21.622548105193385 ], [ -50.4679769263455, -21.622587056535391 ], [ -50.467975636055797, -21.622625771846693 ], [ -50.46797426718701, -21.622654572299595 ], [ -50.467972414642901, -21.622682146838301 ], [ -50.467971079750299, -21.622697178646803 ], [ -50.467969912807803, -21.622708016233304 ], [ -50.467968330344107, -21.622720078391101 ], [ -50.467966965344608, -21.62272854025699 ], [ -50.467965135309697, -21.6227376327641 ], [ -50.467963572253304, -21.622743718909398 ], [ -50.467961964978997, -21.622748436323 ], [ -50.467959742367299, -21.622753828391094 ], [ -50.467956904418102, -21.622759895113795 ], [ -50.4679534511315, -21.622766636490891 ], [ -50.467949382507499, -21.622774052522598 ], [ -50.467944698546198, -21.622782143208788 ], [ -50.4679393992473, -21.622790908549494 ], [ -50.467931376324103, -21.622803645132997 ], [ -50.467914703931598, -21.622828820176288 ], [ -50.467896505746999, -21.622855053601402 ], [ -50.467878150053899, -21.622880384355501 ], [ -50.467859636852303, -21.622904812438499 ], [ -50.467840966142099, -21.622928337850595 ], [ -50.467815776679899, -21.62295868227789 ], [ -50.46776644145131, -21.62301731543289 ], [ -50.467661978254107, -21.623140723351888 ], [ -50.467626145555897, -21.62318350134769 ], [ -50.467591840951002, -21.623224811305697 ], [ -50.467567115308697, -21.623254830374393 ], [ -50.467559019124799, -21.6232649292538 ], [ -50.467546940635501, -21.623280595606797 ], [ -50.467538932167002, -21.6232913851982 ], [ -50.4675309587847, -21.623302451074395 ], [ -50.4675230204885, -21.623313793235397 ], [ -50.467511178830698, -21.62333132451089 ], [ -50.467495512755107, -21.623355666541688 ], [ -50.467479987024198, -21.623381113711694 ], [ -50.467464601637801, -21.623407666020892 ], [ -50.467449356596099, -21.623435323469394 ], [ -50.467441786704399, -21.623449566620796 ], [ -50.467430473123905, -21.623471426288997 ], [ -50.467419201692799, -21.623493872958594 ], [ -50.467411710821899, -21.6235091635169 ], [ -50.467396785279199, -21.623540527302101 ], [ -50.467378233724702, -21.623581199537099 ], [ -50.467359799252201, -21.623623502331711 ], [ -50.467341481861503, -21.623667435685697 ], [ -50.467330547626403, -21.623694578366607 ], [ -50.467319705430498, -21.623722127162285 ], [ -50.467289976110997, -21.623799070333202 ], [ -50.4672781819758, -21.623830260024391 ], [ -50.467264667197298, -21.62386664468989 ], [ -50.467254837686902, -21.623893670463499 ], [ -50.467243778689301, -21.623924850232203 ], [ -50.467235913803698, -21.623947712088391 ], [ -50.467227750817599, -21.623972662695696 ], [ -50.467220971763197, -21.623994297525499 ], [ -50.467213629724696, -21.624018436818986 ], [ -50.467197256695201, -21.624074228796896 ], [ -50.467178631729098, -21.624140038629601 ], [ -50.467157754826403, -21.624215866316899 ], [ -50.467127548355997, -21.624328023021391 ], [ -50.467096679286598, -21.624443889053598 ], [ -50.467067195626001, -21.624556028117791 ], [ -50.467040529441704, -21.6246591837096 ], [ -50.467031854140501, -21.624691372992803 ], [ -50.46702148631671, -21.624727572095903 ], [ -50.467013573099806, -21.624753301377602 ], [ -50.467005998587098, -21.624776159547604 ], [ -50.466998762778402, -21.624796146605799 ], [ -50.466991865673798, -21.624813262552205 ], [ -50.466988544135504, -21.624820743858496 ], [ -50.466985307273298, -21.624827507386893 ], [ -50.466972614638301, -21.624852193367499 ], [ -50.466961510056002, -21.624873390852283 ], [ -50.466947234756503, -21.624900092421093 ], [ -50.466925956854901, -21.624939111857607 ], [ -50.4669063246074, -21.624976829346785 ], [ -50.466881332128303, -21.625026460309602 ], [ -50.466828586623002, -21.625133469227698 ], [ -50.466798085997702, -21.625194172387406 ], [ -50.4667628936377, -21.625262577988007 ], [ -50.4667429400982, -21.625300633506189 ], [ -50.466718679059099, -21.625346322890092 ], [ -50.466703107885998, -21.625376457095705 ], [ -50.466695628060002, -21.62539137328379 ], [ -50.466684790521597, -21.625413558922592 ], [ -50.466677820296503, -21.625428223586198 ], [ -50.466667747159498, -21.625450031938197 ], [ -50.466661286535199, -21.625464445077405 ], [ -50.4666519777996, -21.62548587614269 ], [ -50.4666431277047, -21.625507080835995 ], [ -50.466634736250697, -21.6255280591573 ], [ -50.466629396748502, -21.625541918942496 ], [ -50.466621769695799, -21.625562519977098 ], [ -50.466614574467599, -21.625582824359899 ], [ -50.466607757431198, -21.625602691531494 ], [ -50.466601318586697, -21.625622121491993 ], [ -50.466595257934003, -21.625641114241301 ], [ -50.466589575473201, -21.625659669779498 ], [ -50.466584271204297, -21.62567778810649 ], [ -50.466579345127101, -21.625695469222293 ], [ -50.466574797241904, -21.625712713126997 ], [ -50.466570627548499, -21.625729519820506 ], [ -50.466565656255597, -21.625751248638995 ], [ -50.466560405711199, -21.6257770819456 ], [ -50.4665562780676, -21.62580076202239 ], [ -50.466554942266598, -21.625809620196698 ], [ -50.466553276340001, -21.625822249754687 ], [ -50.466552015743197, -21.6258340900687 ], [ -50.4665511604762, -21.625845141138701 ], [ -50.466550710539011, -21.625855402964589 ], [ -50.466550635764101, -21.625861805713001 ], [ -50.466550741135798, -21.625867857686295 ], [ -50.466551236968101, -21.625876277942805 ], [ -50.466552138130197, -21.625883908955288 ], [ -50.4665536324448, -21.625893226908094 ], [ -50.466554871430098, -21.625899684119592 ], [ -50.466556681076405, -21.6259075853974 ], [ -50.466558670912299, -21.625914677146596 ], [ -50.466560840937802, -21.625920959367203 ], [ -50.4665631911529, -21.625926432059096 ], [ -50.466565072063602, -21.625930005325003 ], [ -50.466567737610397, -21.625934061341905 ], [ -50.466571270546403, -21.625938183814799 ], [ -50.466574875471807, -21.625941804804803 ], [ -50.466579284882691, -21.625945530022694 ], [ -50.466583028975599, -21.625948117729102 ], [ -50.466587605387502, -21.625950603006597 ], [ -50.4665922728909, -21.625952411953104 ], [ -50.4665969170224, -21.625953623878509 ], [ -50.466602103099802, -21.625954423558092 ], [ -50.466607039249403, -21.6259545617554 ], [ -50.466611725471097, -21.625954038470386 ], [ -50.466615543310297, -21.625953063454705 ], [ -50.466619175176199, -21.625951394017889 ], [ -50.466626274710698, -21.625947317254798 ], [ -50.466636218358701, -21.625941029417099 ], [ -50.4666490061202, -21.625932530504802 ], [ -50.466679191256901, -21.625911660554593 ], [ -50.466719084309602, -21.625883283209191 ], [ -50.466742050572201, -21.625866619115182 ], [ -50.466757901749901, -21.625854854391299 ], [ -50.466771921568409, -21.6258440674629 ], [ -50.466787279883299, -21.6258313816552 ], [ -50.466798093666704, -21.6258229027443 ], [ -50.466811961879799, -21.625812634434698 ], [ -50.466833915003697, -21.625797046540995 ], [ -50.4668413839387, -21.625791370736689 ], [ -50.466853188792498, -21.625782047290588 ], [ -50.466878924539799, -21.625760903065295 ], [ -50.466916249424699, -21.625729213777596 ], [ -50.466961728557102, -21.625689751685492 ], [ -50.467012222693199, -21.625645284314395 ], [ -50.467041531082906, -21.625618917602303 ], [ -50.467059091712102, -21.625602560301306 ], [ -50.467067015468999, -21.625594712841899 ], [ -50.467086062183597, -21.625574699293292 ], [ -50.467286224522603, -21.625398354701002 ], [ -50.467322439295103, -21.625366216822794 ], [ -50.467382538503301, -21.625312114637303 ], [ -50.467442314278799, -21.625257338633094 ] ] ] } },
{ "type": "Feature", "properties": { "CHAVE": "3074952", "FAZENDA": "307495", "NOME_FAZ": "FAZENDA SANTO ANTONIO", "ZONA": 999.0, "TALHAO": 2.0, "AREA_TOTAL": 15.130259415371839, "TIPO_GEO": "TALHAO", "DATA_INICI": null, "DATA_FINAL": null, "HORA_INICI": null, "HORA_FINAL": null, "CLASSE": null, "PILOTO": null, "AERONAVE": null, "AREA_HA": null }, "geometry": { "type": "Polygon", "coordinates": [ [ [ -50.4742308435669, -21.620547919343789 ], [ -50.474228464922703, -21.620548647295497 ], [ -50.474225339659597, -21.620549961264395 ], [ -50.4742192518545, -21.620553030999801 ], [ -50.4742142600441, -21.620555810011506 ], [ -50.474202036566503, -21.62056312608641 ], [ -50.474186826613298, -21.620572786229783 ], [ -50.474168630184501, -21.6205847904419 ], [ -50.474147447280004, -21.62059913872249 ], [ -50.4741232778998, -21.620615831071699 ], [ -50.474028902491703, -21.620682122716889 ], [ -50.473871844782799, -21.620793196300991 ], [ -50.473715256013399, -21.620904406076502 ], [ -50.473644422335497, -21.620955188413596 ], [ -50.473563817033401, -21.621013550251494 ], [ -50.473488006398405, -21.621069100853106 ], [ -50.473416990430501, -21.621121840218191 ], [ -50.473361473050197, -21.621163642216889 ], [ -50.4730699601757, -21.6213849509918 ], [ -50.473037269711597, -21.62140996978529 ], [ -50.473002720924697, -21.621436881930297 ], [ -50.472973277341502, -21.621460400904098 ], [ -50.472960470001297, -21.621470887951688 ], [ -50.472945378904697, -21.621483551115098 ], [ -50.4729297057861, -21.621497259337399 ], [ -50.472912043716498, -21.621513560171191 ], [ -50.4728990140596, -21.621525351186801 ], [ -50.472876826763397, -21.621544869281699 ], [ -50.472852990427199, -21.621565190416501 ], [ -50.472820558763999, -21.621592114214202 ], [ -50.472797991031399, -21.621611190089311 ], [ -50.472768083602197, -21.621636997230503 ], [ -50.4727393814563, -21.621662162168988 ], [ -50.4726852528403, -21.621710348926296 ], [ -50.4726208001929, -21.6217684738054 ], [ -50.472554480888299, -21.621828899944298 ], [ -50.472466129425797, -21.621910067594097 ], [ -50.472437448653899, -21.621936103145991 ], [ -50.472398448514802, -21.621971175625095 ], [ -50.472347029558797, -21.622016970391105 ], [ -50.472280672446502, -21.622075509875202 ], [ -50.472218336352903, -21.622130068510703 ], [ -50.472165361878197, -21.622175996624197 ], [ -50.472113590422303, -21.622220354933805 ], [ -50.4720630219852, -21.622263143439593 ], [ -50.472013656566901, -21.622304362141595 ], [ -50.471965494167399, -21.622344011039608 ], [ -50.471918534786802, -21.62238209013379 ], [ -50.4718732836862, -21.622418222729003 ], [ -50.471823248235197, -21.6224575132171 ], [ -50.471785191127502, -21.622486801986494 ], [ -50.471757127398803, -21.622507972657395 ], [ -50.471731180965499, -21.62252713413319 ], [ -50.471707351827703, -21.622544286413792 ], [ -50.471690869449603, -21.62255583208999 ], [ -50.4713564114587, -21.622781815439687 ], [ -50.4712408629984, -21.622860361014098 ], [ -50.471171417776297, -21.6229079766631 ], [ -50.4711080422218, -21.622951793858295 ], [ -50.471059865811405, -21.622985406590885 ], [ -50.470991203675297, -21.623033775213692 ], [ -50.470959819657303, -21.623055664425195 ], [ -50.470923081261702, -21.623080932803802 ], [ -50.470889111340703, -21.623103875476104 ], [ -50.4708579098941, -21.623124492441896 ], [ -50.470834942038501, -21.623139311505895 ], [ -50.470813746006598, -21.623152642117898 ], [ -50.470789063545801, -21.623167721913294 ], [ -50.470754564246903, -21.623188375181304 ], [ -50.470724898428202, -21.623205762710693 ], [ -50.470695144925202, -21.623222859219993 ], [ -50.470660321682104, -21.623242437330408 ], [ -50.470613030083001, -21.623268333193902 ], [ -50.470556836804704, -21.623298425295303 ], [ -50.470491407063001, -21.623332900212795 ], [ -50.470390361726203, -21.623385597163686 ], [ -50.470354305182603, -21.623404696371992 ], [ -50.470317323593797, -21.623424521609991 ], [ -50.470269795762803, -21.623450324136908 ], [ -50.470220822548598, -21.623477261085291 ], [ -50.470170403951101, -21.623505332455206 ], [ -50.470107700023, -21.623540620499899 ], [ -50.470073071056703, -21.6235597693071 ], [ -50.470035278404403, -21.623580271185499 ], [ -50.469979966912199, -21.62360971180091 ], [ -50.4699347923262, -21.623633370845496 ], [ -50.469869638255503, -21.623667021015798 ], [ -50.469817081735698, -21.6236938372266 ], [ -50.469742085086601, -21.623731696951811 ], [ -50.469661464106998, -21.623771962136896 ], [ -50.4694711879118, -21.623866191746391 ], [ -50.469314503343199, -21.623944114986195 ], [ -50.469188161929402, -21.624007285686602 ], [ -50.469056066123905, -21.624073752618795 ], [ -50.468953186490999, -21.624125905679406 ], [ -50.468869301689708, -21.6241688112429 ], [ -50.468804995704097, -21.62420217129819 ], [ -50.4687834295109, -21.624213546370402 ], [ -50.468760268533998, -21.624225985845303 ], [ -50.468747093261896, -21.624233269985488 ], [ -50.468737514098699, -21.624238800868994 ], [ -50.468545705008196, -21.624355356573098 ], [ -50.468502345116001, -21.624381951557599 ], [ -50.468472584327898, -21.624400564171086 ], [ -50.468464973750997, -21.624405553095198 ], [ -50.468455258709305, -21.624412537133797 ], [ -50.468382613001801, -21.624465157417784 ], [ -50.468346531215197, -21.624491681600105 ], [ -50.468301311331103, -21.624525673602097 ], [ -50.468259133328402, -21.62455807745371 ], [ -50.468204391494403, -21.624600888706194 ], [ -50.4681834014714, -21.624617610214898 ], [ -50.468168119707101, -21.624630080482401 ], [ -50.4681491619002, -21.624646377808702 ], [ -50.468107770534402, -21.624682820799691 ], [ -50.468037112133601, -21.624745554005798 ], [ -50.467987818648602, -21.624789563644697 ], [ -50.467952433955901, -21.624821715607286 ], [ -50.467915397124003, -21.624855895499202 ], [ -50.4678767081529, -21.624892103320196 ], [ -50.467836367042707, -21.624930339070506 ], [ -50.467794373793403, -21.624970602749887 ], [ -50.467761794639998, -21.625002131337997 ], [ -50.467716910147203, -21.625045943893596 ], [ -50.467658749536909, -21.625103102569597 ], [ -50.467611757690406, -21.625148725202493 ], [ -50.467552707010903, -21.625205164314995 ], [ -50.467493310918897, -21.625260948784291 ], [ -50.467457507465603, -21.625294105237284 ], [ -50.4674215796637, -21.625327026018798 ], [ -50.467361423663903, -21.625381370273399 ], [ -50.467313050167, -21.625424374334198 ], [ -50.467206065395402, -21.625518375536696 ], [ -50.467092910494799, -21.625617098212892 ], [ -50.466985773560197, -21.6257097965686 ], [ -50.466914890894401, -21.625770544398897 ], [ -50.466877358676598, -21.625802209445894 ], [ -50.466850773272199, -21.625824351718592 ], [ -50.466825528232803, -21.6258451169805 ], [ -50.466801623558297, -21.6258645052317 ], [ -50.466764761022802, -21.625893758959592 ], [ -50.4667444306546, -21.625909475182006 ], [ -50.466725440651508, -21.625923814393708 ], [ -50.466707791013199, -21.625936776594596 ], [ -50.466676611925799, -21.625959177913487 ], [ -50.4666631617524, -21.625969103391107 ], [ -50.466651141128999, -21.625978199012504 ], [ -50.466640550055601, -21.625986464777601 ], [ -50.4666313885322, -21.625993900686403 ], [ -50.466623656558802, -21.626000506738993 ], [ -50.466615571005299, -21.6260080239215 ], [ -50.466611174648598, -21.626012693642799 ], [ -50.466609037938497, -21.626015345759097 ], [ -50.466607536584007, -21.626017629050303 ], [ -50.466605997782999, -21.626021292684097 ], [ -50.466603116236698, -21.626029171067792 ], [ -50.466601789347301, -21.626033424243289 ], [ -50.466601388670902, -21.626035548080598 ], [ -50.466602067669903, -21.6260384451687 ], [ -50.466604398995798, -21.626046144844199 ], [ -50.466613339107802, -21.626073961717893 ], [ -50.466617167224697, -21.626084251510388 ], [ -50.4666215976454, -21.626094514434698 ], [ -50.466624545003597, -21.626100659292604 ], [ -50.4666277091913, -21.626106794477995 ], [ -50.466633464680399, -21.626116998292396 ], [ -50.466638502730397, -21.626125141998795 ], [ -50.466643926254903, -21.626133268509705 ], [ -50.4666719578399, -21.626172681287205 ], [ -50.466674233540601, -21.62617493034319 ], [ -50.466677143196797, -21.626177037208301 ], [ -50.466755150115198, -21.626225725428103 ], [ -50.466767232476201, -21.626233018319393 ], [ -50.466778720629598, -21.626239687426203 ], [ -50.466789614575198, -21.626245732748387 ], [ -50.4667999143131, -21.626251154286209 ], [ -50.466809619843403, -21.626255952039401 ], [ -50.466815760081502, -21.626258803994599 ], [ -50.466824475265497, -21.626262562106913 ], [ -50.4668299552728, -21.626264720968194 ], [ -50.4668376801107, -21.626267439439594 ], [ -50.466842499887299, -21.626268905207006 ], [ -50.466849234378998, -21.626270584037599 ], [ -50.466882669591108, -21.626277212381694 ], [ -50.466886476662502, -21.626277842246104 ], [ -50.466899400436198, -21.626277314031405 ], [ -50.466931882271901, -21.626275555383888 ], [ -50.4669601803745, -21.626273906149489 ], [ -50.466979027504102, -21.6262726287795 ], [ -50.466994504803999, -21.626271366345311 ], [ -50.467006612274098, -21.626270118846904 ], [ -50.467015349914497, -21.626268886284205 ], [ -50.467020057105898, -21.6262678705579 ], [ -50.467027449697497, -21.626265351080097 ], [ -50.467044288028198, -21.626259010326212 ], [ -50.4671040392303, -21.626235471936592 ], [ -50.4671889718797, -21.626201297912505 ], [ -50.4672531479032, -21.626174814023795 ], [ -50.467312627845303, -21.626149745966295 ], [ -50.467376235715399, -21.626122492449195 ], [ -50.467443971513497, -21.626093053472189 ], [ -50.467515681813701, -21.626061544085189 ], [ -50.467551780817097, -21.626045947766897 ], [ -50.467587530969702, -21.626030840530898 ], [ -50.467622932271702, -21.626016222377398 ], [ -50.467669591350997, -21.625997492300993 ], [ -50.467715630251298, -21.625979631704503 ], [ -50.467761048972498, -21.625962640587808 ], [ -50.467783525766102, -21.625954471084395 ], [ -50.467816950247411, -21.625942624398089 ], [ -50.4678500258781, -21.625931266794101 ], [ -50.467950131614899, -21.625897818134703 ], [ -50.468055588978103, -21.625862170239504 ], [ -50.468141384642898, -21.625832866594003 ], [ -50.468256544703699, -21.625793162257697 ], [ -50.468297178389399, -21.625779313254181 ], [ -50.468354712998597, -21.625760203477391 ], [ -50.468400381226701, -21.625745387815684 ], [ -50.468448207115706, -21.625730157871999 ], [ -50.468498190665798, -21.625714513646198 ], [ -50.468550331876898, -21.625698455138295 ], [ -50.468604630749006, -21.6256819823484 ], [ -50.468699923671302, -21.625653607071694 ], [ -50.468841944693303, -21.625612229087995 ], [ -50.468920458152603, -21.625589095744697 ], [ -50.4690130579745, -21.625561248759798 ], [ -50.469082704230303, -21.625539826927501 ], [ -50.469164220047901, -21.625514119331505 ], [ -50.469224999100199, -21.625494409010098 ], [ -50.469281837173298, -21.625475459360295 ], [ -50.469360192184297, -21.625448492622898 ], [ -50.469410101235397, -21.625431633520492 ], [ -50.469470599830103, -21.625411865422407 ], [ -50.4695290009589, -21.6253935481908 ], [ -50.469563034852698, -21.625383254267899 ], [ -50.469596313658698, -21.625373482656901 ], [ -50.469628837377101, -21.6253642333578 ], [ -50.4696606060078, -21.625355506370799 ], [ -50.469691619550801, -21.62534730169569 ], [ -50.469722328884103, -21.625339496493002 ], [ -50.469753635764, -21.625331845083792 ], [ -50.469785540190301, -21.625324347467902 ], [ -50.469818042163105, -21.625317003645403 ], [ -50.469851141682398, -21.625309813616404 ], [ -50.4698848387482, -21.625302777380689 ], [ -50.469919133360499, -21.625295894938393 ], [ -50.4699540255193, -21.625289166289505 ], [ -50.469989515224498, -21.625282591433901 ], [ -50.470025602476298, -21.625276170371809 ], [ -50.470074606784998, -21.625267765972396 ], [ -50.470099320357299, -21.625263296323094 ], [ -50.470136577093797, -21.625256103379495 ], [ -50.470174057483902, -21.625248324272196 ], [ -50.470199168662703, -21.625242812554294 ], [ -50.470224379243099, -21.625237040319192 ], [ -50.470249689225099, -21.625231007566892 ], [ -50.470275098608802, -21.625224714297481 ], [ -50.470300607394101, -21.625218160510904 ], [ -50.470326215580997, -21.625211346207202 ], [ -50.470351923169503, -21.625204271386288 ], [ -50.470377730159697, -21.625196936048201 ], [ -50.470403636551502, -21.625189340192989 ], [ -50.470442682517202, -21.625177457940495 ], [ -50.470494928582902, -21.625160889024304 ], [ -50.470546756616898, -21.625144207525505 ], [ -50.4706108773361, -21.625123284471801 ], [ -50.470661642452903, -21.625106489084899 ], [ -50.4707244345257, -21.625085423671099 ], [ -50.470774136725403, -21.625068514396101 ], [ -50.470835600151801, -21.6250473066222 ], [ -50.470895926162903, -21.625026168084204 ], [ -50.470963430107197, -21.625002151024297 ], [ -50.47101521139161, -21.624983409453801 ], [ -50.471062927219101, -21.624965824834405 ], [ -50.4710981727522, -21.6249525901437 ], [ -50.471138570757397, -21.624937088036191 ], [ -50.471181869836606, -21.624920014814901 ], [ -50.471195878671402, -21.624914703915792 ], [ -50.471209988536998, -21.624909586657605 ], [ -50.471231342768498, -21.624902273847294 ], [ -50.471252924319302, -21.624895396729098 ], [ -50.471274733189603, -21.624888955303298 ], [ -50.471289398724998, -21.624884903070601 ], [ -50.471311586460999, -21.624879187798488 ], [ -50.471334001516503, -21.624873908218603 ], [ -50.471356643891397, -21.624869064330895 ], [ -50.4713718650966, -21.624866077123709 ], [ -50.471394886337301, -21.624861959389797 ], [ -50.471450326417099, -21.624852990931188 ], [ -50.471500967108199, -21.6248445095477 ], [ -50.471545401962402, -21.624836839262194 ], [ -50.4716014049216, -21.624826911960806 ], [ -50.471670438422301, -21.624814333302002 ], [ -50.471757048165699, -21.624798178473092 ], [ -50.471831347054199, -21.624784100581191 ], [ -50.471867435570402, -21.624776977660211 ], [ -50.471872420310099, -21.624775894742594 ], [ -50.471876161246399, -21.624774915166199 ], [ -50.471895992466997, -21.624768908098805 ], [ -50.471935566510801, -21.624756364492391 ], [ -50.471987346414302, -21.624739656434997 ], [ -50.472056472817599, -21.624716831342496 ], [ -50.472131661404603, -21.62469142725929 ], [ -50.472167742130509, -21.624678911134097 ], [ -50.4722027820169, -21.6246661209954 ], [ -50.472219886657498, -21.624659626121097 ], [ -50.472242262160805, -21.624650862787504 ], [ -50.4722641454537, -21.624641981166601 ], [ -50.472280234910109, -21.624635242324896 ], [ -50.472311583217902, -21.624621565031902 ], [ -50.472355128853401, -21.624601615465199 ], [ -50.472395894898497, -21.624582319411989 ], [ -50.472425678133, -21.624567574132797 ], [ -50.472439397272503, -21.624560455304 ], [ -50.472449800712198, -21.624554822375099 ], [ -50.472473786953302, -21.6245411105226 ], [ -50.472490931046799, -21.624530884472701 ], [ -50.472513689770103, -21.624516931591689 ], [ -50.472538833014703, -21.624501144214715 ], [ -50.4725614399471, -21.624486689731896 ], [ -50.472582524463498, -21.624472918590495 ], [ -50.472601082879599, -21.624460448884502 ], [ -50.472617115195497, -21.624449280613689 ], [ -50.472628122255998, -21.624441283030389 ], [ -50.472639607591397, -21.624432457343104 ], [ -50.4726485668265, -21.624424933091102 ], [ -50.472658585126503, -21.624415386300104 ], [ -50.472669153771399, -21.624404552724286 ], [ -50.4726820464589, -21.624390497941992 ], [ -50.472697588883598, -21.624372552532094 ], [ -50.472710671148398, -21.624356626033705 ], [ -50.472723265320703, -21.624340404389599 ], [ -50.472737189565208, -21.624321713505203 ], [ -50.472752443882101, -21.624300553380287 ], [ -50.472769028271202, -21.624276924015099 ], [ -50.472799770042698, -21.6242324117522 ], [ -50.472823870500598, -21.624198112724201 ], [ -50.472858015485002, -21.624150300224592 ], [ -50.472895713985999, -21.624098309756789 ], [ -50.472933733934198, -21.62404661875301 ], [ -50.472971616953998, -21.623996099663891 ], [ -50.472998617912701, -21.623960925507298 ], [ -50.473031108927003, -21.623919621074492 ], [ -50.4730469529404, -21.623899242795002 ], [ -50.473061533505202, -21.623880172601805 ], [ -50.4730748506216, -21.623862410494908 ], [ -50.473088790398897, -21.623843341312607 ], [ -50.473106451997197, -21.623818568298894 ], [ -50.473181244030407, -21.623712659170401 ], [ -50.473211921030703, -21.623668250598993 ], [ -50.4732397342935, -21.623626785946502 ], [ -50.473262317734601, -21.623591984810091 ], [ -50.473297625123998, -21.623536151646704 ], [ -50.473359384069099, -21.623437249659894 ], [ -50.473452200732403, -21.623287255720701 ], [ -50.47351597754411, -21.623183492600592 ], [ -50.4735848089624, -21.623070551801096 ], [ -50.473605653478103, -21.62303717173199 ], [ -50.473627352914399, -21.623003125212403 ], [ -50.473659835134697, -21.622953331239902 ], [ -50.473844409208702, -21.622674518788198 ], [ -50.473931446222608, -21.622543894361101 ], [ -50.4739934090981, -21.622451803615213 ], [ -50.474012371792696, -21.622424138695504 ], [ -50.474028639725802, -21.622400953734697 ], [ -50.474044393951402, -21.622379037800901 ], [ -50.474059634469498, -21.622358390894092 ], [ -50.474077619505898, -21.622334642181396 ], [ -50.474095805880502, -21.622311031328199 ], [ -50.474144306533297, -21.622249225035002 ], [ -50.474159734319997, -21.622229330627803 ], [ -50.474182857579301, -21.622198871443196 ], [ -50.474207759256501, -21.622165370741914 ], [ -50.474234439351299, -21.622128828523799 ], [ -50.474297033098907, -21.622042250488601 ], [ -50.474354299855101, -21.621963768398 ], [ -50.474415003184902, -21.621881035495193 ], [ -50.4745539900346, -21.621692220647699 ], [ -50.474555298259702, -21.621689309991499 ], [ -50.474562686651197, -21.621670632555887 ], [ -50.474563851847101, -21.621667010956994 ], [ -50.474564791850504, -21.621663330263598 ], [ -50.474565694889009, -21.621658330747696 ], [ -50.474566197585197, -21.621653226175006 ], [ -50.474566299939198, -21.621648016545393 ], [ -50.474566001951104, -21.621642701858988 ], [ -50.4745653036208, -21.621637282115792 ], [ -50.474564204948301, -21.6216317573158 ], [ -50.474561894655409, -21.621622958002497 ], [ -50.474559443311804, -21.621614866933591 ], [ -50.474555870380101, -21.621604247681493 ], [ -50.474552366837599, -21.621594639996903 ], [ -50.474543924935809, -21.621573356515395 ], [ -50.4745376317207, -21.621559039997098 ], [ -50.474531293324702, -21.621545942721792 ], [ -50.474522374389402, -21.621528825779407 ], [ -50.474513847893199, -21.6215133948172 ], [ -50.4745002398857, -21.621490009382192 ], [ -50.474467751698597, -21.621436369356193 ], [ -50.474443024071697, -21.621394854861595 ], [ -50.4744234694586, -21.621361413711401 ], [ -50.474413088617801, -21.621342731149095 ], [ -50.474407040903301, -21.621331156498805 ], [ -50.474402963361499, -21.621322937716609 ], [ -50.474399278600401, -21.621315115110484 ], [ -50.474395986620003, -21.621307688680393 ], [ -50.47439308742031, -21.621300658426406 ], [ -50.474390581001302, -21.621294024348497 ], [ -50.4743884673629, -21.6212877864468 ], [ -50.474386746505303, -21.621281944721002 ], [ -50.474384651431301, -21.621272673392195 ], [ -50.474382596091203, -21.621260748560093 ], [ -50.474380580485096, -21.621246170224698 ], [ -50.474378116853103, -21.621224215816596 ], [ -50.4743761906483, -21.621203667099 ], [ -50.474374304177303, -21.621180464878108 ], [ -50.4743701243071, -21.6211190028719 ], [ -50.474367262283707, -21.621082512811398 ], [ -50.4743652525203, -21.6210604080953 ], [ -50.4743630233448, -21.621038145369205 ], [ -50.474358820470002, -21.621000689692703 ], [ -50.474356006195798, -21.620978005606993 ], [ -50.4743529725095, -21.620955163511294 ], [ -50.474349719411201, -21.620932163405694 ], [ -50.4743462469009, -21.620909005290194 ], [ -50.474342572644098, -21.620885806729582 ], [ -50.474338820300297, -21.620863390676995 ], [ -50.474335007534997, -21.620841874697103 ], [ -50.474331134348397, -21.620821258789992 ], [ -50.474324544767306, -21.620788899106394 ], [ -50.474317787348902, -21.620759039624996 ], [ -50.474310862093098, -21.62073168034561 ], [ -50.474306626377697, -21.620716464874999 ], [ -50.474302330240903, -21.62070214947709 ], [ -50.474293891051502, -21.62067573535499 ], [ -50.474284754057201, -21.620648002495098 ], [ -50.474277529827901, -21.620626874571595 ], [ -50.474269810287097, -21.620605308943382 ], [ -50.474262853990503, -21.620587064132188 ], [ -50.474254100032198, -21.620565457418685 ], [ -50.474248788116697, -21.620553494644795 ], [ -50.474247077240499, -21.620550256005298 ], [ -50.474245996418603, -21.620548845863997 ], [ -50.474244362594298, -21.620548397779583 ], [ -50.474241132893503, -21.620548037895595 ], [ -50.474231752906903, -21.620547775124397 ], [ -50.4742308435669, -21.620547919343789 ] ] ] } },
{ "type": "Feature", "properties": { "CHAVE": "3074951", "FAZENDA": "307495", "NOME_FAZ": "FAZENDA SANTO ANTONIO", "ZONA": 999.0, "TALHAO": 1.0, "AREA_TOTAL": 9.1559489105295384, "TIPO_GEO": "TALHAO", "DATA_INICI": null, "DATA_FINAL": null, "HORA_INICI": null, "HORA_FINAL": null, "CLASSE": null, "PILOTO": null, "AERONAVE": null, "AREA_HA": null }, "geometry": { "type": "Polygon", "coordinates": [ [ [ -50.480741654107703, -21.621130463343686 ], [ -50.480642791635198, -21.621124189266904 ], [ -50.480349367425298, -21.621112833249803 ], [ -50.480151578573505, -21.621118180404494 ], [ -50.479794347793998, -21.621109606603095 ], [ -50.479196319374203, -21.621091330054501 ], [ -50.478788057351998, -21.621081102927995 ], [ -50.477875812878501, -21.621067801835597 ], [ -50.476676605160698, -21.621020783539596 ], [ -50.475712530059205, -21.621006561802389 ], [ -50.475701511738599, -21.621010813899996 ], [ -50.4756999201784, -21.621015996531405 ], [ -50.475698969560703, -21.621020833552205 ], [ -50.475697793124802, -21.621028882540504 ], [ -50.475696885297999, -21.621038637902295 ], [ -50.475696520932999, -21.621050152315291 ], [ -50.475696904777699, -21.621061810128797 ], [ -50.475698033089003, -21.621073609863288 ], [ -50.475700078345, -21.621087207456895 ], [ -50.4757024730852, -21.621099181318002 ], [ -50.475705901521302, -21.621112952549694 ], [ -50.475709506544199, -21.621125078344107 ], [ -50.475714382066698, -21.62113934580649 ], [ -50.475719373114302, -21.621152510663904 ], [ -50.475725905700699, -21.621168334304187 ], [ -50.475731385112901, -21.621180746696606 ], [ -50.475743866396002, -21.621208075562294 ], [ -50.475753357618899, -21.62122966191259 ], [ -50.475765157713106, -21.621257283601299 ], [ -50.475782396836202, -21.621298427966202 ], [ -50.475792187827501, -21.621321058890207 ], [ -50.475798935361901, -21.6213361707564 ], [ -50.475806761769398, -21.62135314660831 ], [ -50.4758214931447, -21.621383476797018 ], [ -50.475827118917202, -21.621395399714689 ], [ -50.475832390793897, -21.621407151612896 ], [ -50.475838249903703, -21.621421028145395 ], [ -50.475842743209803, -21.62143240380119 ], [ -50.475847668035001, -21.621445828842692 ], [ -50.4758973478718, -21.621590595944394 ], [ -50.475900734370597, -21.621603056491896 ], [ -50.475907470051197, -21.621629883217707 ], [ -50.475934639778401, -21.621741651138397 ], [ -50.475943335117499, -21.621776594344393 ], [ -50.475952955439901, -21.6218136296885 ], [ -50.4759616876702, -21.621845323392691 ], [ -50.475969531808403, -21.621871675457097 ], [ -50.475975390186498, -21.621889555091503 ], [ -50.476008130627399, -21.621980637304791 ], [ -50.476013000147198, -21.621993571350487 ], [ -50.47601752860831, -21.622004527415481 ], [ -50.476021716010806, -21.622013505499901 ], [ -50.4760255623547, -21.622020505603704 ], [ -50.476027357629697, -21.622023263912798 ], [ -50.476029067640098, -21.622025527726692 ], [ -50.476081014747102, -21.622082141817799 ], [ -50.476091189660103, -21.622093054830295 ], [ -50.47610117512, -21.622103493876189 ], [ -50.476110971126801, -21.622113458955802 ], [ -50.476127658267103, -21.622129757363304 ], [ -50.47614376520729, -21.622144604248593 ], [ -50.476152708675102, -21.622152436479197 ], [ -50.476159375442897, -21.622158051057404 ], [ -50.476171780658802, -21.622167759401492 ], [ -50.4761859772441, -21.622178013316496 ], [ -50.476195355052702, -21.622184427539388 ], [ -50.476205377754198, -21.622191038167795 ], [ -50.476227357836301, -21.622204848641196 ], [ -50.476251917490401, -21.622219444736494 ], [ -50.476280375063503, -21.6222356365876 ], [ -50.4763585827586, -21.622279244047498 ], [ -50.4764841105847, -21.622348460453402 ], [ -50.476616297670397, -21.622420913459901 ], [ -50.476739617850903, -21.622487968441 ], [ -50.476806134611799, -21.622523824562201 ], [ -50.476867044862303, -21.622556398032899 ], [ -50.477032540925698, -21.622643940448093 ], [ -50.4771491374227, -21.622705965339698 ], [ -50.477207807164802, -21.622737416702694 ], [ -50.4772696780174, -21.622771024752097 ], [ -50.477361060971504, -21.622821388666281 ], [ -50.477450334361201, -21.622871293803485 ], [ -50.477477052029101, -21.622886579564298 ], [ -50.477503028450698, -21.622901746386489 ], [ -50.477528263626198, -21.622916794270097 ], [ -50.477552757555507, -21.622931723214993 ], [ -50.477584263078199, -21.622951443459204 ], [ -50.477614450829904, -21.622970952256996 ], [ -50.4776433208105, -21.622990249608289 ], [ -50.477670873020202, -21.623009335513196 ], [ -50.477684154960897, -21.623018799173192 ], [ -50.4777291809594, -21.62305143050289 ], [ -50.477803132920499, -21.623105455166989 ], [ -50.477878635588603, -21.623161252516496 ], [ -50.477906073207002, -21.623182007334798 ], [ -50.477926927956901, -21.623198399084085 ], [ -50.477946809066999, -21.623214602295299 ], [ -50.477965716537298, -21.623230616968499 ], [ -50.477983650367797, -21.623246443103508 ], [ -50.477996461789608, -21.623258188976592 ], [ -50.478012691750401, -21.623273685169991 ], [ -50.478024225269898, -21.623285183586805 ], [ -50.478045579446601, -21.623307002839095 ], [ -50.478055344227798, -21.623316636135691 ], [ -50.478064498476002, -21.623325389898593 ], [ -50.478073042191198, -21.623333264127698 ], [ -50.478080975373501, -21.623340258822989 ], [ -50.478088298022897, -21.623346373984493 ], [ -50.478095010139299, -21.623351609612197 ], [ -50.478101111722602, -21.623355965706203 ], [ -50.47810660277311, -21.62335944226631 ], [ -50.478111483290597, -21.623362039292694 ], [ -50.478117290504599, -21.623364595640108 ], [ -50.4781264428469, -21.623368270073296 ], [ -50.478134309375299, -21.623370927375191 ], [ -50.478140890089797, -21.623372567545701 ], [ -50.478145507299303, -21.623373163852602 ], [ -50.478146836440402, -21.623373196559292 ], [ -50.478149660269501, -21.623372596777998 ], [ -50.478157698335998, -21.6233701677806 ], [ -50.478170299189998, -21.623365903592497 ], [ -50.478187462831499, -21.623359804213695 ], [ -50.478209189260497, -21.623351869644299 ], [ -50.478245255501797, -21.623338435477496 ], [ -50.478327890015002, -21.6233070751478 ], [ -50.478563751988197, -21.623216248736885 ], [ -50.478732470029399, -21.623151476922803 ], [ -50.478924645800497, -21.623077926930396 ], [ -50.4792262281643, -21.622962772178703 ], [ -50.479341471510999, -21.622918528011997 ], [ -50.479544920741198, -21.622839793391602 ], [ -50.479750626992207, -21.622759394898399 ], [ -50.479928743040297, -21.622689157597385 ], [ -50.480108517307599, -21.622617697859091 ], [ -50.480245344403798, -21.62256271371049 ], [ -50.480316592210301, -21.622533715293692 ], [ -50.480359570559898, -21.622516046379396 ], [ -50.4804172578025, -21.622492038053196 ], [ -50.480451195776197, -21.622477695865907 ], [ -50.480495322454701, -21.622458677630195 ], [ -50.480520220052497, -21.62244766217 ], [ -50.4805507861671, -21.622433634024784 ], [ -50.480566643388798, -21.622425945291596 ], [ -50.480578884460201, -21.622419587249198 ], [ -50.480583648939501, -21.622416907237 ], [ -50.480587509381103, -21.622414559897596 ], [ -50.480590465785198, -21.622412545230812 ], [ -50.480592518151703, -21.622410863236802 ], [ -50.480600730506509, -21.622401047466401 ], [ -50.480606089548701, -21.622394293917885 ], [ -50.480608873568499, -21.622390518669388 ], [ -50.480610787698701, -21.622387617349684 ], [ -50.4806118319392, -21.622385589958892 ], [ -50.480612027001101, -21.622384412104097 ], [ -50.480611692360497, -21.622382368102507 ], [ -50.480610562893602, -21.622377539773407 ], [ -50.480607404522907, -21.622365790865103 ], [ -50.480601499098697, -21.622345249076094 ], [ -50.480594533884997, -21.622321783489198 ], [ -50.480582611048405, -21.622282804754096 ], [ -50.480577541311291, -21.62226724066339 ], [ -50.4805721781727, -21.62225140568091 ], [ -50.480560571690901, -21.622218923040695 ], [ -50.480550003118097, -21.622191026449201 ], [ -50.4805386195411, -21.622162377380793 ], [ -50.480526420959897, -21.622132975835289 ], [ -50.480502219036502, -21.622076769856598 ], [ -50.480474831737098, -21.622014163124192 ], [ -50.480447807611704, -21.621953097639196 ], [ -50.480407195806599, -21.621862108048191 ], [ -50.480386991889105, -21.621816139820201 ], [ -50.480364050074797, -21.621762495829497 ], [ -50.480354292057299, -21.62173895111129 ], [ -50.480345675966099, -21.621717591244494 ], [ -50.480338201801402, -21.621698416229194 ], [ -50.480323384557899, -21.621658798460796 ], [ -50.48031386614371, -21.621633856389888 ], [ -50.480305536562902, -21.621612857879391 ], [ -50.480298692368102, -21.621596783788501 ], [ -50.480296045605201, -21.621589372575595 ], [ -50.480294623443001, -21.621584401944705 ], [ -50.480293475158, -21.621579407455904 ], [ -50.480292600750104, -21.621574389109291 ], [ -50.480292000219301, -21.621569346904892 ], [ -50.480291673565603, -21.621564280842598 ], [ -50.4802916260305, -21.621559210044193 ], [ -50.480291920510297, -21.62155436397099 ], [ -50.480292572729297, -21.621549799988099 ], [ -50.480293296659703, -21.621546562122806 ], [ -50.480294221818497, -21.621543482933408 ], [ -50.480295348205502, -21.621540562419799 ], [ -50.480296675820703, -21.62153780058209 ], [ -50.480298204664201, -21.621535197420194 ], [ -50.480299934735903, -21.621532752934201 ], [ -50.480301866035802, -21.621530467123996 ], [ -50.480303983125701, -21.621528327155303 ], [ -50.480307675746197, -21.621524877856597 ], [ -50.480312335261999, -21.621520896974708 ], [ -50.480316408501203, -21.621517711470187 ], [ -50.480321524759397, -21.621514047141396 ], [ -50.480325978617302, -21.621511125431091 ], [ -50.480330748730097, -21.621508261844703 ], [ -50.4803403969931, -21.621503389828096 ], [ -50.480361670679798, -21.621493702574099 ], [ -50.480392555036197, -21.621480368198203 ], [ -50.480477727961301, -21.621444752558808 ], [ -50.480541686987408, -21.621417798502698 ], [ -50.480630086568709, -21.621380261374497 ], [ -50.4807485871005, -21.621329678380789 ], [ -50.480797908592102, -21.621308836636199 ], [ -50.480812131887902, -21.621269377657804 ], [ -50.480814086249197, -21.621168718572008 ], [ -50.480788653056301, -21.621144777786714 ], [ -50.480741654107703, -21.621130463343686 ] ] ] } },
{ "type": "Feature", "properties": { "CHAVE": "3074952", "FAZENDA": "307495", "NOME_FAZ": "FAZENDA SANTO ANTONIO", "ZONA": 999.0, "TALHAO": 2.0, "AREA_TOTAL": 9.3336859340267715, "TIPO_GEO": "TALHAO", "DATA_INICI": null, "DATA_FINAL": null, "HORA_INICI": null, "HORA_FINAL": null, "CLASSE": null, "PILOTO": null, "AERONAVE": null, "AREA_HA": null }, "geometry": { "type": "Polygon", "coordinates": [ [ [ -50.475904205935898, -21.621872255000408 ], [ -50.475902114025601, -21.621869643037002 ], [ -50.475900157378703, -21.621868096830401 ], [ -50.47589695220271, -21.621866181303595 ], [ -50.475890238273202, -21.621862745167292 ], [ -50.4758824158423, -21.621859099394484 ], [ -50.475870877432797, -21.621854028727704 ], [ -50.475857296335001, -21.621848324088504 ], [ -50.475840459408602, -21.621841783446392 ], [ -50.4758335222634, -21.621839378051291 ], [ -50.475826501249003, -21.621837252711902 ], [ -50.475820107398, -21.621835822592782 ], [ -50.475817631968802, -21.621835542002682 ], [ -50.475814528852602, -21.621835428037897 ], [ -50.4758094149621, -21.621835535279509 ], [ -50.475804847242706, -21.621835810106898 ], [ -50.475791748225298, -21.621837099357997 ], [ -50.47576988513471, -21.621840089968494 ], [ -50.475742480244001, -21.621844528534293 ], [ -50.47570204862901, -21.621851636313409 ], [ -50.475658721285697, -21.621859680188507 ], [ -50.475624711386303, -21.621866207618481 ], [ -50.475594243255898, -21.621872392991101 ], [ -50.475563069889901, -21.621879124620804 ], [ -50.475531191288397, -21.621886402507801 ], [ -50.475504087065403, -21.621892884693406 ], [ -50.4754820510692, -21.621898343570397 ], [ -50.475420774365197, -21.621914150410486 ], [ -50.475339656612391, -21.621935615538391 ], [ -50.475267215252202, -21.621955336243705 ], [ -50.475234269906998, -21.621964698912908 ], [ -50.475204170400197, -21.621973608155901 ], [ -50.475173255663798, -21.621983234932202 ], [ -50.475139580462503, -21.621994345494095 ], [ -50.4751181952103, -21.622001130881895 ], [ -50.475095686635797, -21.622007789885199 ], [ -50.475077681882702, -21.622012657752997 ], [ -50.475065787201601, -21.622015586938605 ], [ -50.4750567888074, -21.622017545362592 ], [ -50.4750481397679, -21.622019061708297 ], [ -50.4750398400829, -21.622020135975795 ], [ -50.475031889752401, -21.622020768164997 ], [ -50.475024288776503, -21.622020958275897 ], [ -50.475017037155197, -21.622020706308593 ], [ -50.4750101348885, -21.622020012263 ], [ -50.475005187452403, -21.622019201614894 ], [ -50.474997249650499, -21.622017411658309 ], [ -50.474987762360101, -21.622014954647096 ], [ -50.474979866549909, -21.622012668538698 ], [ -50.474970403896002, -21.622009638889498 ], [ -50.474962528616402, -21.622006875582702 ], [ -50.474953090599001, -21.622003273295597 ], [ -50.4749468024104, -21.622000629073597 ], [ -50.474942083814, -21.621998433756904 ], [ -50.474935789078501, -21.621995223801299 ], [ -50.474929490602101, -21.621991690569295 ], [ -50.474923188384501, -21.621987834060899 ], [ -50.474916882425902, -21.621983654276193 ], [ -50.474910572726209, -21.621979151215093 ], [ -50.474905837996403, -21.621975561769201 ], [ -50.474899476221303, -21.621970457657305 ], [ -50.4748925188334, -21.621964571145494 ], [ -50.474884829247202, -21.621957796282 ], [ -50.474876407462403, -21.621950133066889 ], [ -50.474864850577397, -21.621939304803696 ], [ -50.474841165153002, -21.6219163160454 ], [ -50.4748144352832, -21.621889524167688 ], [ -50.474783207490702, -21.621857458468408 ], [ -50.4747569677833, -21.621829766709787 ], [ -50.474718901312102, -21.6217882961902 ], [ -50.4746905159951, -21.621756747152205 ], [ -50.4746875705017, -21.621753824894284 ], [ -50.474684357031698, -21.621751002518689 ], [ -50.474678088640999, -21.621746303703102 ], [ -50.474672062541906, -21.621742519609903 ], [ -50.474666580208201, -21.62173953787169 ], [ -50.4746594814115, -21.621736184049194 ], [ -50.4746533504524, -21.621733697791601 ], [ -50.474647073324, -21.621731519735199 ], [ -50.474640650026203, -21.621729649880205 ], [ -50.474634080559007, -21.621728088226405 ], [ -50.474626004254802, -21.621726621067609 ], [ -50.474619127946902, -21.621725748999186 ], [ -50.4746137161207, -21.621725425610101 ], [ -50.474608446457701, -21.6217254841496 ], [ -50.474603318957797, -21.6217259246175 ], [ -50.47459833362111, -21.621726747013895 ], [ -50.474593490447603, -21.62172795133889 ], [ -50.474588789437298, -21.621729537592397 ], [ -50.474583113091398, -21.6217320574961 ], [ -50.474580904749402, -21.621733232551403 ], [ -50.474578168553002, -21.621735244595207 ], [ -50.474572722409597, -21.621740295456199 ], [ -50.474565666047397, -21.621747785671602 ], [ -50.4745569994666, -21.621757715241202 ], [ -50.474542939240798, -21.621774749218403 ], [ -50.474530515483004, -21.621790370614697 ], [ -50.474516481506399, -21.621808431365292 ], [ -50.474500837311204, -21.621828931470091 ], [ -50.474464718264699, -21.621877249742692 ], [ -50.4743936866887, -21.621973913940206 ], [ -50.474327758341701, -21.622064252470295 ], [ -50.474258346436798, -21.622160246552003 ], [ -50.474224930764905, -21.622205679777007 ], [ -50.474204293401101, -21.622233165031211 ], [ -50.474188097667799, -21.622254356121598 ], [ -50.474137131236503, -21.622319346131391 ], [ -50.474107086826301, -21.622358242487103 ], [ -50.474085815768603, -21.6223864767206 ], [ -50.474064711232202, -21.622415508998003 ], [ -50.474042608837401, -21.622446966926596 ], [ -50.474016647693603, -21.622485031304397 ], [ -50.473970890104809, -21.6225530821178 ], [ -50.473911790296398, -21.622641625663093 ], [ -50.473846851719699, -21.622739406121205 ], [ -50.473689597933003, -21.622977050427398 ], [ -50.473666881321499, -21.623011828367911 ], [ -50.4736450156202, -21.6230459437751 ], [ -50.473615254972998, -21.623093530778998 ], [ -50.473565538440099, -21.623175225543502 ], [ -50.473529246478002, -21.623234530969011 ], [ -50.473428962899902, -21.623397091096198 ], [ -50.473356349566103, -21.623513942060193 ], [ -50.473323987274298, -21.623565532339896 ], [ -50.473293672110209, -21.623613431025998 ], [ -50.473282601551801, -21.623631308845901 ], [ -50.473276612437402, -21.6236413277651 ], [ -50.473271736329501, -21.623649826982501 ], [ -50.473267973227998, -21.623656806497902 ], [ -50.473265323132807, -21.623662266311506 ], [ -50.473264065971904, -21.623665363867307 ], [ -50.473263434877097, -21.623667606590896 ], [ -50.473263448365202, -21.623670141025194 ], [ -50.473263897144903, -21.623673085682096 ], [ -50.473264938557499, -21.623677313925501 ], [ -50.473266528563201, -21.623682299974703 ], [ -50.473268667162003, -21.623688043829695 ], [ -50.473271354353798, -21.623694545490398 ], [ -50.4732724511545, -21.623696771305298 ], [ -50.473274408547297, -21.623699993387199 ], [ -50.473276740570199, -21.6237030755007 ], [ -50.473278503379809, -21.623705052482688 ], [ -50.473281459785902, -21.623707901315395 ], [ -50.473284790822106, -21.6237106101796 ], [ -50.473288496488301, -21.623713179075288 ], [ -50.473292576784402, -21.623715608002609 ], [ -50.473297031710601, -21.623717896961391 ], [ -50.473301861266698, -21.623720045951696 ], [ -50.4733070654529, -21.623722054973602 ], [ -50.473310783145799, -21.623723317370096 ], [ -50.473319199330803, -21.623725665244898 ], [ -50.473328923247998, -21.623727777228897 ], [ -50.473339954897398, -21.623729653321991 ], [ -50.473355583457497, -21.6237316667168 ], [ -50.4733659413928, -21.623732697835596 ], [ -50.473380896238702, -21.623733866256003 ], [ -50.473397158816901, -21.623734798785595 ], [ -50.473423203181198, -21.623735961410194 ], [ -50.473443814896598, -21.623737383683199 ], [ -50.473455559723597, -21.623738472379994 ], [ -50.473466837898798, -21.623739737576592 ], [ -50.4734776494223, -21.623741179273001 ], [ -50.473487994294103, -21.623742797469202 ], [ -50.473497872514201, -21.623744592165099 ], [ -50.473510317571609, -21.623747259648198 ], [ -50.473521933025999, -21.623750240908706 ], [ -50.473530272731999, -21.623752765145888 ], [ -50.473538663413102, -21.623755713009494 ], [ -50.473547105069201, -21.623759084499302 ], [ -50.473555597700198, -21.62376287961531 ], [ -50.473564141306298, -21.623767098357707 ], [ -50.473572735887302, -21.623771740726294 ], [ -50.4735842746232, -21.623778589525301 ], [ -50.473592988145903, -21.623784220355301 ], [ -50.473601752643702, -21.623790274811405 ], [ -50.4736135179351, -21.623799006393892 ], [ -50.473622285723501, -21.623805965070495 ], [ -50.4736307575334, -21.623813094650998 ], [ -50.4736415928692, -21.623822866608506 ], [ -50.473649374063008, -21.623830394964401 ], [ -50.473656859278499, -21.623838094223991 ], [ -50.473664048515602, -21.623845964387499 ], [ -50.4736731737543, -21.623856723789 ], [ -50.473679672375198, -21.623864992727906 ], [ -50.473687876792397, -21.623876283830093 ], [ -50.473693684797098, -21.623884951544394 ], [ -50.473701382624199, -21.623897177984595 ], [ -50.473707245629498, -21.623906971021906 ], [ -50.473715182483197, -21.623920859347596 ], [ -50.47372325592341, -21.623935697322189 ], [ -50.473729400638597, -21.623947449010291 ], [ -50.4737377131055, -21.623963948870394 ], [ -50.473744037090597, -21.623976946972494 ], [ -50.473752588584098, -21.623995108718102 ], [ -50.473759091839099, -21.624009353234396 ], [ -50.4737694926256, -21.624033205223391 ], [ -50.473775348573199, -21.624047367907401 ], [ -50.473780916127701, -21.624061419209298 ], [ -50.473786195289001, -21.624075359129105 ], [ -50.473791186057099, -21.624089187666907 ], [ -50.4737958884321, -21.6241029048226 ], [ -50.473800302413899, -21.624116510596401 ], [ -50.473805739111398, -21.624134478366901 ], [ -50.473810663109802, -21.624152248124989 ], [ -50.473849399616398, -21.624301430495702 ], [ -50.473861361652197, -21.624349516316588 ], [ -50.473872147648002, -21.624394902148008 ], [ -50.473882425026801, -21.624439365792597 ], [ -50.4739210853785, -21.6246114450331 ], [ -50.473941925858206, -21.624702443495391 ], [ -50.473958679875402, -21.624773464553098 ], [ -50.473964271080106, -21.624795662850591 ], [ -50.473969631529101, -21.62481547821189 ], [ -50.473976007590203, -21.624836896409494 ], [ -50.473979660160104, -21.624847960125898 ], [ -50.473982023095601, -21.624854591269298 ], [ -50.473985459332098, -21.6248634209831 ], [ -50.473987678045198, -21.624868562791288 ], [ -50.473989839069503, -21.624873108865508 ], [ -50.473991942404801, -21.624877059205694 ], [ -50.473994989241, -21.6248818677145 ], [ -50.473997952094898, -21.624885700146297 ], [ -50.474001914471401, -21.624890425167401 ], [ -50.4740068865745, -21.624895712873499 ], [ -50.474010879563103, -21.62489944818239 ], [ -50.474014886157001, -21.624902743619199 ], [ -50.4740189063562, -21.624905599184 ], [ -50.4740229401608, -21.624908014876702 ], [ -50.474028001549001, -21.624910415922397 ], [ -50.474031383221302, -21.624911503074895 ], [ -50.474036684838197, -21.624912512724585 ], [ -50.474042892421409, -21.624913019646304 ], [ -50.474050005970909, -21.624913023840104 ], [ -50.474058025486599, -21.624912525305898 ], [ -50.474066950968599, -21.624911524043799 ], [ -50.474076782416901, -21.624910020053701 ], [ -50.474084750543497, -21.624908562145993 ], [ -50.474093281284702, -21.624906787075695 ], [ -50.474102745700201, -21.62490445419639 ], [ -50.474113196798498, -21.624901529130195 ], [ -50.47412463457961, -21.624898011876997 ], [ -50.474137059043599, -21.624893902436678 ], [ -50.474150470190402, -21.624889200809502 ], [ -50.474164868020097, -21.624883906995301 ], [ -50.474180252532598, -21.624878020994089 ], [ -50.474202300055907, -21.624869251812598 ], [ -50.474259940840803, -21.624845284275597 ], [ -50.474303002461703, -21.62482794307919 ], [ -50.474355556614398, -21.624807341654805 ], [ -50.474417603299003, -21.624783480002197 ], [ -50.474474075269598, -21.624762043315986 ], [ -50.474536622460597, -21.624738520083689 ], [ -50.4747706542461, -21.624651347150312 ], [ -50.4749348092056, -21.624589757369598 ], [ -50.475079335726797, -21.624535099113793 ], [ -50.475274448139501, -21.62446073774079 ], [ -50.475371036537901, -21.624424162205806 ], [ -50.475458027643, -21.624391582341808 ], [ -50.475547387353203, -21.624358622584598 ], [ -50.4756135843229, -21.62433470000769 ], [ -50.475681221622402, -21.624310768279688 ], [ -50.475721860395502, -21.624296216279895 ], [ -50.475765000142196, -21.624280581096297 ], [ -50.475822441819403, -21.624259513889701 ], [ -50.4759356844216, -21.62421732788189 ], [ -50.476061075495004, -21.624169865303294 ], [ -50.476174732182002, -21.624126477584703 ], [ -50.4762874550131, -21.624083174131293 ], [ -50.476399243988197, -21.6240399549431 ], [ -50.476567782872699, -21.623974490430811 ], [ -50.476703140660703, -21.623922369907 ], [ -50.476847369801, -21.623867294511403 ], [ -50.477103827245998, -21.6237699935797 ], [ -50.477274671323798, -21.623704583336284 ], [ -50.477426684559298, -21.623645825081496 ], [ -50.477700860649897, -21.623539064377997 ], [ -50.477790095115303, -21.623504737614304 ], [ -50.477809097260497, -21.623497696194693 ], [ -50.477941236454797, -21.623452229610304 ], [ -50.477967489702898, -21.623442841809602 ], [ -50.477986004545102, -21.623435946960289 ], [ -50.4780014622377, -21.623429896036409 ], [ -50.478013862780699, -21.623424689037993 ], [ -50.478023206174107, -21.623420325964897 ], [ -50.478028746091297, -21.623417304723102 ], [ -50.478034806200398, -21.623413307301895 ], [ -50.478040028744999, -21.6234090003924 ], [ -50.478042760240797, -21.623406267692197 ], [ -50.478044413725002, -21.623404383994504 ], [ -50.478046642682102, -21.623401465601297 ], [ -50.478047961140497, -21.623399458108096 ], [ -50.478049145588699, -21.623397401096895 ], [ -50.4780506709915, -21.623394222733396 ], [ -50.478051894871101, -21.623390932954194 ], [ -50.478052543277897, -21.623388677870398 ], [ -50.478052976017203, -21.6233851483032 ], [ -50.478052674331003, -21.623381426177897 ], [ -50.478051638219199, -21.623377511494603 ], [ -50.478050539463901, -21.623374794728896 ], [ -50.478049114297107, -21.623371992381891 ], [ -50.478047362719103, -21.623369104453495 ], [ -50.47804528472971, -21.623366130943612 ], [ -50.478041555724303, -21.623361510213794 ], [ -50.478035441277399, -21.623355049705907 ], [ -50.478029998612399, -21.62334997967379 ], [ -50.478023821521901, -21.623344717083597 ], [ -50.478012179510699, -21.623335302240903 ], [ -50.478002214613703, -21.623326766187493 ], [ -50.477991704595098, -21.623317311936187 ], [ -50.4779778004945, -21.623304202906006 ], [ -50.477966063952103, -21.623292682709202 ], [ -50.477953782288203, -21.623280244314305 ], [ -50.477940955502604, -21.623266887721492 ], [ -50.477920840795598, -21.623245465127695 ], [ -50.4779075366529, -21.623231816540994 ], [ -50.477894474452597, -21.623219030646197 ], [ -50.477878486933697, -21.623204261438111 ], [ -50.477872197775902, -21.623198731182498 ], [ -50.477862877449802, -21.623190840186094 ], [ -50.477853693216197, -21.623183434453807 ], [ -50.477844645075301, -21.623176513985701 ], [ -50.477832792586902, -21.623168041550301 ], [ -50.477818121993899, -21.623158193036197 ], [ -50.477803048579609, -21.623147807956791 ], [ -50.477778025574302, -21.623129912448906 ], [ -50.477755216195099, -21.623112962196807 ], [ -50.477717482568309, -21.623083898002012 ], [ -50.477702301475503, -21.623072634275498 ], [ -50.477685954803697, -21.623061017747986 ], [ -50.477668442552698, -21.623049048419489 ], [ -50.477649764722699, -21.62303672629 ], [ -50.4776299213135, -21.623024051359504 ], [ -50.477597970738998, -21.623004377462006 ], [ -50.4775635811828, -21.622983967618893 ], [ -50.477492808692503, -21.6229426179416 ], [ -50.477426459138997, -21.622904364363695 ], [ -50.477364196753598, -21.622868882609904 ], [ -50.47728326603, -21.622823134633695 ], [ -50.4771863947431, -21.622768672840497 ], [ -50.477095474002603, -21.622717775650095 ], [ -50.477041862036501, -21.6226880974293 ], [ -50.476986574919103, -21.622657817249394 ], [ -50.476929612650203, -21.622626935110091 ], [ -50.4768709752299, -21.622595451011595 ], [ -50.476786068587202, -21.622550361982199 ], [ -50.476605280301101, -21.622455180210199 ], [ -50.476464486211199, -21.622380751245991 ], [ -50.476385421079101, -21.622338766739606 ], [ -50.476331355598099, -21.622309543074188 ], [ -50.4762982248035, -21.622291242681904 ], [ -50.476267424296204, -21.622273887930593 ], [ -50.476238954076599, -21.622257478820298 ], [ -50.476219130662898, -21.622245792564598 ], [ -50.476194738446203, -21.622231038326088 ], [ -50.476172676517102, -21.622217229728605 ], [ -50.476152731088298, -21.622204194258693 ], [ -50.476138606460097, -21.622194477564495 ], [ -50.476125151257399, -21.622184775252794 ], [ -50.476116553025498, -21.622178315035402 ], [ -50.476100249129004, -21.622165413777502 ], [ -50.476088802203201, -21.622155754613804 ], [ -50.476081542822506, -21.622149323161796 ], [ -50.476074580964301, -21.622142898102005 ], [ -50.476067916628502, -21.622136479434488 ], [ -50.476061549815299, -21.622130067159301 ], [ -50.476055480524501, -21.622123661276383 ], [ -50.4760497087563, -21.622117261785693 ], [ -50.476044234510503, -21.622110868687397 ], [ -50.4760265925675, -21.622088995047299 ], [ -50.476012839468801, -21.6220711477153 ], [ -50.475998390848197, -21.622051377580696 ], [ -50.475990906505601, -21.622040588900699 ], [ -50.475985661708997, -21.622032740102906 ], [ -50.4759791599271, -21.622022598655288 ], [ -50.475973222134009, -21.622012888230287 ], [ -50.475966607338698, -21.622001703622296 ], [ -50.475960890875001, -21.621991606695399 ], [ -50.475955216916098, -21.621980926122294 ], [ -50.475950836554702, -21.621971811810003 ], [ -50.4759481744182, -21.621965412999 ], [ -50.475943896992803, -21.621953619338186 ], [ -50.475939662122897, -21.621943321337998 ], [ -50.475932566392899, -21.621927404504703 ], [ -50.475924699896602, -21.621910728358394 ], [ -50.475914060833198, -21.621889355585893 ], [ -50.475910179339699, -21.621882111274893 ], [ -50.475906308964099, -21.6218754563345 ], [ -50.475904205935898, -21.621872255000408 ] ] ] } },
{ "type": "Feature", "properties": { "CHAVE": "3074951", "FAZENDA": "307495", "NOME_FAZ": "FAZENDA SANTO ANTONIO", "ZONA": 999.0, "TALHAO": 1.0, "AREA_TOTAL": 10.123494517365097, "TIPO_GEO": "TALHAO", "DATA_INICI": null, "DATA_FINAL": null, "HORA_INICI": null, "HORA_FINAL": null, "CLASSE": null, "PILOTO": null, "AERONAVE": null, "AREA_HA": null }, "geometry": { "type": "Polygon", "coordinates": [ [ [ -50.476374656751801, -21.620940792263596 ], [ -50.476912099345398, -21.620952923037205 ], [ -50.477652083282599, -21.620968671074497 ], [ -50.478178388660403, -21.620973306096605 ], [ -50.478577006042599, -21.6210043831741 ], [ -50.478908723409603, -21.621011388303788 ], [ -50.479570584738902, -21.621019426311694 ], [ -50.480133498511798, -21.621045048418605 ], [ -50.480623089789603, -21.621058508945598 ], [ -50.4806709580633, -21.621052693098996 ], [ -50.480730097147898, -21.621017085710701 ], [ -50.480797216019702, -21.620980011879293 ], [ -50.480867354262003, -21.620990670203089 ], [ -50.4809358497007, -21.6210147453952 ], [ -50.481053952031999, -21.620992743951295 ], [ -50.481836621484597, -21.620667090552512 ], [ -50.48204915278081, -21.620588594951105 ], [ -50.482049011733601, -21.620580506297006 ], [ -50.482049185122499, -21.620573800255503 ], [ -50.482049631559001, -21.620567214398502 ], [ -50.482050527705802, -21.620559470013895 ], [ -50.482052070157401, -21.620550653634602 ], [ -50.482055551955597, -21.620535838398887 ], [ -50.4820579292576, -21.620524406086588 ], [ -50.482060012389198, -21.620512641449896 ], [ -50.482061601845203, -21.620501889275197 ], [ -50.48206210342051, -21.620496202346896 ], [ -50.482062302750599, -21.620490198071206 ], [ -50.482062199835397, -21.620483876447889 ], [ -50.482061794674898, -21.6204772374772 ], [ -50.482060620224203, -21.620466683994792 ], [ -50.482058765721703, -21.6204554164805 ], [ -50.482056657114299, -21.620445466988102 ], [ -50.482053755749199, -21.620434915627811 ], [ -50.482050017921708, -21.620423747943395 ], [ -50.482045443632003, -21.62041196393481 ], [ -50.482040032879901, -21.620399563602192 ], [ -50.482035102025399, -21.620389199582597 ], [ -50.482029635835005, -21.620378441115687 ], [ -50.482021880844805, -21.620364098221195 ], [ -50.482012611647903, -21.620347778526401 ], [ -50.482001800004902, -21.6203294253447 ], [ -50.481989445915801, -21.620309038676101 ], [ -50.4819755493806, -21.620286618520595 ], [ -50.481960110399299, -21.620262164878305 ], [ -50.481943189145902, -21.620235777495299 ], [ -50.481922400101197, -21.620204001885405 ], [ -50.481901556196803, -21.620172888918201 ], [ -50.481880657432697, -21.620142438593803 ], [ -50.481859703808702, -21.620112650912105 ], [ -50.481845704248499, -21.6200931605924 ], [ -50.481802615986297, -21.620033898620299 ], [ -50.481762010308707, -21.619977470883303 ], [ -50.481713371544799, -21.619909452912303 ], [ -50.481634811930199, -21.619799121037889 ], [ -50.481594105886103, -21.619742312883297 ], [ -50.481557492488101, -21.619691690308201 ], [ -50.481519949506897, -21.6196404485225 ], [ -50.481500997436399, -21.619614947578498 ], [ -50.481479865251998, -21.619586937385591 ], [ -50.481447314573202, -21.619544469932208 ], [ -50.481417527374603, -21.61950602310489 ], [ -50.481400672369503, -21.619484583844809 ], [ -50.481387108215905, -21.619467652188707 ], [ -50.481379323837999, -21.619458723319802 ], [ -50.481372604230998, -21.619451651251296 ], [ -50.481365129203702, -21.619444257397092 ], [ -50.481359726174297, -21.619439149390992 ], [ -50.481344749728002, -21.619425753681103 ], [ -50.4813276748921, -21.619411464121697 ], [ -50.481308501666703, -21.619396280712799 ], [ -50.481295990504499, -21.619386741619792 ], [ -50.481282890361697, -21.619376991421298 ], [ -50.481254822647003, -21.619356605128299 ], [ -50.481230797634197, -21.619339890229693 ], [ -50.481221738762102, -21.619333850598 ], [ -50.4812108153236, -21.6193268467254 ], [ -50.481203489038002, -21.619322380548297 ], [ -50.481196905289501, -21.619318588709003 ], [ -50.481191064078097, -21.6193154712074 ], [ -50.481185343981203, -21.6193127468628 ], [ -50.481178502153497, -21.619309853313506 ], [ -50.481170538594803, -21.619306790559598 ], [ -50.4811547732617, -21.619301309959489 ], [ -50.481139917533497, -21.619296587070195 ], [ -50.481127467051301, -21.6192928474978 ], [ -50.481099200894299, -21.619284860739079 ], [ -50.481060705679802, -21.619274744506203 ], [ -50.4810493063259, -21.619271954020096 ], [ -50.481032419580202, -21.619268055354407 ], [ -50.481010300184799, -21.619263392984802 ], [ -50.480988633664502, -21.619259343017003 ], [ -50.480967420019098, -21.619255905450888 ], [ -50.480951806984301, -21.619253729164988 ], [ -50.480941539817906, -21.6192524696833 ], [ -50.480921345141198, -21.619250410021195 ], [ -50.480901603339603, -21.619248962760697 ], [ -50.480877917299701, -21.619247828457301 ], [ -50.480851597483799, -21.619247115192703 ], [ -50.480827572320898, -21.619247108727492 ], [ -50.480816420234198, -21.619247370544699 ], [ -50.480805841810898, -21.619247809061797 ], [ -50.480795837050898, -21.619248424278791 ], [ -50.480786405953999, -21.619249216195595 ], [ -50.4807687911212, -21.619251322512792 ], [ -50.480721052253301, -21.619258030390899 ], [ -50.480657404411502, -21.619267627263099 ], [ -50.48056387993531, -21.619282282980098 ], [ -50.480473638852096, -21.619296863325303 ], [ -50.480453222787801, -21.619300024977601 ], [ -50.4804198380372, -21.619304673587099 ], [ -50.480402813793603, -21.619306808645405 ], [ -50.480381222362709, -21.619309300049501 ], [ -50.4803592852357, -21.6193115943219 ], [ -50.480337059387203, -21.619313665727901 ], [ -50.480319781870698, -21.619314841222401 ], [ -50.480307276773402, -21.619315369835608 ], [ -50.480291207363599, -21.619315603976396 ], [ -50.480275828300599, -21.619315300200689 ], [ -50.480261139584201, -21.619314458508693 ], [ -50.480250576087002, -21.619313474232108 ], [ -50.4802404009098, -21.619312187377396 ], [ -50.480233833191697, -21.619311161375492 ], [ -50.4802212155154, -21.619308705934291 ], [ -50.480206292193401, -21.619305355439398 ], [ -50.4801949837438, -21.619302640189598 ], [ -50.480181635941598, -21.619299202559898 ], [ -50.480171587907698, -21.619296417602204 ], [ -50.480155351793201, -21.619291469377412 ], [ -50.480146844267701, -21.619288599221001 ], [ -50.480138864505598, -21.619285689458199 ], [ -50.4801232238392, -21.619279414730595 ], [ -50.480107748945997, -21.619272464065489 ], [ -50.480098161319297, -21.619267776650293 ], [ -50.480090537841605, -21.619263836610592 ], [ -50.480082955807198, -21.619259727586606 ], [ -50.480073660975599, -21.619254429753408 ], [ -50.480064928626398, -21.619249172206299 ], [ -50.480058362666099, -21.6192450043043 ], [ -50.480050680114601, -21.619239842096601 ], [ -50.480044953992497, -21.619235750466089 ], [ -50.480039601131899, -21.619231692733997 ], [ -50.480034621532702, -21.619227668900393 ], [ -50.480030005012097, -21.619223671432405 ], [ -50.480024568333803, -21.619218581026399 ], [ -50.480019460307901, -21.619213355265995 ], [ -50.480015610516801, -21.619209077202502 ], [ -50.480011971063199, -21.619204712512097 ], [ -50.480007717533297, -21.619199134830101 ], [ -50.480003792655701, -21.619193421793696 ], [ -50.480000897036099, -21.619188764640203 ], [ -50.479997716788198, -21.619183022582291 ], [ -50.479995546969597, -21.619178524635796 ], [ -50.479993302670799, -21.619173021827407 ], [ -50.479991881611504, -21.619168715280392 ], [ -50.479990793333997, -21.61916449379979 ], [ -50.479990037838398, -21.619160357385692 ], [ -50.479989615124801, -21.619156306038111 ], [ -50.479989339067899, -21.619149060422 ], [ -50.479989287626601, -21.619142387838604 ], [ -50.479989443653999, -21.619134064093288 ], [ -50.479990070145398, -21.61912116598479 ], [ -50.4799920117459, -21.6190945589127 ], [ -50.4799953289846, -21.619087221993396 ], [ -50.480003940542197, -21.619069698168403 ], [ -50.480007937055802, -21.619062490213199 ], [ -50.480011705221997, -21.619056349387204 ], [ -50.480018309063503, -21.619046514045184 ], [ -50.480024684557698, -21.619037745832401 ], [ -50.480033381902203, -21.619026537463689 ], [ -50.4800415019822, -21.619016625062002 ], [ -50.480047595694501, -21.619009688634591 ], [ -50.480052517624202, -21.619004344211589 ], [ -50.480067830540506, -21.618988462670597 ], [ -50.480087440731097, -21.618968980438993 ], [ -50.480111348196097, -21.618945897516792 ], [ -50.480152038067807, -21.618907532265492 ], [ -50.480233707275303, -21.618831830978795 ], [ -50.480281789281399, -21.618786830651501 ], [ -50.480328047167603, -21.618742910210702 ], [ -50.480377551227001, -21.618695033905098 ], [ -50.480388755363101, -21.618684480218505 ], [ -50.4804032832361, -21.618671132903089 ], [ -50.480424194384298, -21.618652663930497 ], [ -50.480434253661002, -21.618644127844394 ], [ -50.4804472550546, -21.618633470663195 ], [ -50.480462846300803, -21.618621313187003 ], [ -50.4805000364222, -21.618593731555094 ], [ -50.480527835944102, -21.618572455524795 ], [ -50.480541583294702, -21.618561611094901 ], [ -50.480554312125598, -21.61855130696409 ], [ -50.480561989740501, -21.618544780519599 ], [ -50.480568919550102, -21.618538546324292 ], [ -50.480575101554301, -21.618532604378199 ], [ -50.480580535753205, -21.618526954681304 ], [ -50.4805852221468, -21.618521597233702 ], [ -50.480588246194699, -21.618517770936492 ], [ -50.480591623928902, -21.618512924924993 ], [ -50.480593666482299, -21.618509482204885 ], [ -50.480595889313797, -21.618504976268596 ], [ -50.480597774357598, -21.618500305618987 ], [ -50.480599321613703, -21.6184954702561 ], [ -50.480600260382602, -21.618491735640802 ], [ -50.480601009145801, -21.618487908374298 ], [ -50.480601567903499, -21.6184839884566 ], [ -50.480601936655603, -21.618479975887595 ], [ -50.4806021154021, -21.618475870667396 ], [ -50.480602104143102, -21.618471672796005 ], [ -50.480601797944701, -21.618465930841804 ], [ -50.4806005948628, -21.618455463861583 ], [ -50.480599539244402, -21.618449241548102 ], [ -50.4805982158856, -21.618442843829495 ], [ -50.480596624786301, -21.618436270705782 ], [ -50.480594765946698, -21.61842952217701 ], [ -50.4805908687268, -21.618417290183203 ], [ -50.480586379731498, -21.618404951326887 ], [ -50.4805816032001, -21.618393079362498 ], [ -50.480577280174998, -21.618383275000902 ], [ -50.480571969647897, -21.618372270121494 ], [ -50.480568000371697, -21.618364695345495 ], [ -50.480532040335298, -21.618299054230299 ], [ -50.480523381100099, -21.618284058582503 ], [ -50.480515573669898, -21.618271504103905 ], [ -50.480507228602598, -21.618258896802192 ], [ -50.480498345898098, -21.618246236677603 ], [ -50.480488925556401, -21.618233523729803 ], [ -50.480478967577497, -21.618220757958998 ], [ -50.480457791352698, -21.618194645584396 ], [ -50.480445973035302, -21.618180554506399 ], [ -50.480442050877599, -21.618176123478893 ], [ -50.480439453387397, -21.618173435459294 ], [ -50.480436937932303, -21.618171270110608 ], [ -50.480434441868802, -21.618169416850606 ], [ -50.4804319651968, -21.618167875679216 ], [ -50.480429857769103, -21.618166803072398 ], [ -50.480407993823398, -21.618158876647097 ], [ -50.480404845616199, -21.618158118346191 ], [ -50.480400900388403, -21.618157708071195 ], [ -50.480396158140003, -21.618157645822208 ], [ -50.480391597431201, -21.618157859801109 ], [ -50.480384282581497, -21.6181585654017 ], [ -50.480373478501001, -21.618160089102609 ], [ -50.480365451668398, -21.618161567829102 ], [ -50.480359068547003, -21.6181631410509 ], [ -50.480356232614199, -21.61816405589439 ], [ -50.480317992883798, -21.618178145485189 ], [ -50.480302321504297, -21.618184255384403 ], [ -50.480291620150801, -21.618188704010912 ], [ -50.480280715783401, -21.618193452925702 ], [ -50.480260082084797, -21.618202993665193 ], [ -50.480222984115699, -21.618221171921103 ], [ -50.480170631003205, -21.6182473751274 ], [ -50.480104348829201, -21.618280935972404 ], [ -50.480046870693002, -21.618310580290309 ], [ -50.479994694556403, -21.618338095877192 ], [ -50.4799495149243, -21.618362544268603 ], [ -50.479914314114602, -21.618381985901394 ], [ -50.479881490906301, -21.618400343906597 ], [ -50.479801978850098, -21.618445483121697 ], [ -50.479748573873302, -21.618476446605808 ], [ -50.479693014930099, -21.618509367231098 ], [ -50.479642633929501, -21.618539778245601 ], [ -50.479598137641403, -21.618567037462398 ], [ -50.479394222870603, -21.618693574737708 ], [ -50.479350751091104, -21.618720633887307 ], [ -50.479319439098902, -21.618740324873201 ], [ -50.479280561058502, -21.618765097618795 ], [ -50.479247076316803, -21.618786694542205 ], [ -50.4791771439928, -21.618832487394709 ], [ -50.479096838092602, -21.618885963537103 ], [ -50.478996854249402, -21.618953145751298 ], [ -50.478872897393103, -21.619037194825502 ], [ -50.478818681438298, -21.619073752576604 ], [ -50.478744670715102, -21.619123237280203 ], [ -50.478684313102399, -21.619163183236889 ], [ -50.478634149157102, -21.619195580334303 ], [ -50.478603652159798, -21.619214897317498 ], [ -50.478571822881896, -21.619234799287 ], [ -50.478538661323398, -21.619255286242801 ], [ -50.478504167484303, -21.619276358184798 ], [ -50.478422230733798, -21.619325691728395 ], [ -50.478386680211806, -21.61934736178409 ], [ -50.478344460076002, -21.61937364312589 ], [ -50.478304704403101, -21.619399028659096 ], [ -50.478274674277998, -21.619418692103491 ], [ -50.478239354638397, -21.619442465181194 ], [ -50.478212873339899, -21.61946083866119 ], [ -50.47816893172751, -21.619492092487103 ], [ -50.478130031674098, -21.619519231793703 ], [ -50.478089659840201, -21.619546808348201 ], [ -50.478047816225804, -21.619574822150696 ], [ -50.478004500830799, -21.619603273201101 ], [ -50.477922442208801, -21.619656341084788 ], [ -50.477855196112202, -21.619700160482598 ], [ -50.477802955109297, -21.619734466389204 ], [ -50.477714212293698, -21.619793197859092 ], [ -50.477674027959097, -21.619819569943207 ], [ -50.477621565144901, -21.619853379881999 ], [ -50.477582803099097, -21.61987764239451 ], [ -50.477566200276208, -21.619887729850699 ], [ -50.477550831516901, -21.619896859863008 ], [ -50.477486388562497, -21.619934626101994 ], [ -50.4773977099223, -21.619985936965698 ], [ -50.477330574617909, -21.620024388042005 ], [ -50.477282528713999, -21.620051639797595 ], [ -50.477233617123403, -21.620079168260904 ], [ -50.477076427675598, -21.620166843961591 ], [ -50.476963357573403, -21.620230359489199 ], [ -50.476859484665702, -21.620289238124681 ], [ -50.476758983606899, -21.620346841138293 ], [ -50.476686780025901, -21.620388671939192 ], [ -50.476612900527698, -21.62043196382319 ], [ -50.476550972338799, -21.620468615550799 ], [ -50.476431915153405, -21.620539494197804 ], [ -50.476335120388804, -21.620596568382794 ], [ -50.476252893826, -21.620644560941592 ], [ -50.476175779164706, -21.620688999024491 ], [ -50.4760892386142, -21.620738226764892 ], [ -50.476003721485803, -21.620786242315798 ], [ -50.4759350280763, -21.6208242397691 ], [ -50.475901686807902, -21.620842417049492 ], [ -50.4758617469735, -21.620863914851803 ], [ -50.4758479552331, -21.620871668574395 ], [ -50.475830456251302, -21.620882145785203 ], [ -50.475822088191208, -21.620887443925298 ], [ -50.475810012889603, -21.620895465553694 ], [ -50.475802280547498, -21.620900862918099 ], [ -50.475791158823, -21.62090903338299 ], [ -50.475784062199097, -21.620914529971781 ], [ -50.475775867902797, -21.620921197563696 ], [ -50.475803742973604, -21.620922588907888 ], [ -50.475864343652198, -21.620924271258904 ], [ -50.476060472896101, -21.620936819997194 ], [ -50.476374656751801, -21.620940792263596 ] ] ] } },
{ "type": "Feature", "properties": { "CHAVE": "3074951", "FAZENDA": "307495", "NOME_FAZ": "FAZENDA SANTO ANTONIO", "ZONA": 999.0, "TALHAO": 1.0, "AREA_TOTAL": 15.903280347891688, "TIPO_GEO": "TALHAO", "DATA_INICI": null, "DATA_FINAL": null, "HORA_INICI": null, "HORA_FINAL": null, "CLASSE": null, "PILOTO": null, "AERONAVE": null, "AREA_HA": null }, "geometry": { "type": "Polygon", "coordinates": [ [ [ -50.478269503451401, -21.615267076785493 ], [ -50.478268233520303, -21.615267578976205 ], [ -50.4782664959206, -21.615268778763788 ], [ -50.478264290652199, -21.615270676148199 ], [ -50.478260105871101, -21.615274830218912 ], [ -50.478252889322803, -21.615282810568885 ], [ -50.478246249281497, -21.615290627023093 ], [ -50.4782328442029, -21.615307142431199 ], [ -50.478220015631202, -21.615323493943496 ], [ -50.478205316385207, -21.615342635843298 ], [ -50.478179602134098, -21.615376591823999 ], [ -50.478159278997197, -21.615402776619497 ], [ -50.478136243226103, -21.615431811293 ], [ -50.478103633870397, -21.615472112276095 ], [ -50.478074494672406, -21.615507559175402 ], [ -50.478034256032998, -21.615555875440695 ], [ -50.477999013408002, -21.615597734565892 ], [ -50.477930368068698, -21.615678737402597 ], [ -50.477874348910902, -21.615745762300989 ], [ -50.477825151462604, -21.615805263878109 ], [ -50.4777856971386, -21.615853321028389 ], [ -50.4777002153076, -21.615958257816391 ], [ -50.477605969232698, -21.616074957921306 ], [ -50.477503479019298, -21.616202773106188 ], [ -50.477421344288402, -21.616305847091599 ], [ -50.477331912202509, -21.616418927104988 ], [ -50.477277823897602, -21.616487884223694 ], [ -50.477228162061103, -21.616551697696689 ], [ -50.477182926693096, -21.616610367524306 ], [ -50.477142117793505, -21.616663893706203 ], [ -50.477114415988801, -21.616700662825298 ], [ -50.476970852461001, -21.616892734525692 ], [ -50.476822446110603, -21.617093244185796 ], [ -50.476791472025297, -21.617134218814108 ], [ -50.476765358973097, -21.617167926582702 ], [ -50.476743905647602, -21.617195019802995 ], [ -50.476726944293603, -21.617216042067788 ], [ -50.4767101618786, -21.617236484500296 ], [ -50.476677052374797, -21.61727611152169 ], [ -50.476656488118401, -21.617301085379498 ], [ -50.47663191115241, -21.617331447561298 ], [ -50.476607443432002, -21.617362239073 ], [ -50.476583084956999, -21.617393459914698 ], [ -50.4765225642875, -21.617472269243201 ], [ -50.476452158794601, -21.6175631508968 ], [ -50.4763490156027, -21.617695591170886 ], [ -50.476250962183201, -21.617821058942301 ], [ -50.476168461874501, -21.61792620987951 ], [ -50.476091105973403, -21.618024380589105 ], [ -50.4760188944799, -21.618115571070792 ], [ -50.475943528707496, -21.61821020259061 ], [ -50.475851935677802, -21.618324353272293 ], [ -50.47580994550971, -21.61837628305291 ], [ -50.475770492906001, -21.618424782459797 ], [ -50.475719759821601, -21.618486747714307 ], [ -50.475662402941801, -21.618556369685397 ], [ -50.475533123870406, -21.618712000476094 ], [ -50.475490903660599, -21.618763859350494 ], [ -50.475445851701608, -21.618820185217405 ], [ -50.4754061452606, -21.618870535725687 ], [ -50.4753644723272, -21.618923988312197 ], [ -50.475329718105897, -21.618968983877696 ], [ -50.4752415374696, -21.619083701066192 ], [ -50.475189823681703, -21.619150563252802 ], [ -50.475162473398001, -21.619185550973899 ], [ -50.4751413360096, -21.619211902234586 ], [ -50.4751321743692, -21.619223569432002 ], [ -50.4751177826206, -21.619242520115897 ], [ -50.4751015645111, -21.619264523508686 ], [ -50.475052528765403, -21.619332923659289 ], [ -50.475010724774698, -21.619390306582694 ], [ -50.474969338648002, -21.619446494798787 ], [ -50.474908947288199, -21.619528009461504 ], [ -50.474885850381398, -21.619559475517296 ], [ -50.474859259454, -21.619596122595194 ], [ -50.474835202088691, -21.619629785793297 ], [ -50.474817780361299, -21.619654567958502 ], [ -50.474801980113703, -21.619677440440597 ], [ -50.474787801345897, -21.619698403239596 ], [ -50.474772343336703, -21.619721918323897 ], [ -50.474761724366402, -21.619738566799089 ], [ -50.4747506201942, -21.619756669980184 ], [ -50.474741926622798, -21.619771764924696 ], [ -50.474735643652302, -21.61978385163259 ], [ -50.474733030958397, -21.619789659703695 ], [ -50.474731771282698, -21.619792930103799 ], [ -50.474730897303097, -21.619795719185994 ], [ -50.474730309513902, -21.6197990003383 ], [ -50.474730558018798, -21.619804303648287 ], [ -50.4747316578257, -21.619811051885108 ], [ -50.474732677879203, -21.619815179293404 ], [ -50.474733982727102, -21.619819503991195 ], [ -50.474736951497903, -21.619827546939991 ], [ -50.474739039530803, -21.619832414183708 ], [ -50.4747408974767, -21.6198362479279 ], [ -50.474744114049308, -21.619841783469393 ], [ -50.474749322944, -21.619849384136 ], [ -50.474754440602801, -21.619856009661103 ], [ -50.474762025855298, -21.619864972807196 ], [ -50.474770931306601, -21.619874692886285 ], [ -50.4747833605105, -21.619887356132999 ], [ -50.4747905020009, -21.619894138026098 ], [ -50.4747987607062, -21.619901316993094 ], [ -50.474804887184597, -21.619906323567704 ], [ -50.4748150079147, -21.619914164324396 ], [ -50.474822375743102, -21.619919612092097 ], [ -50.474834358498001, -21.619928114638508 ], [ -50.474842967676203, -21.619934003599408 ], [ -50.474856812455997, -21.61994316793551 ], [ -50.474882369788602, -21.619959324215309 ], [ -50.474911030496003, -21.619976583478 ], [ -50.474947768865398, -21.6199979970322 ], [ -50.475026766102602, -21.620043765534092 ], [ -50.475100356759597, -21.620086078574989 ], [ -50.475109469054004, -21.620091520331304 ], [ -50.475123011899797, -21.6200999587418 ], [ -50.475136404030302, -21.620108728083494 ], [ -50.47514524838671, -21.620114758161996 ], [ -50.475162736145897, -21.620127259560498 ], [ -50.475179955967, -21.620140349281094 ], [ -50.475192694998498, -21.620150552657996 ], [ -50.475201103955499, -21.620157538759997 ], [ -50.4752177209159, -21.620171952205396 ], [ -50.475230007801798, -21.620183148375904 ], [ -50.475238042343001, -21.620190730518896 ], [ -50.475253034646002, -21.620205546190199 ], [ -50.475266591243397, -21.620219897042102 ], [ -50.475272831152409, -21.620226898160794 ], [ -50.475281518029, -21.620237181954703 ], [ -50.475289397321099, -21.620247204287583 ], [ -50.475294201524498, -21.620253740586801 ], [ -50.475298646801399, -21.620260160681099 ], [ -50.475304641729799, -21.620269572938501 ], [ -50.4753081896908, -21.620275702520708 ], [ -50.475311378725202, -21.620281715898091 ], [ -50.475314208833296, -21.620287613070502 ], [ -50.475321877379699, -21.620305566659887 ], [ -50.475329351630897, -21.620322287212595 ], [ -50.4753379120435, -21.6203406797379 ], [ -50.475347558617599, -21.620360744235906 ], [ -50.475365252352098, -21.620396325135797 ], [ -50.475388370371299, -21.620441561591193 ], [ -50.475405311644998, -21.620475080321498 ], [ -50.475439394236197, -21.620543641962897 ], [ -50.475466639252097, -21.620599284743001 ], [ -50.475500953721301, -21.620670009523401 ], [ -50.4755342374146, -21.620738902327496 ], [ -50.475561764443803, -21.620796293590494 ], [ -50.475568068023001, -21.620808831799899 ], [ -50.47557266477191, -21.620817440168693 ], [ -50.475580076619302, -21.620830272615397 ], [ -50.475587176715699, -21.620841211518801 ], [ -50.475591287133, -21.6208468659601 ], [ -50.475593965061002, -21.620850256878999 ], [ -50.4755991712765, -21.620856129815891 ], [ -50.475602945002706, -21.62085973923039 ], [ -50.475605398469909, -21.620861766798001 ], [ -50.475611444625997, -21.620866335360901 ], [ -50.475616213946502, -21.620869617008903 ], [ -50.475620923174098, -21.620872566921502 ], [ -50.475624415659006, -21.620874561654592 ], [ -50.475629019724302, -21.6208769310302 ], [ -50.475633563696803, -21.6208789686704 ], [ -50.475638047576602, -21.620880674575194 ], [ -50.4756413710505, -21.620881736302398 ], [ -50.475647289813203, -21.620883089672809 ], [ -50.475651341707803, -21.620883651086604 ], [ -50.475655769080198, -21.620884024543894 ], [ -50.475660571930298, -21.620884210045002 ], [ -50.475665750258209, -21.620884207589608 ], [ -50.475677233347199, -21.6208836388099 ], [ -50.475685723134802, -21.620882841942599 ], [ -50.475692528533003, -21.620882025009806 ], [ -50.475704641111399, -21.620880193360904 ], [ -50.475709654163801, -21.620879213180789 ], [ -50.475717326273703, -21.620877455247097 ], [ -50.475727840478299, -21.620874574363697 ], [ -50.475738680082699, -21.620871079798206 ], [ -50.475749845086902, -21.620866971550697 ], [ -50.475761335490901, -21.620862249620998 ], [ -50.475773151294597, -21.620856914009305 ], [ -50.475785292498102, -21.620850964715505 ], [ -50.4757984571797, -21.620844114839489 ], [ -50.475817988418697, -21.620833613628108 ], [ -50.4758563459621, -21.620812330754493 ], [ -50.475903451273098, -21.620785532883499 ], [ -50.476027484416797, -21.620713758593297 ], [ -50.476156184158597, -21.620639683031605 ], [ -50.476758048528097, -21.620294691849796 ], [ -50.477057527575603, -21.620122532783899 ], [ -50.477202383718598, -21.620038840645098 ], [ -50.477336820359298, -21.619960714103502 ], [ -50.477463658371299, -21.619886518649199 ], [ -50.477571583442199, -21.6198228878146 ], [ -50.4776309643103, -21.619787233188788 ], [ -50.477666751746597, -21.619765448121711 ], [ -50.477702658369502, -21.619743368836094 ], [ -50.477738684178902, -21.619720995331793 ], [ -50.477774829174805, -21.619698327608898 ], [ -50.477847476726303, -21.619652109507296 ], [ -50.477883979281899, -21.6196285591285 ], [ -50.477932834757297, -21.619596700950005 ], [ -50.478122690816299, -21.619472098312791 ], [ -50.478312687990403, -21.619346892393594 ], [ -50.478372565134897, -21.619307776314699 ], [ -50.4784243150851, -21.619274222972898 ], [ -50.478485187824297, -21.619235047920903 ], [ -50.478599128373197, -21.619162265620293 ], [ -50.478677412560103, -21.619111989727998 ], [ -50.478755046532704, -21.619061822228986 ], [ -50.4788918504847, -21.618972996493596 ], [ -50.478994436089003, -21.618906917644697 ], [ -50.4792305045506, -21.618756156488995 ], [ -50.479456829156398, -21.618611029119183 ], [ -50.47952684891731, -21.618566427721095 ], [ -50.479591862232397, -21.618525302003395 ], [ -50.4796446420332, -21.618492168144293 ], [ -50.479852262041803, -21.618362480157302 ], [ -50.479874861197402, -21.61834876807599 ], [ -50.479899340844298, -21.618334516341804 ], [ -50.479925700982598, -21.618319724954681 ], [ -50.479946705158603, -21.6183082772673 ], [ -50.479968767110996, -21.618296526025098 ], [ -50.479991886839798, -21.618284471228193 ], [ -50.480016064344902, -21.618272112876603 ], [ -50.480041299626301, -21.618259450970296 ], [ -50.480120486620997, -21.618220531677103 ], [ -50.4801447950937, -21.618208253509302 ], [ -50.480167582385697, -21.618196470765294 ], [ -50.480188848497001, -21.618185183445402 ], [ -50.480208593427598, -21.618174391549292 ], [ -50.48022681717741, -21.618164095077198 ], [ -50.480243519746601, -21.618154294029004 ], [ -50.480263423557602, -21.618141996624296 ], [ -50.480276576705101, -21.618133351565302 ], [ -50.480291806634398, -21.618122602482305 ], [ -50.480311077279801, -21.618108308843095 ], [ -50.4803263757018, -21.618096249001493 ], [ -50.480332535328998, -21.6180910567547 ], [ -50.480337701900403, -21.61808642295739 ], [ -50.480341875415803, -21.618082347609505 ], [ -50.480345055875503, -21.6180788307109 ], [ -50.480346624484199, -21.618076796361599 ], [ -50.480348149850698, -21.618074210212111 ], [ -50.480349232814611, -21.618070223278696 ], [ -50.480350026730299, -21.618065703592798 ], [ -50.480350238422503, -21.618062434081001 ], [ -50.480349999329498, -21.618059804101598 ], [ -50.48034966031161, -21.6180585883933 ], [ -50.480349094120797, -21.618057472829602 ], [ -50.480342330084397, -21.618047073469299 ], [ -50.480313094273406, -21.618003519325988 ], [ -50.4802614054408, -21.617927187837495 ], [ -50.480219728101297, -21.61786587564109 ], [ -50.480196822261398, -21.617832663091399 ], [ -50.480164725463297, -21.617786868376697 ], [ -50.480139486105898, -21.617751388854298 ], [ -50.480104277951099, -21.617702571509302 ], [ -50.4800767050762, -21.617664825014192 ], [ -50.480038385564697, -21.617612985038893 ], [ -50.4799982881351, -21.617559417846294 ], [ -50.479967048304104, -21.617518108965413 ], [ -50.479891151478597, -21.617418466879403 ], [ -50.479824988436697, -21.617330756650112 ], [ -50.479780427963199, -21.617271171323097 ], [ -50.479724219119909, -21.617195438843599 ], [ -50.479678845444099, -21.617133852203295 ], [ -50.479633110345098, -21.617071376090507 ], [ -50.479409830259605, -21.616764157211389 ], [ -50.479327723344397, -21.616651696748391 ], [ -50.479240520692798, -21.616532722092803 ], [ -50.479120097239303, -21.616369087859699 ], [ -50.478986020214407, -21.616187482332798 ], [ -50.478864332407802, -21.616023071336897 ], [ -50.478756211040803, -21.615877596780681 ], [ -50.47868695627421, -21.615784822934884 ], [ -50.478609016592799, -21.615680842741696 ], [ -50.478386995333203, -21.615386158997598 ], [ -50.478353112973799, -21.615340850706499 ], [ -50.478323153887096, -21.61530036427899 ], [ -50.478313415449399, -21.6152881074315 ], [ -50.478309054413501, -21.615283020029402 ], [ -50.478303766703299, -21.615277316404498 ], [ -50.478300196174203, -21.615273848369306 ], [ -50.478295962472998, -21.615270303900299 ], [ -50.478293182450599, -21.615268455231991 ], [ -50.478291517318198, -21.615267608349995 ], [ -50.478290002758499, -21.615267069918907 ], [ -50.4782865375293, -21.6152664013871 ], [ -50.478283835269302, -21.615266045122898 ], [ -50.478278617211501, -21.615265808757904 ], [ -50.478275482175803, -21.615265983432103 ], [ -50.478273044070498, -21.615266301732589 ], [ -50.478269503451401, -21.615267076785493 ] ] ] } },
{ "type": "Feature", "properties": { "CHAVE": "3074952", "FAZENDA": "307495", "NOME_FAZ": "FAZENDA SANTO ANTONIO", "ZONA": 999.0, "TALHAO": 2.0, "AREA_TOTAL": 0.18601400404649299, "TIPO_GEO": "TALHAO", "DATA_INICI": null, "DATA_FINAL": null, "HORA_INICI": null, "HORA_FINAL": null, "CLASSE": null, "PILOTO": null, "AERONAVE": null, "AREA_HA": null }, "geometry": { "type": "Polygon", "coordinates": [ [ [ -50.474591876243998, -21.619972312135104 ], [ -50.474587510600699, -21.619976312987699 ], [ -50.474583718908107, -21.619980533749793 ], [ -50.474579787527801, -21.619985560619593 ], [ -50.474576541848499, -21.619990162512796 ], [ -50.474559524124302, -21.620016344917097 ], [ -50.4745378996044, -21.620050435968505 ], [ -50.474509325810303, -21.620095956552298 ], [ -50.4744897236329, -21.620127599291596 ], [ -50.474469742620002, -21.6201602432374 ], [ -50.474443496090203, -21.620203685185391 ], [ -50.474414585351198, -21.62025218851069 ], [ -50.4743886706909, -21.6202961114689 ], [ -50.4743818927207, -21.620307820535704 ], [ -50.474378122110402, -21.6203146456821 ], [ -50.4743776863234, -21.620315833471491 ], [ -50.474377297960103, -21.620317581339908 ], [ -50.474376124052, -21.620325265782899 ], [ -50.474374660144399, -21.620337685614302 ], [ -50.4743731579185, -21.620352424780403 ], [ -50.474371906801103, -21.620369432162093 ], [ -50.474371685049, -21.620377099714901 ], [ -50.4743717929396, -21.620382350348503 ], [ -50.474372094095308, -21.620385818719093 ], [ -50.4743727371281, -21.620389499992001 ], [ -50.474373696399098, -21.6203928508566 ], [ -50.474374971908198, -21.620395871312898 ], [ -50.474376563655298, -21.620398561360904 ], [ -50.474378471640499, -21.620400921000691 ], [ -50.474380358115198, -21.620402573773692 ], [ -50.474382601490497, -21.620403844100892 ], [ -50.474385764649398, -21.620404863664994 ], [ -50.474388793205797, -21.620405292611203 ], [ -50.474392898582103, -21.620405302518186 ], [ -50.474397517895198, -21.620404761703206 ], [ -50.4744020966167, -21.620403799339801 ], [ -50.474407593411101, -21.6204023028743 ], [ -50.474415401420501, -21.620399802100795 ], [ -50.474422917975097, -21.620397130610588 ], [ -50.474436854054098, -21.620391745293695 ], [ -50.474457686156001, -21.620383162817085 ], [ -50.474488022503998, -21.62037037366909 ], [ -50.474534476328898, -21.620350487161797 ], [ -50.474554576747003, -21.62034216574429 ], [ -50.474594454458, -21.620326242995596 ], [ -50.474643830066803, -21.620307109808884 ], [ -50.474718667045799, -21.62027876775679 ], [ -50.474799992095697, -21.620248561069197 ], [ -50.474864416615802, -21.620225189811404 ], [ -50.474939270529902, -21.620198812766805 ], [ -50.474965394163199, -21.620189029710101 ], [ -50.474980741667402, -21.620182886056789 ], [ -50.474994434570597, -21.620177045111095 ], [ -50.4750064728726, -21.620171506873099 ], [ -50.475014415767198, -21.620167551846396 ], [ -50.475021427948697, -21.620163767092695 ], [ -50.475027509416996, -21.620160152612097 ], [ -50.475058010904299, -21.620140574012094 ], [ -50.475058075534101, -21.620136804286403 ], [ -50.475057579901303, -21.620127923939503 ], [ -50.475057185284797, -21.620126331117799 ], [ -50.475055855762101, -21.620123724755299 ], [ -50.475054477681709, -21.620121842427 ], [ -50.475052706215699, -21.620119844296195 ], [ -50.4750493114189, -21.620116629969896 ], [ -50.475043408173697, -21.620111938892403 ], [ -50.475037948102703, -21.620108116602296 ], [ -50.475029291158599, -21.620102614906408 ], [ -50.475021765813501, -21.620098184652605 ], [ -50.475013355350903, -21.620093493842898 ], [ -50.474990006650899, -21.620080913064399 ], [ -50.4749695925886, -21.620069324772587 ], [ -50.474950983208998, -21.620058412918389 ], [ -50.474924873822197, -21.620042721574897 ], [ -50.474901708182998, -21.620028527279292 ], [ -50.4748699034716, -21.620008732884006 ], [ -50.474773795618901, -21.619947966630999 ], [ -50.4747332560815, -21.619922508666999 ], [ -50.474714383100199, -21.619910911928692 ], [ -50.474711143797698, -21.619909094297206 ], [ -50.474709167954998, -21.619908258769392 ], [ -50.474706516773999, -21.619907534901909 ], [ -50.474703846479599, -21.619907256942597 ], [ -50.474701157071898, -21.619907424891498 ], [ -50.474697768434297, -21.619908261886007 ], [ -50.4746950360217, -21.619909433128196 ], [ -50.474692284495802, -21.619911050278606 ], [ -50.474689529526401, -21.619913087537999 ], [ -50.474686352746303, -21.619915777437182 ], [ -50.4746840718771, -21.619917966619091 ], [ -50.4746820226122, -21.619920188923306 ], [ -50.474679786724501, -21.619923013381694 ], [ -50.474678258569298, -21.619925310210988 ], [ -50.474676400594497, -21.619928817559099 ], [ -50.474672778652597, -21.619937847274191 ], [ -50.474671318762006, -21.619940869891401 ], [ -50.474659687326401, -21.619954073542793 ], [ -50.474656447983698, -21.619957489903104 ], [ -50.474653976112599, -21.619959818315095 ], [ -50.474651610555398, -21.619961787015001 ], [ -50.474647726647802, -21.619964366682204 ], [ -50.474644656724102, -21.619965701026985 ], [ -50.474642281181303, -21.619966194725684 ], [ -50.474638361451298, -21.619966362817511 ], [ -50.474633805533301, -21.619966342891505 ], [ -50.474619715811102, -21.619965537247001 ], [ -50.474613767187002, -21.619965526740895 ], [ -50.474610177956698, -21.619965786249587 ], [ -50.474606687695399, -21.619966250431492 ], [ -50.474603296403103, -21.619966919286412 ], [ -50.474600004079903, -21.619967792814499 ], [ -50.474598047552298, -21.619968487346501 ], [ -50.474596040737097, -21.619969472077297 ], [ -50.474593983634307, -21.6199707470068 ], [ -50.474591876243998, -21.619972312135104 ] ] ] } },
{ "type": "Feature", "properties": { "CHAVE": null, "FAZENDA": "Faz. ABC", "NOME_FAZ": null, "ZONA": null, "TALHAO": null, "AREA_TOTAL": null, "TIPO_GEO": "VOO_PROCESSADO", "DATA_INICI": "27-03-2026", "DATA_FINAL": "27-03-2026", "HORA_INICI": "09:57:09", "HORA_FINAL": "09:57:09", "CLASSE": "NÃO APLICADO DENTRO DO TALHÃO", "PILOTO": "valmir alves", "AERONAVE": "PS-CBA", "AREA_HA": 0.0020423011100509998 }, "geometry": { "type": "MultiPolygon", "coordinates": [ [ [ [ -50.477147518158894, -21.622663267655664 ], [ -50.477100210378438, -21.622679938017313 ], [ -50.477110327178124, -21.622685319769079 ], [ -50.477139617308303, -21.622674149805057 ], [ -50.47725761721582, -21.622629149843938 ], [ -50.477258454584543, -21.622628833172705 ], [ -50.477375939984199, -21.622584776151243 ], [ -50.477357517998591, -21.622591267708291 ], [ -50.477354911835477, -21.622592161168264 ], [ -50.477251219230851, -21.622626725371649 ], [ -50.477147518158894, -21.622663267655664 ] ] ], [ [ [ -50.477670873020202, -21.623009335513196 ], [ -50.477684154960897, -21.623018799173192 ], [ -50.4777291809594, -21.62305143050289 ], [ -50.477803132920499, -21.623105455166989 ], [ -50.477878635588603, -21.623161252516496 ], [ -50.477906073207002, -21.623182007334798 ], [ -50.477926927956901, -21.623198399084085 ], [ -50.477946809066999, -21.623214602295299 ], [ -50.477965716537298, -21.623230616968499 ], [ -50.477983650367797, -21.623246443103508 ], [ -50.477996461789608, -21.623258188976592 ], [ -50.478012691750401, -21.623273685169991 ], [ -50.478024225269898, -21.623285183586805 ], [ -50.478045579446601, -21.623307002839095 ], [ -50.478055344227798, -21.623316636135691 ], [ -50.478064498476002, -21.623325389898593 ], [ -50.478073042191198, -21.623333264127698 ], [ -50.478080975373501, -21.623340258822989 ], [ -50.478088298022897, -21.623346373984493 ], [ -50.478095010139299, -21.623351609612197 ], [ -50.478101111722602, -21.623355965706203 ], [ -50.47810660277311, -21.62335944226631 ], [ -50.478111483290597, -21.623362039292694 ], [ -50.478117290504599, -21.623364595640108 ], [ -50.4781264428469, -21.623368270073296 ], [ -50.478134309375299, -21.623370927375191 ], [ -50.478140890089797, -21.623372567545701 ], [ -50.478145507299303, -21.623373163852602 ], [ -50.478146836440402, -21.623373196559292 ], [ -50.478149660269501, -21.623372596777998 ], [ -50.478157698335998, -21.6233701677806 ], [ -50.478170299189998, -21.623365903592497 ], [ -50.478187462831499, -21.623359804213695 ], [ -50.478209189260497, -21.623351869644299 ], [ -50.478245255501797, -21.623338435477496 ], [ -50.478327890015002, -21.6233070751478 ], [ -50.478563751988197, -21.623216248736885 ], [ -50.478732470029399, -21.623151476922803 ], [ -50.478924645800497, -21.623077926930396 ], [ -50.4792262281643, -21.622962772178703 ], [ -50.479341471510999, -21.622918528011997 ], [ -50.479544920741198, -21.622839793391602 ], [ -50.479750626992207, -21.622759394898399 ], [ -50.479928743040297, -21.622689157597385 ], [ -50.480108517307599, -21.622617697859091 ], [ -50.480245344403798, -21.62256271371049 ], [ -50.480316592210301, -21.622533715293692 ], [ -50.480359570559898, -21.622516046379396 ], [ -50.4804172578025, -21.622492038053196 ], [ -50.480451195776197, -21.622477695865907 ], [ -50.480495322454701, -21.622458677630195 ], [ -50.480520220052497, -21.62244766217 ], [ -50.4805507861671, -21.622433634024784 ], [ -50.480566643388798, -21.622425945291596 ], [ -50.480578884460201, -21.622419587249198 ], [ -50.480583648939501, -21.622416907237 ], [ -50.480587509381103, -21.622414559897596 ], [ -50.480590465785198, -21.622412545230812 ], [ -50.480592518151703, -21.622410863236802 ], [ -50.480600730506509, -21.622401047466401 ], [ -50.480606089548701, -21.622394293917885 ], [ -50.480608873568499, -21.622390518669388 ], [ -50.480610787698701, -21.622387617349684 ], [ -50.4806118319392, -21.622385589958892 ], [ -50.480612027001101, -21.622384412104097 ], [ -50.480611692360497, -21.622382368102507 ], [ -50.480610562893602, -21.622377539773407 ], [ -50.480607404522907, -21.622365790865103 ], [ -50.480601499098697, -21.622345249076094 ], [ -50.480594533884997, -21.622321783489198 ], [ -50.480582611048405, -21.622282804754096 ], [ -50.480577541311291, -21.62226724066339 ], [ -50.4805721781727, -21.62225140568091 ], [ -50.480560571690901, -21.622218923040695 ], [ -50.480550003118097, -21.622191026449201 ], [ -50.4805386195411, -21.622162377380793 ], [ -50.480526420959897, -21.622132975835289 ], [ -50.480502219036502, -21.622076769856598 ], [ -50.480474831737098, -21.622014163124192 ], [ -50.480447807611704, -21.621953097639196 ], [ -50.480407195806599, -21.621862108048191 ], [ -50.480386991889105, -21.621816139820201 ], [ -50.480364050074797, -21.621762495829497 ], [ -50.480354292057299, -21.62173895111129 ], [ -50.480345675966099, -21.621717591244494 ], [ -50.480338201801402, -21.621698416229194 ], [ -50.480323384557899, -21.621658798460796 ], [ -50.48031386614371, -21.621633856389888 ], [ -50.480305536562902, -21.621612857879391 ], [ -50.480298692368102, -21.621596783788501 ], [ -50.480296045605201, -21.621589372575595 ], [ -50.480294623443001, -21.621584401944705 ], [ -50.480293475158, -21.621579407455904 ], [ -50.480292600750104, -21.621574389109291 ], [ -50.480292000219301, -21.621569346904892 ], [ -50.480291673565603, -21.621564280842598 ], [ -50.4802916260305, -21.621559210044193 ], [ -50.480291920510297, -21.62155436397099 ], [ -50.480292572729297, -21.621549799988099 ], [ -50.480293296659703, -21.621546562122806 ], [ -50.480294221818497, -21.621543482933408 ], [ -50.480295348205502, -21.621540562419799 ], [ -50.480296675820703, -21.62153780058209 ], [ -50.480298204664201, -21.621535197420194 ], [ -50.480299934735903, -21.621532752934201 ], [ -50.480301866035802, -21.621530467123996 ], [ -50.480303983125701, -21.621528327155303 ], [ -50.480307675746197, -21.621524877856597 ], [ -50.480312335261999, -21.621520896974708 ], [ -50.480316408501203, -21.621517711470187 ], [ -50.480321524759397, -21.621514047141396 ], [ -50.480325978617302, -21.621511125431091 ], [ -50.480330748730097, -21.621508261844703 ], [ -50.4803403969931, -21.621503389828096 ], [ -50.480361670679798, -21.621493702574099 ], [ -50.480392555036197, -21.621480368198203 ], [ -50.480477727961301, -21.621444752558808 ], [ -50.480541686987408, -21.621417798502698 ], [ -50.480630086568709, -21.621380261374497 ], [ -50.4807485871005, -21.621329678380789 ], [ -50.480797908592102, -21.621308836636199 ], [ -50.480812131887902, -21.621269377657804 ], [ -50.480814086249197, -21.621168718572008 ], [ -50.480788653056301, -21.621144777786714 ], [ -50.480741654107703, -21.621130463343686 ], [ -50.480642791635198, -21.621124189266904 ], [ -50.480349367425298, -21.621112833249803 ], [ -50.480151578573505, -21.621118180404494 ], [ -50.479859172207895, -21.621111162436701 ], [ -50.479857808491097, -21.621111686943209 ], [ -50.479854800753067, -21.621112809468997 ], [ -50.479751556840434, -21.621150173935714 ], [ -50.479721238965944, -21.621161947868348 ], [ -50.479810544531801, -21.621370167027923 ], [ -50.47969163928456, -21.621414756499497 ], [ -50.479572727211483, -21.621461330398464 ], [ -50.479570544598246, -21.62146216701003 ], [ -50.479512258520842, -21.621484024290961 ], [ -50.479635304861468, -21.621745295061753 ], [ -50.479608939329957, -21.621756151458253 ], [ -50.479668455102825, -21.621733833044996 ], [ -50.47967147193301, -21.621732735873366 ], [ -50.479793471833794, -21.621689735910739 ], [ -50.479902528265193, -21.621960264071227 ], [ -50.479782042726171, -21.62200273028887 ], [ -50.479663544906167, -21.62204716697401 ], [ -50.479662729617068, -21.622047470198602 ], [ -50.479541346268505, -21.622092242748618 ], [ -50.47942296081402, -21.622137010360653 ], [ -50.479421729681242, -21.622137470181261 ], [ -50.479299729713297, -21.622182470172575 ], [ -50.479178137849395, -21.622227319633911 ], [ -50.479058545068455, -21.622272166929925 ], [ -50.479057729777445, -21.622272470155234 ], [ -50.478935932371883, -21.622317395431008 ], [ -50.47881534012005, -21.622362243792402 ], [ -50.478695545165856, -21.622407166903479 ], [ -50.478694729873652, -21.622407470129229 ], [ -50.478573138011541, -21.622452319589879 ], [ -50.478453545230778, -21.622497166885836 ], [ -50.4784527299378, -21.622497470111878 ], [ -50.478331346591993, -21.622542242660874 ], [ -50.478212961140613, -21.622587010271737 ], [ -50.478209922673081, -21.622588124521688 ], [ -50.478090448227498, -21.622630582385675 ], [ -50.477972961204451, -21.62267501025428 ], [ -50.477971438806421, -21.622675577190538 ], [ -50.47785178725281, -21.622719449430001 ], [ -50.477731135031938, -21.622764320093737 ], [ -50.47772972679013, -21.622764836372884 ], [ -50.477611847494423, -21.622807431415705 ], [ -50.477493961332868, -21.622852010219226 ], [ -50.477493545614131, -21.622852166768411 ], [ -50.477447205059427, -21.622869544477801 ], [ -50.477450334361201, -21.622871293803485 ], [ -50.477477052029101, -21.622886579564298 ], [ -50.477503028450698, -21.622901746386489 ], [ -50.477528263626198, -21.622916794270097 ], [ -50.477552757555507, -21.622931723214993 ], [ -50.477584263078199, -21.622951443459204 ], [ -50.477614450829904, -21.622970952256996 ], [ -50.4776433208105, -21.622990249608289 ], [ -50.477670873020202, -21.623009335513196 ] ] ], [ [ [ -50.478494732947127, -21.621883360013548 ], [ -50.478596576443238, -21.621846147970249 ], [ -50.478697446144196, -21.621805995956311 ], [ -50.478698991862302, -21.621805389903642 ], [ -50.478799599882791, -21.621766541265533 ], [ -50.478900575639273, -21.621726942933318 ], [ -50.479001944787548, -21.621686196514741 ], [ -50.479002446344474, -21.621685995887962 ], [ -50.479105446265592, -21.621644995923265 ], [ -50.47910620896711, -21.621644694576702 ], [ -50.479206947294465, -21.621605189354369 ], [ -50.479307695185561, -21.621563704932573 ], [ -50.47930843595347, -21.621563402070141 ], [ -50.479347499457404, -21.621547544609825 ], [ -50.479332727280003, -21.621553330379768 ], [ -50.479331641156556, -21.6215537512455 ], [ -50.479211641062768, -21.621599751285252 ], [ -50.479210544697871, -21.62160016698321 ], [ -50.479091639453408, -21.621644756453765 ], [ -50.478972727382789, -21.621691330351723 ], [ -50.478970544764302, -21.621692166965317 ], [ -50.478851093830912, -21.621736961068965 ], [ -50.478731641196994, -21.621782751248819 ], [ -50.478730544829972, -21.621783166947594 ], [ -50.478611854169507, -21.621827675949223 ], [ -50.478494153710294, -21.621874162688883 ], [ -50.478491960737102, -21.62187501033441 ], [ -50.478372960769775, -21.621920010325553 ], [ -50.47825527818059, -21.621964512149074 ], [ -50.478138585577035, -21.622010991410239 ], [ -50.478135544995332, -21.622012166903083 ], [ -50.478029349054431, -21.622051990384097 ], [ -50.478083023993854, -21.622032894493209 ], [ -50.478083482298302, -21.622032732219488 ], [ -50.4781884822129, -21.621995732251623 ], [ -50.478188871227928, -21.621995595727977 ], [ -50.478290155264077, -21.621960195484863 ], [ -50.478392373273451, -21.621921863733569 ], [ -50.478493291519705, -21.621883894495276 ], [ -50.478494732947127, -21.621883360013548 ] ] ], [ [ [ -50.475698033089003, -21.621073609863288 ], [ -50.475700078345, -21.621087207456895 ], [ -50.4757024730852, -21.621099181318002 ], [ -50.475705901521302, -21.621112952549694 ], [ -50.475709506544199, -21.621125078344107 ], [ -50.475714382066698, -21.62113934580649 ], [ -50.475719373114302, -21.621152510663904 ], [ -50.475725905700699, -21.621168334304187 ], [ -50.475731385112901, -21.621180746696606 ], [ -50.475743866396002, -21.621208075562294 ], [ -50.475753357618899, -21.62122966191259 ], [ -50.475765157713106, -21.621257283601299 ], [ -50.475782396836202, -21.621298427966202 ], [ -50.475792187827501, -21.621321058890207 ], [ -50.475798935361901, -21.6213361707564 ], [ -50.475806761769398, -21.62135314660831 ], [ -50.4758214931447, -21.621383476797018 ], [ -50.475827118917202, -21.621395399714689 ], [ -50.475832390793897, -21.621407151612896 ], [ -50.475838249903703, -21.621421028145395 ], [ -50.475842743209803, -21.62143240380119 ], [ -50.475847668035001, -21.621445828842692 ], [ -50.4758973478718, -21.621590595944394 ], [ -50.475900734370597, -21.621603056491896 ], [ -50.475907470051197, -21.621629883217707 ], [ -50.475934639778401, -21.621741651138397 ], [ -50.475943335117499, -21.621776594344393 ], [ -50.475952955439901, -21.6218136296885 ], [ -50.4759616876702, -21.621845323392691 ], [ -50.475969531808403, -21.621871675457097 ], [ -50.475975390186498, -21.621889555091503 ], [ -50.476008130627399, -21.621980637304791 ], [ -50.476013000147198, -21.621993571350487 ], [ -50.47601752860831, -21.622004527415481 ], [ -50.476021716010806, -21.622013505499901 ], [ -50.4760255623547, -21.622020505603704 ], [ -50.476027357629697, -21.622023263912798 ], [ -50.476029067640098, -21.622025527726692 ], [ -50.476081014747102, -21.622082141817799 ], [ -50.476091189660103, -21.622093054830295 ], [ -50.47610117512, -21.622103493876189 ], [ -50.476110971126801, -21.622113458955802 ], [ -50.476127658267103, -21.622129757363304 ], [ -50.47614376520729, -21.622144604248593 ], [ -50.476152708675102, -21.622152436479197 ], [ -50.476159375442897, -21.622158051057404 ], [ -50.476167626382335, -21.622164508257317 ], [ -50.47619965722545, -21.622153025502939 ], [ -50.47630352946571, -21.622115788287832 ], [ -50.476406426676412, -21.622075609379674 ], [ -50.476410198594202, -21.622074190705234 ], [ -50.476494236041191, -21.622043777154911 ], [ -50.47638631946716, -21.621802651326551 ], [ -50.476501319378237, -21.621757651365353 ], [ -50.476503599008296, -21.621756779223759 ], [ -50.476584474756734, -21.621726538729117 ], [ -50.476470779886554, -21.621459711754124 ], [ -50.476572779805686, -21.621421711787004 ], [ -50.476574934627195, -21.621420926421756 ], [ -50.476673698136047, -21.621385723589842 ], [ -50.476771489111314, -21.62134758511197 ], [ -50.476773779967679, -21.621346711732127 ], [ -50.476875132536044, -21.621308952935141 ], [ -50.476964933414195, -21.621274617307911 ], [ -50.476887164424767, -21.621302678285385 ], [ -50.476792671630342, -21.621337491422388 ], [ -50.476698197561078, -21.621372297661043 ], [ -50.476605721963971, -21.621407100307561 ], [ -50.476604671680192, -21.621407491408906 ], [ -50.476509671604447, -21.621442491439229 ], [ -50.476396328497977, -21.621173508541428 ], [ -50.476490802516444, -21.621138702326675 ], [ -50.476583278066762, -21.621103899702668 ], [ -50.476584328547823, -21.621103508527924 ], [ -50.476679328572736, -21.621068508521152 ], [ -50.476752601754534, -21.621041513140252 ], [ -50.476743395528686, -21.621023402242958 ], [ -50.476676605160698, -21.621020783539596 ], [ -50.475712530059205, -21.621006561802389 ], [ -50.475701511738599, -21.621010813899996 ], [ -50.4756999201784, -21.621015996531405 ], [ -50.475698969560703, -21.621020833552205 ], [ -50.475697793124802, -21.621028882540504 ], [ -50.475696885297999, -21.621038637902295 ], [ -50.475696520932999, -21.621050152315291 ], [ -50.475696904777699, -21.621061810128797 ], [ -50.475698033089003, -21.621073609863288 ] ] ], [ [ [ -50.478245124761358, -21.62140117404418 ], [ -50.478243808814817, -21.62140168682437 ], [ -50.478126808847911, -21.621446686815393 ], [ -50.478010365892793, -21.621491472571364 ], [ -50.477893921136882, -21.621537254274148 ], [ -50.477892113064648, -21.621537952584742 ], [ -50.47777646130573, -21.621581820496921 ], [ -50.477729291801801, -21.621599962615349 ], [ -50.47777365762213, -21.621584025395446 ], [ -50.477878957549144, -21.621546276367603 ], [ -50.477980463869528, -21.6215088274365 ], [ -50.47808467106929, -21.621469129458486 ], [ -50.478086260252795, -21.621468533627755 ], [ -50.478188616512163, -21.621430771127191 ], [ -50.478290975071573, -21.621392014005522 ], [ -50.478292733307185, -21.621391359947964 ], [ -50.478395212130245, -21.621353915765745 ], [ -50.478496703852834, -21.621314501507328 ], [ -50.4784992603633, -21.621313533597942 ], [ -50.478601857477074, -21.621275682238377 ], [ -50.478704577566582, -21.621237162207905 ], [ -50.478806703939433, -21.62119750148366 ], [ -50.478809260446717, -21.621196533575485 ], [ -50.4789112228666, -21.62115891637508 ], [ -50.479014191302049, -21.621119313133558 ], [ -50.479014975379329, -21.621119013910281 ], [ -50.479094805208426, -21.621088787084158 ], [ -50.479039245376249, -21.6210873952882 ], [ -50.47894658835969, -21.621123990920026 ], [ -50.478830022360597, -21.621170816582168 ], [ -50.478829585057127, -21.621170991506265 ], [ -50.478711584966796, -21.621217991546736 ], [ -50.478711359124311, -21.621218081302885 ], [ -50.478595691126891, -21.621263949651155 ], [ -50.478479022466871, -21.62131081655324 ], [ -50.478475960316274, -21.621312010417348 ], [ -50.47835804592404, -21.621356599897378 ], [ -50.478245124761358, -21.62140117404418 ] ] ], [ [ [ -50.479094805208426, -21.621088787084158 ], [ -50.479196319374203, -21.621091330054501 ], [ -50.479094805208433, -21.621088787084158 ], [ -50.479094805208426, -21.621088787084158 ] ] ], [ [ [ -50.480043041627553, -21.621040931098914 ], [ -50.479570584738902, -21.621019426311694 ], [ -50.480043041627546, -21.621040931098914 ], [ -50.480043041627553, -21.621040931098914 ] ] ], [ [ [ -50.479223212615189, -21.621015207633619 ], [ -50.479223212615196, -21.621015207633619 ], [ -50.478908723409603, -21.621011388303788 ], [ -50.479223212615189, -21.621015207633619 ] ] ], [ [ [ -50.482049011733601, -21.620580506297006 ], [ -50.482049185122499, -21.620573800255503 ], [ -50.482049631559001, -21.620567214398502 ], [ -50.482050527705802, -21.620559470013895 ], [ -50.482052070157401, -21.620550653634602 ], [ -50.482055551955597, -21.620535838398887 ], [ -50.4820579292576, -21.620524406086588 ], [ -50.482060012389198, -21.620512641449896 ], [ -50.482061601845203, -21.620501889275197 ], [ -50.48206210342051, -21.620496202346896 ], [ -50.482062302750599, -21.620490198071206 ], [ -50.482062199835397, -21.620483876447889 ], [ -50.482061794674898, -21.6204772374772 ], [ -50.482060620224203, -21.620466683994792 ], [ -50.482058765721703, -21.6204554164805 ], [ -50.482056657114299, -21.620445466988102 ], [ -50.482053755749199, -21.620434915627811 ], [ -50.482050017921708, -21.620423747943395 ], [ -50.482045443632003, -21.62041196393481 ], [ -50.482040032879901, -21.620399563602192 ], [ -50.482035102025399, -21.620389199582597 ], [ -50.482029635835005, -21.620378441115687 ], [ -50.482021880844805, -21.620364098221195 ], [ -50.482012611647903, -21.620347778526401 ], [ -50.482001800004902, -21.6203294253447 ], [ -50.481989445915801, -21.620309038676101 ], [ -50.4819755493806, -21.620286618520595 ], [ -50.481960110399299, -21.620262164878305 ], [ -50.481943189145902, -21.620235777495299 ], [ -50.481922400101197, -21.620204001885405 ], [ -50.481901556196803, -21.620172888918201 ], [ -50.481880657432697, -21.620142438593803 ], [ -50.481859703808702, -21.620112650912105 ], [ -50.481845704248499, -21.6200931605924 ], [ -50.481802615986297, -21.620033898620299 ], [ -50.481762010308707, -21.619977470883303 ], [ -50.481713371544799, -21.619909452912303 ], [ -50.481634811930199, -21.619799121037889 ], [ -50.481594105886103, -21.619742312883297 ], [ -50.481557492488101, -21.619691690308201 ], [ -50.481519949506897, -21.6196404485225 ], [ -50.481500997436399, -21.619614947578498 ], [ -50.481479865251998, -21.619586937385591 ], [ -50.481447314573202, -21.619544469932208 ], [ -50.481417527374603, -21.61950602310489 ], [ -50.481400672369503, -21.619484583844809 ], [ -50.481387108215905, -21.619467652188707 ], [ -50.481379323837999, -21.619458723319802 ], [ -50.481372604230998, -21.619451651251296 ], [ -50.481365129203702, -21.619444257397092 ], [ -50.481359726174297, -21.619439149390992 ], [ -50.481344749728002, -21.619425753681103 ], [ -50.4813276748921, -21.619411464121697 ], [ -50.481308501666703, -21.619396280712799 ], [ -50.481295990504499, -21.619386741619792 ], [ -50.481282890361697, -21.619376991421298 ], [ -50.481254822647003, -21.619356605128299 ], [ -50.481230797634197, -21.619339890229693 ], [ -50.481221738762102, -21.619333850598 ], [ -50.4812108153236, -21.6193268467254 ], [ -50.481203489038002, -21.619322380548297 ], [ -50.481196905289501, -21.619318588709003 ], [ -50.481191064078097, -21.6193154712074 ], [ -50.481185343981203, -21.6193127468628 ], [ -50.481178502153497, -21.619309853313506 ], [ -50.481170538594803, -21.619306790559598 ], [ -50.4811547732617, -21.619301309959489 ], [ -50.481139917533497, -21.619296587070195 ], [ -50.481127467051301, -21.6192928474978 ], [ -50.481099200894299, -21.619284860739079 ], [ -50.481060705679802, -21.619274744506203 ], [ -50.4810493063259, -21.619271954020096 ], [ -50.481032419580202, -21.619268055354407 ], [ -50.481010300184799, -21.619263392984802 ], [ -50.480988633664502, -21.619259343017003 ], [ -50.480967420019098, -21.619255905450888 ], [ -50.480965564707226, -21.619255646840752 ], [ -50.481051023403502, -21.619452986349934 ], [ -50.480985862819985, -21.619477658805831 ], [ -50.481005247073483, -21.619471455844934 ], [ -50.481104551538294, -21.619438685372479 ], [ -50.481183788770082, -21.619648627183736 ], [ -50.481282204557303, -21.619608496478058 ], [ -50.481285192537946, -21.619607312820353 ], [ -50.481389192456824, -21.619567312854912 ], [ -50.481506807648991, -21.619834687124293 ], [ -50.481404308203672, -21.619874109991805 ], [ -50.481361245349937, -21.619891669603625 ], [ -50.481472224473805, -21.620146910166333 ], [ -50.481351557684995, -21.620192783494836 ], [ -50.481230098110252, -21.620239575302108 ], [ -50.481109631425866, -21.620286368150584 ], [ -50.480987956521972, -21.620334240248159 ], [ -50.480986890459064, -21.62033465530687 ], [ -50.480864890363975, -21.620381655347455 ], [ -50.48086313342651, -21.62038232044813 ], [ -50.480742474196049, -21.62042719371907 ], [ -50.480621353262542, -21.620472862271384 ], [ -50.480499890595226, -21.620519655269852 ], [ -50.480378098350606, -21.620566575237 ], [ -50.48025730585897, -21.620613494638558 ], [ -50.480256640454648, -21.620613751404189 ], [ -50.480136640360868, -21.620659751443934 ], [ -50.480135544007091, -21.620660167137693 ], [ -50.480016218608682, -21.620704914165788 ], [ -50.479894890636331, -21.62075165527348 ], [ -50.479894640555877, -21.620751751376723 ], [ -50.479775615387581, -21.620797377695485 ], [ -50.47965858468465, -21.620843991623502 ], [ -50.479657726867089, -21.620844330445742 ], [ -50.479537940065107, -21.620891246947508 ], [ -50.479419152996364, -21.620938162852845 ], [ -50.479418488476902, -21.620938423604809 ], [ -50.479301037539798, -21.620984209567641 ], [ -50.479223212615196, -21.621015207633619 ], [ -50.479286085664597, -21.621015971198506 ], [ -50.479325427474464, -21.621000609159662 ], [ -50.479328260587238, -21.620999533537702 ], [ -50.479429977747749, -21.62096200682144 ], [ -50.479531704252558, -21.620922501385586 ], [ -50.479634704172611, -21.620882501420095 ], [ -50.479638199432372, -21.62088119047921 ], [ -50.479741689193872, -21.620843737044726 ], [ -50.479844191533594, -21.620804313070582 ], [ -50.479844975608295, -21.620804013848289 ], [ -50.479947975527296, -21.620765013882025 ], [ -50.479948928980036, -21.620764656308793 ], [ -50.480053929007987, -21.620725656301229 ], [ -50.480157813166478, -21.620687070759889 ], [ -50.480259704346537, -21.620647501372556 ], [ -50.480263199597573, -21.620646190434929 ], [ -50.480367169200591, -21.620608563343332 ], [ -50.480471423077269, -21.620569222260691 ], [ -50.480573704433851, -21.620529501348678 ], [ -50.480577199680518, -21.620528190412696 ], [ -50.480680303805862, -21.620490876541915 ], [ -50.480783427883104, -21.620450609047879 ], [ -50.480783704601876, -21.620450501290154 ], [ -50.480886704521936, -21.62041050132467 ], [ -50.480888929234474, -21.620409656240213 ], [ -50.480993929262397, -21.620370656232662 ], [ -50.481098299487286, -21.62033189015219 ], [ -50.48120267192845, -21.620292129225167 ], [ -50.481204261092124, -21.620291533401861 ], [ -50.481306702113827, -21.620253739629728 ], [ -50.481412144866212, -21.620213949914703 ], [ -50.481412456336727, -21.620213832746135 ], [ -50.481516456254553, -21.620174832779874 ], [ -50.481631543849289, -21.620443167200161 ], [ -50.481527699571664, -21.620482108807277 ], [ -50.481421855154615, -21.620522050099733 ], [ -50.481420739092485, -21.620522466545776 ], [ -50.481318535357765, -21.620560172780973 ], [ -50.481214328094296, -21.620599870788954 ], [ -50.481213070924042, -21.62060034371391 ], [ -50.481108070951983, -21.620639343706365 ], [ -50.481004186736321, -21.62067792927542 ], [ -50.480902433919752, -21.620717444935369 ], [ -50.480797572142642, -21.620758390966206 ], [ -50.480793800504927, -21.6207598095355 ], [ -50.480690556585337, -21.620797174004739 ], [ -50.480589295592779, -21.62083649866473 ], [ -50.480587855495514, -21.620837049995473 ], [ -50.480481855412009, -21.620877050030089 ], [ -50.480479800587865, -21.620877809513267 ], [ -50.480376556670514, -21.6209151739817 ], [ -50.480275295680102, -21.620954498640874 ], [ -50.480273071178459, -21.620955343645367 ], [ -50.480168071206414, -21.620994343637779 ], [ -50.480063548485866, -21.621033166365557 ], [ -50.480043041627553, -21.621040931098914 ], [ -50.480133498511798, -21.621045048418605 ], [ -50.480623089789603, -21.621058508945598 ], [ -50.4806709580633, -21.621052693098996 ], [ -50.480730097147898, -21.621017085710701 ], [ -50.480797216019702, -21.620980011879293 ], [ -50.480867354262003, -21.620990670203089 ], [ -50.4809358497007, -21.6210147453952 ], [ -50.481053952031999, -21.620992743951295 ], [ -50.481836621484597, -21.620667090552512 ], [ -50.48204915278081, -21.620588594951105 ], [ -50.482049011733601, -21.620580506297006 ] ] ], [ [ [ -50.477128862591542, -21.620081318238686 ], [ -50.477128862591556, -21.620081318238675 ], [ -50.477057527575603, -21.620122532783899 ], [ -50.477128862591542, -21.620081318238686 ] ] ], [ [ [ -50.4773977099223, -21.619985936965698 ], [ -50.477431756114747, -21.6199662373003 ], [ -50.477431756114754, -21.619966237300293 ], [ -50.4773977099223, -21.619985936965698 ] ] ], [ [ [ -50.475179955967, -21.620140349281094 ], [ -50.475192694998498, -21.620150552657996 ], [ -50.475201103955499, -21.620157538759997 ], [ -50.4752177209159, -21.620171952205396 ], [ -50.475230007801798, -21.620183148375904 ], [ -50.475238042343001, -21.620190730518896 ], [ -50.475253034646002, -21.620205546190199 ], [ -50.475266591243397, -21.620219897042102 ], [ -50.475272831152409, -21.620226898160794 ], [ -50.475281518029, -21.620237181954703 ], [ -50.475289397321099, -21.620247204287583 ], [ -50.475294201524498, -21.620253740586801 ], [ -50.475298646801399, -21.620260160681099 ], [ -50.475304641729799, -21.620269572938501 ], [ -50.4753081896908, -21.620275702520708 ], [ -50.475311378725202, -21.620281715898091 ], [ -50.475314208833296, -21.620287613070502 ], [ -50.475321877379699, -21.620305566659887 ], [ -50.475329351630897, -21.620322287212595 ], [ -50.4753379120435, -21.6203406797379 ], [ -50.475347558617599, -21.620360744235906 ], [ -50.475365252352098, -21.620396325135797 ], [ -50.475388370371299, -21.620441561591193 ], [ -50.475405311644998, -21.620475080321498 ], [ -50.475439394236197, -21.620543641962897 ], [ -50.475466639252097, -21.620599284743001 ], [ -50.475500953721301, -21.620670009523401 ], [ -50.4755342374146, -21.620738902327496 ], [ -50.475561764443803, -21.620796293590494 ], [ -50.475568068023001, -21.620808831799899 ], [ -50.47557266477191, -21.620817440168693 ], [ -50.475580076619302, -21.620830272615397 ], [ -50.475587176715699, -21.620841211518801 ], [ -50.475591287133, -21.6208468659601 ], [ -50.475593965061002, -21.620850256878999 ], [ -50.4755991712765, -21.620856129815891 ], [ -50.475602945002706, -21.62085973923039 ], [ -50.475605398469909, -21.620861766798001 ], [ -50.475611444625997, -21.620866335360901 ], [ -50.475616213946502, -21.620869617008903 ], [ -50.475620923174098, -21.620872566921502 ], [ -50.475624415659006, -21.620874561654592 ], [ -50.475629019724302, -21.6208769310302 ], [ -50.475633563696803, -21.6208789686704 ], [ -50.475638047576602, -21.620880674575194 ], [ -50.4756413710505, -21.620881736302398 ], [ -50.475647289813203, -21.620883089672809 ], [ -50.475651341707803, -21.620883651086604 ], [ -50.475655769080198, -21.620884024543894 ], [ -50.475660571930298, -21.620884210045002 ], [ -50.475665750258209, -21.620884207589608 ], [ -50.475677233347199, -21.6208836388099 ], [ -50.475685723134802, -21.620882841942599 ], [ -50.475692528533003, -21.620882025009806 ], [ -50.475704641111399, -21.620880193360904 ], [ -50.475709654163801, -21.620879213180789 ], [ -50.475717326273703, -21.620877455247097 ], [ -50.475727840478299, -21.620874574363697 ], [ -50.475738680082699, -21.620871079798206 ], [ -50.475749845086902, -21.620866971550697 ], [ -50.475761335490901, -21.620862249620998 ], [ -50.475773151294597, -21.620856914009305 ], [ -50.475785292498102, -21.620850964715505 ], [ -50.4757984571797, -21.620844114839489 ], [ -50.475817988418697, -21.620833613628108 ], [ -50.4758563459621, -21.620812330754493 ], [ -50.475903451273098, -21.620785532883499 ], [ -50.476027484416797, -21.620713758593297 ], [ -50.476156184158597, -21.620639683031605 ], [ -50.476544141922815, -21.620417304013419 ], [ -50.476507678108689, -21.62031368861966 ], [ -50.476516210831647, -21.620311063166618 ], [ -50.476597841113893, -21.620280689108881 ], [ -50.476598841217267, -21.620280320737823 ], [ -50.476693978327546, -21.620245635335639 ], [ -50.476790046059619, -21.620209364868238 ], [ -50.476887979124115, -21.620170785179269 ], [ -50.476892455651111, -21.620169098142327 ], [ -50.476991283888609, -21.620133519979497 ], [ -50.477023231226021, -21.620121458230482 ], [ -50.476953721823172, -21.620145545648164 ], [ -50.476949678008197, -21.620146887584944 ], [ -50.47684747574619, -21.620179317150356 ], [ -50.476747257964099, -21.620213705605931 ], [ -50.476744995143832, -21.620214463451902 ], [ -50.476645129727373, -21.620247092747906 ], [ -50.47654449015274, -21.620281625936556 ], [ -50.476443722045552, -21.620316545579321 ], [ -50.476342721962823, -21.62035154560974 ], [ -50.476235278134844, -21.620080454372694 ], [ -50.47633627815857, -21.620045454366242 ], [ -50.476437278075835, -21.620010454396656 ], [ -50.476437742087079, -21.620010294389381 ], [ -50.47653974200319, -21.61997529441982 ], [ -50.476542005033956, -21.619974536503396 ], [ -50.476641870390601, -21.619941907229965 ], [ -50.476742742048906, -21.619907294407241 ], [ -50.476746322170783, -21.619906112371051 ], [ -50.476848290219351, -21.619873757126484 ], [ -50.476947278191751, -21.619839454364723 ], [ -50.476949978642367, -21.619838545133604 ], [ -50.477053978555233, -21.61980454516323 ], [ -50.477054890381922, -21.619804250048546 ], [ -50.477157890294983, -21.619771250077328 ], [ -50.477158747147513, -21.619770978168876 ], [ -50.477263747058316, -21.619737978197673 ], [ -50.47726425581579, -21.619737819220319 ], [ -50.477366572012812, -21.619706031664858 ], [ -50.477468864764788, -21.619673258259549 ], [ -50.477574839106232, -21.619639266490612 ], [ -50.477577634052359, -21.619638397733386 ], [ -50.477678576369186, -21.619608017037208 ], [ -50.477779538009358, -21.619574689894275 ], [ -50.477781747271003, -21.619573978134671 ], [ -50.477885861175366, -21.619541256622956 ], [ -50.477988758336949, -21.619507617167162 ], [ -50.478090867400702, -21.619473911264034 ], [ -50.478150890451317, -21.619453515082593 ], [ -50.478312687990403, -21.619346892393594 ], [ -50.478372565134897, -21.619307776314699 ], [ -50.4784243150851, -21.619274222972898 ], [ -50.47842941492177, -21.619270940939447 ], [ -50.478419144947111, -21.619274684201464 ], [ -50.478417889009037, -21.619275136094618 ], [ -50.478310888922309, -21.619313136127577 ], [ -50.478309620421001, -21.619313580686089 ], [ -50.478203482490095, -21.619350282589618 ], [ -50.478098340708591, -21.619387974928326 ], [ -50.478097889087209, -21.619388136073336 ], [ -50.477991518135688, -21.619425912675368 ], [ -50.477885145081096, -21.619464684164843 ], [ -50.477884340874276, -21.619464974873598 ], [ -50.477778340788717, -21.619502974906556 ], [ -50.477777889166809, -21.619503136051758 ], [ -50.477671344890744, -21.619540974208263 ], [ -50.47756697247479, -21.619578747084901 ], [ -50.47746123961776, -21.61961728523195 ], [ -50.477357327354895, -21.61965687085862 ], [ -50.477355265437211, -21.619657640255397 ], [ -50.477251265353999, -21.619695640288324 ], [ -50.477250341035337, -21.619695974830062 ], [ -50.477146468678576, -21.619733212093156 ], [ -50.477043571358564, -21.619773391049364 ], [ -50.47704154331602, -21.619774167213031 ], [ -50.476937543233824, -21.619813167246768 ], [ -50.476937070310008, -21.619813343748149 ], [ -50.476832941053317, -21.619852020332345 ], [ -50.476729807542789, -21.619891687070098 ], [ -50.476727738593439, -21.61989246654872 ], [ -50.476625534852232, -21.619930172786276 ], [ -50.476521419548057, -21.619969835762173 ], [ -50.476419511382545, -21.620008800652123 ], [ -50.476417738676851, -21.620009466526231 ], [ -50.476315343227746, -21.620047243490912 ], [ -50.476238557066694, -21.620076272408948 ], [ -50.476223038967881, -21.620083255554093 ], [ -50.476109459489393, -21.619862572376636 ], [ -50.47601137627165, -21.619899229743449 ], [ -50.476010031826895, -21.619899725410082 ], [ -50.475911031747501, -21.619935725441291 ], [ -50.475798968353907, -21.619666274539728 ], [ -50.475897294814629, -21.619630519465684 ], [ -50.475995623753519, -21.61959377026875 ], [ -50.475996119607764, -21.619593585876743 ], [ -50.476096119528208, -21.619556585908782 ], [ -50.476097456098891, -21.619556098072618 ], [ -50.476195462332434, -21.619520815831471 ], [ -50.476293490540172, -21.619482584833047 ], [ -50.476296119687753, -21.619481585855084 ], [ -50.476396119608211, -21.619444585887116 ], [ -50.476397456177267, -21.619444098051549 ], [ -50.476496786708282, -21.61940833906284 ], [ -50.476596119766263, -21.619371585833711 ], [ -50.476696119686721, -21.619334585865754 ], [ -50.476698408350707, -21.619333758640977 ], [ -50.476799010943481, -21.619298251846057 ], [ -50.476896623992282, -21.619261770203693 ], [ -50.476899408400996, -21.619260758627416 ], [ -50.477000260584283, -21.619225163741628 ], [ -50.477099119790921, -21.619188585837307 ], [ -50.477100088040899, -21.619188231101756 ], [ -50.477200939382335, -21.619151647774803 ], [ -50.477299643515202, -21.6191141402069 ], [ -50.47740148910713, -21.6190751992484 ], [ -50.47740493629933, -21.619073926086863 ], [ -50.477503699865956, -21.619038723234365 ], [ -50.477579639256795, -21.619009106873843 ], [ -50.477524561546872, -21.619028546067092 ], [ -50.477424510681224, -21.619066800812163 ], [ -50.477421439163102, -21.619067939544156 ], [ -50.477318439080051, -21.619104939576268 ], [ -50.477317591505717, -21.619105241379469 ], [ -50.477216015792266, -21.619141091633431 ], [ -50.477114330938264, -21.619177619204766 ], [ -50.477013218362799, -21.619215288597999 ], [ -50.47701143926642, -21.619215939516128 ], [ -50.476908439183354, -21.619252939548229 ], [ -50.476907591607663, -21.61925324135192 ], [ -50.476806015894702, -21.619289091605712 ], [ -50.476703675802483, -21.61932585455364 ], [ -50.476602566448072, -21.619362531478842 ], [ -50.476501218495464, -21.619400288561689 ], [ -50.476499439395546, -21.619400939481118 ], [ -50.476397331122222, -21.619437619154706 ], [ -50.476296218549273, -21.619475288547005 ], [ -50.476295392409881, -21.619475593755396 ], [ -50.476194565401933, -21.619512530384618 ], [ -50.476091978628297, -21.619550377934846 ], [ -50.475990866076643, -21.619588047319713 ], [ -50.475889511090536, -21.619626800699638 ], [ -50.475888218766521, -21.619627288477112 ], [ -50.475786462865891, -21.619665197540989 ], [ -50.475686109400286, -21.619702954293327 ], [ -50.475584511174674, -21.619741800676692 ], [ -50.475583706766038, -21.619742105782318 ], [ -50.475483109456476, -21.619779954278062 ], [ -50.475381511231014, -21.619818800661374 ], [ -50.475381202441667, -21.619818918364455 ], [ -50.475281997821902, -21.619856616123261 ], [ -50.475180789561136, -21.619896305640527 ], [ -50.475178706878168, -21.619897105752031 ], [ -50.475078751364585, -21.619934712780207 ], [ -50.474978296613806, -21.619974106803447 ], [ -50.474935886141481, -21.619991070993915 ], [ -50.474947768865398, -21.6199979970322 ], [ -50.475026766102602, -21.620043765534092 ], [ -50.475100356759597, -21.620086078574989 ], [ -50.475109469054004, -21.620091520331304 ], [ -50.475123011899797, -21.6200999587418 ], [ -50.475136404030302, -21.620108728083494 ], [ -50.47514524838671, -21.620114758161996 ], [ -50.475162736145897, -21.620127259560498 ], [ -50.475179955967, -21.620140349281094 ] ] ], [ [ [ -50.480337059387203, -21.619313665727901 ], [ -50.480319781870698, -21.619314841222401 ], [ -50.480307276773402, -21.619315369835608 ], [ -50.480291207363599, -21.619315603976396 ], [ -50.480275828300599, -21.619315300200689 ], [ -50.480261139584201, -21.619314458508693 ], [ -50.480250576087002, -21.619313474232108 ], [ -50.4802404009098, -21.619312187377396 ], [ -50.480233833191697, -21.619311161375492 ], [ -50.4802212155154, -21.619308705934291 ], [ -50.480206292193401, -21.619305355439398 ], [ -50.4801949837438, -21.619302640189598 ], [ -50.480181635941598, -21.619299202559898 ], [ -50.480171587907698, -21.619296417602204 ], [ -50.480155351793201, -21.619291469377412 ], [ -50.480146844267701, -21.619288599221001 ], [ -50.480138864505598, -21.619285689458199 ], [ -50.480138856025107, -21.619285686055981 ], [ -50.480206804689509, -21.61945428443617 ], [ -50.480214021315028, -21.619451621991988 ], [ -50.480315781260217, -21.619413711426834 ], [ -50.480317560580858, -21.619413060426737 ], [ -50.480420147169916, -21.619376208936011 ], [ -50.480522853547818, -21.619338681608323 ], [ -50.48062497661757, -21.619300013652559 ], [ -50.480626261824511, -21.619299533270855 ], [ -50.480729261742482, -21.619261533303774 ], [ -50.480729734840125, -21.619261359602586 ], [ -50.480749965033269, -21.619253967801814 ], [ -50.480721052253301, -21.619258030390899 ], [ -50.480657404411502, -21.619267627263099 ], [ -50.48056387993531, -21.619282282980098 ], [ -50.480473638852096, -21.619296863325303 ], [ -50.480453222787801, -21.619300024977601 ], [ -50.4804198380372, -21.619304673587099 ], [ -50.480402813793603, -21.619306808645405 ], [ -50.480381222362709, -21.619309300049501 ], [ -50.4803592852357, -21.6193115943219 ], [ -50.480337059387203, -21.619313665727901 ] ] ], [ [ [ -50.479907588887336, -21.619264333420169 ], [ -50.479807588921581, -21.61930733341077 ], [ -50.479708818694057, -21.619349804614423 ], [ -50.479610038376116, -21.619394255763304 ], [ -50.47960936414411, -21.619394557292718 ], [ -50.479513595166743, -21.619437121288751 ], [ -50.479587841176865, -21.619410958410633 ], [ -50.479691564110269, -21.619373420589508 ], [ -50.479795929924485, -21.619334656146766 ], [ -50.479799780855579, -21.619333281094402 ], [ -50.479903486337101, -21.619297724931506 ], [ -50.480007200491052, -21.619260190287186 ], [ -50.480008484249922, -21.619259731812267 ], [ -50.480055581607054, -21.619243135601636 ], [ -50.480050680114601, -21.619239842096601 ], [ -50.480044953992497, -21.619235750466089 ], [ -50.480039601131899, -21.619231692733997 ], [ -50.480034621532702, -21.619227668900393 ], [ -50.480030005012097, -21.619223671432405 ], [ -50.480024568333803, -21.619218581026399 ], [ -50.480020378536523, -21.6192142946588 ], [ -50.480005515964535, -21.619220388314119 ], [ -50.479909914762416, -21.619263311307886 ], [ -50.479907588887336, -21.619264333420169 ] ] ], [ [ [ -50.475753959342278, -21.619098276064843 ], [ -50.475856261928151, -21.61906053336558 ], [ -50.475857560868924, -21.619060060461354 ], [ -50.475959506006944, -21.619023439395008 ], [ -50.476062457181591, -21.618984832706978 ], [ -50.476063262091408, -21.618984533310623 ], [ -50.476166262118483, -21.618946533303262 ], [ -50.476269262036446, -21.618908533336178 ], [ -50.476269735131901, -21.618908359635789 ], [ -50.476373671538909, -21.618870382874228 ], [ -50.476474031768461, -21.618833617248271 ], [ -50.476577375614148, -21.618794863308814 ], [ -50.476678293862079, -21.618756894069879 ], [ -50.476679735239436, -21.618756359606728 ], [ -50.476783013143631, -21.618718623452231 ], [ -50.476882891258136, -21.618681045550485 ], [ -50.47698448943661, -21.618642199191118 ], [ -50.476986262335807, -21.618641533244435 ], [ -50.477089021961817, -21.618603621928823 ], [ -50.477190134580695, -21.618565952524687 ], [ -50.477291489520738, -21.618527199168167 ], [ -50.47729229413553, -21.618526893984399 ], [ -50.47739239039911, -21.61848923400726 ], [ -50.477491491318695, -21.618450584651647 ], [ -50.47749248968546, -21.618450199111443 ], [ -50.477594489714008, -21.618411199103715 ], [ -50.477695597098617, -21.618372540401353 ], [ -50.477795709107923, -21.618332892084165 ], [ -50.477796211518275, -21.618332694085868 ], [ -50.477897704561208, -21.618292892896356 ], [ -50.477937928084401, -21.618276803488556 ], [ -50.477928032631809, -21.618280365851771 ], [ -50.477827510121138, -21.618318800931899 ], [ -50.477825030694063, -21.618319725665085 ], [ -50.47772711924965, -21.618355329829445 ], [ -50.477628201284389, -21.618392918658778 ], [ -50.477625911400473, -21.618393768996324 ], [ -50.477525059992516, -21.618430352353013 ], [ -50.477426856198036, -21.618467669797678 ], [ -50.47732750851825, -21.618506415395949 ], [ -50.477323911480724, -21.618507768974819 ], [ -50.477223060074046, -21.618544352331032 ], [ -50.477124201528227, -21.618581918580951 ], [ -50.477024201449716, -21.618619918613796 ], [ -50.477023218031306, -21.618620288644053 ], [ -50.476921217950441, -21.618658288676944 ], [ -50.476920391818425, -21.618658593882586 ], [ -50.476820957104621, -21.618695020463971 ], [ -50.476722508686677, -21.618733415349745 ], [ -50.476717591238547, -21.618735241417877 ], [ -50.476617155169073, -21.618770689444986 ], [ -50.476517705971091, -21.618808105977138 ], [ -50.476514973597837, -21.618809105931316 ], [ -50.476411684078556, -21.618845853166565 ], [ -50.476311805514591, -21.618882442345804 ], [ -50.476210218138405, -21.618920288625777 ], [ -50.476208439048044, -21.618920939541692 ], [ -50.476105675531024, -21.618957854593852 ], [ -50.476004088414847, -21.618994704824615 ], [ -50.475900264860456, -21.61903264035654 ], [ -50.475899439126216, -21.619032939520519 ], [ -50.475796439043151, -21.61906993955261 ], [ -50.475795126708334, -21.619070404592353 ], [ -50.475693436854314, -21.619105946679646 ], [ -50.475591737925789, -21.619143466674775 ], [ -50.475589973829983, -21.619144105868514 ], [ -50.475486386987001, -21.619180958882268 ], [ -50.475382914615899, -21.619218406028743 ], [ -50.475281023101296, -21.619256986313538 ], [ -50.475279265129608, -21.619257640273002 ], [ -50.475175265046396, -21.619295640305925 ], [ -50.475174799402559, -21.619295809634334 ], [ -50.475070914698208, -21.619333406006366 ], [ -50.475045040011373, -21.619343203218538 ], [ -50.475026706183051, -21.619368369444274 ], [ -50.475128858940515, -21.619330682021964 ], [ -50.475231823759529, -21.61929207021781 ], [ -50.475335192744261, -21.619252312919034 ], [ -50.475337734889301, -21.61925135970154 ], [ -50.475440853679537, -21.619213681684879 ], [ -50.475542976751775, -21.619175013728139 ], [ -50.475544261956088, -21.619174533347433 ], [ -50.475647261874037, -21.619136533380345 ], [ -50.475648659396704, -21.619136025099362 ], [ -50.475753959342278, -21.619098276064843 ] ] ], [ [ [ -50.480328047167603, -21.618742910210702 ], [ -50.480377551227001, -21.618695033905098 ], [ -50.480388755363101, -21.618684480218505 ], [ -50.4804032832361, -21.618671132903089 ], [ -50.480424194384298, -21.618652663930497 ], [ -50.480434253661002, -21.618644127844394 ], [ -50.4804472550546, -21.618633470663195 ], [ -50.480462846300803, -21.618621313187003 ], [ -50.4805000364222, -21.618593731555094 ], [ -50.480527835944102, -21.618572455524795 ], [ -50.480541583294702, -21.618561611094901 ], [ -50.480554312125598, -21.61855130696409 ], [ -50.480561989740501, -21.618544780519599 ], [ -50.480568919550102, -21.618538546324292 ], [ -50.480575101554301, -21.618532604378199 ], [ -50.480580535753205, -21.618526954681304 ], [ -50.4805852221468, -21.618521597233702 ], [ -50.480588246194699, -21.618517770936492 ], [ -50.480591623928902, -21.618512924924993 ], [ -50.480593666482299, -21.618509482204885 ], [ -50.480595889313797, -21.618504976268596 ], [ -50.480597774357598, -21.618500305618987 ], [ -50.480599321613703, -21.6184954702561 ], [ -50.480600260382602, -21.618491735640802 ], [ -50.480601009145801, -21.618487908374298 ], [ -50.480601567903499, -21.6184839884566 ], [ -50.480601936655603, -21.618479975887595 ], [ -50.4806021154021, -21.618475870667396 ], [ -50.480602104143102, -21.618471672796005 ], [ -50.480601797944701, -21.618465930841804 ], [ -50.4806005948628, -21.618455463861583 ], [ -50.480599539244402, -21.618449241548102 ], [ -50.4805982158856, -21.618442843829495 ], [ -50.480596624786301, -21.618436270705782 ], [ -50.480594765946698, -21.61842952217701 ], [ -50.4805908687268, -21.618417290183203 ], [ -50.480586379731498, -21.618404951326887 ], [ -50.4805816032001, -21.618393079362498 ], [ -50.480577280174998, -21.618383275000902 ], [ -50.480571969647897, -21.618372270121494 ], [ -50.480568000371697, -21.618364695345495 ], [ -50.480532040335298, -21.618299054230299 ], [ -50.480523381100099, -21.618284058582503 ], [ -50.480515573669898, -21.618271504103905 ], [ -50.480507228602598, -21.618258896802192 ], [ -50.480498345898098, -21.618246236677603 ], [ -50.480488925556401, -21.618233523729803 ], [ -50.480478967577497, -21.618220757958998 ], [ -50.480457791352698, -21.618194645584396 ], [ -50.480445973035302, -21.618180554506399 ], [ -50.480442050877599, -21.618176123478893 ], [ -50.480439453387397, -21.618173435459294 ], [ -50.480436937932303, -21.618171270110608 ], [ -50.480434441868802, -21.618169416850606 ], [ -50.4804319651968, -21.618167875679216 ], [ -50.480429857769103, -21.618166803072398 ], [ -50.480407993823398, -21.618158876647097 ], [ -50.480404845616199, -21.618158118346191 ], [ -50.480400900388403, -21.618157708071195 ], [ -50.480396158140003, -21.618157645822208 ], [ -50.480391597431201, -21.618157859801109 ], [ -50.480384282581497, -21.6181585654017 ], [ -50.480373478501001, -21.618160089102609 ], [ -50.480365451668398, -21.618161567829102 ], [ -50.480359068547003, -21.6181631410509 ], [ -50.480356232614199, -21.61816405589439 ], [ -50.480317992883798, -21.618178145485189 ], [ -50.480316799737381, -21.618178610664678 ], [ -50.480353723822191, -21.618265867672477 ], [ -50.480430201227037, -21.618238190137252 ], [ -50.480541798874, -21.61850780984393 ], [ -50.480436798900705, -21.618545809836672 ], [ -50.480332435222685, -21.618583579551398 ], [ -50.480228069346396, -21.618622344022263 ], [ -50.480226340287444, -21.618622975032697 ], [ -50.480120972961984, -21.618660748227413 ], [ -50.480015603486216, -21.618699516244487 ], [ -50.480014340341135, -21.618699975018203 ], [ -50.479908340255598, -21.618737975051193 ], [ -50.479907888637364, -21.618738136195077 ], [ -50.479801982265073, -21.618775747806549 ], [ -50.479698069483817, -21.618814343984766 ], [ -50.479695888690706, -21.618815136180679 ], [ -50.479589114660499, -21.618853055932028 ], [ -50.479483569894562, -21.618890892737202 ], [ -50.479378972015652, -21.618928747210056 ], [ -50.479272767533075, -21.618967457257845 ], [ -50.479166388127233, -21.619007225262724 ], [ -50.479164340555833, -21.619007974960162 ], [ -50.479058743117825, -21.619045830647934 ], [ -50.478952144813064, -21.619084684238047 ], [ -50.478950888877606, -21.619085136130252 ], [ -50.478844114849032, -21.619123055881012 ], [ -50.478738340550429, -21.61916097497139 ], [ -50.478736620317918, -21.619161580713914 ], [ -50.478630482385604, -21.619198282617916 ], [ -50.478629101130963, -21.619198777784693 ], [ -50.478603652159798, -21.619214897317498 ], [ -50.478571822881896, -21.619234799287 ], [ -50.478538661323398, -21.619255286242801 ], [ -50.478504167484303, -21.619276358184798 ], [ -50.478422230733798, -21.619325691728395 ], [ -50.478386680211806, -21.61934736178409 ], [ -50.478344460076002, -21.61937364312589 ], [ -50.478304704403101, -21.619399028659096 ], [ -50.478299056050332, -21.619402727147534 ], [ -50.478394668817153, -21.619368380815857 ], [ -50.478495133999139, -21.619330952613431 ], [ -50.478596391664077, -21.619292236450345 ], [ -50.478695294373765, -21.619254273797218 ], [ -50.478696781499373, -21.619253711393334 ], [ -50.478796333903688, -21.619216623246391 ], [ -50.478893920962392, -21.619176612555577 ], [ -50.478896490859704, -21.619175584696112 ], [ -50.478995843423078, -21.619136837200084 ], [ -50.47909429497561, -21.61909745658301 ], [ -50.479192396503478, -21.619056828681611 ], [ -50.479290760781581, -21.619016091965094 ], [ -50.479387947150876, -21.618974861389336 ], [ -50.479482864614624, -21.618932784581151 ], [ -50.479577625754843, -21.618889352398156 ], [ -50.479674293115977, -21.618844506722006 ], [ -50.47976153076543, -21.619008925153111 ], [ -50.479777243748444, -21.619002168571328 ], [ -50.479874085286085, -21.618958688702961 ], [ -50.479878921234878, -21.618956612457453 ], [ -50.479978921159621, -21.618915612492653 ], [ -50.480031857241435, -21.6190285023117 ], [ -50.480033381902203, -21.619026537463689 ], [ -50.4800415019822, -21.619016625062002 ], [ -50.480047595694501, -21.619009688634591 ], [ -50.480052517624202, -21.619004344211589 ], [ -50.480067830540506, -21.618988462670597 ], [ -50.480087440731097, -21.618968980438993 ], [ -50.480111348196097, -21.618945897516792 ], [ -50.480152038067807, -21.618907532265492 ], [ -50.480233707275303, -21.618831830978795 ], [ -50.480281789281399, -21.618786830651501 ], [ -50.480328047167603, -21.618742910210702 ] ] ], [ [ [ -50.47942408984548, -21.618632022727315 ], [ -50.479456829156398, -21.618611029119183 ], [ -50.479424089845473, -21.618632022727315 ], [ -50.47942408984548, -21.618632022727315 ] ] ], [ [ [ -50.480350238422503, -21.618062434081001 ], [ -50.480349999329498, -21.618059804101598 ], [ -50.48034966031161, -21.6180585883933 ], [ -50.480349094120797, -21.618057472829602 ], [ -50.480342330084397, -21.618047073469299 ], [ -50.480313094273406, -21.618003519325988 ], [ -50.4802614054408, -21.617927187837495 ], [ -50.480219728101297, -21.61786587564109 ], [ -50.480196822261398, -21.617832663091399 ], [ -50.480164725463297, -21.617786868376697 ], [ -50.48016254273967, -21.617783800073862 ], [ -50.480241374979805, -21.6179682300635 ], [ -50.480142374901448, -21.618005230095537 ], [ -50.480141391366914, -21.618005594034805 ], [ -50.480041551695479, -21.618042168966877 ], [ -50.479944363129142, -21.618079473671997 ], [ -50.479846019117311, -21.618118215255699 ], [ -50.479845508348951, -21.618118415460682 ], [ -50.479746798173416, -21.61815691243309 ], [ -50.47964807806266, -21.618197387682248 ], [ -50.479644201261344, -21.61819891868457 ], [ -50.479546150836171, -21.618236177849873 ], [ -50.479448078230291, -21.618276387621748 ], [ -50.479348078155049, -21.618317387656955 ], [ -50.479345508497616, -21.618318415420656 ], [ -50.47924679832478, -21.61835691239196 ], [ -50.479148078323462, -21.618397387596278 ], [ -50.479048078248198, -21.618438387631482 ], [ -50.479046800924031, -21.618438904935367 ], [ -50.478948075835568, -21.61847839497511 ], [ -50.478849340760206, -21.618519863711011 ], [ -50.478846800986119, -21.618520904918604 ], [ -50.478747181738555, -21.618560752621669 ], [ -50.478646561721675, -21.618601598375108 ], [ -50.478545561645205, -21.618642598410343 ], [ -50.47854401961591, -21.618643215108122 ], [ -50.478445536950467, -21.618682011313428 ], [ -50.47837858401445, -21.618708923770615 ], [ -50.47841867482007, -21.618694381028408 ], [ -50.478520777466088, -21.618656712093685 ], [ -50.478621293949288, -21.618618894013569 ], [ -50.478623088442141, -21.618618230993864 ], [ -50.478724674899922, -21.618581381006816 ], [ -50.478826373743928, -21.618543861047762 ], [ -50.478927489524075, -21.618505199134603 ], [ -50.478928782051078, -21.61850471128059 ], [ -50.479030781970216, -21.618466711313484 ], [ -50.479033408949171, -21.618465758480848 ], [ -50.479133188253066, -21.618430542258778 ], [ -50.479231994339607, -21.618392389415835 ], [ -50.479233782132184, -21.618391711258575 ], [ -50.479335134721509, -21.618353952453823 ], [ -50.479436489663065, -21.618315199096696 ], [ -50.479437294276238, -21.618314893913542 ], [ -50.479538294196566, -21.618276893946405 ], [ -50.479538782214753, -21.618276711236287 ], [ -50.479639633115227, -21.618239139335401 ], [ -50.47973849149124, -21.618200584571703 ], [ -50.479740782270063, -21.618199711221401 ], [ -50.479842538121467, -21.618161802181596 ], [ -50.479943294307226, -21.618123893916472 ], [ -50.479944120657599, -21.618123585592596 ], [ -50.48004395138355, -21.618086648226665 ], [ -50.480145782270327, -21.618048711232337 ], [ -50.480146120711176, -21.61804858557808 ], [ -50.480246120631641, -21.61801158561012 ], [ -50.48029279030353, -21.618121872864208 ], [ -50.480311077279801, -21.618108308843095 ], [ -50.4803263757018, -21.618096249001493 ], [ -50.480332535328998, -21.6180910567547 ], [ -50.480337701900403, -21.61808642295739 ], [ -50.480341875415803, -21.618082347609505 ], [ -50.480345055875503, -21.6180788307109 ], [ -50.480346624484199, -21.618076796361599 ], [ -50.480348149850698, -21.618074210212111 ], [ -50.480349232814611, -21.618070223278696 ], [ -50.480350026730299, -21.618065703592798 ], [ -50.480350238422503, -21.618062434081001 ] ] ], [ [ [ -50.478487831027778, -21.617470058730124 ], [ -50.478487682763152, -21.617470114571113 ], [ -50.478370682670835, -21.617514114609175 ], [ -50.478370397888312, -21.617514221399862 ], [ -50.478256103255255, -21.617556957657442 ], [ -50.478139805815331, -21.617601687445443 ], [ -50.478138397951689, -21.617602221382754 ], [ -50.478024541338542, -21.617644793859167 ], [ -50.477910677297352, -21.617689349356983 ], [ -50.477910238783309, -21.617689520209364 ], [ -50.477794458214156, -21.617734435089293 ], [ -50.47768079846788, -21.617778910646589 ], [ -50.477566911970335, -21.617825455567303 ], [ -50.477564238884725, -21.617826520181985 ], [ -50.477449580811808, -21.617870999611291 ], [ -50.477335912040985, -21.617917455547943 ], [ -50.477334800512445, -21.617917904983955 ], [ -50.477220817533052, -21.617963498180611 ], [ -50.477108828225987, -21.618010077808602 ], [ -50.477106800582845, -21.618010904964908 ], [ -50.476992357324335, -21.618056682273 ], [ -50.476878370955525, -21.618103268011168 ], [ -50.476765828334884, -21.61815007777874 ], [ -50.476764912342873, -21.618150455448948 ], [ -50.476649912256164, -21.618197455489305 ], [ -50.476648800724426, -21.618197904926593 ], [ -50.476555799703839, -21.618235105338741 ], [ -50.476574759742178, -21.618228345673391 ], [ -50.476688028025961, -21.618185993187527 ], [ -50.476802456281696, -21.618142211945141 ], [ -50.476803168388074, -21.618141941417299 ], [ -50.476916591891737, -21.618099158871228 ], [ -50.477029446556465, -21.618055600934131 ], [ -50.477142652213928, -21.618010914494366 ], [ -50.477255427000969, -21.617966004185114 ], [ -50.477258601812359, -21.617964778657832 ], [ -50.477372007158507, -21.61792237492358 ], [ -50.477483427067291, -21.617878004166936 ], [ -50.477483877861573, -21.617877825434999 ], [ -50.47759787777386, -21.617832825473776 ], [ -50.477599729269748, -21.617832107806578 ], [ -50.477712024427142, -21.617789376024767 ], [ -50.477826322440514, -21.61774465071883 ], [ -50.4778270176352, -21.617744380543996 ], [ -50.477940220574091, -21.617700688185685 ], [ -50.478052427355074, -21.617656004073272 ], [ -50.478165427268578, -21.617611004111996 ], [ -50.478168168773877, -21.617609941313621 ], [ -50.478280792598646, -21.617567460401137 ], [ -50.478391295787539, -21.61752345471054 ], [ -50.478503171966793, -21.61747692214507 ], [ -50.478505427490838, -21.617476004036366 ], [ -50.478618427404349, -21.617431004075115 ], [ -50.478618878196549, -21.617430825343988 ], [ -50.47873208416091, -21.617386138783615 ], [ -50.478844293914158, -21.617340460481337 ], [ -50.478845427593434, -21.617340004008536 ], [ -50.47894944251393, -21.61729858214208 ], [ -50.478949382925862, -21.617298603386523 ], [ -50.478833682546565, -21.617342114642977 ], [ -50.478831074106019, -21.617343070011422 ], [ -50.478717382986559, -21.61738360337004 ], [ -50.478601756874454, -21.617427086696974 ], [ -50.478487831027778, -21.617470058730124 ] ] ], [ [ [ -50.480139486105898, -21.617751388854298 ], [ -50.480162542739656, -21.617783800073852 ], [ -50.48016254273967, -21.617783800073862 ], [ -50.480139486105898, -21.617751388854298 ] ] ], [ [ [ -50.476677052374797, -21.61727611152169 ], [ -50.476663680233592, -21.617292351056289 ], [ -50.476663680233592, -21.617292351056289 ], [ -50.476677052374797, -21.61727611152169 ] ] ], [ [ [ -50.477583021891171, -21.616934604234324 ], [ -50.477467238116006, -21.616979520357773 ], [ -50.477466805463777, -21.616979687479315 ], [ -50.477350021956724, -21.617024604216624 ], [ -50.477235131078409, -21.617069173958072 ], [ -50.477174192463011, -21.617093653574997 ], [ -50.477199007795257, -21.617084374799422 ], [ -50.477310427718429, -21.617040004037072 ], [ -50.477312457230816, -21.617039211723235 ], [ -50.477427457140848, -21.616995211761243 ], [ -50.477428602529727, -21.616994778513529 ], [ -50.477543602560672, -21.61695177850514 ], [ -50.477658602591625, -21.616908778496754 ], [ -50.477772584906162, -21.61686615902622 ], [ -50.477884573095373, -21.616822553008983 ], [ -50.47788660265428, -21.616821778479835 ], [ -50.478001246188278, -21.61677891177046 ], [ -50.478116810243165, -21.616735077132276 ], [ -50.478228872426897, -21.616692434003784 ], [ -50.478166969819569, -21.616715380661528 ], [ -50.478165722423014, -21.616715837220141 ], [ -50.478047704911496, -21.616758482206453 ], [ -50.477932461850422, -21.616801821480479 ], [ -50.477817238017685, -21.616846520384605 ], [ -50.477814548511148, -21.616847536177762 ], [ -50.477698680478426, -21.616890120159027 ], [ -50.477583021891171, -21.616934604234324 ] ] ], [ [ [ -50.476932217513209, -21.616875072920628 ], [ -50.476932217513202, -21.616875072920628 ], [ -50.476928885307608, -21.616879435271489 ], [ -50.476932217513209, -21.616875072920628 ] ] ], [ [ [ -50.477853593725321, -21.616251781894501 ], [ -50.47797585162229, -21.616206059432717 ], [ -50.478097112758292, -21.616159344080579 ], [ -50.478218694223919, -21.61611250532339 ], [ -50.478338161656012, -21.616065713916509 ], [ -50.478460046588864, -21.616017759193149 ], [ -50.478460941969573, -21.616017409999973 ], [ -50.478579941876994, -21.615971410039684 ], [ -50.478686737614197, -21.616212982640167 ], [ -50.478753451868151, -21.616188463728012 ], [ -50.478866548234073, -21.616457536252696 ], [ -50.47880092207474, -21.616481655270171 ], [ -50.478909029320263, -21.616738229111835 ], [ -50.47899553421977, -21.616705182298873 ], [ -50.478996458919106, -21.616704832293937 ], [ -50.479020458900152, -21.616695832301716 ], [ -50.479119830238801, -21.616927534698821 ], [ -50.479182331494577, -21.616904507921813 ], [ -50.479289858432161, -21.617159702709102 ], [ -50.479290970100109, -21.61715927414069 ], [ -50.479301970091292, -21.617155274144164 ], [ -50.479409914413516, -21.61741482975205 ], [ -50.479428492099558, -21.617407584455044 ], [ -50.479430782858515, -21.617406711112331 ], [ -50.479531376449174, -21.617369235072054 ], [ -50.47962898128656, -21.617330784684519 ], [ -50.47973900796331, -21.617574995586107 ], [ -50.479832089105265, -21.617541230860319 ], [ -50.479928304580568, -21.617773151029827 ], [ -50.480028116302229, -21.617736586342374 ], [ -50.480107431088094, -21.617706943444642 ], [ -50.480104277951099, -21.617702571509302 ], [ -50.4800767050762, -21.617664825014192 ], [ -50.480038385564697, -21.617612985038893 ], [ -50.4799982881351, -21.617559417846294 ], [ -50.479967048304104, -21.617518108965413 ], [ -50.479891151478597, -21.617418466879403 ], [ -50.479824988436697, -21.617330756650112 ], [ -50.479780427963199, -21.617271171323097 ], [ -50.479724219119909, -21.617195438843599 ], [ -50.479678845444099, -21.617133852203295 ], [ -50.479633110345098, -21.617071376090507 ], [ -50.479409830259605, -21.616764157211389 ], [ -50.479327723344397, -21.616651696748391 ], [ -50.479240520692798, -21.616532722092803 ], [ -50.479120097239303, -21.616369087859699 ], [ -50.478986020214407, -21.616187482332798 ], [ -50.478864332407802, -21.616023071336897 ], [ -50.478756211040803, -21.615877596780681 ], [ -50.47868695627421, -21.615784822934884 ], [ -50.478609016592799, -21.615680842741696 ], [ -50.478386995333203, -21.615386158997598 ], [ -50.478353112973799, -21.615340850706499 ], [ -50.478323153887096, -21.61530036427899 ], [ -50.478313415449399, -21.6152881074315 ], [ -50.478309054413501, -21.615283020029402 ], [ -50.478303766703299, -21.615277316404498 ], [ -50.478300196174203, -21.615273848369306 ], [ -50.478295962472998, -21.615270303900299 ], [ -50.478293182450599, -21.615268455231991 ], [ -50.478291517318198, -21.615267608349995 ], [ -50.478290002758499, -21.615267069918907 ], [ -50.4782865375293, -21.6152664013871 ], [ -50.478283835269302, -21.615266045122898 ], [ -50.478278617211501, -21.615265808757904 ], [ -50.478275482175803, -21.615265983432103 ], [ -50.478273044070498, -21.615266301732589 ], [ -50.478269503451401, -21.615267076785493 ], [ -50.478268233520303, -21.615267578976205 ], [ -50.4782664959206, -21.615268778763788 ], [ -50.478266388987031, -21.615268870768052 ], [ -50.478362936380499, -21.615467611601936 ], [ -50.478250017931465, -21.615515576966587 ], [ -50.47815296298144, -21.615556930819807 ], [ -50.478246578576112, -21.615767939751549 ], [ -50.478282508725769, -21.615753373475844 ], [ -50.478283879492096, -21.615752825086958 ], [ -50.478397879404412, -21.615707825125721 ], [ -50.478518120703406, -21.615974174852632 ], [ -50.478404807413803, -21.616018903787179 ], [ -50.478294491300062, -21.616063626540228 ], [ -50.478290396814131, -21.616065221609215 ], [ -50.478176991374887, -21.616107625386018 ], [ -50.478065571380327, -21.61615199618381 ], [ -50.478065120836781, -21.616152174816364 ], [ -50.477951120749097, -21.616197174855138 ], [ -50.477949542165391, -21.616197788385701 ], [ -50.477835110124623, -21.616241571083382 ], [ -50.477720676221551, -21.616286349570931 ], [ -50.477718396974041, -21.616287221566306 ], [ -50.477604540344103, -21.616329794048994 ], [ -50.47749067628704, -21.616374349553045 ], [ -50.477489542295025, -21.616374788350587 ], [ -50.477374542205069, -21.616418788388586 ], [ -50.477373397069115, -21.616419221540696 ], [ -50.477314369007146, -21.616441292904906 ], [ -50.477302494547807, -21.616456431639673 ], [ -50.477298566228079, -21.616461439850053 ], [ -50.47736111242412, -21.616437344186327 ], [ -50.477361522567243, -21.616437186823067 ], [ -50.477484522470959, -21.616390186863665 ], [ -50.477486674325576, -21.616389382157514 ], [ -50.47760913313914, -21.616344580155825 ], [ -50.477730851554156, -21.61629905945124 ], [ -50.477852112560178, -21.616252344149196 ], [ -50.477853593725321, -21.616251781894501 ] ] ], [ [ [ -50.477816292974595, -21.615080622100852 ], [ -50.477863989557427, -21.615060748526243 ], [ -50.477767193830744, -21.615098625118407 ], [ -50.477816292974595, -21.615080622100852 ] ] ], [ [ [ -50.473976007590203, -21.624836896409494 ], [ -50.473979660160104, -21.624847960125898 ], [ -50.473982023095601, -21.624854591269298 ], [ -50.473985459332098, -21.6248634209831 ], [ -50.473987678045198, -21.624868562791288 ], [ -50.473989839069503, -21.624873108865508 ], [ -50.473991942404801, -21.624877059205694 ], [ -50.473994989241, -21.6248818677145 ], [ -50.473997952094898, -21.624885700146297 ], [ -50.474001914471401, -21.624890425167401 ], [ -50.4740068865745, -21.624895712873499 ], [ -50.474010879563103, -21.62489944818239 ], [ -50.474014886157001, -21.624902743619199 ], [ -50.4740189063562, -21.624905599184 ], [ -50.4740229401608, -21.624908014876702 ], [ -50.474028001549001, -21.624910415922397 ], [ -50.474031383221302, -21.624911503074895 ], [ -50.474036684838197, -21.624912512724585 ], [ -50.474042892421409, -21.624913019646304 ], [ -50.474050005970909, -21.624913023840104 ], [ -50.474058025486599, -21.624912525305898 ], [ -50.474066950968599, -21.624911524043799 ], [ -50.474076782416901, -21.624910020053701 ], [ -50.474084750543497, -21.624908562145993 ], [ -50.474093281284702, -21.624906787075695 ], [ -50.474102745700201, -21.62490445419639 ], [ -50.474113196798498, -21.624901529130195 ], [ -50.47412463457961, -21.624898011876997 ], [ -50.474137059043599, -21.624893902436678 ], [ -50.474150470190402, -21.624889200809502 ], [ -50.474164868020097, -21.624883906995301 ], [ -50.474180252532598, -21.624878020994089 ], [ -50.474202300055907, -21.624869251812598 ], [ -50.474259940840803, -21.624845284275597 ], [ -50.474303002461703, -21.62482794307919 ], [ -50.474355556614398, -21.624807341654805 ], [ -50.474417603299003, -21.624783480002197 ], [ -50.474474075269598, -21.624762043315986 ], [ -50.474536622460597, -21.624738520083689 ], [ -50.4747706542461, -21.624651347150312 ], [ -50.4749348092056, -21.624589757369598 ], [ -50.475079335726797, -21.624535099113793 ], [ -50.475274448139501, -21.62446073774079 ], [ -50.475371036537901, -21.624424162205806 ], [ -50.475458027643, -21.624391582341808 ], [ -50.475547387353203, -21.624358622584598 ], [ -50.4756135843229, -21.62433470000769 ], [ -50.475681221622402, -21.624310768279688 ], [ -50.475721860395502, -21.624296216279895 ], [ -50.475765000142196, -21.624280581096297 ], [ -50.475822441819403, -21.624259513889701 ], [ -50.4759356844216, -21.62421732788189 ], [ -50.476061075495004, -21.624169865303294 ], [ -50.476174732182002, -21.624126477584703 ], [ -50.4762874550131, -21.624083174131293 ], [ -50.476399243988197, -21.6240399549431 ], [ -50.476567782872699, -21.623974490430811 ], [ -50.476703140660703, -21.623922369907 ], [ -50.476847369801, -21.623867294511403 ], [ -50.477103827245998, -21.6237699935797 ], [ -50.477274671323798, -21.623704583336284 ], [ -50.477426684559298, -21.623645825081496 ], [ -50.477700860649897, -21.623539064377997 ], [ -50.477790095115303, -21.623504737614304 ], [ -50.477809097260497, -21.623497696194693 ], [ -50.477941236454797, -21.623452229610304 ], [ -50.477967489702898, -21.623442841809602 ], [ -50.477986004545102, -21.623435946960289 ], [ -50.4780014622377, -21.623429896036409 ], [ -50.478013862780699, -21.623424689037993 ], [ -50.478023206174107, -21.623420325964897 ], [ -50.478028746091297, -21.623417304723102 ], [ -50.478034806200398, -21.623413307301895 ], [ -50.478040028744999, -21.6234090003924 ], [ -50.478042760240797, -21.623406267692197 ], [ -50.478044413725002, -21.623404383994504 ], [ -50.478046642682102, -21.623401465601297 ], [ -50.478047961140497, -21.623399458108096 ], [ -50.478049145588699, -21.623397401096895 ], [ -50.4780506709915, -21.623394222733396 ], [ -50.478051894871101, -21.623390932954194 ], [ -50.478052543277897, -21.623388677870398 ], [ -50.478052976017203, -21.6233851483032 ], [ -50.478052674331003, -21.623381426177897 ], [ -50.478051638219199, -21.623377511494603 ], [ -50.478050539463901, -21.623374794728896 ], [ -50.478049114297107, -21.623371992381891 ], [ -50.478047362719103, -21.623369104453495 ], [ -50.47804528472971, -21.623366130943612 ], [ -50.478041555724303, -21.623361510213794 ], [ -50.478035441277399, -21.623355049705907 ], [ -50.478029998612399, -21.62334997967379 ], [ -50.478023821521901, -21.623344717083597 ], [ -50.478012179510699, -21.623335302240903 ], [ -50.478002214613703, -21.623326766187493 ], [ -50.477991704595098, -21.623317311936187 ], [ -50.4779778004945, -21.623304202906006 ], [ -50.477966063952103, -21.623292682709202 ], [ -50.477953782288203, -21.623280244314305 ], [ -50.477940955502604, -21.623266887721492 ], [ -50.477920840795598, -21.623245465127695 ], [ -50.4779075366529, -21.623231816540994 ], [ -50.477894474452597, -21.623219030646197 ], [ -50.477878486933697, -21.623204261438111 ], [ -50.477872197775902, -21.623198731182498 ], [ -50.477862877449802, -21.623190840186094 ], [ -50.477853693216197, -21.623183434453807 ], [ -50.477844645075301, -21.623176513985701 ], [ -50.477832792586902, -21.623168041550301 ], [ -50.477818121993899, -21.623158193036197 ], [ -50.477803048579609, -21.623147807956791 ], [ -50.477778025574302, -21.623129912448906 ], [ -50.477755216195099, -21.623112962196807 ], [ -50.477717482568309, -21.623083898002012 ], [ -50.477702301475503, -21.623072634275498 ], [ -50.477685954803697, -21.623061017747986 ], [ -50.477668442552698, -21.623049048419489 ], [ -50.477649764722699, -21.62303672629 ], [ -50.4776299213135, -21.623024051359504 ], [ -50.477597970738998, -21.623004377462006 ], [ -50.4775635811828, -21.622983967618893 ], [ -50.477492808692503, -21.6229426179416 ], [ -50.477426459138997, -21.622904364363695 ], [ -50.477397841411914, -21.622888055847088 ], [ -50.477373964698977, -21.622897009615151 ], [ -50.47725638284038, -21.622941850157858 ], [ -50.477138382829722, -21.622986850165539 ], [ -50.477137961557247, -21.622987010144886 ], [ -50.477019172353458, -21.623031930435619 ], [ -50.476901383020838, -21.623076850099885 ], [ -50.47678338292836, -21.623121850138762 ], [ -50.476782961655282, -21.62312201011834 ], [ -50.476664172450974, -21.623166930409266 ], [ -50.476546596713384, -21.623211768617889 ], [ -50.476429810079019, -21.623256686557827 ], [ -50.476429383152372, -21.623256850064198 ], [ -50.476311596779624, -21.623301768599891 ], [ -50.476194810145188, -21.623346686539843 ], [ -50.47619213741914, -21.623347687404713 ], [ -50.476075478797561, -21.62339019860072 ], [ -50.475959810209872, -21.623434686522156 ], [ -50.475959383282401, -21.623434850028836 ], [ -50.475841596908239, -21.623479768565062 ], [ -50.47572481027602, -21.623524686504169 ], [ -50.47572326569879, -21.623525271490539 ], [ -50.475606039705319, -21.623568982881483 ], [ -50.475490026941763, -21.623613603178622 ], [ -50.475374243182245, -21.623658519295983 ], [ -50.475373810498944, -21.623658686429515 ], [ -50.475256810407636, -21.623703686468382 ], [ -50.475254553508442, -21.62370453515582 ], [ -50.475138685560751, -21.623747119105822 ], [ -50.475022810472289, -21.623791686450716 ], [ -50.475022383543248, -21.623791849958003 ], [ -50.474904813975677, -21.623836685813838 ], [ -50.474789243347196, -21.623881519250947 ], [ -50.474786553635049, -21.623882535121762 ], [ -50.474669553665585, -21.623925535113479 ], [ -50.47455312145884, -21.623968326440497 ], [ -50.474436687475254, -21.624012113582666 ], [ -50.474435975286305, -21.624012379497199 ], [ -50.474319975194092, -21.624055379534433 ], [ -50.474319553757979, -21.624055535088438 ], [ -50.474202553664576, -21.624098535125693 ], [ -50.474201409280312, -21.624098950813305 ], [ -50.474085767109521, -21.624140463390574 ], [ -50.473971114891633, -21.624183952165655 ], [ -50.473970402796411, -21.624184220347132 ], [ -50.473855402705361, -21.624227220384348 ], [ -50.473854553880209, -21.62422753505529 ], [ -50.473832332599343, -21.624235701851369 ], [ -50.473849399616398, -21.624301430495702 ], [ -50.473861361652197, -21.624349516316588 ], [ -50.473872147648002, -21.624394902148008 ], [ -50.473882425026801, -21.624439365792597 ], [ -50.4739210853785, -21.6246114450331 ], [ -50.473941925858206, -21.624702443495391 ], [ -50.473958679875402, -21.624773464553098 ], [ -50.473964271080106, -21.624795662850591 ], [ -50.473969631529101, -21.62481547821189 ], [ -50.473976007590203, -21.624836896409494 ] ] ], [ [ [ -50.473601752643702, -21.623790274811405 ], [ -50.4736135179351, -21.623799006393892 ], [ -50.473622285723501, -21.623805965070495 ], [ -50.4736307575334, -21.623813094650998 ], [ -50.4736415928692, -21.623822866608506 ], [ -50.473649374063008, -21.623830394964401 ], [ -50.473656859278499, -21.623838094223991 ], [ -50.473664048515602, -21.623845964387499 ], [ -50.4736731737543, -21.623856723789 ], [ -50.473679672375198, -21.623864992727906 ], [ -50.473687876792397, -21.623876283830093 ], [ -50.473693684797098, -21.623884951544394 ], [ -50.473701382624199, -21.623897177984595 ], [ -50.473707245629498, -21.623906971021906 ], [ -50.473715182483197, -21.623920859347596 ], [ -50.47372325592341, -21.623935697322189 ], [ -50.473729400638597, -21.623947449010291 ], [ -50.473735965182527, -21.623960479324619 ], [ -50.473741021312108, -21.623958621089084 ], [ -50.473853517057265, -21.623916557465709 ], [ -50.473740854065738, -21.623663269398318 ], [ -50.473651083752998, -21.62369570741264 ], [ -50.473531439421855, -21.623739577003494 ], [ -50.473529923459559, -21.623740124277791 ], [ -50.473510022706627, -21.623747196446619 ], [ -50.473510317571609, -21.623747259648198 ], [ -50.473521933025999, -21.623750240908706 ], [ -50.473530272731999, -21.623752765145888 ], [ -50.473538663413102, -21.623755713009494 ], [ -50.473547105069201, -21.623759084499302 ], [ -50.473555597700198, -21.62376287961531 ], [ -50.473564141306298, -21.623767098357707 ], [ -50.473572735887302, -21.623771740726294 ], [ -50.4735842746232, -21.623778589525301 ], [ -50.473592988145903, -21.623784220355301 ], [ -50.473601752643702, -21.623790274811405 ] ] ], [ [ [ -50.476410447747085, -21.622923578455101 ], [ -50.476307545567551, -21.622962166774851 ], [ -50.476307391148588, -21.622962224591749 ], [ -50.476200861137087, -21.623002048898254 ], [ -50.476096329999244, -21.623041870287089 ], [ -50.475991329916901, -21.623081870321641 ], [ -50.475990391235008, -21.623082224568375 ], [ -50.475884485987748, -21.623121815318392 ], [ -50.475780573939801, -21.623162390502145 ], [ -50.475779330087612, -21.623162870263116 ], [ -50.475675086514165, -21.62320258210412 ], [ -50.475569570285373, -21.623243999692971 ], [ -50.47546629766854, -21.62328570594595 ], [ -50.475463622024343, -21.623286758734544 ], [ -50.475358939518095, -21.623326870727183 ], [ -50.475256225036084, -21.623369912990203 ], [ -50.47525283985037, -21.623371286417097 ], [ -50.475145839767777, -21.623413286453296 ], [ -50.47514509467117, -21.623413576783793 ], [ -50.475040072466633, -21.623454198583762 ], [ -50.474934044633486, -21.623496807903642 ], [ -50.474932839944444, -21.623497286391554 ], [ -50.474826079553331, -21.623539192343337 ], [ -50.474720318823643, -21.623581097541933 ], [ -50.474720095314545, -21.62358118590863 ], [ -50.474611207140967, -21.623624141797617 ], [ -50.47450531888753, -21.623666097524545 ], [ -50.474502697691889, -21.623667109695592 ], [ -50.474394534827788, -21.623707794813065 ], [ -50.474287367977425, -21.623749470813646 ], [ -50.474286902811244, -21.623749650881255 ], [ -50.474178736815873, -21.623791329525531 ], [ -50.474071566754816, -21.623833999090579 ], [ -50.474070368155402, -21.623834470751863 ], [ -50.474008932104319, -21.623858362551577 ], [ -50.474090017745894, -21.623829254887315 ], [ -50.474206235503885, -21.623786542380714 ], [ -50.474321668370926, -21.623743752614136 ], [ -50.474438312536428, -21.623699886435361 ], [ -50.47443944653007, -21.62369946482999 ], [ -50.474556446560591, -21.623656464821696 ], [ -50.474672096516521, -21.62361396099524 ], [ -50.474786756669161, -21.623569480766822 ], [ -50.474787616654375, -21.623569149982636 ], [ -50.474905402968055, -21.623524231476882 ], [ -50.475022189542216, -21.623479313567383 ], [ -50.475024446687193, -21.623478464787649 ], [ -50.475140314575484, -21.623435880866317 ], [ -50.4752559731308, -21.623391396809851 ], [ -50.475371756834122, -21.623346480721811 ], [ -50.475372189764357, -21.62334631349291 ], [ -50.475489189673063, -21.623301313531762 ], [ -50.475490734498123, -21.623300728451625 ], [ -50.475607960431297, -21.62325701709026 ], [ -50.475724189738479, -21.623212313513925 ], [ -50.47572461691523, -21.623212149911794 ], [ -50.4758424032295, -21.623167231405827 ], [ -50.475959189804641, -21.623122313495944 ], [ -50.475961862777012, -21.623121312538967 ], [ -50.476078521337712, -21.623078801371957 ], [ -50.476194189869325, -21.623034313478261 ], [ -50.476194617045266, -21.62303414987645 ], [ -50.476312403359053, -21.622989231370656 ], [ -50.476429189935494, -21.62294431346027 ], [ -50.476429617111016, -21.622944149858622 ], [ -50.476547617018532, -21.622899149897503 ], [ -50.476548038542866, -21.622898989822549 ], [ -50.476666827686905, -21.622854069561583 ], [ -50.47678461720966, -21.622809149831834 ], [ -50.476902617117183, -21.622764149870711 ], [ -50.476903038640906, -21.622763989795981 ], [ -50.477021827784192, -21.622719069535307 ], [ -50.477066817823548, -21.622701912318252 ], [ -50.477055550824687, -21.622695675194262 ], [ -50.477042518073482, -21.622700267687797 ], [ -50.477040341680635, -21.622701017221779 ], [ -50.476934432908124, -21.622736650081745 ], [ -50.476830518234507, -21.622773267634987 ], [ -50.476726161141904, -21.622810041088954 ], [ -50.476621801872234, -21.622847809207727 ], [ -50.47662134329461, -21.622847974385849 ], [ -50.476515343321076, -21.622885974378672 ], [ -50.476410447747085, -21.622923578455101 ] ] ], [ [ [ -50.473532331162318, -21.623156659059163 ], [ -50.473532331162311, -21.623156659059163 ], [ -50.47351597754411, -21.623183492600592 ], [ -50.473532331162318, -21.623156659059163 ] ] ], [ [ [ -50.473188839446699, -21.623016286478808 ], [ -50.473187156127814, -21.623016936342314 ], [ -50.473080240676744, -21.62305752461906 ], [ -50.473022001510145, -21.623080600517159 ], [ -50.4731318275795, -21.62303906965391 ], [ -50.473249617099263, -21.622994149925283 ], [ -50.473367617006765, -21.622949149964153 ], [ -50.473368038531113, -21.622948989889199 ], [ -50.473486827675835, -21.622904069627946 ], [ -50.473604186675935, -21.622859314080735 ], [ -50.473719757252709, -21.622814480670989 ], [ -50.473722150782692, -21.62281357398107 ], [ -50.473762143776831, -21.622798786656663 ], [ -50.473763360777973, -21.622796948288652 ], [ -50.47376476268348, -21.622794830609269 ], [ -50.473722839293771, -21.622811286520626 ], [ -50.473720391016798, -21.622812224565298 ], [ -50.473614007376042, -21.622851994153823 ], [ -50.473508472098139, -21.622892432908568 ], [ -50.47340331831257, -21.622934097619577 ], [ -50.473400391105379, -21.622935224541408 ], [ -50.473294619568478, -21.622974765306299 ], [ -50.473188839446699, -21.623016286478808 ] ] ], [ [ [ -50.475814528852602, -21.621835428037897 ], [ -50.4758094149621, -21.621835535279509 ], [ -50.475804847242706, -21.621835810106898 ], [ -50.475791748225298, -21.621837099357997 ], [ -50.47576988513471, -21.621840089968494 ], [ -50.475742480244001, -21.621844528534293 ], [ -50.47570204862901, -21.621851636313409 ], [ -50.475658721285697, -21.621859680188507 ], [ -50.475624711386303, -21.621866207618481 ], [ -50.475594243255898, -21.621872392991101 ], [ -50.475563069889901, -21.621879124620804 ], [ -50.475531191288397, -21.621886402507801 ], [ -50.475504087065403, -21.621892884693406 ], [ -50.4754820510692, -21.621898343570397 ], [ -50.475420774365197, -21.621914150410486 ], [ -50.475339656612391, -21.621935615538391 ], [ -50.475267215252202, -21.621955336243705 ], [ -50.475234269906998, -21.621964698912908 ], [ -50.475204170400197, -21.621973608155901 ], [ -50.475173255663798, -21.621983234932202 ], [ -50.475139580462503, -21.621994345494095 ], [ -50.4751181952103, -21.622001130881895 ], [ -50.475095686635797, -21.622007789885199 ], [ -50.475077681882702, -21.622012657752997 ], [ -50.475065787201601, -21.622015586938605 ], [ -50.4750567888074, -21.622017545362592 ], [ -50.4750481397679, -21.622019061708297 ], [ -50.4750398400829, -21.622020135975795 ], [ -50.475031889752401, -21.622020768164997 ], [ -50.475024288776503, -21.622020958275897 ], [ -50.475017037155197, -21.622020706308593 ], [ -50.4750101348885, -21.622020012263 ], [ -50.475005187452403, -21.622019201614894 ], [ -50.474997249650499, -21.622017411658309 ], [ -50.474987762360101, -21.622014954647096 ], [ -50.474979866549909, -21.622012668538698 ], [ -50.474970403896002, -21.622009638889498 ], [ -50.474962528616402, -21.622006875582702 ], [ -50.474953090599001, -21.622003273295597 ], [ -50.4749468024104, -21.622000629073597 ], [ -50.474942083814, -21.621998433756904 ], [ -50.474935789078501, -21.621995223801299 ], [ -50.474929490602101, -21.621991690569295 ], [ -50.474923188384501, -21.621987834060899 ], [ -50.474916882425902, -21.621983654276193 ], [ -50.474910572726209, -21.621979151215093 ], [ -50.474905837996403, -21.621975561769201 ], [ -50.474899476221303, -21.621970457657305 ], [ -50.4748925188334, -21.621964571145494 ], [ -50.474884829247202, -21.621957796282 ], [ -50.474876407462403, -21.621950133066889 ], [ -50.474864850577397, -21.621939304803696 ], [ -50.474841165153002, -21.6219163160454 ], [ -50.4748144352832, -21.621889524167688 ], [ -50.474783207490702, -21.621857458468408 ], [ -50.4747569677833, -21.621829766709787 ], [ -50.474718901312102, -21.6217882961902 ], [ -50.4746905159951, -21.621756747152205 ], [ -50.4746875705017, -21.621753824894284 ], [ -50.474684357031698, -21.621751002518689 ], [ -50.474678088640999, -21.621746303703102 ], [ -50.474672062541906, -21.621742519609903 ], [ -50.474666580208201, -21.62173953787169 ], [ -50.4746594814115, -21.621736184049194 ], [ -50.4746533504524, -21.621733697791601 ], [ -50.474647073324, -21.621731519735199 ], [ -50.474640650026203, -21.621729649880205 ], [ -50.474634080559007, -21.621728088226405 ], [ -50.474626004254802, -21.621726621067609 ], [ -50.474619127946902, -21.621725748999186 ], [ -50.4746137161207, -21.621725425610101 ], [ -50.474608446457701, -21.6217254841496 ], [ -50.474603318957797, -21.6217259246175 ], [ -50.47459833362111, -21.621726747013895 ], [ -50.474593490447603, -21.62172795133889 ], [ -50.474588789437298, -21.621729537592397 ], [ -50.474583113091398, -21.6217320574961 ], [ -50.474580904749402, -21.621733232551403 ], [ -50.474578168553002, -21.621735244595207 ], [ -50.474572722409597, -21.621740295456199 ], [ -50.474565666047397, -21.621747785671602 ], [ -50.4745569994666, -21.621757715241202 ], [ -50.474542939240798, -21.621774749218403 ], [ -50.474530515483004, -21.621790370614697 ], [ -50.474516481506399, -21.621808431365292 ], [ -50.474500837311204, -21.621828931470091 ], [ -50.474464718264699, -21.621877249742692 ], [ -50.4743936866887, -21.621973913940206 ], [ -50.474327758341701, -21.622064252470295 ], [ -50.474258346436798, -21.622160246552003 ], [ -50.474224930764905, -21.622205679777007 ], [ -50.474204293401101, -21.622233165031211 ], [ -50.474188097667799, -21.622254356121598 ], [ -50.474137131236503, -21.622319346131391 ], [ -50.47411573906048, -21.622347041056422 ], [ -50.474132927752365, -21.622340656685591 ], [ -50.474247072350707, -21.622609343294783 ], [ -50.474143702798386, -21.622647737703335 ], [ -50.474039318128582, -21.622689097670015 ], [ -50.47403732971808, -21.62268987030135 ], [ -50.473932569872048, -21.622729778817412 ], [ -50.473829325307413, -21.622769488268766 ], [ -50.473826110867321, -21.622770750011711 ], [ -50.473822269364803, -21.622776555348562 ], [ -50.473840382329456, -21.622769858118453 ], [ -50.473957403578474, -21.622725231374272 ], [ -50.474074190154461, -21.622680313464066 ], [ -50.474076025725175, -21.622679620289254 ], [ -50.474191105598713, -21.622636961374056 ], [ -50.474307190219136, -21.6225923134464 ], [ -50.474309447341959, -21.622591464674993 ], [ -50.474425315241447, -21.622548880749516 ], [ -50.474541190283787, -21.62250431342872 ], [ -50.474543025851098, -21.622503620255191 ], [ -50.474659025758882, -21.622460620292426 ], [ -50.474754614437813, -21.622686075970901 ], [ -50.474806378351943, -21.622666241201703 ], [ -50.474806844139806, -21.622666063549087 ], [ -50.474914844054958, -21.622625063584518 ], [ -50.474917304684013, -21.62262415231773 ], [ -50.475023835630402, -21.622585682812336 ], [ -50.475129378440577, -21.622545241177473 ], [ -50.475132304740143, -21.622544152302599 ], [ -50.475238835687705, -21.622505682796795 ], [ -50.475344378499173, -21.622465241161425 ], [ -50.475348553713872, -21.622463707081572 ], [ -50.475455075614384, -21.622426227156275 ], [ -50.475560609187532, -21.622386775355515 ], [ -50.475562657062959, -21.622386025546845 ], [ -50.475667630301295, -21.622348393633903 ], [ -50.475773609243632, -21.622308775340201 ], [ -50.475776108867024, -21.622307864341568 ], [ -50.475882015135248, -21.622270252772292 ], [ -50.475985535238358, -21.622231802450742 ], [ -50.476091143432868, -21.622191950304774 ], [ -50.476093657198966, -21.622191025510133 ], [ -50.476120609975574, -21.622181363194574 ], [ -50.476116553025498, -21.622178315035402 ], [ -50.476100249129004, -21.622165413777502 ], [ -50.476088802203201, -21.622155754613804 ], [ -50.476081542822506, -21.622149323161796 ], [ -50.476074580964301, -21.622142898102005 ], [ -50.476067916628502, -21.622136479434488 ], [ -50.476061549815299, -21.622130067159301 ], [ -50.476055480524501, -21.622123661276383 ], [ -50.4760497087563, -21.622117261785693 ], [ -50.476044234510503, -21.622110868687397 ], [ -50.4760265925675, -21.622088995047299 ], [ -50.476012839468801, -21.6220711477153 ], [ -50.475998390848197, -21.622051377580696 ], [ -50.475990906505601, -21.622040588900699 ], [ -50.475985661708997, -21.622032740102906 ], [ -50.4759791599271, -21.622022598655288 ], [ -50.475973222134009, -21.622012888230287 ], [ -50.475966607338698, -21.622001703622296 ], [ -50.475960890875001, -21.621991606695399 ], [ -50.475955216916098, -21.621980926122294 ], [ -50.475950836554702, -21.621971811810003 ], [ -50.4759481744182, -21.621965412999 ], [ -50.475943896992803, -21.621953619338186 ], [ -50.475939662122897, -21.621943321337998 ], [ -50.475932566392899, -21.621927404504703 ], [ -50.475924699896602, -21.621910728358394 ], [ -50.475914060833198, -21.621889355585893 ], [ -50.475910179339699, -21.621882111274893 ], [ -50.475906308964099, -21.6218754563345 ], [ -50.475904205935898, -21.621872255000408 ], [ -50.475902114025601, -21.621869643037002 ], [ -50.475900157378703, -21.621868096830401 ], [ -50.47589695220271, -21.621866181303595 ], [ -50.475890238273202, -21.621862745167292 ], [ -50.4758824158423, -21.621859099394484 ], [ -50.475870877432797, -21.621854028727704 ], [ -50.475857296335001, -21.621848324088504 ], [ -50.475840459408602, -21.621841783446392 ], [ -50.4758335222634, -21.621839378051291 ], [ -50.475826501249003, -21.621837252711902 ], [ -50.475820107398, -21.621835822592782 ], [ -50.475817631968802, -21.621835542002682 ], [ -50.475814528852602, -21.621835428037897 ] ] ], [ [ [ -50.473563817033401, -21.621013550251494 ], [ -50.473488006398405, -21.621069100853106 ], [ -50.473416990430501, -21.621121840218191 ], [ -50.473361473050197, -21.621163642216889 ], [ -50.473213311818697, -21.621276122259811 ], [ -50.473312708061748, -21.621507105480827 ], [ -50.473221058307978, -21.621541587569002 ], [ -50.473334203912081, -21.621801918031117 ], [ -50.473234606444024, -21.621839765072124 ], [ -50.473225836232992, -21.621843151589527 ], [ -50.473321535316849, -21.622061984439927 ], [ -50.473371703340433, -21.62204250171396 ], [ -50.473373779480994, -21.622041711896237 ], [ -50.473474738378144, -21.622004099761213 ], [ -50.473576703398152, -21.621964501698184 ], [ -50.473686094466636, -21.622210780694768 ], [ -50.47377826093112, -21.622174674247994 ], [ -50.473893735598985, -21.622432390549314 ], [ -50.473919673305666, -21.622422509519094 ], [ -50.47402468189815, -21.622380902344386 ], [ -50.474027927835749, -21.622379656651841 ], [ -50.474049984394185, -21.622371464216428 ], [ -50.474059634469498, -21.622358390894092 ], [ -50.474077619505898, -21.622334642181396 ], [ -50.474095805880502, -21.622311031328199 ], [ -50.474144306533297, -21.622249225035002 ], [ -50.474159734319997, -21.622229330627803 ], [ -50.474182857579301, -21.622198871443196 ], [ -50.474207759256501, -21.622165370741914 ], [ -50.474234439351299, -21.622128828523799 ], [ -50.474297033098907, -21.622042250488601 ], [ -50.474354299855101, -21.621963768398 ], [ -50.474415003184902, -21.621881035495193 ], [ -50.4745539900346, -21.621692220647699 ], [ -50.474555298259702, -21.621689309991499 ], [ -50.474562686651197, -21.621670632555887 ], [ -50.474563851847101, -21.621667010956994 ], [ -50.474564791850504, -21.621663330263598 ], [ -50.474565694889009, -21.621658330747696 ], [ -50.474566197585197, -21.621653226175006 ], [ -50.474566299939198, -21.621648016545393 ], [ -50.474566001951104, -21.621642701858988 ], [ -50.4745653036208, -21.621637282115792 ], [ -50.474564204948301, -21.6216317573158 ], [ -50.474561894655409, -21.621622958002497 ], [ -50.474559443311804, -21.621614866933591 ], [ -50.474555870380101, -21.621604247681493 ], [ -50.474552366837599, -21.621594639996903 ], [ -50.474543924935809, -21.621573356515395 ], [ -50.4745376317207, -21.621559039997098 ], [ -50.474531293324702, -21.621545942721792 ], [ -50.474522374389402, -21.621528825779407 ], [ -50.474513847893199, -21.6215133948172 ], [ -50.4745002398857, -21.621490009382192 ], [ -50.474467751698597, -21.621436369356193 ], [ -50.474443024071697, -21.621394854861595 ], [ -50.4744234694586, -21.621361413711401 ], [ -50.474413088617801, -21.621342731149095 ], [ -50.474407040903301, -21.621331156498805 ], [ -50.474402963361499, -21.621322937716609 ], [ -50.474399278600401, -21.621315115110484 ], [ -50.474395986620003, -21.621307688680393 ], [ -50.47439308742031, -21.621300658426406 ], [ -50.474390581001302, -21.621294024348497 ], [ -50.4743884673629, -21.6212877864468 ], [ -50.474386746505303, -21.621281944721002 ], [ -50.474384651431301, -21.621272673392195 ], [ -50.474382596091203, -21.621260748560093 ], [ -50.474380580485096, -21.621246170224698 ], [ -50.474378116853103, -21.621224215816596 ], [ -50.4743761906483, -21.621203667099 ], [ -50.474374304177303, -21.621180464878108 ], [ -50.4743701243071, -21.6211190028719 ], [ -50.474367262283707, -21.621082512811398 ], [ -50.4743652525203, -21.6210604080953 ], [ -50.4743630233448, -21.621038145369205 ], [ -50.474358820470002, -21.621000689692703 ], [ -50.474356006195798, -21.620978005606993 ], [ -50.4743529725095, -21.620955163511294 ], [ -50.474349719411201, -21.620932163405694 ], [ -50.4743462469009, -21.620909005290194 ], [ -50.474342572644098, -21.620885806729582 ], [ -50.474338820300297, -21.620863390676995 ], [ -50.474335007534997, -21.620841874697103 ], [ -50.474331134348397, -21.620821258789992 ], [ -50.474324544767306, -21.620788899106394 ], [ -50.474317787348902, -21.620759039624996 ], [ -50.474310862093098, -21.62073168034561 ], [ -50.474306626377697, -21.620716464874999 ], [ -50.474302330240903, -21.62070214947709 ], [ -50.474293891051502, -21.62067573535499 ], [ -50.474284754057201, -21.620648002495098 ], [ -50.474277529827901, -21.620626874571595 ], [ -50.474269810287097, -21.620605308943382 ], [ -50.474262853990503, -21.620587064132188 ], [ -50.474254100032198, -21.620565457418685 ], [ -50.474248788116697, -21.620553494644795 ], [ -50.474247077240499, -21.620550256005298 ], [ -50.474245996418603, -21.620548845863997 ], [ -50.474244362594298, -21.620548397779583 ], [ -50.474241132893503, -21.620548037895595 ], [ -50.474231752906903, -21.620547775124397 ], [ -50.4742308435669, -21.620547919343789 ], [ -50.474228464922703, -21.620548647295497 ], [ -50.474225339659597, -21.620549961264395 ], [ -50.4742192518545, -21.620553030999801 ], [ -50.4742142600441, -21.620555810011506 ], [ -50.474202036566503, -21.62056312608641 ], [ -50.474186826613298, -21.620572786229783 ], [ -50.474168630184501, -21.6205847904419 ], [ -50.474147447280004, -21.62059913872249 ], [ -50.4741232778998, -21.620615831071699 ], [ -50.474028902491703, -21.620682122716889 ], [ -50.473871844782799, -21.620793196300991 ], [ -50.473715256013399, -21.620904406076502 ], [ -50.473644422335497, -21.620955188413596 ], [ -50.473563817033401, -21.621013550251494 ] ] ], [ [ [ -50.473163802952286, -21.621250904421384 ], [ -50.473161328630596, -21.621251870499815 ], [ -50.473057570302664, -21.621291397485578 ], [ -50.473054810278022, -21.621292501495525 ], [ -50.47309629212203, -21.621276894466284 ], [ -50.473178858100873, -21.621245830040944 ], [ -50.473179390225198, -21.621245406882792 ], [ -50.473181284244134, -21.621243911903967 ], [ -50.473163802952286, -21.621250904421384 ] ] ], [ [ [ -50.4758617469735, -21.620863914851803 ], [ -50.4758479552331, -21.620871668574395 ], [ -50.475830456251302, -21.620882145785203 ], [ -50.475822088191208, -21.620887443925298 ], [ -50.475810012889603, -21.620895465553694 ], [ -50.475802280547498, -21.620900862918099 ], [ -50.475791158823, -21.62090903338299 ], [ -50.475784062199097, -21.620914529971781 ], [ -50.475775867902797, -21.620921197563696 ], [ -50.475803742973604, -21.620922588907888 ], [ -50.475864343652198, -21.620924271258904 ], [ -50.476060472896101, -21.620936819997194 ], [ -50.476374656751801, -21.620940792263596 ], [ -50.476705195244953, -21.620948252944373 ], [ -50.4766428834264, -21.620825670361199 ], [ -50.476626043419451, -21.620832208246874 ], [ -50.476611802708227, -21.620837904531864 ], [ -50.476490197400658, -21.620572095446011 ], [ -50.476505197389208, -21.620566095451164 ], [ -50.476506719414864, -21.620565495614436 ], [ -50.476585525788558, -21.620534900201484 ], [ -50.476560263977767, -21.620463116364956 ], [ -50.476550972338799, -21.620468615550799 ], [ -50.476431915153405, -21.620539494197804 ], [ -50.476335120388804, -21.620596568382794 ], [ -50.476252893826, -21.620644560941592 ], [ -50.476175779164706, -21.620688999024491 ], [ -50.4760892386142, -21.620738226764892 ], [ -50.476003721485803, -21.620786242315798 ], [ -50.4759350280763, -21.6208242397691 ], [ -50.475901686807902, -21.620842417049492 ], [ -50.4758617469735, -21.620863914851803 ] ] ], [ [ [ -50.473815113860198, -21.620775160695992 ], [ -50.473918447048703, -21.620697979172196 ], [ -50.473974269575798, -21.620656474341502 ], [ -50.474024398902998, -21.620619468156089 ], [ -50.4740688350306, -21.620586960616098 ], [ -50.4741176182741, -21.620551747001603 ], [ -50.474161000730497, -21.620520971061293 ], [ -50.4741903474021, -21.620500716832694 ], [ -50.474202681355699, -21.620492511783105 ], [ -50.474213916317801, -21.620485283447795 ], [ -50.474217580528503, -21.620482378457108 ], [ -50.474221499563697, -21.620478799953897 ], [ -50.474225673423199, -21.620474547938198 ], [ -50.4742301021071, -21.620469622410003 ], [ -50.474234785615302, -21.620464023369308 ], [ -50.474242288673501, -21.620454361972286 ], [ -50.474247609242703, -21.620447079150299 ], [ -50.4742560678921, -21.620434892081388 ], [ -50.4742620255223, -21.620425925478095 ], [ -50.4742714397632, -21.620411212737196 ], [ -50.474278034454301, -21.620400562352696 ], [ -50.474288404286597, -21.620383323939905 ], [ -50.474314484998303, -21.620338601168296 ], [ -50.474334063417501, -21.620305486674205 ], [ -50.474366906164299, -21.620250993636198 ], [ -50.47439452648053, -21.62020609400405 ], [ -50.474374292217902, -21.620214107574149 ], [ -50.474273547413453, -21.620254006510429 ], [ -50.4741745546659, -21.620293603613476 ], [ -50.474073303585293, -21.620335295239059 ], [ -50.474071802357557, -21.620335904540664 ], [ -50.473971802281191, -21.620375904575084 ], [ -50.473971292339641, -21.620376107541173 ], [ -50.473871560609744, -21.62041560526017 ], [ -50.473771819108634, -21.62045708192807 ], [ -50.473768007085454, -21.620458610186102 ], [ -50.473668663565306, -21.620496970559156 ], [ -50.473568303742027, -21.620538295196003 ], [ -50.473565790149479, -21.620539305467986 ], [ -50.473465311674353, -21.620578708795726 ], [ -50.473365819235326, -21.620620081893144 ], [ -50.473362790210679, -21.620621305451479 ], [ -50.473326775526758, -21.620635428858435 ], [ -50.473432706711499, -21.620876725877768 ], [ -50.473334249387499, -21.620914517581191 ], [ -50.473232790465026, -21.620954305397287 ], [ -50.473164565670189, -21.620981060221183 ], [ -50.473257497918958, -21.621184193436257 ], [ -50.473291367278897, -21.621158114600384 ], [ -50.473326456718503, -21.621131389476595 ], [ -50.473361844963598, -21.621104727430399 ], [ -50.473397532014097, -21.621078128461896 ], [ -50.473433517870099, -21.621051592571103 ], [ -50.473533872585101, -21.620978482074403 ], [ -50.473612487766601, -21.620921847922684 ], [ -50.473689588514098, -21.620867211760693 ], [ -50.473742259246798, -21.620828982610494 ], [ -50.473815113860198, -21.620775160695992 ] ] ], [ [ [ -50.474376124052, -21.620325265782899 ], [ -50.474374660144399, -21.620337685614302 ], [ -50.4743731579185, -21.620352424780403 ], [ -50.474371906801103, -21.620369432162093 ], [ -50.474371685049, -21.620377099714901 ], [ -50.4743717929396, -21.620382350348503 ], [ -50.474372094095308, -21.620385818719093 ], [ -50.4743727371281, -21.620389499992001 ], [ -50.474373696399098, -21.6203928508566 ], [ -50.474374971908198, -21.620395871312898 ], [ -50.474376563655298, -21.620398561360904 ], [ -50.474378471640499, -21.620400921000691 ], [ -50.474380358115198, -21.620402573773692 ], [ -50.474382601490497, -21.620403844100892 ], [ -50.474385764649398, -21.620404863664994 ], [ -50.474388793205797, -21.620405292611203 ], [ -50.474392898582103, -21.620405302518186 ], [ -50.474397517895198, -21.620404761703206 ], [ -50.4744020966167, -21.620403799339801 ], [ -50.474407593411101, -21.6204023028743 ], [ -50.474415401420501, -21.620399802100795 ], [ -50.474422917975097, -21.620397130610588 ], [ -50.474436854054098, -21.620391745293695 ], [ -50.474457686156001, -21.620383162817085 ], [ -50.474488022503998, -21.62037037366909 ], [ -50.474534476328898, -21.620350487161797 ], [ -50.474554576747003, -21.62034216574429 ], [ -50.474594454458, -21.620326242995596 ], [ -50.474643830066803, -21.620307109808884 ], [ -50.474718667045799, -21.62027876775679 ], [ -50.474799992095697, -21.620248561069197 ], [ -50.474864416615802, -21.620225189811404 ], [ -50.474939270529902, -21.620198812766805 ], [ -50.474965394163199, -21.620189029710101 ], [ -50.474980741667402, -21.620182886056789 ], [ -50.474994434570597, -21.620177045111095 ], [ -50.4750064728726, -21.620171506873099 ], [ -50.475014415767198, -21.620167551846396 ], [ -50.475021427948697, -21.620163767092695 ], [ -50.475027509416996, -21.620160152612097 ], [ -50.475058010904299, -21.620140574012094 ], [ -50.475058075534101, -21.620136804286403 ], [ -50.475057579901303, -21.620127923939503 ], [ -50.475057185284797, -21.620126331117799 ], [ -50.475055855762101, -21.620123724755299 ], [ -50.475054477681709, -21.620121842427 ], [ -50.475052706215699, -21.620119844296195 ], [ -50.4750493114189, -21.620116629969896 ], [ -50.475043408173697, -21.620111938892403 ], [ -50.475037948102703, -21.620108116602296 ], [ -50.475029291158599, -21.620102614906408 ], [ -50.475021765813501, -21.620098184652605 ], [ -50.475013355350903, -21.620093493842898 ], [ -50.474990006650899, -21.620080913064399 ], [ -50.4749695925886, -21.620069324772587 ], [ -50.474950983208998, -21.620058412918389 ], [ -50.474924873822197, -21.620042721574897 ], [ -50.474901708182998, -21.620028527279292 ], [ -50.474878440452358, -21.620014046070768 ], [ -50.474876511482904, -21.620014800581124 ], [ -50.474775011314883, -21.620053609472251 ], [ -50.474677437110124, -21.620091663416005 ], [ -50.474579342020284, -21.620132863357675 ], [ -50.474576292157792, -21.62013410759052 ], [ -50.474475292187847, -21.620174107582333 ], [ -50.474456985841663, -21.62018135762111 ], [ -50.474443496090203, -21.620203685185391 ], [ -50.474414585351198, -21.62025218851069 ], [ -50.4743886706909, -21.6202961114689 ], [ -50.4743818927207, -21.620307820535704 ], [ -50.474378122110402, -21.6203146456821 ], [ -50.4743776863234, -21.620315833471491 ], [ -50.474377297960103, -21.620317581339908 ], [ -50.474376124052, -21.620325265782899 ] ] ], [ [ [ -50.474397175432998, -21.620201787862502 ], [ -50.47439452648053, -21.62020609400405 ], [ -50.474394526480538, -21.62020609400404 ], [ -50.474397175432998, -21.620201787862502 ] ] ], [ [ [ -50.473608801905968, -21.619900904645309 ], [ -50.473607837173105, -21.619901286926837 ], [ -50.473516246517747, -21.619937238402276 ], [ -50.473557377992805, -21.619921862151081 ], [ -50.473663145175884, -21.619881950009486 ], [ -50.473665200201907, -21.619881190451789 ], [ -50.473768931860896, -21.619843649473314 ], [ -50.473872672354162, -21.619804129288021 ], [ -50.473873611228456, -21.619803774968751 ], [ -50.473980141199156, -21.619763950683755 ], [ -50.474084672412538, -21.619724129272118 ], [ -50.474087200312937, -21.619723190421862 ], [ -50.474190304456684, -21.619685876544406 ], [ -50.474278195104446, -21.619651557341449 ], [ -50.474263477341225, -21.619643524704621 ], [ -50.474239315784352, -21.619653098152522 ], [ -50.474238571355357, -21.619653390972299 ], [ -50.474134435331493, -21.619694053614158 ], [ -50.47403129487622, -21.619735706494115 ], [ -50.47402957141707, -21.619736390955605 ], [ -50.4739245713358, -21.619777390990954 ], [ -50.47392409189932, -21.619777577315833 ], [ -50.473818091929594, -21.619818577307598 ], [ -50.473712949075335, -21.619859245773917 ], [ -50.473608801905968, -21.619900904645309 ] ] ], [ [ [ -50.474732199996254, -21.619791817067423 ], [ -50.474732199996261, -21.619791817067423 ], [ -50.474733030958397, -21.619789659703695 ], [ -50.474732199996254, -21.619791817067423 ] ] ], [ [ [ -50.474817734751312, -21.619446359738742 ], [ -50.474920700756577, -21.619408737547435 ], [ -50.474942908991842, -21.619400277267911 ], [ -50.474961606115798, -21.619374812192632 ], [ -50.474864327150648, -21.619411870848907 ], [ -50.474861799484778, -21.619412809612193 ], [ -50.474758555537676, -21.619450174091369 ], [ -50.474658049792424, -21.619489205451707 ], [ -50.474553801626193, -21.619530904721898 ], [ -50.474551327349779, -21.619531870782684 ], [ -50.474446811651745, -21.619571686290072 ], [ -50.474344806004254, -21.619611300137191 ], [ -50.474307919995816, -21.619625915349364 ], [ -50.47431239291403, -21.61962835443947 ], [ -50.474323286214904, -21.619634294575466 ], [ -50.474397824458947, -21.619606071359097 ], [ -50.474502672527819, -21.619566129240738 ], [ -50.474503929907236, -21.619565656237167 ], [ -50.474607814080656, -21.61952707069025 ], [ -50.474709705275629, -21.619487501297115 ], [ -50.474710672697022, -21.619487129182566 ], [ -50.474815672614689, -21.619447129217129 ], [ -50.474817734751312, -21.619446359738742 ] ] ], [ [ [ -50.475026706183044, -21.619368369444274 ], [ -50.475010724774698, -21.619390306582694 ], [ -50.475026706183051, -21.619368369444274 ], [ -50.475026706183044, -21.619368369444274 ] ] ], [ [ [ -50.473665877223851, -21.618746825641946 ], [ -50.473779651705669, -21.618701914666516 ], [ -50.473892197969086, -21.618657095362334 ], [ -50.47400396966961, -21.618612187094094 ], [ -50.474004426647902, -21.618612004299742 ], [ -50.474117198035209, -21.61856709534457 ], [ -50.474228969737936, -21.61852218707546 ], [ -50.474229426715787, -21.618522004281289 ], [ -50.474342426629264, -21.618477004320024 ], [ -50.474342663093374, -21.618476910369782 ], [ -50.474453316105709, -21.618433047918703 ], [ -50.474534219374249, -21.618400542144244 ], [ -50.474451082617691, -21.618430706810098 ], [ -50.474336242093074, -21.618472648569615 ], [ -50.474334659677822, -21.618473217163782 ], [ -50.474221059537221, -21.618513368940921 ], [ -50.474110427978381, -21.618556446718721 ], [ -50.474107242274911, -21.618557648508897 ], [ -50.47399224218286, -21.618599648545288 ], [ -50.47399107496804, -21.618600069749686 ], [ -50.473877680101012, -21.618640497487977 ], [ -50.47376627124077, -21.618682892012639 ], [ -50.473764242363977, -21.618683648484705 ], [ -50.473650842389006, -21.618725064131201 ], [ -50.473539428135432, -21.618768446675471 ], [ -50.47353739877974, -21.618769221127213 ], [ -50.473422398810676, -21.618812221118802 ], [ -50.473307398719662, -21.618855221155989 ], [ -50.473306669793544, -21.61885549170735 ], [ -50.473193034654031, -21.618897357288102 ], [ -50.473078398902778, -21.618940221093727 ], [ -50.473056154340071, -21.618948538626576 ], [ -50.473099701383347, -21.618972293087687 ], [ -50.47310042625594, -21.618972004421639 ], [ -50.473102016743518, -21.618971380818298 ], [ -50.473215219672241, -21.618927688463891 ], [ -50.473327426443497, -21.618883004355325 ], [ -50.473440426356973, -21.618838004394068 ], [ -50.473440877155618, -21.61883782566041 ], [ -50.473553614849351, -21.618793323943855 ], [ -50.473663362190699, -21.618747843068068 ], [ -50.473665877223851, -21.618746825641946 ] ] ], [ [ [ -50.475528638757254, -21.618647286475962 ], [ -50.475534631009602, -21.6186399130574 ], [ -50.475528638757261, -21.618647286475959 ], [ -50.475528638757254, -21.618647286475962 ] ] ], [ [ [ -50.475580900020148, -21.618583412046942 ], [ -50.475580900020141, -21.618583412046942 ], [ -50.475534631009602, -21.6186399130574 ], [ -50.475580900020148, -21.618583412046942 ] ] ], [ [ [ -50.475662402941801, -21.618556369685397 ], [ -50.475663934656822, -21.61855451043121 ], [ -50.475663934656815, -21.61855451043121 ], [ -50.475662402941801, -21.618556369685397 ] ] ], [ [ [ -50.475025030050787, -21.618522813005328 ], [ -50.475022271251639, -21.618523892014096 ], [ -50.474909494119217, -21.618566807209582 ], [ -50.474798647567226, -21.618609364371782 ], [ -50.474686801938347, -21.618653904670374 ], [ -50.474575030184269, -21.618698812968727 ], [ -50.47457433709998, -21.618699089570551 ], [ -50.474463455288152, -21.618743042725352 ], [ -50.474350802040092, -21.618787904642602 ], [ -50.474259736983186, -21.61882449328504 ], [ -50.474360601226351, -21.618786778831453 ], [ -50.474475164337825, -21.618743942193124 ], [ -50.474587023760918, -21.618701376221452 ], [ -50.474701321768016, -21.618656650917977 ], [ -50.474701571842438, -21.618656553303421 ], [ -50.474814446792983, -21.618612601999132 ], [ -50.47492909944647, -21.618567737921367 ], [ -50.475042877263505, -21.618522825629199 ], [ -50.475043321990206, -21.618522650842969 ], [ -50.475158321901304, -21.618477650881758 ], [ -50.47516060144968, -21.618476778771402 ], [ -50.475274006787259, -21.618434375040337 ], [ -50.475385426687936, -21.618390004286933 ], [ -50.475385877484541, -21.618389825554061 ], [ -50.475499877396835, -21.618344825592821 ], [ -50.475500322122727, -21.618344650806907 ], [ -50.475614873861666, -21.618299826217608 ], [ -50.475726755835261, -21.618255271453709 ], [ -50.475841087519534, -21.618208544596015 ], [ -50.475841133929265, -21.618208525871903 ], [ -50.475814982610395, -21.61821861936421 ], [ -50.475813398390372, -21.618219221249742 ], [ -50.475698835215439, -21.618262057918518 ], [ -50.475586493925711, -21.618304807262152 ], [ -50.475475072596439, -21.61834758509751 ], [ -50.475362427862834, -21.618391446767369 ], [ -50.475360831811209, -21.618392058490638 ], [ -50.475247631693314, -21.618434756784339 ], [ -50.475136230938425, -21.618478134073218 ], [ -50.475025030050787, -21.618522813005328 ] ] ], [ [ [ -50.475906355313192, -21.618183352704154 ], [ -50.475906355313199, -21.618183352704154 ], [ -50.475971693209601, -21.618102086555002 ], [ -50.475906355313192, -21.618183352704154 ] ] ], [ [ [ -50.476565183678971, -21.616725301352972 ], [ -50.476451102650387, -21.616767957740951 ], [ -50.476334805203898, -21.616812687531436 ], [ -50.476334542615668, -21.616812788263349 ], [ -50.47622011057814, -21.616856570959818 ], [ -50.476105676679062, -21.616901349445794 ], [ -50.476104805393675, -21.616901687465898 ], [ -50.475988241620563, -21.616946519690234 ], [ -50.475873676746069, -21.616991349427533 ], [ -50.475873238235415, -21.616991520278589 ], [ -50.475757457662688, -21.617036435159903 ], [ -50.475643239267427, -21.617081129318723 ], [ -50.475528799759417, -21.617126905126081 ], [ -50.475526805559895, -21.617127687420947 ], [ -50.475411365702193, -21.617172087370644 ], [ -50.47540625464476, -21.617174176237778 ], [ -50.475509387008501, -21.617136223531336 ], [ -50.475630409164765, -21.617088011456435 ], [ -50.475632522092006, -21.61708718695261 ], [ -50.475755521995715, -21.617040186993208 ], [ -50.475756992940703, -21.617039633139413 ], [ -50.475880659447903, -21.616993756857916 ], [ -50.476005326573144, -21.616946882022194 ], [ -50.476005593225018, -21.61694678203002 ], [ -50.476128056868617, -21.616900982622248 ], [ -50.476250522131707, -21.616854186956122 ], [ -50.47625092707495, -21.616854032846007 ], [ -50.476374724519644, -21.616807109624791 ], [ -50.476497522200454, -21.616760186937441 ], [ -50.476498993141107, -21.616759633085273 ], [ -50.476622993042604, -21.616713633125098 ], [ -50.476624068666879, -21.616713238446771 ], [ -50.47674699472325, -21.616668628187753 ], [ -50.476869927111927, -21.61662203285 ], [ -50.476870593458962, -21.616621781966604 ], [ -50.476993593361641, -21.616575782006404 ], [ -50.476995068764012, -21.61657523842057 ], [ -50.477117791086044, -21.616530702097524 ], [ -50.477219412974407, -21.616491870972148 ], [ -50.477234794752128, -21.616471477119106 ], [ -50.477145676385227, -21.616506349526208 ], [ -50.47714339713248, -21.616507221523605 ], [ -50.47702875353832, -21.616550088262144 ], [ -50.476913674500722, -21.616593738935119 ], [ -50.476798237851042, -21.616638520397633 ], [ -50.476796397227524, -21.616639221497955 ], [ -50.476681397136531, -21.616682221535171 ], [ -50.476680969906454, -21.616682380593094 ], [ -50.476565183678971, -21.616725301352972 ] ] ], [ [ [ -50.476771208261631, -21.615780298022521 ], [ -50.476649476870463, -21.615826813272712 ], [ -50.476646541243831, -21.615827902425757 ], [ -50.476522475951164, -21.615872565934328 ], [ -50.476400739402145, -21.615918093427286 ], [ -50.476277274748455, -21.615964890517361 ], [ -50.476154477136326, -21.61601181318585 ], [ -50.476032008560466, -21.616058610125396 ], [ -50.475909538357271, -21.616106403379369 ], [ -50.475906222067685, -21.616107655619885 ], [ -50.475781353141933, -21.616153242691585 ], [ -50.475659477273808, -21.616199813148473 ], [ -50.475536477177535, -21.616246813189051 ], [ -50.475535672806068, -21.616247118088843 ], [ -50.475410672707412, -21.616294118129506 ], [ -50.475410406320854, -21.616294218022208 ], [ -50.47528773970766, -21.616340093344498 ], [ -50.475164398787854, -21.616386843535494 ], [ -50.475039724401839, -21.616434718503491 ], [ -50.475036541669375, -21.616435902311721 ], [ -50.474913015474137, -21.616480371745471 ], [ -50.474791477382233, -21.616526813133206 ], [ -50.474790673008378, -21.616527118033911 ], [ -50.47466567290973, -21.616574118074549 ], [ -50.474665406522398, -21.616574217967543 ], [ -50.474542866393527, -21.616620045986807 ], [ -50.474417325074839, -21.616667871254663 ], [ -50.474417072805835, -21.616667967114854 ], [ -50.474293072840005, -21.616714967105576 ], [ -50.474169072742541, -21.616761967146186 ], [ -50.474168673178205, -21.616762117987832 ], [ -50.474044199728986, -21.61680892000853 ], [ -50.473919724711465, -21.616856718418934 ], [ -50.473918406726142, -21.616857217912386 ], [ -50.473796590819724, -21.616902775084565 ], [ -50.473672766938002, -21.616951314049938 ], [ -50.473671724914041, -21.616951718348961 ], [ -50.473546724816437, -21.616999718390396 ], [ -50.473545673350252, -21.617000117941302 ], [ -50.47342140289809, -21.617046843635194 ], [ -50.473298448597404, -21.617094438852199 ], [ -50.473173767081043, -21.617143314010821 ], [ -50.473171007151414, -21.61714436676538 ], [ -50.47304766753922, -21.61719012178639 ], [ -50.472923253480374, -21.617237517622232 ], [ -50.472909439989849, -21.617242976179426 ], [ -50.472989274015355, -21.61721352920484 ], [ -50.473111071366333, -21.617168603955623 ], [ -50.473231869071213, -21.617123679192449 ], [ -50.473352869103444, -21.617078679183702 ], [ -50.473472988390462, -21.617034006725195 ], [ -50.473594112038484, -21.616987344339684 ], [ -50.473596274177069, -21.616986529161025 ], [ -50.47371765749449, -21.616941756629313 ], [ -50.473836042922976, -21.616896989033467 ], [ -50.473837274241184, -21.61689652914367 ], [ -50.473958866062432, -21.616851679704713 ], [ -50.474078458806211, -21.616806832428949 ], [ -50.474079274305282, -21.616806529126293 ], [ -50.474199768891758, -21.616762084405565 ], [ -50.474318276242677, -21.616715669029869 ], [ -50.474320869364384, -21.616714679113013 ], [ -50.474441869396621, -21.616669679104252 ], [ -50.474561902790434, -21.616625038589564 ], [ -50.47467994144742, -21.616579410204544 ], [ -50.474681459097958, -21.616578832336621 ], [ -50.474800784465636, -21.616534085327416 ], [ -50.474922112406162, -21.616487344239129 ], [ -50.474923459164323, -21.616486832318667 ], [ -50.475042910067103, -21.616442038233721 ], [ -50.475162362671625, -21.616396248072146 ], [ -50.475163459229968, -21.616395832300892 ], [ -50.475282364475596, -21.616351242837641 ], [ -50.475401276548588, -21.616304668946018 ], [ -50.475403459296366, -21.616303832282977 ], [ -50.475523459328805, -21.616258832274177 ], [ -50.475643459361251, -21.616213832265377 ], [ -50.475762364609153, -21.616169242801252 ], [ -50.475881276684035, -21.616122668908886 ], [ -50.475883459427649, -21.616121832247458 ], [ -50.476003459460088, -21.616076832238655 ], [ -50.476123251398995, -21.616031910265001 ], [ -50.476242043709696, -21.615986988806373 ], [ -50.476361043616059, -21.615941988845258 ], [ -50.476361459557481, -21.615941832212243 ], [ -50.476481251498235, -21.615896910237936 ], [ -50.476600043681366, -21.615851988827515 ], [ -50.476600459622389, -21.615851832194654 ], [ -50.476720040506819, -21.615806989366565 ], [ -50.476837492772795, -21.615762198251637 ], [ -50.47695736317003, -21.615716247936398 ], [ -50.476957622540418, -21.615716148767635 ], [ -50.477075622447977, -21.615671148806513 ], [ -50.477076043939043, -21.615670988744178 ], [ -50.477193726556862, -21.615626486917975 ], [ -50.477305974261796, -21.615581778090014 ], [ -50.477263624247357, -21.615597147048138 ], [ -50.477144302047797, -21.615643495343718 ], [ -50.477140930599028, -21.615644761681015 ], [ -50.477017669683534, -21.615689493468082 ], [ -50.476895405788071, -21.615735218179978 ], [ -50.476893930663046, -21.615735761663696 ], [ -50.476771208261631, -21.615780298022521 ] ] ], [ [ [ -50.478192650888701, -21.615120584750297 ], [ -50.478073216268598, -21.614957155862502 ], [ -50.478050479566299, -21.614926391079102 ], [ -50.4780326393957, -21.614902558739701 ], [ -50.4780196957567, -21.614885658844297 ], [ -50.478011648649399, -21.614875691393092 ], [ -50.478006628167606, -21.614870463535301 ], [ -50.477999959546104, -21.614864493144701 ], [ -50.477989860086701, -21.614856312057899 ], [ -50.477979215349201, -21.614848257728397 ], [ -50.477964477088001, -21.614837645379687 ], [ -50.477952796558199, -21.614829587065497 ], [ -50.477939090917204, -21.614820749706009 ], [ -50.477927991391205, -21.614814132996194 ], [ -50.477917184448401, -21.614808196064896 ], [ -50.4779066700888, -21.614802938911996 ], [ -50.4778964483123, -21.614798361537609 ], [ -50.4778884168812, -21.614795176105197 ], [ -50.477879731995799, -21.614792257076498 ], [ -50.477870199646802, -21.614789565531201 ], [ -50.477859819834002, -21.614787101469293 ], [ -50.4778485925575, -21.614784864890805 ], [ -50.477833366715998, -21.614782389066303 ], [ -50.477820232646202, -21.614780664325504 ], [ -50.477802623313003, -21.614778828298004 ], [ -50.477784520127301, -21.6147774423778 ], [ -50.477770578738898, -21.614776759956296 ], [ -50.477757118381902, -21.614776456481305 ], [ -50.477744139056199, -21.614776531952693 ], [ -50.477728591349404, -21.614777159185408 ], [ -50.477719623498899, -21.614777819734805 ], [ -50.477708087267203, -21.614779032045504 ], [ -50.477697032066899, -21.614780623302707 ], [ -50.477688642199297, -21.614782250545698 ], [ -50.477676910274901, -21.614785183719793 ], [ -50.477667702255999, -21.614787956238001 ], [ -50.477658143600799, -21.614791219588394 ], [ -50.477648234309399, -21.614794973770998 ], [ -50.4776379743817, -21.614799218785798 ], [ -50.477630939632, -21.614802321480308 ], [ -50.477620095310598, -21.614807384548794 ], [ -50.477612670965101, -21.614811032612394 ], [ -50.477597354759098, -21.614818983182506 ], [ -50.477558352309003, -21.614840239962792 ], [ -50.477533449866897, -21.614853478487799 ], [ -50.4775248137299, -21.614857887398799 ], [ -50.477518720982303, -21.614860822742308 ], [ -50.477515524063797, -21.61486214811389 ], [ -50.4775129244222, -21.614862837285695 ], [ -50.477509854753897, -21.614863338563705 ], [ -50.477505030710297, -21.614863714655208 ], [ -50.477499371063708, -21.614863756713504 ], [ -50.477492875814107, -21.614863464738395 ], [ -50.477485544961503, -21.614862838729994 ], [ -50.477479498457697, -21.614862150014304 ], [ -50.477463626073899, -21.614859807911401 ], [ -50.477456588874396, -21.614858453266788 ], [ -50.477449657708299, -21.614856871111996 ], [ -50.477438341394397, -21.614853728609006 ], [ -50.477427319617497, -21.614849954133092 ], [ -50.477416592377601, -21.614845547684393 ], [ -50.47741029741141, -21.614842600468204 ], [ -50.4774020690638, -21.614838316941789 ], [ -50.477394073034702, -21.614833680477702 ], [ -50.47738354971171, -21.614827281302595 ], [ -50.477375027853206, -21.614821826987793 ], [ -50.477368507459097, -21.614817317533394 ], [ -50.477363988529397, -21.614813752939206 ], [ -50.477362479613802, -21.614812324964799 ], [ -50.477361471064199, -21.614811133205404 ], [ -50.477327378799998, -21.614758740582904 ], [ -50.477317909682597, -21.614743243437502 ], [ -50.477308322886401, -21.614726654618892 ], [ -50.477300243996197, -21.614711996686196 ], [ -50.477292083384597, -21.614696580646999 ], [ -50.477266281574899, -21.614645443387996 ], [ -50.477248248888998, -21.614610583681003 ], [ -50.477230430442198, -21.61457689205379 ], [ -50.477211012183602, -21.614540818003789 ], [ -50.477195517190999, -21.614512749779607 ], [ -50.477182864578097, -21.614490751920705 ], [ -50.477173054344803, -21.614474824426988 ], [ -50.477168724667699, -21.614468448472294 ], [ -50.477165323114598, -21.614464054677601 ], [ -50.477162039370199, -21.614460709344396 ], [ -50.477158857909899, -21.614457899126492 ], [ -50.477155101037603, -21.614455092306507 ], [ -50.477152021044198, -21.614453224491211 ], [ -50.477147786537003, -21.61445132920268 ], [ -50.477140145578105, -21.6144493085005 ], [ -50.477134985456004, -21.614447300682698 ], [ -50.477129926442302, -21.614444573674795 ], [ -50.477123877718, -21.614440450689195 ], [ -50.477120631029202, -21.614438487287298 ], [ -50.477116887312199, -21.614436642157496 ], [ -50.4771131910733, -21.614435276803199 ], [ -50.477110060657203, -21.614434488361688 ], [ -50.477103905844501, -21.614433518006589 ], [ -50.477095041210703, -21.614432383624798 ], [ -50.477086123675598, -21.614431459894899 ], [ -50.477081762346401, -21.6144316072069 ], [ -50.4770777595946, -21.614432089697889 ], [ -50.477071446918998, -21.614433229028798 ], [ -50.4770659806575, -21.614434455533985 ], [ -50.477055476402697, -21.614437208294294 ], [ -50.477045818561997, -21.614440048229003 ], [ -50.477035045666298, -21.614443455031598 ], [ -50.477023157715401, -21.6144474287021 ], [ -50.477013044910798, -21.614451071031905 ], [ -50.477001607257897, -21.614455467329698 ], [ -50.476979600395602, -21.614464469976991 ], [ -50.476953913398901, -21.614475566979777 ], [ -50.476924546268002, -21.614488758337991 ], [ -50.4768844479335, -21.614507352516892 ], [ -50.476823161065298, -21.614536332783999 ], [ -50.4767986443929, -21.614547513087299 ], [ -50.4767734344899, -21.614558692366796 ], [ -50.476747531356303, -21.614569870622692 ], [ -50.476711915486099, -21.614584773371401 ], [ -50.476675067206003, -21.614599674300194 ], [ -50.476636986515899, -21.614614573409195 ], [ -50.476607617229305, -21.614625746546494 ], [ -50.476577554712101, -21.614636918660196 ], [ -50.476474392428202, -21.614674553861391 ], [ -50.476356326026099, -21.614717886549002 ], [ -50.476022164776303, -21.61484125016019 ], [ -50.475879074646208, -21.614894663464177 ], [ -50.4757251131863, -21.614952889167782 ], [ -50.475560280396699, -21.615015927271095 ], [ -50.475384576277207, -21.615083777774096 ], [ -50.475261400569799, -21.6151316849982 ], [ -50.475007739388303, -21.615230877739307 ], [ -50.4748317553072, -21.615299493361498 ], [ -50.474670767118511, -21.615361983719399 ], [ -50.474524774822399, -21.615418348813201 ], [ -50.474393778418708, -21.615468588642695 ], [ -50.474242275066899, -21.615526215056597 ], [ -50.474027345763304, -21.615607625991093 ], [ -50.473869691562797, -21.615666829350495 ], [ -50.473825317303401, -21.615683882160504 ], [ -50.473814555882505, -21.615688233116501 ], [ -50.473807642628799, -21.615691315567595 ], [ -50.473796799612799, -21.615697808374701 ], [ -50.473769606613708, -21.6157151502081 ], [ -50.473762969630002, -21.615719056258396 ], [ -50.473757487693398, -21.615722021300904 ], [ -50.473747678867198, -21.615727010377796 ], [ -50.4737359669356, -21.615732649270793 ], [ -50.473722351898502, -21.615738937979707 ], [ -50.4736954310467, -21.615750863196801 ], [ -50.473663223790801, -21.615764593458106 ], [ -50.473633651775103, -21.615776877299201 ], [ -50.473558081221299, -21.615807779488005 ], [ -50.473507305547699, -21.6158290053237 ], [ -50.473465294664798, -21.615846918597008 ], [ -50.473415244219296, -21.615868684617389 ], [ -50.473382097021599, -21.615883358990001 ], [ -50.473349125636801, -21.615898164316501 ], [ -50.473293994286998, -21.615923444770399 ], [ -50.473272615613404, -21.615933485015393 ], [ -50.473246267040501, -21.615946105549906 ], [ -50.4732281228547, -21.615954996106495 ], [ -50.473206086932201, -21.615966083723197 ], [ -50.473191177234298, -21.615973824591499 ], [ -50.473177653745402, -21.615981072736297 ], [ -50.473165516465599, -21.615987828157408 ], [ -50.473154765394902, -21.61599409085499 ], [ -50.473148245952402, -21.615998088525306 ], [ -50.473138705627001, -21.616004396481909 ], [ -50.473129451907504, -21.616011078179888 ], [ -50.473123441986601, -21.616015740279394 ], [ -50.473117559446202, -21.616020568486206 ], [ -50.473108974473902, -21.616028122247499 ], [ -50.4731006761074, -21.616036049750193 ], [ -50.4730926643469, -21.616044350994297 ], [ -50.473084939192404, -21.616053025979895 ], [ -50.473077500643697, -21.61606207470679 ], [ -50.473070348701, -21.616071497175206 ], [ -50.4730634833642, -21.616081293385005 ], [ -50.473050981128999, -21.616099986998098 ], [ -50.473040257238601, -21.616116712667193 ], [ -50.4730313116929, -21.616131470392304 ], [ -50.473024144492101, -21.616144260173289 ], [ -50.4730212277709, -21.616149917084794 ], [ -50.473018030387898, -21.616156694321905 ], [ -50.472988545000902, -21.6162246499897 ], [ -50.472984298262297, -21.616233706171592 ], [ -50.472978681561898, -21.616244822671892 ], [ -50.4729690615763, -21.616262849611907 ], [ -50.4729602482983, -21.616278773521504 ], [ -50.472946366209207, -21.616303210340604 ], [ -50.4729255886933, -21.616338907160088 ], [ -50.472901005727898, -21.616380327085995 ], [ -50.472784517827797, -21.616573562703998 ], [ -50.472685124375509, -21.616739457879614 ], [ -50.472793458896703, -21.616698832437205 ], [ -50.4727956823399, -21.616698017230853 ], [ -50.47291512311515, -21.61665521762254 ], [ -50.473034565566252, -21.616611422059812 ], [ -50.473035682400514, -21.616611017214399 ], [ -50.473155123176078, -21.61656821760598 ], [ -50.473274420014285, -21.616524475434719 ], [ -50.47339627442129, -21.616479529140076 ], [ -50.473397682492475, -21.61647901718948 ], [ -50.473517682522413, -21.616436017181336 ], [ -50.473637682552365, -21.616393017173195 ], [ -50.473757123328738, -21.616350217564491 ], [ -50.473876217393062, -21.61630654974374 ], [ -50.473996869573, -21.616261679101349 ], [ -50.473999081907287, -21.616260874670782 ], [ -50.47411855639244, -21.61621841679905 ], [ -50.474236043459847, -21.61617398891913 ], [ -50.47423686976429, -21.61617367903645 ], [ -50.474357244867157, -21.616128911439727 ], [ -50.4744739481959, -21.616084405936601 ], [ -50.47459327675984, -21.616037668919557 ], [ -50.474593515333225, -21.616037575697437 ], [ -50.474711396040561, -21.615991622205431 ], [ -50.474830847396547, -21.615944837095352 ], [ -50.474948094194644, -21.615898137103869 ], [ -50.47506676996948, -21.615850267888394 ], [ -50.475067419127541, -21.615850007685911 ], [ -50.475185419037224, -21.615803007726363 ], [ -50.475186515507744, -21.615802575650203 ], [ -50.475304182851147, -21.615756705334064 ], [ -50.475421549629097, -21.615710350392909 ], [ -50.475538258588848, -21.615661886507556 ], [ -50.475541942264378, -21.615660409999577 ], [ -50.475659736156338, -21.615614876230662 ], [ -50.475774538641872, -21.615568361434637 ], [ -50.475776515682313, -21.615567575603045 ], [ -50.475893747033368, -21.61552187525022 ], [ -50.476009981882385, -21.615475182622792 ], [ -50.476013044094742, -21.615473988734795 ], [ -50.476130282414935, -21.615429654920508 ], [ -50.476244538783014, -21.61538336139591 ], [ -50.476247195781106, -21.61538231227124 ], [ -50.476362862083207, -21.615337825236306 ], [ -50.47647753885321, -21.615291361376666 ], [ -50.476481318902621, -21.615289885116812 ], [ -50.476596642386745, -21.615246515605474 ], [ -50.47671198209094, -21.61520018256569 ], [ -50.476713763146897, -21.615199479401227 ], [ -50.476828870302462, -21.615154825767569 ], [ -50.47694498216071, -21.61510818254661 ], [ -50.476946324589221, -21.615107650278492 ], [ -50.477061324500333, -21.615062650317281 ], [ -50.477062196016441, -21.615062312207744 ], [ -50.477178759738841, -21.615017480010742 ], [ -50.477292203619243, -21.6149730889314 ], [ -50.477406090096942, -21.614926544027451 ], [ -50.477408763349686, -21.614925479346404 ], [ -50.477524321142539, -21.614880650896367 ], [ -50.477637880082476, -21.614835825002942 ], [ -50.477638324791748, -21.614835650223554 ], [ -50.477753324702874, -21.61479065026235 ], [ -50.477872592314235, -21.615057164044519 ], [ -50.477873080979975, -21.615056960433812 ], [ -50.477992402545553, -21.615307364084597 ], [ -50.478007991452266, -21.61530099296693 ], [ -50.47812190059993, -21.615252457770211 ], [ -50.478122063816208, -21.615252388332685 ], [ -50.478191114567196, -21.615223057043721 ], [ -50.478194028528108, -21.615211301548491 ], [ -50.478196952199305, -21.615198070988296 ], [ -50.478198910834003, -21.615187954398106 ], [ -50.4782006878863, -21.615176905141695 ], [ -50.478201691005303, -21.615168606304497 ], [ -50.4782023214388, -21.615159738351892 ], [ -50.478202565978997, -21.615144861750792 ], [ -50.4782022128677, -21.615137069043193 ], [ -50.478201882656599, -21.615134979989904 ], [ -50.478201438414608, -21.6151337483075 ], [ -50.4781984179657, -21.615128795648808 ], [ -50.478192650888701, -21.615120584750297 ] ] ], [ [ [ -50.466676611925799, -21.625959177913487 ], [ -50.4666631617524, -21.625969103391107 ], [ -50.466651141128999, -21.625978199012504 ], [ -50.466640550055601, -21.625986464777601 ], [ -50.4666313885322, -21.625993900686403 ], [ -50.466623656558802, -21.626000506738993 ], [ -50.466615571005299, -21.6260080239215 ], [ -50.466611174648598, -21.626012693642799 ], [ -50.466609037938497, -21.626015345759097 ], [ -50.466607536584007, -21.626017629050303 ], [ -50.466605997782999, -21.626021292684097 ], [ -50.466603116236698, -21.626029171067792 ], [ -50.466601789347301, -21.626033424243289 ], [ -50.466601388670902, -21.626035548080598 ], [ -50.466602067669903, -21.6260384451687 ], [ -50.466604398995798, -21.626046144844199 ], [ -50.466613339107802, -21.626073961717893 ], [ -50.466617167224697, -21.626084251510388 ], [ -50.4666215976454, -21.626094514434698 ], [ -50.466624545003597, -21.626100659292604 ], [ -50.4666277091913, -21.626106794477995 ], [ -50.466633464680399, -21.626116998292396 ], [ -50.466638502730397, -21.626125141998795 ], [ -50.466643926254903, -21.626133268509705 ], [ -50.4666719578399, -21.626172681287205 ], [ -50.466674233540601, -21.62617493034319 ], [ -50.466677143196797, -21.626177037208301 ], [ -50.466755150115198, -21.626225725428103 ], [ -50.466767232476201, -21.626233018319393 ], [ -50.466778720629598, -21.626239687426203 ], [ -50.466789614575198, -21.626245732748387 ], [ -50.4667999143131, -21.626251154286209 ], [ -50.466809619843403, -21.626255952039401 ], [ -50.466815760081502, -21.626258803994599 ], [ -50.466824475265497, -21.626262562106913 ], [ -50.4668299552728, -21.626264720968194 ], [ -50.4668376801107, -21.626267439439594 ], [ -50.466842499887299, -21.626268905207006 ], [ -50.466849234378998, -21.626270584037599 ], [ -50.466882669591108, -21.626277212381694 ], [ -50.466886476662502, -21.626277842246104 ], [ -50.466899400436198, -21.626277314031405 ], [ -50.466931788254044, -21.626275560474248 ], [ -50.466824690023692, -21.626034506461075 ], [ -50.466944939970205, -21.625987797808538 ], [ -50.467064193232574, -21.62594009650779 ], [ -50.467064843152244, -21.625939838179985 ], [ -50.46718330180672, -21.625893051993277 ], [ -50.467301762215492, -21.625845269647975 ], [ -50.467302193432481, -21.625845096436937 ], [ -50.467421659717303, -21.625797309927865 ], [ -50.467541127731423, -21.625748527160212 ], [ -50.467542193505885, -21.625748096416942 ], [ -50.467661759029191, -21.625700270212423 ], [ -50.467716008822343, -21.62567820250214 ], [ -50.467638403752424, -21.62570722005195 ], [ -50.467636080003835, -21.625708068661723 ], [ -50.467521664598095, -21.625748860243775 ], [ -50.467407247490556, -21.625790647363775 ], [ -50.4672928266003, -21.62583243586581 ], [ -50.467178403873241, -21.625875220018781 ], [ -50.467178108260228, -21.625875330222367 ], [ -50.46706525615943, -21.625917275254032 ], [ -50.466950403934412, -21.625960220002096 ], [ -50.466881375729415, -21.625798820353168 ], [ -50.466877358676598, -21.625802209445894 ], [ -50.466850773272199, -21.625824351718592 ], [ -50.466825528232803, -21.6258451169805 ], [ -50.466801623558297, -21.6258645052317 ], [ -50.466764761022802, -21.625893758959592 ], [ -50.4667444306546, -21.625909475182006 ], [ -50.466725440651508, -21.625923814393708 ], [ -50.466707791013199, -21.625936776594596 ], [ -50.466676611925799, -21.625959177913487 ] ] ], [ [ [ -50.466554942266598, -21.625809620196698 ], [ -50.466553276340001, -21.625822249754687 ], [ -50.466552015743197, -21.6258340900687 ], [ -50.4665511604762, -21.625845141138701 ], [ -50.466550710539011, -21.625855402964589 ], [ -50.466550635764101, -21.625861805713001 ], [ -50.466550741135798, -21.625867857686295 ], [ -50.466551236968101, -21.625876277942805 ], [ -50.466552138130197, -21.625883908955288 ], [ -50.4665536324448, -21.625893226908094 ], [ -50.466554871430098, -21.625899684119592 ], [ -50.466556681076405, -21.6259075853974 ], [ -50.466558670912299, -21.625914677146596 ], [ -50.466560840937802, -21.625920959367203 ], [ -50.4665631911529, -21.625926432059096 ], [ -50.466565072063602, -21.625930005325003 ], [ -50.466567737610397, -21.625934061341905 ], [ -50.466571270546403, -21.625938183814799 ], [ -50.466574875471807, -21.625941804804803 ], [ -50.466579284882691, -21.625945530022694 ], [ -50.466583028975599, -21.625948117729102 ], [ -50.466587605387502, -21.625950603006597 ], [ -50.4665922728909, -21.625952411953104 ], [ -50.4665969170224, -21.625953623878509 ], [ -50.466602103099802, -21.625954423558092 ], [ -50.466607039249403, -21.6259545617554 ], [ -50.466611725471097, -21.625954038470386 ], [ -50.466615543310297, -21.625953063454705 ], [ -50.466619175176199, -21.625951394017889 ], [ -50.466626274710698, -21.625947317254798 ], [ -50.466636218358701, -21.625941029417099 ], [ -50.4666490061202, -21.625932530504802 ], [ -50.466679191256901, -21.625911660554593 ], [ -50.466719084309602, -21.625883283209191 ], [ -50.466742050572201, -21.625866619115182 ], [ -50.466757901749901, -21.625854854391299 ], [ -50.466771921568409, -21.6258440674629 ], [ -50.466787279883299, -21.6258313816552 ], [ -50.466798093666704, -21.6258229027443 ], [ -50.466811961879799, -21.625812634434698 ], [ -50.466833915003697, -21.625797046540995 ], [ -50.4668413839387, -21.625791370736689 ], [ -50.466853188792498, -21.625782047290588 ], [ -50.466868738323733, -21.625769271955644 ], [ -50.46685328899823, -21.625733148812763 ], [ -50.46679638482675, -21.62575484955785 ], [ -50.466795963542182, -21.625755009541784 ], [ -50.466676963448464, -21.625800009580651 ], [ -50.466600767791363, -21.625623847563137 ], [ -50.466595257934003, -21.625641114241301 ], [ -50.466589575473201, -21.625659669779498 ], [ -50.466584271204297, -21.62567778810649 ], [ -50.466579345127101, -21.625695469222293 ], [ -50.466574797241904, -21.625712713126997 ], [ -50.466570627548499, -21.625729519820506 ], [ -50.466565656255597, -21.625751248638995 ], [ -50.466560405711199, -21.6257770819456 ], [ -50.4665562780676, -21.62580076202239 ], [ -50.466554942266598, -21.625809620196698 ] ] ], [ [ [ -50.466957703285509, -21.625693244400285 ], [ -50.466961728557102, -21.625689751685492 ], [ -50.466957703285516, -21.625693244400278 ], [ -50.466957703285509, -21.625693244400285 ] ] ], [ [ [ -50.468699923671302, -21.625653607071694 ], [ -50.468841944693303, -21.625612229087995 ], [ -50.468920458152603, -21.625589095744697 ], [ -50.4690130579745, -21.625561248759798 ], [ -50.469082704230303, -21.625539826927501 ], [ -50.469164220047901, -21.625514119331505 ], [ -50.469224999100199, -21.625494409010098 ], [ -50.469281837173298, -21.625475459360295 ], [ -50.469360192184297, -21.625448492622898 ], [ -50.469410101235397, -21.625431633520492 ], [ -50.469470599830103, -21.625411865422407 ], [ -50.4695290009589, -21.6253935481908 ], [ -50.469563034852698, -21.625383254267899 ], [ -50.469596313658698, -21.625373482656901 ], [ -50.469628837377101, -21.6253642333578 ], [ -50.4696606060078, -21.625355506370799 ], [ -50.469691619550801, -21.62534730169569 ], [ -50.469722328884103, -21.625339496493002 ], [ -50.469753635764, -21.625331845083792 ], [ -50.469785540190301, -21.625324347467902 ], [ -50.469818042163105, -21.625317003645403 ], [ -50.469851141682398, -21.625309813616404 ], [ -50.4698848387482, -21.625302777380689 ], [ -50.469919133360499, -21.625295894938393 ], [ -50.469942693028777, -21.625291351661588 ], [ -50.469877640511541, -21.625142140778312 ], [ -50.470100459258418, -21.625057209872772 ], [ -50.470212278280258, -21.625014279358879 ], [ -50.470213163315506, -21.62501394255295 ], [ -50.470327085162275, -21.624970972035108 ], [ -50.470437508935547, -21.624929190070251 ], [ -50.470550919392679, -21.624885417616593 ], [ -50.470661826591133, -21.624842453570349 ], [ -50.470662278525602, -21.624842279278742 ], [ -50.470774278557187, -21.624799279270142 ], [ -50.470885466450156, -21.624756591065101 ], [ -50.470995658183064, -21.624712911462971 ], [ -50.470997278621098, -21.624712279252829 ], [ -50.471108696260039, -21.624669502841659 ], [ -50.47122000986375, -21.624625772501066 ], [ -50.471328903843741, -21.624582814329354 ], [ -50.471329368689581, -21.624582631783941 ], [ -50.471438780482082, -21.624539861723633 ], [ -50.471548194323177, -21.624496096191137 ], [ -50.471550278780526, -21.624495279209704 ], [ -50.471662278693039, -21.624452279246839 ], [ -50.471663754091551, -21.624451721079627 ], [ -50.471771965094895, -21.624411387891158 ], [ -50.471880194419931, -21.624368096164524 ], [ -50.47188255541397, -21.624367173304822 ], [ -50.471991961086118, -21.62432540023363 ], [ -50.472101368795677, -21.624282631768857 ], [ -50.472103754213741, -21.624281721046724 ], [ -50.472211727301655, -21.624241476535925 ], [ -50.472318724002371, -21.624198285210607 ], [ -50.472321555538343, -21.624197173271138 ], [ -50.472430490889352, -21.624155579777291 ], [ -50.472537432827842, -21.62411300104608 ], [ -50.472539555600527, -21.624112173254328 ], [ -50.472649555514337, -21.624070173290594 ], [ -50.472649843105025, -21.624070063798083 ], [ -50.472756633782346, -21.6240295228965 ], [ -50.472863432922814, -21.623987001020016 ], [ -50.472866007840999, -21.623986001369261 ], [ -50.472976318412201, -21.62394426223776 ], [ -50.473027330750995, -21.623924424107585 ], [ -50.473028268526924, -21.623923231953267 ], [ -50.473028903000554, -21.623922425374158 ], [ -50.472932137712377, -21.623957687303495 ], [ -50.472931322906334, -21.623957981747324 ], [ -50.472812437987308, -21.624000582179715 ], [ -50.472693546461883, -21.624045166504537 ], [ -50.472573546367016, -21.624090166543457 ], [ -50.47257132299908, -21.62409098172229 ], [ -50.472452438081923, -21.624133582154005 ], [ -50.472333965615313, -21.624178009331956 ], [ -50.472216383719129, -21.624222849888984 ], [ -50.472215546590263, -21.624223166469569 ], [ -50.472095546622747, -21.624268166460713 ], [ -50.471976641408872, -21.624312755919771 ], [ -50.471857729368665, -21.624359329805785 ], [ -50.471855962540758, -21.624360009843365 ], [ -50.471736962447068, -21.624405009882253 ], [ -50.471736546721601, -21.624405166433963 ], [ -50.471617856097239, -21.624449675422024 ], [ -50.471500155673468, -21.624496162147661 ], [ -50.47149713639012, -21.624497319679143 ], [ -50.47137654996088, -21.624542165875237 ], [ -50.471257962579209, -21.624587009846355 ], [ -50.471257546852954, -21.624587166398374 ], [ -50.471137546758072, -21.624632166437284 ], [ -50.471136731446798, -21.624632469670132 ], [ -50.471016236923205, -21.624676914375247 ], [ -50.470897729639674, -21.62472332973136 ], [ -50.470895546951802, -21.624724166371553 ], [ -50.47077554685692, -21.624769166410477 ], [ -50.470774731544438, -21.624769469643763 ], [ -50.470653690059805, -21.624814116096527 ], [ -50.470534643452446, -21.62485975063262 ], [ -50.470533547049904, -21.624860166344853 ], [ -50.47041443028008, -21.624904835137279 ], [ -50.470294309082078, -21.624951493788018 ], [ -50.470293227988137, -21.624951909242839 ], [ -50.470172980561159, -21.624997623144644 ], [ -50.470053943176936, -21.625044246124013 ], [ -50.469935268314359, -21.62509111771265 ], [ -50.469814593337425, -21.625138988782385 ], [ -50.469695558472068, -21.625186602733386 ], [ -50.469577307426597, -21.625235294345167 ], [ -50.469575380538679, -21.625236073207496 ], [ -50.469454809407019, -21.625283903082568 ], [ -50.469336554822938, -21.625331602415297 ], [ -50.469216871764694, -21.625380473002316 ], [ -50.469216237338138, -21.625380730481126 ], [ -50.469098084421475, -21.625428388805602 ], [ -50.468978927083604, -21.62547803770148 ], [ -50.468977871968193, -21.625478472929405 ], [ -50.468857871877596, -21.625527472971466 ], [ -50.46885767411294, -21.625527553571711 ], [ -50.46874030187724, -21.625575298215153 ], [ -50.468620927198081, -21.625625037670019 ], [ -50.468618806437263, -21.625625903589675 ], [ -50.468499022094029, -21.625673817331659 ], [ -50.46838183508401, -21.625721086046955 ], [ -50.468264416694296, -21.625771408219322 ], [ -50.468261237636703, -21.625772730399959 ], [ -50.468142237546203, -21.625820730441195 ], [ -50.468141806584917, -21.625820903549574 ], [ -50.468022340245902, -21.625868690090034 ], [ -50.467955211827665, -21.6258961008635 ], [ -50.468055588978103, -21.625862170239504 ], [ -50.468141384642898, -21.625832866594003 ], [ -50.468256544703699, -21.625793162257697 ], [ -50.468297178389399, -21.625779313254181 ], [ -50.468354712998597, -21.625760203477391 ], [ -50.468400381226701, -21.625745387815684 ], [ -50.468448207115706, -21.625730157871999 ], [ -50.468498190665798, -21.625714513646198 ], [ -50.468550331876898, -21.625698455138295 ], [ -50.468604630749006, -21.6256819823484 ], [ -50.468699923671302, -21.625653607071694 ] ] ], [ [ [ -50.468222618444798, -21.624899771621607 ], [ -50.468228925817151, -21.624897406357189 ], [ -50.468230013302232, -21.624896973206379 ], [ -50.468223093706328, -21.624899583229624 ], [ -50.468222618444798, -21.624899771621607 ] ] ], [ [ [ -50.468074986719429, -21.624662512163869 ], [ -50.4680928272996, -21.624646794478796 ], [ -50.468074986719436, -21.624662512163862 ], [ -50.468074986719429, -21.624662512163869 ] ] ], [ [ [ -50.471876161246399, -21.624774915166199 ], [ -50.471895992466997, -21.624768908098805 ], [ -50.471935566510801, -21.624756364492391 ], [ -50.471987346414302, -21.624739656434997 ], [ -50.472056472817599, -21.624716831342496 ], [ -50.472131661404603, -21.62469142725929 ], [ -50.472167742130509, -21.624678911134097 ], [ -50.4722027820169, -21.6246661209954 ], [ -50.472219886657498, -21.624659626121097 ], [ -50.472242262160805, -21.624650862787504 ], [ -50.4722641454537, -21.624641981166601 ], [ -50.472280234910109, -21.624635242324896 ], [ -50.472311583217902, -21.624621565031902 ], [ -50.472355128853401, -21.624601615465199 ], [ -50.472395894898497, -21.624582319411989 ], [ -50.472425678133, -21.624567574132797 ], [ -50.472439397272503, -21.624560455304 ], [ -50.472449800712198, -21.624554822375099 ], [ -50.472473786953302, -21.6245411105226 ], [ -50.472490931046799, -21.624530884472701 ], [ -50.472513689770103, -21.624516931591689 ], [ -50.472538833014703, -21.624501144214715 ], [ -50.4725614399471, -21.624486689731896 ], [ -50.472582524463498, -21.624472918590495 ], [ -50.472601082879599, -21.624460448884502 ], [ -50.472617115195497, -21.624449280613689 ], [ -50.472628122255998, -21.624441283030389 ], [ -50.472639607591397, -21.624432457343104 ], [ -50.4726485668265, -21.624424933091102 ], [ -50.472658585126503, -21.624415386300104 ], [ -50.472669153771399, -21.624404552724286 ], [ -50.4726820464589, -21.624390497941992 ], [ -50.472697588883598, -21.624372552532094 ], [ -50.472707684082913, -21.624360262521289 ], [ -50.472657509185481, -21.624379420211131 ], [ -50.472550567197949, -21.624421998969009 ], [ -50.472548444653071, -21.624422826672095 ], [ -50.472439866243242, -21.624464283887068 ], [ -50.472332276024389, -21.624507714804793 ], [ -50.472328245976819, -21.624509278898074 ], [ -50.472219442658954, -21.624549832865483 ], [ -50.472110631226279, -21.624592368246919 ], [ -50.472109444777438, -21.624592826638388 ], [ -50.472000629274596, -21.624634374379696 ], [ -50.471891805604912, -21.624677903851246 ], [ -50.471888246099013, -21.624679278865194 ], [ -50.471778985248584, -21.624720003367258 ], [ -50.471668766749218, -21.624762319401871 ], [ -50.471559805701673, -21.624805903824619 ], [ -50.471558631502624, -21.624806368157692 ], [ -50.471448863999562, -21.624849277276429 ], [ -50.471431890340519, -21.624855973307657 ], [ -50.471450326417099, -21.624852990931188 ], [ -50.471500967108199, -21.6248445095477 ], [ -50.471545401962402, -21.624836839262194 ], [ -50.4716014049216, -21.624826911960806 ], [ -50.471670438422301, -21.624814333302002 ], [ -50.471757048165699, -21.624798178473092 ], [ -50.471831347054199, -21.624784100581191 ], [ -50.471867435570402, -21.624776977660211 ], [ -50.471872420310099, -21.624775894742594 ], [ -50.471876161246399, -21.624774915166199 ] ] ], [ [ [ -50.469340546746324, -21.624470166380988 ], [ -50.469229134923538, -21.624511945817897 ], [ -50.469117721146951, -21.624554720753206 ], [ -50.469116992575053, -21.62455499844884 ], [ -50.469006357271162, -21.624596860459096 ], [ -50.468894721328411, -21.62463972069046 ], [ -50.468783533378023, -21.624682408925256 ], [ -50.468673341590502, -21.624726088556439 ], [ -50.468671721392305, -21.624726720673134 ], [ -50.468560303697373, -21.624769497113338 ], [ -50.468547436102185, -21.624774552240449 ], [ -50.468587356414531, -21.624759249455192 ], [ -50.46858845307198, -21.624758833646382 ], [ -50.468708244993543, -21.624713911679212 ], [ -50.468826151490745, -21.624669325192418 ], [ -50.468945270227891, -21.624622670357418 ], [ -50.468947037316646, -21.624621990219538 ], [ -50.469066037222937, -21.624576990258426 ], [ -50.469066863602976, -21.624576680347403 ], [ -50.469187658253098, -21.624531756720494 ], [ -50.469306692740901, -21.624487118791141 ], [ -50.469424935522028, -21.624441411501085 ], [ -50.469426863700498, -21.624440680320951 ], [ -50.469546897012719, -21.624396039836586 ], [ -50.46966493558913, -21.624350411482698 ], [ -50.469665356841936, -21.624350249324394 ], [ -50.469785356748112, -21.624304249364119 ], [ -50.469786863798767, -21.624303680294378 ], [ -50.469906347530056, -21.624259244199855 ], [ -50.469973963293583, -21.624232538816287 ], [ -50.46989558296022, -21.624260531794565 ], [ -50.469785992273472, -21.624301998543469 ], [ -50.469785546625126, -21.624302166413919 ], [ -50.469673546536576, -21.624344166450243 ], [ -50.469672360518842, -21.624344605903552 ], [ -50.469561405539714, -21.624385223354412 ], [ -50.469452809131489, -21.624426687440586 ], [ -50.469342172898408, -21.624469546525344 ], [ -50.469340546746324, -21.624470166380988 ] ] ], [ [ [ -50.473027330750995, -21.623924424107585 ], [ -50.472998617912701, -21.623960925507298 ], [ -50.473027330751002, -21.623924424107585 ], [ -50.473027330750995, -21.623924424107585 ] ] ], [ [ [ -50.470916479561836, -21.6227105620926 ], [ -50.470807705830531, -21.622750479060986 ], [ -50.470699931822033, -21.62279039536314 ], [ -50.470699479618602, -21.62279056207716 ], [ -50.47059146417466, -21.622830200775276 ], [ -50.470482443351969, -21.622871826910462 ], [ -50.470480033947901, -21.622872724887898 ], [ -50.470371242707721, -21.622912285341929 ], [ -50.47026244341189, -21.62295382689404 ], [ -50.470259695538054, -21.622954847524007 ], [ -50.470152847058159, -21.622993431700174 ], [ -50.470043217602488, -21.623034913118623 ], [ -50.469933443501759, -21.623076826869436 ], [ -50.469932244898629, -21.62307727906056 ], [ -50.469822845240728, -21.623118055299887 ], [ -50.469713808175264, -21.623159687637205 ], [ -50.469603171937017, -21.62320254672397 ], [ -50.469602443710741, -21.623202826799719 ], [ -50.469493394719805, -21.623244463690906 ], [ -50.469383340484846, -21.623288088796684 ], [ -50.469380245050957, -21.623289279019417 ], [ -50.469270984189095, -21.623330003525737 ], [ -50.469159720254154, -21.623372720932508 ], [ -50.469159443835061, -21.623372826765909 ], [ -50.469050164919572, -21.623414551446377 ], [ -50.468938883, -21.623458269346951 ], [ -50.468936245173104, -21.623459278986406 ], [ -50.468827211315634, -21.623499918882089 ], [ -50.468717172188192, -21.623542546655361 ], [ -50.468715546052671, -21.623543166504682 ], [ -50.468603546082946, -21.623585166496454 ], [ -50.46849282532132, -21.623626686785691 ], [ -50.468385095212923, -21.623669185822589 ], [ -50.468382546144284, -21.623670166479847 ], [ -50.468271134316311, -21.623711945918679 ], [ -50.46815972053453, -21.623754720855999 ], [ -50.468158991969062, -21.62375499854917 ], [ -50.468058138842132, -21.623793159194868 ], [ -50.468093694979821, -21.623780371462029 ], [ -50.468205893332154, -21.62373866942216 ], [ -50.468318893242419, -21.623696669458511 ], [ -50.468319754054377, -21.623696352296161 ], [ -50.468434753962285, -21.62365435233254 ], [ -50.468435073254305, -21.623654236102549 ], [ -50.468546670891079, -21.623613744927788 ], [ -50.468657279383486, -21.62357127917015 ], [ -50.468658893452492, -21.623570669389345 ], [ -50.468771893362749, -21.623528669425685 ], [ -50.468772326841844, -21.623528509016662 ], [ -50.468886263696533, -21.6234865322836 ], [ -50.468997326900904, -21.623445509000582 ], [ -50.46911066634906, -21.623403752364929 ], [ -50.469221008219272, -21.623362001389932 ], [ -50.469222326960704, -21.623361508984331 ], [ -50.469336263815201, -21.623319532251347 ], [ -50.46944682704062, -21.623278693585469 ], [ -50.46955845407161, -21.623236833451781 ], [ -50.469558893691755, -21.62323666932414 ], [ -50.469671893602019, -21.62319466936049 ], [ -50.469672640343681, -21.623194393907259 ], [ -50.469784046282705, -21.623153611378971 ], [ -50.469895231199828, -21.623111917037974 ], [ -50.470006008431206, -21.623070001331932 ], [ -50.470006755126853, -21.623069720910493 ], [ -50.470116604628622, -21.623028777008315 ], [ -50.470227408976747, -21.622987225381252 ], [ -50.470336369834584, -21.622944631594663 ], [ -50.470338454401791, -21.622943833349701 ], [ -50.470450004852793, -21.622902001933884 ], [ -50.470558962209743, -21.622860400037357 ], [ -50.470668369929001, -21.622817631568779 ], [ -50.470670755308603, -21.622816720861337 ], [ -50.470778966344085, -21.622776387660895 ], [ -50.470887195700421, -21.622733095921735 ], [ -50.470888632728347, -21.622732529111076 ], [ -50.470996501339904, -21.622690580210257 ], [ -50.471106370055466, -21.622647631534271 ], [ -50.471107844184068, -21.6226470636154 ], [ -50.471214277594896, -21.622606658342896 ], [ -50.471321725291098, -21.622563284964578 ], [ -50.471322434155248, -21.622563000776719 ], [ -50.471418054487145, -21.62252492972225 ], [ -50.471350390690127, -21.622550224601429 ], [ -50.4713494794483, -21.622550562123447 ], [ -50.471240705717676, -21.622590479091585 ], [ -50.471132931822204, -21.622630395351866 ], [ -50.471024931850792, -21.622670395344098 ], [ -50.47091693176489, -21.622710395378732 ], [ -50.470916479561836, -21.6227105620926 ] ] ], [ [ [ -50.471020913246299, -21.62295175517102 ], [ -50.471020913246292, -21.62295175517102 ], [ -50.470922572033402, -21.623019077470204 ], [ -50.471020913246299, -21.62295175517102 ] ] ], [ [ [ -50.471080434245401, -21.622971055972695 ], [ -50.471080434245401, -21.622971055972695 ], [ -50.4711080422218, -21.622951793858295 ], [ -50.471080434245401, -21.622971055972695 ] ] ], [ [ [ -50.471171417776297, -21.6229079766631 ], [ -50.471214567117045, -21.622878390986774 ], [ -50.471214567117038, -21.622878390986774 ], [ -50.471171417776297, -21.6229079766631 ] ] ], [ [ [ -50.471209931455896, -21.622287395444992 ], [ -50.471209479254938, -21.622287562158103 ], [ -50.471100705523867, -21.622327479126412 ], [ -50.470992931513038, -21.622367395429421 ], [ -50.470992033585262, -21.622367724968246 ], [ -50.470882483126111, -21.622407561501607 ], [ -50.470775088073431, -21.622447337449714 ], [ -50.470665700613822, -21.622488109142271 ], [ -50.470558155625987, -21.622528936409175 ], [ -50.470557244498423, -21.622529279151756 ], [ -50.470447844836997, -21.622570055392401 ], [ -50.470339270825015, -21.622611510927666 ], [ -50.470268016983852, -21.622639620243469 ], [ -50.470366757425289, -21.622603714631172 ], [ -50.470475556667068, -21.622562173105312 ], [ -50.470477520570583, -21.622561437868981 ], [ -50.47058629424243, -21.622521520927958 ], [ -50.470694068194888, -21.622481604651973 ], [ -50.470694520627347, -21.622481437853526 ], [ -50.47080329429847, -21.622441520912787 ], [ -50.470911068366519, -21.622401604593982 ], [ -50.471019068395108, -21.622361604586207 ], [ -50.471127068309215, -21.622321604620833 ], [ -50.471127520740886, -21.622321437822684 ], [ -50.471236064460825, -21.622281605267787 ], [ -50.471342609328715, -21.62224177541335 ], [ -50.471343068480827, -21.62224160456288 ], [ -50.471450605389002, -21.622201776081354 ], [ -50.471556143491796, -21.622161950385049 ], [ -50.47155910900414, -21.622160864401081 ], [ -50.471664381743693, -21.622123477823529 ], [ -50.471766051099884, -21.622084746642599 ], [ -50.471747668561505, -21.622091214573118 ], [ -50.471642530439276, -21.622128553348212 ], [ -50.47153615536417, -21.622168936481039 ], [ -50.471532446069723, -21.62217029286165 ], [ -50.471425465342904, -21.622207934230964 ], [ -50.47131770546784, -21.622247479141578 ], [ -50.471209931455896, -21.622287395444992 ] ] ], [ [ [ -50.472049615911693, -21.622274337124725 ], [ -50.472013656566901, -21.622304362141595 ], [ -50.472049615911715, -21.622274337124715 ], [ -50.472049615911693, -21.622274337124725 ] ] ], [ [ [ -50.47227967844136, -21.619244349011581 ], [ -50.472276971758582, -21.619245380142239 ], [ -50.47216233034419, -21.619287876532233 ], [ -50.472048678506809, -21.619332348993645 ], [ -50.472048428673681, -21.619332446514036 ], [ -50.471935553669276, -21.619376397847081 ], [ -50.471820678695487, -21.619421348927695 ], [ -50.471705678606561, -21.619466348966483 ], [ -50.471703399282255, -21.61946722099125 ], [ -50.471588972826524, -21.61951000653896 ], [ -50.471475112588124, -21.619553570459797 ], [ -50.471360678704762, -21.619598348939586 ], [ -50.471358399377301, -21.619599220965554 ], [ -50.471243399286273, -21.619642221002742 ], [ -50.471241406053302, -21.619642951370071 ], [ -50.471125623378406, -21.61968451438462 ], [ -50.471012832650743, -21.61972705825827 ], [ -50.47101239946938, -21.619727220940419 ], [ -50.470897399378359, -21.619770220977614 ], [ -50.470895406142631, -21.619770951345934 ], [ -50.47077940549449, -21.619812592607197 ], [ -50.470665973076223, -21.619855006470846 ], [ -50.47055154477151, -21.619898787738553 ], [ -50.470547251230244, -21.619900360995082 ], [ -50.470431832036603, -21.619940807040141 ], [ -50.470318399531514, -21.619983220935719 ], [ -50.470317243283624, -21.619983648236762 ], [ -50.470203397778313, -21.620025226598475 ], [ -50.470089544895806, -21.620068787704337 ], [ -50.470088399715387, -21.620069220873258 ], [ -50.469973399624344, -21.620112220910446 ], [ -50.469972243374826, -21.620112648212089 ], [ -50.469857822448105, -21.620154436727457 ], [ -50.469743399685477, -21.620197220893751 ], [ -50.469741076078257, -21.620198069451899 ], [ -50.469627818833459, -21.620238448124887 ], [ -50.469514545051581, -21.620281787661522 ], [ -50.469513104151659, -21.620282331073877 ], [ -50.46940010406194, -21.620324331110215 ], [ -50.469398076166449, -21.620325069428095 ], [ -50.469284092921562, -21.620365706935612 ], [ -50.469172252098979, -21.62040727609347 ], [ -50.469057399867431, -21.620450220843978 ], [ -50.46905667092895, -21.620450491399932 ], [ -50.468942670838054, -21.620492491436284 ], [ -50.468942243643461, -21.620492648139077 ], [ -50.468827243551381, -21.620534648175461 ], [ -50.468826924512193, -21.620534764313433 ], [ -50.468714298098462, -21.62057562876717 ], [ -50.468601473638131, -21.620617195676648 ], [ -50.468489272681602, -21.620659891618857 ], [ -50.468372727423322, -21.620392108360786 ], [ -50.468374563896809, -21.620391409525791 ], [ -50.468280810614075, -21.620180103388417 ], [ -50.468227196212098, -21.620199665401227 ], [ -50.468191058436304, -21.620113066809626 ], [ -50.468188638428202, -21.620119556701304 ], [ -50.468185441824602, -21.620128679042509 ], [ -50.468181552919205, -21.620140696491791 ], [ -50.468178916164803, -21.620149600324403 ], [ -50.468175773724802, -21.620161326428804 ], [ -50.468173696819399, -21.620170011752808 ], [ -50.468171300844901, -21.620181446512397 ], [ -50.468169783788603, -21.620189913327792 ], [ -50.468168506667602, -21.620198286496592 ], [ -50.468143554107399, -21.6203783204027 ], [ -50.468140868442603, -21.620400638096598 ], [ -50.468139383026603, -21.620415114782499 ], [ -50.468138141632302, -21.620429270047005 ], [ -50.468136737081508, -21.620449900278693 ], [ -50.4681361057415, -21.620463251989779 ], [ -50.468135718423198, -21.620476282279505 ], [ -50.468135594986499, -21.620495225049009 ], [ -50.468135817722498, -21.620507451785201 ], [ -50.468136284480202, -21.620519357100097 ], [ -50.468136995259698, -21.620530940993593 ], [ -50.4681379500609, -21.620542203465693 ], [ -50.4681391488838, -21.620553144516496 ], [ -50.4681405917283, -21.620563764145892 ], [ -50.468144159020802, -21.6205843772909 ], [ -50.468147311046103, -21.6206000924075 ], [ -50.468149633320301, -21.620610730959307 ], [ -50.468154808086297, -21.620632396400506 ], [ -50.468157660578001, -21.620643423289891 ], [ -50.468162270701797, -21.620660206335003 ], [ -50.468169036120599, -21.620683036789096 ], [ -50.468176508496299, -21.620706385026697 ], [ -50.468184687828803, -21.620730251047892 ], [ -50.468195821003, -21.620760763871989 ], [ -50.468202315869497, -21.620779058086505 ], [ -50.468208442053999, -21.620797213035406 ], [ -50.468216036794402, -21.620821202998489 ], [ -50.468222976100002, -21.620844945378195 ], [ -50.468229259970698, -21.620868440174693 ], [ -50.468234888406606, -21.620891687387786 ], [ -50.468237456836498, -21.620903218150602 ], [ -50.468241002246309, -21.620920398240099 ], [ -50.468244178973897, -21.620937439064001 ], [ -50.468248885541698, -21.620965094424097 ], [ -50.468253146280702, -21.620991271600289 ], [ -50.468256961190797, -21.621015970592588 ], [ -50.468260330272003, -21.621039191400993 ], [ -50.468263253524498, -21.6210609340256 ], [ -50.468265730948097, -21.621081198466396 ], [ -50.468267375024411, -21.621096470717603 ], [ -50.468268281690797, -21.621108335245001 ], [ -50.468268712640302, -21.621116574248301 ], [ -50.468269098822503, -21.621129426731095 ], [ -50.468269172714301, -21.621142871987004 ], [ -50.4682690484807, -21.621152164809494 ], [ -50.468268601888298, -21.621166598020888 ], [ -50.468267843005499, -21.621181624005501 ], [ -50.468266771832099, -21.621197242763301 ], [ -50.468264857815797, -21.621218989865501 ], [ -50.468262388616402, -21.621241790786705 ], [ -50.468243172188103, -21.621402940692093 ], [ -50.468241602316397, -21.621414935386298 ], [ -50.468238358806403, -21.621435891143104 ], [ -50.468236036466003, -21.621449043356993 ], [ -50.468233431949798, -21.621462629640892 ], [ -50.468228464032101, -21.6214862380473 ], [ -50.468221467886401, -21.621516159724788 ], [ -50.468213343037398, -21.621547817682 ], [ -50.468201238828698, -21.621592107797198 ], [ -50.468188235884803, -21.621638064348595 ], [ -50.468174334205699, -21.621685687336097 ], [ -50.468159533791599, -21.6217349767598 ], [ -50.468064803652602, -21.622045668236801 ], [ -50.468054692146502, -21.622079432551701 ], [ -50.468042345857803, -21.622121695076 ], [ -50.4680287382606, -21.622170093042289 ], [ -50.4680215471762, -21.622196769054391 ], [ -50.468015086197198, -21.622221672990989 ], [ -50.468011184491999, -21.622237291128794 ], [ -50.468005940355397, -21.622259241605889 ], [ -50.4680014263242, -21.622279420007299 ], [ -50.467997642398501, -21.622297826332993 ], [ -50.467995525395501, -21.622309112730296 ], [ -50.467992648046, -21.622325950071701 ], [ -50.467990876872101, -21.622337344208791 ], [ -50.467988440699799, -21.622354689278598 ], [ -50.467986963644002, -21.622366421901301 ], [ -50.4679849686488, -21.622384274699385 ], [ -50.467983785711098, -21.622396345807697 ], [ -50.467982231892996, -21.622414706334204 ], [ -50.467980230432403, -21.622445984182995 ], [ -50.467979158676499, -21.622471615735996 ], [ -50.467978663683603, -21.622491194810699 ], [ -50.467977815483607, -21.622548105193385 ], [ -50.4679769263455, -21.622587056535391 ], [ -50.467975636055797, -21.622625771846693 ], [ -50.46797426718701, -21.622654572299595 ], [ -50.467972414642901, -21.622682146838301 ], [ -50.467971079750299, -21.622697178646803 ], [ -50.467969912807803, -21.622708016233304 ], [ -50.467968330344107, -21.622720078391101 ], [ -50.467966965344608, -21.62272854025699 ], [ -50.467965135309697, -21.6227376327641 ], [ -50.467963572253304, -21.622743718909398 ], [ -50.467961964978997, -21.622748436323 ], [ -50.467959742367299, -21.622753828391094 ], [ -50.467956904418102, -21.622759895113795 ], [ -50.4679534511315, -21.622766636490891 ], [ -50.467949382507499, -21.622774052522598 ], [ -50.467944698546198, -21.622782143208788 ], [ -50.4679393992473, -21.622790908549494 ], [ -50.467931376324103, -21.622803645132997 ], [ -50.467914703931598, -21.622828820176288 ], [ -50.467896505746999, -21.622855053601402 ], [ -50.467878150053899, -21.622880384355501 ], [ -50.467859636852303, -21.622904812438499 ], [ -50.467840966142099, -21.622928337850595 ], [ -50.467815776679899, -21.62295868227789 ], [ -50.46776644145131, -21.62301731543289 ], [ -50.467661978254107, -21.623140723351888 ], [ -50.467626145555897, -21.62318350134769 ], [ -50.467591840951002, -21.623224811305697 ], [ -50.467567115308697, -21.623254830374393 ], [ -50.467559019124799, -21.6232649292538 ], [ -50.467546940635501, -21.623280595606797 ], [ -50.467538932167002, -21.6232913851982 ], [ -50.4675309587847, -21.623302451074395 ], [ -50.4675230204885, -21.623313793235397 ], [ -50.467511178830698, -21.62333132451089 ], [ -50.467495512755107, -21.623355666541688 ], [ -50.467479987024198, -21.623381113711694 ], [ -50.467464601637801, -21.623407666020892 ], [ -50.467449356596099, -21.623435323469394 ], [ -50.467441786704399, -21.623449566620796 ], [ -50.467430473123905, -21.623471426288997 ], [ -50.467419201692799, -21.623493872958594 ], [ -50.467411710821899, -21.6235091635169 ], [ -50.467396785279199, -21.623540527302101 ], [ -50.467378233724702, -21.623581199537099 ], [ -50.467359799252201, -21.623623502331711 ], [ -50.467341481861503, -21.623667435685697 ], [ -50.467330547626403, -21.623694578366607 ], [ -50.467319705430498, -21.623722127162285 ], [ -50.467289976110997, -21.623799070333202 ], [ -50.4672781819758, -21.623830260024391 ], [ -50.467264667197298, -21.62386664468989 ], [ -50.467254837686902, -21.623893670463499 ], [ -50.467243778689301, -21.623924850232203 ], [ -50.467235913803698, -21.623947712088391 ], [ -50.467227750817599, -21.623972662695696 ], [ -50.467220971763197, -21.623994297525499 ], [ -50.467213629724696, -21.624018436818986 ], [ -50.467197256695201, -21.624074228796896 ], [ -50.467178631729098, -21.624140038629601 ], [ -50.467157754826403, -21.624215866316899 ], [ -50.467127548355997, -21.624328023021391 ], [ -50.467096679286598, -21.624443889053598 ], [ -50.467067195626001, -21.624556028117791 ], [ -50.467040529441704, -21.6246591837096 ], [ -50.467031854140501, -21.624691372992803 ], [ -50.46702148631671, -21.624727572095903 ], [ -50.467013573099806, -21.624753301377602 ], [ -50.467005998587098, -21.624776159547604 ], [ -50.466998762778402, -21.624796146605799 ], [ -50.466991865673798, -21.624813262552205 ], [ -50.466988544135504, -21.624820743858496 ], [ -50.466985307273298, -21.624827507386893 ], [ -50.466972614638301, -21.624852193367499 ], [ -50.466961510056002, -21.624873390852283 ], [ -50.466947234756503, -21.624900092421093 ], [ -50.466925956854901, -21.624939111857607 ], [ -50.4669063246074, -21.624976829346785 ], [ -50.466881332128303, -21.625026460309602 ], [ -50.466828586623002, -21.625133469227698 ], [ -50.466798085997702, -21.625194172387406 ], [ -50.4667628936377, -21.625262577988007 ], [ -50.4667429400982, -21.625300633506189 ], [ -50.466718679059099, -21.625346322890092 ], [ -50.466703107885998, -21.625376457095705 ], [ -50.466695628060002, -21.62539137328379 ], [ -50.466684790521597, -21.625413558922592 ], [ -50.466677820296503, -21.625428223586198 ], [ -50.466667747159498, -21.625450031938197 ], [ -50.466661286535199, -21.625464445077405 ], [ -50.4666519777996, -21.62548587614269 ], [ -50.466646167235744, -21.625499798165663 ], [ -50.466679825793157, -21.625487070140753 ], [ -50.466797485568733, -21.625442199890873 ], [ -50.466917355947494, -21.625396249582685 ], [ -50.466918036754713, -21.625395990372301 ], [ -50.46698891160873, -21.625369188958967 ], [ -50.466875007052295, -21.625106001647726 ], [ -50.466986006964909, -21.625064001684009 ], [ -50.466986452854144, -21.625063833722844 ], [ -50.467097864615639, -21.625022054315636 ], [ -50.467209052334375, -21.624979366176934 ], [ -50.467291265263057, -21.624947517927907 ], [ -50.467182519041799, -21.62468843823293 ], [ -50.46729106275064, -21.624648605682093 ], [ -50.467324919520507, -21.62463594894675 ], [ -50.467231086985507, -21.624389839242042 ], [ -50.467236504928437, -21.624388033261212 ], [ -50.467333989917456, -21.624350390544414 ], [ -50.467335754201777, -21.624349721146476 ], [ -50.467403062982861, -21.62432463333003 ], [ -50.46729707296241, -21.624069236182098 ], [ -50.467409913274807, -21.624028294124486 ], [ -50.467485972785695, -21.624000515870105 ], [ -50.467376639964186, -21.623739394027762 ], [ -50.467486403344601, -21.623699212793927 ], [ -50.467563812085359, -21.623668249299879 ], [ -50.467464640188247, -21.623431393982571 ], [ -50.46757559511672, -21.623390776556541 ], [ -50.467683835044461, -21.623349448587287 ], [ -50.467795116909222, -21.623305730715433 ], [ -50.467798200804936, -21.623304555560949 ], [ -50.467908237637729, -21.62326391132865 ], [ -50.468018467646743, -21.623221590882139 ], [ -50.468128659394047, -21.623177911274308 ], [ -50.468131755062792, -21.623176720961418 ], [ -50.468240431087843, -21.623136214446472 ], [ -50.468351117068146, -21.623092730671793 ], [ -50.46835227986702, -21.623092279057836 ], [ -50.468463467774427, -21.623049590847241 ], [ -50.468573659523216, -21.623005911238803 ], [ -50.468574369919757, -21.623005631591326 ], [ -50.468633323084042, -21.622982586265504 ], [ -50.468606974488587, -21.622992379534274 ], [ -50.468491040301963, -21.623035355140978 ], [ -50.468378691307493, -21.623077113177519 ], [ -50.468266274526471, -21.623119891247747 ], [ -50.468265401961844, -21.623120220394799 ], [ -50.468150473835415, -21.623163193523499 ], [ -50.468038910566875, -21.623205029752416 ], [ -50.467926274619764, -21.623247891222238 ], [ -50.467809725485175, -21.622980108757382 ], [ -50.467922725396484, -21.622937108794527 ], [ -50.467923454426519, -21.622936833394238 ], [ -50.468035454337965, -21.622894833430529 ], [ -50.468035598232774, -21.622894779548201 ], [ -50.468150161323834, -21.622851942917499 ], [ -50.468190424764131, -21.622836621432505 ], [ -50.468083632855468, -21.622596529142747 ], [ -50.468191632886587, -21.622554529134277 ], [ -50.468299632802776, -21.622512529170479 ], [ -50.468301303237325, -21.622511890224935 ], [ -50.468408263659043, -21.62247165740964 ], [ -50.468470659853764, -21.622446236739812 ], [ -50.468364931693365, -21.622485395320464 ], [ -50.468256931607456, -21.622525395355076 ], [ -50.468143068495358, -21.622256604625424 ], [ -50.468251068523948, -21.622216604617627 ], [ -50.468322148575353, -21.622190278674541 ], [ -50.468215906010776, -21.621954813929744 ], [ -50.468324905926842, -21.621911813966754 ], [ -50.46832700942926, -21.621911001147442 ], [ -50.468438009341895, -21.62186900118374 ], [ -50.468438455215605, -21.621868833228401 ], [ -50.46846868513579, -21.621857497009209 ], [ -50.468362009653262, -21.621611001102401 ], [ -50.468473009565891, -21.621569001138678 ], [ -50.468473455438136, -21.621568833183918 ], [ -50.468585455349597, -21.621526833220233 ], [ -50.468588265981133, -21.621525808882282 ], [ -50.468700451983679, -21.621486097025535 ], [ -50.468811047547149, -21.621445611152208 ], [ -50.468922455438204, -21.621403833195878 ], [ -50.468924406415795, -21.621403115898204 ], [ -50.46903442835572, -21.621363468355135 ], [ -50.469145455497305, -21.621321833179682 ], [ -50.469148266122687, -21.621320808844001 ], [ -50.469260452126562, -21.621281096986795 ], [ -50.469371641771815, -21.62124039363685 ], [ -50.469483198559331, -21.621199555887173 ], [ -50.469592756426565, -21.621158720684853 ], [ -50.46959440658722, -21.621158115851646 ], [ -50.469704428530228, -21.621118468307468 ], [ -50.469815455673874, -21.621076833131262 ], [ -50.469817839573018, -21.621075960522944 ], [ -50.469928795117333, -21.621036333545582 ], [ -50.47003753030544, -21.620995804978055 ], [ -50.470096105627022, -21.62097377206053 ], [ -50.469983661198377, -21.62101386094638 ], [ -50.469869674839011, -21.621055490749846 ], [ -50.469757104635157, -21.621097331005394 ], [ -50.46975389846213, -21.621098484274782 ], [ -50.46963948846242, -21.621138279059554 ], [ -50.469525875771453, -21.621178784456166 ], [ -50.469412671375466, -21.621220491341393 ], [ -50.469412244177377, -21.621220648045465 ], [ -50.469297244085297, -21.621262648081835 ], [ -50.469296076836599, -21.621263069298461 ], [ -50.469182093602377, -21.621303706802166 ], [ -50.469070104812616, -21.621345330956633 ], [ -50.469069244265718, -21.621345648021357 ], [ -50.468954244173645, -21.621387648057745 ], [ -50.46895307692337, -21.621388069274929 ], [ -50.468839093690562, -21.621428706778129 ], [ -50.468727104902115, -21.621470330932087 ], [ -50.468726244354066, -21.62147064799726 ], [ -50.468611458108313, -21.621512569933341 ], [ -50.468497671613015, -21.62155449127647 ], [ -50.468384328489371, -21.621285508704208 ], [ -50.468466942622783, -21.621255071920285 ], [ -50.468367726946674, -21.621027108455593 ], [ -50.468428091298414, -21.621004137951857 ], [ -50.468328456031244, -21.620771833070162 ], [ -50.468440455942698, -21.620729833106481 ], [ -50.468442406905559, -21.620729115814228 ], [ -50.468553024103208, -21.620689253763604 ], [ -50.468664268467286, -21.620648530383022 ], [ -50.468776675700838, -21.620606750706205 ], [ -50.468888456061599, -21.620564833073903 ], [ -50.468889642268856, -21.620564393550435 ], [ -50.46900068220031, -21.62052374500723 ], [ -50.469112727230417, -21.620481108405777 ], [ -50.469113456241018, -21.620480833012824 ], [ -50.469224510801361, -21.620439187556215 ], [ -50.469336570439701, -21.620395553718083 ], [ -50.469340075610148, -21.620394235630492 ], [ -50.469452118651503, -21.620353582848569 ], [ -50.469564366840302, -21.62031124362262 ], [ -50.469676570534531, -21.620267553691985 ], [ -50.469678166860767, -21.620266941863587 ], [ -50.46979194701774, -21.620224024790197 ], [ -50.469904148120307, -21.620181328798949 ], [ -50.470016570630904, -21.620137553665622 ], [ -50.470018166954951, -21.620136941838037 ], [ -50.470131366999667, -21.62009424357916 ], [ -50.470242997160156, -21.620050776971674 ], [ -50.47035542547745, -21.620006004636902 ], [ -50.470357727697554, -21.620005108265715 ], [ -50.470470727608884, -21.61996210830285 ], [ -50.47047160038683, -21.619961779075375 ], [ -50.470585232989286, -21.619919290366877 ], [ -50.470697876258157, -21.619874825922075 ], [ -50.470699727793097, -21.619874108239745 ], [ -50.470812591389475, -21.619831160149015 ], [ -50.470927455090056, -21.619787212301848 ], [ -50.470927727856534, -21.619787108222511 ], [ -50.471040727767871, -21.619744108259642 ], [ -50.471040888360506, -21.619744047247213 ], [ -50.471156888269341, -21.619700047285235 ], [ -50.47115992429508, -21.619698930426317 ], [ -50.471273181484946, -21.619658551779128 ], [ -50.471386455215907, -21.619615212267384 ], [ -50.471389076159404, -21.619614235482931 ], [ -50.471501336876742, -21.619573503721156 ], [ -50.471615600575056, -21.619530779036754 ], [ -50.471616757062726, -21.619530351647143 ], [ -50.471731757092407, -21.619488351639063 ], [ -50.471846757000343, -21.619446351675435 ], [ -50.471847924470744, -21.619445930378856 ], [ -50.471962339853761, -21.619405138810166 ], [ -50.472075602601151, -21.619363773288008 ], [ -50.472189455431625, -21.619320212208038 ], [ -50.472192924558911, -21.619318930355071 ], [ -50.472305734770238, -21.61927871106565 ], [ -50.472416571299298, -21.619235553481897 ], [ -50.472418600909926, -21.619234778932995 ], [ -50.472533600940871, -21.619191778924574 ], [ -50.472647006266627, -21.619149375197914 ], [ -50.472758426155721, -21.619105004449104 ], [ -50.472761167703169, -21.619103941634378 ], [ -50.472874242156145, -21.619061290747904 ], [ -50.47298787333105, -21.619016826378832 ], [ -50.473055435611982, -21.618989921048144 ], [ -50.473024751098059, -21.618973243594173 ], [ -50.473010621485699, -21.618965563956156 ], [ -50.472964416549864, -21.618982840585801 ], [ -50.472852428326597, -21.619026446622964 ], [ -50.47285039896542, -21.619027221076795 ], [ -50.472735972506158, -21.619070006625837 ], [ -50.47262154419694, -21.619113787895262 ], [ -50.472620399028038, -21.619114221059835 ], [ -50.47250583585749, -21.619157057726937 ], [ -50.472393976503248, -21.619199623679389 ], [ -50.47227967844136, -21.619244349011581 ] ] ], [ [ [ -50.472824837638591, -21.620516286816532 ], [ -50.472717837555997, -21.620558286852724 ], [ -50.472714145950299, -21.620559683873015 ], [ -50.472609243589744, -21.620597919316214 ], [ -50.472505316531596, -21.620639097964848 ], [ -50.472504837730327, -21.62063928679143 ], [ -50.472397837647726, -21.620681286827637 ], [ -50.472396154371538, -21.620681936674664 ], [ -50.472288154286694, -21.620722936710088 ], [ -50.472287389457321, -21.620723224842429 ], [ -50.472181146570442, -21.620762941812714 ], [ -50.472073133292561, -21.620804561611099 ], [ -50.471965365744524, -21.620846471216637 ], [ -50.471963855433749, -21.620847049833682 ], [ -50.471858378764644, -21.620886852353593 ], [ -50.471749900537496, -21.620928651306759 ], [ -50.471746694087088, -21.62092984783278 ], [ -50.471640304486876, -21.62096826630259 ], [ -50.471532900597062, -21.621009651290411 ], [ -50.471530032604271, -21.621010725168361 ], [ -50.47142170705655, -21.621050116279875 ], [ -50.471315365925932, -21.621091471166867 ], [ -50.471312032662077, -21.621092725152785 ], [ -50.47120370711572, -21.621132116263784 ], [ -50.471097365986637, -21.621173471150168 ], [ -50.471092809951145, -21.621175164213835 ], [ -50.470985102354611, -21.621213351455726 ], [ -50.470927835930738, -21.621235621733078 ], [ -50.47095885348493, -21.621224316270062 ], [ -50.470959657933186, -21.621224025474067 ], [ -50.471065657847589, -21.621186025507029 ], [ -50.47106610970333, -21.621185864278395 ], [ -50.471171382462018, -21.621148477694046 ], [ -50.471274671394973, -21.621109129531526 ], [ -50.471276853680038, -21.621108316206499 ], [ -50.471383793592906, -21.621069338109972 ], [ -50.471486699583025, -21.621031737847233 ], [ -50.471590671480271, -21.620992129508132 ], [ -50.471593658095642, -21.620991025430115 ], [ -50.471697916496204, -21.620953649780038 ], [ -50.471800191516024, -21.620914313236494 ], [ -50.47180192893466, -21.620913656482184 ], [ -50.47190605812505, -21.620874979928857 ], [ -50.472009191574067, -21.620835313220621 ], [ -50.472010928991267, -21.620834656466855 ], [ -50.472115451656478, -21.620795833765609 ], [ -50.472217583230353, -21.62075716259011 ], [ -50.472320947892825, -21.620717406953922 ], [ -50.47242370449765, -21.620677501479665 ], [ -50.472526704417675, -21.620637501514157 ], [ -50.472527191830153, -21.620637313138449 ], [ -50.47262969121266, -21.620597890302896 ], [ -50.4727312038831, -21.620556496790456 ], [ -50.472734488138705, -21.620555199515938 ], [ -50.472835464635757, -21.620516590858841 ], [ -50.472937447223629, -21.620475995851553 ], [ -50.472939488197291, -21.620475199500099 ], [ -50.473039320544871, -21.620437028312345 ], [ -50.473138180737479, -21.620395918136904 ], [ -50.473141209975402, -21.620394694492642 ], [ -50.473241688404293, -21.620355291191352 ], [ -50.473281176389342, -21.620338870446663 ], [ -50.473250316315337, -21.620351098024106 ], [ -50.473247855074824, -21.620352049930695 ], [ -50.473143090110682, -21.620391583882981 ], [ -50.473038316376908, -21.620433098007233 ], [ -50.473036619852024, -21.620433759119003 ], [ -50.472930470246197, -21.620474433270712 ], [ -50.472825316439263, -21.620516097990198 ], [ -50.472824837638591, -21.620516286816532 ] ] ], [ [ [ -50.468665150571262, -21.619722613901704 ], [ -50.468654727956199, -21.619727569380302 ], [ -50.468665150571297, -21.619722613901693 ], [ -50.468665150571262, -21.619722613901704 ] ] ], [ [ [ -50.469806877111303, -21.619200861856498 ], [ -50.469729237536598, -21.619237826754997 ], [ -50.469426351417198, -21.619380142410598 ], [ -50.469377691994602, -21.619402724678192 ], [ -50.469322971514202, -21.619427674440502 ], [ -50.469158172168399, -21.619501678830801 ], [ -50.468995304793602, -21.6195753201972 ], [ -50.468904537178297, -21.619615930756591 ], [ -50.468786041021303, -21.619668250550092 ], [ -50.4687253281922, -21.619695243186804 ], [ -50.468676928509701, -21.619717014028605 ], [ -50.468665150571297, -21.619722613901693 ], [ -50.468692672454395, -21.619712129375628 ], [ -50.468693067143235, -21.61971197961028 ], [ -50.468819549910471, -21.619664175103743 ], [ -50.468946034200442, -21.619615374082276 ], [ -50.46894667265903, -21.619615129305362 ], [ -50.469072672560202, -21.619567129346802 ], [ -50.469073067248438, -21.61956697958168 ], [ -50.469199550016548, -21.619519175074835 ], [ -50.469326034307215, -21.619470374053105 ], [ -50.469326672764836, -21.619470129276547 ], [ -50.469452672666009, -21.619422129317996 ], [ -50.469453457033183, -21.619421832848492 ], [ -50.469581262055193, -21.619373905968882 ], [ -50.469707550156599, -21.619326175036743 ], [ -50.469834034449335, -21.619277374014239 ], [ -50.469835457137769, -21.619276832820113 ], [ -50.469963457036599, -21.619228832861602 ], [ -50.469964109472762, -21.619228589804923 ], [ -50.470090782993218, -21.619181710631487 ], [ -50.470217744460335, -21.619134100085041 ], [ -50.470344034590667, -21.619085373975473 ], [ -50.470345457276238, -21.619084832782448 ], [ -50.470362437665806, -21.619078465136855 ], [ -50.470308055434153, -21.618946874813965 ], [ -50.4703031230042, -21.61894990790649 ], [ -50.4702918391772, -21.618956680950006 ], [ -50.470278462933997, -21.618964379118196 ], [ -50.470250920119398, -21.618979565437105 ], [ -50.4702241616991, -21.618993834926808 ], [ -50.470193204017903, -21.619009989247392 ], [ -50.470158047075799, -21.619028028398791 ], [ -50.470108195687502, -21.619053227881405 ], [ -50.470063590408401, -21.619075507902188 ], [ -50.470003747956603, -21.619105126256908 ], [ -50.469898054404503, -21.619156862227804 ], [ -50.469806877111303, -21.619200861856498 ] ] ], [ [ [ -50.4708991307375, -21.618469108910698 ], [ -50.470889980538701, -21.618475235826104 ], [ -50.470875402110501, -21.618485372937503 ], [ -50.47086247644431, -21.618494583394899 ], [ -50.470852712765499, -21.618501740531602 ], [ -50.470842856514409, -21.618509230060102 ], [ -50.470835723762796, -21.618514912115 ], [ -50.470829931816098, -21.618519850984196 ], [ -50.470808861583102, -21.618538802122302 ], [ -50.470780788760898, -21.618564759209306 ], [ -50.470676176915582, -21.618663004882649 ], [ -50.470725620264915, -21.618644149369583 ], [ -50.470728276273391, -21.61864316315782 ], [ -50.470846364639009, -21.618600492575016 ], [ -50.470965038499436, -21.618555989880416 ], [ -50.471082620361976, -21.618511149342989 ], [ -50.471084153966373, -21.618510573414074 ], [ -50.471124864107473, -21.618495520926096 ], [ -50.471074013693126, -21.618378932432449 ], [ -50.471073047803507, -21.6183792919499 ], [ -50.471062450684002, -21.618383416953584 ], [ -50.471045647367298, -21.618390464611505 ], [ -50.471027754885306, -21.6183985444525 ], [ -50.471008773238196, -21.618407656476297 ], [ -50.470988702425998, -21.618417800683197 ], [ -50.470967972922502, -21.6184287406357 ], [ -50.470945425234603, -21.618441153416899 ], [ -50.470927716795799, -21.618451374299301 ], [ -50.470908944793202, -21.618462810243706 ], [ -50.4708991307375, -21.618469108910698 ] ] ], [ [ [ -50.4715248017703, -21.618080802546302 ], [ -50.471516687675503, -21.618089668029711 ], [ -50.471614979911223, -21.618050183117845 ], [ -50.471615849196922, -21.618049836855917 ], [ -50.471734849105388, -21.618002836896395 ], [ -50.471735761055029, -21.618002479923021 ], [ -50.471851087911915, -21.617957741060273 ], [ -50.471968417429927, -21.617911008120775 ], [ -50.471969081600797, -21.617910745287638 ], [ -50.472085529938184, -21.617864962185052 ], [ -50.472201980087178, -21.61781818306968 ], [ -50.47220462099984, -21.617817149170381 ], [ -50.472321849587978, -21.617772443356806 ], [ -50.472345522745847, -21.617763135962171 ], [ -50.472249726441412, -21.617798470666973 ], [ -50.472127726473438, -21.617843470658272 ], [ -50.472005929058433, -21.617888395937491 ], [ -50.471885131419519, -21.617933320682347 ], [ -50.471810070769259, -21.617756846726671 ], [ -50.471770299378107, -21.617799954323999 ], [ -50.471690598061301, -21.617886678963096 ], [ -50.471677278596708, -21.617902046750498 ], [ -50.471660244824001, -21.617922439008399 ], [ -50.471639496743101, -21.617947855736794 ], [ -50.4716057771141, -21.617989688754484 ], [ -50.471584999879603, -21.618014708682594 ], [ -50.471568335044608, -21.618034072014105 ], [ -50.4715552545061, -21.618048739820392 ], [ -50.47154290744411, -21.618062072805397 ], [ -50.4715248017703, -21.618080802546302 ] ] ], [ [ [ -50.4721016164657, -21.617440844843884 ], [ -50.471959709752738, -21.617594655340916 ], [ -50.472014273758262, -21.617574529274691 ], [ -50.472136273790326, -21.617529529265955 ], [ -50.472258273693136, -21.61748452930491 ], [ -50.472258673568128, -21.617484382409959 ], [ -50.472295834748664, -21.617470786857112 ], [ -50.472223329017794, -21.617307765305245 ], [ -50.4722013889415, -21.617331907430401 ], [ -50.4721016164657, -21.617440844843884 ] ] ], [ [ [ -50.4724404747965, -21.617065404129995 ], [ -50.472410491335701, -21.617099554486014 ], [ -50.472381031341982, -21.617132754484157 ], [ -50.472432124504977, -21.617113952201709 ], [ -50.47255487037215, -21.617066437675884 ], [ -50.472556721315485, -21.617065734247443 ], [ -50.472681266435735, -21.617019276944788 ], [ -50.472775602560532, -21.616981998962864 ], [ -50.472677157531741, -21.616752456226678 ], [ -50.472671139887503, -21.616762177114996 ], [ -50.472653021326998, -21.616790430874296 ], [ -50.472634015940699, -21.6168188993047 ], [ -50.472614123728803, -21.616847582406297 ], [ -50.4726003695732, -21.616866823735698 ], [ -50.472578999318401, -21.616895864622588 ], [ -50.472556742237799, -21.616925120180593 ], [ -50.472533598331502, -21.616954590409804 ], [ -50.472517676379702, -21.616974356490989 ], [ -50.472493054430501, -21.617004184505504 ], [ -50.472467545655697, -21.617034227191201 ], [ -50.4724404747965, -21.617065404129995 ] ] ], [ [ [ -50.472677157531741, -21.616752456226667 ], [ -50.472677157531741, -21.616752456226678 ], [ -50.472682726246909, -21.6167434605373 ], [ -50.472677157531741, -21.616752456226667 ] ] ] ] } },
{ "type": "Feature", "properties": { "CHAVE": null, "FAZENDA": "Faz. ABC", "NOME_FAZ": null, "ZONA": null, "TALHAO": null, "AREA_TOTAL": null, "TIPO_GEO": "VOO_PROCESSADO", "DATA_INICI": "27-03-2026", "DATA_FINAL": "27-03-2026", "HORA_INICI": "09:57:09", "HORA_FINAL": "09:57:09", "CLASSE": "APLICADO FORA DO TALHÃO", "PILOTO": "valmir alves", "AERONAVE": "PS-CBA", "AREA_HA": 2.3302432308000001e-05 }, "geometry": { "type": "MultiPolygon", "coordinates": [ [ [ [ -50.473763890104578, -21.624163579590405 ], [ -50.473763709711136, -21.624162907388765 ], [ -50.473759240575873, -21.624146779125009 ], [ -50.473758960141268, -21.624145811447082 ], [ -50.47375406269493, -21.624129625833383 ], [ -50.473753807171995, -21.624128810689495 ], [ -50.473749876679335, -21.624116695223403 ], [ -50.473749651251282, -21.624116019463521 ], [ -50.473745405096167, -21.62410363312156 ], [ -50.473745174623517, -21.624102978060087 ], [ -50.473740649384013, -21.624090439408882 ], [ -50.473740414631379, -21.624089804569355 ], [ -50.473735608834069, -21.624077114582995 ], [ -50.473735370510823, -21.624076499469602 ], [ -50.473730282790633, -21.624063659155453 ], [ -50.473730041552621, -21.624063063256703 ], [ -50.473724749024036, -21.624050263199109 ], [ -50.473724423876597, -21.62404949765115 ], [ -50.473714653331754, -21.624027090971239 ], [ -50.473714349773537, -21.624026410751124 ], [ -50.473708369614606, -21.624013311998425 ], [ -50.473708153205031, -21.624012845277083 ], [ -50.473700058705234, -21.623995654087985 ], [ -50.47369981764701, -21.623995150487886 ], [ -50.473694003865539, -21.623983201033354 ], [ -50.473693734141342, -21.623982656283374 ], [ -50.473690904718289, -21.623977040006849 ], [ -50.473624446315434, -21.624001464888192 ], [ -50.473737553786805, -21.624270535092531 ], [ -50.473786948283056, -21.624252381558492 ], [ -50.473763890104578, -21.624163579590405 ] ] ], [ [ [ -50.473201459805196, -21.62416982402851 ], [ -50.473248546507662, -21.624152166513575 ], [ -50.473133453596155, -21.623883833466476 ], [ -50.473111663097974, -21.623892004902693 ], [ -50.47310115661255, -21.623906018250427 ], [ -50.473100769985116, -21.62390652889464 ], [ -50.473086310122348, -21.623925441225861 ], [ -50.473085973213252, -21.623925878193827 ], [ -50.473070225157663, -21.623946133060901 ], [ -50.47306998729065, -21.623946437219455 ], [ -50.473037868672726, -21.623987268254265 ], [ -50.473037538714252, -21.623987692862457 ], [ -50.47301117629565, -21.624022035204369 ], [ -50.473010867484895, -21.624022442219427 ], [ -50.472973541994705, -21.624072217829625 ], [ -50.472973292504157, -21.62407255376392 ], [ -50.472935702336031, -21.624123660467504 ], [ -50.472935521308159, -21.624123908348448 ], [ -50.472898194232066, -21.624175386598544 ], [ -50.472898003958491, -21.624175651010411 ], [ -50.472864248541129, -21.624222918025318 ], [ -50.472864049380149, -21.624223199172889 ], [ -50.472840356326138, -21.624256918409205 ], [ -50.472840148226219, -21.624257217132588 ], [ -50.472809661573201, -21.624301360016343 ], [ -50.472809370291323, -21.624301778385409 ], [ -50.472792916533542, -21.624325221636699 ], [ -50.472792421095257, -21.624325918124804 ], [ -50.472790388964633, -21.624328737009066 ], [ -50.472874157084611, -21.624296936146155 ], [ -50.472876567102986, -21.624295998995056 ], [ -50.472983284545279, -21.624253509639576 ], [ -50.473092992350878, -21.624211998574218 ], [ -50.473094368319913, -21.62421147072045 ], [ -50.473201459805196, -21.62416982402851 ] ] ], [ [ [ -50.473415362340653, -21.623780836082883 ], [ -50.473395018358886, -21.623779927924076 ], [ -50.47339403834475, -21.623779877954352 ], [ -50.47337820564227, -21.623778970074621 ], [ -50.473376607258182, -21.623778861819815 ], [ -50.473362191816221, -21.623777735542895 ], [ -50.473360554165303, -21.623777590074049 ], [ -50.473350839396105, -21.623776622981531 ], [ -50.473348620323478, -21.623776369650585 ], [ -50.473333875365597, -21.623774470088332 ], [ -50.473330798860644, -21.623774010534024 ], [ -50.473320852414766, -21.623772318995567 ], [ -50.473317423690091, -21.623771655496743 ], [ -50.473308994344897, -21.623769824686956 ], [ -50.473304672801454, -21.623768753677055 ], [ -50.473297646838404, -21.62376679363431 ], [ -50.473293629205621, -21.623765552284034 ], [ -50.473291064966965, -21.623764681559596 ], [ -50.473288146744999, -21.623763623390722 ], [ -50.473284012332016, -21.623762027343538 ], [ -50.473280527549406, -21.623760580605545 ], [ -50.473276907725449, -21.623758969905317 ], [ -50.473273148581335, -21.62375716975901 ], [ -50.473269993170909, -21.623755548496447 ], [ -50.473265622729535, -21.623753128298333 ], [ -50.473252033034377, -21.623748016077919 ], [ -50.473237429433752, -21.623746947091838 ], [ -50.473223154473999, -21.623750019614718 ], [ -50.473210520488728, -21.623756951181612 ], [ -50.473200688952907, -21.623767104555782 ], [ -50.473146592002344, -21.623843706887385 ], [ -50.473129066733655, -21.623868288687827 ], [ -50.473128596049463, -21.623868940660795 ], [ -50.473114816120713, -21.623887791182106 ], [ -50.473114327591581, -21.623888451052483 ], [ -50.473112587446956, -21.623890772023834 ], [ -50.473170792637184, -21.623868460032867 ], [ -50.473289923519097, -21.623826124261612 ], [ -50.473290727396645, -21.623825836188018 ], [ -50.473409325856615, -21.623782981279817 ], [ -50.473415362340653, -21.623780836082883 ] ] ], [ [ [ -50.480114167476259, -21.619224427319242 ], [ -50.480113484164534, -21.61922273184442 ], [ -50.480111998819176, -21.619223255251807 ], [ -50.480113912567475, -21.619224292392552 ], [ -50.480114167476259, -21.619224427319242 ] ] ], [ [ [ -50.480924754997254, -21.619205348068768 ], [ -50.480926948437599, -21.61920554027876 ], [ -50.480944647575775, -21.619207345419895 ], [ -50.480934976701072, -21.61918501362981 ], [ -50.480887348527787, -21.619203047597097 ], [ -50.480903747763442, -21.619203832941817 ], [ -50.480905705230278, -21.619203951541056 ], [ -50.480924754997254, -21.619205348068768 ] ] ], [ [ [ -50.480050864187838, -21.619083301964594 ], [ -50.480049877968213, -21.619084991571608 ], [ -50.480047887099225, -21.619088582226734 ], [ -50.480046878281961, -21.619090512709061 ], [ -50.48004335494246, -21.619097682425402 ], [ -50.480039054319839, -21.619113468811218 ], [ -50.480038343023644, -21.619123216229763 ], [ -50.480038280700278, -21.619124241883732 ], [ -50.480037765136636, -21.619134856301134 ], [ -50.480037722805235, -21.619136114227263 ], [ -50.480037611312071, -21.61914206226729 ], [ -50.480037605148404, -21.61914317956639 ], [ -50.480037627740053, -21.619146109859759 ], [ -50.480039337181708, -21.619157698962379 ], [ -50.48004417199202, -21.619168488957349 ], [ -50.480044479281801, -21.61916898318492 ], [ -50.480045597937448, -21.619170693829631 ], [ -50.480047098473293, -21.619172878002807 ], [ -50.480048410485416, -21.619174689720815 ], [ -50.480050104792795, -21.619176911476533 ], [ -50.480051340516667, -21.619178460680427 ], [ -50.480052601356455, -21.619179972768261 ], [ -50.480053734879633, -21.619181281131873 ], [ -50.480055150165846, -21.619182853862036 ], [ -50.480056455567869, -21.619184245572768 ], [ -50.480058785603511, -21.619186629312626 ], [ -50.480060261872204, -21.619188074098503 ], [ -50.48006285495326, -21.619190502020786 ], [ -50.480064213647033, -21.619191725449031 ], [ -50.480066228337748, -21.619193469979308 ], [ -50.48006746492689, -21.619194504435352 ], [ -50.480067862936345, -21.619194826052297 ], [ -50.480103078951196, -21.61918038748432 ], [ -50.480054715223488, -21.619077248523499 ], [ -50.480053640304064, -21.619078849440864 ], [ -50.480052652459818, -21.619080387689696 ], [ -50.480050864187838, -21.619083301964594 ] ] ], [ [ [ -50.472238820072128, -21.617220959284431 ], [ -50.472286654708526, -21.6171679102162 ], [ -50.472179636938193, -21.617209528234394 ], [ -50.472202497535363, -21.617260927895941 ], [ -50.472238699664437, -21.61722109229618 ], [ -50.472238820072128, -21.617220959284431 ] ] ], [ [ [ -50.466583693299803, -21.625527274926895 ], [ -50.466583994732879, -21.625526476899626 ], [ -50.466585423390498, -21.625522768525496 ], [ -50.466561036655982, -21.625531990399168 ], [ -50.466572390837612, -21.625558240918149 ], [ -50.466575858884603, -21.625548454363845 ], [ -50.466576168146993, -21.625547600707907 ], [ -50.466583693299803, -21.625527274926895 ] ] ], [ [ [ -50.470442992979443, -21.625238998417139 ], [ -50.470553993066815, -21.625196998380837 ], [ -50.470554987859231, -21.625196618204729 ], [ -50.470668987948059, -21.625152618166748 ], [ -50.470669173428909, -21.625152546445761 ], [ -50.470680576839477, -21.625148128907973 ], [ -50.470677658409151, -21.625149107936839 ], [ -50.470626698002647, -21.625165967043984 ], [ -50.470562385188984, -21.625186951920721 ], [ -50.470510343076128, -21.625203701347115 ], [ -50.470458341406626, -21.625220192757514 ], [ -50.470457492456909, -21.625220456534873 ], [ -50.470418712088282, -21.625232257962384 ], [ -50.470417967840653, -21.625232480306078 ], [ -50.470392286578566, -21.625240010152368 ], [ -50.470391680462754, -21.625240185147156 ], [ -50.470366077106661, -21.625247462604609 ], [ -50.470365461372808, -21.625247634834608 ], [ -50.470339960638249, -21.625254652728547 ], [ -50.470339335216252, -21.625254821996009 ], [ -50.470313937120579, -21.625261580394675 ], [ -50.470313301941694, -21.625261746497028 ], [ -50.470288006513066, -21.625268245467371 ], [ -50.470287361509797, -21.625268408197265 ], [ -50.470262168767675, -21.625274647809899 ], [ -50.470261513887429, -21.625274806951811 ], [ -50.470236423846316, -21.625280787280101 ], [ -50.470235759043753, -21.625280942612672 ], [ -50.470210771719181, -21.625286663730854 ], [ -50.470210096951845, -21.625286815028041 ], [ -50.470185241075818, -21.625292270708776 ], [ -50.470184383563691, -21.625292453799389 ], [ -50.470147220944682, -21.625300166952695 ], [ -50.470146171267913, -21.625300377199078 ], [ -50.470109238215933, -21.625307507650604 ], [ -50.470108346250427, -21.625307674406645 ], [ -50.470083896086777, -21.625312096416241 ], [ -50.470083208043896, -21.625312217633194 ], [ -50.470034634185915, -21.625320548208663 ], [ -50.47003431869436, -21.625320603329893 ], [ -50.469998905242484, -21.625326904501506 ], [ -50.469998546991413, -21.625326969557598 ], [ -50.469963784388405, -21.625333409709405 ], [ -50.469963415554091, -21.625333479436836 ], [ -50.469961242471513, -21.625333898496859 ], [ -50.469994359593549, -21.625409859201238 ], [ -50.470217359768441, -21.625324859127819 ], [ -50.470217721737903, -21.625324720657567 ], [ -50.470329279863222, -21.62528189030256 ], [ -50.47044283687864, -21.625239057389784 ], [ -50.470442992979443, -21.625238998417139 ] ] ], [ [ [ -50.468165572055696, -21.620051992639542 ], [ -50.468170894091926, -21.620041554270426 ], [ -50.468171781708044, -21.620039873592628 ], [ -50.468178263008809, -21.620028017364167 ], [ -50.468179173865735, -21.620026405042431 ], [ -50.468186103828536, -21.620014527965413 ], [ -50.468187033116074, -21.620012983661766 ], [ -50.46819441329346, -21.620001085923391 ], [ -50.468195356515729, -21.619999608862308 ], [ -50.468203152984223, -21.619987744605314 ], [ -50.468204327556762, -21.619986016306399 ], [ -50.468212572001526, -21.619974280783204 ], [ -50.468214118883843, -21.619972167048253 ], [ -50.468218361985699, -21.619966597913105 ], [ -50.468219454693234, -21.619965201783316 ], [ -50.468223968530999, -21.619959586397133 ], [ -50.468225340859689, -21.619957932966432 ], [ -50.468232667055283, -21.619949382098635 ], [ -50.468234313951413, -21.619947528442733 ], [ -50.468242125791114, -21.619939047351721 ], [ -50.468243762719311, -21.619937330024886 ], [ -50.468252111193287, -21.619928865287044 ], [ -50.468253729119354, -21.619927277193018 ], [ -50.468262616966996, -21.619918831264595 ], [ -50.468264208477272, -21.619917364811897 ], [ -50.468273637920106, -21.619908940268051 ], [ -50.468275197082328, -21.619907587632284 ], [ -50.468285169873852, -21.619899187089466 ], [ -50.46828669207634, -21.619897940424732 ], [ -50.468297209556297, -21.619889566478825 ], [ -50.468298691345048, -21.619888418076478 ], [ -50.468309742684319, -21.61988008216467 ], [ -50.468311253911303, -21.619878972859471 ], [ -50.468327108859981, -21.619867649051105 ], [ -50.468328116306843, -21.619866942396115 ], [ -50.468345270149371, -21.619855126559891 ], [ -50.468346129398547, -21.619854543725147 ], [ -50.468364526965665, -21.619842255816945 ], [ -50.468365304845676, -21.619841743441736 ], [ -50.468383554327247, -21.619829889698092 ], [ -50.468314109024831, -21.619855589926029 ], [ -50.468312672349342, -21.619856129404294 ], [ -50.468187734985122, -21.619903724587438 ], [ -50.468114803889513, -21.619930334579713 ], [ -50.468165572055696, -21.620051992639542 ] ] ], [ [ [ -50.470290901178728, -21.618903357379136 ], [ -50.470291363292255, -21.618903069641959 ], [ -50.470309102897474, -21.618891885879979 ], [ -50.470309546767439, -21.618891602676126 ], [ -50.470323722748134, -21.618882449468728 ], [ -50.470324149242302, -21.618882170905088 ], [ -50.470342283034164, -21.618870190501539 ], [ -50.470342692979145, -21.618869916656529 ], [ -50.470357194909248, -21.618860122108938 ], [ -50.470357589091719, -21.618859853036064 ], [ -50.470376001643523, -21.618847150637379 ], [ -50.470376488872738, -21.6188468100585 ], [ -50.470424127601625, -21.618813070752829 ], [ -50.470424337944053, -21.61881292093258 ], [ -50.470487978071681, -21.618767334172833 ], [ -50.470488636057468, -21.618766854355368 ], [ -50.470496375239428, -21.618761109585332 ], [ -50.47049707921142, -21.618760576895429 ], [ -50.470505060030533, -21.618754421233444 ], [ -50.47050576767969, -21.618753864692145 ], [ -50.470516446243103, -21.618745301882747 ], [ -50.47051720858412, -21.618744677491151 ], [ -50.47053090150937, -21.618733222817493 ], [ -50.470531626033825, -21.618732604224512 ], [ -50.470546104239737, -21.618719988396091 ], [ -50.470546736504446, -21.618719427412035 ], [ -50.470560258835292, -21.618707210926914 ], [ -50.470490739604067, -21.618733722496344 ], [ -50.470374070904896, -21.618776237358105 ], [ -50.470255276149921, -21.61881916319118 ], [ -50.470290239237208, -21.618903764425916 ], [ -50.470290901178728, -21.618903357379136 ] ] ], [ [ [ -50.471029620663678, -21.618277149261178 ], [ -50.471055769489688, -21.618337102602247 ], [ -50.471114410393128, -21.618315275648772 ], [ -50.47111471939003, -21.618315159480474 ], [ -50.471167842092726, -21.618294988656888 ], [ -50.471168057307317, -21.618294906374643 ], [ -50.471226264378984, -21.618272499228194 ], [ -50.471226614777407, -21.618272362832553 ], [ -50.471272407265943, -21.61825434001797 ], [ -50.471274107074898, -21.618253694575465 ], [ -50.471280367430928, -21.618251403314389 ], [ -50.471282601136238, -21.618250625157302 ], [ -50.471288685433585, -21.618248611495638 ], [ -50.471291044763973, -21.618247873017829 ], [ -50.471296951299891, -21.618246129106762 ], [ -50.471299864301272, -21.618245331379136 ], [ -50.471307808896476, -21.618243323689072 ], [ -50.47131089399042, -21.618242611540975 ], [ -50.471316548001163, -21.61824142875335 ], [ -50.471319326266517, -21.618240900697675 ], [ -50.471324947075587, -21.618239939030879 ], [ -50.471327843622277, -21.618239499937747 ], [ -50.471333276134139, -21.618238781645427 ], [ -50.471336794586684, -21.618238398197974 ], [ -50.471344166021026, -21.618237765177991 ], [ -50.47134781831182, -21.618237538350147 ], [ -50.47135302873177, -21.618237338185789 ], [ -50.47135620452034, -21.618237281337233 ], [ -50.471373640663188, -21.618237326631032 ], [ -50.471388697940917, -21.618235117531903 ], [ -50.4714022698207, -21.618228631929401 ], [ -50.471413005398688, -21.618218515380885 ], [ -50.471419836088522, -21.618205774857028 ], [ -50.471422081985203, -21.618191678510765 ], [ -50.471421985726415, -21.618183119816326 ], [ -50.471422039236892, -21.618179708140843 ], [ -50.471422140968379, -21.618177322084559 ], [ -50.471422756066467, -21.618170810991426 ], [ -50.471423371490907, -21.618166617208466 ], [ -50.471424658261462, -21.618160178118305 ], [ -50.471425968598815, -21.618155017215546 ], [ -50.471427574627107, -21.618149675421929 ], [ -50.471429288543824, -21.618144757438113 ], [ -50.471430125319053, -21.618142493057732 ], [ -50.471432590537674, -21.618136185494574 ], [ -50.471433325235942, -21.618134385478225 ], [ -50.471439714321335, -21.6181193762691 ], [ -50.471382620763002, -21.61814114923423 ], [ -50.471381513627641, -21.618141576130586 ], [ -50.471263853312834, -21.618187443707107 ], [ -50.471147406987377, -21.618232230751605 ], [ -50.471029620663678, -21.618277149261178 ] ] ], [ [ [ -50.471789938138947, -21.617709513205064 ], [ -50.471862869398521, -21.617630464158541 ], [ -50.471770868683606, -21.617664679298009 ], [ -50.471789938138947, -21.617709513205064 ] ] ] ] } },
{ "type": "Feature", "properties": { "CHAVE": null, "FAZENDA": "Faz. ABC", "NOME_FAZ": null, "ZONA": null, "TALHAO": null, "AREA_TOTAL": null, "TIPO_GEO": "VOO_PROCESSADO", "DATA_INICI": "27-03-2026", "DATA_FINAL": "27-03-2026", "HORA_INICI": "09:57:09", "HORA_FINAL": "09:57:09", "CLASSE": "SOBREPOSIÇÃO", "PILOTO": "valmir alves", "AERONAVE": "PS-CBA", "AREA_HA": 0.00063967132326700005 }, "geometry": { "type": "MultiPolygon", "coordinates": [ [ [ [ -50.477877911718316, -21.622414161200123 ], [ -50.477880517876308, -21.622413267741898 ], [ -50.47798532355295, -21.622376336215797 ], [ -50.478088129029665, -21.622340404202539 ], [ -50.478088976021624, -21.622340105520596 ], [ -50.478192747088627, -21.622303186965866 ], [ -50.478297323478238, -21.622266336236034 ], [ -50.478400128954483, -21.62223040422294 ], [ -50.478403545039818, -21.622229166920899 ], [ -50.478507545122014, -21.622190166887144 ], [ -50.478507708504694, -21.62219010551755 ], [ -50.478607989302773, -21.622152376105809 ], [ -50.478711267237905, -21.622114639934388 ], [ -50.478715553885444, -21.62211300405707 ], [ -50.478817782861292, -21.622072310966029 ], [ -50.478918008322459, -21.622033610041779 ], [ -50.478918791231294, -21.622033305377251 ], [ -50.479020791310056, -21.621993305342741 ], [ -50.479022055244052, -21.62199280349823 ], [ -50.479123804731742, -21.621951904190432 ], [ -50.479226172923482, -21.621911155683083 ], [ -50.479327791218985, -21.621871305367367 ], [ -50.479330304849036, -21.621870295080317 ], [ -50.479431934964794, -21.621828447381244 ], [ -50.479532564233047, -21.621787597871965 ], [ -50.479533304784894, -21.62178729509781 ], [ -50.479608939329957, -21.621756151458253 ], [ -50.479548862382011, -21.621778680312143 ], [ -50.479427270582654, -21.621823529743004 ], [ -50.479426039196817, -21.621823989658051 ], [ -50.479307653801108, -21.621868757241472 ], [ -50.479186270518497, -21.621913529760327 ], [ -50.479064270486425, -21.621958529769021 ], [ -50.47906345494053, -21.621958833089071 ], [ -50.478943862221193, -21.622003680355647 ], [ -50.47882227042227, -21.622048529786358 ], [ -50.478821865263441, -21.622048679847374 ], [ -50.478700865359464, -21.622093679808412 ], [ -50.478700454843128, -21.622093833115514 ], [ -50.478580862122406, -21.622138680382623 ], [ -50.478459270326077, -21.622183529812368 ], [ -50.478458454778206, -21.622183833133153 ], [ -50.478338862059182, -21.622228680399619 ], [ -50.478217270261929, -21.622273529829727 ], [ -50.478216038870201, -21.622273989746972 ], [ -50.478098551905539, -21.622318417588026 ], [ -50.477979077524608, -21.622360875422697 ], [ -50.477976038806375, -21.622361989764418 ], [ -50.47785779849066, -21.622406702485744 ], [ -50.477738561391533, -21.622450422752099 ], [ -50.477737864975218, -21.62245067992556 ], [ -50.477617567840404, -21.62249541852653 ], [ -50.477499273406522, -21.622538163571036 ], [ -50.477497038677946, -21.622538989799466 ], [ -50.47737824650995, -21.622583911204149 ], [ -50.477375939984199, -21.622584776151243 ], [ -50.47746056334374, -21.622554956490205 ], [ -50.47756358950091, -21.622521595637515 ], [ -50.477564911678378, -21.622521161217783 ], [ -50.47766991176573, -21.622486161187304 ], [ -50.477673441514241, -21.622484939117847 ], [ -50.477774684570782, -21.62244857025134 ], [ -50.477877911718316, -21.622414161200123 ] ] ], [ [ [ -50.479510695249708, -21.621480704915076 ], [ -50.47940906517892, -21.621522552586917 ], [ -50.479347499457404, -21.621547544609825 ], [ -50.479451639352277, -21.621506756481146 ], [ -50.479512258520842, -21.621484024290961 ], [ -50.479510695249708, -21.621480704915076 ] ] ], [ [ [ -50.47699151256829, -21.621576800427306 ], [ -50.477093512648118, -21.621537800393607 ], [ -50.477094007823879, -21.621537610125063 ], [ -50.477194760383917, -21.62149870566801 ], [ -50.477296512590996, -21.621459800409095 ], [ -50.477298803151719, -21.621458904463431 ], [ -50.477397020890919, -21.62141961736469 ], [ -50.47749722007638, -21.621382288252939 ], [ -50.477500293037878, -21.621381107490606 ], [ -50.477600405067641, -21.621341459158639 ], [ -50.477701512476003, -21.621302800440155 ], [ -50.477702510657458, -21.621302414971442 ], [ -50.477802510734904, -21.62126341493779 ], [ -50.477804054663956, -21.621262803593321 ], [ -50.477904389424644, -21.621222472950944 ], [ -50.478003707859642, -21.621185105615449 ], [ -50.478005790572489, -21.621184305492459 ], [ -50.478106752303837, -21.6211447126535 ], [ -50.478206707803189, -21.62110710563066 ], [ -50.478208790514337, -21.621106305508309 ], [ -50.478309509888774, -21.62106680771139 ], [ -50.478410219822692, -21.621029288320997 ], [ -50.478414563518378, -21.621027598019193 ], [ -50.478513405396662, -21.62098747408519 ], [ -50.478613219765904, -21.620950288336207 ], [ -50.478615295662735, -21.620949498611086 ], [ -50.478717260747118, -21.620909900517059 ], [ -50.478818219709879, -21.620872288351304 ], [ -50.478820790339128, -21.620871305556122 ], [ -50.478921271419111, -21.620831901208124 ], [ -50.479022739273326, -21.620794466462552 ], [ -50.47902705430743, -21.620792803691351 ], [ -50.479126910184057, -21.62075266554179 ], [ -50.479227502816386, -21.62071555369349 ], [ -50.4793312661957, -21.620677640148426 ], [ -50.479335292508601, -21.620676107635447 ], [ -50.479434923674248, -21.62063664974492 ], [ -50.479537543947806, -21.620598167138883 ], [ -50.479538024138392, -21.62059798619385 ], [ -50.479641024219397, -21.620558986160123 ], [ -50.479743147223097, -21.620520318224013 ], [ -50.479846266057621, -21.620482640185447 ], [ -50.479849295316335, -21.620481498705601 ], [ -50.479952295396281, -21.620441498671074 ], [ -50.480054186521848, -21.620401929298946 ], [ -50.480158070740991, -21.620363343728588 ], [ -50.480159023967587, -21.62036298624011 ], [ -50.480262024048592, -21.620323986206394 ], [ -50.480264058510713, -21.620323200064046 ], [ -50.480366570968549, -21.620282786495839 ], [ -50.480470070655677, -21.620244343751523 ], [ -50.480473552450462, -21.620243004386058 ], [ -50.480576305655823, -21.620202102620901 ], [ -50.480679677217324, -21.620161350367002 ], [ -50.480782295159315, -21.620121498735415 ], [ -50.480784795632545, -21.620120503492164 ], [ -50.480886308358052, -21.620079109949906 ], [ -50.480988807799861, -21.620039687083754 ], [ -50.480990058298062, -21.62003920012183 ], [ -50.481094058378133, -21.619998200086485 ], [ -50.481095295141287, -21.619997706581401 ], [ -50.481198298050202, -21.619956109249067 ], [ -50.481300295007401, -21.619916498776348 ], [ -50.481302795475322, -21.619915503535207 ], [ -50.481361245349937, -21.619891669603625 ], [ -50.481355775631101, -21.61987908981326 ], [ -50.481234775726051, -21.619925089773492 ], [ -50.481234109751462, -21.619925344644063 ], [ -50.481112109846549, -21.619972344603468 ], [ -50.481111694395885, -21.619972505315086 ], [ -50.48099069448979, -21.620019505274524 ], [ -50.480990043491609, -21.620019759771697 ], [ -50.480868575787731, -21.620067550339613 ], [ -50.480747986028831, -21.620114007046247 ], [ -50.480627866772672, -21.620158679493226 ], [ -50.480627185692448, -21.620158934539052 ], [ -50.480505185788587, -21.620204934499256 ], [ -50.480504109545308, -21.620205344699954 ], [ -50.480382109640395, -21.62025234465937 ], [ -50.480260109605808, -21.620299344668727 ], [ -50.48025969415373, -21.620299505380899 ], [ -50.48013902663012, -21.620346376233268 ], [ -50.480019907070556, -21.620392038727434 ], [ -50.479900456191572, -21.620436832803428 ], [ -50.479899109374514, -21.620437344746282 ], [ -50.479777234464599, -21.62048429655195 ], [ -50.479657359643454, -21.620530248562886 ], [ -50.479655415333596, -21.620531008394998 ], [ -50.479537843786446, -21.620577837735755 ], [ -50.479418273332875, -21.620624669492337 ], [ -50.479417847020017, -21.620624837165977 ], [ -50.479299179045988, -21.620671706025483 ], [ -50.479181511721379, -21.620717576334265 ], [ -50.479180415192516, -21.620718008433414 ], [ -50.479062962533476, -21.620764790420516 ], [ -50.47894551165227, -21.620810576352945 ], [ -50.478944846880538, -21.620810837203869 ], [ -50.478825846972072, -21.620857837163371 ], [ -50.478824977659514, -21.620858183435985 ], [ -50.478708196256164, -21.620905095619136 ], [ -50.47859052801995, -21.620951963471384 ], [ -50.478474641072928, -21.620997918635659 ], [ -50.478473977553229, -21.620998183464923 ], [ -50.478358501864754, -21.621044571130799 ], [ -50.478241039881858, -21.621088989523525 ], [ -50.478238875258782, -21.621089825972959 ], [ -50.478125532054833, -21.621134566707539 ], [ -50.478009191382277, -21.62117931311602 ], [ -50.477892191349184, -21.621224313124976 ], [ -50.477891078880432, -21.621224745743977 ], [ -50.477774980642863, -21.621270391201179 ], [ -50.477659887131239, -21.621314047356922 ], [ -50.477659191158644, -21.621314313190751 ], [ -50.47754219124991, -21.621359313151885 ], [ -50.477541319674486, -21.621359651284447 ], [ -50.477426538889048, -21.621404565500931 ], [ -50.477311888793068, -21.621449041827859 ], [ -50.477197026575389, -21.621491620060173 ], [ -50.477194758230446, -21.621492480404015 ], [ -50.477079105672601, -21.621537345616716 ], [ -50.476964453811078, -21.621581212412174 ], [ -50.476849883396504, -21.621625048045683 ], [ -50.476733314153925, -21.621668886047903 ], [ -50.476731319443729, -21.621669651347467 ], [ -50.476617455510493, -21.62171420679617 ], [ -50.476584474756734, -21.621726538729117 ], [ -50.476585220216741, -21.621728288226155 ], [ -50.476686146026793, -21.621690688412283 ], [ -50.476786065554407, -21.621655073528636 ], [ -50.476790510918136, -21.62165341490044 ], [ -50.476889369302832, -21.621614860127465 ], [ -50.4769902202165, -21.621577288215263 ], [ -50.47699151256829, -21.621576800427306 ] ] ], [ [ [ -50.477273029565481, -21.621158366112219 ], [ -50.477368655824577, -21.621123861789236 ], [ -50.477370544214388, -21.621123167061789 ], [ -50.477466544290259, -21.621087167030641 ], [ -50.477467392881877, -21.621086846078171 ], [ -50.477564392957881, -21.621049846046205 ], [ -50.477565738036262, -21.621049326055132 ], [ -50.477662326122356, -21.62101148742023 ], [ -50.477756478657248, -21.620975199461416 ], [ -50.477854032596198, -21.620939725298932 ], [ -50.477859602920532, -21.620937581992038 ], [ -50.477952840062002, -21.620899704400493 ], [ -50.478049032543268, -21.620864725313055 ], [ -50.478054067313167, -21.620862798452453 ], [ -50.478149481479385, -21.62082443605258 ], [ -50.478245880817184, -21.620788040380795 ], [ -50.478248265958818, -21.620787118140349 ], [ -50.478342161897977, -21.620749950995108 ], [ -50.4784390324374, -21.620714725341298 ], [ -50.478443540041482, -21.620713009351405 ], [ -50.47854113941451, -21.620674168781044 ], [ -50.478637737831832, -21.62063632609852 ], [ -50.478638539983422, -21.620636009367203 ], [ -50.478735880300924, -21.6205972718905 ], [ -50.478833218041835, -21.620559528681301 ], [ -50.478833737671152, -21.620559326154552 ], [ -50.478929811614087, -21.620521688936773 ], [ -50.479026880597267, -21.620485040439942 ], [ -50.47902770635578, -21.620484726081084 ], [ -50.4791267064331, -21.620446726048254 ], [ -50.479128539840282, -21.620446009406333 ], [ -50.479224545348025, -21.620407803129989 ], [ -50.479320460416965, -21.620372569019874 ], [ -50.479421393062012, -21.620335593691955 ], [ -50.479519527789705, -21.620299544265684 ], [ -50.479519880843171, -21.620299414104469 ], [ -50.479619880922705, -21.620262414072421 ], [ -50.479620880331552, -21.620262040523084 ], [ -50.479717046074612, -21.620225733046578 ], [ -50.479815193470998, -21.620191381455282 ], [ -50.479817031962888, -21.620190725478359 ], [ -50.479916032042276, -21.620154725447144 ], [ -50.480013880427911, -21.620119144214115 ], [ -50.480113721910392, -21.620084545678392 ], [ -50.480114672535287, -21.620084212930479 ], [ -50.480213672615683, -21.620049212900074 ], [ -50.480214064325196, -21.62004907384916 ], [ -50.480315064406916, -21.620013073817891 ], [ -50.480411312899022, -21.619978699388763 ], [ -50.480509448709043, -21.619946314569589 ], [ -50.480512193197193, -21.619945381537839 ], [ -50.480612193278752, -21.619910381507403 ], [ -50.480711511774196, -21.619875620032399 ], [ -50.480810603650653, -21.619841928792702 ], [ -50.4809079143497, -21.619809160902953 ], [ -50.481006753040411, -21.619776544133906 ], [ -50.481106055256461, -21.619744767423626 ], [ -50.48110744847213, -21.619744314640069 ], [ -50.481207448555615, -21.619711314611305 ], [ -50.481183788770082, -21.619648627183736 ], [ -50.48118045018964, -21.619649988546506 ], [ -50.481078705179101, -21.619689501168022 ], [ -50.481076704889382, -21.619690293432257 ], [ -50.480973322201827, -21.619732044129044 ], [ -50.480870565916163, -21.619772553814848 ], [ -50.48076719238707, -21.619812312860905 ], [ -50.480764204400081, -21.619813496521118 ], [ -50.48066245003497, -21.619854988588543 ], [ -50.480560705027202, -21.619894501208964 ], [ -50.480559941607567, -21.619894799925 ], [ -50.48045594168763, -21.619935799889642 ], [ -50.480455447579182, -21.619935995627294 ], [ -50.480354179830996, -21.619976306087032 ], [ -50.480250929530754, -21.620014656195064 ], [ -50.480247941516978, -21.62001579994967 ], [ -50.480144955833467, -21.62005640007159 ], [ -50.480043452115012, -21.620094833515143 ], [ -50.479938929445439, -21.620133656217991 ], [ -50.479936704739913, -21.620134501299788 ], [ -50.479833704819853, -21.620174501265272 ], [ -50.479732212969346, -21.620213915573355 ], [ -50.479629734127386, -21.620251359762495 ], [ -50.47962797591353, -21.62025201381195 ], [ -50.479524975994529, -21.620291013778228 ], [ -50.479422215899568, -21.620329922937454 ], [ -50.479318456238204, -21.620368832807429 ], [ -50.479315707521948, -21.620369892377251 ], [ -50.479216709230272, -21.62040909961863 ], [ -50.479114733989306, -21.620446359799523 ], [ -50.479114260885581, -21.620446533502946 ], [ -50.479011260967624, -21.620484533470027 ], [ -50.479006945724166, -21.620486196321632 ], [ -50.478907089892878, -21.620526334446815 ], [ -50.478806260911249, -21.620563533485107 ], [ -50.478803209689445, -21.620564694456938 ], [ -50.478702490360526, -21.620604192229962 ], [ -50.478601780474293, -21.620641711596072 ], [ -50.47859970436388, -21.620642501402333 ], [ -50.478497739329555, -21.620682099470933 ], [ -50.478396780418272, -21.620719711611184 ], [ -50.478392436515193, -21.620721401993411 ], [ -50.478293594680956, -21.620761525903095 ], [ -50.478193780361487, -21.620798711626374 ], [ -50.478191209514236, -21.62079969450474 ], [ -50.478090247831325, -21.620839287318422 ], [ -50.477990292380582, -21.620876894316428 ], [ -50.477988209456079, -21.620877694520601 ], [ -50.477887247773587, -21.620917287334141 ], [ -50.47778729232413, -21.620954894331646 ], [ -50.477783945367641, -21.620956196419677 ], [ -50.477682715636298, -21.620996886798164 ], [ -50.47758398781928, -21.621035390643311 ], [ -50.477482487709167, -21.621074199505568 ], [ -50.477480706992665, -21.621074892522088 ], [ -50.477381236763996, -21.621114286669009 ], [ -50.477280780107805, -21.621151711694441 ], [ -50.477277196880799, -21.621153095548866 ], [ -50.477178338388399, -21.621192638942468 ], [ -50.477077487594173, -21.621231199536659 ], [ -50.4770769922036, -21.621231389887704 ], [ -50.476976239692888, -21.621270294319338 ], [ -50.476964933414195, -21.621274617307911 ], [ -50.476983655925537, -21.621267861762124 ], [ -50.476984671479883, -21.621267491473024 ], [ -50.477079671555622, -21.621232491442711 ], [ -50.477081913304737, -21.621231646545155 ], [ -50.47717765336354, -21.621194746727834 ], [ -50.477273029565481, -21.621158366112219 ] ] ], [ [ [ -50.477159203281616, -21.620919918233582 ], [ -50.477259203253908, -21.620881918241107 ], [ -50.477260510332172, -21.620881415028254 ], [ -50.477360510409611, -21.620842414994598 ], [ -50.477460011905947, -21.620803609407826 ], [ -50.477561512069627, -21.620764800518334 ], [ -50.477563802613318, -21.620763904579352 ], [ -50.477662020365734, -21.620724617475304 ], [ -50.477762219564809, -21.620687288358479 ], [ -50.47776632050001, -21.620685696371918 ], [ -50.477863922043888, -21.620646261401291 ], [ -50.477964511954625, -21.620607800549376 ], [ -50.47806651192608, -21.620568800557123 ], [ -50.478069054123758, -21.620567803709964 ], [ -50.478169388896958, -21.620527473062545 ], [ -50.478268707344327, -21.620490105722407 ], [ -50.478270790041591, -21.620489305605393 ], [ -50.478372790120346, -21.620449305570904 ], [ -50.478373292325223, -21.620449107653556 ], [ -50.478472762615915, -21.620409713475983 ], [ -50.478573219338401, -21.620372288419148 ], [ -50.478575295222115, -21.620371498699022 ], [ -50.478677903916804, -21.620331650658962 ], [ -50.478778392274833, -21.620293228636886 ], [ -50.478881265884766, -21.620255640199524 ], [ -50.478881738767583, -21.620255466577184 ], [ -50.478984738849626, -21.620217466544261 ], [ -50.479087738822557, -21.620179466551598 ], [ -50.479089023821423, -21.620178986247616 ], [ -50.47919114693839, -21.620140318268625 ], [ -50.479294265776502, -21.620102640228744 ], [ -50.479295219036409, -21.620102288511909 ], [ -50.479397219117267, -21.620064288479004 ], [ -50.479398023737886, -21.620063986270349 ], [ -50.479500382360875, -21.620025229119069 ], [ -50.479602738685699, -21.619987466588565 ], [ -50.479604023681951, -21.619986986285557 ], [ -50.479706146800787, -21.619948318305859 ], [ -50.479809265640604, -21.619910640265363 ], [ -50.479809738521702, -21.619910466643663 ], [ -50.479912269772733, -21.619872639577721 ], [ -50.480016387492448, -21.619834958876737 ], [ -50.480119974331451, -21.619798105864376 ], [ -50.480123023543996, -21.619796986323284 ], [ -50.480225382169664, -21.619758229170987 ], [ -50.480327738495454, -21.619720466640132 ], [ -50.480328218762239, -21.61972028858634 ], [ -50.480429331332218, -21.619682619195121 ], [ -50.480531439602665, -21.619645939522538 ], [ -50.480532265343065, -21.619645640356328 ], [ -50.480636265426284, -21.619607640323391 ], [ -50.480638023406023, -21.61960698636091 ], [ -50.480740382031811, -21.619568229208578 ], [ -50.4808425019637, -21.619530553891074 ], [ -50.480946265344883, -21.619492640345335 ], [ -50.480948023322519, -21.619491986383657 ], [ -50.480985862819985, -21.619477658805831 ], [ -50.480905944919535, -21.619503232533031 ], [ -50.480904551495904, -21.619503685384149 ], [ -50.480804551579396, -21.619536685355378 ], [ -50.480803620971407, -21.61953699558611 ], [ -50.480705621052607, -21.619569995557377 ], [ -50.480705172090595, -21.619570147471048 ], [ -50.480605172173121, -21.61960414744145 ], [ -50.480603806843646, -21.619604618468237 ], [ -50.480503806925206, -21.619639618437819 ], [ -50.480405174430707, -21.619674139809572 ], [ -50.48030655146836, -21.619706685385442 ], [ -50.48030284036151, -21.619707960179063 ], [ -50.480204888058999, -21.619742943142175 ], [ -50.480104131529792, -21.619778856358444 ], [ -50.480005802291252, -21.619813619218707 ], [ -50.479905278270003, -21.619848454273612 ], [ -50.479902968084509, -21.619849274527002 ], [ -50.479803968163914, -21.619885274495793 ], [ -50.479705885150508, -21.619920941044143 ], [ -50.479606806709, -21.619955618496455 ], [ -50.479603119695611, -21.619956959488761 ], [ -50.479505618781658, -21.619993771055661 ], [ -50.47940629570035, -21.620030520593009 ], [ -50.479308539706643, -21.620066430955553 ], [ -50.479207607120706, -21.620103406256785 ], [ -50.479109472338898, -21.620139455697863 ], [ -50.479105460193146, -21.620140990605318 ], [ -50.479008374507323, -21.620179626742285 ], [ -50.478910706143552, -21.620217115605872 ], [ -50.478813119584267, -21.620253959507895 ], [ -50.478811262361155, -21.620254673856813 ], [ -50.478714522053075, -21.620292572118533 ], [ -50.478616782140733, -21.620330471264857 ], [ -50.478615460050008, -21.62033099064444 ], [ -50.478517860722498, -21.620369831189603 ], [ -50.478421262350352, -21.620407673847311 ], [ -50.478420459991945, -21.620407990660247 ], [ -50.478324699420114, -21.620446099456501 ], [ -50.478227967743422, -21.620481274608508 ], [ -50.478223734075513, -21.62048288187064 ], [ -50.478128922601677, -21.62052041140932 ], [ -50.478032119364357, -21.620556959567061 ], [ -50.47802893272226, -21.620558201558808 ], [ -50.477934432045707, -21.620596196673389 ], [ -50.477837967637534, -21.620631274636761 ], [ -50.477832397116906, -21.620633418018812 ], [ -50.477739160015503, -21.620671295588451 ], [ -50.477642967584607, -21.620706274650889 ], [ -50.477640086888336, -21.620707353421825 ], [ -50.477544086963157, -21.620744353389888 ], [ -50.477543261996047, -21.620744673956256 ], [ -50.477446933299987, -21.620782410968086 ], [ -50.47735103101013, -21.620818992250872 ], [ -50.47725639764468, -21.620854479760435 ], [ -50.477160344354296, -21.620889138161662 ], [ -50.477157607068399, -21.620890153954839 ], [ -50.477060607144402, -21.620927153922882 ], [ -50.477060086726418, -21.620927353465959 ], [ -50.476965204142545, -21.620963922792516 ], [ -50.476871835700905, -21.62099832168947 ], [ -50.476775344253333, -21.621033138188782 ], [ -50.476774328497001, -21.621033508551474 ], [ -50.476752601754534, -21.621041513140252 ], [ -50.476767365459999, -21.621070556958816 ], [ -50.476772631709821, -21.62106821640311 ], [ -50.476859506146646, -21.621034803154146 ], [ -50.476959203337735, -21.620996918218417 ], [ -50.476960510417541, -21.620996415004953 ], [ -50.477059858079492, -21.620957669413652 ], [ -50.477159203281616, -21.620919918233582 ] ] ], [ [ [ -50.477120033813001, -21.620642213826024 ], [ -50.477219759706927, -21.620603705804012 ], [ -50.477321511917047, -21.620564800543917 ], [ -50.477323292405302, -21.620564107616097 ], [ -50.477424041458704, -21.620524206997271 ], [ -50.477525299770342, -21.620484497851972 ], [ -50.477628808078954, -21.620444686960521 ], [ -50.47763029231519, -21.620444107640669 ], [ -50.477731041368756, -21.620404207021764 ], [ -50.477832542810241, -21.620364402531322 ], [ -50.477934260301964, -21.620324900589679 ], [ -50.478035219271305, -21.620287288421483 ], [ -50.478037295152973, -21.620286498702136 ], [ -50.478139903845779, -21.620246650662796 ], [ -50.478240627392566, -21.620208138715498 ], [ -50.478342738810106, -21.620170466539058 ], [ -50.478445738783023, -21.620132466546401 ], [ -50.478446543482747, -21.620132167228164 ], [ -50.478548843293908, -21.620093804796788 ], [ -50.478650127425865, -21.62005840451511 ], [ -50.478651799869574, -21.620057809633511 ], [ -50.478756387614936, -21.620019958828195 ], [ -50.478859974454025, -21.619983105815809 ], [ -50.478861738567097, -21.619982466615806 ], [ -50.47896473864914, -21.619944466582897 ], [ -50.478965070311311, -21.619944343808271 ], [ -50.479068797629772, -21.619905816516319 ], [ -50.479172516193117, -21.619869268067635 ], [ -50.479173799736863, -21.619868809669494 ], [ -50.479278799821245, -21.619830809636543 ], [ -50.47938315900192, -21.619793041549958 ], [ -50.479487516115363, -21.619756268088643 ], [ -50.479488799657581, -21.61975580969105 ], [ -50.479593158949619, -21.61971804156417 ], [ -50.479697516063766, -21.6196812681026 ], [ -50.479698799604925, -21.619680809705379 ], [ -50.479803799689314, -21.619642809672428 ], [ -50.479805070095225, -21.619642343867369 ], [ -50.479908154513673, -21.619604055367116 ], [ -50.480011219327636, -21.619568718857028 ], [ -50.480013799525608, -21.619567809726949 ], [ -50.480118158818584, -21.619530041599724 ], [ -50.480222515934422, -21.61949326813755 ], [ -50.480206804689509, -21.61945428443617 ], [ -50.480111261689139, -21.619489533307526 ], [ -50.480109976479582, -21.619490013690179 ], [ -50.480008494821057, -21.619528438781792 ], [ -50.479906025852479, -21.619564894085165 ], [ -50.479905200271205, -21.619565190331475 ], [ -50.479800200355584, -21.61960319029852 ], [ -50.479799261498805, -21.61960353336983 ], [ -50.479696497868503, -21.61964144616292 ], [ -50.479592734544404, -21.619679359682564 ], [ -50.479590976341626, -21.619680013727894 ], [ -50.479488617769846, -21.619718770854245 ], [ -50.479386261498881, -21.619756533359084 ], [ -50.479384976285694, -21.619757013743115 ], [ -50.479282378223495, -21.619795861550191 ], [ -50.479181257072653, -21.619833534133079 ], [ -50.479077734408499, -21.619871359719198 ], [ -50.479075976202147, -21.61987201376585 ], [ -50.4789736176321, -21.619910770891558 ], [ -50.478871261362031, -21.619948533396066 ], [ -50.478768497624507, -21.619986446228715 ], [ -50.478664734300239, -21.620024359748431 ], [ -50.478662488381403, -21.620025199367703 ], [ -50.47856048846122, -21.620064199333999 ], [ -50.478559704804489, -21.620064501314395 ], [ -50.478457739763492, -21.620104099385575 ], [ -50.478356780845772, -21.62014171152823 ], [ -50.47835370770531, -21.620142892359141 ], [ -50.478252958696757, -21.620182792952956 ], [ -50.478152248297114, -21.620222287224099 ], [ -50.478052292839436, -21.620259894224681 ], [ -50.478048945907844, -21.620261196303009 ], [ -50.47794821232943, -21.620301687247725 ], [ -50.47784748825908, -21.620340199388608 ], [ -50.477745488230532, -21.620379199396364 ], [ -50.477742679534494, -21.620380303640001 ], [ -50.477645717847764, -21.620419480075967 ], [ -50.477545780619359, -21.62045671158889 ], [ -50.477542197419211, -21.620458095432955 ], [ -50.477443338918228, -21.620497638829967 ], [ -50.477342488115532, -21.620536199427391 ], [ -50.477341489726271, -21.620536584976289 ], [ -50.477241489803717, -21.62057558494265 ], [ -50.477142142082371, -21.620614330550833 ], [ -50.477042796929446, -21.620652081705675 ], [ -50.476942796901746, -21.62069008171321 ], [ -50.476941489611903, -21.620690585007445 ], [ -50.476842141998148, -21.620729330573667 ], [ -50.476742796845635, -21.620767081728371 ], [ -50.476742191593708, -21.620767313119607 ], [ -50.476651191664693, -21.620802313089371 ], [ -50.476643634650671, -21.620805443018451 ], [ -50.476634634657096, -21.620809443015048 ], [ -50.4766428834264, -21.620825670361199 ], [ -50.476710280757658, -21.620799504336006 ], [ -50.476710790266431, -21.620799305528433 ], [ -50.476811509645628, -21.620759807729652 ], [ -50.476911979498603, -21.62072237778127 ], [ -50.477014739176852, -21.620684466440949 ], [ -50.477019054204639, -21.620682803672185 ], [ -50.477120033813001, -21.620642213826024 ] ] ], [ [ [ -50.476808880497138, -21.620514040433825 ], [ -50.47690688057434, -21.62047704040183 ], [ -50.476909020907335, -21.620476214832753 ], [ -50.4770057968001, -21.620438090993613 ], [ -50.477103544530081, -21.620402901807786 ], [ -50.477105880415934, -21.620402040455875 ], [ -50.477203880493114, -21.620365040423884 ], [ -50.47720470625034, -21.6203647260655 ], [ -50.477303706327667, -21.620326726032683 ], [ -50.477402042685789, -21.620288980761046 ], [ -50.477500376649971, -21.62025222968056 ], [ -50.47750120267726, -21.620251918379715 ], [ -50.477600542981932, -21.620214169061207 ], [ -50.477699880845122, -21.620177414048978 ], [ -50.477702509797176, -21.620176415145181 ], [ -50.477801857465423, -21.620137669551404 ], [ -50.47790120267269, -21.620099918369394 ], [ -50.478000711498986, -21.620062105012611 ], [ -50.478102219077485, -21.620024288460801 ], [ -50.47810502056867, -21.620023214925666 ], [ -50.478202867608587, -21.61998466911901 ], [ -50.478302706940376, -21.619947105802744 ], [ -50.478306319924954, -21.619945696501684 ], [ -50.478404806749239, -21.619905903841605 ], [ -50.478505291983645, -21.619866107705239 ], [ -50.478506319863946, -21.619865696518314 ], [ -50.478605319939106, -21.619825696483925 ], [ -50.478606818645794, -21.619825082123072 ], [ -50.47870744944148, -21.619783235649077 ], [ -50.478807079384787, -21.619742387367832 ], [ -50.478808872791745, -21.619741639335853 ], [ -50.478907872864674, -21.619699639299927 ], [ -50.478909286451618, -21.619699031556692 ], [ -50.479010206381702, -21.619655066432973 ], [ -50.479107354457788, -21.619612870799269 ], [ -50.47920656248948, -21.61957259822708 ], [ -50.479211364181019, -21.619570557300484 ], [ -50.479309216410691, -21.619527067415142 ], [ -50.479409059828882, -21.619484559815636 ], [ -50.479412586701137, -21.619483007785096 ], [ -50.47951097671158, -21.619438285046769 ], [ -50.479513595166743, -21.619437121288751 ], [ -50.479483484120586, -21.619447731847217 ], [ -50.47948220035908, -21.61944819032307 ], [ -50.479377841124069, -21.619485958425017 ], [ -50.479273484069004, -21.619522731861181 ], [ -50.479272200306454, -21.619523190337397 ], [ -50.479167200390833, -21.619561190304456 ], [ -50.479062841045817, -21.619598958446215 ], [ -50.478958483991235, -21.619635731882191 ], [ -50.478955929708405, -21.619636656205866 ], [ -50.478851095547299, -21.619675594605827 ], [ -50.47874914149898, -21.619713208718398 ], [ -50.478646025729908, -21.619749894133751 ], [ -50.478645200147078, -21.619750190380618 ], [ -50.478541034610885, -21.619787888382149 ], [ -50.478438872756527, -21.619823595435811 ], [ -50.478435456538875, -21.619824832785653 ], [ -50.478331858521194, -21.61986368203954 ], [ -50.478229261401552, -21.619901533401265 ], [ -50.478126261374477, -21.619939533408608 ], [ -50.478124488449751, -21.619940199364866 ], [ -50.478022488529582, -21.619979199331176 ], [ -50.478021704873647, -21.619979501311288 ], [ -50.477919739832288, -21.620019099382596 ], [ -50.477818780912862, -21.620056711525883 ], [ -50.477816704815901, -21.620057501327036 ], [ -50.477713704895834, -21.620097501292523 ], [ -50.477713210056663, -21.620097694404407 ], [ -50.477611210135422, -21.620137694369888 ], [ -50.47761070771535, -21.620137892372021 ], [ -50.477510448298283, -21.620177599068455 ], [ -50.477407192107982, -21.620217312984163 ], [ -50.477406209967135, -21.620217694428714 ], [ -50.477304210045887, -21.62025769439424 ], [ -50.477303707625225, -21.620257892396584 ], [ -50.477203595634428, -21.620297540706442 ], [ -50.477102488268116, -21.620336199401819 ], [ -50.477101992882353, -21.620336389751035 ], [ -50.477000992960981, -21.62037538971736 ], [ -50.476998945826949, -21.620376196340807 ], [ -50.476899089992628, -21.620416334467219 ], [ -50.476798261007737, -21.620453533506737 ], [ -50.476797780519362, -21.620453711642657 ], [ -50.476695780600231, -21.620491711609773 ], [ -50.476693209762125, -21.620492694484639 ], [ -50.476591464404223, -21.620532594621498 ], [ -50.476585525788558, -21.620534900201484 ], [ -50.476604321979927, -21.620588311365871 ], [ -50.476617321991036, -21.620584311362379 ], [ -50.476626158921071, -21.620581310899126 ], [ -50.476711659621699, -21.62054949668283 ], [ -50.476807158961236, -21.6205146792128 ], [ -50.476808880497138, -21.620514040433825 ] ] ], [ [ [ -50.477569109734297, -21.619946749924573 ], [ -50.477673767935414, -21.619913180321877 ], [ -50.477775366123353, -21.619882602225594 ], [ -50.477779461998566, -21.61988131011914 ], [ -50.47788136032807, -21.619847673776558 ], [ -50.477985252908411, -21.619815021821562 ], [ -50.47798702125872, -21.619814454903825 ], [ -50.478091021345854, -21.619780454874181 ], [ -50.478091461932685, -21.619780310137344 ], [ -50.478194462018685, -21.619746310107704 ], [ -50.478195801163814, -21.619745861569797 ], [ -50.47829880124884, -21.61971086153935 ], [ -50.478299257626077, -21.619710705699948 ], [ -50.478401257709955, -21.619675705669504 ], [ -50.478403439498365, -21.619674939518092 ], [ -50.478506439581423, -21.61963793948598 ], [ -50.478508218686521, -21.619637288564661 ], [ -50.478610218767379, -21.619599288531781 ], [ -50.478611511091522, -21.619598800754257 ], [ -50.478713511171335, -21.619559800720548 ], [ -50.478713705654563, -21.619559726214902 ], [ -50.478811963728646, -21.619522010991737 ], [ -50.478913218684795, -21.61948428855403 ], [ -50.478918079073168, -21.619482387456618 ], [ -50.479016799166438, -21.619441912214608 ], [ -50.479115509324622, -21.619403415249003 ], [ -50.479116801567756, -21.619402904825314 ], [ -50.479216801644114, -21.619362904790886 ], [ -50.479218603639943, -21.619362171286348 ], [ -50.47931760371398, -21.619321171251176 ], [ -50.479416603682182, -21.619280171259838 ], [ -50.479417872422921, -21.619279639426825 ], [ -50.47951687249585, -21.619237639390892 ], [ -50.479519224285553, -21.619236619340455 ], [ -50.479616224354885, -21.619193619303857 ], [ -50.479618040939293, -21.619192800401088 ], [ -50.479714041006204, -21.61914880036381 ], [ -50.47971470693745, -21.619148493288119 ], [ -50.479811707004409, -21.619103493250055 ], [ -50.47976153076543, -21.619008925153111 ], [ -50.479678411300206, -21.619044666518285 ], [ -50.479578411265955, -21.619087666527673 ], [ -50.479575961671259, -21.619088744248288 ], [ -50.479476298466828, -21.619133592684022 ], [ -50.479377636043608, -21.619177442643711 ], [ -50.479376413348241, -21.619177992225996 ], [ -50.479279166387876, -21.619222195384072 ], [ -50.47917994035911, -21.619264440123143 ], [ -50.479177635865476, -21.619265442710812 ], [ -50.479081018158325, -21.6193083839091 ], [ -50.47898243769702, -21.619348401715023 ], [ -50.478978873845023, -21.619349898751487 ], [ -50.47887987391681, -21.619392898714786 ], [ -50.478879713590871, -21.6193929684555 ], [ -50.478779418821034, -21.619436661221172 ], [ -50.478682021483593, -21.619477981298893 ], [ -50.478582920801287, -21.619518612573945 ], [ -50.47858218139077, -21.619518917889398 ], [ -50.478481929080047, -21.619560606964797 ], [ -50.478384193389502, -21.619600096128607 ], [ -50.478283708202007, -21.619639892238531 ], [ -50.478282680109551, -21.619640303510238 ], [ -50.478185477131795, -21.61967957743742 ], [ -50.478086293243379, -21.619716894144354 ], [ -50.47808397946276, -21.619717785086355 ], [ -50.477986374661228, -21.619756235459729 ], [ -50.477885781106707, -21.619793711486565 ], [ -50.477884797459836, -21.619794081602731 ], [ -50.477784797538341, -21.619832081569882 ], [ -50.477684797510662, -21.619870081577378 ], [ -50.477683490232273, -21.619870584867208 ], [ -50.477584799881043, -21.619909074101336 ], [ -50.477486119337186, -21.619945585899462 ], [ -50.477484797349092, -21.619946081632751 ], [ -50.477385209960673, -21.61998392483752 ], [ -50.477286623531946, -21.62002077026759 ], [ -50.477285293805878, -21.620021273939052 ], [ -50.4771862938832, -21.620059273906243 ], [ -50.477087706249186, -21.62009711562138 ], [ -50.477023231226021, -21.620121458230482 ], [ -50.477053376191677, -21.620111011954886 ], [ -50.477155566117041, -21.620077603708598 ], [ -50.477257681794171, -21.62004488703441 ], [ -50.477361998801008, -21.620012101688584 ], [ -50.477464744361392, -21.619980180737063 ], [ -50.477466109647366, -21.619979749953352 ], [ -50.477569109734297, -21.619946749924573 ] ] ], [ [ [ -50.479797885519389, -21.618467944028151 ], [ -50.479691111548902, -21.618505863753676 ], [ -50.479688930535886, -21.618506656029357 ], [ -50.47958501780829, -21.61854525218299 ], [ -50.479479111495579, -21.618582863768065 ], [ -50.479478659652536, -21.618583024992141 ], [ -50.479372659738083, -21.618621024959172 ], [ -50.47937220095811, -21.618621190210142 ], [ -50.479267201042497, -21.618659190177191 ], [ -50.479266855285438, -21.618659315754353 ], [ -50.47915985537113, -21.618698315720536 ], [ -50.479158611891656, -21.618698774752062 ], [ -50.479052632909358, -21.618738393060724 ], [ -50.478947659630009, -21.618776024988335 ], [ -50.478946855202814, -21.618776315776717 ], [ -50.478840482203118, -21.618815087241614 ], [ -50.478734111308682, -21.618852863818514 ], [ -50.478733659464297, -21.618853025043066 ], [ -50.478628517738912, -21.618890717357761 ], [ -50.478522379867279, -21.618927419236428 ], [ -50.478520659412048, -21.618928025057311 ], [ -50.478414659497609, -21.618966025024335 ], [ -50.478413855068759, -21.618966315813307 ], [ -50.478307482070313, -21.619005087277756 ], [ -50.478201744385707, -21.619042638976651 ], [ -50.47809537976422, -21.619079419264246 ], [ -50.478093659306147, -21.619080025086127 ], [ -50.477987885065758, -21.619117944151231 ], [ -50.47788111109908, -21.619155863875445 ], [ -50.477879854934777, -21.619156315849938 ], [ -50.477773256689737, -21.619195169413484 ], [ -50.477667884986992, -21.619232944172484 ], [ -50.477561111019469, -21.619270863896993 ], [ -50.477560200501927, -21.619271190334249 ], [ -50.477455200586306, -21.619309190301298 ], [ -50.477454854826817, -21.619309315879342 ], [ -50.47734785491253, -21.619348315845517 ], [ -50.477345672667823, -21.619349129155498 ], [ -50.477241700752955, -21.6193887375013 ], [ -50.477139196333802, -21.619426191036332 ], [ -50.477033659150514, -21.619464025118425 ], [ -50.477029428667159, -21.61946560896472 ], [ -50.476925439826609, -21.61950621412787 ], [ -50.476822693175961, -21.619544744118652 ], [ -50.476717929876415, -21.619583656198465 ], [ -50.476716192481881, -21.619584312943676 ], [ -50.476613224029478, -21.619623916191738 ], [ -50.476511261591142, -21.619661533398947 ], [ -50.476509672439462, -21.619662129217748 ], [ -50.476404672521809, -21.619702129183189 ], [ -50.476404488642956, -21.619702199361001 ], [ -50.476303372874447, -21.619740861269701 ], [ -50.476201261507718, -21.619778533421449 ], [ -50.476200054270457, -21.619778984303661 ], [ -50.476118054335004, -21.619809984276866 ], [ -50.476108961136035, -21.61981374442691 ], [ -50.476088961150182, -21.61982274441926 ], [ -50.476109459489393, -21.619862572376636 ], [ -50.476110128593028, -21.619862322307572 ], [ -50.476209213498251, -21.619825660890225 ], [ -50.476308544082286, -21.619789901877517 ], [ -50.476312509489262, -21.619788415179379 ], [ -50.476411199893946, -21.619749925918693 ], [ -50.476509213419156, -21.619713660911547 ], [ -50.476608544003909, -21.619677901898573 ], [ -50.476609880362894, -21.619677414139613 ], [ -50.476709880442435, -21.619640414107582 ], [ -50.476808739593103, -21.619603836219699 ], [ -50.476909591831259, -21.619568241309693 ], [ -50.476912376032892, -21.619567229808496 ], [ -50.477009989131112, -21.619530748143369 ], [ -50.477110591780971, -21.619495241323239 ], [ -50.477112880232283, -21.619494414175218 ], [ -50.477212396824271, -21.61945759303379 ], [ -50.477313912142201, -21.619420768847263 ], [ -50.477316202051902, -21.619419918500114 ], [ -50.477416202130414, -21.619381918467287 ], [ -50.477416510918381, -21.619381800764717 ], [ -50.477516795560881, -21.619343456634294 ], [ -50.477616063882238, -21.619308073863536 ], [ -50.477620509131825, -21.619306415277922 ], [ -50.477719367545184, -21.61926786049376 ], [ -50.477820218488425, -21.619230288570538 ], [ -50.477922218461146, -21.619192288577935 ], [ -50.477924006051019, -21.619191610497456 ], [ -50.478024114490069, -21.619152954760654 ], [ -50.478125218405857, -21.619115288592841 ], [ -50.478125706212445, -21.619115105961917 ], [ -50.478226462448042, -21.619077197672492 ], [ -50.478328218351308, -21.619039288607606 ], [ -50.478329510667436, -21.61903880083311 ], [ -50.478430215927169, -21.619000295878259 ], [ -50.478530911820449, -21.61896376893371 ], [ -50.478531737816844, -21.618963466755218 ], [ -50.478634737898879, -21.61892546672231 ], [ -50.478635706075089, -21.61892510599926 ], [ -50.478735811119584, -21.618887442712694 ], [ -50.478836911740956, -21.618850768955145 ], [ -50.478837737736306, -21.618850466777033 ], [ -50.478940737818355, -21.618812466744128 ], [ -50.47894251050144, -21.618811800878511 ], [ -50.479043865492351, -21.618773047496742 ], [ -50.479143909285085, -21.618735776277386 ], [ -50.479244591232799, -21.618700241469817 ], [ -50.479249005687883, -21.61869861059694 ], [ -50.479349114131892, -21.618659954858217 ], [ -50.479450218051973, -21.618622288688801 ], [ -50.479451510362459, -21.618621800916429 ], [ -50.479553108592661, -21.618582954531284 ], [ -50.479653462064881, -21.61854519777642 ], [ -50.479755217969391, -21.618507288711097 ], [ -50.479757508538214, -21.618506415440713 ], [ -50.479856366961435, -21.618467860652718 ], [ -50.479957217914091, -21.618430288725968 ], [ -50.479957705717162, -21.618430106096366 ], [ -50.480058293095922, -21.618392261337281 ], [ -50.480157879524697, -21.618355414355847 ], [ -50.48015821775212, -21.618355288780833 ], [ -50.480260048692088, -21.618317351761277 ], [ -50.480359879471116, -21.61828041437035 ], [ -50.480353723822191, -21.618265867672477 ], [ -50.480325201311409, -21.618276190104282 ], [ -50.480220201284709, -21.618314190111544 ], [ -50.48021893067331, -21.618314655991881 ], [ -50.480114793259197, -21.618353335600403 ], [ -50.4800096598984, -21.618391024915773 ], [ -50.480008396531581, -21.618391483769969 ], [ -50.47990302711257, -21.618430251761342 ], [ -50.479797885519389, -21.618467944028151 ] ] ], [ [ [ -50.47801053762727, -21.618846802315609 ], [ -50.477908781778297, -21.618884711354532 ], [ -50.477906993976461, -21.618885389515309 ], [ -50.477806885586695, -21.618924045227246 ], [ -50.47770578172301, -21.618961711369433 ], [ -50.477603781695727, -21.618999711376826 ], [ -50.477601490897605, -21.619000584734479 ], [ -50.477579639256795, -21.619009106873843 ], [ -50.477624591428551, -21.618993241400233 ], [ -50.477628022921976, -21.61899198639637 ], [ -50.477729315147577, -21.618953633027122 ], [ -50.477829591376867, -21.618918241414118 ], [ -50.477832706062742, -21.618917105985538 ], [ -50.47793370614243, -21.618879105952665 ], [ -50.477934510543747, -21.618878800849814 ], [ -50.478036108774127, -21.618839954464629 ], [ -50.478136706086715, -21.618802105967742 ], [ -50.47813878874581, -21.618801305865411 ], [ -50.478239508152434, -21.618761808055861 ], [ -50.478340218118596, -21.618724288653446 ], [ -50.478344052686083, -21.618722804011743 ], [ -50.47837858401445, -21.618708923770615 ], [ -50.478317088362644, -21.618731231015325 ], [ -50.47831448935807, -21.618732199180013 ], [ -50.478213134419732, -21.618770952535904 ], [ -50.478111781832844, -21.618808711339774 ], [ -50.478111293811949, -21.618808894050918 ], [ -50.47801053762727, -21.618846802315609 ] ] ], [ [ [ -50.479217379730436, -21.61776886125477 ], [ -50.479115782565408, -21.617806711176076 ], [ -50.479113211801447, -21.617807694022581 ], [ -50.479011211880184, -21.617847693988107 ], [ -50.478909211850372, -21.617887693996195 ], [ -50.478908709442322, -21.617887891993568 ], [ -50.478807709519877, -21.617927891959134 ], [ -50.478805698074787, -21.617928704337647 ], [ -50.478704950135835, -21.617970188779164 ], [ -50.478604211759318, -21.618009694020781 ], [ -50.478602681383599, -21.618010303240375 ], [ -50.478503814487269, -21.618050249457134 ], [ -50.478401947707262, -21.618091195903819 ], [ -50.478299947676135, -21.618132195912281 ], [ -50.478298921793559, -21.618132612393978 ], [ -50.478199813123823, -21.618173246944618 ], [ -50.478099960215125, -21.618212792647075 ], [ -50.477998211577955, -21.618252694069714 ], [ -50.477997199130407, -21.61825309507233 ], [ -50.477937928084401, -21.618276803488556 ], [ -50.478026542982377, -21.618244902122793 ], [ -50.478030508323108, -21.618243415449488 ], [ -50.478129366749492, -21.618204860660271 ], [ -50.478230048565294, -21.61816735174537 ], [ -50.478329879344898, -21.618130414354255 ], [ -50.478330705480914, -21.618130106110307 ], [ -50.478431049628611, -21.618092352863993 ], [ -50.478531391390874, -21.618055593997852 ], [ -50.478532705426694, -21.618055106125038 ], [ -50.478633705506368, -21.618017106092164 ], [ -50.478634509900196, -21.618016800992159 ], [ -50.478734560788325, -21.617978546238515 ], [ -50.478834590692415, -21.617943241563729 ], [ -50.478837705345015, -21.617942106147282 ], [ -50.478938705424689, -21.617904106114409 ], [ -50.478940508070878, -21.617903415518715 ], [ -50.479038066053199, -21.617865367903242 ], [ -50.479137590614492, -21.617830241584556 ], [ -50.479141509762734, -21.617828801029752 ], [ -50.479243107996517, -21.617789954643243 ], [ -50.479343461474912, -21.617752197886063 ], [ -50.479445217380949, -21.617714288820164 ], [ -50.479447507929891, -21.617713415557361 ], [ -50.479546366362939, -21.617674860765547 ], [ -50.479647217325635, -21.61763728883507 ], [ -50.47965001874487, -21.617636215327508 ], [ -50.479749018821103, -21.617597215293891 ], [ -50.47973900796331, -21.617574995586107 ], [ -50.479730089187129, -21.617578230828229 ], [ -50.479729608852708, -21.617578405929184 ], [ -50.479628672423843, -21.617615382638284 ], [ -50.479524736020807, -21.617653359398375 ], [ -50.479523294660417, -21.617653893855231 ], [ -50.479422538472726, -21.61769180212108 ], [ -50.479320782620682, -21.61772971116114 ], [ -50.479319977802078, -21.61773001344411 ], [ -50.479217379730436, -21.61776886125477 ] ] ], [ [ [ -50.476495669162702, -21.617960491894568 ], [ -50.476496831377226, -21.617960058621019 ], [ -50.476610614889708, -21.617917140275395 ], [ -50.476725398141994, -21.617874221316935 ], [ -50.476726543296053, -21.617873788157965 ], [ -50.476841407058686, -21.617829840280056 ], [ -50.476954270714153, -21.617786892159891 ], [ -50.476954543232367, -21.617786788175263 ], [ -50.47706897154962, -21.617743006902749 ], [ -50.477183398016706, -21.617700221350756 ], [ -50.477298397985756, -21.61765722135917 ], [ -50.477413397954827, -21.617614221367546 ], [ -50.477415677235079, -21.617613349359633 ], [ -50.477530111129532, -21.617568570875473 ], [ -50.477643971392176, -21.61752500694536 ], [ -50.477758397859766, -21.617482221393153 ], [ -50.477873397828809, -21.617439221401558 ], [ -50.477874542977609, -21.617438788244591 ], [ -50.477988548708282, -21.61739516865758 ], [ -50.478104548882868, -21.617352536111412 ], [ -50.478106542913942, -21.617351788261953 ], [ -50.478219816749515, -21.617308448704723 ], [ -50.478333074048592, -21.617268070012344 ], [ -50.478335397583095, -21.617267221480756 ], [ -50.478450397674081, -21.617224221443543 ], [ -50.478451542820288, -21.617223788287568 ], [ -50.478565971140746, -21.617180007013811 ], [ -50.478680397611448, -21.617137221460478 ], [ -50.478682426932593, -21.617136447021917 ], [ -50.478794415175344, -21.617092840977126 ], [ -50.478908397548786, -21.61705022147736 ], [ -50.47890883071797, -21.617050058799784 ], [ -50.479022830807779, -21.617007058762585 ], [ -50.4790234658158, -21.617006817709964 ], [ -50.479112004139175, -21.616972994078232 ], [ -50.479135541203647, -21.616964167678354 ], [ -50.479119830238801, -21.616927534698821 ], [ -50.479068962578857, -21.616946275414474 ], [ -50.478952760868935, -21.616987988846027 ], [ -50.4788379261459, -21.617028929918714 ], [ -50.478835317465148, -21.617029885375047 ], [ -50.478719617147, -21.617073396603118 ], [ -50.478605926086871, -21.617113929934618 ], [ -50.478603317403767, -21.617114885391807 ], [ -50.478486317496078, -21.617158885353742 ], [ -50.47848616898667, -21.617158941286931 ], [ -50.478372243194876, -21.617201913292842 ], [ -50.478255459765961, -21.617245831843992 ], [ -50.478140602306247, -21.617288778543081 ], [ -50.478139194199187, -21.617289312572652 ], [ -50.478022896818324, -21.617334042331127 ], [ -50.477908602242884, -21.61737677856021 ], [ -50.477906322720905, -21.617377650660465 ], [ -50.477791541925889, -21.617422564880687 ], [ -50.477675761413231, -21.61746747973076 ], [ -50.477675322653873, -21.61746765067868 ], [ -50.477560322742761, -21.617512650639881 ], [ -50.477558088053492, -21.61751354445018 ], [ -50.477444419331285, -21.617560000358488 ], [ -50.477329761311822, -21.617604479758135 ], [ -50.47732708798285, -21.617605544469534 ], [ -50.477212642891757, -21.61765231767604 ], [ -50.477098199684228, -21.617698094954363 ], [ -50.477096171801641, -21.617698922208163 ], [ -50.476984182541159, -21.617745501807367 ], [ -50.476870199613828, -21.617791094973413 ], [ -50.476869087839923, -21.617791544508531 ], [ -50.476754087926643, -21.617838544468167 ], [ -50.476753171692735, -21.617838922238015 ], [ -50.476640629119231, -21.617885731975999 ], [ -50.476526642678152, -21.617932317734045 ], [ -50.47641219947225, -21.617978095011711 ], [ -50.476410632677087, -21.617978731327298 ], [ -50.476297972030537, -21.61802517913334 ], [ -50.47618432232764, -21.618069650751618 ], [ -50.47618229336215, -21.618070460649577 ], [ -50.476069293447559, -21.618116460610068 ], [ -50.476069087590204, -21.618116544576679 ], [ -50.47595475590532, -21.618163271434643 ], [ -50.475842426945654, -21.618208004201609 ], [ -50.475841133929265, -21.618208525871903 ], [ -50.475928627150893, -21.618174756555586 ], [ -50.476041270965709, -21.618131892091494 ], [ -50.476042427670052, -21.618131446819987 ], [ -50.476154415902407, -21.618087840779268 ], [ -50.47626839826507, -21.618045221283531 ], [ -50.476268831438766, -21.618045058604274 ], [ -50.476382251237816, -21.618002277448991 ], [ -50.476495669162702, -21.617960491894568 ] ] ], [ [ [ -50.479063074046991, -21.617258070027315 ], [ -50.479063404275294, -21.617257951888945 ], [ -50.479180404369664, -21.617215951852508 ], [ -50.479181668516986, -21.617215492095195 ], [ -50.479295668607833, -21.617173492058804 ], [ -50.479289858432161, -21.617159702709102 ], [ -50.479285206503128, -21.617161496113201 ], [ -50.479182815948036, -21.617203247597615 ], [ -50.47907042766289, -21.617248003989779 ], [ -50.479067704874161, -21.617249117314763 ], [ -50.478957060510673, -21.617295548426892 ], [ -50.47894944251393, -21.61729858214208 ], [ -50.479063074046991, -21.617258070027315 ] ] ], [ [ [ -50.478343602778835, -21.616648778446187 ], [ -50.478342730031564, -21.616649107662099 ], [ -50.478229730120198, -21.616692107624949 ], [ -50.478228872426897, -21.616692434003784 ], [ -50.478282759207772, -21.616672458730179 ], [ -50.478399548356251, -21.616629536219602 ], [ -50.478401109269662, -21.616628953369712 ], [ -50.478515761598487, -21.616585464552532 ], [ -50.478631403882424, -21.616543951934617 ], [ -50.478632548171262, -21.616543536281661 ], [ -50.478749548264616, -21.616500536244409 ], [ -50.47880092207474, -21.616481655270171 ], [ -50.47879833186235, -21.616475507849248 ], [ -50.47877933187749, -21.61648250784318 ], [ -50.478776870780528, -21.616483437465092 ], [ -50.478684299959347, -21.61651927132845 ], [ -50.478571730215023, -21.616562107599229 ], [ -50.478571018404125, -21.616562380397291 ], [ -50.478457808810049, -21.616606075325009 ], [ -50.478343602778835, -21.616648778446187 ] ] ], [ [ [ -50.477430282323674, -21.615534654912803 ], [ -50.477313044005875, -21.615578988726174 ], [ -50.477310419192278, -21.61558000765174 ], [ -50.477305974261796, -21.615581778090014 ], [ -50.477385930534275, -21.615552761698403 ], [ -50.477387129706173, -21.615552321129019 ], [ -50.477507927350956, -21.615507396381933 ], [ -50.477629724770381, -21.615462471101075 ], [ -50.477632301913196, -21.615461495380657 ], [ -50.477752018000196, -21.615414994087249 ], [ -50.477872579098573, -21.615370524826002 ], [ -50.477932433422737, -21.615348578238972 ], [ -50.477938919087364, -21.615346039564017 ], [ -50.477998919132069, -21.615321039542582 ], [ -50.477992402545553, -21.615307364084597 ], [ -50.477894089883279, -21.615347544037547 ], [ -50.477893443379728, -21.615347809906815 ], [ -50.477778758117864, -21.61539526587271 ], [ -50.477663083450942, -21.615440744796814 ], [ -50.477661981894933, -21.615441182586935 ], [ -50.477544981984046, -21.615488182546514 ], [ -50.477544538689571, -21.615488361389108 ], [ -50.477430282323674, -21.615534654912803 ] ] ], [ [ [ -50.477863989557427, -21.615060748526243 ], [ -50.477872675404235, -21.615057349716306 ], [ -50.477872592314235, -21.615057164044519 ], [ -50.477863989557427, -21.615060748526243 ] ] ], [ [ [ -50.473854368102764, -21.623918470779625 ], [ -50.473962368186555, -21.623876470743394 ], [ -50.474008932104319, -21.623858362551577 ], [ -50.473973590914504, -21.623871049131694 ], [ -50.473970885121915, -21.623872047852085 ], [ -50.473855240903845, -21.623915912897026 ], [ -50.473853517057265, -21.623916557465709 ], [ -50.473854368102764, -21.623918470779625 ] ] ], [ [ [ -50.468325096612212, -21.625453706203952 ], [ -50.468439079798976, -21.625413068717169 ], [ -50.468442548909223, -21.625411786870366 ], [ -50.468557193278798, -21.625367922934277 ], [ -50.468670620333285, -21.625325139041998 ], [ -50.468785255705342, -21.625282275377984 ], [ -50.468898107805394, -21.625240330346593 ], [ -50.468898403416418, -21.625240220143759 ], [ -50.469013403507482, -21.625197220106561 ], [ -50.469014987846485, -21.625196618175828 ], [ -50.469128987935314, -21.625152618137861 ], [ -50.469130578283703, -21.62515199458899 ], [ -50.469242431064941, -21.625107451442346 ], [ -50.469354056504407, -21.625064974501431 ], [ -50.469467836708851, -21.62502205740341 ], [ -50.46946827596431, -21.625021890986655 ], [ -50.469581276053013, -21.62497889094951 ], [ -50.469583578152616, -21.624977994625102 ], [ -50.469696006493457, -21.624933222272986 ], [ -50.469808077517641, -21.624889583994204 ], [ -50.469919721493298, -21.624846720678459 ], [ -50.469921578053103, -21.624845994652375 ], [ -50.470033212740084, -21.62480153835752 ], [ -50.470145836518135, -21.624759057454916 ], [ -50.470147432678857, -21.624758445689853 ], [ -50.470260077388794, -21.624714584029245 ], [ -50.470371721364764, -21.624671720713373 ], [ -50.470373577921222, -21.6246709946886 ], [ -50.470486006263847, -21.624626222335781 ], [ -50.470598077290639, -21.624582584055979 ], [ -50.470709279309524, -21.624539890420266 ], [ -50.470822836328189, -21.62449705750625 ], [ -50.470824172931259, -21.624496546548986 ], [ -50.470933927791137, -21.624454028897507 ], [ -50.471046673849472, -21.624412490872604 ], [ -50.471050341367132, -21.624411088650582 ], [ -50.471160093326645, -21.624367583365832 ], [ -50.471272318786788, -21.624325252706271 ], [ -50.471382799965312, -21.624284444339963 ], [ -50.47138498717355, -21.624283618359168 ], [ -50.471497896909995, -21.624240039159481 ], [ -50.471607799904653, -21.624199444356364 ], [ -50.471609987110938, -21.624198618376298 ], [ -50.471723490396144, -21.624154810087337 ], [ -50.471833992266653, -21.624112998565302 ], [ -50.471834720835339, -21.624112720870887 ], [ -50.471945329378663, -21.624070255088 ], [ -50.472056927070874, -21.62402976388675 ], [ -50.472060883464096, -21.624028269316426 ], [ -50.472171718841167, -21.623984726843453 ], [ -50.47228254637858, -21.623943166513321 ], [ -50.472284172522031, -21.62394254666097 ], [ -50.472395172608323, -21.623899546623861 ], [ -50.472395630698188, -21.623899368359524 ], [ -50.472504591600668, -21.623856774548887 ], [ -50.472615546286178, -21.623815166538272 ], [ -50.472616720616578, -21.623814720930515 ], [ -50.472728356680911, -21.62377186065245 ], [ -50.472838991988446, -21.623729998640794 ], [ -50.472840630571767, -21.623729368394134 ], [ -50.472949591475519, -21.623686774583 ], [ -50.473060173164868, -21.623645306446111 ], [ -50.473170799479973, -21.62360444447086 ], [ -50.473172443924881, -21.623603826851106 ], [ -50.473281995567127, -21.623561998039083 ], [ -50.473393546073289, -21.623520166595949 ], [ -50.473395630415666, -21.62351936843697 ], [ -50.473503410199072, -21.62347723633707 ], [ -50.473613162172292, -21.623438039200504 ], [ -50.473616443802811, -21.623436826884426 ], [ -50.473726443888992, -21.623394826848148 ], [ -50.473835845449109, -21.623353055340274 ], [ -50.473945245104524, -21.623312279101853 ], [ -50.47394763026103, -21.623311368479442 ], [ -50.474057038031233, -21.623268599983941 ], [ -50.474166443766151, -21.62322682688151 ], [ -50.474167367577607, -21.623226470891833 ], [ -50.47427453443278, -21.62318479488934 ], [ -50.47438269730155, -21.623144109770124 ], [ -50.474386752160285, -21.62314252154674 ], [ -50.474493564118973, -21.623099005559592 ], [ -50.474599762865431, -21.623057706043255 ], [ -50.47470715614012, -21.623016936370686 ], [ -50.4747079021435, -21.62301665104501 ], [ -50.474816762005304, -21.622974705039756 ], [ -50.474923389012837, -21.622933847958816 ], [ -50.475029929904572, -21.62289340187678 ], [ -50.475136695503764, -21.622854847629711 ], [ -50.475139621581278, -21.622853758837309 ], [ -50.475245164444004, -21.622813317176938 ], [ -50.475351695447635, -21.622774847644827 ], [ -50.475354621522676, -21.622773758853352 ], [ -50.475459545898978, -21.622733554183377 ], [ -50.475565446472885, -21.622696292867435 ], [ -50.475568390831334, -21.622695224659257 ], [ -50.475674369828425, -21.622655606340125 ], [ -50.475779343122909, -21.622617974401656 ], [ -50.475781390775239, -21.622617224674588 ], [ -50.475887145273468, -21.622577690280341 ], [ -50.475992891319294, -21.622540135607185 ], [ -50.475995072201634, -21.622539343378858 ], [ -50.476100072285014, -21.622500343345102 ], [ -50.476100856587912, -21.622500049709686 ], [ -50.476205604106724, -21.622460522341594 ], [ -50.476310342986913, -21.622422974438351 ], [ -50.476416342960427, -21.622384974445563 ], [ -50.476420573349316, -21.622383390634415 ], [ -50.476523697444591, -21.622343123127788 ], [ -50.476625079161032, -21.622306432599434 ], [ -50.476730341384126, -21.622271017269888 ], [ -50.476735072008367, -21.622269343431586 ], [ -50.476839437859425, -21.622230578970093 ], [ -50.476943160702078, -21.622193041177052 ], [ -50.477047517798646, -21.622156267721675 ], [ -50.477048801374906, -21.622155809311938 ], [ -50.477153160650367, -21.622118041191062 ], [ -50.477257517747042, -21.622081267735663 ], [ -50.477258801322265, -21.622080809326281 ], [ -50.47736316059823, -21.622043041205242 ], [ -50.477467517695466, -21.622006267749633 ], [ -50.477468801269652, -21.622005809340617 ], [ -50.477573801354055, -21.621967809307645 ], [ -50.477576025146604, -21.621966985954764 ], [ -50.477677916628181, -21.621928405682493 ], [ -50.477781621279426, -21.621890874472616 ], [ -50.477884391833506, -21.621853956892618 ], [ -50.477990342563757, -21.621815974553044 ], [ -50.477991739905377, -21.621815466337818 ], [ -50.478094739987434, -21.621777466304891 ], [ -50.478096328953448, -21.621776870555635 ], [ -50.478200536206813, -21.621737172551523 ], [ -50.478302739931806, -21.621699466319921 ], [ -50.478304024952003, -21.621698986007964 ], [ -50.478406148054681, -21.621660318034369 ], [ -50.478509266877836, -21.621622639999973 ], [ -50.47851229617379, -21.621621498506098 ], [ -50.478614022613819, -21.621581993089588 ], [ -50.47871573982129, -21.621544466349722 ], [ -50.478716544533555, -21.621544167026805 ], [ -50.478820544615736, -21.621505166993057 ], [ -50.478822296087181, -21.621504498529752 ], [ -50.47892402252883, -21.621464993112632 ], [ -50.479025739737885, -21.621427466372172 ], [ -50.479027808722627, -21.621426686880227 ], [ -50.479131417203178, -21.621386837461472 ], [ -50.47923378476068, -21.621348076926889 ], [ -50.479337544474269, -21.621309167031281 ], [ -50.479339572551275, -21.621308390854416 ], [ -50.479443161762369, -21.621267941730903 ], [ -50.479544739597358, -21.621230466409951 ], [ -50.479547295883641, -21.621229498585301 ], [ -50.47965029596358, -21.621189498550777 ], [ -50.479721238965944, -21.621161947868348 ], [ -50.479695455572035, -21.621101832952128 ], [ -50.479575455666861, -21.621146832913176 ], [ -50.479573272803037, -21.621147669620672 ], [ -50.479454360787216, -21.621194243489917 ], [ -50.47933545560042, -21.621238832931081 ], [ -50.479333272734522, -21.621239669639383 ], [ -50.479213815032153, -21.621286457235541 ], [ -50.479094906373739, -21.621332038884173 ], [ -50.478975455500787, -21.621376832957917 ], [ -50.478973272631727, -21.621377669667428 ], [ -50.478854360618712, -21.621424243535536 ], [ -50.478735455434368, -21.62146883297579 ], [ -50.478734358814776, -21.621469248770268 ], [ -50.478614906240772, -21.621515038920144 ], [ -50.478495455368694, -21.621559832993533 ], [ -50.478492846306075, -21.621560837329952 ], [ -50.478374939403551, -21.621607405598589 ], [ -50.478257039461035, -21.621651989606473 ], [ -50.478138039428366, -21.621696989615327 ], [ -50.478135414441184, -21.621698008608259 ], [ -50.478018928130972, -21.621744405694223 ], [ -50.477900455203333, -21.621788833038032 ], [ -50.47789961784224, -21.621789149706377 ], [ -50.47778182844295, -21.621834069389031 ], [ -50.477663949120597, -21.621878645600233 ], [ -50.477546863637322, -21.621921312340916 ], [ -50.477544617745103, -21.621922149732846 ], [ -50.477426617837573, -21.621967149693965 ], [ -50.47742619066652, -21.621967313293911 ], [ -50.47731072561028, -21.622011722927933 ], [ -50.477193273758637, -21.622054163509606 ], [ -50.47719061764797, -21.622055149759298 ], [ -50.477072752031411, -21.622100098507836 ], [ -50.476956962725829, -21.622144018585772 ], [ -50.476838741905077, -21.622188723934983 ], [ -50.476722447586482, -21.622231464578729 ], [ -50.476719757671056, -21.622232480526165 ], [ -50.476605097499565, -21.622276960761909 ], [ -50.476489447523875, -21.622319464595616 ], [ -50.476486757606004, -21.622320480543966 ], [ -50.476370973899911, -21.622365396633068 ], [ -50.476254190465298, -21.622410313334846 ], [ -50.476137190432212, -21.622455313343831 ], [ -50.476136757506119, -21.622455480571116 ], [ -50.476020973801667, -21.622500396659586 ], [ -50.475904190366023, -21.622545313361766 ], [ -50.47578719033293, -21.622590313370758 ], [ -50.4757840840592, -21.622591545318141 ], [ -50.475670629971582, -21.62263791350636 ], [ -50.47555519026524, -21.622682313388978 ], [ -50.475554757338067, -21.622682480616682 ], [ -50.475439186761328, -21.622727314026438 ], [ -50.47532161724935, -21.622772149853464 ], [ -50.475321190074659, -21.622772313454803 ], [ -50.475204190165961, -21.622817313415954 ], [ -50.475087403465977, -21.622862231373844 ], [ -50.474970736482049, -21.622906723017113 ], [ -50.47485386291072, -21.622949312535571 ], [ -50.474852038392065, -21.622949989909422 ], [ -50.474733798081509, -21.62299470262878 ], [ -50.474614711794253, -21.623038367597548 ], [ -50.474497269771796, -21.623081164264072 ], [ -50.474377677713832, -21.623124018082088 ], [ -50.474376150422756, -21.623124574060029 ], [ -50.474257710828638, -21.623168366848333 ], [ -50.474139272946147, -21.623211163727301 ], [ -50.474138965676694, -21.623211275109401 ], [ -50.474018321295681, -21.623255145790747 ], [ -50.473899610653156, -21.623297683768705 ], [ -50.473781548355191, -21.6233383606925 ], [ -50.473778965586568, -21.623339275134061 ], [ -50.47365811912961, -21.623383219297462 ], [ -50.473539272795435, -21.623426163768407 ], [ -50.473538560584309, -21.62342642301541 ], [ -50.473419317122271, -21.623470145615585 ], [ -50.473299076738151, -21.623512875666624 ], [ -50.473298272608531, -21.623513163830506 ], [ -50.473179674213277, -21.623556018710325 ], [ -50.473059076678602, -21.623598875682816 ], [ -50.473055357252647, -21.623600249196809 ], [ -50.472936605451267, -21.623645770717545 ], [ -50.472820269346386, -21.623688164379722 ], [ -50.472700677290845, -21.623731018196857 ], [ -50.47269845367439, -21.623731833466735 ], [ -50.472578453769252, -21.623776833427794 ], [ -50.472459562051903, -21.62382141781902 ], [ -50.472340677198105, -21.623864018221909 ], [ -50.472338453578494, -21.62386483349291 ], [ -50.472218453673364, -21.623909833453986 ], [ -50.472217616293499, -21.62391015012944 ], [ -50.472100034455394, -21.623954990657538 ], [ -50.471980453608417, -21.623999833471604 ], [ -50.471860453575943, -21.624044833480454 ], [ -50.471858270645804, -21.624045670213381 ], [ -50.471739151903741, -21.62409232505027 ], [ -50.471621245398381, -21.624136911540145 ], [ -50.471501453477075, -21.624181833507183 ], [ -50.471498844342847, -21.62418283787115 ], [ -50.471381347540813, -21.624229244167601 ], [ -50.471261863809097, -21.624273680262252 ], [ -50.47126103743156, -21.624273990172345 ], [ -50.471142245267735, -21.624318911575482 ], [ -50.471022860539435, -21.624363680845374 ], [ -50.470901268752968, -21.624408530271506 ], [ -50.470898270374789, -21.6244096702878 ], [ -50.470779358396506, -21.624456244142358 ], [ -50.470660860442578, -21.624500680871449 ], [ -50.470539268655308, -21.624545530297883 ], [ -50.470537356559255, -21.624546249386469 ], [ -50.470417904002467, -21.624592039529773 ], [ -50.470298453148786, -21.62463683359632 ], [ -50.470296690930539, -21.624637506231448 ], [ -50.470176230731063, -21.624684296553117 ], [ -50.470055772211765, -21.624730090697067 ], [ -50.470054270135797, -21.624730670353404 ], [ -50.469934270228556, -21.624777670312898 ], [ -50.469933843897238, -21.624777837993822 ], [ -50.4698148439888, -21.624824837953341 ], [ -50.469814619678679, -21.624824926741063 ], [ -50.469693619771554, -21.624872926699734 ], [ -50.46969319404031, -21.624873096288081 ], [ -50.469573194132003, -21.624921096246801 ], [ -50.46957169259516, -21.624921705673735 ], [ -50.46945365329929, -21.624970310084979 ], [ -50.46933361966245, -21.625017926729377 ], [ -50.469332762845248, -21.625018269476339 ], [ -50.469213762935738, -21.625066269435077 ], [ -50.46921312825522, -21.62506652701693 ], [ -50.469093445250273, -21.625115397572365 ], [ -50.468974762861883, -21.625163269455218 ], [ -50.468973072939001, -21.625163962317785 ], [ -50.46885359971774, -21.62521374282138 ], [ -50.468734227086593, -21.625262486640498 ], [ -50.468616326086533, -21.625310446364391 ], [ -50.468615072824512, -21.625310962349268 ], [ -50.468496129827294, -21.625360521926467 ], [ -50.468377193763303, -21.625408096346959 ], [ -50.468376762548232, -21.62540826955723 ], [ -50.468257762638736, -21.625456269515972 ], [ -50.468254583332858, -21.625457591799602 ], [ -50.468137164989734, -21.625507913941341 ], [ -50.468019977902571, -21.625555182677004 ], [ -50.467900193615648, -21.625603096387067 ], [ -50.467899127842756, -21.625603527129687 ], [ -50.467779226785808, -21.62565248672292 ], [ -50.467716008822343, -21.62567820250214 ], [ -50.46775282648121, -21.625664435898337 ], [ -50.467867247371792, -21.625622647396181 ], [ -50.467981664480355, -21.625580860275811 ], [ -50.468096079887189, -21.625540068693361 ], [ -50.468099549002133, -21.6255387868448 ], [ -50.468213829940673, -21.62549506196078 ], [ -50.468325096612212, -21.625453706203952 ] ] ], [ [ [ -50.474130034327658, -21.623524724909789 ], [ -50.474250880851301, -21.623480780716594 ], [ -50.474369727250505, -21.623437836216645 ], [ -50.474370849585235, -21.623437425958599 ], [ -50.474489087609413, -21.623393707694849 ], [ -50.474608322483341, -21.623350981862092 ], [ -50.474609137284062, -21.623350687420196 ], [ -50.474727137378622, -21.62330768738293 ], [ -50.474727439115647, -21.6233075770871 ], [ -50.474847439211537, -21.623263577048967 ], [ -50.47484896161874, -21.623263010109291 ], [ -50.474967051751513, -21.623218354173705 ], [ -50.475084137285428, -21.623175687408143 ], [ -50.475086382954458, -21.623174850099325 ], [ -50.475204383046936, -21.623129850060433 ], [ -50.475204809972929, -21.623129686554318 ], [ -50.47532181006423, -21.623084686515469 ], [ -50.475438596572644, -21.623039768623979 ], [ -50.475556382948277, -21.622994850087188 ], [ -50.475557242678299, -21.6229945194011 ], [ -50.475673026439885, -21.622949603282922 ], [ -50.475789809931875, -21.622904686551401 ], [ -50.475792915964639, -21.622903454699344 ], [ -50.475906370101725, -21.622857086482682 ], [ -50.476021809864172, -21.622812686569628 ], [ -50.476138809831085, -21.622767686578619 ], [ -50.476139242510271, -21.622767519446654 ], [ -50.476255026270998, -21.622722603328821 ], [ -50.476371809764892, -21.622677686596571 ], [ -50.476488809731805, -21.622632686605535 ], [ -50.476489242410373, -21.622632519473822 ], [ -50.476603902636796, -21.622588039210385 ], [ -50.476719552671746, -21.62254553534785 ], [ -50.476722242345325, -21.622544519491612 ], [ -50.476836902573069, -21.622500039227624 ], [ -50.476952552609148, -21.622457535364703 ], [ -50.476953961033374, -21.62245701026762 ], [ -50.477072961127028, -21.622412010228697 ], [ -50.477073113589455, -21.622411952486505 ], [ -50.477189113680609, -21.622367952448471 ], [ -50.477189382364699, -21.622367850259103 ], [ -50.477306059274667, -21.622323354824378 ], [ -50.477423726438019, -21.622280836434328 ], [ -50.477426809347996, -21.622279686724191 ], [ -50.477543595984649, -21.622234768783386 ], [ -50.47766026291383, -21.622190277154687 ], [ -50.477777136558821, -21.622147687602773 ], [ -50.47777896080833, -21.622147010328757 ], [ -50.477897960901984, -21.622102010289836 ], [ -50.47789838217043, -21.622101850312024 ], [ -50.478015964076135, -21.622057009751348 ], [ -50.478029349054431, -21.622051990384097 ], [ -50.477979447105973, -21.622069743960953 ], [ -50.477876871152745, -21.622105595748373 ], [ -50.477876482137255, -21.622105732272193 ], [ -50.477772781010074, -21.62214227457266 ], [ -50.47766908846372, -21.622176838752917 ], [ -50.477665558503155, -21.622178060895671 ], [ -50.477564315501986, -21.622214429739227 ], [ -50.477461748451233, -21.622248618754362 ], [ -50.477357410679851, -21.622282404317133 ], [ -50.477353482014962, -21.622283732305821 ], [ -50.477249780890247, -21.622320274605421 ], [ -50.477146088346572, -21.622354838784783 ], [ -50.477143481965513, -21.622355732319406 ], [ -50.477038482050915, -21.62239273228726 ], [ -50.476934567213526, -21.622429349895032 ], [ -50.47682865850345, -21.62246498273015 ], [ -50.476826481889901, -21.62246573234005 ], [ -50.476721481975311, -21.622502732307929 ], [ -50.476616481949868, -21.622539732314838 ], [ -50.476615198144408, -21.622540190806397 ], [ -50.476510427378109, -21.622578107843299 ], [ -50.476404656891269, -21.622616025562635 ], [ -50.476298656864806, -21.622654025569826 ], [ -50.476296454454065, -21.622654833238961 ], [ -50.476192531733332, -21.622693804256368 ], [ -50.476085609039693, -21.622733775353797 ], [ -50.476084670135009, -21.622734129684542 ], [ -50.475979670217363, -21.622774129649972 ], [ -50.475875138908272, -21.62281395109806 ], [ -50.475768608953274, -21.622853775377173 ], [ -50.475766426085919, -21.62285460951194 ], [ -50.475662046976339, -21.62289536706567 ], [ -50.475557670099789, -21.622935129681871 ], [ -50.475556160383263, -21.622935713527312 ], [ -50.475449160465857, -21.622977713491089 ], [ -50.475447702362104, -21.62297829406771 ], [ -50.475345034975831, -21.623019755893203 ], [ -50.475239378164829, -21.623060241209416 ], [ -50.475234774998455, -21.623062087023673 ], [ -50.475131458901167, -21.623105381384072 ], [ -50.47502653248177, -21.623146567450938 ], [ -50.47492090551755, -21.623187423159891 ], [ -50.474918955394251, -21.62318819211108 ], [ -50.474812556736538, -21.623230950446221 ], [ -50.474706160245567, -21.62327271355079 ], [ -50.474705681203105, -21.623272902472465 ], [ -50.474599792997317, -21.623314858172773 ], [ -50.474490904877165, -21.623357814032698 ], [ -50.474490681139208, -21.623357902489854 ], [ -50.474385986851786, -21.623399385128749 ], [ -50.474278302498213, -21.623439890248932 ], [ -50.474276632045459, -21.623440529201453 ], [ -50.474168864555267, -21.623482438777426 ], [ -50.474060097379684, -21.623524349061647 ], [ -50.474058433270997, -21.623525000924491 ], [ -50.473951031592314, -21.623567762700187 ], [ -50.473843632035063, -21.623609529190787 ], [ -50.473735632003915, -21.623651529199261 ], [ -50.473740854065738, -21.623663269398318 ], [ -50.473769727401226, -21.623652836175548 ], [ -50.473770034417775, -21.623652724885126 ], [ -50.473889747496294, -21.623609192854357 ], [ -50.474007451839768, -21.62356863925449 ], [ -50.474009322507698, -21.62356798186654 ], [ -50.474129322604625, -21.623524981829235 ], [ -50.474130034327658, -21.623524724909789 ] ] ], [ [ [ -50.477196546384285, -21.621804787529225 ], [ -50.477197241785923, -21.621804519613757 ], [ -50.477312111343828, -21.621759958144011 ], [ -50.477426973619721, -21.621717379883034 ], [ -50.477429241720863, -21.621716519631523 ], [ -50.477545241810944, -21.621671519592681 ], [ -50.477545680343766, -21.621671348732999 ], [ -50.477660245196347, -21.621626519004284 ], [ -50.477729291801801, -21.621599962615349 ], [ -50.477670559012736, -21.621621060779816 ], [ -50.477670198801121, -21.621621190658917 ], [ -50.477565198885515, -21.621659190625959 ], [ -50.47756297487696, -21.62166001405868 ], [ -50.47746108344645, -21.621698594306512 ], [ -50.477357839528565, -21.621735958769484 ], [ -50.477253482488926, -21.62177273220022 ], [ -50.47725219869438, -21.621773190687858 ], [ -50.477147839475847, -21.621810958783861 ], [ -50.477043482437331, -21.621847732214182 ], [ -50.477042198641733, -21.621848190702199 ], [ -50.476937839423556, -21.621885958798078 ], [ -50.476833482385736, -21.621922732228164 ], [ -50.476832198589115, -21.621923190716561 ], [ -50.476727198673515, -21.621961190683589 ], [ -50.476725928011319, -21.621961656582556 ], [ -50.476623278759135, -21.621999783445894 ], [ -50.476518658799968, -21.622034982682074 ], [ -50.476515198509794, -21.622036190738186 ], [ -50.476494236041191, -21.622043777154911 ], [ -50.476505680640003, -21.622069348652097 ], [ -50.476619544627781, -21.622024793175186 ], [ -50.476733401186316, -21.621982220719193 ], [ -50.476735680574521, -21.621981348669976 ], [ -50.476849686160477, -21.62193673778501 ], [ -50.476965686042455, -21.621893113893986 ], [ -50.476966546326551, -21.621892787558494 ], [ -50.477081546416528, -21.621848787520463 ], [ -50.477196546384285, -21.621804787529225 ] ] ], [ [ [ -50.472385267001187, -21.621857639852323 ], [ -50.472386071669952, -21.621857343409701 ], [ -50.472490838880617, -21.621818429871634 ], [ -50.472596605795729, -21.621779515626539 ], [ -50.472598024965833, -21.621778985889911 ], [ -50.47270102504686, -21.621739985856202 ], [ -50.472702296215772, -21.621739498380297 ], [ -50.47280426129214, -21.621699900289428 ], [ -50.472904980160251, -21.6216623775708 ], [ -50.473007739835033, -21.621624466231768 ], [ -50.473012054904352, -21.621622803447003 ], [ -50.473112389659697, -21.621582472806772 ], [ -50.473211708089245, -21.621545105473356 ], [ -50.473221058307978, -21.621541587569002 ], [ -50.473217796192749, -21.621534081948518 ], [ -50.473117796271275, -21.621572081915698 ], [ -50.473116991977342, -21.621572390013153 ], [ -50.473016883612743, -21.621611045715412 ], [ -50.472915779775143, -21.621648711847907 ], [ -50.472913208906043, -21.621649694734611 ], [ -50.472812727890435, -21.621689099051547 ], [ -50.472711260105811, -21.621726533764999 ], [ -50.472709190893518, -21.621727313342575 ], [ -50.472606222464194, -21.621766916581784 ], [ -50.472504260050215, -21.621804533780043 ], [ -50.472500446196278, -21.621805996070755 ], [ -50.472399178481389, -21.621846306517281 ], [ -50.472295928214614, -21.621884656612906 ], [ -50.472292446136009, -21.621885996087315 ], [ -50.472192032602592, -21.62192596652023 ], [ -50.472088657393606, -21.621963025554138 ], [ -50.472086143635245, -21.621963950345918 ], [ -50.471980143718781, -21.622003950311342 ], [ -50.471979670716799, -21.622004129652023 ], [ -50.471875139514836, -21.622043951059343 ], [ -50.471768609555895, -21.622083775339927 ], [ -50.47176767065843, -21.622084129667943 ], [ -50.471766051099884, -21.622084746642599 ], [ -50.471855445989299, -21.622053292883432 ], [ -50.471858390325167, -21.622052224683454 ], [ -50.471965231168504, -21.622012284178403 ], [ -50.472069209218034, -21.621973663757544 ], [ -50.472174342605186, -21.621935974427469 ], [ -50.47217685613473, -21.621935049719756 ], [ -50.472282063313621, -21.62189534889481 ], [ -50.472385267001187, -21.621857639852323 ] ] ], [ [ [ -50.476002925041186, -21.618433930206255 ], [ -50.475887925134245, -21.61847493017067 ], [ -50.475773096449558, -21.618515869090714 ], [ -50.475660685160598, -21.6185556606953 ], [ -50.475546103279513, -21.618595515260402 ], [ -50.475545688510827, -21.618595660160178 ], [ -50.475431688603713, -21.618635660125435 ], [ -50.475429757562146, -21.618636351494136 ], [ -50.475315511225588, -21.618678076240741 ], [ -50.475203267928201, -21.618717808378836 ], [ -50.475202503752783, -21.618718081046421 ], [ -50.475088503844674, -21.618759081010861 ], [ -50.47508807663062, -21.618759235337478 ], [ -50.474975500275377, -21.618800081623224 ], [ -50.474860924880325, -21.618840930239777 ], [ -50.474858896772552, -21.618841668634822 ], [ -50.474745896862245, -21.618883668598475 ], [ -50.474745457262848, -21.61888383271836 ], [ -50.474634265134441, -21.618925529763764 ], [ -50.474522076604572, -21.618966235333588 ], [ -50.474520896683011, -21.61896666865918 ], [ -50.474407896772725, -21.619008668622833 ], [ -50.474407167639775, -21.619008941635268 ], [ -50.47429353180447, -21.619051804271784 ], [ -50.4741808967118, -21.619093668639348 ], [ -50.47417928272057, -21.619094278390769 ], [ -50.474068087849844, -21.61913696927547 ], [ -50.473955896650885, -21.619178668655806 ], [ -50.473954728168231, -21.619179108120871 ], [ -50.473841728256893, -21.619222108083722 ], [ -50.473841282626623, -21.619222278416398 ], [ -50.473729282714089, -21.619265278379274 ], [ -50.473728571265546, -21.619265553462068 ], [ -50.473616367562691, -21.619309243396021 ], [ -50.473503312158869, -21.619351887097402 ], [ -50.473391457013783, -21.619393832773632 ], [ -50.473390728011438, -21.619394108163458 ], [ -50.473277728100108, -21.61943710812632 ], [ -50.473164728068738, -21.619480108134844 ], [ -50.473163119801995, -21.619480730018925 ], [ -50.47305111988841, -21.619524729981006 ], [ -50.473050425827594, -21.619525004510379 ], [ -50.472938791119731, -21.619569460806378 ], [ -50.472826167323795, -21.619611941707991 ], [ -50.47282483055038, -21.619612452730294 ], [ -50.472713830636664, -21.619655452693198 ], [ -50.472712876409958, -21.619655825850192 ], [ -50.472599223367205, -21.619700688889431 ], [ -50.472486571030529, -21.619744553512128 ], [ -50.47248496879854, -21.619745187304346 ], [ -50.472373197099301, -21.619790095572068 ], [ -50.472260425714367, -21.619835004526301 ], [ -50.472147425680426, -21.619880004535542 ], [ -50.472034425646491, -21.619925004544804 ], [ -50.472033968661954, -21.619925187341646 ], [ -50.471922196963803, -21.619970095608924 ], [ -50.471809650707918, -21.620014914910108 ], [ -50.471695876228644, -21.620059825884553 ], [ -50.471695425424215, -21.620060004620523 ], [ -50.471582425510739, -21.620105004581795 ], [ -50.471469650605862, -21.62014991493799 ], [ -50.471357232775205, -21.620194290393904 ], [ -50.47124360017682, -21.620236779100878 ], [ -50.471240425290048, -21.620238004657246 ], [ -50.471128218651138, -21.620282688713118 ], [ -50.471015806081397, -21.620326076017093 ], [ -50.470901600081774, -21.620368779126508 ], [ -50.470900727299863, -21.620369108355476 ], [ -50.470788738989448, -21.620411723373355 ], [ -50.470674756397933, -21.62045335179489 ], [ -50.470673599898625, -21.620453779188789 ], [ -50.470559177198488, -21.620496563325965 ], [ -50.470445509924424, -21.620538076588634 ], [ -50.470333266642179, -21.620577808721386 ], [ -50.470332923551211, -21.620577930604941 ], [ -50.470217923644299, -21.620618930569378 ], [ -50.470216756158898, -21.620619351871376 ], [ -50.470101756250962, -21.62066135183499 ], [ -50.469987338931823, -21.620703139027327 ], [ -50.469872923557539, -21.620743930592937 ], [ -50.469871756070589, -21.620744351895507 ], [ -50.469756756162667, -21.620786351859113 ], [ -50.469755895378213, -21.620786669011327 ], [ -50.469644491700038, -21.620828075685946 ], [ -50.469531101729871, -21.620867515672863 ], [ -50.469529923349981, -21.620867930659639 ], [ -50.469414923443061, -21.62090893062409 ], [ -50.469413328636023, -21.620909508675624 ], [ -50.469299542202243, -21.620951429990576 ], [ -50.469185338727819, -21.620993139083009 ], [ -50.46907092335632, -21.621033930647627 ], [ -50.469068895200735, -21.621034669060084 ], [ -50.46895632505651, -21.621076509287903 ], [ -50.468842338640449, -21.62111813910677 ], [ -50.468727923269554, -21.621158930671143 ], [ -50.468725895111248, -21.621159669084605 ], [ -50.468613324967585, -21.621201509312229 ], [ -50.468498755839725, -21.6212433519473 ], [ -50.468498328398475, -21.621243508740555 ], [ -50.468466942622783, -21.621255071920285 ], [ -50.468484273158253, -21.621294891524052 ], [ -50.468596837388283, -21.621252057344822 ], [ -50.468711400549097, -21.621209220681386 ], [ -50.468712984819184, -21.62120861877683 ], [ -50.468826194432623, -21.621164923835014 ], [ -50.468940400486474, -21.621122220698368 ], [ -50.468942429892806, -21.62112144622731 ], [ -50.46905441809303, -21.621077840199128 ], [ -50.469168400423847, -21.621035220715324 ], [ -50.469170679786167, -21.621034348676019 ], [ -50.469284543787445, -21.620989793193861 ], [ -50.469397823028466, -21.62094743660472 ], [ -50.469512243948749, -21.620905648091714 ], [ -50.469513400208307, -21.620905220786359 ], [ -50.469628400299356, -21.620862220749185 ], [ -50.469743400268406, -21.620819220757625 ], [ -50.469744545458191, -21.620818787585144 ], [ -50.469858973757596, -21.620775006319477 ], [ -50.469973400205781, -21.620732220774606 ], [ -50.469974545394486, -21.620731787602548 ], [ -50.470088973693755, -21.620688006336938 ], [ -50.470203400143163, -21.620645220791605 ], [ -50.470318400112227, -21.620602220800016 ], [ -50.470433400081291, -21.620559220808428 ], [ -50.470434545267906, -21.620558787637169 ], [ -50.470548973568206, -21.620515006371171 ], [ -50.470663400018658, -21.62047222082542 ], [ -50.470665679367507, -21.620471348791281 ], [ -50.470779684970339, -21.620426737899724 ], [ -50.47089554240921, -21.620383167577167 ], [ -50.471010399923642, -21.620340220851169 ], [ -50.471125399892692, -21.620297220859584 ], [ -50.471240399861749, -21.620254220868016 ], [ -50.471243802154355, -21.620252904547296 ], [ -50.471357109358394, -21.620207581662111 ], [ -50.471469975779257, -21.620165379431491 ], [ -50.471586550858241, -21.620122535595954 ], [ -50.471587399644733, -21.620122220939347 ], [ -50.471702399735776, -21.620079220902156 ], [ -50.4717035449166, -21.620078787733085 ], [ -50.471817188548933, -21.620035306688251 ], [ -50.471931821905194, -21.619993801504297 ], [ -50.471933399551915, -21.61999322096462 ], [ -50.472047975625024, -21.619950379473469 ], [ -50.472164550705507, -21.61990753563736 ], [ -50.472165399490052, -21.619907220981489 ], [ -50.472280399581095, -21.619864220944294 ], [ -50.472280684370666, -21.61986411415096 ], [ -50.472397684463026, -21.619820114112919 ], [ -50.472397832731318, -21.619820058270545 ], [ -50.472511039670898, -21.619777357404484 ], [ -50.472625243121172, -21.619735648315178 ], [ -50.472625550459362, -21.619735535716011 ], [ -50.472742550552752, -21.619692535678794 ], [ -50.4727445446335, -21.619691787810702 ], [ -50.47285897293996, -21.619648006542331 ], [ -50.472971831813801, -21.619605807134679 ], [ -50.473087251013013, -21.619565361087666 ], [ -50.473091544539884, -21.61956378783642 ], [ -50.473205972846806, -21.619520006567871 ], [ -50.473319612063811, -21.619477515379355 ], [ -50.473434821513145, -21.61943580161023 ], [ -50.473436399150494, -21.619435221073999 ], [ -50.473550612003699, -21.619392515395671 ], [ -50.47366582145343, -21.619350801626386 ], [ -50.473781448759183, -21.619308936564934 ], [ -50.473896075445076, -21.619268069656975 ], [ -50.473897242668571, -21.619267648449441 ], [ -50.474012242760629, -21.619225648413053 ], [ -50.474012550097179, -21.619225535814504 ], [ -50.474129396463994, -21.619182592275127 ], [ -50.474244242700536, -21.619140648429376 ], [ -50.474359242670864, -21.619098648437436 ], [ -50.474360398908139, -21.619098221140316 ], [ -50.474475398999154, -21.619055221103121 ], [ -50.474590398968225, -21.619012221111515 ], [ -50.474591271494411, -21.619011891978953 ], [ -50.474704271583072, -21.618968891941808 ], [ -50.474705678250203, -21.618968349099468 ], [ -50.47482055334639, -21.618923397970921 ], [ -50.474933428351896, -21.618879446637468 ], [ -50.474933678183952, -21.618879349117488 ], [ -50.475048678272849, -21.618834349078707 ], [ -50.475049122756602, -21.618834174387924 ], [ -50.475162900627254, -21.618789262066528 ], [ -50.475276542144755, -21.618744793643106 ], [ -50.475390398744892, -21.618702221171574 ], [ -50.475393573334053, -21.618700995729867 ], [ -50.475506348172978, -21.61865608539161 ], [ -50.475619900493363, -21.618611262103119 ], [ -50.475734678073316, -21.618566349132944 ], [ -50.475735573232271, -21.618565995757624 ], [ -50.475848573318778, -21.618520995718885 ], [ -50.475849912504287, -21.618520455421475 ], [ -50.475964244239904, -21.618473728533655 ], [ -50.476076573249358, -21.618428995737709 ], [ -50.476077912433624, -21.618428455440803 ], [ -50.476192809625346, -21.618381497453228 ], [ -50.476304695353726, -21.618335951046248 ], [ -50.476418677868388, -21.618291349188237 ], [ -50.476421367348628, -21.61829026868983 ], [ -50.476534585915203, -21.618243590855087 ], [ -50.476555799703839, -21.618235105338741 ], [ -50.476460925277188, -21.618268930131912 ], [ -50.476459757821388, -21.618269351423226 ], [ -50.476344757913431, -21.618311351386822 ], [ -50.476230340579264, -21.618353138584613 ], [ -50.476116096532678, -21.618393869068218 ], [ -50.476003268124138, -21.618433808325541 ], [ -50.476002925041186, -21.618433930206255 ] ] ], [ [ [ -50.470557243763871, -21.62080764816972 ], [ -50.470672243855937, -21.620765648133343 ], [ -50.470673400113895, -21.620765220828584 ], [ -50.470787822874115, -21.620722436663208 ], [ -50.470902243795848, -21.620680648149662 ], [ -50.470904272716403, -21.620679891661272 ], [ -50.471016836949133, -21.620637057481023 ], [ -50.471131400112824, -21.620594220816489 ], [ -50.471132984372836, -21.62059361891577 ], [ -50.471246984461636, -21.620549618877785 ], [ -50.471248574731916, -21.620548995359549 ], [ -50.471359994653128, -21.620504624591 ], [ -50.471473400017764, -21.620462220842114 ], [ -50.471476123980324, -21.620461174066303 ], [ -50.471590124068065, -21.620416174027561 ], [ -50.471590574631712, -21.620415995387031 ], [ -50.471703574718234, -21.620370995348299 ], [ -50.471816349432075, -21.620326085059876 ], [ -50.471930123966906, -21.620281174055066 ], [ -50.4719305745299, -21.620280995414792 ], [ -50.472043574616428, -21.620235995376071 ], [ -50.472044031361925, -21.620235812674796 ], [ -50.472155803110638, -21.620190904378603 ], [ -50.472268574548551, -21.620145995394541 ], [ -50.472381574514607, -21.620100995403799 ], [ -50.472494574480663, -21.62005599541304 ], [ -50.472495031225343, -21.620055812712113 ], [ -50.472606232100141, -21.620011133785169 ], [ -50.472718429163805, -21.619967446428788 ], [ -50.472719123610126, -21.619967174166948 ], [ -50.472832647250392, -21.619922362199784 ], [ -50.472942502444596, -21.619879805679563 ], [ -50.473055832870294, -21.619837058234726 ], [ -50.47305857419439, -21.619835995506406 ], [ -50.473171227608333, -21.619791133523314 ], [ -50.473282078042217, -21.619747585134863 ], [ -50.473394272124864, -21.619704891807611 ], [ -50.473506907966801, -21.619662030377803 ], [ -50.473618543178524, -21.619620167170119 ], [ -50.473618832592017, -21.619620058322852 ], [ -50.473732832681847, -21.619577058285678 ], [ -50.473734428753595, -21.61957644655471 ], [ -50.473847073483306, -21.619532584886414 ], [ -50.473958494804585, -21.619489807054102 ], [ -50.474070688651615, -21.619447113817049 ], [ -50.474183103541904, -21.619405331288206 ], [ -50.474184717297597, -21.619404721625674 ], [ -50.474295912223987, -21.619362030713276 ], [ -50.474408103480982, -21.619320331304674 ], [ -50.47440883237465, -21.619320058381803 ], [ -50.474522468269143, -21.619277195716727 ], [ -50.474634514407704, -21.619235550246422 ], [ -50.474746923587375, -21.61919476461199 ], [ -50.474748542752423, -21.619194167298037 ], [ -50.474860323175179, -21.619152249636485 ], [ -50.474972092054507, -21.619110707218528 ], [ -50.475086075312582, -21.619070069706293 ], [ -50.475086923379877, -21.619069764679168 ], [ -50.475199709984132, -21.619028842103429 ], [ -50.475313114646021, -21.618988056213833 ], [ -50.475425732262813, -21.618948191568311 ], [ -50.475427242447537, -21.618947648523161 ], [ -50.475541279489903, -21.618906000209694 ], [ -50.475654104312582, -21.618866412550165 ], [ -50.475768896912463, -21.618826484687204 ], [ -50.475769732059334, -21.618826191633424 ], [ -50.475882732151057, -21.618786191598691 ], [ -50.475883074994051, -21.618786069803225 ], [ -50.475998075087105, -21.618745069767652 ], [ -50.476112903593631, -21.618704130906465 ], [ -50.476225732066879, -21.618664191621562 ], [ -50.47622607490942, -21.618664069826256 ], [ -50.476341075002473, -21.618623069790672 ], [ -50.476342242217974, -21.618622648586026 ], [ -50.476457242310012, -21.618580648549635 ], [ -50.476571659463119, -21.618538861412951 ], [ -50.476686074915712, -21.618498069814144 ], [ -50.476688398481372, -21.618497221271177 ], [ -50.476803398572372, -21.618454221233986 ], [ -50.476804543733707, -21.618453788072276 ], [ -50.476919188130047, -21.61840992412592 ], [ -50.477032831806007, -21.618367058525386 ], [ -50.477033982732614, -21.618366619364284 ], [ -50.477147982821378, -21.618322619326303 ], [ -50.477149122379608, -21.618322174507039 ], [ -50.477263122467313, -21.618277174468272 ], [ -50.477263573021048, -21.618276995831682 ], [ -50.477374992979613, -21.618232625048215 ], [ -50.477488398382214, -21.618190221285118 ], [ -50.477491572954726, -21.618188995849838 ], [ -50.477604347794426, -21.618144085511279 ], [ -50.477717199071904, -21.618099538950581 ], [ -50.477829270923834, -21.618056892135865 ], [ -50.477830677577728, -21.618056349298634 ], [ -50.477945330421008, -21.618011485138695 ], [ -50.478058982559617, -21.617967619397149 ], [ -50.478060572787385, -21.617966995895561 ], [ -50.478173572873885, -21.617921995856815 ], [ -50.478285207540225, -21.617877539570134 ], [ -50.478397831420203, -21.617835058629055 ], [ -50.478400572687107, -21.617833995922926 ], [ -50.478513572773608, -21.617788995884183 ], [ -50.478515828060843, -21.61778807787168 ], [ -50.478627704287675, -21.61774154527712 ], [ -50.47873934745936, -21.61769708560232 ], [ -50.478853121998966, -21.617652174595591 ], [ -50.478854706110681, -21.617651539535448 ], [ -50.478967140330454, -21.617605769848598 ], [ -50.479079572601592, -21.617560995930766 ], [ -50.479082295155393, -21.617559882701624 ], [ -50.479192939564207, -21.617513451561077 ], [ -50.479304572532115, -21.617468995949523 ], [ -50.479305793529477, -21.617468503900067 ], [ -50.479405935765904, -21.617427669198673 ], [ -50.479414030010084, -21.617424725836862 ], [ -50.479409914413516, -21.61741482975205 ], [ -50.479329633713405, -21.617446139222686 ], [ -50.479228782803197, -21.617483711127225 ], [ -50.479228294789287, -21.617483893835743 ], [ -50.47912729486896, -21.61752189380287 ], [ -50.479126490262793, -21.617522198983366 ], [ -50.479026439421418, -21.617560453714514 ], [ -50.478926409567471, -21.6175957583661 ], [ -50.478921491958573, -21.617597584493684 ], [ -50.478822391030597, -21.617636233852551 ], [ -50.47872384551799, -21.617673310379484 ], [ -50.478623409489543, -21.617708758386925 ], [ -50.478619490125311, -21.617710199020951 ], [ -50.47851789194327, -21.617749045381668 ], [ -50.478417950501949, -21.617786647109298 ], [ -50.478317608791812, -21.617823405950865 ], [ -50.478316294543461, -21.617823893902518 ], [ -50.47821570721586, -21.617861738636933 ], [ -50.478116120837385, -21.617898585594201 ], [ -50.478115782397182, -21.617898711248206 ], [ -50.478013782478051, -21.617936711215318 ], [ -50.478011491706326, -21.61793758456291 ], [ -50.47791346346569, -21.61797581557418 ], [ -50.47781545719878, -21.618011097827306 ], [ -50.477812489904373, -21.618012199081207 ], [ -50.477711725426602, -21.618050726673015 ], [ -50.477613969486718, -21.618086274284735 ], [ -50.477611798741968, -21.618087081353693 ], [ -50.47751294013684, -21.618124647621112 ], [ -50.477412088782621, -21.61816123095269 ], [ -50.477409798687333, -21.618162081368613 ], [ -50.477309798765837, -21.618200081335768 ], [ -50.477308491511188, -21.61820058461646 ], [ -50.477210281026984, -21.618238886702652 ], [ -50.477110088702361, -21.618275230974223 ], [ -50.477107798604294, -21.61827608139118 ], [ -50.477007798682799, -21.618314081358346 ], [ -50.476908289684992, -21.618351894774705 ], [ -50.47680719474873, -21.618389557591311 ], [ -50.47670660836426, -21.618426406066163 ], [ -50.476703491342761, -21.618427584662669 ], [ -50.476605933428552, -21.618465632246835 ], [ -50.476506408943408, -21.6185007585328 ], [ -50.476503294053281, -21.618501894035692 ], [ -50.476403655242947, -21.618539381902622 ], [ -50.476301026586086, -21.618575894018267 ], [ -50.476299608151031, -21.618576406134149 ], [ -50.476198608231748, -21.618613406102074 ], [ -50.476197781884011, -21.61861371138739 ], [ -50.476096669357688, -21.618651380757552 ], [ -50.475994561135451, -21.618688060407614 ], [ -50.475994088303857, -21.618688231091816 ], [ -50.475892088385748, -21.618725231059738 ], [ -50.475891735158093, -21.618725359657287 ], [ -50.475788147648863, -21.61876320893716 ], [ -50.47568621609495, -21.618799825124288 ], [ -50.475583873474029, -21.618835595358586 ], [ -50.475581262094678, -21.618836533338719 ], [ -50.475479142131846, -21.618874208662564 ], [ -50.475376026353935, -21.618910894081072 ], [ -50.475375200779212, -21.618911190325022 ], [ -50.475270200863598, -21.618949190292071 ], [ -50.475267976922247, -21.618950013699948 ], [ -50.475165853847948, -21.618988681657481 ], [ -50.475062967731091, -21.619026274658953 ], [ -50.474958200782851, -21.619064190313917 ], [ -50.474955976838778, -21.619065013722786 ], [ -50.474852976919784, -21.619104013689071 ], [ -50.474852672872046, -21.619104129165201 ], [ -50.474748932369572, -21.619143649353987 ], [ -50.474645200700635, -21.619181190336061 ], [ -50.474641705508482, -21.619182501251604 ], [ -50.474538705588436, -21.619222501217088 ], [ -50.47453719840248, -21.619223095292124 ], [ -50.474433431139111, -21.61926460219399 ], [ -50.474329672837577, -21.619304129162334 ], [ -50.474328705418138, -21.619304501276122 ], [ -50.474225705498085, -21.619344501241606 ], [ -50.474224684242373, -21.619344901861865 ], [ -50.474119056128771, -21.619386754506923 ], [ -50.474014428832888, -21.61942760897108 ], [ -50.474012705154408, -21.619428293519537 ], [ -50.473909564745448, -21.619469946373204 ], [ -50.473805668321248, -21.619510515449299 ], [ -50.473699908289369, -21.61955142262785 ], [ -50.47359390825909, -21.619592422636092 ], [ -50.473592198122695, -21.619593095368728 ], [ -50.473487679875824, -21.619634902663638 ], [ -50.473381295721381, -21.619676660925975 ], [ -50.473276428617282, -21.619717609029607 ], [ -50.47327568396215, -21.619717901938309 ], [ -50.47316992327292, -21.619759807113262 ], [ -50.473063770649453, -21.619801474494597 ], [ -50.472957380611277, -21.619842240767298 ], [ -50.472956162779063, -21.619842713094005 ], [ -50.472849534990992, -21.619884566988528 ], [ -50.4727439080132, -21.619925422702721 ], [ -50.472743162717158, -21.619925713110881 ], [ -50.472636162799745, -21.619967713074679 ], [ -50.47252916276841, -21.620009713083206 ], [ -50.472528436009362, -21.620010000394803 ], [ -50.472420436092079, -21.620053000357814 ], [ -50.472419957862236, -21.620053191653231 ], [ -50.472313320414855, -21.620096045950469 ], [ -50.472207683759578, -21.620137901979636 ], [ -50.472206250010537, -21.62013847806681 ], [ -50.472098603546449, -21.620182334029298 ], [ -50.471991957845816, -21.620225191642934 ], [ -50.471884957813153, -21.620268191651853 ], [ -50.471883076837059, -21.620268961434505 ], [ -50.471775421053707, -21.62031381800605 ], [ -50.4716687660151, -21.620357676147947 ], [ -50.47166807676772, -21.6203579614535 ], [ -50.471561014489716, -21.620402570731475 ], [ -50.471455196509162, -21.62044509570983 ], [ -50.47134767121559, -21.620487906702287 ], [ -50.471238907082224, -21.62053081364996 ], [ -50.471236076632323, -21.620531961490862 ], [ -50.471129845886615, -21.620576224297441 ], [ -50.471023634339964, -21.620617528783463 ], [ -50.47102219734456, -21.620618095581282 ], [ -50.470912316428567, -21.620662047943501 ], [ -50.470806308908408, -21.620704254638124 ], [ -50.470697202662159, -21.620744555139879 ], [ -50.470692249544591, -21.620746478194508 ], [ -50.470586488314112, -21.620789566099777 ], [ -50.470478756779357, -21.620829720577017 ], [ -50.470477557970412, -21.620830172845714 ], [ -50.47036755805658, -21.620872172809445 ], [ -50.470258596930599, -21.620913776145585 ], [ -50.470147641974343, -21.620954393581794 ], [ -50.470146304265697, -21.620954890005155 ], [ -50.470096105627022, -21.62097377206053 ], [ -50.470098076635388, -21.620973069353155 ], [ -50.470099243880426, -21.620972648137847 ], [ -50.470214243972507, -21.62093064810146 ], [ -50.470328661110919, -21.620888860970176 ], [ -50.470442905081484, -21.620848130508552 ], [ -50.470555733548842, -21.620808191225759 ], [ -50.470557243763871, -21.62080764816972 ] ] ], [ [ [ -50.479525849301822, -21.617931822121623 ], [ -50.479427798921996, -21.617969081262231 ], [ -50.479423921912108, -21.617970612346667 ], [ -50.479323921987351, -21.618011612311449 ], [ -50.479225201814479, -21.618052087578569 ], [ -50.479126491686699, -21.618090584524477 ], [ -50.479123921818925, -21.618091612372123 ], [ -50.479023921894175, -21.618132612336925 ], [ -50.47892455927866, -21.618173351005222 ], [ -50.478825199261195, -21.618213095008091 ], [ -50.47882265927835, -21.618214136301059 ], [ -50.478723924243994, -21.61825560501126 ], [ -50.478625199199108, -21.618295095024852 ], [ -50.478624438419722, -21.618295401593716 ], [ -50.478523438496183, -21.618336401558484 ], [ -50.478423207689985, -21.61837708930765 ], [ -50.478324980568011, -21.618415784836689 ], [ -50.478323947345501, -21.618416196001238 ], [ -50.478223854046476, -21.618456429579027 ], [ -50.478123782065552, -21.618493711293933 ], [ -50.478121211282748, -21.618494694147657 ], [ -50.478020249573611, -21.618534286971634 ], [ -50.477920294097032, -21.61857189397934 ], [ -50.477919489481764, -21.618572199163285 ], [ -50.477817891303317, -21.618611045522638 ], [ -50.477718844816764, -21.618648310535018 ], [ -50.4776184088051, -21.618683758536552 ], [ -50.477614977101581, -21.618685013617096 ], [ -50.477513684928695, -21.618723366961792 ], [ -50.477413408753428, -21.61875875855042 ], [ -50.477409489344289, -21.618760199200956 ], [ -50.477309018673601, -21.618798614454896 ], [ -50.477207984333305, -21.61883490834148 ], [ -50.477106408676256, -21.618870758571198 ], [ -50.477105560886407, -21.61887106045112 ], [ -50.477002560969467, -21.618908060419024 ], [ -50.477000781659633, -21.618908711415155 ], [ -50.476899669136309, -21.618946380784209 ], [ -50.476797984230977, -21.618982908369144 ], [ -50.476696408574306, -21.619018758598735 ], [ -50.476695560783092, -21.619019060479154 ], [ -50.476592560866159, -21.619056060447043 ], [ -50.476592088032582, -21.61905623113195 ], [ -50.476490088114488, -21.619093231099885 ], [ -50.47648878152696, -21.619093711451466 ], [ -50.476387669005568, -21.619131380819798 ], [ -50.47628556078795, -21.619168060468198 ], [ -50.47628378147315, -21.619168711466148 ], [ -50.47618219415444, -21.619206557719565 ], [ -50.476081607772812, -21.61924340619337 ], [ -50.47608126179211, -21.619243533387539 ], [ -50.475978261874154, -21.619281533354634 ], [ -50.475977781392082, -21.619281711488227 ], [ -50.475875781472944, -21.619319711455333 ], [ -50.475874488934949, -21.619320199313492 ], [ -50.475773133999745, -21.6193589526682 ], [ -50.475671781417645, -21.619396711470305 ], [ -50.475671293393738, -21.619396894182557 ], [ -50.475570293473424, -21.619434894149681 ], [ -50.475569488850816, -21.619435199336415 ], [ -50.475467890676534, -21.619474045694183 ], [ -50.475367293417712, -21.619511894164788 ], [ -50.475366488794478, -21.619512199351757 ], [ -50.475264643199999, -21.619551140311252 ], [ -50.475164797741677, -21.619589081582365 ], [ -50.475163210467407, -21.619589694372536 ], [ -50.475062248770264, -21.619629287191835 ], [ -50.474962293305587, -21.619666894195081 ], [ -50.474960210409265, -21.619667694388433 ], [ -50.474858210488037, -21.619707694353949 ], [ -50.474857198025198, -21.619708095362629 ], [ -50.474758339514885, -21.6197476387634 ], [ -50.474657488702242, -21.619786199364647 ], [ -50.474656490321451, -21.619786584910269 ], [ -50.474556490398903, -21.619825584876626 ], [ -50.474552658018247, -21.619827136654397 ], [ -50.47445417586075, -21.619868499156453 ], [ -50.47435470802786, -21.619907892353286 ], [ -50.474253707997804, -21.619947892361473 ], [ -50.474152707967754, -21.61998789236965 ], [ -50.474152197813368, -21.619988095420407 ], [ -50.474052197889741, -21.620028095385994 ], [ -50.474050696449261, -21.620028704773837 ], [ -50.473949445413915, -21.620070396372473 ], [ -50.473850452603962, -21.620109993492434 ], [ -50.473749707846011, -21.620149892402644 ], [ -50.473747180927894, -21.620150918084413 ], [ -50.47364807604842, -21.620192130010736 ], [ -50.473548993099286, -21.620230389759367 ], [ -50.473545696292518, -21.620231704816877 ], [ -50.473444948382657, -21.620273189246429 ], [ -50.473344210036601, -21.620312694476127 ], [ -50.473341180801206, -21.620313918119347 ], [ -50.473281176389342, -21.620338870446663 ], [ -50.473354858892264, -21.620309675490407 ], [ -50.473460389131056, -21.620270224930323 ], [ -50.473461327783774, -21.620269870694607 ], [ -50.473565859048755, -21.620230049257355 ], [ -50.473672389073471, -21.620190224945937 ], [ -50.473672854844878, -21.620190050004986 ], [ -50.473777830316592, -21.620150436616836 ], [ -50.473881799983516, -21.620112809496483 ], [ -50.473884327668536, -21.620111870726102 ], [ -50.473988858933957, -21.62007204928867 ], [ -50.474095388959796, -21.620032224976818 ], [ -50.474096327610148, -21.620031870741986 ], [ -50.474200068156918, -21.619992350531078 ], [ -50.47430379987248, -21.619954809526373 ], [ -50.474307571473567, -21.619953390970867 ], [ -50.474411799292888, -21.61991269248578 ], [ -50.474514023665883, -21.619873986166461 ], [ -50.474514327494873, -21.619873870773386 ], [ -50.474618699995439, -21.619834109817877 ], [ -50.474723070279182, -21.619795343709448 ], [ -50.474725294750961, -21.61979449871631 ], [ -50.474827811793126, -21.619754686269516 ], [ -50.474931299375115, -21.619715262425842 ], [ -50.475034265433663, -21.619677640209225 ], [ -50.475036327351113, -21.61967687081254 ], [ -50.475140534623641, -21.61963717280112 ], [ -50.475242738366738, -21.61959946656286 ], [ -50.475243543061389, -21.619599167246506 ], [ -50.475347543143585, -21.619560167212768 ], [ -50.475348807280398, -21.619559687094739 ], [ -50.475451540802624, -21.619520174198829 ], [ -50.475554265295685, -21.619482640246424 ], [ -50.475556023271764, -21.619481986285322 ], [ -50.475658381899947, -21.619443229132095 ], [ -50.475760040784124, -21.619405723910106 ], [ -50.475865340789142, -21.619367974849148 ], [ -50.475866738092321, -21.619367466647915 ], [ -50.475969089843467, -21.619329705805324 ], [ -50.476071439314573, -21.619292939487952 ], [ -50.47607354284002, -21.619292167306817 ], [ -50.47617714091502, -21.619253318025972 ], [ -50.476279738093162, -21.619215466637073 ], [ -50.476382501670514, -21.619177553858425 ], [ -50.476486265053083, -21.619139640312177 ], [ -50.476587392139891, -21.61910259381359 ], [ -50.476588542703063, -21.619102167344167 ], [ -50.476692542785251, -21.619063167310433 ], [ -50.476692706162297, -21.619063105942953 ], [ -50.476792986985501, -21.619025376521755 ], [ -50.476896264945552, -21.618987640341228 ], [ -50.476897706107373, -21.618987105957913 ], [ -50.476998706187054, -21.618949105925051 ], [ -50.476999510588897, -21.618948800822015 ], [ -50.47710062641849, -21.618910138884381 ], [ -50.477202737848749, -21.618872466703248 ], [ -50.477203218110823, -21.618872288651197 ], [ -50.477305218191695, -21.618834288618306 ], [ -50.477306510504768, -21.618833800844968 ], [ -50.477408108735517, -21.618794954459634 ], [ -50.477508706048219, -21.6187571059627 ], [ -50.477510508710751, -21.618756415360735 ], [ -50.477610010323978, -21.618717609728368 ], [ -50.477711510499674, -21.618678800834296 ], [ -50.477813510471137, -21.61863980084204 ], [ -50.477815290922621, -21.618639107928516 ], [ -50.477916039979938, -21.618599207308133 ], [ -50.478017788667792, -21.61855930585822 ], [ -50.478018800902099, -21.618558904939992 ], [ -50.478118295516779, -21.618519107090464 ], [ -50.478219788608101, -21.618479305874391 ], [ -50.478220290802433, -21.618479107961193 ], [ -50.478321290879983, -21.618439107926729 ], [ -50.478323078241992, -21.618438387618237 ], [ -50.478422566180768, -21.618397597559227 ], [ -50.478524052510771, -21.618356804030174 ], [ -50.478626052479648, -21.618315804038613 ], [ -50.47862631865091, -21.61831569677155 ], [ -50.478724555289993, -21.618276005196531 ], [ -50.478825788426747, -21.618236305923325 ], [ -50.478828301959794, -21.618235295675241 ], [ -50.478929299390721, -21.618193708493752 ], [ -50.479029039648061, -21.618154207397716 ], [ -50.479130788335695, -21.618114305947881 ], [ -50.479231507643149, -21.618074808177237 ], [ -50.47933221761874, -21.618037288771291 ], [ -50.479333022221489, -21.618036986569351 ], [ -50.479435620346081, -21.617998138732901 ], [ -50.479537217563461, -21.617960288786243 ], [ -50.479537705363974, -21.617960106157589 ], [ -50.479637986195478, -21.617922376733262 ], [ -50.479741264164176, -21.617884640549562 ], [ -50.479842151238259, -21.617847681976539 ], [ -50.479943910995956, -21.617810769120773 ], [ -50.479928304580568, -21.617773151029827 ], [ -50.479927608815771, -21.617773405913926 ], [ -50.479925295481586, -21.617774273551166 ], [ -50.479826295558894, -21.617812273518339 ], [ -50.479824980914117, -21.617812784756314 ], [ -50.479726236182891, -21.61785168419242 ], [ -50.479626491835361, -21.617890584484432 ], [ -50.479623921972902, -21.617891612329959 ], [ -50.479525849301822, -21.617931822121623 ] ] ], [ [ [ -50.476625602308637, -21.617301778573122 ], [ -50.47662357273952, -21.617302553106178 ], [ -50.476510572827095, -21.617346553068231 ], [ -50.476510322756148, -21.617346650681434 ], [ -50.476396458769585, -21.617391206151002 ], [ -50.476282815705027, -21.617433698771578 ], [ -50.476167029539887, -21.61747661950206 ], [ -50.476165729427727, -21.617477107825909 ], [ -50.476052729516375, -21.617520107788767 ], [ -50.476052456756442, -21.61752021186561 ], [ -50.475938028496799, -21.617563993109485 ], [ -50.475823602089044, -21.617606778632432 ], [ -50.475822456692761, -21.617607211882948 ], [ -50.475707592991959, -21.61765115973019 ], [ -50.475595165110811, -21.617693942017983 ], [ -50.475480601995457, -21.61773677865774 ], [ -50.475365601964519, -21.61777977866614 ], [ -50.47536357238517, -21.617780553203094 ], [ -50.475252940867705, -21.617823630959425 ], [ -50.47513934077773, -21.61786378271206 ], [ -50.475134572322197, -21.617865553220419 ], [ -50.475023158112272, -21.617908935741578 ], [ -50.474909758187529, -21.617950351362826 ], [ -50.474908601719491, -21.617950778745168 ], [ -50.474794338008707, -21.617993503434217 ], [ -50.474682077278715, -21.618034235200557 ], [ -50.474681758006412, -21.618034351423379 ], [ -50.474566758098447, -21.618076351386978 ], [ -50.474564456348858, -21.618077211976956 ], [ -50.474450762002952, -21.618120712419415 ], [ -50.47433907718937, -21.618161235224704 ], [ -50.474338757916605, -21.618161351447696 ], [ -50.474224547548118, -21.618203063058132 ], [ -50.474109340515568, -21.618243782782532 ], [ -50.474104572040787, -21.618245553298056 ], [ -50.473993157837462, -21.618288935816619 ], [ -50.473880340613199, -21.618330138625794 ], [ -50.473765925224853, -21.618370930196399 ], [ -50.473762728775512, -21.61837210800411 ], [ -50.47365074044351, -21.618414723030163 ], [ -50.473536757829784, -21.618456351459802 ], [ -50.473533571883706, -21.618457553341294 ], [ -50.473421583711612, -21.618501159351894 ], [ -50.473307601414838, -21.618543778815784 ], [ -50.473192965480258, -21.618586642683994 ], [ -50.473079330399734, -21.618628508236942 ], [ -50.473078601231734, -21.618628778878037 ], [ -50.472963601322753, -21.618671778840845 ], [ -50.472848601291808, -21.618714778849263 ], [ -50.472846571692536, -21.618715553393812 ], [ -50.472734583523177, -21.618759159403329 ], [ -50.472620601229167, -21.618801778866192 ], [ -50.472619455818446, -21.618802212122169 ], [ -50.472505027566925, -21.61884599336295 ], [ -50.472390601166545, -21.618888778883164 ], [ -50.47238972839861, -21.61888910810687 ], [ -50.472276728487273, -21.618932108069721 ], [ -50.472275321576852, -21.618932651005863 ], [ -50.472161669792797, -21.618977123439784 ], [ -50.472047028436499, -21.619019619801005 ], [ -50.47204432151139, -21.619020651023813 ], [ -50.47192944647076, -21.619065602122735 ], [ -50.471816571520669, -21.619109553426874 ], [ -50.471816321445139, -21.619109651041857 ], [ -50.471701321534056, -21.619154651003086 ], [ -50.471587457446603, -21.619199206512128 ], [ -50.471473600912333, -21.619241778951739 ], [ -50.471472455496269, -21.619242212209723 ], [ -50.471357455586244, -21.619286212171755 ], [ -50.471356321313422, -21.619286651077886 ], [ -50.471242457349973, -21.619331206538412 ], [ -50.471129594727955, -21.619373407341769 ], [ -50.471013594141475, -21.619415048574972 ], [ -50.471011167363642, -21.619415941758792 ], [ -50.470897383912117, -21.619458860075056 ], [ -50.470783594637282, -21.619501407366368 ], [ -50.470667594052131, -21.619543048599098 ], [ -50.470665600573049, -21.619543779056499 ], [ -50.47055060066409, -21.619586779019304 ], [ -50.470549455243855, -21.619587212278876 ], [ -50.470436589552669, -21.619630395671262 ], [ -50.470321748963649, -21.619670638951501 ], [ -50.470318600481001, -21.619671779081646 ], [ -50.470204177776317, -21.619714563220523 ], [ -50.470089756910163, -21.619756351707785 ], [ -50.470087455119547, -21.61975721231309 ], [ -50.469973026873319, -21.619800993551852 ], [ -50.469859177684675, -21.619843563245372 ], [ -50.46974475681894, -21.61988535173246 ], [ -50.469743600327028, -21.619885779123635 ], [ -50.469629758559037, -21.619928346043014 ], [ -50.469515924114667, -21.61996893049421 ], [ -50.469512454963777, -21.619970212355909 ], [ -50.469398174042468, -21.620013937226936 ], [ -50.469286907208748, -21.62005529303843 ], [ -50.469172924026459, -21.620095930518012 ], [ -50.469170895892027, -21.620096668922784 ], [ -50.469057895981756, -21.620138668886444 ], [ -50.469057600145071, -21.620138779173395 ], [ -50.468942964338616, -21.620181642993703 ], [ -50.468829542735513, -21.620223429897205 ], [ -50.468714916002455, -21.620265293570863 ], [ -50.468602075679748, -21.620306235632185 ], [ -50.468601329084521, -21.620306508605022 ], [ -50.468487329175417, -21.620348508568679 ], [ -50.468485727334645, -21.62034910839791 ], [ -50.468374563896809, -21.620391409525791 ], [ -50.468397240676431, -21.620442519658365 ], [ -50.468511491451665, -21.620398198233982 ], [ -50.468628724978636, -21.620355836535911 ], [ -50.468631807819591, -21.620354686851513 ], [ -50.468748807910899, -21.620309686812675 ], [ -50.468749240578127, -21.620309519685346 ], [ -50.468864811224321, -21.620264686241399 ], [ -50.468981468132903, -21.620220198433973 ], [ -50.46909755087875, -21.620177535541167 ], [ -50.46909895926607, -21.620177010457841 ], [ -50.469217959359767, -21.62013201041896 ], [ -50.469219240446577, -21.620131519721429 ], [ -50.469334811092459, -21.620086686277599 ], [ -50.469452170048861, -21.62004193073972 ], [ -50.469570049333463, -21.619997354536554 ], [ -50.46968713490088, -21.61995468775881 ], [ -50.469689807525008, -21.619953686932085 ], [ -50.469806594165391, -21.619908768989884 ], [ -50.469924169921619, -21.619863930774176 ], [ -50.470042959132606, -21.619819010480764 ], [ -50.470043380390116, -21.619818850507105 ], [ -50.470161380482608, -21.619773850468246 ], [ -50.470279169820621, -21.619728930801955 ], [ -50.470397959034628, -21.619684010507388 ], [ -50.470400583706294, -21.619682991636761 ], [ -50.47051748557346, -21.619636429024748 ], [ -50.470634380349658, -21.619591850504342 ], [ -50.470752169689277, -21.619546930837448 ], [ -50.470870958902495, -21.61950201054319 ], [ -50.470873583569166, -21.619500991674492 ], [ -50.470990485438413, -21.619454429061669 ], [ -50.471107169588471, -21.619409930864887 ], [ -50.471225958803011, -21.619365010570107 ], [ -50.471226380058496, -21.619364850597204 ], [ -50.471344380150981, -21.619319850558341 ], [ -50.471462169489349, -21.61927493089194 ], [ -50.47158075084976, -21.619230089197572 ], [ -50.471700542844317, -21.619185167196164 ], [ -50.471701379927069, -21.619184850633019 ], [ -50.471818260611343, -21.619140277487677 ], [ -50.471935134295471, -21.619097687921549 ], [ -50.471936958482218, -21.619097010670831 ], [ -50.472055750719889, -21.619052089233055 ], [ -50.472175542715966, -21.619007167231079 ], [ -50.472176379797141, -21.619006850668548 ], [ -50.472293614731193, -21.618962142427772 ], [ -50.472411846374222, -21.618918426522747 ], [ -50.472412542524474, -21.618918167296268 ], [ -50.472532542619319, -21.618873167257362 ], [ -50.472533379699328, -21.618872850695276 ], [ -50.472650260388036, -21.618828277548246 ], [ -50.47276713407517, -21.618785687980996 ], [ -50.47276895825587, -21.618785010732527 ], [ -50.472887958349524, -21.618740010693632 ], [ -50.472888379602239, -21.618739850721784 ], [ -50.473006379694716, -21.618694850682921 ], [ -50.473123056533453, -21.618650355275388 ], [ -50.473240723751715, -21.618607836865515 ], [ -50.473243379505149, -21.618606850748314 ], [ -50.473361379597627, -21.618561850709469 ], [ -50.473479379564772, -21.618516850718386 ], [ -50.473596614377108, -21.618472142524002 ], [ -50.473714846024443, -21.618428426617388 ], [ -50.473716379374451, -21.618427850783917 ], [ -50.47383326006819, -21.618383277634969 ], [ -50.473950133760916, -21.618340688065668 ], [ -50.473951957932961, -21.618340010820422 ], [ -50.474070048115024, -21.618295354866195 ], [ -50.47418713369877, -21.618252688082485 ], [ -50.474189806274694, -21.618251687273819 ], [ -50.474305474938234, -21.618207199323223 ], [ -50.474422133636644, -21.618164688099231 ], [ -50.474423957805271, -21.618164010855253 ], [ -50.474542957898933, -21.618119010816375 ], [ -50.474543379148912, -21.618118850845555 ], [ -50.47466124483266, -21.61807390206431 ], [ -50.474777034080283, -21.618029982001396 ], [ -50.474895957801643, -21.617985010842755 ], [ -50.47489680607854, -21.617984687327368 ], [ -50.475013592725283, -21.617939769382691 ], [ -50.475131379110643, -21.617894850842191 ], [ -50.475132238793101, -21.61789452017441 ], [ -50.475248238883189, -21.617849520135604 ], [ -50.475248918281089, -21.617849254800714 ], [ -50.475364940731303, -21.617803639132859 ], [ -50.475482957637553, -21.617759010887092 ], [ -50.475486462850398, -21.617757638272643 ], [ -50.475601139641554, -21.61771117439628 ], [ -50.475716805969085, -21.617666687342911 ], [ -50.475719462780191, -21.617665638291886 ], [ -50.475834139572832, -21.617619174414923 ], [ -50.475949805901408, -21.617574687361149 ], [ -50.475952019530183, -21.617573817107271 ], [ -50.476067704287516, -21.617527345448678 ], [ -50.476184378809492, -21.617482850923402 ], [ -50.476185918006927, -21.617482254875313 ], [ -50.476302578614103, -21.617436388307812 ], [ -50.476418238544284, -21.617391520227418 ], [ -50.476420019391419, -21.61739081714531 ], [ -50.476537019480531, -21.617343817104878 ], [ -50.476537911581012, -21.617343455627729 ], [ -50.47665136580892, -21.617297087373942 ], [ -50.476766805664553, -21.617252687425022 ], [ -50.476767238317997, -21.617252520303023 ], [ -50.476883238408078, -21.617207520264198 ], [ -50.476883917801459, -21.617207254931106 ], [ -50.477000362584349, -21.617161473217696 ], [ -50.477116805564528, -21.6171166874521 ], [ -50.47711901918283, -21.61711581720235 ], [ -50.477174192463011, -21.617093653574997 ], [ -50.477085602434649, -21.617126778539106 ], [ -50.477084457044178, -21.617127211787409 ], [ -50.476970028781565, -21.617170993032431 ], [ -50.476855602372019, -21.617213778556042 ], [ -50.476853322854396, -21.617214650654631 ], [ -50.476739458866511, -21.617259206124711 ], [ -50.476625602308637, -21.617301778573122 ] ] ], [ [ [ -50.478169030191147, -21.616403619356124 ], [ -50.478053652922995, -21.616446388513108 ], [ -50.477935277773575, -21.616489162723781 ], [ -50.477933317874133, -21.616489885312557 ], [ -50.477816317966436, -21.616533885274492 ], [ -50.477814761998687, -21.61653447963317 ], [ -50.477700101744141, -21.61657895990113 ], [ -50.477584451684422, -21.616621463765703 ], [ -50.477582194708162, -21.616622312481997 ], [ -50.477465194799429, -21.616667312443141 ], [ -50.477464761900357, -21.616667479660006 ], [ -50.477348978182548, -21.616712395753659 ], [ -50.477232194733254, -21.616757312461086 ], [ -50.477231761833792, -21.616757479678096 ], [ -50.477115761923869, -21.616802479639261 ], [ -50.477113980837238, -21.616803182815826 ], [ -50.476998084119664, -21.61684973961286 ], [ -50.476882194632509, -21.616894312488288 ], [ -50.476881082215847, -21.616894745087023 ], [ -50.476764421663084, -21.616940611625139 ], [ -50.47664897798122, -21.61698539580814 ], [ -50.476532194532503, -21.617030312515357 ], [ -50.476529088442817, -21.617031544389761 ], [ -50.476414533971017, -21.617078362299647 ], [ -50.476298868789463, -21.617124826086172 ], [ -50.476183761652244, -21.617169479712725 ], [ -50.476183082010365, -21.617169745142835 ], [ -50.476066849980626, -21.617215443202017 ], [ -50.475949621388075, -21.617260149017266 ], [ -50.475946980489873, -21.617261182910894 ], [ -50.475831083777535, -21.617307739705812 ], [ -50.475715194295638, -21.617352312579243 ], [ -50.475712537241748, -21.617353361725939 ], [ -50.475597860500677, -21.617399825573841 ], [ -50.475482194227965, -21.617444312597488 ], [ -50.47547953717153, -21.617445361745194 ], [ -50.475365280841324, -21.617491655254444 ], [ -50.475248042560544, -21.61753598905382 ], [ -50.475246081736202, -21.617536745217414 ], [ -50.47512942118837, -21.617582611753601 ], [ -50.475014190621209, -21.617627313262915 ], [ -50.474896621086934, -21.617672149098464 ], [ -50.47489619393594, -21.617672312690729 ], [ -50.474779617652523, -21.617717149719287 ], [ -50.474661042396441, -21.617761989098152 ], [ -50.474660889692075, -21.617762046931979 ], [ -50.474544889783232, -21.617806046893968 ], [ -50.474544620863718, -21.61780614917285 ], [ -50.474426831453918, -21.61785106885954 ], [ -50.474308952083099, -21.617895645089082 ], [ -50.474191866559451, -21.617938311844487 ], [ -50.474189193739811, -21.617939312744276 ], [ -50.474073525133896, -21.617983800666558 ], [ -50.473956866497311, -21.618026311861239 ], [ -50.473955042077819, -21.61802698919827 ], [ -50.473836951957075, -21.61807164512328 ], [ -50.473719866435175, -21.618114311878053 ], [ -50.473717620638183, -21.618115149234487 ], [ -50.473600385758338, -21.618159857448159 ], [ -50.473482154172935, -21.618203573325044 ], [ -50.473480620573191, -21.618204149252215 ], [ -50.473362620665661, -21.618249149213362 ], [ -50.473244620632805, -21.618294149222301 ], [ -50.473127943600929, -21.618338644697605 ], [ -50.473010276444882, -21.61838116307846 ], [ -50.473007620443241, -21.618382149287683 ], [ -50.472889620535724, -21.618427149248813 ], [ -50.47277183100303, -21.618472068982367 ], [ -50.472653951638605, -21.618516645209507 ], [ -50.472536866120912, -21.618559311962755 ], [ -50.472534620313297, -21.618560149323145 ], [ -50.472417038450303, -21.618604989860721 ], [ -50.472297805317709, -21.618649702282088 ], [ -50.472179153823163, -21.618693573419709 ], [ -50.472177620215476, -21.618694149349857 ], [ -50.472060038352517, -21.618738989887426 ], [ -50.47194045748266, -21.618783832710101 ], [ -50.471940041528548, -21.618783989347886 ], [ -50.471821951415706, -21.618828645269904 ], [ -50.47170486590062, -21.618871312022197 ], [ -50.471702620085537, -21.618872149385371 ], [ -50.471585038224958, -21.618916989922052 ], [ -50.471465457354306, -21.618961832745015 ], [ -50.471465041399405, -21.618961989383099 ], [ -50.471346041493071, -21.619006989344221 ], [ -50.471345619986977, -21.619007149412262 ], [ -50.471227620079461, -21.619052149373385 ], [ -50.471109830549601, -21.619097069105877 ], [ -50.470991041395088, -21.619141989370831 ], [ -50.47099061988839, -21.61914214943911 ], [ -50.470872619980881, -21.619187149400247 ], [ -50.470870416448996, -21.619188008344018 ], [ -50.470753723862721, -21.619234487590713 ], [ -50.470636041295613, -21.619278989397763 ], [ -50.470635619788311, -21.619279149466255 ], [ -50.470517619880802, -21.619324149427388 ], [ -50.470399619847932, -21.619369149436324 ], [ -50.470397416311862, -21.61937000838174 ], [ -50.47028072372828, -21.619416487627372 ], [ -50.470163041163481, -21.619460989433541 ], [ -50.470162619655355, -21.61946114950236 ], [ -50.470044619747839, -21.619506149463504 ], [ -50.469926830217005, -21.619551069196355 ], [ -50.469808041065505, -21.619595989460176 ], [ -50.469807619556754, -21.619596149529219 ], [ -50.469689619649252, -21.619641149490366 ], [ -50.469689192489454, -21.619641313086007 ], [ -50.469573523907577, -21.619685800999072 ], [ -50.469456865295214, -21.619728312184932 ], [ -50.469455040842639, -21.619728989534259 ], [ -50.469336040936334, -21.619773989495389 ], [ -50.469335619426829, -21.619774149564723 ], [ -50.46921761951932, -21.619819149525867 ], [ -50.46921675956974, -21.619819480296353 ], [ -50.469101399028098, -21.619864232227073 ], [ -50.468983743653475, -21.619908723751912 ], [ -50.468867449316839, -21.619951464402355 ], [ -50.468865619296864, -21.619952149600195 ], [ -50.468747619389362, -21.619997149561346 ], [ -50.468746759438176, -21.619997480332422 ], [ -50.468630975727017, -21.620042396423528 ], [ -50.468515727104538, -21.620086722813781 ], [ -50.468398275217986, -21.620129163408087 ], [ -50.46839475933988, -21.620130480359425 ], [ -50.468278759430007, -21.620175480320611 ], [ -50.468280810614075, -21.620180103388417 ], [ -50.468301196271376, -21.620172665377847 ], [ -50.468303327656827, -21.620171870616744 ], [ -50.468428610861039, -21.620124143678396 ], [ -50.468554891178954, -21.620077410013842 ], [ -50.468556965913386, -21.620076625909974 ], [ -50.468683647073945, -21.620027748922848 ], [ -50.468809130417014, -21.619979945740685 ], [ -50.468935933061154, -21.619932020328108 ], [ -50.468936965806613, -21.619931625939131 ], [ -50.469063646967214, -21.619882748952005 ], [ -50.469189130311157, -21.619834945769501 ], [ -50.469315932955944, -21.619787020356686 ], [ -50.469316965699832, -21.619786625968334 ], [ -50.46944364686118, -21.619737748980896 ], [ -50.469568935688727, -21.619690019899995 ], [ -50.469696543171771, -21.619642167090099 ], [ -50.469696932715934, -21.619642020436221 ], [ -50.469823932815927, -21.619594020394764 ], [ -50.46982496555772, -21.619593626007202 ], [ -50.469951255749073, -21.619544899866693 ], [ -50.470078217144334, -21.619497289339733 ], [ -50.470204890731026, -21.619450410134927 ], [ -50.47020554289751, -21.61945016717868 ], [ -50.470333542998688, -21.619402167137174 ], [ -50.470334965416392, -21.61940162604596 ], [ -50.470461255609528, -21.61935289990473 ], [ -50.470588542928709, -21.619305167156146 ], [ -50.470588932471493, -21.619305020502789 ], [ -50.470715932571487, -21.619257020461319 ], [ -50.470716570991598, -21.619256777618791 ], [ -50.470844057655185, -21.619207974126684 ], [ -50.470971542824117, -21.619160167184532 ], [ -50.470971932366318, -21.619160020531407 ], [ -50.471098932466312, -21.619112020489929 ], [ -50.471099181373084, -21.619111926179517 ], [ -50.471227205418458, -21.619063296887646 ], [ -50.471352224150408, -21.619017655124896 ], [ -50.471353542585227, -21.619017167263532 ], [ -50.471481542686398, -21.61896916722203 ], [ -50.471482965097628, -21.618968626133274 ], [ -50.471609255293892, -21.618919899990843 ], [ -50.471736542616426, -21.618872167240983 ], [ -50.47173693215742, -21.618872020588306 ], [ -50.471863411959887, -21.618824217194994 ], [ -50.471989890250313, -21.618777410265078 ], [ -50.47199157064022, -21.61877677771486 ], [ -50.472118210076054, -21.618728298552593 ], [ -50.47224383916479, -21.618682795099563 ], [ -50.472245932019639, -21.618682020625908 ], [ -50.472372606230792, -21.618634143755184 ], [ -50.472498085017243, -21.618587338172656 ], [ -50.472624890081079, -21.618540410310999 ], [ -50.472751557149785, -21.618493533518677 ], [ -50.472877223747425, -21.618447655233808 ], [ -50.472877889880117, -21.618447410378884 ], [ -50.473004751673017, -21.61840046152318 ], [ -50.473129613355773, -21.618354512420726 ], [ -50.473130279545991, -21.618354265593474 ], [ -50.473256084819099, -21.618307338226384 ], [ -50.473382889881172, -21.618260410365384 ], [ -50.473383674153723, -21.618260117803352 ], [ -50.473508674252393, -21.618213117762725 ], [ -50.473508931679611, -21.61821302071883 ], [ -50.473635273642316, -21.618165269422491 ], [ -50.473759613188676, -21.618119512465974 ], [ -50.473760674051867, -21.618119117831082 ], [ -50.473885674150523, -21.618072117790433 ], [ -50.473887767798452, -21.618071313879913 ], [ -50.474012247532826, -21.618022517819956 ], [ -50.474135672450764, -21.617975122647824 ], [ -50.474259613053476, -21.617929512502371 ], [ -50.474263591245261, -21.617927988455136 ], [ -50.474385660966888, -21.617879359049681 ], [ -50.474509725585669, -21.617831718231685 ], [ -50.47463460198346, -21.617783765691026 ], [ -50.474757478423406, -21.617736812901182 ], [ -50.474758363387011, -21.617736471750327 ], [ -50.474884363484755, -21.617687471708056 ], [ -50.47488453955696, -21.617687403116253 ], [ -50.475006082244249, -21.617639971820211 ], [ -50.475129612814996, -21.617594512566342 ], [ -50.475133590992797, -21.617592988524454 ], [ -50.47525586200809, -21.617544278928722 ], [ -50.475378804303951, -21.617496688358315 ], [ -50.47550054782905, -21.617450168471279 ], [ -50.475624612679752, -21.61740451260264 ], [ -50.475628590849617, -21.617402988563786 ], [ -50.475750537743103, -21.617354408089927 ], [ -50.475871744155292, -21.617308093440709 ], [ -50.47599500726075, -21.617262366801196 ], [ -50.475995673432209, -21.617262117998436 ], [ -50.47612054025565, -21.617215168069343 ], [ -50.476243406975883, -21.617169217910352 ], [ -50.476244477877273, -21.617168813063941 ], [ -50.476367275618536, -21.617121890346102 ], [ -50.476491073127129, -21.617074967093107 ], [ -50.476491477808537, -21.617074813082624 ], [ -50.476613743952747, -21.617028093495627 ], [ -50.476736470035867, -21.616982566074366 ], [ -50.476859931533873, -21.616937761495329 ], [ -50.476862072895237, -21.616936967170346 ], [ -50.476985740130672, -21.616890093295336 ], [ -50.4771076705307, -21.616844493305162 ], [ -50.477230931436736, -21.61679976152152 ], [ -50.477233477606795, -21.61679881313777 ], [ -50.477356477703076, -21.616751813097164 ], [ -50.477356887586694, -21.616751655833433 ], [ -50.477478682729746, -21.616704734749902 ], [ -50.477600404930925, -21.616658223011147 ], [ -50.477722325874637, -21.616613617784335 ], [ -50.477723406445214, -21.616613218067577 ], [ -50.477846406542533, -21.616567218027775 ], [ -50.477847887450636, -21.616566655870571 ], [ -50.477969148516443, -21.616519940538378 ], [ -50.478091406475578, -21.616474218045855 ], [ -50.478092887382211, -21.616473655889198 ], [ -50.478214887477293, -21.616426655848624 ], [ -50.478336887442694, -21.616379655858026 ], [ -50.478337723307121, -21.616379331164463 ], [ -50.478457723399821, -21.616332331123935 ], [ -50.47845795342468, -21.616332240826669 ], [ -50.478579506413801, -21.616284416695649 ], [ -50.478698058229178, -21.6162385899394 ], [ -50.478686737614197, -21.616212982640167 ], [ -50.478636451961492, -21.616231463690745 ], [ -50.478520023192374, -21.616274253748529 ], [ -50.478403596312312, -21.616316048010358 ], [ -50.478400890743892, -21.616317046648017 ], [ -50.478285669596097, -21.616360751218224 ], [ -50.478169451839314, -21.616403463723849 ], [ -50.478169030191147, -21.616403619356124 ] ] ], [ [ [ -50.475014386869347, -21.617326223569084 ], [ -50.474891387386997, -21.617371487374495 ], [ -50.474888460454721, -21.617372596903877 ], [ -50.47476554856285, -21.617420562516038 ], [ -50.474640078635652, -21.617469356372574 ], [ -50.474517521778132, -21.61751618703769 ], [ -50.474517274555211, -21.617516281738045 ], [ -50.474392274652821, -21.617564281696616 ], [ -50.474267274617588, -21.617612281706187 ], [ -50.474265408769128, -21.617613011565062 ], [ -50.474144386623514, -21.61766122363575 ], [ -50.474021387148525, -21.617706487438468 ], [ -50.474019274414992, -21.617707281776166 ], [ -50.473894274512602, -21.617755281734745 ], [ -50.473893232212269, -21.617755686140924 ], [ -50.473769275984523, -21.617804276978376 ], [ -50.473645855702934, -21.617850683000501 ], [ -50.473521387013328, -21.617896487474876 ], [ -50.473520068324802, -21.6178969793025 ], [ -50.47339319709031, -21.617944930631609 ], [ -50.473268717658762, -21.617991734894467 ], [ -50.473142110322584, -21.618038589574436 ], [ -50.473141720457519, -21.618038734427437 ], [ -50.473016053344971, -21.618085610251914 ], [ -50.472891386846229, -21.618131487520134 ], [ -50.472891110121616, -21.618131589642296 ], [ -50.472764442985486, -21.618178466453326 ], [ -50.472638776455135, -21.618224344707272 ], [ -50.47263811005525, -21.61822458966039 ], [ -50.472511110156269, -21.618271589619695 ], [ -50.472384110122704, -21.618318589628824 ], [ -50.472383720256495, -21.618318734482255 ], [ -50.472257720356339, -21.6183657344416 ], [ -50.472257067984756, -21.618365979395413 ], [ -50.472131111495848, -21.618413584994375 ], [ -50.472005161038318, -21.618459204841738 ], [ -50.472002429365041, -21.618460222306879 ], [ -50.471875267676992, -21.618508901387067 ], [ -50.471749109953457, -21.618555589674759 ], [ -50.471748067846974, -21.618555979433015 ], [ -50.471621262609951, -21.618603905818219 ], [ -50.471493457588529, -21.618651832697601 ], [ -50.471492034909431, -21.61865237388816 ], [ -50.471365744775817, -21.61870109999899 ], [ -50.471239115538332, -21.618748585959494 ], [ -50.471113776052164, -21.618794344816202 ], [ -50.471111818630398, -21.618795073842488 ], [ -50.470982943142396, -21.618844026543453 ], [ -50.470856262400119, -21.61889190587549 ], [ -50.470728457380837, -21.618939832754062 ], [ -50.470727429013671, -21.618940222402937 ], [ -50.470599748034452, -21.618989100274003 ], [ -50.470473262296395, -21.619036905903553 ], [ -50.470362437665806, -21.619078465136855 ], [ -50.47036672395096, -21.619088836790063 ], [ -50.470485724046682, -21.619045836752804 ], [ -50.470486134121373, -21.619045687947015 ], [ -50.470604134215932, -21.619002687909777 ], [ -50.470606379780548, -21.619001850639876 ], [ -50.470724379873047, -21.618956850601027 ], [ -50.470841056708274, -21.618912355194819 ], [ -50.470958723923211, -21.618869836786168 ], [ -50.470960542476398, -21.618869167276173 ], [ -50.471080542571258, -21.618824167237282 ], [ -50.471081379650641, -21.618823850675415 ], [ -50.471198614586285, -21.618779142434033 ], [ -50.471316846231005, -21.618735426528389 ], [ -50.471318379585668, -21.618734850693166 ], [ -50.471435260275769, -21.618690277545621 ], [ -50.471552133965304, -21.618647687977489 ], [ -50.47155326193257, -21.618647272166413 ], [ -50.471671262026099, -21.618603272128357 ], [ -50.471671958111003, -21.618603010738898 ], [ -50.471790048290465, -21.618558354785659 ], [ -50.471907133872122, -21.618515688002702 ], [ -50.472025133841782, -21.618472688010964 ], [ -50.472026958016002, -21.618472010764911 ], [ -50.472145610281558, -21.618427142257833 ], [ -50.472262906016326, -21.618383404862048 ], [ -50.472379549560692, -21.618340535864029 ], [ -50.472381379297424, -21.618339850772148 ], [ -50.472498466733256, -21.618295198780775 ], [ -50.472614549498168, -21.618252535880945 ], [ -50.472616379233209, -21.618251850789697 ], [ -50.472733466669887, -21.61820719879799 ], [ -50.47284954943563, -21.618164535897861 ], [ -50.472852238978987, -21.618163520090814 ], [ -50.472967046416464, -21.618118982719572 ], [ -50.473084845760042, -21.618075426656141 ], [ -50.473086806131761, -21.618074687280036 ], [ -50.473203806223054, -21.618029687241211 ], [ -50.473204238879916, -21.618029520117883 ], [ -50.473318899174238, -21.617985039828113 ], [ -50.47343454927784, -21.617942535940376 ], [ -50.473437238814874, -21.617941520135709 ], [ -50.473553022589464, -21.617896604012511 ], [ -50.473669806092254, -21.617851687276833 ], [ -50.473670677386259, -21.617851349253378 ], [ -50.473785242256653, -21.617806519517714 ], [ -50.473901806026085, -21.617761687294781 ], [ -50.473902238681745, -21.617761520171939 ], [ -50.474017462507057, -21.617716821270719 ], [ -50.474133682879362, -21.617673114460374 ], [ -50.474134543123519, -21.617672788140016 ], [ -50.474249543213482, -21.617628788102017 ], [ -50.474249805804, -21.61762868736923 ], [ -50.474366805895286, -21.617583687330388 ], [ -50.474367238550137, -21.61758352020783 ], [ -50.474483238640232, -21.61753852016902 ], [ -50.474483677153358, -21.617538349317009 ], [ -50.474598242025458, -21.617493519580648 ], [ -50.474714805796019, -21.617448687357289 ], [ -50.474717019421455, -21.617447817104733 ], [ -50.474833349623601, -21.617401086164559 ], [ -50.474947241924006, -21.617356519608155 ], [ -50.475063805695257, -21.617311687384515 ], [ -50.475067366558562, -21.617310268828081 ], [ -50.475179595587932, -21.617263998960961 ], [ -50.475294805627577, -21.617219687402716 ], [ -50.475297911471664, -21.61721845562548 ], [ -50.47540625464476, -21.617174176237778 ], [ -50.475386387522242, -21.617181487338211 ], [ -50.475384521891826, -21.617182187021402 ], [ -50.475261521988109, -21.617229186980815 ], [ -50.47526087022603, -21.617229437650423 ], [ -50.475136870322444, -21.617277437609015 ], [ -50.475135409021583, -21.617278011495767 ], [ -50.475014386869347, -21.617326223569084 ] ] ], [ [ [ -50.474908398293046, -21.618262221272211 ], [ -50.475022821068137, -21.618219437101256 ], [ -50.475137242006248, -21.618177648581703 ], [ -50.475140427696957, -21.618176446796358 ], [ -50.475251059265247, -21.618133369014853 ], [ -50.475364659415654, -21.618093217234243 ], [ -50.475369427633986, -21.618091446813683 ], [ -50.475481415866554, -21.618047840772871 ], [ -50.475595398230062, -21.618005221276817 ], [ -50.475710398199112, -21.617962221285225 ], [ -50.475711270715436, -21.617961892156391 ], [ -50.475824270804083, -21.617918892119235 ], [ -50.475824543322638, -21.617918788134467 ], [ -50.475938971639032, -21.617875006862295 ], [ -50.47605339810552, -21.617832221310547 ], [ -50.476054543258975, -21.617831788151822 ], [ -50.476169407019995, -21.617787840274506 ], [ -50.476281621803587, -21.617745139070514 ], [ -50.47639697065518, -21.617702380441152 ], [ -50.476397397889976, -21.617702221381453 ], [ -50.47651239798099, -21.617659221344255 ], [ -50.476514677262095, -21.617658349336018 ], [ -50.476629552362056, -21.617613398206 ], [ -50.476741415517289, -21.61756984086783 ], [ -50.476855397885927, -21.617527221369834 ], [ -50.476857677163849, -21.617526349362809 ], [ -50.476971541207263, -21.61748179386413 ], [ -50.477085397822549, -21.617439221386913 ], [ -50.477086542971222, -21.617438788230011 ], [ -50.477200971291417, -21.617395006956372 ], [ -50.477315397759909, -21.617352221403856 ], [ -50.477318572303581, -21.617350995979717 ], [ -50.477430560646063, -21.617306398848399 ], [ -50.477543971194777, -21.61726300698253 ], [ -50.477658397664833, -21.617220221429438 ], [ -50.477773397633896, -21.617177221437821 ], [ -50.477888397602946, -21.617134221446218 ], [ -50.4778904269238, -21.617133447007788 ], [ -50.478002415166621, -21.617089840962958 ], [ -50.47811639754029, -21.617047221463118 ], [ -50.478117109580353, -21.617046953302388 ], [ -50.478233109671471, -21.617002953264379 ], [ -50.478233270016098, -21.617002892346157 ], [ -50.47834627010473, -21.616959892309001 ], [ -50.478458834234878, -21.616917058167743 ], [ -50.478573397415722, -21.616874221496769 ], [ -50.478574981613171, -21.616873619619827 ], [ -50.478688626159304, -21.616829756809 ], [ -50.478801269978561, -21.616786892343203 ], [ -50.478802129253459, -21.616786562545002 ], [ -50.478893903042916, -21.616751037204562 ], [ -50.478911668240066, -21.616744492131399 ], [ -50.478909029320263, -21.616738229111835 ], [ -50.478906851507169, -21.616739061085315 ], [ -50.478793385840419, -21.61678185953523 ], [ -50.478678602645772, -21.616824778465599 ], [ -50.478676573086581, -21.616825552994857 ], [ -50.478564584897619, -21.61686915901198 ], [ -50.478450602583123, -21.616911778482475 ], [ -50.478449457195126, -21.616912211729861 ], [ -50.478335028932193, -21.616955992974983 ], [ -50.478221760624905, -21.616998345469611 ], [ -50.478107926144297, -21.617038929933702 ], [ -50.478104457101473, -21.617040211755462 ], [ -50.477990451426287, -21.617083831315032 ], [ -50.477874451312708, -21.61712646383204 ], [ -50.477872457037812, -21.617127211772832 ], [ -50.477758028775384, -21.617170993017766 ], [ -50.477643602365752, -21.617213778541398 ], [ -50.477528602334807, -21.617256778549812 ], [ -50.477527456942681, -21.617257211798744 ], [ -50.477412457032621, -21.617301211760726 ], [ -50.477411322783169, -21.617301650657819 ], [ -50.477297458796471, -21.61734620612744 ], [ -50.477183602239741, -21.617388778575421 ], [ -50.47706860220881, -21.6174317785838 ], [ -50.476953602177865, -21.617474778592186 ], [ -50.476952456783053, -21.617475211842152 ], [ -50.476837593079395, -21.61751915969046 ], [ -50.476724729479429, -21.61756210778254 ], [ -50.476724456719346, -21.61756221185945 ], [ -50.476610028459874, -21.617605993103261 ], [ -50.476495602052573, -21.617648778626037 ], [ -50.4764951686372, -21.617648941396041 ], [ -50.47638174889655, -21.617691722523272 ], [ -50.476268331030575, -21.617733508049717 ], [ -50.476267168575667, -21.617733941412805 ], [ -50.476153385119588, -21.617776859730746 ], [ -50.47603860192951, -21.617819778659438 ], [ -50.476036572349109, -21.617820553196797 ], [ -50.475924149825246, -21.617864328335262 ], [ -50.475811729227878, -21.617907107850947 ], [ -50.475811017406883, -21.617907380652891 ], [ -50.475697807824346, -21.617951075576155 ], [ -50.475583601804203, -21.617993778693236 ], [ -50.475582729044454, -21.617994107913837 ], [ -50.475469729133088, -21.618037107876681 ], [ -50.47546928350846, -21.618037278207193 ], [ -50.475357283595926, -21.618080278170073 ], [ -50.475356572156322, -21.618080553249417 ], [ -50.475244368444095, -21.618124243187008 ], [ -50.475131168382859, -21.618166941452074 ], [ -50.475129572091795, -21.618167553267014 ], [ -50.475016572179385, -21.618211553229063 ], [ -50.475014969973117, -21.618212187011121 ], [ -50.474904343875266, -21.618256634993131 ], [ -50.474792728941942, -21.618299107928351 ], [ -50.474792283316084, -21.618299278259325 ], [ -50.474680283403551, -21.618342278222205 ], [ -50.474678426730328, -21.61834300429253 ], [ -50.474565426816838, -21.618388004253802 ], [ -50.474564969839619, -21.618388187047721 ], [ -50.474534219374249, -21.618400542144244 ], [ -50.474563923002563, -21.618389764720877 ], [ -50.47456654366654, -21.61838878804047 ], [ -50.474680396569504, -21.618345226926753 ], [ -50.474794082530146, -21.618303706833601 ], [ -50.474906922913206, -21.618262764745015 ], [ -50.474908398293046, -21.618262221272211 ] ] ], [ [ [ -50.472380929167301, -21.617439654755042 ], [ -50.472295834748664, -21.617470786857112 ], [ -50.472298363168434, -21.617476471744506 ], [ -50.47242299324504, -21.617428004488982 ], [ -50.47254661263937, -21.617382512548105 ], [ -50.472549129637692, -21.617381562344562 ], [ -50.472672206691108, -21.617333919610605 ], [ -50.472797278887711, -21.617287265692148 ], [ -50.472800176395332, -21.617286152925974 ], [ -50.472909439989849, -21.617242976179426 ], [ -50.472867273983312, -21.617258529213544 ], [ -50.472866868846239, -21.617258679266499 ], [ -50.472746071267025, -21.617303603982908 ], [ -50.472624273919223, -21.617348529230963 ], [ -50.472623868781739, -21.61734867928406 ], [ -50.472502868877768, -21.617393679245126 ], [ -50.472502187818975, -21.61739393428293 ], [ -50.472380929167301, -21.617439654755042 ] ] ], [ [ [ -50.477716323796692, -21.615974650446528 ], [ -50.477602459793715, -21.616019205922505 ], [ -50.4774886032205, -21.61606177837664 ], [ -50.477486323731199, -21.616062650464414 ], [ -50.477371889883919, -21.616107428922671 ], [ -50.477258029542114, -21.616150992875976 ], [ -50.477143603125448, -21.616193778402273 ], [ -50.477141323633013, -21.616194650491234 ], [ -50.477027459632282, -21.61623920596633 ], [ -50.476913603062073, -21.616281778419356 ], [ -50.476912890782032, -21.616282046670396 ], [ -50.476796890873175, -21.616326046632366 ], [ -50.476795762165331, -21.616326479620142 ], [ -50.476680680155319, -21.616371123499928 ], [ -50.47656681645563, -21.616413698618956 ], [ -50.476451030288608, -21.616456619350128 ], [ -50.476450602814161, -21.616456778499007 ], [ -50.476335602905159, -21.616499778461826 ], [ -50.476334194810597, -21.616500312486643 ], [ -50.476217326146312, -21.616545261969229 ], [ -50.476102457579643, -21.616589211678068 ], [ -50.476101323339165, -21.616589650571676 ], [ -50.47598675851895, -21.616634480280151 ], [ -50.475870194803356, -21.616679312474506 ], [ -50.475869323272157, -21.616679650589916 ], [ -50.475754542476253, -21.616724564810511 ], [ -50.475638761961108, -21.616769479661542 ], [ -50.47563832320516, -21.616769650608148 ], [ -50.475523323294055, -21.616814650569371 ], [ -50.475522200261615, -21.616815094891404 ], [ -50.47540819452162, -21.616860697183451 ], [ -50.475292194637156, -21.616905312519457 ], [ -50.475289088552152, -21.616906544391991 ], [ -50.475175634371126, -21.616952912618387 ], [ -50.475060194569473, -21.616997312537681 ], [ -50.475056633467148, -21.616998731189042 ], [ -50.474944404485079, -21.61704500102838 ], [ -50.474829194501794, -21.617089312555898 ], [ -50.474828322966864, -21.617089650672753 ], [ -50.474713323055767, -21.617134650633965 ], [ -50.474711980598599, -21.617135182913454 ], [ -50.474596083884613, -21.617181739709057 ], [ -50.474480194401025, -21.617226312583117 ], [ -50.474479322864866, -21.617226650700449 ], [ -50.474364542068081, -21.617271564921388 ], [ -50.474248977747486, -21.617316395903977 ], [ -50.474132325548325, -21.617361262130672 ], [ -50.474017886579816, -21.617405047471721 ], [ -50.473901317316987, -21.61744888548159 ], [ -50.4738997613346, -21.617449479845853 ], [ -50.473783977615959, -21.617494395939836 ], [ -50.473667194170957, -21.61753931264564 ], [ -50.473666322631949, -21.617539650764073 ], [ -50.473551757815933, -21.617584480470914 ], [ -50.473435194104788, -21.617629312663574 ], [ -50.47343476120146, -21.617629479882069 ], [ -50.473320100961736, -21.617673960144291 ], [ -50.473204450917727, -21.617716464003109 ], [ -50.473201761136423, -21.617717479899884 ], [ -50.473085977419274, -21.617762395993314 ], [ -50.472970171455636, -21.617806936745215 ], [ -50.472852154437334, -21.617850573286304 ], [ -50.472849761037352, -21.617851479926966 ], [ -50.472735100801046, -21.617895960187859 ], [ -50.472619450759943, -21.617938464045626 ], [ -50.472617620779417, -21.617939149228704 ], [ -50.472500533402709, -21.617983801191272 ], [ -50.472384450697412, -21.618026464062531 ], [ -50.472382620715187, -21.618027149246256 ], [ -50.472265533339254, -21.618071801208526 ], [ -50.47214945063488, -21.618114464079461 ], [ -50.472148738235177, -21.61811472780893 ], [ -50.472030738328705, -21.618158727770862 ], [ -50.47203004199477, -21.618158989253793 ], [ -50.471911951875576, -21.61820364517822 ], [ -50.471794866354301, -21.618246311932776 ], [ -50.471676866323961, -21.61828931194102 ], [ -50.471675041899758, -21.618289989279813 ], [ -50.471556389695429, -21.618334857757173 ], [ -50.471439301282118, -21.618378517840426 ], [ -50.471321866230781, -21.618421311966269 ], [ -50.471319620426939, -21.618422149325241 ], [ -50.471202385549653, -21.618466857537946 ], [ -50.471124864107473, -21.618495520926096 ], [ -50.471146379441429, -21.618544850718351 ], [ -50.471264379533899, -21.618499850679516 ], [ -50.471264806438235, -21.618499687181693 ], [ -50.471381806529529, -21.618454687142847 ], [ -50.471382486387746, -21.618454423887872 ], [ -50.471499933794448, -21.618408639301869 ], [ -50.471617379434562, -21.618363850706466 ], [ -50.471620020108809, -21.618362816900337 ], [ -50.471736586120187, -21.618315991233271 ], [ -50.471854695637596, -21.618269342932201 ], [ -50.471970239141505, -21.618224520017137 ], [ -50.471971582588239, -21.618223991897732 ], [ -50.47208925091973, -21.618177123998702 ], [ -50.472205918596906, -21.618131254651253 ], [ -50.47220701993286, -21.618130816948501 ], [ -50.472322704683073, -21.618084345292786 ], [ -50.472439379197723, -21.618039850770298 ], [ -50.472440918403606, -21.618039254718951 ], [ -50.472557579009433, -21.617993388151998 ], [ -50.472673238937297, -21.617948520072524 ], [ -50.472674150635136, -21.617948163197671 ], [ -50.472792479683022, -21.617901428191608 ], [ -50.472908806089791, -21.617856687261899 ], [ -50.472911462905252, -21.61785563820915 ], [ -50.473027241488452, -21.617808727916497 ], [ -50.473143131578702, -21.617762173773439 ], [ -50.473258238766327, -21.617717520118795 ], [ -50.473258918163054, -21.617717254784392 ], [ -50.473375918253261, -21.617671254744778 ], [ -50.473377019583992, -21.617670817044125 ], [ -50.473493469789673, -21.617624037897347 ], [ -50.47360991818379, -21.617578254763622 ], [ -50.473611462693107, -21.617577638267292 ], [ -50.473727241277992, -21.61753072797395 ], [ -50.47384346968456, -21.617484037925859 ], [ -50.473959797616303, -21.617438302153484 ], [ -50.47407467716134, -21.617393349283986 ], [ -50.474076462551913, -21.617392638305965 ], [ -50.474191139348868, -21.617346174427261 ], [ -50.474306805681508, -21.617301687371931 ], [ -50.474307238335051, -21.617301520249889 ], [ -50.474423022111125, -21.617256604126119 ], [ -50.474539805615336, -21.617211687389904 ], [ -50.474656805582271, -21.617166687398893 ], [ -50.474772474137168, -21.61712219949008 ], [ -50.474889132851509, -21.617079688260276 ], [ -50.47489223817017, -21.617078520294925 ], [ -50.475007462000924, -21.61703382139158 ], [ -50.475123116315039, -21.616990327458119 ], [ -50.475239548564126, -21.616947536115532 ], [ -50.475242238072603, -21.616946520321644 ], [ -50.4753563312998, -21.616902260015074 ], [ -50.475471404086043, -21.616860951832013 ], [ -50.47547254837842, -21.616860536177775 ], [ -50.475589548471774, -21.616817536140527 ], [ -50.475705772849764, -21.616774821195644 ], [ -50.475822994113322, -21.616733098370233 ], [ -50.475826109326057, -21.616731953306648 ], [ -50.47594018924265, -21.616688681611645 ], [ -50.476055248976287, -21.616648361531016 ], [ -50.476058682007277, -21.616647114693432 ], [ -50.476173973404435, -21.616603757242444 ], [ -50.476289248918057, -21.616563361546703 ], [ -50.476290819333975, -21.616562802107818 ], [ -50.476406819427169, -21.616520802071406 ], [ -50.476407548137033, -21.616520536243531 ], [ -50.476524548230387, -21.616477536206261 ], [ -50.476525681884524, -21.616477114727047 ], [ -50.476641176241401, -21.616433680949228 ], [ -50.476755658218373, -21.616393217488902 ], [ -50.476757548046123, -21.616392536268229 ], [ -50.476874548139484, -21.616349536230995 ], [ -50.476876109047787, -21.61634895338301 ], [ -50.476990761380804, -21.616305464564231 ], [ -50.477106403669474, -21.61626395194466 ], [ -50.477107547954517, -21.616263536293079 ], [ -50.477224548047865, -21.616220536255835 ], [ -50.477341548017321, -21.616177536264122 ], [ -50.477343108922774, -21.616176953417195 ], [ -50.477458330132357, -21.616133248817391 ], [ -50.477574547955513, -21.616090536280819 ], [ -50.47757496935477, -21.616090380740381 ], [ -50.477690969446947, -21.616047380703179 ], [ -50.477693237407934, -21.616046520504838 ], [ -50.477808107037063, -21.616001959007452 ], [ -50.477922969383989, -21.615959380720131 ], [ -50.477925675972116, -21.615958349625537 ], [ -50.478040676060992, -21.615913349586748 ], [ -50.478155456792301, -21.615868435383643 ], [ -50.478271237366343, -21.615823520501788 ], [ -50.478246578576112, -21.615767939751549 ], [ -50.478173543812574, -21.615797548437072 ], [ -50.478060603380435, -21.615839778333729 ], [ -50.478057428641684, -21.615841003832969 ], [ -50.477944653848795, -21.615885914144531 ], [ -50.477831666835407, -21.615930514277551 ], [ -50.477717458029922, -21.615974211555713 ], [ -50.477716323796692, -21.615974650446528 ] ] ], [ [ [ -50.477693030811054, -21.615733619223082 ], [ -50.477690762608439, -21.615734479512945 ], [ -50.477575893035834, -21.615779040981785 ], [ -50.477461241327141, -21.615821541180669 ], [ -50.477344452240047, -21.615864463662643 ], [ -50.477342891090771, -21.615865046600518 ], [ -50.477227669939694, -21.615908751172 ], [ -50.477111452178235, -21.615951463679338 ], [ -50.476995023406516, -21.615994253738084 ], [ -50.476878596525275, -21.616036048000336 ], [ -50.476875890965758, -21.616037046634723 ], [ -50.47676066981591, -21.616080751205736 ], [ -50.476645394581737, -21.616123117314597 ], [ -50.476530341974986, -21.616163782457409 ], [ -50.476527318127154, -21.616164885290985 ], [ -50.476410884156387, -21.616208672422232 ], [ -50.476294815961161, -21.616251329961067 ], [ -50.476179964347338, -21.616292914163619 ], [ -50.476063751275817, -21.61633363839983 ], [ -50.4760603180044, -21.616334885324605 ], [ -50.475945026667439, -21.616378242747984 ], [ -50.475829751217574, -21.616418638415517 ], [ -50.475825890687481, -21.61642004671107 ], [ -50.475711441753724, -21.616463458372902 ], [ -50.475595006081932, -21.616504901575009 ], [ -50.475593451660977, -21.616505463831892 ], [ -50.475476451754332, -21.616548463794647 ], [ -50.475360022986443, -21.616591253851986 ], [ -50.475243596108712, -21.616633048112998 ], [ -50.475239761943747, -21.616634479696142 ], [ -50.475125101689862, -21.616678959963849 ], [ -50.475009451631436, -21.616721463827968 ], [ -50.475008317724892, -21.61672188540096 ], [ -50.474891317817224, -21.616765885362906 ], [ -50.474889761846178, -21.616766479722852 ], [ -50.474775307831933, -21.616810879983902 ], [ -50.474658867344559, -21.616853311683439 ], [ -50.474656194556566, -21.61685431257138 ], [ -50.474539194647846, -21.616899312532542 ], [ -50.474422194614768, -21.61694431254152 ], [ -50.474305194581703, -21.616989312550498 ], [ -50.474304761681296, -21.616989479767867 ], [ -50.474188977961234, -21.617034395862426 ], [ -50.47407219451555, -21.617079312568482 ], [ -50.474069537470008, -21.617080361711849 ], [ -50.473954427865735, -21.617127000943782 ], [ -50.473840323034686, -21.617171650655902 ], [ -50.473840082028346, -21.617171745186539 ], [ -50.473723082118553, -21.61721774514691 ], [ -50.47372198054228, -21.617218182945084 ], [ -50.473604980631407, -21.617265182904656 ], [ -50.473604537328811, -21.617265361750523 ], [ -50.473489307879959, -21.617312049540111 ], [ -50.473373082013914, -21.617357745175255 ], [ -50.473371980436042, -21.617358182974069 ], [ -50.47325553028292, -21.617404962091083 ], [ -50.473139421304722, -21.617450611770572 ], [ -50.473023761430198, -21.617495479821351 ], [ -50.473021980331389, -21.617496183002718 ], [ -50.472904980420516, -21.617543182962308 ], [ -50.472904537116662, -21.617543361808679 ], [ -50.472789860378036, -21.617589825655621 ], [ -50.472674194107249, -21.617634312678529 ], [ -50.472672849381169, -21.617634836821157 ], [ -50.472554304710251, -21.617681656981208 ], [ -50.472438761259248, -21.617726479867635 ], [ -50.472438081613653, -21.617726745299194 ], [ -50.472345522745847, -21.617763135962171 ], [ -50.472371526582286, -21.617753544382513 ], [ -50.472494326632088, -21.617708617531928 ], [ -50.472495812189059, -21.617708065736728 ], [ -50.47261747207834, -21.617662193971878 ], [ -50.472737928866287, -21.617617395989612 ], [ -50.472859726280461, -21.617572470710691 ], [ -50.472860131160857, -21.617572320752782 ], [ -50.472980928802137, -21.617527396007056 ], [ -50.473102726216354, -21.617482470728113 ], [ -50.47322472618432, -21.617437470736832 ], [ -50.473225131064169, -21.617437320779121 ], [ -50.473346131160177, -21.617392320740173 ], [ -50.473467131127919, -21.617347320748969 ], [ -50.473588131095696, -21.617302320757712 ], [ -50.473589887972309, -21.61730165568007 ], [ -50.473710810282917, -21.617255070852142 ], [ -50.47383172602261, -21.617210470780609 ], [ -50.473832957087801, -21.617210010985243 ], [ -50.47395134257647, -21.617165243360304 ], [ -50.474072725958486, -21.617120470797978 ], [ -50.474073541202735, -21.617120167590056 ], [ -50.474193134007223, -21.617075320285238 ], [ -50.474314725894388, -21.617030470815358 ], [ -50.47431772377179, -21.617029330989276 ], [ -50.474436432097157, -21.616982836891655 ], [ -50.474556130834756, -21.616938320828403 ], [ -50.474677130802512, -21.616893320837171 ], [ -50.474679058566146, -21.616892589814224 ], [ -50.47479730147009, -21.616846882469694 ], [ -50.474916541100654, -21.616802167604536 ], [ -50.474917887604633, -21.616801655780627 ], [ -50.47503921560633, -21.616754914661634 ], [ -50.475158541034276, -21.616710167622493 ], [ -50.475159637340099, -21.616709751946924 ], [ -50.475279090004335, -21.616663961755481 ], [ -50.475398540968634, -21.616619167640273 ], [ -50.47540072346591, -21.616618331073127 ], [ -50.475519635596605, -21.616571757151636 ], [ -50.475638540902246, -21.61652716765817 ], [ -50.475758540869791, -21.616482167666991 ], [ -50.47587854083735, -21.616437167675791 ], [ -50.475880723330448, -21.616436331110243 ], [ -50.475999635463033, -21.616389757188013 ], [ -50.476118540770948, -21.616345167693698 ], [ -50.476238540738507, -21.616300167702484 ], [ -50.476238956427387, -21.616300011164565 ], [ -50.476357956521042, -21.616255011125663 ], [ -50.476476748638291, -21.616210089733418 ], [ -50.476596540641118, -21.616165167728905 ], [ -50.476596956329438, -21.616165011191189 ], [ -50.476715748573078, -21.616120089751117 ], [ -50.476835540576211, -21.616075167746487 ], [ -50.476836377631159, -21.616074851193861 ], [ -50.476954377723615, -21.616029851154988 ], [ -50.476954636841704, -21.616029752082667 ], [ -50.477074507299804, -21.615983801736679 ], [ -50.477192167036179, -21.615938931494668 ], [ -50.477310956259025, -21.615894011196733 ], [ -50.477313580825928, -21.615892992366749 ], [ -50.477430273515587, -21.615846513071315 ], [ -50.477547956192197, -21.615802011214726 ], [ -50.477551461332375, -21.61580063862873 ], [ -50.477667239921267, -21.615753728333743 ], [ -50.477783468341137, -21.615707038280298 ], [ -50.477899916746736, -21.615661255142051 ], [ -50.47790255664497, -21.615660190111008 ], [ -50.478018233804363, -21.615612323695142 ], [ -50.478132910313946, -21.615565455899201 ], [ -50.478135099429402, -21.615564542247235 ], [ -50.47815296298144, -21.615556930819807 ], [ -50.478152762740102, -21.615556479477149 ], [ -50.478036762830172, -21.615601479438343 ], [ -50.478036324079618, -21.615601650382821 ], [ -50.477921324168499, -21.615646650344033 ], [ -50.477807672215128, -21.615691122844179 ], [ -50.477693030811054, -21.615733619223082 ] ] ], [ [ [ -50.477273469000295, -21.615283456230554 ], [ -50.477150069666472, -21.615328238243688 ], [ -50.477146697964855, -21.615329504675728 ], [ -50.477027375822743, -21.615375852942623 ], [ -50.476905069601713, -21.615420238261088 ], [ -50.476903594218179, -21.615420781839969 ], [ -50.476781330386061, -21.615466506522143 ], [ -50.476658069537692, -21.615511238278394 ], [ -50.476655523138511, -21.615512186747338 ], [ -50.476533985096289, -21.615558628110044 ], [ -50.476410458957453, -21.615603097516559 ], [ -50.476408594086521, -21.61560378187583 ], [ -50.476285594183835, -21.615649781836044 ], [ -50.476284927843963, -21.615650032716751 ], [ -50.476160927941422, -21.615697032676124 ], [ -50.476160523003315, -21.615697186784285 ], [ -50.476037523099585, -21.615744186743676 ], [ -50.475914523065192, -21.615791186753018 ], [ -50.475913461654422, -21.615791596640772 ], [ -50.475792112145704, -21.615838952543275 ], [ -50.475667778134856, -21.615884344321184 ], [ -50.47566552286581, -21.615885186821671 ], [ -50.47554252296208, -21.615932186781087 ], [ -50.475419924655611, -21.615979033284841 ], [ -50.475295460539094, -21.616025831788999 ], [ -50.475172593880039, -21.616071781918183 ], [ -50.475171927537176, -21.616072032800012 ], [ -50.475047927634627, -21.6161190327594 ], [ -50.475047275606187, -21.61611928151725 ], [ -50.474923860054432, -21.616166673085992 ], [ -50.474800458531902, -21.616211097630597 ], [ -50.474797522626737, -21.616212186886838 ], [ -50.474674924450667, -21.616259033340782 ], [ -50.474550460340133, -21.616305831842674 ], [ -50.474427593678506, -21.616351781972842 ], [ -50.474426674931387, -21.616352128766373 ], [ -50.474300801118723, -21.616400080691253 ], [ -50.474176927396236, -21.616447032824261 ], [ -50.47405312702886, -21.616493957153498 ], [ -50.473928327024424, -21.616540881951533 ], [ -50.47392727529656, -21.616541281601823 ], [ -50.47380293315738, -21.616589028979661 ], [ -50.473680593474754, -21.616634782028019 ], [ -50.473678233072704, -21.616635685970909 ], [ -50.473553753390931, -21.616684482002068 ], [ -50.473429800237859, -21.61673208000893 ], [ -50.47330532685239, -21.616778881998069 ], [ -50.47330387058404, -21.616779437618096 ], [ -50.473179870680454, -21.616827437576674 ], [ -50.47317923292966, -21.616827686010016 ], [ -50.473055607562024, -21.616876147150485 ], [ -50.472932993050037, -21.616921633175245 ], [ -50.472931674515436, -21.616922128879398 ], [ -50.472805674614229, -21.616970128837934 ], [ -50.472803823617213, -21.616970847094553 ], [ -50.472775602560532, -21.616981998962864 ], [ -50.47278854111223, -21.617012167581798 ], [ -50.47290743285069, -21.616967583177093 ], [ -50.47302631785719, -21.61692498271336 ], [ -50.473027434439885, -21.616924577959097 ], [ -50.473146876955731, -21.616880782367282 ], [ -50.473266317796586, -21.616837982729816 ], [ -50.473267434378236, -21.616837577975925 ], [ -50.473387434474105, -21.616793577937823 ], [ -50.47338772558399, -21.616793470879493 ], [ -50.473509022981858, -21.616748730033269 ], [ -50.473628317704616, -21.616705982754716 ], [ -50.473748317563476, -21.616662982802712 ], [ -50.47386831764473, -21.616619982771031 ], [ -50.473869434223786, -21.616619578018078 ], [ -50.473989434319655, -21.616575577979965 ], [ -50.47399013043411, -21.616575320917935 ], [ -50.474110027663407, -21.61653073103659 ], [ -50.474229918290334, -21.616488125273655 ], [ -50.474232956550935, -21.616487011099572 ], [ -50.474351543969469, -21.616442167114492 ], [ -50.47447213043484, -21.616397320904955 ], [ -50.474473377853997, -21.616396851101783 ], [ -50.474591377946467, -21.616351851062927 ], [ -50.474592723254631, -21.61635133109959 ], [ -50.474712604105129, -21.616304377762351 ], [ -50.474830484864995, -21.616258424241696 ], [ -50.474830723185335, -21.61625833111842 ], [ -50.474950723278049, -21.616211331077942 ], [ -50.474951581052622, -21.616210992272688 ], [ -50.475069581142947, -21.61616399223222 ], [ -50.475070230049575, -21.616163732130481 ], [ -50.475188905879165, -21.616115862883699 ], [ -50.475306033723534, -21.616069210263362 ], [ -50.475423484690459, -21.616023424288926 ], [ -50.475424149174501, -21.61602316355085 ], [ -50.475543149266016, -21.615976163510371 ], [ -50.475545741434807, -21.615975113510984 ], [ -50.475661909917598, -21.615926874051844 ], [ -50.475779057934361, -21.615881589939807 ], [ -50.475781461380059, -21.615880638583196 ], [ -50.475896475865817, -21.615834037882134 ], [ -50.476013484515903, -21.615788424336085 ], [ -50.476015018137673, -21.615787817395372 ], [ -50.476130493968867, -21.615741429664478 ], [ -50.476247956103329, -21.615697011206112 ], [ -50.476251461238917, -21.615695638621901 ], [ -50.476366138058687, -21.61564917473396 ], [ -50.476481804415926, -21.615604687669155 ], [ -50.476484461168724, -21.615603638641144 ], [ -50.476598581688897, -21.615557400150735 ], [ -50.476713681293688, -21.615514114825118 ], [ -50.476717017929118, -21.61551281745249 ], [ -50.476833129840031, -21.615466174202069 ], [ -50.476948237049619, -21.615421520538902 ], [ -50.476950017859359, -21.615420817471552 ], [ -50.477066348075823, -21.615374086525616 ], [ -50.477180240399981, -21.615329519959925 ], [ -50.477296804180575, -21.615284687732668 ], [ -50.477297675450899, -21.615284349718408 ], [ -50.477412675539782, -21.615239349679616 ], [ -50.477414909926885, -21.615238455990021 ], [ -50.477528578735608, -21.615192000037879 ], [ -50.477643236846824, -21.615147520593723 ], [ -50.477644119937636, -21.615147175014176 ], [ -50.47775789781786, -21.615102262689003 ], [ -50.477767193830744, -21.615098625118407 ], [ -50.477759566727201, -21.615101421722752 ], [ -50.477759275397673, -21.615101528861871 ], [ -50.47763727549485, -21.615146528822901 ], [ -50.47763469809945, -21.615147504638802 ], [ -50.47751498207068, -21.615194005902776 ], [ -50.477394275429283, -21.615238528840564 ], [ -50.477393870300979, -21.615238678890268 ], [ -50.477273469000295, -21.615283456230554 ] ] ], [ [ [ -50.467549674371568, -21.625162490699562 ], [ -50.467553341917281, -21.625161088466797 ], [ -50.4676635337009, -21.625117408837163 ], [ -50.467774498961759, -21.625074806099345 ], [ -50.467887276078912, -21.625031890909689 ], [ -50.467887721497235, -21.625031720658022 ], [ -50.467999721584754, -21.624988720620905 ], [ -50.46800203503566, -21.624987811835531 ], [ -50.468113688797807, -21.624942950944732 ], [ -50.468222618444798, -21.624899771621607 ], [ -50.468110452939889, -21.624941833682158 ], [ -50.468107843785432, -21.624942838053911 ], [ -50.467989936921434, -21.624989406307385 ], [ -50.467872037017479, -21.625033990300736 ], [ -50.467870269921086, -21.625034670441558 ], [ -50.467751151188558, -21.625081325274763 ], [ -50.467633244693296, -21.625125911760826 ], [ -50.467513452774618, -21.625170833726912 ], [ -50.467512615383761, -21.625171150406512 ], [ -50.467395033550467, -21.625215990932805 ], [ -50.467275452709693, -21.625260833744576 ], [ -50.467274615318047, -21.625261150424482 ], [ -50.4671570334866, -21.62530599095005 ], [ -50.46703745264476, -21.625350833762244 ], [ -50.46703703666099, -21.625350990411185 ], [ -50.46698891160873, -21.625369188958967 ], [ -50.466990993052207, -21.625373998332091 ], [ -50.467101770333841, -21.625332082600785 ], [ -50.467213547338218, -21.625290166220957 ], [ -50.467214721686638, -21.625289720606361 ], [ -50.467326721774157, -21.625246720569244 ], [ -50.467327173472576, -21.625246546368629 ], [ -50.46743692832267, -21.625204028720962 ], [ -50.467549674371568, -21.625162490699562 ] ] ], [ [ [ -50.4683454120782, -21.624851009290772 ], [ -50.468230013302232, -21.624896973206379 ], [ -50.468335836576522, -21.624857057406373 ], [ -50.468337173184374, -21.624856546447287 ], [ -50.468448173270694, -21.624813546410202 ], [ -50.468448884036754, -21.624813269126534 ], [ -50.468547436102185, -21.624774552240449 ], [ -50.468467903859342, -21.624805039597888 ], [ -50.468348453006314, -21.624849833664221 ], [ -50.4683454120782, -21.624851009290772 ] ] ], [ [ [ -50.467390966585114, -21.625529009039084 ], [ -50.467510547489006, -21.625484166196618 ], [ -50.467511384628821, -21.6254838496119 ], [ -50.46762896652011, -21.625439009056777 ], [ -50.467748547424065, -21.625394166214292 ], [ -50.467748963153795, -21.625394009660972 ], [ -50.4678679632475, -21.625349009622092 ], [ -50.467869730093355, -21.625348329577601 ], [ -50.467988848884147, -21.625301674714152 ], [ -50.468106963180695, -21.62525700964019 ], [ -50.468109156230859, -21.625256161964931 ], [ -50.468226856644641, -21.625209675243251 ], [ -50.468345547258799, -21.625165166259016 ], [ -50.468348587939964, -21.625163990727724 ], [ -50.468465074254681, -21.625117593632616 ], [ -50.468583547192374, -21.625073166276973 ], [ -50.468584643597147, -21.625072750563881 ], [ -50.468704096212278, -21.625026960391285 ], [ -50.468823547126711, -21.62498216629481 ], [ -50.468823962854628, -21.624982009742176 ], [ -50.468942962948333, -21.624937009703288 ], [ -50.468944729786564, -21.62493632966174 ], [ -50.469063848581548, -21.624889674796677 ], [ -50.469181550168095, -21.624845165789711 ], [ -50.469302136596234, -21.624800319594037 ], [ -50.469302546868057, -21.624800166378208 ], [ -50.469422546962939, -21.624755166339284 ], [ -50.46942406449152, -21.62475458851771 ], [ -50.469542103124297, -21.624708960135273 ], [ -50.469662136498719, -21.624664319620464 ], [ -50.469664064424407, -21.624663588536084 ], [ -50.469782854019201, -21.624617669865405 ], [ -50.469901891430396, -21.624572038854343 ], [ -50.470022136400459, -21.624527319647054 ], [ -50.470025155684162, -21.624526162115437 ], [ -50.47014306261287, -21.624479593828916 ], [ -50.470260962583865, -21.624435009802326 ], [ -50.470261643129398, -21.624434750691538 ], [ -50.470381643223234, -21.624388750651828 ], [ -50.470382729378571, -21.624388329773723 ], [ -50.470501641418437, -21.624341755887841 ], [ -50.470620546632389, -21.624297166428772 ], [ -50.470623587285999, -21.624295990908145 ], [ -50.470740073614671, -21.624249593807466 ], [ -50.470858546565971, -21.624205166446714 ], [ -50.470860729241544, -21.624204329811235 ], [ -50.470979641283314, -21.624157755924589 ], [ -50.471098546499562, -21.62411316646466 ], [ -50.471099383627291, -21.624112849884519 ], [ -50.471217305484068, -21.624067879681341 ], [ -50.471337887128414, -21.62402203872217 ], [ -50.471457546401425, -21.623977166491294 ], [ -50.471457962124937, -21.623977009940322 ], [ -50.471576549508171, -21.623932165968615 ], [ -50.471697135941348, -21.623887319771033 ], [ -50.471698383462233, -21.623886849929555 ], [ -50.471815414151578, -21.623842219578822 ], [ -50.471934439579464, -21.623798576918542 ], [ -50.471935546144977, -21.623798166574176 ], [ -50.472055546239851, -21.623753166535252 ], [ -50.472175546207396, -21.623708166544073 ], [ -50.472176383331536, -21.623707849965289 ], [ -50.472293965230499, -21.623663009407213 ], [ -50.472412437705195, -21.623618582226229 ], [ -50.472531322628896, -21.623575981792168 ], [ -50.472534383234468, -21.623574849991886 ], [ -50.472651760535044, -21.623530087458704 ], [ -50.472772135653145, -21.623485319849287 ], [ -50.472773383168715, -21.62348485000981 ], [ -50.472889859278176, -21.623440431151682 ], [ -50.473008322504768, -21.623397981825551 ], [ -50.473011383104492, -21.623396850027419 ], [ -50.473129172558572, -21.623351930316861 ], [ -50.473247961765054, -21.62330701002514 ], [ -50.473248383038765, -21.623306850045321 ], [ -50.473366383131264, -21.623261850006436 ], [ -50.473484172463287, -21.623216930342441 ], [ -50.473602961667041, -21.623172010051729 ], [ -50.473603382940155, -21.62317185007214 ], [ -50.473721383032654, -21.623126850033245 ], [ -50.47372224276365, -21.623126519346787 ], [ -50.47383705013651, -21.623081982000592 ], [ -50.473954849414731, -21.623038425961344 ], [ -50.473956382842246, -21.623037850098772 ], [ -50.474074382934745, -21.622992850059891 ], [ -50.474074809860035, -21.622992686554035 ], [ -50.474190894537941, -21.622948038597727 ], [ -50.474305974469956, -21.622905379653965 ], [ -50.47430780979537, -21.622904686571708 ], [ -50.474423684894973, -21.62286011922253 ], [ -50.47453955285367, -21.622817535268467 ], [ -50.474541809730709, -21.622816686589374 ], [ -50.474657894410029, -21.622772038632508 ], [ -50.474772974344027, -21.622729379688021 ], [ -50.474754614437813, -21.622686075970901 ], [ -50.474699378435595, -21.622707241166282 ], [ -50.474699097877469, -21.62270734897043 ], [ -50.474590470566184, -21.622749205362268 ], [ -50.474482844049504, -21.622790063573557 ], [ -50.47448163253943, -21.622790529097724 ], [ -50.47437363262322, -21.622832529061501 ], [ -50.474371247868412, -21.622833478468301 ], [ -50.474265263299664, -21.622876657363115 ], [ -50.474158302888526, -21.622916890174384 ], [ -50.474156632445279, -21.622917529123281 ], [ -50.474049093818387, -21.622959349696973 ], [ -50.473939556425265, -21.623001173061684 ], [ -50.473938369760944, -21.623001631536344 ], [ -50.473829558364741, -21.623044166897063 ], [ -50.473720755086035, -21.62308472084294 ], [ -50.473719556246962, -21.623085173122998 ], [ -50.47360955633313, -21.623127173086718 ], [ -50.473501189716877, -21.623168549428481 ], [ -50.473390838018297, -21.623207960746374 ], [ -50.47338636960631, -21.623209631578796 ], [ -50.47327740875167, -21.623252225364119 ], [ -50.473166454119067, -21.623293833347795 ], [ -50.473165556094187, -21.623294173164663 ], [ -50.473056376508637, -21.623335859912508 ], [ -50.47294620071105, -21.623376555474202 ], [ -50.472945453940341, -21.623376833408621 ], [ -50.47283345402888, -21.623418833372305 ], [ -50.472831369450184, -21.623419631621644 ], [ -50.472722186894416, -21.623462312071851 ], [ -50.472612008203434, -21.623504001302692 ], [ -50.47261127940159, -21.623504279085925 ], [ -50.472499865676298, -21.623547053995051 ], [ -50.472388453906184, -21.623588833405474 ], [ -50.472386369323765, -21.623589631656252 ], [ -50.472276598300574, -21.623632542143444 ], [ -50.472166638772087, -21.623675139074532 ], [ -50.472055453813788, -21.623716833430425 ], [ -50.47205311655695, -21.623717730700026 ], [ -50.471943083806465, -21.623760957849004 ], [ -50.471832073121107, -21.623801236058831 ], [ -50.47182927918282, -21.62380227914554 ], [ -50.471717643176852, -21.623845139394479 ], [ -50.471607007925229, -21.623887001378186 ], [ -50.471606012906314, -21.623887381640802 ], [ -50.471493103226777, -21.623930960812213 ], [ -50.47138320028639, -21.623971555588717 ], [ -50.471381012843707, -21.62397238165795 ], [ -50.471268103164988, -21.624015960829038 ], [ -50.471158200225723, -21.624056555605105 ], [ -50.471157163900777, -21.624056942439847 ], [ -50.471043163990636, -21.624099942402669 ], [ -50.471040658655802, -21.624100911365538 ], [ -50.470931482887359, -21.62414418824353 ], [ -50.47081932634385, -21.624185509071694 ], [ -50.470816827088782, -21.624186453467132 ], [ -50.470706494199518, -21.624229195033518 ], [ -50.470593163865949, -21.624271942436483 ], [ -50.470592278837842, -21.624272279239698 ], [ -50.470480278925351, -21.624315279202559 ], [ -50.470479567438218, -21.624315554300281 ], [ -50.470366567525851, -21.62435955426233 ], [ -50.470365422100755, -21.624360005328199 ], [ -50.470253347937188, -21.624404636628494 ], [ -50.470142278828398, -21.624447279228839 ], [ -50.470141567340264, -21.624447554326935 ], [ -50.470029363681505, -21.624491244243735 ], [ -50.469916163675997, -21.624533942487815 ], [ -50.469913421968869, -21.624535005364436 ], [ -50.469801347806964, -21.624579636664052 ], [ -50.469690278699865, -21.624622279263754 ], [ -50.469689567210445, -21.624622554362361 ], [ -50.469576567298077, -21.624666554324417 ], [ -50.469575421869351, -21.624667005391718 ], [ -50.469463569138298, -21.624711548511016 ], [ -50.469351943631864, -21.624754025469869 ], [ -50.469238163485294, -21.624796942539348 ], [ -50.469237723989231, -21.624797109047215 ], [ -50.469124724077929, -21.624840109010076 ], [ -50.46912242173827, -21.624841005427811 ], [ -50.469010215138212, -21.624885689468229 ], [ -50.468897802647469, -21.624929076741719 ], [ -50.468783744430347, -21.624971724593411 ], [ -50.468670892387465, -21.625013669597443 ], [ -50.46867059653492, -21.625013779890306 ], [ -50.46855559662599, -21.625056779853104 ], [ -50.468555163175843, -21.625056942636192 ], [ -50.46844116326573, -21.625099942599018 ], [ -50.468440451106133, -21.625100213147071 ], [ -50.468327177478429, -21.625143552619317 ], [ -50.468213920393985, -21.625183931228925 ], [ -50.468211892145106, -21.625184669675342 ], [ -50.468098892234849, -21.625226669639002 ], [ -50.468097451013222, -21.625227213172622 ], [ -50.467984177388026, -21.625270552643908 ], [ -50.467870920305778, -21.625310931252738 ], [ -50.467869752759633, -21.625311352576656 ], [ -50.467754752851718, -21.625353352540284 ], [ -50.467639752822031, -21.625395352548377 ], [ -50.467638596260073, -21.625395779965423 ], [ -50.467524754562127, -21.625438346858598 ], [ -50.467410920189145, -21.62547893128437 ], [ -50.467409752640883, -21.625479352609041 ], [ -50.467294752732975, -21.625521352572672 ], [ -50.467179752703274, -21.625563352580766 ], [ -50.46717859613927, -21.62556377999859 ], [ -50.467063743976261, -21.625606724717354 ], [ -50.466950891932619, -21.625648669721684 ], [ -50.466950596078085, -21.625648780015283 ], [ -50.466835596169162, -21.625691779978098 ], [ -50.46685328899823, -21.625733148812763 ], [ -50.466914384919285, -21.62570984951898 ], [ -50.46691464406419, -21.625709750436407 ], [ -50.46703430408246, -21.625663880759181 ], [ -50.467152755573181, -21.625619088175167 ], [ -50.467272547553947, -21.625574166178961 ], [ -50.467273384694558, -21.625573849593927 ], [ -50.467390966585114, -21.625529009039084 ] ] ], [ [ [ -50.467936720596917, -21.623839720838951 ], [ -50.468048356660795, -21.623796860561086 ], [ -50.468058138842132, -21.623793159194868 ], [ -50.467980500254995, -21.62382108184271 ], [ -50.467978893152896, -21.623821669482982 ], [ -50.467866323020836, -21.623863509706279 ], [ -50.467752126616425, -21.623905216216446 ], [ -50.467638881772331, -21.623945944622839 ], [ -50.467526264238913, -21.623985809234043 ], [ -50.467524753727638, -21.623986352396557 ], [ -50.467485972785695, -21.624000515870105 ], [ -50.467489360137719, -21.624008605953108 ], [ -50.467601360227313, -21.623967605917596 ], [ -50.467605805014344, -21.623965903885043 ], [ -50.467713813866318, -21.623922700341009 ], [ -50.467822799641596, -21.62388244433027 ], [ -50.46782354617838, -21.623882166482865 ], [ -50.467935546266943, -21.623840166446563 ], [ -50.467936720596917, -21.623839720838951 ] ] ], [ [ [ -50.467619634789372, -21.624834764831572 ], [ -50.467725933388515, -21.624795394976548 ], [ -50.467727622985016, -21.624794758406217 ], [ -50.467833555199263, -21.624754167554926 ], [ -50.467941481003258, -21.624714561752189 ], [ -50.467944368659893, -21.624713470546908 ], [ -50.468052368743699, -21.624671470510677 ], [ -50.468053319609723, -21.624671097245798 ], [ -50.468158473380072, -21.62462943254085 ], [ -50.468264622947736, -21.624588758403789 ], [ -50.468265368567238, -21.624588470572153 ], [ -50.468373368651051, -21.624546470535929 ], [ -50.468373840580895, -21.624546286150633 ], [ -50.468480232794818, -21.624504524717388 ], [ -50.468586622856073, -21.624463758428671 ], [ -50.468588319453517, -21.624463097288636 ], [ -50.468693612816217, -21.624421377273435 ], [ -50.468801903243325, -21.624379650683053 ], [ -50.468802840456284, -21.624379286184681 ], [ -50.468909468279726, -21.624337432269112 ], [ -50.469015095291319, -21.62429657653459 ], [ -50.469015840394356, -21.624296286201584 ], [ -50.469122840476984, -21.624254286165399 ], [ -50.469123319296521, -21.624254097331598 ], [ -50.46922724627445, -21.624212918714768 ], [ -50.469332148552922, -21.624174683301522 ], [ -50.469335840302634, -21.624173286226739 ], [ -50.469441620409455, -21.624131765060127 ], [ -50.469547391931876, -21.624092224300661 ], [ -50.469547857722922, -21.624092049352342 ], [ -50.469653624950112, -21.624052137188187 ], [ -50.469759598994507, -21.624012520720346 ], [ -50.469863802746112, -21.623974808883752 ], [ -50.469866622383158, -21.623973758570109 ], [ -50.469971990604471, -21.623933383828525 ], [ -50.470076343996958, -21.623895974118867 ], [ -50.470078391676651, -21.62389522438178 ], [ -50.470184146157891, -21.623855689993906 ], [ -50.470289892187232, -21.623818135326626 ], [ -50.470292857523752, -21.62381704940691 ], [ -50.47039783295488, -21.623777436034086 ], [ -50.470501802581083, -21.623739808928491 ], [ -50.470504622211088, -21.623738758617478 ], [ -50.470610217882346, -21.623698296722054 ], [ -50.470713347796078, -21.623660973512454 ], [ -50.470819892052212, -21.623623135363069 ], [ -50.470823810316105, -21.623621686395445 ], [ -50.470926712099434, -21.623582108783662 ], [ -50.471030976432907, -21.623543747375141 ], [ -50.471136343724993, -21.62350597419244 ], [ -50.471139330195257, -21.623504870167913 ], [ -50.471243070694214, -21.623465349975223 ], [ -50.47134680236195, -21.623427808987831 ], [ -50.471349330138366, -21.623426870183504 ], [ -50.471453702614504, -21.623387109237335 ], [ -50.471558072874359, -21.623348343137778 ], [ -50.471560297431317, -21.623347498112285 ], [ -50.471661957260572, -21.62330801856411 ], [ -50.47176660688045, -21.623269515398896 ], [ -50.471770060707463, -21.623268199445818 ], [ -50.47187280780792, -21.623227693374208 ], [ -50.471975545811787, -21.623189166619362 ], [ -50.471976026015476, -21.623188985669401 ], [ -50.472079026096495, -21.623149985635695 ], [ -50.472080297284762, -21.623149498152369 ], [ -50.472183053823741, -21.623109592697027 ], [ -50.472286810021103, -21.623069686463847 ], [ -50.472287297225556, -21.623069498168508 ], [ -50.47239029730553, -21.623029498133999 ], [ -50.472491788945653, -21.622990083902057 ], [ -50.472594267800716, -21.622952639701925 ], [ -50.472598294209568, -21.622951107152449 ], [ -50.472699043255631, -21.622911206536536 ], [ -50.472799511203661, -21.622871807338115 ], [ -50.472900221113079, -21.622834287956874 ], [ -50.47290405584792, -21.622832803250382 ], [ -50.473005035433083, -21.622792213413565 ], [ -50.473105008821122, -21.622753609824422 ], [ -50.473105511728143, -21.622753414662331 ], [ -50.473205511805617, -21.622714414628689 ], [ -50.473206804093408, -21.622713904187346 ], [ -50.473305509253848, -21.622674422119896 ], [ -50.473404204538859, -21.622636917908117 ], [ -50.473406804034433, -21.622635904203527 ], [ -50.473506413766259, -21.62259606030711 ], [ -50.473604621473413, -21.622557372418949 ], [ -50.473702219491095, -21.622519528286237 ], [ -50.473704847913069, -21.62251848238693 ], [ -50.47380179688983, -21.622478911372323 ], [ -50.473897739176124, -21.622441325730634 ], [ -50.473893735598985, -21.622432390549314 ], [ -50.473815670469307, -21.62246212964364 ], [ -50.473815190328402, -21.622462313433225 ], [ -50.473711190409567, -21.622502313398698 ], [ -50.473710160731031, -21.622502713494121 ], [ -50.473604380657974, -21.622544234641069 ], [ -50.473498609171486, -21.622583775380271 ], [ -50.473497378424476, -21.622584241213737 ], [ -50.473390378508135, -21.622625241178326 ], [ -50.473388681714162, -21.62262590239483 ], [ -50.473284139226735, -21.622667324886606 ], [ -50.4731786090829, -21.622706775404154 ], [ -50.473176160578092, -21.622707713535956 ], [ -50.473070000271768, -21.62274938393319 ], [ -50.472962844061811, -21.622790063601929 ], [ -50.472960681590251, -21.622790902428804 ], [ -50.47285538826636, -21.62283262242148 ], [ -50.472747470486247, -21.622874205415712 ], [ -50.472639843970754, -21.622915063626554 ], [ -50.472639097736817, -21.622915349040369 ], [ -50.472530097821803, -21.622957349004114 ], [ -50.47252963242822, -21.622957529159727 ], [ -50.472422237098947, -21.622999294006643 ], [ -50.472314843879722, -21.623040063651214 ], [ -50.472311247722246, -21.623041478540447 ], [ -50.472205486547239, -21.623084566423117 ], [ -50.472097755069399, -21.623124720879154 ], [ -50.472096097582202, -21.623125349082382 ], [ -50.471987326781026, -21.623167260763836 ], [ -50.471877699907203, -21.623209118294067 ], [ -50.471769843726761, -21.623250063692634 ], [ -50.471769556138675, -21.623250173184154 ], [ -50.47165955622485, -21.623292173147885 ], [ -50.471550756875608, -21.623333714714779 ], [ -50.47144196570239, -21.623373275138356 ], [ -50.471439556048061, -21.623374173208919 ], [ -50.471330154428351, -21.623415944733363 ], [ -50.471221359175509, -21.623456495688306 ], [ -50.471111965615684, -21.623496275161784 ], [ -50.471109555958165, -21.623497173233542 ], [ -50.470999556044347, -21.623539173197273 ], [ -50.470891787773517, -21.62358032108018 ], [ -50.470782046954014, -21.623618534398343 ], [ -50.470777555868338, -21.6236201732582 ], [ -50.470667555954513, -21.623662173221927 ], [ -50.470558376254793, -21.623703860013382 ], [ -50.470448582493638, -21.623744414462696 ], [ -50.47033896541263, -21.62378427521671 ], [ -50.470337453658274, -21.623784833517213 ], [ -50.470225453746828, -21.623826833480887 ], [ -50.470224555717067, -21.623827173299606 ], [ -50.470115594741713, -21.62386877657822 ], [ -50.470004639819301, -21.623909394002034 ], [ -50.470002555656421, -21.623910173316219 ], [ -50.469894189169935, -21.623951549608456 ], [ -50.469783837485203, -21.623990960921397 ], [ -50.46978100774367, -21.623992001472626 ], [ -50.469670230514922, -21.624033917177673 ], [ -50.469559045605848, -21.624075611515661 ], [ -50.469447639672666, -21.624116394041785 ], [ -50.469445555505182, -21.6241171733577 ], [ -50.469335555591378, -21.624159173321438 ], [ -50.469334827121635, -21.624159453490783 ], [ -50.469224638400107, -21.624202139208471 ], [ -50.469113453446042, -21.624243833562794 ], [ -50.469112278871194, -21.624244279263237 ], [ -50.469000642865325, -21.624287139512148 ], [ -50.468890007616828, -21.624329001494687 ], [ -50.468889278808788, -21.624329279280264 ], [ -50.468777278896319, -21.624372279243154 ], [ -50.468665278864755, -21.624415279251757 ], [ -50.468663658432412, -21.624415911459657 ], [ -50.468553466696541, -21.624459591062994 ], [ -50.46844227880085, -21.624502279269073 ], [ -50.468441115984255, -21.624502730889933 ], [ -50.468329471083315, -21.624546591382956 ], [ -50.46821949394878, -21.624589195134309 ], [ -50.468106163617612, -21.624631942536357 ], [ -50.468103658269406, -21.624632911504403 ], [ -50.467992658354653, -21.624676911466533 ], [ -50.467991964988194, -21.624677188180915 ], [ -50.467881117853267, -21.624721724972375 ], [ -50.467770501176254, -21.624764193871275 ], [ -50.467657724114744, -21.624807109032801 ], [ -50.467657278457779, -21.624807279375652 ], [ -50.467545278545295, -21.624850279338538 ], [ -50.467543658105619, -21.624850911549316 ], [ -50.467434482351337, -21.624894188421699 ], [ -50.467322325821776, -21.624935509244747 ], [ -50.467319826547453, -21.624936453647475 ], [ -50.467291265263057, -21.624947517927907 ], [ -50.467295481060312, -21.624957561747848 ], [ -50.467404481147398, -21.624917561713218 ], [ -50.467405392412495, -21.624917224182575 ], [ -50.467512392497241, -21.624877224147991 ], [ -50.467515319763592, -21.624876097203373 ], [ -50.467619634789372, -21.624834764831572 ] ] ], [ [ [ -50.470561799642049, -21.624013444406721 ], [ -50.470672799730465, -21.623972444371233 ], [ -50.470674444181419, -21.623971826749212 ], [ -50.470784444267601, -21.623929826712942 ], [ -50.470892212356439, -21.623888678894875 ], [ -50.4710019532356, -21.62385046555012 ], [ -50.471006444091557, -21.62384882677388 ], [ -50.471116444177746, -21.623806826737603 ], [ -50.471225243345728, -21.623765285234288 ], [ -50.471334034573964, -21.623725724784602 ], [ -50.4713352452724, -21.623725279036538 ], [ -50.471445245359625, -21.623684279001068 ], [ -50.471446443970969, -21.62368382680685 ], [ -50.471555243257193, -21.623642285258413 ], [ -50.471664034487254, -21.62360272480803 ], [ -50.471666443911069, -21.623601826823251 ], [ -50.471776443997243, -21.623559826786988 ], [ -50.471886300230167, -21.623517881676559 ], [ -50.47199415646287, -21.623476936251603 ], [ -50.471994443819653, -21.623476826848115 ], [ -50.472104443905842, -21.623434826811867 ], [ -50.472104902438751, -21.623434650933074 ], [ -50.472213075721982, -21.623392969481376 ], [ -50.472322245121156, -21.623352279065649 ], [ -50.472326752306444, -21.623350521474588 ], [ -50.47243296385448, -21.623307250099504 ], [ -50.472539156309907, -21.623266936293049 ], [ -50.472540367594661, -21.623266470855395 ], [ -50.472648135137227, -21.623224561251977 ], [ -50.472756529650368, -21.623182794555415 ], [ -50.472864156218861, -21.623141936317701 ], [ -50.472864902223037, -21.62314165099173 ], [ -50.472973902308034, -21.623099650955464 ], [ -50.472975318436475, -21.623099097585602 ], [ -50.473022001510145, -21.623080600517159 ], [ -50.473013038433095, -21.623083989915774 ], [ -50.473012616908129, -21.623084149990987 ], [ -50.472896140855489, -21.62312856882178 ], [ -50.472777677692406, -21.623171018118644 ], [ -50.472774616843914, -21.62317215000861 ], [ -50.47265723960092, -21.623216912513215 ], [ -50.472536864546079, -21.623261680092106 ], [ -50.472535616778167, -21.62326215002653 ], [ -50.472419140728192, -21.623306568856325 ], [ -50.472300677568278, -21.623349018152016 ], [ -50.472298453961344, -21.623349833418388 ], [ -50.472178454056227, -21.623394833379479 ], [ -50.472177616681087, -21.623395150053135 ], [ -50.472060034839885, -21.623439990582401 ], [ -50.47194045399128, -21.6234848333971 ], [ -50.471821006396354, -21.623529626242117 ], [ -50.471701560618484, -21.623573423024137 ], [ -50.471699616550389, -21.623574150088857 ], [ -50.471582239310244, -21.623618912592402 ], [ -50.471461864257869, -21.623663680170363 ], [ -50.471461037885852, -21.623663990078395 ], [ -50.471342245720649, -21.623708911482048 ], [ -50.471222453797253, -21.623753833449879 ], [ -50.471221772805976, -21.623754090578664 ], [ -50.471100772900982, -21.623800090538925 ], [ -50.471100616385336, -21.623800150133892 ], [ -50.470983034546791, -21.62384499066216 ], [ -50.470863453699124, -21.623889833476497 ], [ -50.470861270772922, -21.623890670207917 ], [ -50.470742358788456, -21.623937244064887 ], [ -50.470623453632726, -21.623981833494465 ], [ -50.470620412732174, -21.623983009110376 ], [ -50.470503926457205, -21.624029406182306 ], [ -50.470385453566294, -21.624073833512387 ], [ -50.470383270635885, -21.624074670245417 ], [ -50.470263812949675, -21.624121457835287 ], [ -50.470144696919839, -21.624167118976235 ], [ -50.470026037614296, -21.624211990138594 ], [ -50.47002384433214, -21.6242128379034 ], [ -50.469973963293583, -21.624232538816287 ], [ -50.470006162705388, -21.6242210390255 ], [ -50.470009444362603, -21.62421982669958 ], [ -50.470118405391275, -21.624178223394861 ], [ -50.470229360372223, -21.624137605943307 ], [ -50.470231444301973, -21.624136826716178 ], [ -50.47034099594223, -21.624094997904923 ], [ -50.470451792136664, -21.624053449329054 ], [ -50.470561034777042, -21.624013724729686 ], [ -50.470561799642049, -21.624013444406721 ] ] ], [ [ [ -50.467671444697373, -21.624534826563711 ], [ -50.467780846251081, -21.624493055058316 ], [ -50.467890245898992, -21.624452278822723 ], [ -50.4678914445198, -21.624451826624941 ], [ -50.468001444605996, -21.624409826588685 ], [ -50.468110846159874, -21.624368055083217 ], [ -50.468220245809214, -21.624327278847097 ], [ -50.468221444428437, -21.624326826649895 ], [ -50.468330846099846, -21.62428505509957 ], [ -50.468440245749619, -21.624244278863273 ], [ -50.468441444367791, -21.624243826666479 ], [ -50.468551444453986, -21.624201826630209 ], [ -50.468552368274494, -21.624201470637036 ], [ -50.468659310169791, -21.62415988211907 ], [ -50.468768245659824, -21.624119278887566 ], [ -50.468769444276404, -21.624118826691387 ], [ -50.468879444362592, -21.624076826655134 ], [ -50.468881805110833, -21.624075903891345 ], [ -50.468990486090576, -21.624032431495877 ], [ -50.469097156825235, -21.623991936120657 ], [ -50.469097444183518, -21.623991826716601 ], [ -50.469207444269706, -21.623949826680334 ], [ -50.469317071369844, -21.623907969057086 ], [ -50.469425697799799, -21.623867109571041 ], [ -50.469427368026317, -21.623866470704954 ], [ -50.4695343099254, -21.62382488218552 ], [ -50.469643245419107, -21.623784278952655 ], [ -50.469644902682866, -21.623783650834028 ], [ -50.469753673534548, -21.62374173912632 ], [ -50.469862689888146, -21.623700114697293 ], [ -50.469969932571018, -21.623660395182007 ], [ -50.469972367872977, -21.623659470746997 ], [ -50.470079309774377, -21.623617882226654 ], [ -50.47018808890288, -21.623577337275439 ], [ -50.47029593248309, -21.623537395205826 ], [ -50.470297902501116, -21.623536650883779 ], [ -50.47040690258612, -21.62349465084753 ], [ -50.470407367750795, -21.623494470780503 ], [ -50.470513320872676, -21.62345326678599 ], [ -50.470620250428844, -21.623415007583869 ], [ -50.470623156289768, -21.623413936278826 ], [ -50.470731156374626, -21.623372936243417 ], [ -50.470838545330501, -21.623332168210943 ], [ -50.470945932307956, -21.623292395253269 ], [ -50.47094790232088, -21.623291650933144 ], [ -50.471056148424339, -21.623249941422252 ], [ -50.47116239129123, -21.623210224459424 ], [ -50.471163156141294, -21.623209936319292 ], [ -50.471271156226152, -21.623168936283854 ], [ -50.471379156196292, -21.62312793629199 ], [ -50.471379621757237, -21.623127758725897 ], [ -50.471486007534693, -21.623086994079163 ], [ -50.471592391173893, -21.62304722449122 ], [ -50.471594367419023, -21.623046470871561 ], [ -50.471701994987129, -21.62300461570273 ], [ -50.47180862175076, -21.622963758715041 ], [ -50.471809094189076, -21.622963576833929 ], [ -50.471914858099467, -21.622922668148256 ], [ -50.472021621690644, -21.622881758731378 ], [ -50.472022839333327, -21.622881286478112 ], [ -50.472129467161118, -21.622839432560806 ], [ -50.472235094180014, -21.622798576823449 ], [ -50.472235573631984, -21.622798390492555 ], [ -50.47234009825646, -21.622757576111997 ], [ -50.472446621569624, -21.622716758764156 ], [ -50.472448804085872, -21.622715904174033 ], [ -50.47255257135555, -21.622674397262685 ], [ -50.472656329665504, -21.6226348702838 ], [ -50.472657573510062, -21.622634390525789 ], [ -50.472762573591361, -21.62259339049044 ], [ -50.472763803992869, -21.622592904199532 ], [ -50.472867571264288, -21.622551397287499 ], [ -50.472971329575685, -21.622511870308042 ], [ -50.47307632954648, -21.622471870315987 ], [ -50.473079797419274, -21.622470502965314 ], [ -50.473181551800174, -21.622429010883895 ], [ -50.473283053285478, -21.622389592827549 ], [ -50.473386809485419, -21.622349686593378 ], [ -50.473387296686155, -21.622349498299467 ], [ -50.473489261755674, -21.622309900211228 ], [ -50.473590220703187, -21.622272288051178 ], [ -50.473592296628432, -21.622271498315243 ], [ -50.473695296708392, -21.622231498280737 ], [ -50.473686094466636, -21.622210780694768 ], [ -50.473681261006071, -21.622212674215234 ], [ -50.473679152123417, -21.622213517624587 ], [ -50.473582461239069, -21.622252983288099 ], [ -50.47348578069149, -21.622290471659966 ], [ -50.473484977521018, -21.622290785573973 ], [ -50.473385977597303, -21.622329785540376 ], [ -50.47338519599807, -21.622330095808802 ], [ -50.47328649088238, -21.622369577851781 ], [ -50.473187795644506, -21.622407082038695 ], [ -50.473185195939081, -21.622408095824955 ], [ -50.473085840920128, -21.622447837828961 ], [ -50.472986739648341, -21.622486487321421 ], [ -50.472885991363647, -21.622525390121044 ], [ -50.472883944183636, -21.622526196762614 ], [ -50.47278385096768, -21.622566430307042 ], [ -50.472683779071104, -21.622603711990532 ], [ -50.472681208175366, -21.622604694887428 ], [ -50.472579208254139, -21.622644694852958 ], [ -50.472578705820943, -21.622644892860261 ], [ -50.472479707576674, -21.622684100082886 ], [ -50.472377732384317, -21.62272136024604 ], [ -50.472374702830649, -21.622722501836861 ], [ -50.472271702910618, -21.622762501802363 ], [ -50.472168946311733, -21.622802407274328 ], [ -50.472065190165864, -21.622842313480877 ], [ -50.472064702741811, -21.622842501861061 ], [ -50.471962337256315, -21.622882255444498 ], [ -50.471860214028681, -21.622920923459567 ], [ -50.47175645437423, -21.622959833326988 ], [ -50.471753939320166, -21.622960800567924 ], [ -50.471651657822527, -21.623001123078453 ], [ -50.471547393306437, -21.62303948454803 ], [ -50.471544702595253, -21.623040501901141 ], [ -50.471442811442508, -21.623080071277922 ], [ -50.471338927312097, -21.623118656808863 ], [ -50.471337669884313, -21.62311912983062 ], [ -50.47123392943702, -21.623158649998398 ], [ -50.471130197823513, -21.623196190960414 ], [ -50.471127669827425, -21.623197129846204 ], [ -50.471024157010788, -21.623236563297642 ], [ -50.470919656460886, -21.623274025756075 ], [ -50.470918393026992, -21.623274484634631 ], [ -50.470812393111572, -21.623313484600867 ], [ -50.470810189708509, -21.623314313618341 ], [ -50.470708138358745, -21.623353564135048 ], [ -50.4706031081341, -21.62339086458573 ], [ -50.470602197575445, -21.623391191037719 ], [ -50.470497197659874, -21.623429191004778 ], [ -50.470494377810738, -21.623430241397305 ], [ -50.470388782193595, -21.623470703266602 ], [ -50.470285197604369, -21.623508191019777 ], [ -50.470283142496989, -21.623508950607555 ], [ -50.470178619265461, -21.62354839333404 ], [ -50.470073107999085, -21.623585864622157 ], [ -50.470070608342184, -21.623586775633012 ], [ -50.469964629413404, -21.623626393921693 ], [ -50.469859656188945, -21.623664025829662 ], [ -50.469856377638656, -21.623665241444687 ], [ -50.46975078202518, -21.623705703312588 ], [ -50.469647197439343, -21.623743191064523 ], [ -50.469645608229264, -21.623743775663858 ], [ -50.469538608313997, -21.623783775629256 ], [ -50.469538142297829, -21.623783950662119 ], [ -50.469432375126303, -21.623823862799387 ], [ -50.469325608256405, -21.623863775644917 ], [ -50.469323159722137, -21.623864713788027 ], [ -50.469217996053203, -21.623905992982277 ], [ -50.469112851634407, -21.623944316645662 ], [ -50.469108680730166, -21.623945902682795 ], [ -50.469002920050798, -21.623987807853844 ], [ -50.4688965318594, -21.624029567701001 ], [ -50.468790904897411, -21.624070423409119 ], [ -50.468790159568485, -21.624070713830069 ], [ -50.468683627616599, -21.624112530106711 ], [ -50.46857509694761, -21.6241543492599 ], [ -50.468573680573179, -21.624154902725778 ], [ -50.468468526850373, -21.624196567404905 ], [ -50.468362377333108, -21.624237241515328 ], [ -50.468361159443873, -21.624237713864126 ], [ -50.468254395327207, -21.62427962127077 ], [ -50.468147003947337, -21.624321384581638 ], [ -50.468040377241451, -21.624362241540222 ], [ -50.468038680416974, -21.62436290276861 ], [ -50.467933155264348, -21.624404714617867 ], [ -50.467827069394922, -21.624445970230621 ], [ -50.467719519185948, -21.624485438193965 ], [ -50.467717377036784, -21.624486241608579 ], [ -50.467611219912357, -21.624526918634622 ], [ -50.467504066800231, -21.624566604969321 ], [ -50.4675006802631, -21.624567902811027 ], [ -50.467396137805153, -21.624609325291168 ], [ -50.467324919520507, -21.62463594894675 ], [ -50.467334913109148, -21.624662160741511 ], [ -50.467343913116629, -21.624659160738908 ], [ -50.467351010109944, -21.624656609468374 ], [ -50.467451130249387, -21.624617949213619 ], [ -50.467560245988778, -21.624577278798363 ], [ -50.467561444611185, -21.624576826599981 ], [ -50.467671444697373, -21.624534826563711 ] ] ], [ [ [ -50.467749499932872, -21.62421591811496 ], [ -50.467863500024805, -21.624174918079415 ], [ -50.467864246195106, -21.624174647644558 ], [ -50.467979246287207, -21.624132647608178 ], [ -50.467980106860459, -21.624132330533726 ], [ -50.468092305151607, -21.624090628511414 ], [ -50.468205499937461, -21.624049918103154 ], [ -50.468207106801039, -21.624049330550001 ], [ -50.468320106890779, -21.62400733051366 ], [ -50.4684326769626, -21.623965490307217 ], [ -50.468547086559234, -21.623923705929943 ], [ -50.468659926937669, -21.623882763843049 ], [ -50.468662720634654, -21.623881720846288 ], [ -50.468773915521894, -21.62383902994894 ], [ -50.468885890131311, -21.623797411064341 ], [ -50.468999673351476, -21.623755490927639 ], [ -50.469110736375406, -21.623714467705526 ], [ -50.469224673292416, -21.62367249094374 ], [ -50.469225991797856, -21.623671998626175 ], [ -50.469336333722694, -21.623630247624661 ], [ -50.469449673232624, -21.623588490959968 ], [ -50.469560799409379, -21.623547444411095 ], [ -50.469561545943641, -21.623547166564638 ], [ -50.469673326357032, -21.623505248906596 ], [ -50.469785733512687, -21.623463469252922 ], [ -50.469897359847813, -21.623422606038094 ], [ -50.469898545853511, -21.623422166589236 ], [ -50.47001054594206, -21.623380166552913 ], [ -50.470010991585923, -21.623379998684154 ], [ -50.470121618714373, -21.623338139767625 ], [ -50.470231245063701, -21.623297279034322 ], [ -50.470231545763355, -21.623297166613792 ], [ -50.470343545851904, -21.623255166577472 ], [ -50.47034563018736, -21.623254368421126 ], [ -50.470454591096754, -21.623211774607807 ], [ -50.470565545790564, -21.623170166594075 ], [ -50.470566443576935, -21.623169826867379 ], [ -50.47067644366313, -21.623127826831116 ], [ -50.47067763009295, -21.623127368447001 ], [ -50.470786441544874, -21.623084833058012 ], [ -50.470895244881937, -21.623044279083476 ], [ -50.470898804324413, -21.623042904094039 ], [ -50.471008087422263, -21.622999190851001 ], [ -50.471115367462097, -21.622957470831587 ], [ -50.471115629966476, -21.622957368481504 ], [ -50.471224894552179, -21.622914655958194 ], [ -50.471332156005552, -21.622873936328869 ], [ -50.471335274735651, -21.622872715050828 ], [ -50.471443920763761, -21.622828857934365 ], [ -50.471550736024007, -21.622786329632476 ], [ -50.471658902028274, -21.622744650984796 ], [ -50.471661529042727, -21.622743612129042 ], [ -50.471766451629229, -21.62270104918916 ], [ -50.471873367241145, -21.62265947089157 ], [ -50.471875043953375, -21.62265880798175 ], [ -50.471981442665829, -21.622616049616749 ], [ -50.472087839212158, -21.622574286482394 ], [ -50.472090020964259, -21.622573411609306 ], [ -50.4721944136218, -21.622530660326294 ], [ -50.472298189831434, -21.622489149838444 ], [ -50.472402573477474, -21.622448390506143 ], [ -50.472403803877, -21.62244790421602 ], [ -50.472508803957197, -21.622405904179903 ], [ -50.472613803925434, -21.622363904188543 ], [ -50.472614797330898, -21.62236350297426 ], [ -50.472716930975913, -21.622321856241285 ], [ -50.472819678774819, -21.622281349893569 ], [ -50.472922296709612, -21.622241498264827 ], [ -50.472922791341077, -21.622241305233985 ], [ -50.473024544173235, -21.622201402159074 ], [ -50.473126023003246, -21.622161992901731 ], [ -50.473227740203733, -21.622124466164458 ], [ -50.473229512949707, -21.622123800275215 ], [ -50.473331513029549, -21.622084800241531 ], [ -50.473321535316849, -21.622061984439927 ], [ -50.473268946850119, -21.622082407143751 ], [ -50.473165190701529, -21.622122313351344 ], [ -50.473164703281206, -21.6221225017301 ], [ -50.473061703361175, -21.622162501695591 ], [ -50.473059202613314, -21.622163497047968 ], [ -50.472957927724259, -21.622204793601128 ], [ -50.472854670640913, -21.622244129629006 ], [ -50.472749670611705, -21.622284129636967 ], [ -50.47274719603579, -21.622285095814515 ], [ -50.472642810192895, -21.622326850147907 ], [ -50.472539047401398, -21.622367367043886 ], [ -50.472434670521885, -21.622407129661219 ], [ -50.472432195942794, -21.622408095840012 ], [ -50.472328283782232, -21.622449660700688 ], [ -50.472222378619541, -21.622490241179797 ], [ -50.472221426393702, -21.622490609521527 ], [ -50.472116666034303, -21.622531515944086 ], [ -50.472010906008698, -21.622572423120239 ], [ -50.472010160691461, -21.622572713536655 ], [ -50.471903768518381, -21.622614474946893 ], [ -50.471797378498522, -21.622655241212616 ], [ -50.47179690583468, -21.622655423180504 ], [ -50.471691141975192, -21.622696331839773 ], [ -50.471584378438401, -21.62273724122894 ], [ -50.471583632603839, -21.622737529143549 ], [ -50.471476618026763, -21.622779145920362 ], [ -50.471370609014393, -21.622818775454373 ], [ -50.47136937826459, -21.622819241288898 ], [ -50.471262610973881, -21.622860152116672 ], [ -50.471154843993332, -21.622901063652279 ], [ -50.471047225976491, -21.622941918637121 ], [ -50.470940608897052, -21.622981775486174 ], [ -50.470939097700054, -21.622982349082314 ], [ -50.470831080054708, -21.623023970557316 ], [ -50.470724067880774, -21.6230636046926 ], [ -50.470722843759987, -21.623064063728179 ], [ -50.470614843844835, -21.623105063692751 ], [ -50.470508290955856, -21.623145514323994 ], [ -50.470400749759385, -21.623183992363852 ], [ -50.470396632272056, -21.623185529234611 ], [ -50.470288864780812, -21.623227438811025 ], [ -50.470181079876696, -21.62326897060581 ], [ -50.470074067705639, -21.623308604740036 ], [ -50.470073754832896, -21.623308720987357 ], [ -50.46996375492013, -21.6233497209519 ], [ -50.469961632149861, -21.623350529268127 ], [ -50.46985484568021, -21.623392057336591 ], [ -50.469748067617708, -21.623431604763848 ], [ -50.469746556018265, -21.623432173249377 ], [ -50.469636556104447, -21.623474173213115 ], [ -50.469636097338082, -21.623474349181421 ], [ -50.469527924111155, -21.623516030605213 ], [ -50.469418754771439, -21.623556720992177 ], [ -50.469416631996523, -21.623557529310162 ], [ -50.469309465198599, -21.623599205283913 ], [ -50.469201302390296, -21.623639890373525 ], [ -50.469200555866195, -21.623640173290827 ], [ -50.469090555952398, -21.623682173254554 ], [ -50.468980699541319, -21.623724118426399 ], [ -50.468872843364409, -21.62376506382364 ], [ -50.468870194913976, -21.623766096124427 ], [ -50.468761371286988, -21.62380962557156 ], [ -50.468653154124667, -21.62385094484814 ], [ -50.468543754530742, -21.623891721057245 ], [ -50.468541631748344, -21.623892529378086 ], [ -50.468434093126817, -21.623934349949714 ], [ -50.468325154034432, -21.62397594487264 ], [ -50.468215754440948, -21.624016721081567 ], [ -50.468214555590578, -21.6240171733659 ], [ -50.468105153974726, -21.624058944888866 ], [ -50.467995754381349, -21.624099721097735 ], [ -50.467994555529913, -21.624100173382473 ], [ -50.467884555616102, -21.624142173346197 ], [ -50.467775153883871, -21.624183944913614 ], [ -50.467665754291573, -21.624224721122111 ], [ -50.467664555438539, -21.62422517340741 ], [ -50.467554555524742, -21.624267173371159 ], [ -50.467445153793356, -21.624308944938264 ], [ -50.467403062982861, -21.62432463333003 ], [ -50.467408927138798, -21.624338763799056 ], [ -50.467521927229562, -21.624297763763526 ], [ -50.467522246281987, -21.624297647620743 ], [ -50.467636492637773, -21.624255922862353 ], [ -50.467748735952149, -21.624216190713124 ], [ -50.467749499932872, -21.62421591811496 ] ] ], [ [ [ -50.468024720364916, -21.623531720887119 ], [ -50.468136720452421, -21.623488720850009 ], [ -50.468138340628855, -21.62348808874183 ], [ -50.46824779976837, -21.623444699530062 ], [ -50.468356245127758, -21.623404278983411 ], [ -50.468358882952863, -21.623403269344657 ], [ -50.468470302622521, -21.623359497327915 ], [ -50.468581720326121, -21.623316720884379 ], [ -50.468583340499691, -21.623316088777312 ], [ -50.468693985759437, -21.623272229391159 ], [ -50.468803630272426, -21.623229368350326 ], [ -50.468913630240429, -21.623186368359043 ], [ -50.468915033637117, -21.623185812142324 ], [ -50.469027033722476, -21.623140812103639 ], [ -50.469027966359576, -21.623140433981643 ], [ -50.46913796644251, -21.623095433943014 ], [ -50.469247033225471, -21.623050815709391 ], [ -50.469355094828011, -21.623008185898584 ], [ -50.469356966257315, -21.623007434009676 ], [ -50.469466966340271, -21.622962433971065 ], [ -50.469576966305674, -21.622917433980501 ], [ -50.469686966271048, -21.622872433989972 ], [ -50.469687925010632, -21.622872038152128 ], [ -50.469794868085494, -21.622827478533125 ], [ -50.46990380423177, -21.622783904069937 ], [ -50.469905924941337, -21.622783038171193 ], [ -50.470012285664794, -21.62273872119891 ], [ -50.470120037564236, -21.62269659999766 ], [ -50.470229443303481, -21.622654826893612 ], [ -50.47023109444654, -21.62265418601627 ], [ -50.470268016983852, -21.622639620243469 ], [ -50.470257966241739, -21.622643275058493 ], [ -50.470255556607142, -21.622644173121731 ], [ -50.470146925408841, -21.622685650485622 ], [ -50.470040304649721, -21.622724152423451 ], [ -50.470038008688881, -21.622725001280276 ], [ -50.469927008776253, -21.622767001243979 ], [ -50.469926556517265, -21.62276717314634 ], [ -50.469817154893789, -21.622808944672219 ], [ -50.469707755291928, -21.622849720884272 ], [ -50.469706556456607, -21.622850173162917 ], [ -50.46959655654279, -21.62289217312664 ], [ -50.469595828083023, -21.62289245329216 ], [ -50.469485191900425, -21.622935312350407 ], [ -50.469375556480642, -21.622977173143521 ], [ -50.469373659538064, -21.622977911219415 ], [ -50.46926420044813, -21.623021300404904 ], [ -50.469155755139596, -21.623061720925389 ], [ -50.469154279763984, -21.623062279083946 ], [ -50.469042418006907, -21.62310522600508 ], [ -50.468932556356336, -21.623147173177344 ], [ -50.468931117021022, -21.623147730669498 ], [ -50.468820431041678, -21.623191214443779 ], [ -50.468711755017452, -21.623231720958429 ], [ -50.46870982783183, -21.62323245336076 ], [ -50.468599639102074, -21.623275139081638 ], [ -50.468488454139674, -21.623316833439098 ], [ -50.468376454109404, -21.623358833447337 ], [ -50.468373904810917, -21.623359814192849 ], [ -50.468266174752216, -21.623402313203524 ], [ -50.468155454048059, -21.623443833463931 ], [ -50.468154279483606, -21.623444279160438 ], [ -50.46804264347525, -21.623487139410312 ], [ -50.46793200822281, -21.623529001394338 ], [ -50.467931279421208, -21.623529279177475 ], [ -50.467819865696619, -21.623572054086392 ], [ -50.46770882680606, -21.623613693667163 ], [ -50.467598200549425, -21.623654555614845 ], [ -50.46759419501047, -21.623656096130723 ], [ -50.467563812085359, -21.623668249299879 ], [ -50.467577359913641, -21.623700605998298 ], [ -50.467689360003234, -21.623659605962803 ], [ -50.467691443921332, -21.623658826740019 ], [ -50.467801444007527, -21.623616826703756 ], [ -50.467802883111773, -21.623616269301014 ], [ -50.467913348016495, -21.623572872370978 ], [ -50.468022799386084, -21.623532444384153 ], [ -50.468024720364916, -21.623531720887119 ] ] ], [ [ [ -50.471990390632378, -21.622312224605668 ], [ -50.47199132930588, -21.622311870362108 ], [ -50.47209609304381, -21.622271960363619 ], [ -50.472200603908682, -21.622232522298827 ], [ -50.472305342792261, -21.622194974394397 ], [ -50.472310553893571, -21.622193003926053 ], [ -50.472411821653623, -21.622152693455373 ], [ -50.472515071971827, -21.622114343333724 ], [ -50.472518553833311, -21.622113003942623 ], [ -50.472619657407655, -21.622072758827475 ], [ -50.472720740134385, -21.622035466167681 ], [ -50.472722809131113, -21.622034686671213 ], [ -50.472825777612236, -21.621995083406372 ], [ -50.472927740078774, -21.621957466182693 ], [ -50.472930791122494, -21.621956305278456 ], [ -50.473031510486408, -21.621916807485686 ], [ -50.473132220409035, -21.621879288099514 ], [ -50.47313400805011, -21.621878609999623 ], [ -50.473225836232992, -21.621843151589527 ], [ -50.473214487075772, -21.621817199737912 ], [ -50.47311337132728, -21.62185586163897 ], [ -50.473011259980865, -21.621893533783243 ], [ -50.473008703456181, -21.621894501698009 ], [ -50.472905703536156, -21.621934501663496 ], [ -50.472905208687457, -21.621934694779092 ], [ -50.472803455903865, -21.621974597828011 ], [ -50.47270070347691, -21.622014501679594 ], [ -50.472699940040656, -21.622014800402134 ], [ -50.472595940120755, -21.62205580036682 ], [ -50.472594202701686, -21.622056497039022 ], [ -50.4724916987306, -21.622098294770687 ], [ -50.472387196263632, -21.62214009575322 ], [ -50.472282810307441, -21.622181850131931 ], [ -50.472178426710791, -21.622222609437262 ], [ -50.472177196088865, -21.622223095815183 ], [ -50.472072196169087, -21.62226509577906 ], [ -50.472070979067347, -21.622265588404652 ], [ -50.471967066429137, -21.622308143100113 ], [ -50.471861160977838, -21.622349713459972 ], [ -50.47185995607434, -21.622350192032972 ], [ -50.471753792423371, -21.622392855926279 ], [ -50.471646632949309, -21.622434529051098 ], [ -50.471644470986931, -21.622435387885311 ], [ -50.471539779447617, -21.622477857090924 ], [ -50.471432098162644, -21.622519348958164 ], [ -50.471430434072523, -21.622520000813726 ], [ -50.471418054487145, -21.62252492972225 ], [ -50.47145716134537, -21.622510310334967 ], [ -50.471564931707888, -21.622470395382976 ], [ -50.471565856528954, -21.622470049629417 ], [ -50.471670379836013, -21.622430606869656 ], [ -50.471775891182169, -21.622393135547696 ], [ -50.47177932936426, -21.622391870346181 ], [ -50.471883860618561, -21.622352048913005 ], [ -50.471990390632378, -21.622312224605668 ] ] ], [ [ [ -50.47268877993735, -21.621431711820726 ], [ -50.472686703810808, -21.621432501633134 ], [ -50.472584338316267, -21.62147225522007 ], [ -50.472482683322951, -21.621510745942754 ], [ -50.472377394391152, -21.621549484320376 ], [ -50.472376928349718, -21.621549656604433 ], [ -50.47227233032342, -21.621588507297318 ], [ -50.472168733183835, -21.621626360095661 ], [ -50.472167143886026, -21.621626950294726 ], [ -50.47206239641244, -21.621666477640765 ], [ -50.471957657580674, -21.621704025521066 ], [ -50.471955928238749, -21.621704656634691 ], [ -50.471850928322148, -21.621743656600945 ], [ -50.471850609693675, -21.621743775331343 ], [ -50.471745076109208, -21.621783227136362 ], [ -50.471638554197447, -21.62182070706562 ], [ -50.471638109133018, -21.621820864393708 ], [ -50.471531109219768, -21.621858864360718 ], [ -50.471527844655739, -21.621860063534061 ], [ -50.471421690040913, -21.621900362968798 ], [ -50.47131555411702, -21.621937707087401 ], [ -50.471313520903941, -21.621938437807248 ], [ -50.471204520991023, -21.62197843777259 ], [ -50.471204068561036, -21.621978604570113 ], [ -50.471096294607271, -21.622018520846574 ], [ -50.470987520934244, -21.622058437788031 ], [ -50.470987068503888, -21.622058604585689 ], [ -50.470879517002665, -21.622098438472424 ], [ -50.470769966604379, -21.622138274978134 ], [ -50.470769068446735, -21.622138604601286 ], [ -50.470661068532628, -21.622178604566685 ], [ -50.470660755663793, -21.622178720812567 ], [ -50.47055075575102, -21.622219720777082 ], [ -50.470549844393908, -21.622220063605941 ], [ -50.470442299460416, -21.622260890846224 ], [ -50.470332755692127, -21.622301720793082 ], [ -50.470331556863897, -21.622302173069045 ], [ -50.470221556950079, -21.622344173032776 ], [ -50.470219905577309, -21.622344813999167 ], [ -50.470111729250135, -21.622387489060472 ], [ -50.470002556887898, -21.622429173049621 ], [ -50.470001370231557, -21.622429631521189 ], [ -50.469891370316674, -21.62247263148414 ], [ -50.469888075090203, -21.622473961843781 ], [ -50.4697811320586, -21.622518521435794 ], [ -50.469672195961131, -21.622562095870126 ], [ -50.4696700750209, -21.622562961862869 ], [ -50.469562553753448, -21.622607762386203 ], [ -50.469453033922512, -21.622652565948506 ], [ -50.469343033887895, -21.622697565957981 ], [ -50.469233966917479, -21.622742184259817 ], [ -50.469125905363683, -21.622784814042795 ], [ -50.469124033702734, -21.622785566024632 ], [ -50.469014033785676, -21.622830565985996 ], [ -50.468904499404452, -21.622875375501128 ], [ -50.468793666702645, -21.622919906493145 ], [ -50.468684369951745, -21.622962631582617 ], [ -50.468633323084042, -21.622982586265504 ], [ -50.468720106113956, -21.622950330673817 ], [ -50.468721274402576, -21.622949891281664 ], [ -50.468833838624967, -21.622907057105376 ], [ -50.468948037544912, -21.622864356636498 ], [ -50.469061672667912, -21.62282249106185 ], [ -50.46906398604542, -21.622821618538062 ], [ -50.46917741146698, -21.622777840301794 ], [ -50.469289461565992, -21.6227355757879 ], [ -50.469403077861834, -21.622695069105546 ], [ -50.469407431096442, -21.622693445993985 ], [ -50.469519419279287, -21.622649839972574 ], [ -50.469633401592695, -21.622607220495279 ], [ -50.469634274152547, -21.62260689135001 ], [ -50.469747274241229, -21.622563891312875 ], [ -50.46974798585542, -21.622563618590164 ], [ -50.469861630379498, -21.622519755787881 ], [ -50.469974274177787, -21.622476891330113 ], [ -50.46997498579131, -21.622476618607646 ], [ -50.470088630316603, -21.622432755804898 ], [ -50.470200103745796, -21.622390336709405 ], [ -50.470311925839397, -21.62234976408827 ], [ -50.47031498569703, -21.622348618633488 ], [ -50.470428985785844, -21.622304618595535 ], [ -50.470429171260996, -21.622304546876745 ], [ -50.470540078511675, -21.622261582803041 ], [ -50.470653985721739, -21.622217618612975 ], [ -50.470654171196692, -21.622217546894262 ], [ -50.470764359992081, -21.622174861141438 ], [ -50.470875545022814, -21.62213316675145 ], [ -50.470876719331393, -21.622132721151971 ], [ -50.470988719418891, -21.622089721114865 ], [ -50.470989171102161, -21.622089546920098 ], [ -50.471099359897941, -21.622046861167096 ], [ -50.471210544930429, -21.622005166776457 ], [ -50.471212629237868, -21.622004368630858 ], [ -50.471322629322984, -21.621961368593787 ], [ -50.471322881870186, -21.621961269624883 ], [ -50.471433567924599, -21.621917785814471 ], [ -50.471542244024199, -21.621877279264762 ], [ -50.471544629142691, -21.621876368656856 ], [ -50.471654036922146, -21.621833600157739 ], [ -50.471763442666592, -21.621791827051702 ], [ -50.471766273892236, -21.621790715233892 ], [ -50.471873270700151, -21.62174752385847 ], [ -50.471981243902015, -21.621707279297638 ], [ -50.47198290112874, -21.621706651193044 ], [ -50.472091528499917, -21.621664794771462 ], [ -50.472199155075835, -21.621623936530934 ], [ -50.472199901067654, -21.621623651209703 ], [ -50.472308901152637, -21.62158165117344 ], [ -50.472309366307819, -21.621581471110087 ], [ -50.472416761700671, -21.621539706231747 ], [ -50.472524154984796, -21.621498936555597 ], [ -50.472525838275907, -21.62149828670281 ], [ -50.472631390629786, -21.621456854934646 ], [ -50.472737930942245, -21.621417395556261 ], [ -50.472741803077049, -21.621415904387181 ], [ -50.472845715299655, -21.621374339494601 ], [ -50.472951620530317, -21.621333758981873 ], [ -50.472953803014306, -21.62133290440439 ], [ -50.473054810278022, -21.621292501495525 ], [ -50.472995292094524, -21.621314894473759 ], [ -50.47299194512722, -21.621316196565992 ], [ -50.472892089313547, -21.62135633468413 ], [ -50.472791260349553, -21.621393533715946 ], [ -50.47279077985646, -21.621393711853614 ], [ -50.47268877993735, -21.621431711820726 ] ] ], [ [ [ -50.472516069246467, -21.621188604389591 ], [ -50.472513161748871, -21.621189713311949 ], [ -50.472407001428884, -21.621231383714534 ], [ -50.472299845204802, -21.621272063388652 ], [ -50.472298633715035, -21.621272528905013 ], [ -50.472190866218597, -21.621314438483427 ], [ -50.472082471635467, -21.621356205200122 ], [ -50.471974845113785, -21.621397063413326 ], [ -50.471974098892211, -21.621397348822402 ], [ -50.471865925646739, -21.621439030253324 ], [ -50.471756756288521, -21.62147972064718 ], [ -50.471752726134518, -21.621481284781513 ], [ -50.47164513592277, -21.621524715688981 ], [ -50.471536557524786, -21.621566172891519 ], [ -50.471535370879266, -21.621566631358906 ], [ -50.471426559464611, -21.621609166726877 ], [ -50.471317756166343, -21.621649720680047 ], [ -50.471315118150841, -21.621650730391568 ], [ -50.471203244464043, -21.621694680764637 ], [ -50.47109440991234, -21.621737225176936 ], [ -50.470983455261901, -21.621778833167294 ], [ -50.4709818289179, -21.621779453096003 ], [ -50.470871054697653, -21.62182236562824 ], [ -50.470759866951084, -21.62186505377759 ], [ -50.470648455169517, -21.621906833192323 ], [ -50.470646828823362, -21.621907453121857 ], [ -50.470535921621114, -21.62195041716955 ], [ -50.470422014473129, -21.621994381328211 ], [ -50.470421828759051, -21.621994453139376 ], [ -50.470310921559872, -21.62203741718589 ], [ -50.470198537805793, -21.622080793368692 ], [ -50.470087074352563, -21.622121235857335 ], [ -50.470084725990617, -21.622122108632258 ], [ -50.469971726079294, -21.622165108595123 ], [ -50.469971014225933, -21.622165381409463 ], [ -50.469857369758053, -21.622209244183026 ], [ -50.46974472601584, -21.622252108612361 ], [ -50.469744014161826, -21.622252381426964 ], [ -50.469630369694769, -21.622296244200211 ], [ -50.469518161696513, -21.622338942815688 ], [ -50.469403598601936, -21.622381779447718 ], [ -50.46940156892267, -21.622382554022806 ], [ -50.469290732467137, -21.622425711577943 ], [ -50.469177922331099, -21.622465930840537 ], [ -50.469175165102918, -21.622466942242838 ], [ -50.469061165192777, -21.622509942205689 ], [ -50.469060013971813, -21.622510381479053 ], [ -50.468947166983526, -21.622553936453862 ], [ -50.4688343275254, -21.622595508882451 ], [ -50.468833598325936, -21.622595779535231 ], [ -50.468718598416984, -21.622638779498036 ], [ -50.468717725613665, -21.622639108735083 ], [ -50.468605308888648, -21.622681886777794 ], [ -50.468492959830542, -21.622723644831577 ], [ -50.468377025706538, -21.622766620408978 ], [ -50.468263894017994, -21.622808669286826 ], [ -50.46826272548978, -21.622809108769022 ], [ -50.468190424764131, -21.622836621432505 ], [ -50.46820236725118, -21.622863470836144 ], [ -50.468310367334986, -21.622821470799931 ], [ -50.468417534079329, -21.622779794840572 ], [ -50.46852569695276, -21.622739109719635 ], [ -50.468529751790506, -21.622737521504476 ], [ -50.468636925240631, -21.62269385824289 ], [ -50.468744731210116, -21.622651329278369 ], [ -50.46885236717786, -21.622609470842693 ], [ -50.468852629681159, -21.622609368493016 ], [ -50.468962629766288, -21.622566368455971 ], [ -50.468964751658753, -21.62256552154075 ], [ -50.46907215978473, -21.622521762670374 ], [ -50.469179330206586, -21.622479092961189 ], [ -50.469287270682479, -21.622436510934964 ], [ -50.469396443100983, -21.622394826916921 ], [ -50.469398565598567, -21.622393999232287 ], [ -50.469505507609767, -21.622351420465016 ], [ -50.469614299305377, -21.622309881813862 ], [ -50.46972215553901, -21.62226893638859 ], [ -50.469722442891964, -21.622268826986573 ], [ -50.469831463721889, -21.622227200848599 ], [ -50.469939479171778, -21.622187562148319 ], [ -50.469942366749471, -21.622186470972853 ], [ -50.470048707860542, -21.622145116093471 ], [ -50.470157033388475, -21.622105724989162 ], [ -50.470157478998111, -21.622105562206421 ], [ -50.470266479085183, -21.622065562171791 ], [ -50.470266931284968, -21.622065395459117 ], [ -50.47037493137087, -21.622025395424494 ], [ -50.470377366629563, -21.622024471005904 ], [ -50.470484153172961, -21.621982942902626 ], [ -50.470590092196836, -21.621943706224208 ], [ -50.470698249346299, -21.621905007791934 ], [ -50.47069869466884, -21.621904847719126 ], [ -50.470806694755765, -21.621865847685303 ], [ -50.47080747882783, -21.621865562252719 ], [ -50.470916478914894, -21.621825562218081 ], [ -50.470916931113528, -21.621825395505827 ], [ -50.471024931199423, -21.621785395471225 ], [ -50.471025856013476, -21.621785049720273 ], [ -50.471130379331704, -21.621745606956299 ], [ -50.471235890689449, -21.621708135630236 ], [ -50.471237478715736, -21.621707562283227 ], [ -50.471346478802808, -21.6216675622486 ], [ -50.471347855928045, -21.62166704974371 ], [ -50.471452379248362, -21.621627606978947 ], [ -50.471557890607755, -21.621590135652294 ], [ -50.471562093142587, -21.621588577039102 ], [ -50.471666625965071, -21.621548144529505 ], [ -50.471772146633789, -21.621509683721904 ], [ -50.4717730714084, -21.621509343448391 ], [ -50.471878071491794, -21.621470343414636 ], [ -50.471878389894052, -21.621470224768494 ], [ -50.471984597121811, -21.621430521129387 ], [ -50.472088800895484, -21.621392809284792 ], [ -50.472091328615512, -21.621391870501398 ], [ -50.472196328697862, -21.621351870466842 ], [ -50.472300069115128, -21.621312350305285 ], [ -50.472403800812558, -21.621274809307138 ], [ -50.472408553181197, -21.621273004073885 ], [ -50.472509192984674, -21.621232943566771 ], [ -50.472611800757029, -21.62119580932205 ], [ -50.472615295799926, -21.62119449846228 ], [ -50.472718052345293, -21.621154593004427 ], [ -50.472821808546499, -21.621114686769801 ], [ -50.472822295740698, -21.621114498478423 ], [ -50.472925295820673, -21.621074498443903 ], [ -50.472925790445906, -21.621074305415505 ], [ -50.473027543282178, -21.621034402338989 ], [ -50.473130295761422, -21.620994498460007 ], [ -50.473130790386243, -21.620994305431768 ], [ -50.473164565670189, -21.620981060221183 ], [ -50.473147197076386, -21.620943095592661 ], [ -50.473043429835087, -21.620984602485681 ], [ -50.472939671556773, -21.621024129445189 ], [ -50.472937197014375, -21.621025095609649 ], [ -50.472833284837549, -21.621066660476831 ], [ -50.472727379658828, -21.621107240962097 ], [ -50.472725196951608, -21.621108095626848 ], [ -50.472622122295796, -21.621149325486016 ], [ -50.472516069246467, -21.621188604389591 ] ] ], [ [ [ -50.470423609945982, -21.621418775310872 ], [ -50.4703166100307, -21.621458775276281 ], [ -50.470316144026356, -21.621458950304685 ], [ -50.470210831358251, -21.621498690931432 ], [ -50.470103088593149, -21.62153822955813 ], [ -50.469997657687806, -21.62157602554057 ], [ -50.469996068866536, -21.621576604535125 ], [ -50.469888294910156, -21.621616520812562 ], [ -50.469779521237662, -21.621656437753838 ], [ -50.469779068809395, -21.621656604550719 ], [ -50.469671294855488, -21.621696520827232 ], [ -50.469562521180904, -21.621736437769268 ], [ -50.469562068752268, -21.621736604566308 ], [ -50.46945451724941, -21.621776438453644 ], [ -50.469344966849349, -21.621816274960011 ], [ -50.469344068695108, -21.621816604581912 ], [ -50.469237739001493, -21.621855985947867 ], [ -50.469129424234048, -21.621893403774109 ], [ -50.469125755886111, -21.621894720800324 ], [ -50.469016750564023, -21.621935350054244 ], [ -50.468908750638917, -21.621973992226582 ], [ -50.468906755828726, -21.621974720816056 ], [ -50.468797968649632, -21.622015268762233 ], [ -50.468689189463618, -21.622053835925502 ], [ -50.468687068525206, -21.622054604628499 ], [ -50.468579068611099, -21.622094604593897 ], [ -50.468578755742634, -21.622094720839637 ], [ -50.468468755829861, -21.622135720804167 ], [ -50.468358912048885, -21.622176662574205 ], [ -50.468322148575353, -21.622190278674541 ], [ -50.468336094096998, -21.622221186048691 ], [ -50.468444045627528, -21.622178599661652 ], [ -50.468553767964053, -21.622137083098337 ], [ -50.468665544976723, -21.622095166715393 ], [ -50.468665990614255, -21.622094998848993 ], [ -50.468776617748986, -21.622053139930088 ], [ -50.468886244102677, -21.622012279195165 ], [ -50.468886544798039, -21.622012166776233 ], [ -50.468998544886588, -21.621970166739924 ], [ -50.468999719192759, -21.621969721141355 ], [ -50.46911135526463, -21.62192686086042 ], [ -50.469221176435973, -21.621885306900698 ], [ -50.469332358691901, -21.621844606250388 ], [ -50.469336803377558, -21.621842904256646 ], [ -50.469444595142718, -21.621799787547417 ], [ -50.469554358631648, -21.621759606266583 ], [ -50.469556442506807, -21.621758827059857 ], [ -50.469666442592974, -21.621716827023615 ], [ -50.469668803281593, -21.621715904283128 ], [ -50.469776595049531, -21.621672787572809 ], [ -50.469886358541615, -21.621632606290817 ], [ -50.469889628941324, -21.621631368663852 ], [ -50.469999036723053, -21.621588600163868 ], [ -50.470108442468693, -21.621546827057358 ], [ -50.470108900992066, -21.621546651182232 ], [ -50.470217901077049, -21.621504651146008 ], [ -50.470218628846894, -21.621504368689674 ], [ -50.470328036628715, -21.62146160018964 ], [ -50.470436843980053, -21.621420055561259 ], [ -50.470546243647988, -21.621379279318184 ], [ -50.470656243618564, -21.621338279326192 ], [ -50.470766243589111, -21.621297279334208 ], [ -50.470766990034804, -21.621296999006617 ], [ -50.470877990122169, -21.621254998970318 ], [ -50.470879366046589, -21.621254471133643 ], [ -50.470927835930738, -21.621235621733078 ], [ -50.470852480502096, -21.621263087728828 ], [ -50.470746109623761, -21.621300864300046 ], [ -50.470743610030091, -21.621301775287836 ], [ -50.470637631075974, -21.621341393585993 ], [ -50.47053265782516, -21.621379025503408 ], [ -50.470531853375547, -21.621379316299901 ], [ -50.470424853461296, -21.621418316266105 ], [ -50.470423609945982, -21.621418775310872 ] ] ], [ [ [ -50.472806456792995, -21.620807597648852 ], [ -50.472703947790684, -21.62084740696671 ], [ -50.472600191640453, -21.620887313174915 ], [ -50.472599704226639, -21.620887501551142 ], [ -50.472498443287641, -21.620926826184988 ], [ -50.472395199428391, -21.620964190626214 ], [ -50.472390446848408, -21.620965995939478 ], [ -50.47228980709108, -21.621006056422598 ], [ -50.472187199372861, -21.621043190641128 ], [ -50.472184671436374, -21.621044129504785 ], [ -50.472079671518721, -21.621084129470216 ], [ -50.471975930931563, -21.621123649691302 ], [ -50.47187219928994, -21.621161190663475 ], [ -50.471870610124789, -21.621161775246282 ], [ -50.471763769340768, -21.621201715723437 ], [ -50.471659390496157, -21.621240485005952 ], [ -50.471552853553526, -21.621279316225287 ], [ -50.471549906881165, -21.621280422975339 ], [ -50.471445996039677, -21.621320614902068 ], [ -50.471341109578539, -21.621357864296492 ], [ -50.471338144092712, -21.621358950270761 ], [ -50.471232831424103, -21.621398690897678 ], [ -50.471125313710075, -21.621438146936903 ], [ -50.471019109496844, -21.621475864318572 ], [ -50.471016144007272, -21.621476950294195 ], [ -50.470910605900848, -21.621516775991896 ], [ -50.470803294949505, -21.621556520785781 ], [ -50.47069491289475, -21.621596294014292 ], [ -50.470587527960035, -21.621635071904908 ], [ -50.470478750841913, -21.621673992155788 ], [ -50.470477068790579, -21.621674604540143 ], [ -50.470369068876472, -21.62171460450552 ], [ -50.470366633393283, -21.621715529009201 ], [ -50.470259846902167, -21.62175705708604 ], [ -50.470153294776544, -21.621796520833069 ], [ -50.470044743774181, -21.621836356060623 ], [ -50.469934966801155, -21.621876274957238 ], [ -50.469931633273376, -21.621877529042255 ], [ -50.469825071266015, -21.621918969819937 ], [ -50.469717521017394, -21.621958437797829 ], [ -50.46971555712706, -21.621959173029207 ], [ -50.469605700828332, -21.622001118158167 ], [ -50.469497844650597, -21.6220420635557 ], [ -50.469497557066383, -21.622042173045745 ], [ -50.469387557152565, -21.62208417300948 ], [ -50.469385434427195, -21.622085000782807 ], [ -50.469278492465158, -21.622127579523383 ], [ -50.469169557090396, -21.622169173026318 ], [ -50.469167905720994, -21.622169813991402 ], [ -50.469058905804914, -21.622212813954366 ], [ -50.469058434330705, -21.622213000809229 ], [ -50.468950434413443, -21.622256000772243 ], [ -50.46894924836991, -21.622256478474302 ], [ -50.468842306016981, -21.622300047577053 ], [ -50.468733501625728, -21.622342580198559 ], [ -50.468625633012586, -21.622384529099989 ], [ -50.468624905559942, -21.622384814035282 ], [ -50.468515905643869, -21.622427813998243 ], [ -50.468514248238158, -21.622428478510589 ], [ -50.468470659853764, -21.622446236739812 ], [ -50.468472931664763, -21.62244539532826 ], [ -50.468473244302878, -21.622445279168094 ], [ -50.468583244390111, -21.622404279132624 ], [ -50.46869308799166, -21.622363337423725 ], [ -50.468799874131115, -21.622323786999313 ], [ -50.468908810725054, -21.622285164022493 ], [ -50.468911244187353, -21.622284279199697 ], [ -50.469020249566313, -21.622243649919589 ], [ -50.469128249549293, -21.622205007721149 ], [ -50.469130244129971, -21.622204279215428 ], [ -50.469238418991296, -21.622163959492273 ], [ -50.469346575953587, -21.622126596175455 ], [ -50.469349931321801, -21.622125395433205 ], [ -50.469457482879768, -21.62208556152024 ], [ -50.469567033340276, -21.622045724986393 ], [ -50.469567931264649, -21.622045395448804 ], [ -50.469675705275392, -21.622005479145848 ], [ -50.469784479008275, -21.621965562176864 ], [ -50.469784931207528, -21.621965395464375 ], [ -50.469892705219735, -21.621925479160872 ], [ -50.470001478951509, -21.621885562192311 ], [ -50.470001931150378, -21.621885395479982 ], [ -50.470109138532017, -21.621845689039894 ], [ -50.47021434249806, -21.621807974407982 ], [ -50.470215478780744, -21.621807562249781 ], [ -50.470324478867816, -21.621767562215151 ], [ -50.470325855994382, -21.621767049709774 ], [ -50.47043162322651, -21.621727137543754 ], [ -50.470537769460677, -21.621687456705814 ], [ -50.470643744934883, -21.621648830128514 ], [ -50.470749342360705, -21.621610974445129 ], [ -50.470751389988742, -21.621610224726954 ], [ -50.470857144501082, -21.621570690327438 ], [ -50.470962890562532, -21.62153313564875 ], [ -50.470964146530889, -21.6215326837447 ], [ -50.471070744826484, -21.621493830157981 ], [ -50.47117611645767, -21.621456055419944 ], [ -50.471282890482961, -21.621418135670378 ], [ -50.471286328627713, -21.621416870482598 ], [ -50.471390240870186, -21.62137728486373 ], [ -50.471496146507263, -21.621338683740692 ], [ -50.471600266589164, -21.62130063991604 ], [ -50.471602328542417, -21.621299870506004 ], [ -50.471705841447431, -21.621260437015845 ], [ -50.471810342090215, -21.621222974518407 ], [ -50.4718138085086, -21.62122168677729 ], [ -50.471916942007603, -21.621182020043982 ], [ -50.472021071251767, -21.621143343464464 ], [ -50.472022808450554, -21.62114268679316 ], [ -50.472125941950623, -21.62110302005944 ], [ -50.472230071195163, -21.621064343479784 ], [ -50.472231024428062, -21.621063985988958 ], [ -50.472334024509088, -21.621024985955252 ], [ -50.472334808363861, -21.621024686816845 ], [ -50.47243880844502, -21.620984686782318 ], [ -50.472439295638488, -21.620984498491222 ], [ -50.472542295718462, -21.620944498456726 ], [ -50.472645052153013, -21.620904593041917 ], [ -50.472748808356783, -21.620864686806279 ], [ -50.472751796149481, -21.620863503222825 ], [ -50.472853162096293, -21.620822169532186 ], [ -50.472953512046452, -21.620783800429834 ], [ -50.472955552805956, -21.620783004161805 ], [ -50.473057535442152, -21.62074240912845 ], [ -50.473158511987869, -21.620703800445675 ], [ -50.47316281929907, -21.620702081875589 ], [ -50.473262311736505, -21.620660708778836 ], [ -50.473326775526758, -21.620635428858435 ], [ -50.473315293394123, -21.620609274101579 ], [ -50.473216293471467, -21.620647274068745 ], [ -50.473215209672098, -21.620647694573194 ], [ -50.473113209750871, -21.620687694538738 ], [ -50.473011456854522, -21.620727597631866 ], [ -50.472908704425095, -21.620767501484419 ], [ -50.472908209582634, -21.620767694597564 ], [ -50.472806456792995, -21.620807597648852 ] ] ], [ [ [ -50.473023683649799, -21.620124902007163 ], [ -50.472918529891061, -21.620166566700515 ], [ -50.47281238033711, -21.620207240824975 ], [ -50.472810683587468, -21.620207902024209 ], [ -50.472704922898643, -21.620249807199013 ], [ -50.472599998728661, -21.620290992384209 ], [ -50.472494854237006, -21.620329316074169 ], [ -50.472490683495131, -21.620330902049556 ], [ -50.472384922808445, -21.620372807223511 ], [ -50.472279002049142, -21.620414383592838 ], [ -50.472172227821169, -21.620454918250079 ], [ -50.472065610730958, -21.620494775103161 ], [ -50.472064099574723, -21.620495348683821 ], [ -50.471955099659695, -21.620537348647574 ], [ -50.471954634278333, -21.620537528798447 ], [ -50.471847387883379, -21.620579235726549 ], [ -50.471742144754053, -21.620618950111623 ], [ -50.471741099483445, -21.620619348708686 ], [ -50.471633695646375, -21.620660733670675 ], [ -50.471527306100668, -21.620699152114668 ], [ -50.471524099423881, -21.620700348725038 ], [ -50.471416527765022, -21.620741798352231 ], [ -50.471307967585361, -21.620781274778036 ], [ -50.471304634096917, -21.620782528848256 ], [ -50.47119829301748, -21.620823883709626 ], [ -50.471089967527533, -21.620863274793606 ], [ -50.471086634036205, -21.620864528864928 ], [ -50.470980897777117, -21.620905648518651 ], [ -50.470873190237512, -21.620943835734117 ], [ -50.470868633976259, -21.620945528881446 ], [ -50.470761320663769, -21.620987261833005 ], [ -50.470651382901167, -21.621028859902001 ], [ -50.470541756601413, -21.621069720610599 ], [ -50.470431756571976, -21.621110720618624 ], [ -50.470321756542546, -21.621151720626624 ], [ -50.470320557729394, -21.621152172896913 ], [ -50.47021055781557, -21.621194172860644 ], [ -50.470209371175045, -21.621194631326098 ], [ -50.470099734759096, -21.621237489194186 ], [ -50.469991328224275, -21.621279260515983 ], [ -50.469881557722687, -21.621321172885864 ], [ -50.469880371080613, -21.621321631351915 ], [ -50.469771998810906, -21.621363995054331 ], [ -50.469661641649871, -21.62140439365454 ], [ -50.469657196743228, -21.621406095732624 ], [ -50.46954837308661, -21.621449625191609 ], [ -50.469440596509571, -21.621490776244954 ], [ -50.469329641559824, -21.621531393678762 ], [ -50.469325196647254, -21.621533095759119 ], [ -50.469217404931385, -21.621576212442303 ], [ -50.469107641499576, -21.621616393694964 ], [ -50.469106009524843, -21.62161700113386 ], [ -50.468995009612222, -21.621659001097562 ], [ -50.468994280825378, -21.621659278875082 ], [ -50.468882867088283, -21.621702053788756 ], [ -50.468771605591051, -21.621743776846948 ], [ -50.468661756087855, -21.621784720749663 ], [ -50.468661009402865, -21.621785001167101 ], [ -50.468550232170251, -21.621826916873619 ], [ -50.46846868513579, -21.621857497009209 ], [ -50.468477990451227, -21.621878998877417 ], [ -50.468588767740982, -21.621837083143038 ], [ -50.468699144780274, -21.621795691750762 ], [ -50.468810734209903, -21.621756191064904 ], [ -50.468812358504238, -21.621755606296542 ], [ -50.468924358593817, -21.62171460626104 ], [ -50.468925544577033, -21.621714166820528 ], [ -50.469036571776257, -21.62167253161817 ], [ -50.469146593774305, -21.621632884048449 ], [ -50.469148544517928, -21.621632166836722 ], [ -50.469259144635977, -21.621590691789994 ], [ -50.469370734068356, -21.621551191103165 ], [ -50.469372358359095, -21.621550606336111 ], [ -50.469484358448668, -21.621509606300599 ], [ -50.469596358419658, -21.62146860630849 ], [ -50.469597243589533, -21.621468279330887 ], [ -50.469706420448858, -21.621427586135287 ], [ -50.469816593602872, -21.621387884095014 ], [ -50.469818544341372, -21.62138716688515 ], [ -50.46992935634217, -21.621345612382299 ], [ -50.47004016061755, -21.621306039423967 ], [ -50.470042243472555, -21.621305279362893 ], [ -50.470152243559788, -21.621264279327438 ], [ -50.47015269575229, -21.621264110010298 ], [ -50.470261028218843, -21.6212233610981 ], [ -50.470372358217126, -21.62118260636359 ], [ -50.470374442079319, -21.621181827161706 ], [ -50.4704844421655, -21.62113982712544 ], [ -50.470593843741071, -21.621098055611675 ], [ -50.470703243411165, -21.6210572793678 ], [ -50.470707750484081, -21.621055521820548 ], [ -50.470813291842603, -21.621012523485966 ], [ -50.470921797528845, -21.620972444805201 ], [ -50.470925564508228, -21.620970999486694 ], [ -50.471033564590932, -21.620927999449684 ], [ -50.47103380268026, -21.620927904434474 ], [ -50.471143085794608, -21.620884191184864 ], [ -50.471250365850459, -21.620842471159207 ], [ -50.471253923399232, -21.620841038524116 ], [ -50.471360514377423, -21.620796625612225 ], [ -50.471468093109451, -21.620754186291411 ], [ -50.471468564344569, -21.620753999531253 ], [ -50.471576564427288, -21.620710999494246 ], [ -50.471577042430511, -21.620710808289438 ], [ -50.471684042512024, -21.620667808252474 ], [ -50.471685923263827, -21.620667038561479 ], [ -50.471793579091965, -21.620622181961568 ], [ -50.471900234176339, -21.620578323791218 ], [ -50.47190092319449, -21.620578038580486 ], [ -50.472007985519127, -21.620533429274012 ], [ -50.472114042377584, -21.620490808288906 ], [ -50.47222104234492, -21.620447808297826 ], [ -50.472221750018143, -21.620447521948225 ], [ -50.472329034779456, -21.620403813337596 ], [ -50.472434316429926, -21.620362097962452 ], [ -50.472435042165479, -21.620361808361494 ], [ -50.472541803304757, -21.620318904348142 ], [ -50.472649201111267, -21.620276144106356 ], [ -50.472755837421559, -21.620234286859144 ], [ -50.472862465147465, -21.620192432981852 ], [ -50.472968092175492, -21.620151577240957 ], [ -50.472968837245723, -21.620151286920763 ], [ -50.473075229487563, -21.62010952547654 ], [ -50.473181619577865, -21.620068759176664 ], [ -50.473182837183792, -21.620068286937666 ], [ -50.473289837266385, -21.620026286901471 ], [ -50.473290316064578, -21.620026098076099 ], [ -50.473395944227221, -21.61998424540414 ], [ -50.473500571570959, -21.619943390913786 ], [ -50.473500837090526, -21.619943286963039 ], [ -50.473516246517747, -21.619937238402276 ], [ -50.473450611114792, -21.619961774999645 ], [ -50.473449672238914, -21.619962129319507 ], [ -50.473345141026165, -21.620001950730916 ], [ -50.473238611057191, -21.620041775015252 ], [ -50.473235683711387, -21.620042901990296 ], [ -50.473130910025979, -21.620084416088719 ], [ -50.473026145112982, -21.620123950014612 ], [ -50.473023683649799, -21.620124902007163 ] ] ], [ [ [ -50.469114357922606, -21.620792606394904 ], [ -50.469116272785833, -21.620791891610978 ], [ -50.469228908743233, -21.620749030137251 ], [ -50.469340543951304, -21.62070716693097 ], [ -50.469342429579413, -21.620706446298723 ], [ -50.469453685691676, -21.620663125331685 ], [ -50.469564924581796, -21.620622764315119 ], [ -50.469566833306509, -21.620622058099244 ], [ -50.469680833396367, -21.620579058062081 ], [ -50.469682429484578, -21.620578446324785 ], [ -50.469794633233484, -21.620534756366037 ], [ -50.469907833333316, -21.620492058079162 ], [ -50.46990827256711, -21.620491891670614 ], [ -50.470021272655792, -21.620448891633483 ], [ -50.470022429388209, -21.620448446351187 ], [ -50.470134633137832, -21.620404756392155 ], [ -50.470247833239142, -21.620362058104707 ], [ -50.470249429323694, -21.620361446368825 ], [ -50.47036242941131, -21.620317446330883 ], [ -50.470363574544514, -21.620316995379895 ], [ -50.470475427385523, -21.620272452209438 ], [ -50.470586836641559, -21.620230057533128 ], [ -50.470701399807766, -21.620187220867621 ], [ -50.470704123761919, -21.620186174095043 ], [ -50.470817200568426, -21.620141538509877 ], [ -50.470929272400504, -21.620098891702725 ], [ -50.470929544925312, -21.62009878771558 ], [ -50.471044408686581, -21.620054839838218 ], [ -50.471157192056872, -21.620011922269132 ], [ -50.471271600122115, -21.619968526103722 ], [ -50.471385075897835, -21.619928069519773 ], [ -50.471388544799467, -21.619926787750025 ], [ -50.471502239182456, -21.619883287287543 ], [ -50.471613924032532, -21.619842764462678 ], [ -50.471615399437475, -21.619842220980626 ], [ -50.471729822202867, -21.619799436813295 ], [ -50.471844243131052, -21.619757648297391 ], [ -50.471958660277039, -21.619715861163336 ], [ -50.47207307572215, -21.619675069567219 ], [ -50.472074242950654, -21.619674648357876 ], [ -50.472189243042713, -21.619632648321488 ], [ -50.472191544583751, -21.619631787809393 ], [ -50.472304818377459, -21.61958844826821 ], [ -50.472418075633989, -21.619548069591008 ], [ -50.472422428719838, -21.619546446534898 ], [ -50.472534416936718, -21.619502840500218 ], [ -50.472648399284665, -21.619460221009998 ], [ -50.472763399253715, -21.619417221018406 ], [ -50.472766573866267, -21.619415995567689 ], [ -50.472878208632466, -21.619371539241271 ], [ -50.472990832490915, -21.619329058308352 ], [ -50.472992678511631, -21.619328349011855 ], [ -50.473107678600549, -21.619283348973052 ], [ -50.473108573766034, -21.619282995595142 ], [ -50.473220780467742, -21.619238311506518 ], [ -50.473333983451305, -21.619194619122855 ], [ -50.47333557369894, -21.619193995613486 ], [ -50.473448573785461, -21.619148995574779 ], [ -50.473561348504447, -21.619104085284285 ], [ -50.473675123039904, -21.619059174279215 ], [ -50.47367763783793, -21.619058156947997 ], [ -50.473787385224682, -21.619012676044576 ], [ -50.473900122971678, -21.618968174297656 ], [ -50.473900573528475, -21.618967995659855 ], [ -50.474013573614997, -21.618922995621134 ], [ -50.474014030354283, -21.618922812922346 ], [ -50.474125802105576, -21.618877904625101 ], [ -50.474238573547119, -21.618832995639583 ], [ -50.474239030285965, -21.618832812940973 ], [ -50.474259736983186, -21.61882449328504 ], [ -50.474246178394125, -21.618829563017997 ], [ -50.474131757522898, -21.618871351507078 ], [ -50.474016757493224, -21.618913351515147 ], [ -50.474016449911666, -21.618913464203466 ], [ -50.473899603606441, -21.61895640771451 ], [ -50.473785340132359, -21.618998138719867 ], [ -50.473670924747822, -21.619038930289097 ], [ -50.473670178677089, -21.619039198346769 ], [ -50.473554178770328, -21.619081198310369 ], [ -50.473438178740835, -21.619123198318373 ], [ -50.473436600862044, -21.619123778943365 ], [ -50.473322388067949, -21.619166484594043 ], [ -50.473207178681129, -21.61920819833454 ], [ -50.473205600800917, -21.619208778960068 ], [ -50.473090600891943, -21.61925177892288 ], [ -50.473089455475503, -21.619252212181014 ], [ -50.472976589777168, -21.619295395576128 ], [ -50.472861749180879, -21.619335638858896 ], [ -50.472858600708847, -21.6193367789852 ], [ -50.472743600799873, -21.619379778948009 ], [ -50.472742455381884, -21.619380212206718 ], [ -50.472628449731516, -21.619423831756841 ], [ -50.472512603247708, -21.619466407811704 ], [ -50.472397757072599, -21.619508351629346 ], [ -50.472396167283087, -21.61950894174652 ], [ -50.47228224148995, -21.619551913752968 ], [ -50.472165458073206, -21.619595832299584 ], [ -50.472051024507671, -21.619638620499337 ], [ -50.471934449490078, -21.61968146430614 ], [ -50.471933600460616, -21.619681779052755 ], [ -50.471819387671644, -21.619724484701511 ], [ -50.47170417828908, -21.61976619844048 ], [ -50.471701455098774, -21.619767212284344 ], [ -50.471587026852163, -21.619810993523249 ], [ -50.471473024354758, -21.619853620540823 ], [ -50.47135644933735, -21.619896464347541 ], [ -50.471355600305913, -21.619896779094894 ], [ -50.471240600396939, -21.619939779057702 ], [ -50.471237197866657, -21.619941095470192 ], [ -50.471123890715454, -21.619986418327109 ], [ -50.471010600332846, -21.620028779074978 ], [ -50.470895600301901, -21.620071779083403 ], [ -50.470780600270963, -21.620114779091832 ], [ -50.470780315234137, -21.620114885977863 ], [ -50.470663315326483, -21.62015888593983 ], [ -50.470661320650692, -21.620159651226192 ], [ -50.470547456698149, -21.620204206682455 ], [ -50.47043360017593, -21.620246779117561 ], [ -50.470432454747474, -21.62024721238026 ], [ -50.470318026504657, -21.620290993617708 ], [ -50.470203600113308, -21.620333779134558 ], [ -50.470088600082363, -21.620376779142983 ], [ -50.469973600051418, -21.620419779151408 ], [ -50.469972454620873, -21.620420212414889 ], [ -50.469858026378482, -21.620463993652184 ], [ -50.469743599988831, -21.620506779168394 ], [ -50.469742454557171, -21.620507212432269 ], [ -50.469628026316002, -21.620550993669138 ], [ -50.469513599926202, -21.620593779185384 ], [ -50.469399177104542, -21.620636563368016 ], [ -50.469284756245031, -21.620678351852838 ], [ -50.469283599743058, -21.620678779247708 ], [ -50.469168599834106, -21.620721779210534 ], [ -50.469166320232027, -21.620722651341442 ], [ -50.469052456285922, -21.620767206795207 ], [ -50.468938599770745, -21.620809779227677 ], [ -50.46893657012631, -21.620810553789475 ], [ -50.46882458197944, -21.620854159790262 ], [ -50.468710599708118, -21.620896779244646 ], [ -50.46870901519803, -21.62089738124028 ], [ -50.468595805640568, -21.620941076153908 ], [ -50.4684815996455, -21.620983779261614 ], [ -50.468480726857997, -21.62098410849271 ], [ -50.468428091298414, -21.621004137951857 ], [ -50.468443544072542, -21.621040166909939 ], [ -50.468554571279185, -21.620998531704803 ], [ -50.468664593284529, -21.620958884132442 ], [ -50.468665357921566, -21.620958606406369 ], [ -50.468777358011138, -21.620917606370867 ], [ -50.468778104494476, -21.620917331012894 ], [ -50.468891104584202, -21.620875330976549 ], [ -50.468891543953632, -21.620875166942497 ], [ -50.469002951907676, -21.620833388956907 ], [ -50.469114357922606, -21.620792606394904 ] ] ] ] } },
{ "type": "Feature", "properties": { "CHAVE": null, "FAZENDA": "Faz. ABC", "NOME_FAZ": null, "ZONA": null, "TALHAO": null, "AREA_TOTAL": null, "TIPO_GEO": "VOO_PROCESSADO", "DATA_INICI": "27-03-2026", "DATA_FINAL": "27-03-2026", "HORA_INICI": "09:57:09", "HORA_FINAL": "09:57:09", "CLASSE": "APLICADO", "PILOTO": "valmir alves", "AERONAVE": "PS-CBA", "AREA_HA": 0.0089421824000300004 }, "geometry": { "type": "MultiPolygon", "coordinates": [ [ [ [ -50.481098299487286, -21.62033189015219 ], [ -50.480993929262397, -21.620370656232662 ], [ -50.480888929234474, -21.620409656240213 ], [ -50.480886704521936, -21.62041050132467 ], [ -50.480783704601876, -21.620450501290154 ], [ -50.480783427883104, -21.620450609047879 ], [ -50.480680303805862, -21.620490876541915 ], [ -50.480577199680518, -21.620528190412696 ], [ -50.480573704433851, -21.620529501348678 ], [ -50.480471423077269, -21.620569222260691 ], [ -50.480367169200591, -21.620608563343332 ], [ -50.480263199597573, -21.620646190434929 ], [ -50.480259704346537, -21.620647501372556 ], [ -50.480157813166478, -21.620687070759889 ], [ -50.480053929007987, -21.620725656301229 ], [ -50.479948928980036, -21.620764656308793 ], [ -50.479947975527296, -21.620765013882025 ], [ -50.479844975608295, -21.620804013848289 ], [ -50.479844191533594, -21.620804313070582 ], [ -50.479741689193872, -21.620843737044726 ], [ -50.479638199432372, -21.62088119047921 ], [ -50.479634704172611, -21.620882501420095 ], [ -50.479531704252558, -21.620922501385586 ], [ -50.479429977747749, -21.62096200682144 ], [ -50.479328260587238, -21.620999533537702 ], [ -50.479325427474464, -21.621000609159662 ], [ -50.479221438650974, -21.621041214316161 ], [ -50.479118455711749, -21.621079832915036 ], [ -50.479117975298323, -21.621080013944013 ], [ -50.479014975379329, -21.621119013910281 ], [ -50.479014191302049, -21.621119313133558 ], [ -50.4789112228666, -21.62115891637508 ], [ -50.478809260446717, -21.621196533575485 ], [ -50.478806703939433, -21.62119750148366 ], [ -50.478704577566582, -21.621237162207905 ], [ -50.478601857477074, -21.621275682238377 ], [ -50.4784992603633, -21.621313533597942 ], [ -50.478496703852834, -21.621314501507328 ], [ -50.478395212130245, -21.621353915765745 ], [ -50.478292733307185, -21.621391359947964 ], [ -50.478290975071573, -21.621392014005522 ], [ -50.478188616512163, -21.621430771127191 ], [ -50.478086260252795, -21.621468533627755 ], [ -50.47808467106929, -21.621469129458486 ], [ -50.477980463869528, -21.6215088274365 ], [ -50.477878957549144, -21.621546276367603 ], [ -50.47777365762213, -21.621584025395446 ], [ -50.477729291919594, -21.621599962583272 ], [ -50.47777646130573, -21.621581820496921 ], [ -50.477892113064648, -21.621537952584742 ], [ -50.477893921136882, -21.621537254274148 ], [ -50.478010365892793, -21.621491472571364 ], [ -50.478126808847911, -21.621446686815393 ], [ -50.478243808814817, -21.62140168682437 ], [ -50.478245124761358, -21.62140117404418 ], [ -50.47835804592404, -21.621356599897378 ], [ -50.478475960316274, -21.621312010417348 ], [ -50.478479022466871, -21.62131081655324 ], [ -50.478595691126891, -21.621263949651155 ], [ -50.478711359124311, -21.621218081302885 ], [ -50.478711584966796, -21.621217991546736 ], [ -50.478829585057127, -21.621170991506265 ], [ -50.478830022360597, -21.621170816582168 ], [ -50.47894658835969, -21.621123990920026 ], [ -50.479064821165572, -21.621077293925083 ], [ -50.479182488545987, -21.621031423586132 ], [ -50.479183584825726, -21.621030991585091 ], [ -50.479301037539798, -21.620984209567641 ], [ -50.479418488476902, -21.620938423604809 ], [ -50.479419152996364, -21.620938162852845 ], [ -50.479537940065107, -21.620891246947508 ], [ -50.479657726867089, -21.620844330445742 ], [ -50.47965858468465, -21.620843991623502 ], [ -50.479775615387581, -21.620797377695485 ], [ -50.479894640555877, -21.620751751376723 ], [ -50.479894890636331, -21.62075165527348 ], [ -50.480016218608682, -21.620704914165788 ], [ -50.480135544007091, -21.620660167137693 ], [ -50.480136640360868, -21.620659751443934 ], [ -50.480256640454648, -21.620613751404189 ], [ -50.48025730585897, -21.620613494638558 ], [ -50.480378098350606, -21.620566575237 ], [ -50.480499890595226, -21.620519655269852 ], [ -50.480621353262542, -21.620472862271384 ], [ -50.480742474196049, -21.62042719371907 ], [ -50.48086313342651, -21.62038232044813 ], [ -50.480864890363975, -21.620381655347455 ], [ -50.480986890459064, -21.62033465530687 ], [ -50.480987956521972, -21.620334240248159 ], [ -50.481109631425866, -21.620286368150584 ], [ -50.481230098110252, -21.620239575302108 ], [ -50.481351557684995, -21.620192783494836 ], [ -50.481472224473805, -21.620146910166333 ], [ -50.481361245345191, -21.619891669616116 ], [ -50.481404308203672, -21.619874109991805 ], [ -50.481506807648991, -21.619834687124293 ], [ -50.481389192456824, -21.619567312854912 ], [ -50.481285192537946, -21.619607312820353 ], [ -50.481282204557303, -21.619608496478058 ], [ -50.481183788739834, -21.619648627197446 ], [ -50.481104551538294, -21.619438685372479 ], [ -50.481005247073483, -21.619471455844934 ], [ -50.480985862890584, -21.61947765878903 ], [ -50.481051023403502, -21.619452986349934 ], [ -50.480944647575775, -21.619207345419895 ], [ -50.480926948437599, -21.61920554027876 ], [ -50.480924754997254, -21.619205348068768 ], [ -50.480905705230278, -21.619203951541056 ], [ -50.480903747763442, -21.619203832941817 ], [ -50.480887348527787, -21.619203047597097 ], [ -50.480832853629764, -21.619223681586188 ], [ -50.480729734840125, -21.619261359602586 ], [ -50.480729261742482, -21.619261533303774 ], [ -50.480626261824511, -21.619299533270855 ], [ -50.48062497661757, -21.619300013652559 ], [ -50.480522853547818, -21.619338681608323 ], [ -50.480420147169916, -21.619376208936011 ], [ -50.480317560580858, -21.619413060426737 ], [ -50.480315781260217, -21.619413711426834 ], [ -50.480214021315028, -21.619451621991988 ], [ -50.48020680466783, -21.619454284446903 ], [ -50.480114167476259, -21.619224427319242 ], [ -50.480113912567475, -21.619224292392552 ], [ -50.480111998819176, -21.619223255251807 ], [ -50.480008484249922, -21.619259731812267 ], [ -50.480007200491052, -21.619260190287186 ], [ -50.479903486337101, -21.619297724931506 ], [ -50.479799780855579, -21.619333281094402 ], [ -50.479795929924485, -21.619334656146766 ], [ -50.479691564110269, -21.619373420589508 ], [ -50.479587841176865, -21.619410958410633 ], [ -50.479513595084136, -21.619437121326577 ], [ -50.47960936414411, -21.619394557292718 ], [ -50.479610038376116, -21.619394255763304 ], [ -50.479708818694057, -21.619349804614423 ], [ -50.479807588921581, -21.61930733341077 ], [ -50.479907588887336, -21.619264333420169 ], [ -50.479909914762416, -21.619263311307886 ], [ -50.480005515964535, -21.619220388314119 ], [ -50.480067862936345, -21.619194826052297 ], [ -50.48006746492689, -21.619194504435352 ], [ -50.480066228337748, -21.619193469979308 ], [ -50.480064213647033, -21.619191725449031 ], [ -50.48006285495326, -21.619190502020786 ], [ -50.480060261872204, -21.619188074098503 ], [ -50.480058785603511, -21.619186629312626 ], [ -50.480056455567869, -21.619184245572768 ], [ -50.480055150165846, -21.619182853862036 ], [ -50.480053734879633, -21.619181281131873 ], [ -50.480052601356455, -21.619179972768261 ], [ -50.480051340516667, -21.619178460680427 ], [ -50.480050104792795, -21.619176911476533 ], [ -50.480048410485416, -21.619174689720815 ], [ -50.480047098473293, -21.619172878002807 ], [ -50.480045597937448, -21.619170693829631 ], [ -50.480044479281801, -21.61916898318492 ], [ -50.48004417199202, -21.619168488957349 ], [ -50.480039337181708, -21.619157698962379 ], [ -50.480037627740053, -21.619146109859759 ], [ -50.480037605148404, -21.61914317956639 ], [ -50.480037611312071, -21.61914206226729 ], [ -50.480037722805235, -21.619136114227263 ], [ -50.480037765136636, -21.619134856301134 ], [ -50.480038280700278, -21.619124241883732 ], [ -50.480038343023644, -21.619123216229763 ], [ -50.480039054319839, -21.619113468811218 ], [ -50.48004335494246, -21.619097682425402 ], [ -50.480046878281961, -21.619090512709061 ], [ -50.480047887099225, -21.619088582226734 ], [ -50.480049877968213, -21.619084991571608 ], [ -50.480050864187838, -21.619083301964594 ], [ -50.480052652459818, -21.619080387689696 ], [ -50.480053640304064, -21.619078849440864 ], [ -50.480054715223488, -21.619077248523499 ], [ -50.479978921159621, -21.618915612492653 ], [ -50.479878921234878, -21.618956612457453 ], [ -50.479874085286085, -21.618958688702961 ], [ -50.479777243748444, -21.619002168571328 ], [ -50.479761530716829, -21.619008925179653 ], [ -50.479674293115977, -21.618844506722006 ], [ -50.479577625754843, -21.618889352398156 ], [ -50.479482864614624, -21.618932784581151 ], [ -50.479387947150876, -21.618974861389336 ], [ -50.479290760781581, -21.619016091965094 ], [ -50.479192396503478, -21.619056828681611 ], [ -50.47909429497561, -21.61909745658301 ], [ -50.478995843423078, -21.619136837200084 ], [ -50.478896490859704, -21.619175584696112 ], [ -50.478893920962392, -21.619176612555577 ], [ -50.478796333903688, -21.619216623246391 ], [ -50.478696781499373, -21.619253711393334 ], [ -50.478695294373765, -21.619254273797218 ], [ -50.478596391664077, -21.619292236450345 ], [ -50.478495133999139, -21.619330952613431 ], [ -50.478394668817153, -21.619368380815857 ], [ -50.47829364840667, -21.61940466969903 ], [ -50.478192970526365, -21.619439216028525 ], [ -50.478090867400702, -21.619473911264034 ], [ -50.477988758336949, -21.619507617167162 ], [ -50.477885861175366, -21.619541256622956 ], [ -50.477781747271003, -21.619573978134671 ], [ -50.477779538009358, -21.619574689894275 ], [ -50.477678576369186, -21.619608017037208 ], [ -50.477577634052359, -21.619638397733386 ], [ -50.477574839106232, -21.619639266490612 ], [ -50.477468864764788, -21.619673258259549 ], [ -50.477366572012812, -21.619706031664858 ], [ -50.47726425581579, -21.619737819220319 ], [ -50.477263747058316, -21.619737978197673 ], [ -50.477158747147513, -21.619770978168876 ], [ -50.477157890294983, -21.619771250077328 ], [ -50.477054890381922, -21.619804250048546 ], [ -50.477053978555233, -21.61980454516323 ], [ -50.476949978642367, -21.619838545133604 ], [ -50.476947278191751, -21.619839454364723 ], [ -50.476848290219351, -21.619873757126484 ], [ -50.476746322170783, -21.619906112371051 ], [ -50.476742742048906, -21.619907294407241 ], [ -50.476641870390601, -21.619941907229965 ], [ -50.476542005033956, -21.619974536503396 ], [ -50.47653974200319, -21.61997529441982 ], [ -50.476437742087079, -21.620010294389381 ], [ -50.476437278075835, -21.620010454396656 ], [ -50.47633627815857, -21.620045454366242 ], [ -50.476235278134844, -21.620080454372694 ], [ -50.476342721962823, -21.62035154560974 ], [ -50.476443722045552, -21.620316545579321 ], [ -50.47654449015274, -21.620281625936556 ], [ -50.476645129727373, -21.620247092747906 ], [ -50.476744995143832, -21.620214463451902 ], [ -50.476747257964099, -21.620213705605931 ], [ -50.47684747574619, -21.620179317150356 ], [ -50.476949678008197, -21.620146887584944 ], [ -50.476953721823172, -21.620145545648164 ], [ -50.477023231232359, -21.620121458236387 ], [ -50.476991283888609, -21.620133519979497 ], [ -50.476892455651111, -21.620169098142327 ], [ -50.476887979124115, -21.620170785179269 ], [ -50.476790046059619, -21.620209364868238 ], [ -50.476693978327546, -21.620245635335639 ], [ -50.476598841217267, -21.620280320737823 ], [ -50.476597841113893, -21.620280689108881 ], [ -50.476516210831647, -21.620311063166618 ], [ -50.476507678108689, -21.62031368861966 ], [ -50.476585525763319, -21.620534900213201 ], [ -50.476506719414864, -21.620565495614436 ], [ -50.476505197389208, -21.620566095451164 ], [ -50.476490197400658, -21.620572095446011 ], [ -50.476611802708227, -21.620837904531864 ], [ -50.476626043419451, -21.620832208246874 ], [ -50.476642883415678, -21.620825670370003 ], [ -50.476752601735534, -21.621041513153582 ], [ -50.476679328572736, -21.621068508521152 ], [ -50.476584328547823, -21.621103508527924 ], [ -50.476583278066762, -21.621103899702668 ], [ -50.476490802516444, -21.621138702326675 ], [ -50.476396328497977, -21.621173508541428 ], [ -50.476509671604447, -21.621442491439229 ], [ -50.476604671680192, -21.621407491408906 ], [ -50.476605721963971, -21.621407100307561 ], [ -50.476698197561078, -21.621372297661043 ], [ -50.476792671630342, -21.621337491422388 ], [ -50.476887164424767, -21.621302678285385 ], [ -50.476964933338877, -21.621274617340831 ], [ -50.476875132536044, -21.621308952935141 ], [ -50.476773779967679, -21.621346711732127 ], [ -50.476771489111314, -21.62134758511197 ], [ -50.476673698136047, -21.621385723589842 ], [ -50.476574934627195, -21.621420926421756 ], [ -50.476572779805686, -21.621421711787004 ], [ -50.476470779886554, -21.621459711754124 ], [ -50.47658447475942, -21.621726538738795 ], [ -50.476503599008296, -21.621756779223759 ], [ -50.476501319378237, -21.621757651365353 ], [ -50.47638631946716, -21.621802651326551 ], [ -50.476494236026454, -21.6220437771672 ], [ -50.476410198594202, -21.622074190705234 ], [ -50.476406426676412, -21.622075609379674 ], [ -50.47630352946571, -21.622115788287832 ], [ -50.47619965722545, -21.622153025502939 ], [ -50.476093657198966, -21.622191025510133 ], [ -50.476091143432868, -21.622191950304774 ], [ -50.475985535238358, -21.622231802450742 ], [ -50.475882015135248, -21.622270252772292 ], [ -50.475776108867024, -21.622307864341568 ], [ -50.475773609243632, -21.622308775340201 ], [ -50.475667630301295, -21.622348393633903 ], [ -50.475562657062959, -21.622386025546845 ], [ -50.475560609187532, -21.622386775355515 ], [ -50.475455075614384, -21.622426227156275 ], [ -50.475348553713872, -21.622463707081572 ], [ -50.475344378499173, -21.622465241161425 ], [ -50.475238835687705, -21.622505682796795 ], [ -50.475132304740143, -21.622544152302599 ], [ -50.475129378440577, -21.622545241177473 ], [ -50.475023835630402, -21.622585682812336 ], [ -50.474917304684013, -21.62262415231773 ], [ -50.474914844054958, -21.622625063584518 ], [ -50.474806844139806, -21.622666063549087 ], [ -50.474806378351943, -21.622666241201703 ], [ -50.474754614416184, -21.622686075990789 ], [ -50.474659025758882, -21.622460620292426 ], [ -50.474543025851098, -21.622503620255191 ], [ -50.474541190283787, -21.62250431342872 ], [ -50.474425315241447, -21.622548880749516 ], [ -50.474309447341959, -21.622591464674993 ], [ -50.474307190219136, -21.6225923134464 ], [ -50.474191105598713, -21.622636961374056 ], [ -50.474076025725175, -21.622679620289254 ], [ -50.474074190154461, -21.622680313464066 ], [ -50.473957403578474, -21.622725231374272 ], [ -50.473840382329456, -21.622769858118453 ], [ -50.473722150782692, -21.62281357398107 ], [ -50.473719757252709, -21.622814480670989 ], [ -50.473604186675935, -21.622859314080735 ], [ -50.473486827675835, -21.622904069627946 ], [ -50.473368038531113, -21.622948989889199 ], [ -50.473367617006765, -21.622949149964153 ], [ -50.473249617099263, -21.622994149925283 ], [ -50.4731318275795, -21.62303906965391 ], [ -50.473022001912106, -21.623080600369121 ], [ -50.473080240676744, -21.62305752461906 ], [ -50.473187156127814, -21.623016936342314 ], [ -50.473188839446699, -21.623016286478808 ], [ -50.473294619568478, -21.622974765306299 ], [ -50.473400391105379, -21.622935224541408 ], [ -50.47340331831257, -21.622934097619577 ], [ -50.473508472098139, -21.622892432908568 ], [ -50.473614007376042, -21.622851994153823 ], [ -50.473720391016798, -21.622812224565298 ], [ -50.473722839293771, -21.622811286520626 ], [ -50.473829325307413, -21.622769488268766 ], [ -50.473932569872048, -21.622729778817412 ], [ -50.47403732971808, -21.62268987030135 ], [ -50.474039318128582, -21.622689097670015 ], [ -50.474143702798386, -21.622647737703335 ], [ -50.474247072350707, -21.622609343294783 ], [ -50.474132927752365, -21.622340656685591 ], [ -50.474027927835749, -21.622379656651841 ], [ -50.47402468189815, -21.622380902344386 ], [ -50.473919673305666, -21.622422509519094 ], [ -50.473893735595645, -21.622432390558775 ], [ -50.47377826093112, -21.622174674247994 ], [ -50.4736860944532, -21.622210780701863 ], [ -50.473576703398152, -21.621964501698184 ], [ -50.473474738378144, -21.622004099761213 ], [ -50.473373779480994, -21.622041711896237 ], [ -50.473371703340433, -21.62204250171396 ], [ -50.473321535305637, -21.622061984455058 ], [ -50.473225836217097, -21.621843151598945 ], [ -50.473234606444024, -21.621839765072124 ], [ -50.473334203912081, -21.621801918031117 ], [ -50.473221058303942, -21.621541587573969 ], [ -50.473312708061748, -21.621507105480827 ], [ -50.473197292042322, -21.62123889449915 ], [ -50.47309629212203, -21.621276894466284 ], [ -50.473054809909321, -21.62129250164416 ], [ -50.473057570302664, -21.621291397485578 ], [ -50.473161328630596, -21.621251870499815 ], [ -50.473163802952286, -21.621250904421384 ], [ -50.473268803032489, -21.621208904385252 ], [ -50.473164565649164, -21.620981060238901 ], [ -50.473232790465026, -21.620954305397287 ], [ -50.473334249387499, -21.620914517581191 ], [ -50.473432706711499, -21.620876725877768 ], [ -50.473326775513065, -21.620635428873335 ], [ -50.473362790210679, -21.620621305451479 ], [ -50.473365819235326, -21.620620081893144 ], [ -50.473465311674353, -21.620578708795726 ], [ -50.473565790149479, -21.620539305467986 ], [ -50.473568303742027, -21.620538295196003 ], [ -50.473668663565306, -21.620496970559156 ], [ -50.473768007085454, -21.620458610186102 ], [ -50.473771819108634, -21.62045708192807 ], [ -50.473871560609744, -21.62041560526017 ], [ -50.473971292339641, -21.620376107541173 ], [ -50.473971802281191, -21.620375904575084 ], [ -50.474071802357557, -21.620335904540664 ], [ -50.474073303585293, -21.620335295239059 ], [ -50.4741745546659, -21.620293603613476 ], [ -50.474273547413453, -21.620254006510429 ], [ -50.474374292217902, -21.620214107574149 ], [ -50.474475292187847, -21.620174107582333 ], [ -50.474576292157792, -21.62013410759052 ], [ -50.474579342020284, -21.620132863357675 ], [ -50.474677437110124, -21.620091663416005 ], [ -50.474775011314883, -21.620053609472251 ], [ -50.474876511482904, -21.620014800581124 ], [ -50.474878802007289, -21.620013904649689 ], [ -50.474978296613806, -21.619974106803447 ], [ -50.475078751364585, -21.619934712780207 ], [ -50.475178706878168, -21.619897105752031 ], [ -50.475180789561136, -21.619896305640527 ], [ -50.475281997821902, -21.619856616123261 ], [ -50.475381202441667, -21.619818918364455 ], [ -50.475381511231014, -21.619818800661374 ], [ -50.475483109456476, -21.619779954278062 ], [ -50.475583706766038, -21.619742105782318 ], [ -50.475584511174674, -21.619741800676692 ], [ -50.475686109400286, -21.619702954293327 ], [ -50.475786462865891, -21.619665197540989 ], [ -50.475888218766521, -21.619627288477112 ], [ -50.475889511090536, -21.619626800699638 ], [ -50.475990866076643, -21.619588047319713 ], [ -50.476091978628297, -21.619550377934846 ], [ -50.476194565401933, -21.619512530384618 ], [ -50.476295392409881, -21.619475593755396 ], [ -50.476296218549273, -21.619475288547005 ], [ -50.476397331122222, -21.619437619154706 ], [ -50.476499439395546, -21.619400939481118 ], [ -50.476501218495464, -21.619400288561689 ], [ -50.476602566448072, -21.619362531478842 ], [ -50.476703675802483, -21.61932585455364 ], [ -50.476806015894702, -21.619289091605712 ], [ -50.476907591607663, -21.61925324135192 ], [ -50.476908439183354, -21.619252939548229 ], [ -50.47701143926642, -21.619215939516128 ], [ -50.477013218362799, -21.619215288597999 ], [ -50.477114330938264, -21.619177619204766 ], [ -50.477216015792266, -21.619141091633431 ], [ -50.477317591505717, -21.619105241379469 ], [ -50.477318439080051, -21.619104939576268 ], [ -50.477421439163102, -21.619067939544156 ], [ -50.477424510681224, -21.619066800812163 ], [ -50.477524561546872, -21.619028546067092 ], [ -50.477579639179758, -21.619009106910681 ], [ -50.477503699865956, -21.619038723234365 ], [ -50.47740493629933, -21.619073926086863 ], [ -50.47740148910713, -21.6190751992484 ], [ -50.477299643515202, -21.6191141402069 ], [ -50.477200939382335, -21.619151647774803 ], [ -50.477100088040899, -21.619188231101756 ], [ -50.477099119790921, -21.619188585837307 ], [ -50.477000260584283, -21.619225163741628 ], [ -50.476899408400996, -21.619260758627416 ], [ -50.476896623992282, -21.619261770203693 ], [ -50.476799010943481, -21.619298251846057 ], [ -50.476698408350707, -21.619333758640977 ], [ -50.476696119686721, -21.619334585865754 ], [ -50.476596119766263, -21.619371585833711 ], [ -50.476496786708282, -21.61940833906284 ], [ -50.476397456177267, -21.619444098051549 ], [ -50.476396119608211, -21.619444585887116 ], [ -50.476296119687753, -21.619481585855084 ], [ -50.476293490540172, -21.619482584833047 ], [ -50.476195462332434, -21.619520815831471 ], [ -50.476097456098891, -21.619556098072618 ], [ -50.476096119528208, -21.619556585908782 ], [ -50.475996119607764, -21.619593585876743 ], [ -50.475995623753519, -21.61959377026875 ], [ -50.475897294814629, -21.619630519465684 ], [ -50.475798968353907, -21.619666274539728 ], [ -50.475911031747501, -21.619935725441291 ], [ -50.476010031826895, -21.619899725410082 ], [ -50.47601137627165, -21.619899229743449 ], [ -50.476109459460872, -21.61986257238755 ], [ -50.476223038967881, -21.620083255554093 ], [ -50.476238557066694, -21.620076272408948 ], [ -50.476315343227746, -21.620047243490912 ], [ -50.476417738676851, -21.620009466526231 ], [ -50.476419511382545, -21.620008800652123 ], [ -50.476521419548057, -21.619969835762173 ], [ -50.476625534852232, -21.619930172786276 ], [ -50.476727738593439, -21.61989246654872 ], [ -50.476729807542789, -21.619891687070098 ], [ -50.476832941053317, -21.619852020332345 ], [ -50.476937070310008, -21.619813343748149 ], [ -50.476937543233824, -21.619813167246768 ], [ -50.47704154331602, -21.619774167213031 ], [ -50.477043571358564, -21.619773391049364 ], [ -50.477146468678576, -21.619733212093156 ], [ -50.477250341035337, -21.619695974830062 ], [ -50.477251265353999, -21.619695640288324 ], [ -50.477355265437211, -21.619657640255397 ], [ -50.477357327354895, -21.61965687085862 ], [ -50.47746123961776, -21.61961728523195 ], [ -50.47756697247479, -21.619578747084901 ], [ -50.477671344890744, -21.619540974208263 ], [ -50.477777889166809, -21.619503136051758 ], [ -50.477778340788717, -21.619502974906556 ], [ -50.477884340874276, -21.619464974873598 ], [ -50.477885145081096, -21.619464684164843 ], [ -50.477991518135688, -21.619425912675368 ], [ -50.478097889087209, -21.619388136073336 ], [ -50.478098340708591, -21.619387974928326 ], [ -50.478203482490095, -21.619350282589618 ], [ -50.478309620421001, -21.619313580686089 ], [ -50.478310888922309, -21.619313136127577 ], [ -50.478417889009037, -21.619275136094618 ], [ -50.478419144947111, -21.619274684201464 ], [ -50.47852574325195, -21.619235830611313 ], [ -50.478630482385604, -21.619198282617916 ], [ -50.478736620317918, -21.619161580713914 ], [ -50.478738340550429, -21.61916097497139 ], [ -50.478844114849032, -21.619123055881012 ], [ -50.478950888877606, -21.619085136130252 ], [ -50.478952144813064, -21.619084684238047 ], [ -50.479058743117825, -21.619045830647934 ], [ -50.479164340555833, -21.619007974960162 ], [ -50.479166388127233, -21.619007225262724 ], [ -50.479272767533075, -21.618967457257845 ], [ -50.479378972015652, -21.618928747210056 ], [ -50.479483569894562, -21.618890892737202 ], [ -50.479589114660499, -21.618853055932028 ], [ -50.479695888690706, -21.618815136180679 ], [ -50.479698069483817, -21.618814343984766 ], [ -50.479801982265073, -21.618775747806549 ], [ -50.479907888637364, -21.618738136195077 ], [ -50.479908340255598, -21.618737975051193 ], [ -50.480014340341135, -21.618699975018203 ], [ -50.480015603486216, -21.618699516244487 ], [ -50.480120972961984, -21.618660748227413 ], [ -50.480226340287444, -21.618622975032697 ], [ -50.480228069346396, -21.618622344022263 ], [ -50.480332435222685, -21.618583579551398 ], [ -50.480436798900705, -21.618545809836672 ], [ -50.480541798874, -21.61850780984393 ], [ -50.480430201227037, -21.618238190137252 ], [ -50.48035372381549, -21.618265867683494 ], [ -50.480246120631641, -21.61801158561012 ], [ -50.480146120711176, -21.61804858557808 ], [ -50.480145782270327, -21.618048711232337 ], [ -50.48004395138355, -21.618086648226665 ], [ -50.479944120657599, -21.618123585592596 ], [ -50.479943294307226, -21.618123893916472 ], [ -50.479842538121467, -21.618161802181596 ], [ -50.479740782270063, -21.618199711221401 ], [ -50.47973849149124, -21.618200584571703 ], [ -50.479639633115227, -21.618239139335401 ], [ -50.479538782214753, -21.618276711236287 ], [ -50.479538294196566, -21.618276893946405 ], [ -50.479437294276238, -21.618314893913542 ], [ -50.479436489663065, -21.618315199096696 ], [ -50.479335134721509, -21.618353952453823 ], [ -50.479233782132184, -21.618391711258575 ], [ -50.479231994339607, -21.618392389415835 ], [ -50.479133188253066, -21.618430542258778 ], [ -50.479033408949171, -21.618465758480848 ], [ -50.479030781970216, -21.618466711313484 ], [ -50.478928782051078, -21.61850471128059 ], [ -50.478927489524075, -21.618505199134603 ], [ -50.478826373743928, -21.618543861047762 ], [ -50.478724674899922, -21.618581381006816 ], [ -50.478623088442141, -21.618618230993864 ], [ -50.478621293949288, -21.618618894013569 ], [ -50.478520777466088, -21.618656712093685 ], [ -50.47841867482007, -21.618694381028408 ], [ -50.478378584011516, -21.618708923781416 ], [ -50.478445536950467, -21.618682011313428 ], [ -50.47854401961591, -21.618643215108122 ], [ -50.478545561645205, -21.618642598410343 ], [ -50.478646561721675, -21.618601598375108 ], [ -50.478747181738555, -21.618560752621669 ], [ -50.478846800986119, -21.618520904918604 ], [ -50.478849340760206, -21.618519863711011 ], [ -50.478948075835568, -21.61847839497511 ], [ -50.479046800924031, -21.618438904935367 ], [ -50.479048078248198, -21.618438387631482 ], [ -50.479148078323462, -21.618397387596278 ], [ -50.47924679832478, -21.61835691239196 ], [ -50.479345508497616, -21.618318415420656 ], [ -50.479348078155049, -21.618317387656955 ], [ -50.479448078230291, -21.618276387621748 ], [ -50.479546150836171, -21.618236177849873 ], [ -50.479644201261344, -21.61819891868457 ], [ -50.47964807806266, -21.618197387682248 ], [ -50.479746798173416, -21.61815691243309 ], [ -50.479845508348951, -21.618118415460682 ], [ -50.479846019117311, -21.618118215255699 ], [ -50.479944363129142, -21.618079473671997 ], [ -50.480041551695479, -21.618042168966877 ], [ -50.480141391366914, -21.618005594034805 ], [ -50.480142374901448, -21.618005230095537 ], [ -50.480241374979805, -21.6179682300635 ], [ -50.480126625123745, -21.617699769916658 ], [ -50.480028116302229, -21.617736586342374 ], [ -50.479928304557937, -21.617773151038381 ], [ -50.479832089105265, -21.617541230860319 ], [ -50.479739007949163, -21.617574995594509 ], [ -50.47962898128656, -21.617330784684519 ], [ -50.479531376449174, -21.617369235072054 ], [ -50.479430782858515, -21.617406711112331 ], [ -50.479428492099558, -21.617407584455044 ], [ -50.479409914409054, -21.617414829759888 ], [ -50.479301970091292, -21.617155274144164 ], [ -50.479290970100109, -21.61715927414069 ], [ -50.479289858422923, -21.61715970271268 ], [ -50.479182331494577, -21.616904507921813 ], [ -50.479119830220611, -21.616927534718169 ], [ -50.479020458900152, -21.616695832301716 ], [ -50.478996458919106, -21.616704832293937 ], [ -50.47899553421977, -21.616705182298873 ], [ -50.478909029316206, -21.616738229114155 ], [ -50.478800922075351, -21.616481655283341 ], [ -50.478866548234073, -21.616457536252696 ], [ -50.478753451868151, -21.616188463728012 ], [ -50.478686737602061, -21.616212982657959 ], [ -50.478579941876994, -21.615971410039684 ], [ -50.478460941969573, -21.616017409999973 ], [ -50.478460046588864, -21.616017759193149 ], [ -50.478338161656012, -21.616065713916509 ], [ -50.478218694223919, -21.61611250532339 ], [ -50.478097112758292, -21.616159344080579 ], [ -50.47797585162229, -21.616206059432717 ], [ -50.477853593725321, -21.616251781894501 ], [ -50.477852112560178, -21.616252344149196 ], [ -50.477730851554156, -21.61629905945124 ], [ -50.47760913313914, -21.616344580155825 ], [ -50.477486674325576, -21.616389382157514 ], [ -50.477484522470959, -21.616390186863665 ], [ -50.477361522567243, -21.616437186823067 ], [ -50.47736111242412, -21.616437344186327 ], [ -50.477239317340796, -21.616484265239183 ], [ -50.477117791086044, -21.616530702097524 ], [ -50.476995068764012, -21.61657523842057 ], [ -50.476993593361641, -21.616575782006404 ], [ -50.476870593458962, -21.616621781966604 ], [ -50.476869927111927, -21.61662203285 ], [ -50.47674699472325, -21.616668628187753 ], [ -50.476624068666879, -21.616713238446771 ], [ -50.476622993042604, -21.616713633125098 ], [ -50.476498993141107, -21.616759633085273 ], [ -50.476497522200454, -21.616760186937441 ], [ -50.476374724519644, -21.616807109624791 ], [ -50.47625092707495, -21.616854032846007 ], [ -50.476250522131707, -21.616854186956122 ], [ -50.476128056868617, -21.616900982622248 ], [ -50.476005593225018, -21.61694678203002 ], [ -50.476005326573144, -21.616946882022194 ], [ -50.475880659447903, -21.616993756857916 ], [ -50.475756992940703, -21.617039633139413 ], [ -50.475755521995715, -21.617040186993208 ], [ -50.475632522092006, -21.61708718695261 ], [ -50.475630409164765, -21.617088011456435 ], [ -50.475509387008501, -21.617136223531336 ], [ -50.475406254501635, -21.617174176298601 ], [ -50.475411365702193, -21.617172087370644 ], [ -50.475526805559895, -21.617127687420947 ], [ -50.475528799759417, -21.617126905126081 ], [ -50.475643239267427, -21.617081129318723 ], [ -50.475757457662688, -21.617036435159903 ], [ -50.475873238235415, -21.616991520278589 ], [ -50.475873676746069, -21.616991349427533 ], [ -50.475988241620563, -21.616946519690234 ], [ -50.476104805393675, -21.616901687465898 ], [ -50.476105676679062, -21.616901349445794 ], [ -50.47622011057814, -21.616856570959818 ], [ -50.476334542615668, -21.616812788263349 ], [ -50.476334805203898, -21.616812687531436 ], [ -50.476451102650387, -21.616767957740951 ], [ -50.476565183678971, -21.616725301352972 ], [ -50.476680969906454, -21.616682380593094 ], [ -50.476681397136531, -21.616682221535171 ], [ -50.476796397227524, -21.616639221497955 ], [ -50.476798237851042, -21.616638520397633 ], [ -50.476913674500722, -21.616593738935119 ], [ -50.47702875353832, -21.616550088262144 ], [ -50.47714339713248, -21.616507221523605 ], [ -50.477145676385227, -21.616506349526208 ], [ -50.477259540440855, -21.616461794022765 ], [ -50.477373397069115, -21.616419221540696 ], [ -50.477374542205069, -21.616418788388586 ], [ -50.477489542295025, -21.616374788350587 ], [ -50.47749067628704, -21.616374349553045 ], [ -50.477604540344103, -21.616329794048994 ], [ -50.477718396974041, -21.616287221566306 ], [ -50.477720676221551, -21.616286349570931 ], [ -50.477835110124623, -21.616241571083382 ], [ -50.477949542165391, -21.616197788385701 ], [ -50.477951120749097, -21.616197174855138 ], [ -50.478065120836781, -21.616152174816364 ], [ -50.478065571380327, -21.61615199618381 ], [ -50.478176991374887, -21.616107625386018 ], [ -50.478290396814131, -21.616065221609215 ], [ -50.478294491300062, -21.616063626540228 ], [ -50.478404807413803, -21.616018903787179 ], [ -50.478518120703406, -21.615974174852632 ], [ -50.478397879404412, -21.615707825125721 ], [ -50.478283879492096, -21.615752825086958 ], [ -50.478282508725769, -21.615753373475844 ], [ -50.478246578547882, -21.615767939773956 ], [ -50.478152962983891, -21.615556930826216 ], [ -50.478250017931465, -21.615515576966587 ], [ -50.478362936380499, -21.615467611601936 ], [ -50.478235063733052, -21.615204388373726 ], [ -50.478122063816208, -21.615252388332685 ], [ -50.47812190059993, -21.615252457770211 ], [ -50.478007991452266, -21.61530099296693 ], [ -50.477992402537978, -21.615307364094118 ], [ -50.477873080979975, -21.615056960433812 ], [ -50.477872592314142, -21.615057164044675 ], [ -50.477753324702874, -21.61479065026235 ], [ -50.477638324791748, -21.614835650223554 ], [ -50.477637880082476, -21.614835825002942 ], [ -50.477524321142539, -21.614880650896367 ], [ -50.477408763349686, -21.614925479346404 ], [ -50.477406090096942, -21.614926544027451 ], [ -50.477292203619243, -21.6149730889314 ], [ -50.477178759738841, -21.615017480010742 ], [ -50.477062196016441, -21.615062312207744 ], [ -50.477061324500333, -21.615062650317281 ], [ -50.476946324589221, -21.615107650278492 ], [ -50.47694498216071, -21.61510818254661 ], [ -50.476828870302462, -21.615154825767569 ], [ -50.476713763146897, -21.615199479401227 ], [ -50.47671198209094, -21.61520018256569 ], [ -50.476596642386745, -21.615246515605474 ], [ -50.476481318902621, -21.615289885116812 ], [ -50.47647753885321, -21.615291361376666 ], [ -50.476362862083207, -21.615337825236306 ], [ -50.476247195781106, -21.61538231227124 ], [ -50.476244538783014, -21.61538336139591 ], [ -50.476130282414935, -21.615429654920508 ], [ -50.476013044094742, -21.615473988734795 ], [ -50.476009981882385, -21.615475182622792 ], [ -50.475893747033368, -21.61552187525022 ], [ -50.475776515682313, -21.615567575603045 ], [ -50.475774538641872, -21.615568361434637 ], [ -50.475659736156338, -21.615614876230662 ], [ -50.475541942264378, -21.615660409999577 ], [ -50.475538258588848, -21.615661886507556 ], [ -50.475421549629097, -21.615710350392909 ], [ -50.475304182851147, -21.615756705334064 ], [ -50.475186515507744, -21.615802575650203 ], [ -50.475185419037224, -21.615803007726363 ], [ -50.475067419127541, -21.615850007685911 ], [ -50.47506676996948, -21.615850267888394 ], [ -50.474948094194644, -21.615898137103869 ], [ -50.474830847396547, -21.615944837095352 ], [ -50.474711396040561, -21.615991622205431 ], [ -50.474593515333225, -21.616037575697437 ], [ -50.47459327675984, -21.616037668919557 ], [ -50.4744739481959, -21.616084405936601 ], [ -50.474357244867157, -21.616128911439727 ], [ -50.47423686976429, -21.61617367903645 ], [ -50.474236043459847, -21.61617398891913 ], [ -50.47411855639244, -21.61621841679905 ], [ -50.473999081907287, -21.616260874670782 ], [ -50.473996869573, -21.616261679101349 ], [ -50.473876217393062, -21.61630654974374 ], [ -50.473757123328738, -21.616350217564491 ], [ -50.473637682552365, -21.616393017173195 ], [ -50.473517682522413, -21.616436017181336 ], [ -50.473397682492475, -21.61647901718948 ], [ -50.47339627442129, -21.616479529140076 ], [ -50.473274420014285, -21.616524475434719 ], [ -50.473155123176078, -21.61656821760598 ], [ -50.473035682400514, -21.616611017214399 ], [ -50.473034565566252, -21.616611422059812 ], [ -50.47291512311515, -21.61665521762254 ], [ -50.4727956823399, -21.616698017230853 ], [ -50.472793458896703, -21.616698832437205 ], [ -50.472673458991551, -21.616743832398278 ], [ -50.47277560254539, -21.616981998979821 ], [ -50.472681266435735, -21.617019276944788 ], [ -50.472556721315485, -21.617065734247443 ], [ -50.47255487037215, -21.617066437675884 ], [ -50.472432124504977, -21.617113952201709 ], [ -50.472308387562627, -21.617159487392772 ], [ -50.472305636840453, -21.617160528276639 ], [ -50.472286654708526, -21.6171679102162 ], [ -50.472238820072128, -21.617220959284431 ], [ -50.472238699664437, -21.61722109229618 ], [ -50.472202497535363, -21.617260927895941 ], [ -50.47229583475012, -21.617470786869113 ], [ -50.472258673568128, -21.617484382409959 ], [ -50.472258273693136, -21.61748452930491 ], [ -50.472136273790326, -21.617529529265955 ], [ -50.472014273758262, -21.617574529274691 ], [ -50.47189227372624, -21.617619529283402 ], [ -50.471891868587583, -21.617619679336936 ], [ -50.471862869398521, -21.617630464158541 ], [ -50.471789938138947, -21.617709513205064 ], [ -50.471885131419519, -21.617933320682347 ], [ -50.472005929058433, -21.617888395937491 ], [ -50.472127726473438, -21.617843470658272 ], [ -50.472249726441412, -21.617798470666973 ], [ -50.472345522708544, -21.617763135985843 ], [ -50.472321849587978, -21.617772443356806 ], [ -50.47220462099984, -21.617817149170381 ], [ -50.472201980087178, -21.61781818306968 ], [ -50.472085529938184, -21.617864962185052 ], [ -50.471969081600797, -21.617910745287638 ], [ -50.471968417429927, -21.617911008120775 ], [ -50.471851087911915, -21.617957741060273 ], [ -50.471735761055029, -21.618002479923021 ], [ -50.471734849105388, -21.618002836896395 ], [ -50.471615849196922, -21.618049836855917 ], [ -50.471614979911223, -21.618050183117845 ], [ -50.471499295216866, -21.61809665474328 ], [ -50.471439714321335, -21.6181193762691 ], [ -50.471433325235942, -21.618134385478225 ], [ -50.471432590537674, -21.618136185494574 ], [ -50.471430125319053, -21.618142493057732 ], [ -50.471429288543824, -21.618144757438113 ], [ -50.471427574627107, -21.618149675421929 ], [ -50.471425968598815, -21.618155017215546 ], [ -50.471424658261462, -21.618160178118305 ], [ -50.471423371490907, -21.618166617208466 ], [ -50.471422756066467, -21.618170810991426 ], [ -50.471422140968379, -21.618177322084559 ], [ -50.471422039236892, -21.618179708140843 ], [ -50.471421985726415, -21.618183119816326 ], [ -50.471422081985203, -21.618191678510765 ], [ -50.471419836088522, -21.618205774857028 ], [ -50.471413005398688, -21.618218515380885 ], [ -50.4714022698207, -21.618228631929401 ], [ -50.471388697940917, -21.618235117531903 ], [ -50.471373640663188, -21.618237326631032 ], [ -50.47135620452034, -21.618237281337233 ], [ -50.47135302873177, -21.618237338185789 ], [ -50.47134781831182, -21.618237538350147 ], [ -50.471344166021026, -21.618237765177991 ], [ -50.471336794586684, -21.618238398197974 ], [ -50.471333276134139, -21.618238781645427 ], [ -50.471327843622277, -21.618239499937747 ], [ -50.471324947075587, -21.618239939030879 ], [ -50.471319326266517, -21.618240900697675 ], [ -50.471316548001163, -21.61824142875335 ], [ -50.47131089399042, -21.618242611540975 ], [ -50.471307808896476, -21.618243323689072 ], [ -50.471299864301272, -21.618245331379136 ], [ -50.471296951299891, -21.618246129106762 ], [ -50.471291044763973, -21.618247873017829 ], [ -50.471288685433585, -21.618248611495638 ], [ -50.471282601136238, -21.618250625157302 ], [ -50.471280367430928, -21.618251403314389 ], [ -50.471274107074898, -21.618253694575465 ], [ -50.471272407265943, -21.61825434001797 ], [ -50.471226614777407, -21.618272362832553 ], [ -50.471226264378984, -21.618272499228194 ], [ -50.471168057307317, -21.618294906374643 ], [ -50.471167842092726, -21.618294988656888 ], [ -50.47111471939003, -21.618315159480474 ], [ -50.471114410393128, -21.618315275648772 ], [ -50.471055769489688, -21.618337102602247 ], [ -50.47112486409079, -21.61849552094484 ], [ -50.471084153966373, -21.618510573414074 ], [ -50.471082620361976, -21.618511149342989 ], [ -50.470965038499436, -21.618555989880416 ], [ -50.470846364639009, -21.618600492575016 ], [ -50.470728276273391, -21.61864316315782 ], [ -50.470725620264915, -21.618644149369583 ], [ -50.470607620357406, -21.618689149330727 ], [ -50.470560258835292, -21.618707210926914 ], [ -50.470546736504446, -21.618719427412035 ], [ -50.470546104239737, -21.618719988396091 ], [ -50.470531626033825, -21.618732604224512 ], [ -50.47053090150937, -21.618733222817493 ], [ -50.47051720858412, -21.618744677491151 ], [ -50.470516446243103, -21.618745301882747 ], [ -50.47050576767969, -21.618753864692145 ], [ -50.470505060030533, -21.618754421233444 ], [ -50.47049707921142, -21.618760576895429 ], [ -50.470496375239428, -21.618761109585332 ], [ -50.470488636057468, -21.618766854355368 ], [ -50.470487978071681, -21.618767334172833 ], [ -50.470424337944053, -21.61881292093258 ], [ -50.470424127601625, -21.618813070752829 ], [ -50.470376488872738, -21.6188468100585 ], [ -50.470376001643523, -21.618847150637379 ], [ -50.470357589091719, -21.618859853036064 ], [ -50.470357194909248, -21.618860122108938 ], [ -50.470342692979145, -21.618869916656529 ], [ -50.470342283034164, -21.618870190501539 ], [ -50.470324149242302, -21.618882170905088 ], [ -50.470323722748134, -21.618882449468728 ], [ -50.470309546767439, -21.618891602676126 ], [ -50.470309102897474, -21.618891885879979 ], [ -50.470291363292255, -21.618903069641959 ], [ -50.470290901178728, -21.618903357379136 ], [ -50.470290239237208, -21.618903764425916 ], [ -50.470362437663816, -21.619078465145144 ], [ -50.470345457276238, -21.619084832782448 ], [ -50.470344034590667, -21.619085373975473 ], [ -50.470217744460335, -21.619134100085041 ], [ -50.470090782993218, -21.619181710631487 ], [ -50.469964109472762, -21.619228589804923 ], [ -50.469963457036599, -21.619228832861602 ], [ -50.469835457137769, -21.619276832820113 ], [ -50.469834034449335, -21.619277374014239 ], [ -50.469707550156599, -21.619326175036743 ], [ -50.469581262055193, -21.619373905968882 ], [ -50.469453457033183, -21.619421832848492 ], [ -50.469452672666009, -21.619422129317996 ], [ -50.469326672764836, -21.619470129276547 ], [ -50.469326034307215, -21.619470374053105 ], [ -50.469199550016548, -21.619519175074835 ], [ -50.469073067248438, -21.61956697958168 ], [ -50.469072672560202, -21.619567129346802 ], [ -50.46894667265903, -21.619615129305362 ], [ -50.468946034200442, -21.619615374082276 ], [ -50.468819549910471, -21.619664175103743 ], [ -50.468693067143235, -21.61971197961028 ], [ -50.468692672454395, -21.619712129375628 ], [ -50.468566672553223, -21.619760129334178 ], [ -50.468566034093662, -21.619760374111472 ], [ -50.468440068523776, -21.619808974997127 ], [ -50.468383554327247, -21.619829889698092 ], [ -50.468365304845676, -21.619841743441736 ], [ -50.468364526965665, -21.619842255816945 ], [ -50.468346129398547, -21.619854543725147 ], [ -50.468345270149371, -21.619855126559891 ], [ -50.468328116306843, -21.619866942396115 ], [ -50.468327108859981, -21.619867649051105 ], [ -50.468311253911303, -21.619878972859471 ], [ -50.468309742684319, -21.61988008216467 ], [ -50.468298691345048, -21.619888418076478 ], [ -50.468297209556297, -21.619889566478825 ], [ -50.46828669207634, -21.619897940424732 ], [ -50.468285169873852, -21.619899187089466 ], [ -50.468275197082328, -21.619907587632284 ], [ -50.468273637920106, -21.619908940268051 ], [ -50.468264208477272, -21.619917364811897 ], [ -50.468262616966996, -21.619918831264595 ], [ -50.468253729119354, -21.619927277193018 ], [ -50.468252111193287, -21.619928865287044 ], [ -50.468243762719311, -21.619937330024886 ], [ -50.468242125791114, -21.619939047351721 ], [ -50.468234313951413, -21.619947528442733 ], [ -50.468232667055283, -21.619949382098635 ], [ -50.468225340859689, -21.619957932966432 ], [ -50.468223968530999, -21.619959586397133 ], [ -50.468219454693234, -21.619965201783316 ], [ -50.468218361985699, -21.619966597913105 ], [ -50.468214118883843, -21.619972167048253 ], [ -50.468212572001526, -21.619974280783204 ], [ -50.468204327556762, -21.619986016306399 ], [ -50.468203152984223, -21.619987744605314 ], [ -50.468195356515729, -21.619999608862308 ], [ -50.46819441329346, -21.620001085923391 ], [ -50.468187033116074, -21.620012983661766 ], [ -50.468186103828536, -21.620014527965413 ], [ -50.468179173865735, -21.620026405042431 ], [ -50.468178263008809, -21.620028017364167 ], [ -50.468171781708044, -21.620039873592628 ], [ -50.468170894091926, -21.620041554270426 ], [ -50.468165572055696, -21.620051992639542 ], [ -50.468227196212098, -21.620199665401227 ], [ -50.468280810612342, -21.620180103393384 ], [ -50.468374563866476, -21.620391409538176 ], [ -50.468372727423322, -21.620392108360786 ], [ -50.468489272681602, -21.620659891618857 ], [ -50.468601473638131, -21.620617195676648 ], [ -50.468714298098462, -21.62057562876717 ], [ -50.468826924512193, -21.620534764313433 ], [ -50.468827243551381, -21.620534648175461 ], [ -50.468942243643461, -21.620492648139077 ], [ -50.468942670838054, -21.620492491436284 ], [ -50.46905667092895, -21.620450491399932 ], [ -50.469057399867431, -21.620450220843978 ], [ -50.469172252098979, -21.62040727609347 ], [ -50.469284092921562, -21.620365706935612 ], [ -50.469398076166449, -21.620325069428095 ], [ -50.46940010406194, -21.620324331110215 ], [ -50.469513104151659, -21.620282331073877 ], [ -50.469514545051581, -21.620281787661522 ], [ -50.469627818833459, -21.620238448124887 ], [ -50.469741076078257, -21.620198069451899 ], [ -50.469743399685477, -21.620197220893751 ], [ -50.469857822448105, -21.620154436727457 ], [ -50.469972243374826, -21.620112648212089 ], [ -50.469973399624344, -21.620112220910446 ], [ -50.470088399715387, -21.620069220873258 ], [ -50.470089544895806, -21.620068787704337 ], [ -50.470203397778313, -21.620025226598475 ], [ -50.470317243283624, -21.619983648236762 ], [ -50.470318399531514, -21.619983220935719 ], [ -50.470431832036603, -21.619940807040141 ], [ -50.470547251230244, -21.619900360995082 ], [ -50.47055154477151, -21.619898787738553 ], [ -50.470665973076223, -21.619855006470846 ], [ -50.47077940549449, -21.619812592607197 ], [ -50.470895406142631, -21.619770951345934 ], [ -50.470897399378359, -21.619770220977614 ], [ -50.47101239946938, -21.619727220940419 ], [ -50.471012832650743, -21.61972705825827 ], [ -50.471125623378406, -21.61968451438462 ], [ -50.471241406053302, -21.619642951370071 ], [ -50.471243399286273, -21.619642221002742 ], [ -50.471358399377301, -21.619599220965554 ], [ -50.471360678704762, -21.619598348939586 ], [ -50.471475112588124, -21.619553570459797 ], [ -50.471588972826524, -21.61951000653896 ], [ -50.471703399282255, -21.61946722099125 ], [ -50.471705678606561, -21.619466348966483 ], [ -50.471820678695487, -21.619421348927695 ], [ -50.471935553669276, -21.619376397847081 ], [ -50.472048428673681, -21.619332446514036 ], [ -50.472048678506809, -21.619332348993645 ], [ -50.47216233034419, -21.619287876532233 ], [ -50.472276971758582, -21.619245380142239 ], [ -50.47227967844136, -21.619244349011581 ], [ -50.472393976503248, -21.619199623679389 ], [ -50.47250583585749, -21.619157057726937 ], [ -50.472620399028038, -21.619114221059835 ], [ -50.47262154419694, -21.619113787895262 ], [ -50.472735972506158, -21.619070006625837 ], [ -50.47285039896542, -21.619027221076795 ], [ -50.472852428326597, -21.619026446622964 ], [ -50.472964416549864, -21.618982840585801 ], [ -50.473078398902778, -21.618940221093727 ], [ -50.473193034654031, -21.618897357288102 ], [ -50.473306669793544, -21.61885549170735 ], [ -50.473307398719662, -21.618855221155989 ], [ -50.473422398810676, -21.618812221118802 ], [ -50.47353739877974, -21.618769221127213 ], [ -50.473539428135432, -21.618768446675471 ], [ -50.473650842389006, -21.618725064131201 ], [ -50.473764242363977, -21.618683648484705 ], [ -50.47376627124077, -21.618682892012639 ], [ -50.473877680101012, -21.618640497487977 ], [ -50.47399107496804, -21.618600069749686 ], [ -50.47399224218286, -21.618599648545288 ], [ -50.474107242274911, -21.618557648508897 ], [ -50.474110427978381, -21.618556446718721 ], [ -50.474221059537221, -21.618513368940921 ], [ -50.474334659677822, -21.618473217163782 ], [ -50.474336242093074, -21.618472648569615 ], [ -50.474451082617691, -21.618430706810098 ], [ -50.474534219389675, -21.618400542148393 ], [ -50.474453316105709, -21.618433047918703 ], [ -50.474342663093374, -21.618476910369782 ], [ -50.474342426629264, -21.618477004320024 ], [ -50.474229426715787, -21.618522004281289 ], [ -50.474228969737936, -21.61852218707546 ], [ -50.474117198035209, -21.61856709534457 ], [ -50.474004426647902, -21.618612004299742 ], [ -50.47400396966961, -21.618612187094094 ], [ -50.473892197969086, -21.618657095362334 ], [ -50.473779651705669, -21.618701914666516 ], [ -50.473665877223851, -21.618746825641946 ], [ -50.473663362190699, -21.618747843068068 ], [ -50.473553614849351, -21.618793323943855 ], [ -50.473440877155618, -21.61883782566041 ], [ -50.473440426356973, -21.618838004394068 ], [ -50.473327426443497, -21.618883004355325 ], [ -50.473215219672241, -21.618927688463891 ], [ -50.473102016743518, -21.618971380818298 ], [ -50.47310042625594, -21.618972004421639 ], [ -50.47298787333105, -21.619016826378832 ], [ -50.472874242156145, -21.619061290747904 ], [ -50.472761167703169, -21.619103941634378 ], [ -50.472758426155721, -21.619105004449104 ], [ -50.472647006266627, -21.619149375197914 ], [ -50.472533600940871, -21.619191778924574 ], [ -50.472418600909926, -21.619234778932995 ], [ -50.472416571299298, -21.619235553481897 ], [ -50.472305734770238, -21.61927871106565 ], [ -50.472192924558911, -21.619318930355071 ], [ -50.472189455431625, -21.619320212208038 ], [ -50.472075602601151, -21.619363773288008 ], [ -50.471962339853761, -21.619405138810166 ], [ -50.471847924470744, -21.619445930378856 ], [ -50.471846757000343, -21.619446351675435 ], [ -50.471731757092407, -21.619488351639063 ], [ -50.471616757062726, -21.619530351647143 ], [ -50.471615600575056, -21.619530779036754 ], [ -50.471501336876742, -21.619573503721156 ], [ -50.471389076159404, -21.619614235482931 ], [ -50.471386455215907, -21.619615212267384 ], [ -50.471273181484946, -21.619658551779128 ], [ -50.47115992429508, -21.619698930426317 ], [ -50.471156888269341, -21.619700047285235 ], [ -50.471040888360506, -21.619744047247213 ], [ -50.471040727767871, -21.619744108259642 ], [ -50.470927727856534, -21.619787108222511 ], [ -50.470927455090056, -21.619787212301848 ], [ -50.470812591389475, -21.619831160149015 ], [ -50.470699727793097, -21.619874108239745 ], [ -50.470697876258157, -21.619874825922075 ], [ -50.470585232989286, -21.619919290366877 ], [ -50.47047160038683, -21.619961779075375 ], [ -50.470470727608884, -21.61996210830285 ], [ -50.470357727697554, -21.620005108265715 ], [ -50.47035542547745, -21.620006004636902 ], [ -50.470242997160156, -21.620050776971674 ], [ -50.470131366999667, -21.62009424357916 ], [ -50.470018166954951, -21.620136941838037 ], [ -50.470016570630904, -21.620137553665622 ], [ -50.469904148120307, -21.620181328798949 ], [ -50.46979194701774, -21.620224024790197 ], [ -50.469678166860767, -21.620266941863587 ], [ -50.469676570534531, -21.620267553691985 ], [ -50.469564366840302, -21.62031124362262 ], [ -50.469452118651503, -21.620353582848569 ], [ -50.469340075610148, -21.620394235630492 ], [ -50.469336570439701, -21.620395553718083 ], [ -50.469224510801361, -21.620439187556215 ], [ -50.469113456241018, -21.620480833012824 ], [ -50.469112727230417, -21.620481108405777 ], [ -50.46900068220031, -21.62052374500723 ], [ -50.468889642268856, -21.620564393550435 ], [ -50.468888456061599, -21.620564833073903 ], [ -50.468776675700838, -21.620606750706205 ], [ -50.468664268467286, -21.620648530383022 ], [ -50.468553024103208, -21.620689253763604 ], [ -50.468442406905559, -21.620729115814228 ], [ -50.468440455942698, -21.620729833106481 ], [ -50.468328456031244, -21.620771833070162 ], [ -50.468428091280707, -21.621004137971447 ], [ -50.468367726946674, -21.621027108455593 ], [ -50.468466942601822, -21.621255071938329 ], [ -50.468384328489371, -21.621285508704208 ], [ -50.468497671613015, -21.62155449127647 ], [ -50.468611458108313, -21.621512569933341 ], [ -50.468726244354066, -21.62147064799726 ], [ -50.468727104902115, -21.621470330932087 ], [ -50.468839093690562, -21.621428706778129 ], [ -50.46895307692337, -21.621388069274929 ], [ -50.468954244173645, -21.621387648057745 ], [ -50.469069244265718, -21.621345648021357 ], [ -50.469070104812616, -21.621345330956633 ], [ -50.469182093602377, -21.621303706802166 ], [ -50.469296076836599, -21.621263069298461 ], [ -50.469297244085297, -21.621262648081835 ], [ -50.469412244177377, -21.621220648045465 ], [ -50.469412671375466, -21.621220491341393 ], [ -50.469525875771453, -21.621178784456166 ], [ -50.46963948846242, -21.621138279059554 ], [ -50.46975389846213, -21.621098484274782 ], [ -50.469757104635157, -21.621097331005394 ], [ -50.469869674839011, -21.621055490749846 ], [ -50.469983661198377, -21.62101386094638 ], [ -50.470096106184883, -21.620973771862509 ], [ -50.47003753030544, -21.620995804978055 ], [ -50.469928795117333, -21.621036333545582 ], [ -50.469817839573018, -21.621075960522944 ], [ -50.469815455673874, -21.621076833131262 ], [ -50.469704428530228, -21.621118468307468 ], [ -50.46959440658722, -21.621158115851646 ], [ -50.469592756426565, -21.621158720684853 ], [ -50.469483198559331, -21.621199555887173 ], [ -50.469371641771815, -21.62124039363685 ], [ -50.469260452126562, -21.621281096986795 ], [ -50.469148266122687, -21.621320808844001 ], [ -50.469145455497305, -21.621321833179682 ], [ -50.46903442835572, -21.621363468355135 ], [ -50.468924406415795, -21.621403115898204 ], [ -50.468922455438204, -21.621403833195878 ], [ -50.468811047547149, -21.621445611152208 ], [ -50.468700451983679, -21.621486097025535 ], [ -50.468588265981133, -21.621525808882282 ], [ -50.468585455349597, -21.621526833220233 ], [ -50.468473455438136, -21.621568833183918 ], [ -50.468473009565891, -21.621569001138678 ], [ -50.468362009653262, -21.621611001102401 ], [ -50.468468685125089, -21.621857497023107 ], [ -50.468438455215605, -21.621868833228401 ], [ -50.468438009341895, -21.62186900118374 ], [ -50.46832700942926, -21.621911001147442 ], [ -50.468324905926842, -21.621911813966754 ], [ -50.468215906010776, -21.621954813929744 ], [ -50.468322148558734, -21.622190278691114 ], [ -50.468251068523948, -21.622216604617627 ], [ -50.468143068495358, -21.622256604625424 ], [ -50.468256931607456, -21.622525395355076 ], [ -50.468364931693365, -21.622485395320464 ], [ -50.468470660135935, -21.622446236636254 ], [ -50.468408263659043, -21.62247165740964 ], [ -50.468301303237325, -21.622511890224935 ], [ -50.468299632802776, -21.622512529170479 ], [ -50.468191632886587, -21.622554529134277 ], [ -50.468083632855468, -21.622596529142747 ], [ -50.468190424750659, -21.622836621449402 ], [ -50.468150161323834, -21.622851942917499 ], [ -50.468035598232774, -21.622894779548201 ], [ -50.468035454337965, -21.622894833430529 ], [ -50.467923454426519, -21.622936833394238 ], [ -50.467922725396484, -21.622937108794527 ], [ -50.467809725485175, -21.622980108757382 ], [ -50.467926274619764, -21.623247891222238 ], [ -50.468038910566875, -21.623205029752416 ], [ -50.468150473835415, -21.623163193523499 ], [ -50.468265401961844, -21.623120220394799 ], [ -50.468266274526471, -21.623119891247747 ], [ -50.468378691307493, -21.623077113177519 ], [ -50.468491040301963, -21.623035355140978 ], [ -50.468606974488587, -21.622992379534274 ], [ -50.468633323250224, -21.622982586212881 ], [ -50.468574369919757, -21.623005631591326 ], [ -50.468573659523216, -21.623005911238803 ], [ -50.468463467774427, -21.623049590847241 ], [ -50.46835227986702, -21.623092279057836 ], [ -50.468351117068146, -21.623092730671793 ], [ -50.468240431087843, -21.623136214446472 ], [ -50.468131755062792, -21.623176720961418 ], [ -50.468128659394047, -21.623177911274308 ], [ -50.468018467646743, -21.623221590882139 ], [ -50.467908237637729, -21.62326391132865 ], [ -50.467798200804936, -21.623304555560949 ], [ -50.467795116909222, -21.623305730715433 ], [ -50.467683835044461, -21.623349448587287 ], [ -50.46757559511672, -21.623390776556541 ], [ -50.467464640188247, -21.623431393982571 ], [ -50.467563812068953, -21.623668249316204 ], [ -50.467486403344601, -21.623699212793927 ], [ -50.467376639964186, -21.623739394027762 ], [ -50.467485972784388, -21.624000515882262 ], [ -50.467409913274807, -21.624028294124486 ], [ -50.46729707296241, -21.624069236182098 ], [ -50.46740306297756, -21.624324633343353 ], [ -50.467335754201777, -21.624349721146476 ], [ -50.467333989917456, -21.624350390544414 ], [ -50.467236504928437, -21.624388033261212 ], [ -50.467231086985507, -21.624389839242042 ], [ -50.467324919508364, -21.624635948960961 ], [ -50.46729106275064, -21.624648605682093 ], [ -50.467182519041799, -21.62468843823293 ], [ -50.467291265259711, -21.624947517938786 ], [ -50.467209052334375, -21.624979366176934 ], [ -50.467097864615639, -21.625022054315636 ], [ -50.466986452854144, -21.625063833722844 ], [ -50.466986006964909, -21.625064001684009 ], [ -50.466875007052295, -21.625106001647726 ], [ -50.466988911610414, -21.625369188972083 ], [ -50.466918036754713, -21.625395990372301 ], [ -50.466917355947494, -21.625396249582685 ], [ -50.466797485568733, -21.625442199890873 ], [ -50.466679825793157, -21.625487070140753 ], [ -50.466585423390498, -21.625522768525496 ], [ -50.466583994732879, -21.625526476899626 ], [ -50.466583693299803, -21.625527274926895 ], [ -50.466576168146993, -21.625547600707907 ], [ -50.466575858884603, -21.625548454363845 ], [ -50.466572390837612, -21.625558240918149 ], [ -50.466676963448464, -21.625800009580651 ], [ -50.466795963542182, -21.625755009541784 ], [ -50.46679638482675, -21.62575484955785 ], [ -50.466853288978285, -21.625733148834446 ], [ -50.466950403934412, -21.625960220002096 ], [ -50.46706525615943, -21.625917275254032 ], [ -50.467178108260228, -21.625875330222367 ], [ -50.467178403873241, -21.625875220018781 ], [ -50.4672928266003, -21.62583243586581 ], [ -50.467407247490556, -21.625790647363775 ], [ -50.467521664598095, -21.625748860243775 ], [ -50.467636080003835, -21.625708068661723 ], [ -50.467638403752424, -21.62570722005195 ], [ -50.467716008911083, -21.625678202480398 ], [ -50.467661759029191, -21.625700270212423 ], [ -50.467542193505885, -21.625748096416942 ], [ -50.467541127731423, -21.625748527160212 ], [ -50.467421659717303, -21.625797309927865 ], [ -50.467302193432481, -21.625845096436937 ], [ -50.467301762215492, -21.625845269647975 ], [ -50.46718330180672, -21.625893051993277 ], [ -50.467064843152244, -21.625939838179985 ], [ -50.467064193232574, -21.62594009650779 ], [ -50.466944939970205, -21.625987797808538 ], [ -50.466824690023692, -21.626034506461075 ], [ -50.466943310082875, -21.626301493517861 ], [ -50.467064310176859, -21.626254493477347 ], [ -50.467065806784596, -21.626253903511419 ], [ -50.467185482231564, -21.626206033328184 ], [ -50.467304157047224, -21.626159161757897 ], [ -50.467305237803551, -21.626158730370893 ], [ -50.467424022424368, -21.626110817241901 ], [ -50.467543806768091, -21.626062903499694 ], [ -50.467544872288478, -21.626062472859044 ], [ -50.467664340355604, -21.626013690060169 ], [ -50.467783806694683, -21.625965903519688 ], [ -50.467784674322395, -21.625965553531337 ], [ -50.467902674411697, -21.625917553490108 ], [ -50.467902872177142, -21.625917472889558 ], [ -50.468022340245902, -21.625868690090034 ], [ -50.468141806584917, -21.625820903549574 ], [ -50.468142237546203, -21.625820730441195 ], [ -50.468261237636703, -21.625772730399959 ], [ -50.468264416694296, -21.625771408219322 ], [ -50.46838183508401, -21.625721086046955 ], [ -50.468499022094029, -21.625673817331659 ], [ -50.468618806437263, -21.625625903589675 ], [ -50.468620927198081, -21.625625037670019 ], [ -50.46874030187724, -21.625575298215153 ], [ -50.46885767411294, -21.625527553571711 ], [ -50.468857871877596, -21.625527472971466 ], [ -50.468977871968193, -21.625478472929405 ], [ -50.468978927083604, -21.62547803770148 ], [ -50.469098084421475, -21.625428388805602 ], [ -50.469216237338138, -21.625380730481126 ], [ -50.469216871764694, -21.625380473002316 ], [ -50.469336554822938, -21.625331602415297 ], [ -50.469454809407019, -21.625283903082568 ], [ -50.469575380538679, -21.625236073207496 ], [ -50.469577307426597, -21.625235294345167 ], [ -50.469695558472068, -21.625186602733386 ], [ -50.469814593337425, -21.625138988782385 ], [ -50.469935268314359, -21.62509111771265 ], [ -50.470053943176936, -21.625044246124013 ], [ -50.470172980561159, -21.624997623144644 ], [ -50.470293227988137, -21.624951909242839 ], [ -50.470294309082078, -21.624951493788018 ], [ -50.47041443028008, -21.624904835137279 ], [ -50.470533547049904, -21.624860166344853 ], [ -50.470534643452446, -21.62485975063262 ], [ -50.470653690059805, -21.624814116096527 ], [ -50.470774731544438, -21.624769469643763 ], [ -50.47077554685692, -21.624769166410477 ], [ -50.470895546951802, -21.624724166371553 ], [ -50.470897729639674, -21.62472332973136 ], [ -50.471016236923205, -21.624676914375247 ], [ -50.471136731446798, -21.624632469670132 ], [ -50.471137546758072, -21.624632166437284 ], [ -50.471257546852954, -21.624587166398374 ], [ -50.471257962579209, -21.624587009846355 ], [ -50.47137654996088, -21.624542165875237 ], [ -50.47149713639012, -21.624497319679143 ], [ -50.471500155673468, -21.624496162147661 ], [ -50.471617856097239, -21.624449675422024 ], [ -50.471736546721601, -21.624405166433963 ], [ -50.471736962447068, -21.624405009882253 ], [ -50.471855962540758, -21.624360009843365 ], [ -50.471857729368665, -21.624359329805785 ], [ -50.471976641408872, -21.624312755919771 ], [ -50.472095546622747, -21.624268166460713 ], [ -50.472215546590263, -21.624223166469569 ], [ -50.472216383719129, -21.624222849888984 ], [ -50.472333965615313, -21.624178009331956 ], [ -50.472452438081923, -21.624133582154005 ], [ -50.47257132299908, -21.62409098172229 ], [ -50.472573546367016, -21.624090166543457 ], [ -50.472693546461883, -21.624045166504537 ], [ -50.472812437987308, -21.624000582179715 ], [ -50.472931322906334, -21.623957981747324 ], [ -50.472932137712377, -21.623957687303495 ], [ -50.473050137806958, -21.623914687266236 ], [ -50.473052642759072, -21.623913750822286 ], [ -50.473112587446956, -21.623890772023834 ], [ -50.473114327591581, -21.623888451052483 ], [ -50.473114816120713, -21.623887791182106 ], [ -50.473128596049463, -21.623868940660795 ], [ -50.473129066733655, -21.623868288687827 ], [ -50.473146592002344, -21.623843706887385 ], [ -50.473200688952907, -21.623767104555782 ], [ -50.473210520488728, -21.623756951181612 ], [ -50.473223154473999, -21.623750019614718 ], [ -50.473237429433752, -21.623746947091838 ], [ -50.473252033034377, -21.623748016077919 ], [ -50.473265622729535, -21.623753128298333 ], [ -50.473269993170909, -21.623755548496447 ], [ -50.473273148581335, -21.62375716975901 ], [ -50.473276907725449, -21.623758969905317 ], [ -50.473280527549406, -21.623760580605545 ], [ -50.473284012332016, -21.623762027343538 ], [ -50.473288146744999, -21.623763623390722 ], [ -50.473291064966965, -21.623764681559596 ], [ -50.473293629205621, -21.623765552284034 ], [ -50.473297646838404, -21.62376679363431 ], [ -50.473304672801454, -21.623768753677055 ], [ -50.473308994344897, -21.623769824686956 ], [ -50.473317423690091, -21.623771655496743 ], [ -50.473320852414766, -21.623772318995567 ], [ -50.473330798860644, -21.623774010534024 ], [ -50.473333875365597, -21.623774470088332 ], [ -50.473348620323478, -21.623776369650585 ], [ -50.473350839396105, -21.623776622981531 ], [ -50.473360554165303, -21.623777590074049 ], [ -50.473362191816221, -21.623777735542895 ], [ -50.473376607258182, -21.623778861819815 ], [ -50.47337820564227, -21.623778970074621 ], [ -50.47339403834475, -21.623779877954352 ], [ -50.473395018358886, -21.623779927924076 ], [ -50.473415362340653, -21.623780836082883 ], [ -50.473529923459559, -21.623740124277791 ], [ -50.473531439421855, -21.623739577003494 ], [ -50.473651083752998, -21.62369570741264 ], [ -50.473740854061248, -21.623663269410152 ], [ -50.473853517056142, -21.623916557466899 ], [ -50.473741021312108, -21.623958621089084 ], [ -50.473690904718289, -21.623977040006849 ], [ -50.473693734141342, -21.623982656283374 ], [ -50.473694003865539, -21.623983201033354 ], [ -50.47369981764701, -21.623995150487886 ], [ -50.473700058705234, -21.623995654087985 ], [ -50.473708153205031, -21.624012845277083 ], [ -50.473708369614606, -21.624013311998425 ], [ -50.473714349773537, -21.624026410751124 ], [ -50.473714653331754, -21.624027090971239 ], [ -50.473724423876597, -21.62404949765115 ], [ -50.473724749024036, -21.624050263199109 ], [ -50.473730041552621, -21.624063063256703 ], [ -50.473730282790633, -21.624063659155453 ], [ -50.473735370510823, -21.624076499469602 ], [ -50.473735608834069, -21.624077114582995 ], [ -50.473740414631379, -21.624089804569355 ], [ -50.473740649384013, -21.624090439408882 ], [ -50.473745174623517, -21.624102978060087 ], [ -50.473745405096167, -21.62410363312156 ], [ -50.473749651251282, -21.624116019463521 ], [ -50.473749876679335, -21.624116695223403 ], [ -50.473753807171995, -21.624128810689495 ], [ -50.47375406269493, -21.624129625833383 ], [ -50.473758960141268, -21.624145811447082 ], [ -50.473759240575873, -21.624146779125009 ], [ -50.473763709711136, -21.624162907388765 ], [ -50.473763890104578, -21.624163579590405 ], [ -50.473786948283056, -21.624252381558492 ], [ -50.473854553880209, -21.62422753505529 ], [ -50.473855402705361, -21.624227220384348 ], [ -50.473970402796411, -21.624184220347132 ], [ -50.473971114891633, -21.624183952165655 ], [ -50.474085767109521, -21.624140463390574 ], [ -50.474201409280312, -21.624098950813305 ], [ -50.474202553664576, -21.624098535125693 ], [ -50.474319553757979, -21.624055535088438 ], [ -50.474319975194092, -21.624055379534433 ], [ -50.474435975286305, -21.624012379497199 ], [ -50.474436687475254, -21.624012113582666 ], [ -50.47455312145884, -21.623968326440497 ], [ -50.474669553665585, -21.623925535113479 ], [ -50.474786553635049, -21.623882535121762 ], [ -50.474789243347196, -21.623881519250947 ], [ -50.474904813975677, -21.623836685813838 ], [ -50.475022383543248, -21.623791849958003 ], [ -50.475022810472289, -21.623791686450716 ], [ -50.475138685560751, -21.623747119105822 ], [ -50.475254553508442, -21.62370453515582 ], [ -50.475256810407636, -21.623703686468382 ], [ -50.475373810498944, -21.623658686429515 ], [ -50.475374243182245, -21.623658519295983 ], [ -50.475490026941763, -21.623613603178622 ], [ -50.475606039705319, -21.623568982881483 ], [ -50.47572326569879, -21.623525271490539 ], [ -50.47572481027602, -21.623524686504169 ], [ -50.475841596908239, -21.623479768565062 ], [ -50.475959383282401, -21.623434850028836 ], [ -50.475959810209872, -21.623434686522156 ], [ -50.476075478797561, -21.62339019860072 ], [ -50.47619213741914, -21.623347687404713 ], [ -50.476194810145188, -21.623346686539843 ], [ -50.476311596779624, -21.623301768599891 ], [ -50.476429383152372, -21.623256850064198 ], [ -50.476429810079019, -21.623256686557827 ], [ -50.476546596713384, -21.623211768617889 ], [ -50.476664172450974, -21.623166930409266 ], [ -50.476782961655282, -21.62312201011834 ], [ -50.47678338292836, -21.623121850138762 ], [ -50.476901383020838, -21.623076850099885 ], [ -50.477019172353458, -21.623031930435619 ], [ -50.477137961557247, -21.622987010144886 ], [ -50.477138382829722, -21.622986850165539 ], [ -50.47725638284038, -21.622941850157858 ], [ -50.477373964698977, -21.622897009615151 ], [ -50.477493545614131, -21.622852166768411 ], [ -50.477493961332868, -21.622852010219226 ], [ -50.477611847494423, -21.622807431415705 ], [ -50.47772972679013, -21.622764836372884 ], [ -50.477731135031938, -21.622764320093737 ], [ -50.47785178725281, -21.622719449430001 ], [ -50.477971438806421, -21.622675577190538 ], [ -50.477972961204451, -21.62267501025428 ], [ -50.478090448227498, -21.622630582385675 ], [ -50.478209922673081, -21.622588124521688 ], [ -50.478212961140613, -21.622587010271737 ], [ -50.478331346591993, -21.622542242660874 ], [ -50.4784527299378, -21.622497470111878 ], [ -50.478453545230778, -21.622497166885836 ], [ -50.478573138011541, -21.622452319589879 ], [ -50.478694729873652, -21.622407470129229 ], [ -50.478695545165856, -21.622407166903479 ], [ -50.47881534012005, -21.622362243792402 ], [ -50.478935932371883, -21.622317395431008 ], [ -50.479057729777445, -21.622272470155234 ], [ -50.479058545068455, -21.622272166929925 ], [ -50.479178137849395, -21.622227319633911 ], [ -50.479299729713297, -21.622182470172575 ], [ -50.479421729681242, -21.622137470181261 ], [ -50.47942296081402, -21.622137010360653 ], [ -50.479541346268505, -21.622092242748618 ], [ -50.479662729617068, -21.622047470198602 ], [ -50.479663544906167, -21.62204716697401 ], [ -50.479782042726171, -21.62200273028887 ], [ -50.479902528265193, -21.621960264071227 ], [ -50.479793471833794, -21.621689735910739 ], [ -50.47967147193301, -21.621732735873366 ], [ -50.479668455102825, -21.621733833044996 ], [ -50.479608939168536, -21.621756151533134 ], [ -50.479635304861468, -21.621745295061753 ], [ -50.479512258523947, -21.621484024303967 ], [ -50.479570544598246, -21.62146216701003 ], [ -50.479572727211483, -21.621461330398464 ], [ -50.47969163928456, -21.621414756499497 ], [ -50.479810544531801, -21.621370167027923 ], [ -50.479721238935674, -21.621161947888897 ], [ -50.479751556840434, -21.621150173935714 ], [ -50.479854800753067, -21.621112809468997 ], [ -50.479857808491097, -21.621111686943209 ], [ -50.479961416972522, -21.621071837524092 ], [ -50.480063548485866, -21.621033166365557 ], [ -50.480168071206414, -21.620994343637779 ], [ -50.480273071178459, -21.620955343645367 ], [ -50.480275295680102, -21.620954498640874 ], [ -50.480376556670514, -21.6209151739817 ], [ -50.480479800587865, -21.620877809513267 ], [ -50.480481855412009, -21.620877050030089 ], [ -50.480587855495514, -21.620837049995473 ], [ -50.480589295592779, -21.62083649866473 ], [ -50.480690556585337, -21.620797174004739 ], [ -50.480793800504927, -21.6207598095355 ], [ -50.480797572142642, -21.620758390966206 ], [ -50.480902433919752, -21.620717444935369 ], [ -50.481004186736321, -21.62067792927542 ], [ -50.481108070951983, -21.620639343706365 ], [ -50.481213070924042, -21.62060034371391 ], [ -50.481214328094296, -21.620599870788954 ], [ -50.481318535357765, -21.620560172780973 ], [ -50.481420739092485, -21.620522466545776 ], [ -50.481421855154615, -21.620522050099733 ], [ -50.481527699571664, -21.620482108807277 ], [ -50.481631543849289, -21.620443167200161 ], [ -50.481516456254553, -21.620174832779874 ], [ -50.481412456336727, -21.620213832746135 ], [ -50.481412144866212, -21.620213949914703 ], [ -50.481306702113827, -21.620253739629728 ], [ -50.481204261092124, -21.620291533401861 ], [ -50.48120267192845, -21.620292129225167 ], [ -50.481098299487286, -21.62033189015219 ] ], [ [ -50.47930843595347, -21.621563402070141 ], [ -50.479307695185561, -21.621563704932573 ], [ -50.479206947294465, -21.621605189354369 ], [ -50.47910620896711, -21.621644694576702 ], [ -50.479105446265592, -21.621644995923265 ], [ -50.479002446344474, -21.621685995887962 ], [ -50.479001944787548, -21.621686196514741 ], [ -50.478900575639273, -21.621726942933318 ], [ -50.478799599882791, -21.621766541265533 ], [ -50.478698991862302, -21.621805389903642 ], [ -50.478697446144196, -21.621805995956311 ], [ -50.478596576443238, -21.621846147970249 ], [ -50.478494732947127, -21.621883360013548 ], [ -50.478493291519705, -21.621883894495276 ], [ -50.478392373273451, -21.621921863733569 ], [ -50.478290155264077, -21.621960195484863 ], [ -50.478188871227928, -21.621995595727977 ], [ -50.4781884822129, -21.621995732251623 ], [ -50.478083482298302, -21.622032732219488 ], [ -50.478083023993854, -21.622032894493209 ], [ -50.478029348805919, -21.622051990482991 ], [ -50.478135544995332, -21.622012166903083 ], [ -50.478138585577035, -21.622010991410239 ], [ -50.47825527818059, -21.621964512149074 ], [ -50.478372960769775, -21.621920010325553 ], [ -50.478491960737102, -21.62187501033441 ], [ -50.478494153710294, -21.621874162688883 ], [ -50.478611854169507, -21.621827675949223 ], [ -50.478730544829972, -21.621783166947594 ], [ -50.478731641196994, -21.621782751248819 ], [ -50.478851093830912, -21.621736961068965 ], [ -50.478970544764302, -21.621692166965317 ], [ -50.478972727382789, -21.621691330351723 ], [ -50.479091639453408, -21.621644756453765 ], [ -50.479210544697871, -21.62160016698321 ], [ -50.479211641062768, -21.621599751285252 ], [ -50.479331641156556, -21.6215537512455 ], [ -50.479332727280003, -21.621553330379768 ], [ -50.479347499720163, -21.621547544513223 ], [ -50.47930843595347, -21.621563402070141 ] ], [ [ -50.477021827784192, -21.622719069535307 ], [ -50.476903038640906, -21.622763989795981 ], [ -50.476902617117183, -21.622764149870711 ], [ -50.47678461720966, -21.622809149831834 ], [ -50.476666827686905, -21.622854069561583 ], [ -50.476548038542866, -21.622898989822549 ], [ -50.476547617018532, -21.622899149897503 ], [ -50.476429617111016, -21.622944149858622 ], [ -50.476429189935494, -21.62294431346027 ], [ -50.476312403359053, -21.622989231370656 ], [ -50.476194617045266, -21.62303414987645 ], [ -50.476194189869325, -21.623034313478261 ], [ -50.476078521337712, -21.623078801371957 ], [ -50.475961862777012, -21.623121312538967 ], [ -50.475959189804641, -21.623122313495944 ], [ -50.4758424032295, -21.623167231405827 ], [ -50.47572461691523, -21.623212149911794 ], [ -50.475724189738479, -21.623212313513925 ], [ -50.475607960431297, -21.62325701709026 ], [ -50.475490734498123, -21.623300728451625 ], [ -50.475489189673063, -21.623301313531762 ], [ -50.475372189764357, -21.62334631349291 ], [ -50.475371756834122, -21.623346480721811 ], [ -50.4752559731308, -21.623391396809851 ], [ -50.475140314575484, -21.623435880866317 ], [ -50.475024446687193, -21.623478464787649 ], [ -50.475022189542216, -21.623479313567383 ], [ -50.474905402968055, -21.623524231476882 ], [ -50.474787616654375, -21.623569149982636 ], [ -50.474786756669161, -21.623569480766822 ], [ -50.474672096516521, -21.62361396099524 ], [ -50.474556446560591, -21.623656464821696 ], [ -50.47443944653007, -21.62369946482999 ], [ -50.474438312536428, -21.623699886435361 ], [ -50.474321668370926, -21.623743752614136 ], [ -50.474206235503885, -21.623786542380714 ], [ -50.474090017745894, -21.623829254887315 ], [ -50.474008932118878, -21.623858362557616 ], [ -50.474070368155402, -21.623834470751863 ], [ -50.474071566754816, -21.623833999090579 ], [ -50.474178736815873, -21.623791329525531 ], [ -50.474286902811244, -21.623749650881255 ], [ -50.474287367977425, -21.623749470813646 ], [ -50.474394534827788, -21.623707794813065 ], [ -50.474502697691889, -21.623667109695592 ], [ -50.47450531888753, -21.623666097524545 ], [ -50.474611207140967, -21.623624141797617 ], [ -50.474720095314545, -21.62358118590863 ], [ -50.474720318823643, -21.623581097541933 ], [ -50.474826079553331, -21.623539192343337 ], [ -50.474932839944444, -21.623497286391554 ], [ -50.474934044633486, -21.623496807903642 ], [ -50.475040072466633, -21.623454198583762 ], [ -50.47514509467117, -21.623413576783793 ], [ -50.475145839767777, -21.623413286453296 ], [ -50.47525283985037, -21.623371286417097 ], [ -50.475256225036084, -21.623369912990203 ], [ -50.475358939518095, -21.623326870727183 ], [ -50.475463622024343, -21.623286758734544 ], [ -50.47546629766854, -21.62328570594595 ], [ -50.475569570285373, -21.623243999692971 ], [ -50.475675086514165, -21.62320258210412 ], [ -50.475779330087612, -21.623162870263116 ], [ -50.475780573939801, -21.623162390502145 ], [ -50.475884485987748, -21.623121815318392 ], [ -50.475990391235008, -21.623082224568375 ], [ -50.475991329916901, -21.623081870321641 ], [ -50.476096329999244, -21.623041870287089 ], [ -50.476200861137087, -21.623002048898254 ], [ -50.476307391148588, -21.622962224591749 ], [ -50.476307545567551, -21.622962166774851 ], [ -50.476410447747085, -21.622923578455101 ], [ -50.476515343321076, -21.622885974378672 ], [ -50.47662134329461, -21.622847974385849 ], [ -50.476621801872234, -21.622847809207727 ], [ -50.476726161141904, -21.622810041088954 ], [ -50.476830518234507, -21.622773267634987 ], [ -50.476934432908124, -21.622736650081745 ], [ -50.477040341680635, -21.622701017221779 ], [ -50.477042518073482, -21.622700267687797 ], [ -50.477147518158894, -21.622663267655664 ], [ -50.477251219230851, -21.622626725371649 ], [ -50.477354911835477, -21.622592161168264 ], [ -50.477357517998591, -21.622591267708291 ], [ -50.477375939763775, -21.622584776234984 ], [ -50.477258454584543, -21.622628833172705 ], [ -50.47725761721582, -21.622629149843938 ], [ -50.477139617308303, -21.622674149805057 ], [ -50.477021827784192, -21.622719069535307 ] ], [ [ -50.477897704561208, -21.618292892896356 ], [ -50.477796211518275, -21.618332694085868 ], [ -50.477795709107923, -21.618332892084165 ], [ -50.477695597098617, -21.618372540401353 ], [ -50.477594489714008, -21.618411199103715 ], [ -50.47749248968546, -21.618450199111443 ], [ -50.477491491318695, -21.618450584651647 ], [ -50.47739239039911, -21.61848923400726 ], [ -50.47729229413553, -21.618526893984399 ], [ -50.477291489520738, -21.618527199168167 ], [ -50.477190134580695, -21.618565952524687 ], [ -50.477089021961817, -21.618603621928823 ], [ -50.476986262335807, -21.618641533244435 ], [ -50.47698448943661, -21.618642199191118 ], [ -50.476882891258136, -21.618681045550485 ], [ -50.476783013143631, -21.618718623452231 ], [ -50.476679735239436, -21.618756359606728 ], [ -50.476678293862079, -21.618756894069879 ], [ -50.476577375614148, -21.618794863308814 ], [ -50.476474031768461, -21.618833617248271 ], [ -50.476373671538909, -21.618870382874228 ], [ -50.476269735131901, -21.618908359635789 ], [ -50.476269262036446, -21.618908533336178 ], [ -50.476166262118483, -21.618946533303262 ], [ -50.476063262091408, -21.618984533310623 ], [ -50.476062457181591, -21.618984832706978 ], [ -50.475959506006944, -21.619023439395008 ], [ -50.475857560868924, -21.619060060461354 ], [ -50.475856261928151, -21.61906053336558 ], [ -50.475753959342278, -21.619098276064843 ], [ -50.475648659396704, -21.619136025099362 ], [ -50.475647261874037, -21.619136533380345 ], [ -50.475544261956088, -21.619174533347433 ], [ -50.475542976751775, -21.619175013728139 ], [ -50.475440853679537, -21.619213681684879 ], [ -50.475337734889301, -21.61925135970154 ], [ -50.475335192744261, -21.619252312919034 ], [ -50.475231823759529, -21.61929207021781 ], [ -50.475128858940515, -21.619330682021964 ], [ -50.475026261817824, -21.619368533384826 ], [ -50.47502467267158, -21.619369129201587 ], [ -50.474920700756577, -21.619408737547435 ], [ -50.474817734751312, -21.619446359738742 ], [ -50.474815672614689, -21.619447129217129 ], [ -50.474710672697022, -21.619487129182566 ], [ -50.474709705275629, -21.619487501297115 ], [ -50.474607814080656, -21.61952707069025 ], [ -50.474503929907236, -21.619565656237167 ], [ -50.474502672527819, -21.619566129240738 ], [ -50.474397824458947, -21.619606071359097 ], [ -50.474294976519687, -21.6196450137796 ], [ -50.474293428552144, -21.619645609043229 ], [ -50.474190304456684, -21.619685876544406 ], [ -50.474087200312937, -21.619723190421862 ], [ -50.474084672412538, -21.619724129272118 ], [ -50.473980141199156, -21.619763950683755 ], [ -50.473873611228456, -21.619803774968751 ], [ -50.473872672354162, -21.619804129288021 ], [ -50.473768931860896, -21.619843649473314 ], [ -50.473665200201907, -21.619881190451789 ], [ -50.473663145175884, -21.619881950009486 ], [ -50.473557377992805, -21.619921862151081 ], [ -50.473516246249353, -21.619937238513423 ], [ -50.473607837173105, -21.619901286926837 ], [ -50.473608801905968, -21.619900904645309 ], [ -50.473712949075335, -21.619859245773917 ], [ -50.473818091929594, -21.619818577307598 ], [ -50.47392409189932, -21.619777577315833 ], [ -50.4739245713358, -21.619777390990954 ], [ -50.47402957141707, -21.619736390955605 ], [ -50.47403129487622, -21.619735706494115 ], [ -50.474134435331493, -21.619694053614158 ], [ -50.474238571355357, -21.619653390972299 ], [ -50.474239315784352, -21.619653098152522 ], [ -50.474344806004254, -21.619611300137191 ], [ -50.474446811651745, -21.619571686290072 ], [ -50.474551327349779, -21.619531870782684 ], [ -50.474553801626193, -21.619530904721898 ], [ -50.474658049792424, -21.619489205451707 ], [ -50.474758555537676, -21.619450174091369 ], [ -50.474861799484778, -21.619412809612193 ], [ -50.474864327150648, -21.619411870848907 ], [ -50.474969175275284, -21.619371928703075 ], [ -50.475070914698208, -21.619333406006366 ], [ -50.475174799402559, -21.619295809634334 ], [ -50.475175265046396, -21.619295640305925 ], [ -50.475279265129608, -21.619257640273002 ], [ -50.475281023101296, -21.619256986313538 ], [ -50.475382914615899, -21.619218406028743 ], [ -50.475486386987001, -21.619180958882268 ], [ -50.475589973829983, -21.619144105868514 ], [ -50.475591737925789, -21.619143466674775 ], [ -50.475693436854314, -21.619105946679646 ], [ -50.475795126708334, -21.619070404592353 ], [ -50.475796439043151, -21.61906993955261 ], [ -50.475899439126216, -21.619032939520519 ], [ -50.475900264860456, -21.61903264035654 ], [ -50.476004088414847, -21.618994704824615 ], [ -50.476105675531024, -21.618957854593852 ], [ -50.476208439048044, -21.618920939541692 ], [ -50.476210218138405, -21.618920288625777 ], [ -50.476311805514591, -21.618882442345804 ], [ -50.476411684078556, -21.618845853166565 ], [ -50.476514973597837, -21.618809105931316 ], [ -50.476517705971091, -21.618808105977138 ], [ -50.476617155169073, -21.618770689444986 ], [ -50.476717591238547, -21.618735241417877 ], [ -50.476722508686677, -21.618733415349745 ], [ -50.476820957104621, -21.618695020463971 ], [ -50.476920391818425, -21.618658593882586 ], [ -50.476921217950441, -21.618658288676944 ], [ -50.477023218031306, -21.618620288644053 ], [ -50.477024201449716, -21.618619918613796 ], [ -50.477124201528227, -21.618581918580951 ], [ -50.477223060074046, -21.618544352331032 ], [ -50.477323911480724, -21.618507768974819 ], [ -50.47732750851825, -21.618506415395949 ], [ -50.477426856198036, -21.618467669797678 ], [ -50.477525059992516, -21.618430352353013 ], [ -50.477625911400473, -21.618393768996324 ], [ -50.477628201284389, -21.618392918658778 ], [ -50.47772711924965, -21.618355329829445 ], [ -50.477825030694063, -21.618319725665085 ], [ -50.477827510121138, -21.618318800931899 ], [ -50.477928032631809, -21.618280365851771 ], [ -50.477937928245353, -21.618276803434064 ], [ -50.477897704561208, -21.618292892896356 ] ], [ [ -50.473141209975402, -21.620394694492642 ], [ -50.473138180737479, -21.620395918136904 ], [ -50.473039320544871, -21.620437028312345 ], [ -50.472939488197291, -21.620475199500099 ], [ -50.472937447223629, -21.620475995851553 ], [ -50.472835464635757, -21.620516590858841 ], [ -50.472734488138705, -21.620555199515938 ], [ -50.4727312038831, -21.620556496790456 ], [ -50.47262969121266, -21.620597890302896 ], [ -50.472527191830153, -21.620637313138449 ], [ -50.472526704417675, -21.620637501514157 ], [ -50.47242370449765, -21.620677501479665 ], [ -50.472320947892825, -21.620717406953922 ], [ -50.472217583230353, -21.62075716259011 ], [ -50.472115451656478, -21.620795833765609 ], [ -50.472010928991267, -21.620834656466855 ], [ -50.472009191574067, -21.620835313220621 ], [ -50.47190605812505, -21.620874979928857 ], [ -50.47180192893466, -21.620913656482184 ], [ -50.471800191516024, -21.620914313236494 ], [ -50.471697916496204, -21.620953649780038 ], [ -50.471593658095642, -21.620991025430115 ], [ -50.471590671480271, -21.620992129508132 ], [ -50.471486699583025, -21.621031737847233 ], [ -50.471383793592906, -21.621069338109972 ], [ -50.471276853680038, -21.621108316206499 ], [ -50.471274671394973, -21.621109129531526 ], [ -50.471171382462018, -21.621148477694046 ], [ -50.47106610970333, -21.621185864278395 ], [ -50.471065657847589, -21.621186025507029 ], [ -50.470959657933186, -21.621224025474067 ], [ -50.47095885348493, -21.621224316270062 ], [ -50.470927836016465, -21.621235621711083 ], [ -50.470985102354611, -21.621213351455726 ], [ -50.471092809951145, -21.621175164213835 ], [ -50.471097365986637, -21.621173471150168 ], [ -50.47120370711572, -21.621132116263784 ], [ -50.471312032662077, -21.621092725152785 ], [ -50.471315365925932, -21.621091471166867 ], [ -50.47142170705655, -21.621050116279875 ], [ -50.471530032604271, -21.621010725168361 ], [ -50.471532900597062, -21.621009651290411 ], [ -50.471640304486876, -21.62096826630259 ], [ -50.471746694087088, -21.62092984783278 ], [ -50.471749900537496, -21.620928651306759 ], [ -50.471858378764644, -21.620886852353593 ], [ -50.471963855433749, -21.620847049833682 ], [ -50.471965365744524, -21.620846471216637 ], [ -50.472073133292561, -21.620804561611099 ], [ -50.472181146570442, -21.620762941812714 ], [ -50.472287389457321, -21.620723224842429 ], [ -50.472288154286694, -21.620722936710088 ], [ -50.472396154371538, -21.620681936674664 ], [ -50.472397837647726, -21.620681286827637 ], [ -50.472504837730327, -21.62063928679143 ], [ -50.472505316531596, -21.620639097964848 ], [ -50.472609243589744, -21.620597919316214 ], [ -50.472714145950299, -21.620559683873015 ], [ -50.472717837555997, -21.620558286852724 ], [ -50.472824837638591, -21.620516286816532 ], [ -50.472825316439263, -21.620516097990198 ], [ -50.472930470246197, -21.620474433270712 ], [ -50.473036619852024, -21.620433759119003 ], [ -50.473038316376908, -21.620433098007233 ], [ -50.473143090110682, -21.620391583882981 ], [ -50.473247855074824, -21.620352049930695 ], [ -50.473250316315337, -21.620351098024106 ], [ -50.473281176422624, -21.620338870442865 ], [ -50.473241688404293, -21.620355291191352 ], [ -50.473141209975402, -21.620394694492642 ] ], [ [ -50.477816292974595, -21.615080622100852 ], [ -50.477767193933687, -21.615098625082144 ], [ -50.4778639894812, -21.615060748559845 ], [ -50.477816292974595, -21.615080622100852 ] ], [ [ -50.476837492772795, -21.615762198251637 ], [ -50.476720040506819, -21.615806989366565 ], [ -50.476600459622389, -21.615851832194654 ], [ -50.476600043681366, -21.615851988827515 ], [ -50.476481251498235, -21.615896910237936 ], [ -50.476361459557481, -21.615941832212243 ], [ -50.476361043616059, -21.615941988845258 ], [ -50.476242043709696, -21.615986988806373 ], [ -50.476123251398995, -21.616031910265001 ], [ -50.476003459460088, -21.616076832238655 ], [ -50.475883459427649, -21.616121832247458 ], [ -50.475881276684035, -21.616122668908886 ], [ -50.475762364609153, -21.616169242801252 ], [ -50.475643459361251, -21.616213832265377 ], [ -50.475523459328805, -21.616258832274177 ], [ -50.475403459296366, -21.616303832282977 ], [ -50.475401276548588, -21.616304668946018 ], [ -50.475282364475596, -21.616351242837641 ], [ -50.475163459229968, -21.616395832300892 ], [ -50.475162362671625, -21.616396248072146 ], [ -50.475042910067103, -21.616442038233721 ], [ -50.474923459164323, -21.616486832318667 ], [ -50.474922112406162, -21.616487344239129 ], [ -50.474800784465636, -21.616534085327416 ], [ -50.474681459097958, -21.616578832336621 ], [ -50.47467994144742, -21.616579410204544 ], [ -50.474561902790434, -21.616625038589564 ], [ -50.474441869396621, -21.616669679104252 ], [ -50.474320869364384, -21.616714679113013 ], [ -50.474318276242677, -21.616715669029869 ], [ -50.474199768891758, -21.616762084405565 ], [ -50.474079274305282, -21.616806529126293 ], [ -50.474078458806211, -21.616806832428949 ], [ -50.473958866062432, -21.616851679704713 ], [ -50.473837274241184, -21.61689652914367 ], [ -50.473836042922976, -21.616896989033467 ], [ -50.47371765749449, -21.616941756629313 ], [ -50.473596274177069, -21.616986529161025 ], [ -50.473594112038484, -21.616987344339684 ], [ -50.473472988390462, -21.617034006725195 ], [ -50.473352869103444, -21.617078679183702 ], [ -50.473231869071213, -21.617123679192449 ], [ -50.473111071366333, -21.617168603955623 ], [ -50.472989274015355, -21.61721352920484 ], [ -50.472909439717036, -21.617242976293451 ], [ -50.472923253480374, -21.617237517622232 ], [ -50.47304766753922, -21.61719012178639 ], [ -50.473171007151414, -21.61714436676538 ], [ -50.473173767081043, -21.617143314010821 ], [ -50.473298448597404, -21.617094438852199 ], [ -50.47342140289809, -21.617046843635194 ], [ -50.473545673350252, -21.617000117941302 ], [ -50.473546724816437, -21.616999718390396 ], [ -50.473671724914041, -21.616951718348961 ], [ -50.473672766938002, -21.616951314049938 ], [ -50.473796590819724, -21.616902775084565 ], [ -50.473918406726142, -21.616857217912386 ], [ -50.473919724711465, -21.616856718418934 ], [ -50.474044199728986, -21.61680892000853 ], [ -50.474168673178205, -21.616762117987832 ], [ -50.474169072742541, -21.616761967146186 ], [ -50.474293072840005, -21.616714967105576 ], [ -50.474417072805835, -21.616667967114854 ], [ -50.474417325074839, -21.616667871254663 ], [ -50.474542866393527, -21.616620045986807 ], [ -50.474665406522398, -21.616574217967543 ], [ -50.47466567290973, -21.616574118074549 ], [ -50.474790673008378, -21.616527118033911 ], [ -50.474791477382233, -21.616526813133206 ], [ -50.474913015474137, -21.616480371745471 ], [ -50.475036541669375, -21.616435902311721 ], [ -50.475039724401839, -21.616434718503491 ], [ -50.475164398787854, -21.616386843535494 ], [ -50.47528773970766, -21.616340093344498 ], [ -50.475410406320854, -21.616294218022208 ], [ -50.475410672707412, -21.616294118129506 ], [ -50.475535672806068, -21.616247118088843 ], [ -50.475536477177535, -21.616246813189051 ], [ -50.475659477273808, -21.616199813148473 ], [ -50.475781353141933, -21.616153242691585 ], [ -50.475906222067685, -21.616107655619885 ], [ -50.475909538357271, -21.616106403379369 ], [ -50.476032008560466, -21.616058610125396 ], [ -50.476154477136326, -21.61601181318585 ], [ -50.476277274748455, -21.615964890517361 ], [ -50.476400739402145, -21.615918093427286 ], [ -50.476522475951164, -21.615872565934328 ], [ -50.476646541243831, -21.615827902425757 ], [ -50.476649476870463, -21.615826813272712 ], [ -50.476771208261631, -21.615780298022521 ], [ -50.476893930663046, -21.615735761663696 ], [ -50.476895405788071, -21.615735218179978 ], [ -50.477017669683534, -21.615689493468082 ], [ -50.477140930599028, -21.615644761681015 ], [ -50.477144302047797, -21.615643495343718 ], [ -50.477263624247357, -21.615597147048138 ], [ -50.4773059739424, -21.615581778219294 ], [ -50.477193726556862, -21.615626486917975 ], [ -50.477076043939043, -21.615670988744178 ], [ -50.477075622447977, -21.615671148806513 ], [ -50.476957622540418, -21.615716148767635 ], [ -50.47695736317003, -21.615716247936398 ], [ -50.476837492772795, -21.615762198251637 ] ], [ [ -50.47155910900414, -21.622160864401081 ], [ -50.471556143491796, -21.622161950385049 ], [ -50.471450605389002, -21.622201776081354 ], [ -50.471343068480827, -21.62224160456288 ], [ -50.471342609328715, -21.62224177541335 ], [ -50.471236064460825, -21.622281605267787 ], [ -50.471127520740886, -21.622321437822684 ], [ -50.471127068309215, -21.622321604620833 ], [ -50.471019068395108, -21.622361604586207 ], [ -50.470911068366519, -21.622401604593982 ], [ -50.47080329429847, -21.622441520912787 ], [ -50.470694520627347, -21.622481437853526 ], [ -50.470694068194888, -21.622481604651973 ], [ -50.47058629424243, -21.622521520927958 ], [ -50.470477520570583, -21.622561437868981 ], [ -50.470475556667068, -21.622562173105312 ], [ -50.470366757425289, -21.622603714631172 ], [ -50.470268017207843, -21.622639620165934 ], [ -50.470339270825015, -21.622611510927666 ], [ -50.470447844836997, -21.622570055392401 ], [ -50.470557244498423, -21.622529279151756 ], [ -50.470558155625987, -21.622528936409175 ], [ -50.470665700613822, -21.622488109142271 ], [ -50.470775088073431, -21.622447337449714 ], [ -50.470882483126111, -21.622407561501607 ], [ -50.470992033585262, -21.622367724968246 ], [ -50.470992931513038, -21.622367395429421 ], [ -50.471100705523867, -21.622327479126412 ], [ -50.471209479254938, -21.622287562158103 ], [ -50.471209931455896, -21.622287395444992 ], [ -50.47131770546784, -21.622247479141578 ], [ -50.471425465342904, -21.622207934230964 ], [ -50.471532446069723, -21.62217029286165 ], [ -50.47153615536417, -21.622168936481039 ], [ -50.471642530439276, -21.622128553348212 ], [ -50.471747668561505, -21.622091214573118 ], [ -50.471766050902893, -21.62208474671829 ], [ -50.471664381743693, -21.622123477823529 ], [ -50.47155910900414, -21.622160864401081 ] ], [ [ -50.46966493558913, -21.624350411482698 ], [ -50.469546897012719, -21.624396039836586 ], [ -50.469426863700498, -21.624440680320951 ], [ -50.469424935522028, -21.624441411501085 ], [ -50.469306692740901, -21.624487118791141 ], [ -50.469187658253098, -21.624531756720494 ], [ -50.469066863602976, -21.624576680347403 ], [ -50.469066037222937, -21.624576990258426 ], [ -50.468947037316646, -21.624621990219538 ], [ -50.468945270227891, -21.624622670357418 ], [ -50.468826151490745, -21.624669325192418 ], [ -50.468708244993543, -21.624713911679212 ], [ -50.46858845307198, -21.624758833646382 ], [ -50.468587356414531, -21.624759249455192 ], [ -50.468547435297566, -21.624774552561757 ], [ -50.468560303697373, -21.624769497113338 ], [ -50.468671721392305, -21.624726720673134 ], [ -50.468673341590502, -21.624726088556439 ], [ -50.468783533378023, -21.624682408925256 ], [ -50.468894721328411, -21.62463972069046 ], [ -50.469006357271162, -21.624596860459096 ], [ -50.469116992575053, -21.62455499844884 ], [ -50.469117721146951, -21.624554720753206 ], [ -50.469229134923538, -21.624511945817897 ], [ -50.469340546746324, -21.624470166380988 ], [ -50.469342172898408, -21.624469546525344 ], [ -50.469452809131489, -21.624426687440586 ], [ -50.469561405539714, -21.624385223354412 ], [ -50.469672360518842, -21.624344605903552 ], [ -50.469673546536576, -21.624344166450243 ], [ -50.469785546625126, -21.624302166413919 ], [ -50.469785992273472, -21.624301998543469 ], [ -50.46989558296022, -21.624260531794565 ], [ -50.469973963399696, -21.624232538788277 ], [ -50.469906347530056, -21.624259244199855 ], [ -50.469786863798767, -21.624303680294378 ], [ -50.469785356748112, -21.624304249364119 ], [ -50.469665356841936, -21.624350249324394 ], [ -50.46966493558913, -21.624350411482698 ] ], [ [ -50.468228925817151, -21.624897406357189 ], [ -50.468222618321391, -21.62489977167073 ], [ -50.468223093706328, -21.624899583229624 ], [ -50.468230013187942, -21.624896973252429 ], [ -50.468228925817151, -21.624897406357189 ] ], [ [ -50.470996501339904, -21.622690580210257 ], [ -50.470888632728347, -21.622732529111076 ], [ -50.470887195700421, -21.622733095921735 ], [ -50.470778966344085, -21.622776387660895 ], [ -50.470670755308603, -21.622816720861337 ], [ -50.470668369929001, -21.622817631568779 ], [ -50.470558962209743, -21.622860400037357 ], [ -50.470450004852793, -21.622902001933884 ], [ -50.470338454401791, -21.622943833349701 ], [ -50.470336369834584, -21.622944631594663 ], [ -50.470227408976747, -21.622987225381252 ], [ -50.470116604628622, -21.623028777008315 ], [ -50.470006755126853, -21.623069720910493 ], [ -50.470006008431206, -21.623070001331932 ], [ -50.469895231199828, -21.623111917037974 ], [ -50.469784046282705, -21.623153611378971 ], [ -50.469672640343681, -21.623194393907259 ], [ -50.469671893602019, -21.62319466936049 ], [ -50.469558893691755, -21.62323666932414 ], [ -50.46955845407161, -21.623236833451781 ], [ -50.46944682704062, -21.623278693585469 ], [ -50.469336263815201, -21.623319532251347 ], [ -50.469222326960704, -21.623361508984331 ], [ -50.469221008219272, -21.623362001389932 ], [ -50.46911066634906, -21.623403752364929 ], [ -50.468997326900904, -21.623445509000582 ], [ -50.468886263696533, -21.6234865322836 ], [ -50.468772326841844, -21.623528509016662 ], [ -50.468771893362749, -21.623528669425685 ], [ -50.468658893452492, -21.623570669389345 ], [ -50.468657279383486, -21.62357127917015 ], [ -50.468546670891079, -21.623613744927788 ], [ -50.468435073254305, -21.623654236102549 ], [ -50.468434753962285, -21.62365435233254 ], [ -50.468319754054377, -21.623696352296161 ], [ -50.468318893242419, -21.623696669458511 ], [ -50.468205893332154, -21.62373866942216 ], [ -50.468093694979821, -21.623780371462029 ], [ -50.468058138474412, -21.623793159337989 ], [ -50.468158991969062, -21.62375499854917 ], [ -50.46815972053453, -21.623754720855999 ], [ -50.468271134316311, -21.623711945918679 ], [ -50.468382546144284, -21.623670166479847 ], [ -50.468385095212923, -21.623669185822589 ], [ -50.46849282532132, -21.623626686785691 ], [ -50.468603546082946, -21.623585166496454 ], [ -50.468715546052671, -21.623543166504682 ], [ -50.468717172188192, -21.623542546655361 ], [ -50.468827211315634, -21.623499918882089 ], [ -50.468936245173104, -21.623459278986406 ], [ -50.468938883, -21.623458269346951 ], [ -50.469050164919572, -21.623414551446377 ], [ -50.469159443835061, -21.623372826765909 ], [ -50.469159720254154, -21.623372720932508 ], [ -50.469270984189095, -21.623330003525737 ], [ -50.469380245050957, -21.623289279019417 ], [ -50.469383340484846, -21.623288088796684 ], [ -50.469493394719805, -21.623244463690906 ], [ -50.469602443710741, -21.623202826799719 ], [ -50.469603171937017, -21.62320254672397 ], [ -50.469713808175264, -21.623159687637205 ], [ -50.469822845240728, -21.623118055299887 ], [ -50.469932244898629, -21.62307727906056 ], [ -50.469933443501759, -21.623076826869436 ], [ -50.470043217602488, -21.623034913118623 ], [ -50.470152847058159, -21.622993431700174 ], [ -50.470259695538054, -21.622954847524007 ], [ -50.47026244341189, -21.62295382689404 ], [ -50.470371242707721, -21.622912285341929 ], [ -50.470480033947901, -21.622872724887898 ], [ -50.470482443351969, -21.622871826910462 ], [ -50.47059146417466, -21.622830200775276 ], [ -50.470699479618602, -21.62279056207716 ], [ -50.470699931822033, -21.62279039536314 ], [ -50.470807705830531, -21.622750479060986 ], [ -50.470916479561836, -21.6227105620926 ], [ -50.47091693176489, -21.622710395378732 ], [ -50.471024931850792, -21.622670395344098 ], [ -50.471132931822204, -21.622630395351866 ], [ -50.471240705717676, -21.622590479091585 ], [ -50.4713494794483, -21.622550562123447 ], [ -50.471350390690127, -21.622550224601429 ], [ -50.471418054252602, -21.622524929820546 ], [ -50.471322434155248, -21.622563000776719 ], [ -50.471321725291098, -21.622563284964578 ], [ -50.471214277594896, -21.622606658342896 ], [ -50.471107844184068, -21.6226470636154 ], [ -50.471106370055466, -21.622647631534271 ], [ -50.470996501339904, -21.622690580210257 ] ], [ [ -50.47873208416091, -21.617386138783615 ], [ -50.478618878196549, -21.617430825343988 ], [ -50.478618427404349, -21.617431004075115 ], [ -50.478505427490838, -21.617476004036366 ], [ -50.478503171966793, -21.61747692214507 ], [ -50.478391295787539, -21.61752345471054 ], [ -50.478280792598646, -21.617567460401137 ], [ -50.478168168773877, -21.617609941313621 ], [ -50.478165427268578, -21.617611004111996 ], [ -50.478052427355074, -21.617656004073272 ], [ -50.477940220574091, -21.617700688185685 ], [ -50.4778270176352, -21.617744380543996 ], [ -50.477826322440514, -21.61774465071883 ], [ -50.477712024427142, -21.617789376024767 ], [ -50.477599729269748, -21.617832107806578 ], [ -50.47759787777386, -21.617832825473776 ], [ -50.477483877861573, -21.617877825434999 ], [ -50.477483427067291, -21.617878004166936 ], [ -50.477372007158507, -21.61792237492358 ], [ -50.477258601812359, -21.617964778657832 ], [ -50.477255427000969, -21.617966004185114 ], [ -50.477142652213928, -21.618010914494366 ], [ -50.477029446556465, -21.618055600934131 ], [ -50.476916591891737, -21.618099158871228 ], [ -50.476803168388074, -21.618141941417299 ], [ -50.476802456281696, -21.618142211945141 ], [ -50.476688028025961, -21.618185993187527 ], [ -50.476574759742178, -21.618228345673391 ], [ -50.476555799729994, -21.618235105336467 ], [ -50.476648800724426, -21.618197904926593 ], [ -50.476649912256164, -21.618197455489305 ], [ -50.476764912342873, -21.618150455448948 ], [ -50.476765828334884, -21.61815007777874 ], [ -50.476878370955525, -21.618103268011168 ], [ -50.476992357324335, -21.618056682273 ], [ -50.477106800582845, -21.618010904964908 ], [ -50.477108828225987, -21.618010077808602 ], [ -50.477220817533052, -21.617963498180611 ], [ -50.477334800512445, -21.617917904983955 ], [ -50.477335912040985, -21.617917455547943 ], [ -50.477449580811808, -21.617870999611291 ], [ -50.477564238884725, -21.617826520181985 ], [ -50.477566911970335, -21.617825455567303 ], [ -50.47768079846788, -21.617778910646589 ], [ -50.477794458214156, -21.617734435089293 ], [ -50.477910238783309, -21.617689520209364 ], [ -50.477910677297352, -21.617689349356983 ], [ -50.478024541338542, -21.617644793859167 ], [ -50.478138397951689, -21.617602221382754 ], [ -50.478139805815331, -21.617601687445443 ], [ -50.478256103255255, -21.617556957657442 ], [ -50.478370397888312, -21.617514221399862 ], [ -50.478370682670835, -21.617514114609175 ], [ -50.478487682763152, -21.617470114571113 ], [ -50.478487831027778, -21.617470058730124 ], [ -50.478601756874454, -21.617427086696974 ], [ -50.478717382986559, -21.61738360337004 ], [ -50.478831074106019, -21.617343070011422 ], [ -50.478833682546565, -21.617342114642977 ], [ -50.478949382925862, -21.617298603386523 ], [ -50.478949442591912, -21.617298582114294 ], [ -50.478845427593434, -21.617340004008536 ], [ -50.478844293914158, -21.617340460481337 ], [ -50.47873208416091, -21.617386138783615 ] ], [ [ -50.475499877396835, -21.618344825592821 ], [ -50.475385877484541, -21.618389825554061 ], [ -50.475385426687936, -21.618390004286933 ], [ -50.475274006787259, -21.618434375040337 ], [ -50.47516060144968, -21.618476778771402 ], [ -50.475158321901304, -21.618477650881758 ], [ -50.475043321990206, -21.618522650842969 ], [ -50.475042877263505, -21.618522825629199 ], [ -50.47492909944647, -21.618567737921367 ], [ -50.474814446792983, -21.618612601999132 ], [ -50.474701571842438, -21.618656553303421 ], [ -50.474701321768016, -21.618656650917977 ], [ -50.474587023760918, -21.618701376221452 ], [ -50.474475164337825, -21.618743942193124 ], [ -50.474360601226351, -21.618786778831453 ], [ -50.474259737068081, -21.618824493258774 ], [ -50.474350802040092, -21.618787904642602 ], [ -50.474463455288152, -21.618743042725352 ], [ -50.47457433709998, -21.618699089570551 ], [ -50.474575030184269, -21.618698812968727 ], [ -50.474686801938347, -21.618653904670374 ], [ -50.474798647567226, -21.618609364371782 ], [ -50.474909494119217, -21.618566807209582 ], [ -50.475022271251639, -21.618523892014096 ], [ -50.475025030050787, -21.618522813005328 ], [ -50.475136230938425, -21.618478134073218 ], [ -50.475247631693314, -21.618434756784339 ], [ -50.475360831811209, -21.618392058490638 ], [ -50.475362427862834, -21.618391446767369 ], [ -50.475475072596439, -21.61834758509751 ], [ -50.475586493925711, -21.618304807262152 ], [ -50.475698835215439, -21.618262057918518 ], [ -50.475813398390372, -21.618219221249742 ], [ -50.475814982610395, -21.61821861936421 ], [ -50.475841133396756, -21.618208526086757 ], [ -50.475841087519534, -21.618208544596015 ], [ -50.475726755835261, -21.618255271453709 ], [ -50.475614873861666, -21.618299826217608 ], [ -50.475500322122727, -21.618344650806907 ], [ -50.475499877396835, -21.618344825592821 ] ], [ [ -50.477772584906162, -21.61686615902622 ], [ -50.477658602591625, -21.616908778496754 ], [ -50.477543602560672, -21.61695177850514 ], [ -50.477428602529727, -21.616994778513529 ], [ -50.477427457140848, -21.616995211761243 ], [ -50.477312457230816, -21.617039211723235 ], [ -50.477310427718429, -21.617040004037072 ], [ -50.477199007795257, -21.617084374799422 ], [ -50.477174192649521, -21.617093653514051 ], [ -50.477235131078409, -21.617069173958072 ], [ -50.477350021956724, -21.617024604216624 ], [ -50.477466805463777, -21.616979687479315 ], [ -50.477467238116006, -21.616979520357773 ], [ -50.477583021891171, -21.616934604234324 ], [ -50.477698680478426, -21.616890120159027 ], [ -50.477814548511148, -21.616847536177762 ], [ -50.477817238017685, -21.616846520384605 ], [ -50.477932461850422, -21.616801821480479 ], [ -50.478047704911496, -21.616758482206453 ], [ -50.478165722423014, -21.616715837220141 ], [ -50.478166969819569, -21.616715380661528 ], [ -50.47822887111505, -21.616692434503378 ], [ -50.478116810243165, -21.616735077132276 ], [ -50.478001246188278, -21.61677891177046 ], [ -50.47788660265428, -21.616821778479835 ], [ -50.477884573095373, -21.616822553008983 ], [ -50.477772584906162, -21.61686615902622 ] ] ], [ [ [ -50.470034634185915, -21.625320548208663 ], [ -50.470083208043896, -21.625312217633194 ], [ -50.470083896086777, -21.625312096416241 ], [ -50.470108346250427, -21.625307674406645 ], [ -50.470109238215933, -21.625307507650604 ], [ -50.470146171267913, -21.625300377199078 ], [ -50.470147220944682, -21.625300166952695 ], [ -50.470184383563691, -21.625292453799389 ], [ -50.470185241075818, -21.625292270708776 ], [ -50.470210096951845, -21.625286815028041 ], [ -50.470210771719181, -21.625286663730854 ], [ -50.470235759043753, -21.625280942612672 ], [ -50.470236423846316, -21.625280787280101 ], [ -50.470261513887429, -21.625274806951811 ], [ -50.470262168767675, -21.625274647809899 ], [ -50.470287361509797, -21.625268408197265 ], [ -50.470288006513066, -21.625268245467371 ], [ -50.470313301941694, -21.625261746497028 ], [ -50.470313937120579, -21.625261580394675 ], [ -50.470339335216252, -21.625254821996009 ], [ -50.470339960638249, -21.625254652728547 ], [ -50.470365461372808, -21.625247634834608 ], [ -50.470366077106661, -21.625247462604609 ], [ -50.470391680462754, -21.625240185147156 ], [ -50.470392286578566, -21.625240010152368 ], [ -50.470417967840653, -21.625232480306078 ], [ -50.470418712088282, -21.625232257962384 ], [ -50.470457492456909, -21.625220456534873 ], [ -50.470458341406626, -21.625220192757514 ], [ -50.470510343076128, -21.625203701347115 ], [ -50.470562385188984, -21.625186951920721 ], [ -50.470626698002647, -21.625165967043984 ], [ -50.470677658409151, -21.625149107936839 ], [ -50.470680576839477, -21.625148128907973 ], [ -50.470779947694687, -21.625109633888801 ], [ -50.47089172166757, -21.625066720663437 ], [ -50.471003721635974, -21.625023720672029 ], [ -50.47100534183987, -21.625023088553128 ], [ -50.471115533624534, -21.624979408923082 ], [ -50.471226721572066, -21.624936720689362 ], [ -50.471227884154608, -21.624936269159345 ], [ -50.47133988424104, -21.624892269121428 ], [ -50.471340096180128, -21.624892185686086 ], [ -50.471448863999562, -21.624849277276429 ], [ -50.471558631502624, -21.624806368157692 ], [ -50.471559805701673, -21.624805903824619 ], [ -50.471668766749218, -21.624762319401871 ], [ -50.471778985248584, -21.624720003367258 ], [ -50.471888246099013, -21.624679278865194 ], [ -50.471891805604912, -21.624677903851246 ], [ -50.472000629274596, -21.624634374379696 ], [ -50.472109444777438, -21.624592826638388 ], [ -50.472110631226279, -21.624592368246919 ], [ -50.472219442658954, -21.624549832865483 ], [ -50.472328245976819, -21.624509278898074 ], [ -50.472332276024389, -21.624507714804793 ], [ -50.472439866243242, -21.624464283887068 ], [ -50.472548444653071, -21.624422826672095 ], [ -50.472550567197949, -21.624421998969009 ], [ -50.472657509185481, -21.624379420211131 ], [ -50.472766300853188, -21.624337881570622 ], [ -50.472790388964633, -21.624328737009066 ], [ -50.472792421095257, -21.624325918124804 ], [ -50.472792916533542, -21.624325221636699 ], [ -50.472809370291323, -21.624301778385409 ], [ -50.472809661573201, -21.624301360016343 ], [ -50.472840148226219, -21.624257217132588 ], [ -50.472840356326138, -21.624256918409205 ], [ -50.472864049380149, -21.624223199172889 ], [ -50.472864248541129, -21.624222918025318 ], [ -50.472898003958491, -21.624175651010411 ], [ -50.472898194232066, -21.624175386598544 ], [ -50.472935521308159, -21.624123908348448 ], [ -50.472935702336031, -21.624123660467504 ], [ -50.472973292504157, -21.62407255376392 ], [ -50.472973541994705, -21.624072217829625 ], [ -50.473010867484895, -21.624022442219427 ], [ -50.47301117629565, -21.624022035204369 ], [ -50.473037538714252, -21.623987692862457 ], [ -50.473037868672726, -21.623987268254265 ], [ -50.47306998729065, -21.623946437219455 ], [ -50.473070225157663, -21.623946133060901 ], [ -50.473085973213252, -21.623925878193827 ], [ -50.473086310122348, -21.623925441225861 ], [ -50.473100769985116, -21.62390652889464 ], [ -50.47310115661255, -21.623906018250427 ], [ -50.473111663097974, -21.623892004902693 ], [ -50.473085453634098, -21.623901833450926 ], [ -50.47308363170297, -21.623902529294671 ], [ -50.472976318412201, -21.62394426223776 ], [ -50.472866007840999, -21.623986001369261 ], [ -50.472863432922814, -21.623987001020016 ], [ -50.472756633782346, -21.6240295228965 ], [ -50.472649843105025, -21.624070063798083 ], [ -50.472649555514337, -21.624070173290594 ], [ -50.472539555600527, -21.624112173254328 ], [ -50.472537432827842, -21.62411300104608 ], [ -50.472430490889352, -21.624155579777291 ], [ -50.472321555538343, -21.624197173271138 ], [ -50.472318724002371, -21.624198285210607 ], [ -50.472211727301655, -21.624241476535925 ], [ -50.472103754213741, -21.624281721046724 ], [ -50.472101368795677, -21.624282631768857 ], [ -50.471991961086118, -21.62432540023363 ], [ -50.47188255541397, -21.624367173304822 ], [ -50.471880194419931, -21.624368096164524 ], [ -50.471771965094895, -21.624411387891158 ], [ -50.471663754091551, -21.624451721079627 ], [ -50.471662278693039, -21.624452279246839 ], [ -50.471550278780526, -21.624495279209704 ], [ -50.471548194323177, -21.624496096191137 ], [ -50.471438780482082, -21.624539861723633 ], [ -50.471329368689581, -21.624582631783941 ], [ -50.471328903843741, -21.624582814329354 ], [ -50.47122000986375, -21.624625772501066 ], [ -50.471108696260039, -21.624669502841659 ], [ -50.470997278621098, -21.624712279252829 ], [ -50.470995658183064, -21.624712911462971 ], [ -50.470885466450156, -21.624756591065101 ], [ -50.470774278557187, -21.624799279270142 ], [ -50.470662278525602, -21.624842279278742 ], [ -50.470661826591133, -21.624842453570349 ], [ -50.470550919392679, -21.624885417616593 ], [ -50.470437508935547, -21.624929190070251 ], [ -50.470327085162275, -21.624970972035108 ], [ -50.470213163315506, -21.62501394255295 ], [ -50.470212278280258, -21.625014279358879 ], [ -50.470100459258418, -21.625057209872772 ], [ -50.469877640511541, -21.625142140778312 ], [ -50.469961242471513, -21.625333898496859 ], [ -50.469963415554091, -21.625333479436836 ], [ -50.469963784388405, -21.625333409709405 ], [ -50.469998546991413, -21.625326969557598 ], [ -50.469998905242484, -21.625326904501506 ], [ -50.47003431869436, -21.625320603329893 ], [ -50.470034634185915, -21.625320548208663 ] ] ] ] } }
]
}
