{
"type": "FeatureCollection",
"name": "307546_FAZENDA_SANTO_ANTONIO_13-04-2026_30-06-2026_14h17m",
"crs": { "type": "name", "properties": { "name": "urn:ogc:def:crs:OGC:1.3:CRS84" } },
"features": [
{ "type": "Feature", "properties": { "CHAVE": "30754620", "FAZENDA": "307546", "NOME_FAZ": "FAZENDA SANTO ANTONIO", "ZONA": 999.0, "TALHAO": 20.0, "AREA_TOTAL": 18.796090454629088, "TIPO_GEO": "TALHAO", "DATA_INICI": null, "DATA_FINAL": null, "HORA_INICI": null, "HORA_FINAL": null, "CLASSE": null, "PILOTO": null, "AERONAVE": null, "AREA_HA": null }, "geometry": { "type": "Polygon", "coordinates": [ [ [ -50.503336513812499, -21.421070434156789 ], [ -50.503341967507602, -21.421137121038001 ], [ -50.5033470965164, -21.421207794197805 ], [ -50.503352736678103, -21.421281120403702 ], [ -50.503357733754001, -21.4213531699607 ], [ -50.503363098116701, -21.4214248155244 ], [ -50.503368820217503, -21.421493527123893 ], [ -50.503374032011806, -21.4215643713746 ], [ -50.503380103129899, -21.421636736537902 ], [ -50.503385697990502, -21.421707102009904 ], [ -50.503390884078897, -21.421774366752203 ], [ -50.5033972517111, -21.421842647799604 ], [ -50.503401722316902, -21.421909342889204 ], [ -50.503407347272699, -21.421977928367095 ], [ -50.503412761223203, -21.422045002126399 ], [ -50.5034200571098, -21.422116954389384 ], [ -50.503424977638304, -21.422180798503891 ], [ -50.503435772301501, -21.422315182069404 ], [ -50.503453460577397, -21.422518587622392 ], [ -50.503523202409703, -21.423312661353798 ], [ -50.503529448020998, -21.423378153068306 ], [ -50.503536689801102, -21.423444747582796 ], [ -50.503542569439503, -21.423494696940395 ], [ -50.503601379499898, -21.423468568006001 ], [ -50.503679388933399, -21.423460278120793 ], [ -50.503755963876799, -21.423472376354905 ], [ -50.503828852174706, -21.423484025733497 ], [ -50.503901329528702, -21.423494623916195 ], [ -50.503975374792397, -21.423503928968696 ], [ -50.5040428405622, -21.423511663328096 ], [ -50.504114318486899, -21.423518326315701 ], [ -50.504189661199597, -21.423524612569491 ], [ -50.5042675848945, -21.423531249263416 ], [ -50.5043458712884, -21.423537128643794 ], [ -50.504422165372397, -21.423542202470902 ], [ -50.50449845761311, -21.423545893238401 ], [ -50.504575453707197, -21.423548054409487 ], [ -50.504652951265697, -21.423547462252291 ], [ -50.504728633569599, -21.423544101758097 ], [ -50.504802478478602, -21.423538831624892 ], [ -50.504874602622898, -21.423530447581701 ], [ -50.5049452445312, -21.423518829340697 ], [ -50.505014115901098, -21.423505106035098 ], [ -50.505081051960701, -21.423489743167295 ], [ -50.505148039371697, -21.423472037381693 ], [ -50.50521432674401, -21.423453050510489 ], [ -50.505281537261801, -21.423431767591296 ], [ -50.505350207618697, -21.423409206168511 ], [ -50.505417690000797, -21.423384854706306 ], [ -50.505482374650597, -21.423359976366196 ], [ -50.5055468680019, -21.423332957815095 ], [ -50.505611112993499, -21.423305258017692 ], [ -50.505676511411899, -21.423274849850188 ], [ -50.505744028539603, -21.423241663399594 ], [ -50.505813530044797, -21.423206402801 ], [ -50.505884308197302, -21.423170100771685 ], [ -50.505955129939402, -21.423131580510287 ], [ -50.5060269704368, -21.423092284367502 ], [ -50.506098913170398, -21.423051254549197 ], [ -50.506157159940301, -21.42301719672999 ], [ -50.50621578600731, -21.422982800567294 ], [ -50.5062740689145, -21.422947473723603 ], [ -50.506332157359502, -21.422911250412184 ], [ -50.506389986590399, -21.422874199229597 ], [ -50.506447820050298, -21.422836540641907 ], [ -50.506505039056002, -21.422797409455605 ], [ -50.506561715300002, -21.422756396137295 ], [ -50.506618548639402, -21.422713890931597 ], [ -50.5066756510194, -21.422670350500805 ], [ -50.506732375026303, -21.422624846322098 ], [ -50.506789030927102, -21.422578065568395 ], [ -50.506845115896297, -21.422530512587297 ], [ -50.506900726085703, -21.422482749048299 ], [ -50.506954778374499, -21.422434202504395 ], [ -50.507008794971703, -21.422385029624699 ], [ -50.507063071813697, -21.422335703438307 ], [ -50.507117364599502, -21.422284951075195 ], [ -50.507172566059502, -21.422233640930099 ], [ -50.507227779329199, -21.422181799328701 ], [ -50.507282200849502, -21.422128387707101 ], [ -50.507335697990101, -21.422073444601406 ], [ -50.507388750145005, -21.422018192224701 ], [ -50.507440418986207, -21.421962624733503 ], [ -50.507490498067803, -21.421905819580402 ], [ -50.507539430543098, -21.421848885032297 ], [ -50.5075865116834, -21.421791463915799 ], [ -50.507631698026998, -21.421732704661693 ], [ -50.5076760133528, -21.421673179697205 ], [ -50.507718561544898, -21.421612627926994 ], [ -50.507759689385203, -21.421551180608393 ], [ -50.507799395199704, -21.421488885698288 ], [ -50.507836291803997, -21.421425525347004 ], [ -50.507869628565999, -21.421360701107499 ], [ -50.507900549428001, -21.421295247674102 ], [ -50.507928439087102, -21.421229237969698 ], [ -50.507952181103498, -21.421163367619297 ], [ -50.507971536050597, -21.421097210924604 ], [ -50.507986298095197, -21.4210310143404 ], [ -50.507997362081397, -21.420963322288696 ], [ -50.5080053554532, -21.420895229222896 ], [ -50.508010881101598, -21.420826205624493 ], [ -50.5080129757092, -21.420756211070586 ], [ -50.508010819106005, -21.420685562396692 ], [ -50.508005403348299, -21.420615435879288 ], [ -50.507996666911801, -21.420546235582197 ], [ -50.507984634422201, -21.420477366005798 ], [ -50.507968938835297, -21.420408543852993 ], [ -50.507949871718097, -21.420339902192914 ], [ -50.507927623819697, -21.420271459306701 ], [ -50.507902599875401, -21.420204088440897 ], [ -50.507877509761805, -21.420138542960395 ], [ -50.507852941616598, -21.420077073350701 ], [ -50.507821035599903, -21.4200054149089 ], [ -50.507793084618605, -21.4199475922481 ], [ -50.507764943023702, -21.419887707422596 ], [ -50.5077349250626, -21.419828930079802 ], [ -50.507704136764303, -21.419771514063296 ], [ -50.507667633345008, -21.419703840148191 ], [ -50.507632806454701, -21.419639360880705 ], [ -50.507592058124203, -21.4195385788572 ], [ -50.507543797628301, -21.419535378671295 ], [ -50.507473488584303, -21.419529148097297 ], [ -50.507403523734901, -21.419522527980391 ], [ -50.507334558051099, -21.419517112932688 ], [ -50.507252081136805, -21.419510373492695 ], [ -50.507168811139103, -21.419504691460101 ], [ -50.507098872451998, -21.41949917811089 ], [ -50.507027363431597, -21.419494753734305 ], [ -50.506957886571101, -21.419489891664497 ], [ -50.506878770146997, -21.419484461581888 ], [ -50.506810909580601, -21.419479494984095 ], [ -50.506738396488601, -21.419474881059102 ], [ -50.506664091184803, -21.419469389844693 ], [ -50.506596131732998, -21.419462892736501 ], [ -50.506521977722201, -21.419458150653689 ], [ -50.506450975525098, -21.419452715441999 ], [ -50.506381639008502, -21.4194479243343 ], [ -50.506310329492699, -21.419441817953199 ], [ -50.5062419632767, -21.419435180399301 ], [ -50.506163642519901, -21.419430424664291 ], [ -50.506091207231101, -21.419425808028901 ], [ -50.506016513520102, -21.419419813656898 ], [ -50.505938862748899, -21.419413893461492 ], [ -50.505857913334303, -21.419406501739093 ], [ -50.505789194732102, -21.419400085823902 ], [ -50.505720752536703, -21.4193933720817 ], [ -50.505652621854502, -21.419387813559499 ], [ -50.505583484892298, -21.419382610391608 ], [ -50.505513006242197, -21.419376588626402 ], [ -50.505442053181604, -21.419370885538388 ], [ -50.505368703500402, -21.4193654191801 ], [ -50.505292377155598, -21.419359228871507 ], [ -50.505212857147903, -21.419353113394596 ], [ -50.505132013238303, -21.419346673109395 ], [ -50.505051744570402, -21.419340135509596 ], [ -50.504973558246697, -21.419334482483308 ], [ -50.5048946156301, -21.419328940886199 ], [ -50.504817283969402, -21.419322805935803 ], [ -50.504740559307201, -21.419317659793006 ], [ -50.504661625883401, -21.419311961635788 ], [ -50.504582699182798, -21.419305807115595 ], [ -50.504503708984899, -21.419298833547003 ], [ -50.504423631485402, -21.419291751849798 ], [ -50.504342011838297, -21.419284898905907 ], [ -50.5042592827959, -21.4192777906906 ], [ -50.504176684132901, -21.4192702748058 ], [ -50.504109222620698, -21.419264603414501 ], [ -50.5040406349666, -21.419258648175401 ], [ -50.503971866297803, -21.4192523830739 ], [ -50.503902536250401, -21.419247132808906 ], [ -50.5038334560099, -21.419241355405301 ], [ -50.503764607257608, -21.419235528276204 ], [ -50.503695637977998, -21.419229470159596 ], [ -50.503595623299198, -21.419221099181392 ], [ -50.503517722071599, -21.419213641123989 ], [ -50.503441367581409, -21.419207308607604 ], [ -50.5033735095273, -21.419201654005693 ], [ -50.503302927826397, -21.419199243810006 ], [ -50.503268214240499, -21.419203590776402 ], [ -50.503242893880099, -21.419213691520795 ], [ -50.503220663789101, -21.419233841083098 ], [ -50.503205601773999, -21.419259591589892 ], [ -50.503195780499205, -21.419321088548006 ], [ -50.5031982013438, -21.419387993453206 ], [ -50.503204770115801, -21.419460289597794 ], [ -50.5032117692176, -21.419533405344495 ], [ -50.503219036283397, -21.419604314279599 ], [ -50.503226884031903, -21.419677895900293 ], [ -50.503284172113602, -21.420391518320592 ], [ -50.503322130044197, -21.420869015471396 ], [ -50.503326468895501, -21.420933474266292 ], [ -50.5033306360003, -21.420997263354995 ], [ -50.503336513812499, -21.421070434156789 ] ] ] } },
{ "type": "Feature", "properties": { "CHAVE": "30754620", "FAZENDA": "307546", "NOME_FAZ": "FAZENDA SANTO ANTONIO", "ZONA": 999.0, "TALHAO": 20.0, "AREA_TOTAL": 6.7449998755423364, "TIPO_GEO": "TALHAO", "DATA_INICI": null, "DATA_FINAL": null, "HORA_INICI": null, "HORA_FINAL": null, "CLASSE": null, "PILOTO": null, "AERONAVE": null, "AREA_HA": null }, "geometry": { "type": "Polygon", "coordinates": [ [ [ -50.511046041790102, -21.420528866281998 ], [ -50.511085085488304, -21.420583629905288 ], [ -50.511127983498, -21.420635074021604 ], [ -50.511173694227601, -21.420684807197002 ], [ -50.511225830803497, -21.420737293142899 ], [ -50.511275809873702, -21.420781109697302 ], [ -50.511327344802098, -21.420822532907295 ], [ -50.511390051968, -21.420865993150599 ], [ -50.511450953358001, -21.420904276274499 ], [ -50.511512102183197, -21.420941245116005 ], [ -50.511573276848701, -21.420975968309502 ], [ -50.5116369024066, -21.421009311429394 ], [ -50.511698527919997, -21.421039123074003 ], [ -50.511760979781201, -21.421069976231298 ], [ -50.511800586583711, -21.421041566514297 ], [ -50.511876358147198, -21.421027241721497 ], [ -50.511954847601601, -21.421018771672998 ], [ -50.512025262559099, -21.421012219019193 ], [ -50.512102702099604, -21.421010264219088 ], [ -50.512179440776499, -21.421006300192595 ], [ -50.512249454570799, -21.421008446216597 ], [ -50.512319523950403, -21.421013618129187 ], [ -50.512396618345498, -21.421022582664794 ], [ -50.512466245938498, -21.421033994023496 ], [ -50.512534216907802, -21.421047541189186 ], [ -50.512601285497901, -21.4210622093001 ], [ -50.5126707049102, -21.421076313978599 ], [ -50.512743039164903, -21.421092740373492 ], [ -50.512814908229601, -21.421110651256694 ], [ -50.512885552730303, -21.421130398955704 ], [ -50.512957402540501, -21.421154558309802 ], [ -50.513026806181799, -21.421177360567299 ], [ -50.513093213486997, -21.4211974584553 ], [ -50.513163632197603, -21.421220374630003 ], [ -50.513234176023197, -21.421242566128093 ], [ -50.5133007588813, -21.421267268650691 ], [ -50.5133665214845, -21.421286781658996 ], [ -50.513433405001798, -21.4213047170933 ], [ -50.5135026813984, -21.421322325945493 ], [ -50.513714984346606, -21.421358764268302 ], [ -50.513788495008598, -21.421365706950489 ], [ -50.513858267274507, -21.421368025482202 ], [ -50.513933769709404, -21.421369035904696 ], [ -50.5140061461166, -21.421368945802797 ], [ -50.51407878685621, -21.421373176420701 ], [ -50.514151450455003, -21.421374156904104 ], [ -50.514222623400499, -21.421373563948595 ], [ -50.5142991334789, -21.421371439912502 ], [ -50.514369326717897, -21.421368126775295 ], [ -50.514443558613202, -21.421365054374903 ], [ -50.514518286108199, -21.421359848236893 ], [ -50.514592884970199, -21.421354211300905 ], [ -50.514855814234799, -21.421320472509795 ], [ -50.514924719943501, -21.421304042201822 ], [ -50.514995008234997, -21.421288094466505 ], [ -50.515062683388102, -21.421269857605402 ], [ -50.515127176045802, -21.421250362060693 ], [ -50.515190810540702, -21.421225984324604 ], [ -50.515366151016998, -21.4211237791767 ], [ -50.515419238590503, -21.421083815914994 ], [ -50.515468721420909, -21.421040486352293 ], [ -50.515619467142102, -21.420920637653197 ], [ -50.515661400271, -21.420871288571302 ], [ -50.5157095915093, -21.420823286321493 ], [ -50.515761883826599, -21.420774123800395 ], [ -50.515816041457498, -21.420726476984399 ], [ -50.5158698736224, -21.420679685778993 ], [ -50.515922875925099, -21.420634820078199 ], [ -50.515976138798798, -21.420589849656608 ], [ -50.516028629086897, -21.420547039996997 ], [ -50.516082659189998, -21.420507329368892 ], [ -50.516140653407, -21.420465801760699 ], [ -50.516198773338999, -21.420425603734 ], [ -50.516456339979598, -21.420320432674586 ], [ -50.516484329840502, -21.420309373926006 ], [ -50.516496858927603, -21.420289946110785 ], [ -50.516494059273498, -21.420271865386397 ], [ -50.516486215361297, -21.420262056012096 ], [ -50.5164491240673, -21.420243391905995 ], [ -50.516380740490597, -21.420237714411293 ], [ -50.516312397973998, -21.420228599866899 ], [ -50.516240802517203, -21.420222179318497 ], [ -50.516169704757402, -21.420215860285488 ], [ -50.516100674161301, -21.420210558081497 ], [ -50.516030056043199, -21.420203612108612 ], [ -50.515959937388502, -21.420198087827696 ], [ -50.515890872132097, -21.4201920914754 ], [ -50.515821843352299, -21.420185486159593 ], [ -50.515751660784098, -21.420178041000401 ], [ -50.515680797755003, -21.420172732860799 ], [ -50.515608726674898, -21.420167892441203 ], [ -50.515539957314402, -21.420162094218092 ], [ -50.515469788834999, -21.420156047347888 ], [ -50.515394825082701, -21.420149073905993 ], [ -50.515321112720301, -21.420144293757588 ], [ -50.515245655880499, -21.420137843679594 ], [ -50.515170047069098, -21.420132340516407 ], [ -50.5150919659186, -21.420124791042202 ], [ -50.515017893416299, -21.420119697332698 ], [ -50.514945499462904, -21.420113625866605 ], [ -50.514866319856999, -21.420106619137393 ], [ -50.514793487092199, -21.420098891033593 ], [ -50.5147197304141, -21.420094259987199 ], [ -50.5146492576988, -21.420088945877307 ], [ -50.51457439855271, -21.420083717793897 ], [ -50.514503893826003, -21.420076863299496 ], [ -50.514429962774109, -21.420069573629593 ], [ -50.514357622944601, -21.420063807222686 ], [ -50.514287859871402, -21.420057714043587 ], [ -50.514217232984201, -21.420052071181406 ], [ -50.514141419035198, -21.420046413666295 ], [ -50.5140629292695, -21.420038345832385 ], [ -50.513984917262, -21.420029906977103 ], [ -50.513915548796497, -21.420023377760405 ], [ -50.513844420238904, -21.420016803636898 ], [ -50.513768221389903, -21.420011301756205 ], [ -50.513690882570003, -21.420004667413302 ], [ -50.5136228070212, -21.420000875666808 ], [ -50.513550700750898, -21.419994927421701 ], [ -50.513480099973897, -21.419990062432898 ], [ -50.513409147338997, -21.419985375653496 ], [ -50.513335122542102, -21.419980344316702 ], [ -50.513259028261899, -21.419974202927495 ], [ -50.513182455579297, -21.419966141058492 ], [ -50.513108892881, -21.419957849755093 ], [ -50.513038100348503, -21.419950953755396 ], [ -50.512963967068998, -21.419945053763293 ], [ -50.512888232353603, -21.419937528148601 ], [ -50.512811949866403, -21.419931052699994 ], [ -50.512733335392198, -21.419924806923895 ], [ -50.512653516804299, -21.419918967503293 ], [ -50.5125747867258, -21.419912097303897 ], [ -50.512502359773897, -21.419905233530987 ], [ -50.512422800223, -21.419898777242793 ], [ -50.512343476243103, -21.419892190505294 ], [ -50.512275030663602, -21.419885515976606 ], [ -50.512204998302103, -21.419879244115094 ], [ -50.512133066428298, -21.419873990430293 ], [ -50.512059511407408, -21.419868050985702 ], [ -50.511985899125499, -21.419862074453899 ], [ -50.511910928031497, -21.419855407370704 ], [ -50.511835350847598, -21.419848705950589 ], [ -50.511759393074001, -21.419843227249196 ], [ -50.511683433863702, -21.419837568872293 ], [ -50.511608099073598, -21.419830479036399 ], [ -50.5115354165724, -21.419822648276906 ], [ -50.511464335446099, -21.4198157975218 ], [ -50.511389624998102, -21.419808951144706 ], [ -50.511322271085, -21.419804042422708 ], [ -50.511251027121908, -21.419797909727293 ], [ -50.511183600930799, -21.419792439748498 ], [ -50.511115205769897, -21.419786045238993 ], [ -50.511043006728002, -21.419778297158302 ], [ -50.510828516618503, -21.419759619264305 ], [ -50.510755767236702, -21.419752585424092 ], [ -50.510687338103899, -21.419747272353501 ], [ -50.510616957171599, -21.419741354196294 ], [ -50.510543854272498, -21.419735456663709 ], [ -50.510507913251701, -21.419732798541393 ], [ -50.510539444933606, -21.419780781384297 ], [ -50.510579463719203, -21.419835050102495 ], [ -50.510621314181805, -21.419892080646896 ], [ -50.510661664199709, -21.419950006522303 ], [ -50.510700862956497, -21.420004011344307 ], [ -50.510743011798709, -21.420061825876303 ], [ -50.510785949208305, -21.420123094565099 ], [ -50.510827637066498, -21.420185008007596 ], [ -50.510863985436004, -21.420239680491303 ], [ -50.5109037390352, -21.420300210548099 ], [ -50.510940561367001, -21.420360823589498 ], [ -50.510973569419001, -21.4204162207159 ], [ -50.511008600593001, -21.42047175435621 ], [ -50.511046041790102, -21.420528866281998 ] ] ] } },
{ "type": "Feature", "properties": { "CHAVE": "30754620", "FAZENDA": "307546", "NOME_FAZ": "FAZENDA SANTO ANTONIO", "ZONA": 999.0, "TALHAO": 20.0, "AREA_TOTAL": 19.703259736109526, "TIPO_GEO": "TALHAO", "DATA_INICI": null, "DATA_FINAL": null, "HORA_INICI": null, "HORA_FINAL": null, "CLASSE": null, "PILOTO": null, "AERONAVE": null, "AREA_HA": null }, "geometry": { "type": "Polygon", "coordinates": [ [ [ -50.504294536324799, -21.424096887190895 ], [ -50.504352356742899, -21.424133711053297 ], [ -50.504411316494902, -21.4241711452682 ], [ -50.504470198948603, -21.424209074668092 ], [ -50.504530428970099, -21.4242477914832 ], [ -50.504593150889704, -21.424287288086692 ], [ -50.504656662448205, -21.424328431024001 ], [ -50.504721544797903, -21.424369439037388 ], [ -50.504787367845701, -21.424411361322612 ], [ -50.504854043896998, -21.4244534180527 ], [ -50.504921354491103, -21.424494824957605 ], [ -50.5049874330686, -21.424535354669288 ], [ -50.505054237341596, -21.4245734411877 ], [ -50.505117073141903, -21.424609529499008 ], [ -50.5051762907, -21.424645333826501 ], [ -50.505235340989401, -21.424681099227001 ], [ -50.5052939367148, -21.424713419537596 ], [ -50.505353248832797, -21.424741450609396 ], [ -50.505421078941097, -21.424761307130598 ], [ -50.50548797234481, -21.424772407867312 ], [ -50.505560104274899, -21.424777844202701 ], [ -50.5056333230538, -21.424782888761001 ], [ -50.505705054247798, -21.424787737569691 ], [ -50.50577887036961, -21.424793069663906 ], [ -50.505851051260201, -21.424798001680198 ], [ -50.505928834652302, -21.424802898801598 ], [ -50.506006762331502, -21.424808942101393 ], [ -50.506080476791503, -21.424814845109694 ], [ -50.5061480584829, -21.424819538971004 ], [ -50.506219730218596, -21.4248238201764 ], [ -50.5062933233338, -21.424828319192898 ], [ -50.506364998985099, -21.424834723359208 ], [ -50.506437505571398, -21.424841718314696 ], [ -50.5065085630049, -21.424847772884394 ], [ -50.506581483967501, -21.424853950124213 ], [ -50.506653744576603, -21.424858522654702 ], [ -50.506723408392411, -21.424862939628802 ], [ -50.506795188250798, -21.424868700593805 ], [ -50.506865846410498, -21.424873373256901 ], [ -50.506937072527798, -21.424879242111899 ], [ -50.507014398972409, -21.424883811157592 ], [ -50.507086790741198, -21.424888086716685 ], [ -50.507155961155199, -21.424892878635099 ], [ -50.507230890523303, -21.424899151916101 ], [ -50.50730523745171, -21.424905883328485 ], [ -50.5073787306169, -21.424911915082298 ], [ -50.507456269407797, -21.4249169205812 ], [ -50.507524742340799, -21.424921396460185 ], [ -50.507595656950208, -21.424926093360099 ], [ -50.507672553576803, -21.424930824319603 ], [ -50.507752603469001, -21.42493686626899 ], [ -50.507824002652001, -21.424940992394298 ], [ -50.507899330014801, -21.424946028473801 ], [ -50.507974982606299, -21.424951347107495 ], [ -50.5080524068727, -21.424956601837991 ], [ -50.508128481198902, -21.424963435903202 ], [ -50.508203823652799, -21.424969069845496 ], [ -50.508278342706099, -21.424973091899304 ], [ -50.508350055956598, -21.424978396785605 ], [ -50.508419750839103, -21.424985507580402 ], [ -50.508490707208097, -21.424990371349104 ], [ -50.508562723149801, -21.424995076608994 ], [ -50.508634762481798, -21.424999401517304 ], [ -50.508705736794298, -21.425005463651608 ], [ -50.508777512729502, -21.425010484073308 ], [ -50.508850353288601, -21.42501513721459 ], [ -50.508924051415597, -21.42501962582099 ], [ -50.508997436208197, -21.425024191197604 ], [ -50.509067112566299, -21.425028945993589 ], [ -50.509134495795301, -21.425033743495597 ], [ -50.509205244024301, -21.425038697789805 ], [ -50.5092776344936, -21.425043283216695 ], [ -50.509352992833001, -21.425048613002698 ], [ -50.509428698652997, -21.425053877836504 ], [ -50.509502814931103, -21.425060279966701 ], [ -50.5095763521755, -21.425065061958605 ], [ -50.509650368564401, -21.425070871178086 ], [ -50.509723979832899, -21.425077374866799 ], [ -50.509799266640407, -21.425082494567601 ], [ -50.509876378582099, -21.425087491964007 ], [ -50.5099536061349, -21.425092902903895 ], [ -50.510029793444303, -21.425098725766492 ], [ -50.510103717625398, -21.42510374094649 ], [ -50.510173738507305, -21.425108288020386 ], [ -50.510242513626203, -21.425112574468702 ], [ -50.510311044510402, -21.425116182710099 ], [ -50.5103784657624, -21.425121809878981 ], [ -50.510445652610201, -21.425125354312698 ], [ -50.510516143435296, -21.425129449443393 ], [ -50.510587849253703, -21.425134900958792 ], [ -50.510659396579001, -21.425140955114493 ], [ -50.510732562058308, -21.425147269922402 ], [ -50.510807306269697, -21.425152225794292 ], [ -50.510879629990299, -21.42515681388079 ], [ -50.510949439449902, -21.4251618911888 ], [ -50.511019139303009, -21.425166669020893 ], [ -50.511091198448497, -21.425171226825501 ], [ -50.511163836194498, -21.425177467237603 ], [ -50.511236711493503, -21.425183035705398 ], [ -50.511310907039302, -21.425189220942187 ], [ -50.5113849063572, -21.425195387190598 ], [ -50.511458619033199, -21.425199584314392 ], [ -50.511532528273307, -21.425205436922493 ], [ -50.511606854664301, -21.425211340350693 ], [ -50.511682066941397, -21.425216766407789 ], [ -50.511757655985697, -21.425222087880602 ], [ -50.511832847327298, -21.425227119033199 ], [ -50.511907437335999, -21.425231957883888 ], [ -50.512109264811997, -21.425246939497484 ], [ -50.512180072430702, -21.425251627973196 ], [ -50.512251853944498, -21.425256056672207 ], [ -50.512321092120004, -21.425261723292387 ], [ -50.512393700188099, -21.425266916312804 ], [ -50.512466218173408, -21.425272267040903 ], [ -50.512533799275701, -21.425276985287297 ], [ -50.512606388063503, -21.425280858868 ], [ -50.5126861366331, -21.425285526756301 ], [ -50.512756611224198, -21.425290369243093 ], [ -50.5128280257399, -21.425295779074897 ], [ -50.512899380178602, -21.42530222465739 ], [ -50.512971844729996, -21.425307301603102 ], [ -50.5130441185702, -21.425311546845201 ], [ -50.513114954273199, -21.425316076113496 ], [ -50.5131845120953, -21.425319674856304 ], [ -50.513257521022403, -21.425324261402494 ], [ -50.513333936127097, -21.425330651350002 ], [ -50.513413657652897, -21.425337123128994 ], [ -50.513495702921702, -21.425342750468982 ], [ -50.513577510473901, -21.425349905101903 ], [ -50.513657141503998, -21.425355857948393 ], [ -50.513731578717099, -21.425360787811897 ], [ -50.513801417004409, -21.425365740715591 ], [ -50.5138797135711, -21.425367635893604 ], [ -50.513948706100699, -21.425371416515596 ], [ -50.514023276071811, -21.425377381033801 ], [ -50.514101263817402, -21.425384533356198 ], [ -50.514180603107398, -21.425390552770299 ], [ -50.514261313701397, -21.425395766378685 ], [ -50.514336482799898, -21.425401623311696 ], [ -50.514409484236907, -21.425407330670705 ], [ -50.514478789631397, -21.4254129354659 ], [ -50.5145503160632, -21.425418617561196 ], [ -50.5146218164681, -21.425421064433895 ], [ -50.514657433013497, -21.425423783888291 ], [ -50.514625283842804, -21.425401288519101 ], [ -50.514565821004801, -21.425362786137089 ], [ -50.5145060981122, -21.425325809212996 ], [ -50.514444153434098, -21.425287319079501 ], [ -50.5143838066858, -21.425250941859595 ], [ -50.514315214157499, -21.425212014974097 ], [ -50.514256837711706, -21.425179828506405 ], [ -50.514195908803401, -21.425147572735593 ], [ -50.514133701364798, -21.425114927635107 ], [ -50.514071009536607, -21.425082178193101 ], [ -50.514008153333798, -21.425050829742798 ], [ -50.513945617244303, -21.425019382284102 ], [ -50.513884429103001, -21.424988306541593 ], [ -50.513823286585897, -21.424958816359897 ], [ -50.513760533881403, -21.424926380649907 ], [ -50.513696544275902, -21.424893458794894 ], [ -50.5136339824871, -21.424861396843404 ], [ -50.513569456421003, -21.424830700169395 ], [ -50.513505945067102, -21.424798697046903 ], [ -50.513444039504705, -21.424767407467389 ], [ -50.513382903017202, -21.424737490873493 ], [ -50.513321795140698, -21.424706676461092 ], [ -50.513260722914403, -21.424676337417395 ], [ -50.513189206065903, -21.424642048460804 ], [ -50.513124374335902, -21.424610501015486 ], [ -50.513062907355803, -21.424580894545105 ], [ -50.513033727936701, -21.424566836491497 ], [ -50.512972541780201, -21.424536155053204 ], [ -50.512907977582401, -21.424505346369401 ], [ -50.512844830684799, -21.4244763028282 ], [ -50.512777563277602, -21.424445238328598 ], [ -50.512715626226303, -21.424417791153598 ], [ -50.512651179285903, -21.424387506909799 ], [ -50.512584973551, -21.424356595501596 ], [ -50.512514717889907, -21.424324689464491 ], [ -50.512450972234298, -21.424294101608893 ], [ -50.512384041888403, -21.424263024944409 ], [ -50.512316212324997, -21.424230832105902 ], [ -50.512246356801299, -21.424198706778508 ], [ -50.5121769122849, -21.424164967239296 ], [ -50.512107414535699, -21.424131770277892 ], [ -50.512038165779501, -21.424098625622296 ], [ -50.511972498657101, -21.424065385316389 ], [ -50.511909869344201, -21.424034320321393 ], [ -50.511847905459902, -21.424004686268692 ], [ -50.511784888319397, -21.423973102058692 ], [ -50.511720655489697, -21.423940673359098 ], [ -50.511653611167901, -21.423909508065989 ], [ -50.5115841089019, -21.423878533748098 ], [ -50.511513645294301, -21.423846000127707 ], [ -50.51144293095691, -21.423812404687791 ], [ -50.5113724742641, -21.423779405706298 ], [ -50.511305084704297, -21.423748166765606 ], [ -50.511243200488103, -21.423718719801702 ], [ -50.5111795478525, -21.423689829404292 ], [ -50.511110208699499, -21.423660327903796 ], [ -50.511036732617796, -21.423628441452706 ], [ -50.510960814387502, -21.423596448645288 ], [ -50.510883717800901, -21.423563879584989 ], [ -50.510821237407598, -21.423537290933091 ], [ -50.510758006418897, -21.423509764596403 ], [ -50.510695172852202, -21.423480927021497 ], [ -50.5106339054703, -21.423451910470384 ], [ -50.5105627378178, -21.423417801823796 ], [ -50.510494224240702, -21.423385022902284 ], [ -50.510423800852301, -21.423351605242001 ], [ -50.510349043517301, -21.423316829188291 ], [ -50.510287354010401, -21.42328871641239 ], [ -50.510226656329003, -21.423258731878899 ], [ -50.510165813952703, -21.423228702071899 ], [ -50.510105621493899, -21.423198465437494 ], [ -50.510033158553597, -21.423161557890694 ], [ -50.509961869104899, -21.423125107547992 ], [ -50.509892532102697, -21.423086492382389 ], [ -50.509824211023798, -21.423045518060402 ], [ -50.509758817723601, -21.423001773545501 ], [ -50.509697490301498, -21.422956691106492 ], [ -50.5096467364245, -21.4229129725517 ], [ -50.509592591274597, -21.422860515458488 ], [ -50.50953955007671, -21.422804882890109 ], [ -50.509492518123501, -21.422756756729996 ], [ -50.509442517514806, -21.422705106628005 ], [ -50.509391870235, -21.422652069189095 ], [ -50.509340284513897, -21.422597933523402 ], [ -50.509287579456299, -21.422543909069496 ], [ -50.509234189608904, -21.422488729248794 ], [ -50.5091800644175, -21.422433540203407 ], [ -50.509124426286803, -21.422379263874696 ], [ -50.5090692766559, -21.422325731219793 ], [ -50.5090159703174, -21.422273119992511 ], [ -50.508962441126698, -21.422220902552208 ], [ -50.508906378180797, -21.422167960671803 ], [ -50.508849185214601, -21.422114107730994 ], [ -50.508791252327903, -21.422061531505797 ], [ -50.508737779156903, -21.422011986764304 ], [ -50.508685650918608, -21.421967520523999 ], [ -50.508632617623398, -21.421924744013502 ], [ -50.508577732284699, -21.421881509120791 ], [ -50.508518805167199, -21.421840014615505 ], [ -50.5084574862816, -21.421800727945008 ], [ -50.508394258540001, -21.421766470770891 ], [ -50.508326773329699, -21.421735964684594 ], [ -50.5082539103648, -21.421712833311389 ], [ -50.508176823002799, -21.421699583703504 ], [ -50.508097947035601, -21.421695616627492 ], [ -50.508016588270905, -21.421700699127303 ], [ -50.507951252097101, -21.421710674719808 ], [ -50.5078717202001, -21.421726130035296 ], [ -50.507799279134296, -21.421742160149499 ], [ -50.507734528119109, -21.421759776497399 ], [ -50.507651640272499, -21.4217840810377 ], [ -50.507625230399498, -21.421818423816703 ], [ -50.507577362352002, -21.421876804679297 ], [ -50.507527895587998, -21.421934360906391 ], [ -50.507477221665297, -21.421991840808786 ], [ -50.507424884182498, -21.4220481274082 ], [ -50.507371463002002, -21.422103764128597 ], [ -50.507317484927299, -21.422159201180296 ], [ -50.507262317826203, -21.422213344559001 ], [ -50.5072066416474, -21.4222656208124 ], [ -50.507151402346302, -21.422316966141391 ], [ -50.507096917199398, -21.422367898331995 ], [ -50.5070424255549, -21.422417419715693 ], [ -50.5069882924643, -21.422466698652201 ], [ -50.506933734872497, -21.422515699038488 ], [ -50.506877614101597, -21.422563901124196 ], [ -50.506821178697798, -21.422611751237898 ], [ -50.5067640259755, -21.422658942224704 ], [ -50.506706582634202, -21.422705023462893 ], [ -50.5066488363383, -21.422749054884594 ], [ -50.506591523070703, -21.422791919030598 ], [ -50.506534023273197, -21.422833528312292 ], [ -50.506475824183497, -21.422873329767402 ], [ -50.50641738188061, -21.422911384811002 ], [ -50.506359152123302, -21.422948692614607 ], [ -50.506300550029003, -21.422985236235593 ], [ -50.5062417044361, -21.423020904141595 ], [ -50.506182745535497, -21.423055495582197 ], [ -50.5061242395332, -21.423089704981493 ], [ -50.506051688796603, -21.423131081554697 ], [ -50.5059794144425, -21.423170615016392 ], [ -50.505908017459099, -21.423209448156801 ], [ -50.5058366110054, -21.423246072443501 ], [ -50.505766733545798, -21.423281523779295 ], [ -50.505698455180102, -21.423315084400397 ], [ -50.5056319359228, -21.423346013723393 ], [ -50.505566809979499, -21.423374093352198 ], [ -50.505501396561698, -21.423401497352607 ], [ -50.505435532434603, -21.423426829331792 ], [ -50.5053668731166, -21.423451605499491 ], [ -50.5052972527495, -21.423474479045503 ], [ -50.5052291145293, -21.423496055731501 ], [ -50.505161650917501, -21.423515379516196 ], [ -50.505093352041399, -21.423533431941689 ], [ -50.505024882466898, -21.423549146774803 ], [ -50.504954441789302, -21.423563182780303 ], [ -50.504881752374899, -21.423575137767394 ], [ -50.504807286476201, -21.423583794026491 ], [ -50.504731610151907, -21.423589194862892 ], [ -50.504654291282698, -21.423592628024508 ], [ -50.504574927560597, -21.423593234440492 ], [ -50.504496489918203, -21.423591032806801 ], [ -50.504419211419702, -21.423587294326982 ], [ -50.504342233576601, -21.423582175027093 ], [ -50.504263470978401, -21.423576259882903 ], [ -50.504185334965698, -21.423569605105701 ], [ -50.504109787581207, -21.42356330177449 ], [ -50.504037518557098, -21.423556565042098 ], [ -50.503969234223398, -21.423548736841198 ], [ -50.503894397837101, -21.423539332370105 ], [ -50.503821070823101, -21.423528609943403 ], [ -50.503747891438898, -21.423516914041503 ], [ -50.503678069924298, -21.423505882796587 ], [ -50.503614803170102, -21.4235126060107 ], [ -50.503552258385902, -21.423540394255195 ], [ -50.503559499431802, -21.423568728600795 ], [ -50.503615721529798, -21.423641747821996 ], [ -50.503695949950099, -21.423709968962797 ], [ -50.503751954032502, -21.423747662424905 ], [ -50.503810008575101, -21.423788603772593 ], [ -50.503866998081008, -21.4238255479926 ], [ -50.503926673033398, -21.423864301759608 ], [ -50.5039819276356, -21.423900430864897 ], [ -50.504047027192605, -21.423938968756602 ], [ -50.504165350124197, -21.424013746581096 ], [ -50.504227529547002, -21.424054796879702 ], [ -50.504294536324799, -21.424096887190895 ] ] ] } },
{ "type": "Feature", "properties": { "CHAVE": "30754620", "FAZENDA": "307546", "NOME_FAZ": "FAZENDA SANTO ANTONIO", "ZONA": 999.0, "TALHAO": 20.0, "AREA_TOTAL": 26.361031686364488, "TIPO_GEO": "TALHAO", "DATA_INICI": null, "DATA_FINAL": null, "HORA_INICI": null, "HORA_FINAL": null, "CLASSE": null, "PILOTO": null, "AERONAVE": null, "AREA_HA": null }, "geometry": { "type": "Polygon", "coordinates": [ [ [ -50.508045206393803, -21.4209692098757 ], [ -50.508033790659802, -21.421039054140401 ], [ -50.508018458895698, -21.421107805583095 ], [ -50.507998341234398, -21.421176569367795 ], [ -50.507973755596403, -21.421244780338096 ], [ -50.507945058478299, -21.4213127011983 ], [ -50.5079134345415, -21.421379642945695 ], [ -50.507879231798199, -21.421446151146998 ], [ -50.507841303664897, -21.421511282913691 ], [ -50.507800848230502, -21.421574753938696 ], [ -50.5077591584188, -21.421637040899594 ], [ -50.507715961292909, -21.421698516212491 ], [ -50.507688499875002, -21.421735402793193 ], [ -50.507723375369409, -21.421725176524802 ], [ -50.507789449972698, -21.421707200077492 ], [ -50.507863358751997, -21.421690845180507 ], [ -50.507944221643001, -21.421675131214499 ], [ -50.508012188004699, -21.4216647540417 ], [ -50.508097696568299, -21.4216594123025 ], [ -50.508181360755302, -21.421663620202199 ], [ -50.508263642224001, -21.421677762561185 ], [ -50.508341414872604, -21.421702452581801 ], [ -50.508412338845702, -21.421734513128492 ], [ -50.5084780783912, -21.421770131210501 ], [ -50.508541312963096, -21.421810645246602 ], [ -50.508601772484496, -21.421853218814402 ], [ -50.508657636956798, -21.421897224995497 ], [ -50.5087112471167, -21.421940466797107 ], [ -50.508764360370598, -21.421985773264801 ], [ -50.508818257683302, -21.422035710979703 ], [ -50.508876302348803, -21.422088388639303 ], [ -50.508933765691005, -21.422142496156702 ], [ -50.508990068834606, -21.422195664853099 ], [ -50.509043892917298, -21.422248169949192 ], [ -50.509097166437101, -21.422300748775701 ], [ -50.509152238092597, -21.422354205731196 ], [ -50.509208204508703, -21.422408802299792 ], [ -50.509262705706597, -21.422464374731195 ], [ -50.509316129519597, -21.42251958964501 ], [ -50.509368933418102, -21.422573715402905 ], [ -50.509420655844302, -21.422627994520013 ], [ -50.509471202145406, -21.422680926203803 ], [ -50.509521053737103, -21.422732422362188 ], [ -50.509568184442799, -21.422780649562501 ], [ -50.509620874980399, -21.422835914327489 ], [ -50.509673701677301, -21.422887094063107 ], [ -50.509722510943298, -21.422929137555393 ], [ -50.509781964770703, -21.4229728426895 ], [ -50.509845851750697, -21.423015579554498 ], [ -50.509912811359001, -21.423055737355707 ], [ -50.509980989598098, -21.423093707179902 ], [ -50.510051628882898, -21.423129825090502 ], [ -50.510123966254397, -21.423166668678697 ], [ -50.510183936249497, -21.42319679356039 ], [ -50.510244666348001, -21.423226767951189 ], [ -50.5103048088856, -21.423256478242998 ], [ -50.510366075376702, -21.423284398242689 ], [ -50.510441111209708, -21.423319303847681 ], [ -50.5105117287818, -21.423352813650897 ], [ -50.510580323796503, -21.423385631542686 ], [ -50.510651408865201, -21.423419700607198 ], [ -50.510712377520797, -21.423448575677995 ], [ -50.510774637798697, -21.423477150139394 ], [ -50.510837358431097, -21.423504454301195 ], [ -50.5108996389948, -21.423530957913705 ], [ -50.510976654871605, -21.42356349289339 ], [ -50.511052768396198, -21.423595567998305 ], [ -50.511126307442609, -21.423627481772602 ], [ -50.51119595158, -21.423657113032004 ], [ -50.5112603627434, -21.423686347705203 ], [ -50.511322390432902, -21.423715862937605 ], [ -50.511389669821398, -21.423747050805598 ], [ -50.511460296366799, -21.423780129336901 ], [ -50.511530912663403, -21.42381367819689 ], [ -50.511600938203699, -21.423846009556108 ], [ -50.511670487392699, -21.423877004783591 ], [ -50.511738400772202, -21.42390857405281 ], [ -50.5118031545516, -21.423941265758 ], [ -50.511865792565203, -21.423972659947289 ], [ -50.511927682282504, -21.424002258527789 ], [ -50.511990710392404, -21.424033521329484 ], [ -50.512056129533498, -21.424066636106502 ], [ -50.512124954039102, -21.424099577713587 ], [ -50.5121945705218, -21.424132831388192 ], [ -50.512263754843502, -21.424166444509989 ], [ -50.512333445802298, -21.424198494154805 ], [ -50.512401340880103, -21.42423071808529 ], [ -50.512468347871597, -21.424261830335407 ], [ -50.512531943128103, -21.424292346021407 ], [ -50.512602007621702, -21.424324165239305 ], [ -50.512668447249297, -21.424355185849901 ], [ -50.512732540221698, -21.424385303758903 ], [ -50.512794356256798, -21.424412697304192 ], [ -50.512861875471401, -21.424443878088198 ], [ -50.512925249632502, -21.424473026154299 ], [ -50.512990417083003, -21.424504122695698 ], [ -50.513051669474905, -21.424534837345302 ], [ -50.513080563056697, -21.424548757687599 ], [ -50.513142101481399, -21.424578398568382 ], [ -50.513206901201897, -21.424609930435601 ], [ -50.513278564279702, -21.424644289500005 ], [ -50.513339990533801, -21.424674804413208 ], [ -50.513400992827101, -21.424705565581885 ], [ -50.513462145993401, -21.424735490335308 ], [ -50.513524257591698, -21.424766884051497 ], [ -50.513587345783897, -21.424798673942288 ], [ -50.513651993783697, -21.424829428621095 ], [ -50.513715103295198, -21.4248617712698 ], [ -50.513779153902099, -21.424894724506988 ], [ -50.513841454284602, -21.424926926417893 ], [ -50.513902469751599, -21.424956355318798 ], [ -50.513963949518001, -21.424987579167396 ], [ -50.514026356867099, -21.425018961884398 ], [ -50.514089486271203, -21.425050446587008 ], [ -50.514152539078502, -21.425083384597698 ], [ -50.514214842369, -21.425116079996805 ], [ -50.514276129824999, -21.425148525580202 ], [ -50.514335010220996, -21.425180989903595 ], [ -50.514404259921101, -21.4252202897367 ], [ -50.514465271916798, -21.425257067966704 ], [ -50.514527413400998, -21.425295680384597 ], [ -50.514587444320298, -21.425332848017089 ], [ -50.514647820441098, -21.425371941748793 ], [ -50.514730255211902, -21.425429622849794 ], [ -50.514760376422501, -21.425432158507512 ], [ -50.514843290795199, -21.425439253447905 ], [ -50.514915877854499, -21.425444901218889 ], [ -50.5149915729707, -21.425451019999002 ], [ -50.515061035114698, -21.425456404644894 ], [ -50.5151357302992, -21.425462202998109 ], [ -50.515204807350997, -21.425467416929397 ], [ -50.515273571703297, -21.425471879745292 ], [ -50.515348355187108, -21.425477444084997 ], [ -50.515425968579898, -21.425483362734795 ], [ -50.5155004408604, -21.425487317446297 ], [ -50.515568944163, -21.425493591598304 ], [ -50.515638746139601, -21.42549904144159 ], [ -50.5157084403683, -21.425504431251998 ], [ -50.5157798063873, -21.425509418127497 ], [ -50.515858051559299, -21.425515591974598 ], [ -50.515926589643101, -21.425521417144196 ], [ -50.5159944841092, -21.425526637680093 ], [ -50.516062871785806, -21.425530896710097 ], [ -50.516136309782397, -21.4255349336308 ], [ -50.516201132254608, -21.425532771184699 ], [ -50.516258984618304, -21.425516019040707 ], [ -50.516303173806499, -21.425477124627001 ], [ -50.516329141764999, -21.425423447145196 ], [ -50.516347750019001, -21.425359846803499 ], [ -50.516365209855898, -21.425291045340884 ], [ -50.516380251141399, -21.425226432514393 ], [ -50.516394123943101, -21.425156803764594 ], [ -50.516406599505302, -21.425088716804296 ], [ -50.516420795922507, -21.4250190073152 ], [ -50.516433701405802, -21.424953788555978 ], [ -50.516445363441697, -21.424891221436305 ], [ -50.516457938376298, -21.4248234347831 ], [ -50.5164734711094, -21.424753041658199 ], [ -50.5164932619453, -21.424682188150094 ], [ -50.5165130943845, -21.42461324078079 ], [ -50.516531426988898, -21.424546340680514 ], [ -50.516549725395201, -21.424479327468504 ], [ -50.516569107681001, -21.424409428814286 ], [ -50.516588178404902, -21.424335684674809 ], [ -50.516608291118096, -21.424264708242909 ], [ -50.5166271001859, -21.4242010238194 ], [ -50.516646885226898, -21.424135775381405 ], [ -50.5166653645677, -21.424065320481098 ], [ -50.516682936990797, -21.423995135648703 ], [ -50.516701030721308, -21.423933507180696 ], [ -50.516719760556597, -21.423864780788097 ], [ -50.516737027000403, -21.423800476077805 ], [ -50.516754638449697, -21.423731677685293 ], [ -50.516772571606403, -21.4236619619771 ], [ -50.516791800825203, -21.423593102430996 ], [ -50.516809953723502, -21.423529656861092 ], [ -50.516830140796898, -21.42346031381139 ], [ -50.516848921704401, -21.423388590675188 ], [ -50.5168669961894, -21.423324266098 ], [ -50.5168851322344, -21.423259540421704 ], [ -50.516904873343201, -21.423191118286994 ], [ -50.516923172374703, -21.423129301755296 ], [ -50.516939560211597, -21.423066251904192 ], [ -50.516957234358799, -21.42300101832269 ], [ -50.516973394840001, -21.422938215256096 ], [ -50.5169921130285, -21.422867068398407 ], [ -50.517008178147904, -21.422805359020092 ], [ -50.517025699226501, -21.422743235764592 ], [ -50.517041626731299, -21.422675874828101 ], [ -50.517060041443308, -21.4226102212215 ], [ -50.517078699230296, -21.422546077891905 ], [ -50.517096607771002, -21.422480971370796 ], [ -50.5171121268544, -21.422418499197597 ], [ -50.517106254296799, -21.422365025304298 ], [ -50.517059791337303, -21.422336859548793 ], [ -50.516997206093997, -21.422333887340503 ], [ -50.516928446030299, -21.422333994561104 ], [ -50.516857335712501, -21.422333282452708 ], [ -50.516788006593799, -21.422332360975592 ], [ -50.5167154910039, -21.422332494912098 ], [ -50.516646663766601, -21.422331888964305 ], [ -50.516576321098498, -21.422331082698989 ], [ -50.516504927681098, -21.42233210304169 ], [ -50.516436516516798, -21.422332240919499 ], [ -50.516364734335802, -21.422331798853197 ], [ -50.5162957102985, -21.422332041569092 ], [ -50.516224900341797, -21.422332379973 ], [ -50.516151248805301, -21.422331923582593 ], [ -50.516082968541397, -21.422332752732203 ], [ -50.5160083954501, -21.422334034023489 ], [ -50.515932531491003, -21.4223360891406 ], [ -50.515864568459499, -21.422335820189904 ], [ -50.515793450514998, -21.422335912784998 ], [ -50.515718364145101, -21.422335659536792 ], [ -50.515645780933497, -21.422334682386897 ], [ -50.5155753730849, -21.422334867091205 ], [ -50.515506732057702, -21.422334216027689 ], [ -50.515435666952399, -21.422333525298093 ], [ -50.515362629327903, -21.422335642474295 ], [ -50.51529052908181, -21.4223355067334 ], [ -50.515219029260301, -21.4223336783032 ], [ -50.515148484119706, -21.422332249664397 ], [ -50.515079701426203, -21.422332131565199 ], [ -50.515010577658103, -21.422332645688304 ], [ -50.514940473748197, -21.422332225786093 ], [ -50.514866659597203, -21.422332535582704 ], [ -50.514798118307802, -21.422332591800895 ], [ -50.514727469191001, -21.422329688199696 ], [ -50.514658538689901, -21.42232542305609 ], [ -50.514589175091302, -21.4223194881049 ], [ -50.514514597292397, -21.422311151870613 ], [ -50.514440831299702, -21.422301964983298 ], [ -50.514364948298599, -21.422291148275001 ], [ -50.514289568817702, -21.422283284746108 ], [ -50.514220402337301, -21.422275167719103 ], [ -50.514153014968798, -21.422270129393191 ], [ -50.514089255547098, -21.422280642071293 ], [ -50.514054484595697, -21.422310163574998 ], [ -50.5140390798623, -21.422349969451094 ], [ -50.514039270606702, -21.422408730983395 ], [ -50.514080407032701, -21.422462720834496 ], [ -50.51413543306851, -21.422503306476504 ], [ -50.514192977136197, -21.422537296079497 ], [ -50.514252763941798, -21.422571591607696 ], [ -50.514314879879201, -21.422608075887695 ], [ -50.514375677338897, -21.422644630187193 ], [ -50.514443088796803, -21.422688677892896 ], [ -50.514502111276201, -21.422732007326196 ], [ -50.514552863917409, -21.422789856125693 ], [ -50.5145666442167, -21.422861626382197 ], [ -50.514568264089803, -21.422927244772406 ], [ -50.514566290215399, -21.422998123160891 ], [ -50.514560863423299, -21.4230644739506 ], [ -50.5145374180318, -21.42313364593689 ], [ -50.514485041878999, -21.423189125025303 ], [ -50.514432871440505, -21.423232865589 ], [ -50.514377057076402, -21.423274591201402 ], [ -50.514315746165899, -21.423309647308102 ], [ -50.514248935181001, -21.423335803245902 ], [ -50.514170761482397, -21.423349145767101 ], [ -50.514094616397998, -21.423358790135108 ], [ -50.514017658689902, -21.423362912219499 ], [ -50.513940779867497, -21.423364289773595 ], [ -50.513858821617397, -21.423357773256893 ], [ -50.513787575477998, -21.4233450536844 ], [ -50.513716217035601, -21.423330116491595 ], [ -50.513643708964103, -21.423314088965594 ], [ -50.513573127682797, -21.423294759902983 ], [ -50.513505374942802, -21.423273688372401 ], [ -50.5134396995267, -21.423247832916498 ], [ -50.513375544155103, -21.423216305317105 ], [ -50.513311280727699, -21.4231826252365 ], [ -50.513249150815703, -21.423149273044789 ], [ -50.513188934514098, -21.423112172048697 ], [ -50.513133284051605, -21.4230717763398 ], [ -50.513081161212, -21.423030379731998 ], [ -50.513020523038705, -21.42297915558099 ], [ -50.512964380217902, -21.4229244458175 ], [ -50.512909823568599, -21.422869630668394 ], [ -50.5128654314478, -21.422821136398404 ], [ -50.512813390263297, -21.422763728625497 ], [ -50.512761460100897, -21.422708893224293 ], [ -50.512709868925398, -21.422652207837803 ], [ -50.512656095784699, -21.422595214838289 ], [ -50.5126072196352, -21.422536970583689 ], [ -50.512566505100899, -21.422478111494591 ], [ -50.512525703540703, -21.422413873841805 ], [ -50.512490661179797, -21.422357968118888 ], [ -50.512456015133999, -21.4223006641359 ], [ -50.5124219075349, -21.422243830735404 ], [ -50.512386753571398, -21.4221887678206 ], [ -50.512344930541204, -21.42212658489289 ], [ -50.512297966302597, -21.422070413755495 ], [ -50.512251064677201, -21.422016710321206 ], [ -50.512202664424599, -21.421967796079297 ], [ -50.512152383623899, -21.421920015921106 ], [ -50.512103059194303, -21.421873669463086 ], [ -50.512052748945003, -21.421826294611105 ], [ -50.512003423416701, -21.421777345879494 ], [ -50.511956068036802, -21.421727567011192 ], [ -50.511906562903597, -21.421675251249194 ], [ -50.511857199732511, -21.421618123202894 ], [ -50.511814653733303, -21.421556710518782 ], [ -50.511781774900697, -21.421489437274708 ], [ -50.511757008501903, -21.421419203707206 ], [ -50.5117396309398, -21.421347871188495 ], [ -50.511727304417803, -21.421276974247093 ], [ -50.511720699235198, -21.421208844471188 ], [ -50.5117189807724, -21.421136616097797 ], [ -50.511735216327303, -21.421098109608788 ], [ -50.511680664634, -21.421071159375796 ], [ -50.511618614777802, -21.421041142451191 ], [ -50.5115538424958, -21.421007198385304 ], [ -50.511491626721799, -21.42097188424809 ], [ -50.5114297277145, -21.420934461864306 ], [ -50.511367802987898, -21.420895535458701 ], [ -50.511303262788203, -21.42085080479551 ], [ -50.511250038666198, -21.420808023824303 ], [ -50.5111984782408, -21.4207628208915 ], [ -50.511144926243297, -21.420708910028594 ], [ -50.511098129182798, -21.420657994916404 ], [ -50.511053781763295, -21.420604812626408 ], [ -50.511013533508006, -21.420548359445306 ], [ -50.51097553594591, -21.420490398833405 ], [ -50.510940096120997, -21.420434217353296 ], [ -50.510906934467499, -21.420378562417593 ], [ -50.510870517147097, -21.420318616040497 ], [ -50.510831164210309, -21.420258696023897 ], [ -50.510794929858797, -21.420204195019004 ], [ -50.510753488062797, -21.42014264699959 ], [ -50.510710936627099, -21.420081929049395 ], [ -50.510668964162697, -21.420024356432997 ], [ -50.510629537353999, -21.419970037403303 ], [ -50.510589241106999, -21.419912188702298 ], [ -50.510547678750399, -21.419855550749293 ], [ -50.510507106973598, -21.419800532113506 ], [ -50.510460310195597, -21.419729319813108 ], [ -50.510401032779107, -21.4197252238658 ], [ -50.510329441229302, -21.419719620685907 ], [ -50.510256555566798, -21.419713718807497 ], [ -50.5101843242171, -21.419707533102205 ], [ -50.510116303284299, -21.419701827169504 ], [ -50.510038858102803, -21.419695595013302 ], [ -50.509970858090298, -21.419691661626491 ], [ -50.509898499041299, -21.419686606000489 ], [ -50.509824631338702, -21.419681223944103 ], [ -50.509750850629899, -21.419675344828793 ], [ -50.509678457487503, -21.419671058318297 ], [ -50.509607853018203, -21.419666552283996 ], [ -50.509537054003601, -21.419662500927792 ], [ -50.509463931735603, -21.419658461204403 ], [ -50.509391026635804, -21.419653762744698 ], [ -50.509320451914, -21.419648440185 ], [ -50.509250915078802, -21.419644608520308 ], [ -50.509182944088003, -21.419641146596 ], [ -50.509114989207198, -21.419637235760206 ], [ -50.509045019981102, -21.419632744012095 ], [ -50.508973055924997, -21.4196280765944 ], [ -50.508898751017099, -21.4196230855278 ], [ -50.508821843709597, -21.4196177659494 ], [ -50.508743596222899, -21.419613734777698 ], [ -50.508664004337597, -21.419608541476197 ], [ -50.508584602633697, -21.419603433395903 ], [ -50.508506700020497, -21.419598731468387 ], [ -50.508426710332103, -21.419592201515197 ], [ -50.508357618659801, -21.419588209395798 ], [ -50.5082845781115, -21.419584110933492 ], [ -50.508210229173798, -21.419579924671289 ], [ -50.508135667235202, -21.4195742893518 ], [ -50.508060876430697, -21.41956962424721 ], [ -50.507985709536001, -21.419565019455099 ], [ -50.507910359042498, -21.41956005113089 ], [ -50.507835734641802, -21.419554005109099 ], [ -50.5077613559071, -21.419549167150208 ], [ -50.507687493442397, -21.419544982523195 ], [ -50.507645078451098, -21.4195421258996 ], [ -50.5076770166309, -21.4196211178851 ], [ -50.507710696673101, -21.419683473831981 ], [ -50.507747225859902, -21.419751195480398 ], [ -50.507778248406098, -21.419809048305797 ], [ -50.507808795143397, -21.419868860995489 ], [ -50.507837141027309, -21.419929180505999 ], [ -50.507865286241703, -21.419987404943402 ], [ -50.507897813627501, -21.420060458881693 ], [ -50.507922811678498, -21.420123004069399 ], [ -50.507948092243602, -21.420189047032505 ], [ -50.507973502171197, -21.420257457006297 ], [ -50.507996313846704, -21.420327634214296 ], [ -50.508015897665402, -21.420398135919697 ], [ -50.508032058351098, -21.420468997341697 ], [ -50.5080444520258, -21.42053993407789 ], [ -50.508053443317401, -21.420611152868094 ], [ -50.508059014131298, -21.420683286842003 ], [ -50.5080612398338, -21.420756198368807 ], [ -50.508059075373303, -21.420828527956299 ], [ -50.508053402832203, -21.420899386754392 ], [ -50.508045206393803, -21.4209692098757 ] ] ] } },
{ "type": "Feature", "properties": { "CHAVE": null, "FAZENDA": "Faz. ABC", "NOME_FAZ": null, "ZONA": null, "TALHAO": null, "AREA_TOTAL": null, "TIPO_GEO": "VOO_PROCESSADO", "DATA_INICI": "13-04-2026", "DATA_FINAL": "13-04-2026", "HORA_INICI": "14:41:19", "HORA_FINAL": "14:41:19", "CLASSE": "NÃO APLICADO DENTRO DO TALHÃO", "PILOTO": "valmir alves", "AERONAVE": "PS-CBA", "AREA_HA": 0.0031488230370650002 }, "geometry": { "type": "MultiPolygon", "coordinates": [ [ [ [ -50.513073146959321, -21.424545184762142 ], [ -50.513080563056697, -21.424548757687599 ], [ -50.513073146959329, -21.424545184762142 ], [ -50.513073146959321, -21.424545184762142 ] ] ], [ [ [ -50.512322590706496, -21.424472012272275 ], [ -50.512199536441791, -21.424462007822129 ], [ -50.512077590696755, -21.424452012267075 ], [ -50.511954536445913, -21.424442007818055 ], [ -50.511833253901919, -21.424432066623996 ], [ -50.511710971910624, -21.424423119158757 ], [ -50.51170953644985, -21.42442300781396 ], [ -50.511588253905288, -21.424413066619863 ], [ -50.511465874050295, -21.424404111964499 ], [ -50.5113438739317, -21.424395111953562 ], [ -50.511342645093912, -21.424395016676328 ], [ -50.511220972425882, -21.424385124587783 ], [ -50.511099301549287, -21.424377211032169 ], [ -50.511096536459384, -21.424377007803635 ], [ -50.510974590708663, -21.424367012248119 ], [ -50.510853015310502, -21.42435712806769 ], [ -50.51073038742139, -21.424349216588265 ], [ -50.510728774471083, -21.424349104574912 ], [ -50.510607774353488, -21.424340104563964 ], [ -50.510606752010723, -21.424340025320333 ], [ -50.510484025962747, -21.424330128056656 ], [ -50.510362301558366, -21.424322211019557 ], [ -50.510359536470816, -21.42432200779119 ], [ -50.510238918042113, -21.424312121033083 ], [ -50.510117301561351, -21.424304211015365 ], [ -50.510116068472797, -21.424304126167097 ], [ -50.509992068352219, -21.4242951261561 ], [ -50.509990426063304, -21.424294998697338 ], [ -50.509870905630102, -21.42428512097397 ], [ -50.509748387433199, -21.424277216571411 ], [ -50.509748125723647, -21.424277199477618 ], [ -50.509627125605775, -21.424269199467648 ], [ -50.509625972060505, -21.424269119132163 ], [ -50.509502971940933, -21.42426011912119 ], [ -50.509501536483732, -21.424260007776653 ], [ -50.50937959074006, -21.42425001222173 ], [ -50.509257928875179, -21.424240121011422 ], [ -50.509137214308524, -21.424232205299496 ], [ -50.509134536489519, -21.424232007770474 ], [ -50.509012536371245, -21.424222007758576 ], [ -50.509010000460762, -21.424221780140456 ], [ -50.508888267415188, -21.424209903744007 ], [ -50.508780550922467, -21.424201074520916 ], [ -50.50884182924635, -21.424207202352186 ], [ -50.508970262844038, -21.424219149661031 ], [ -50.508971520870233, -21.424219271560698 ], [ -50.509099834040377, -21.424232202343195 ], [ -50.509229146576644, -21.42424413888239 ], [ -50.509230149560508, -21.424244234562252 ], [ -50.509361648237217, -21.42425718518729 ], [ -50.509490521119055, -21.424269081143329 ], [ -50.509619895049035, -21.424280028165576 ], [ -50.509621146713201, -21.424280138887848 ], [ -50.509751032988149, -21.424292128387833 ], [ -50.509881780822603, -21.424304014552629 ], [ -50.510010640751958, -21.424313926852122 ], [ -50.510011895184455, -21.424314028169949 ], [ -50.510141173124715, -21.424324967070515 ], [ -50.510272450482574, -21.424334912322237 ], [ -50.510275146725888, -21.424335138877066 ], [ -50.510403943261714, -21.424347027786201 ], [ -50.51053159436168, -21.424356923217587 ], [ -50.51066345048865, -21.424366912315669 ], [ -50.510663640890392, -21.424366926850997 ], [ -50.510793012612893, -21.424376878519876 ], [ -50.510922383935245, -21.424385834993476 ], [ -50.510923640894106, -21.42438592684659 ], [ -50.511052926889803, -21.424395871921138 ], [ -50.511184212369407, -21.42440482320119 ], [ -50.511185640897821, -21.424404926842151 ], [ -50.511315640899753, -21.424414926839948 ], [ -50.51144501262231, -21.424424878508834 ], [ -50.511574383943696, -21.424433834982356 ], [ -50.511575640903473, -21.424433926835547 ], [ -50.511705640905447, -21.424443926833344 ], [ -50.511835640907364, -21.424453926831156 ], [ -50.511965640909317, -21.424463926828974 ], [ -50.512095640911255, -21.424473926826774 ], [ -50.512225640913222, -21.424483926824607 ], [ -50.512354383637927, -21.424493830109299 ], [ -50.51248312484293, -21.42450175264219 ], [ -50.512485837074003, -21.424501942027156 ], [ -50.5126137389394, -21.424511934358115 ], [ -50.512743012640371, -21.424521878486843 ], [ -50.512872383960733, -21.424530834960304 ], [ -50.512873640922393, -21.424530926813638 ], [ -50.512978146961125, -21.424538965738204 ], [ -50.512972541780201, -21.424536155053204 ], [ -50.5129391567799, -21.424520224429834 ], [ -50.512936588920461, -21.424520012210003 ], [ -50.512813982348938, -21.42451012458146 ], [ -50.512693214263621, -21.424502205360138 ], [ -50.512690645072027, -21.424502016698852 ], [ -50.51256764507405, -21.424492016696803 ], [ -50.512444536437698, -21.424482007826203 ], [ -50.512322590706496, -21.424472012272275 ] ] ], [ [ [ -50.513651560983398, -21.4245858472975 ], [ -50.51377956085885, -21.424594847286457 ], [ -50.513780640934947, -21.424594926798278 ], [ -50.513910640936906, -21.424604926796082 ], [ -50.514040640810663, -21.424614926784045 ], [ -50.514015359161512, -21.42490307321205 ], [ -50.51388535916346, -21.424893073209873 ], [ -50.513756709356834, -21.424883177068804 ], [ -50.513779153902099, -21.424894724506988 ], [ -50.513841454284602, -21.424926926417893 ], [ -50.513902469751599, -21.424956355318798 ], [ -50.513963949518001, -21.424987579167396 ], [ -50.514026356867099, -21.425018961884398 ], [ -50.514089486271203, -21.425050446587008 ], [ -50.514152539078502, -21.425083384597698 ], [ -50.514214842369, -21.425116079996805 ], [ -50.514276129824999, -21.425148525580202 ], [ -50.514335010220996, -21.425180989903595 ], [ -50.514404259921101, -21.4252202897367 ], [ -50.514465271916798, -21.425257067966704 ], [ -50.514527413400998, -21.425295680384597 ], [ -50.514587444320298, -21.425332848017089 ], [ -50.514647820441098, -21.425371941748793 ], [ -50.514730255211902, -21.425429622849794 ], [ -50.514760376422501, -21.425432158507512 ], [ -50.514843290795199, -21.425439253447905 ], [ -50.514915877854499, -21.425444901218889 ], [ -50.5149915729707, -21.425451019999002 ], [ -50.515061035114698, -21.425456404644894 ], [ -50.5151357302992, -21.425462202998109 ], [ -50.515204807350997, -21.425467416929397 ], [ -50.515273571703297, -21.425471879745292 ], [ -50.515348355187108, -21.425477444084997 ], [ -50.515425968579898, -21.425483362734795 ], [ -50.5155004408604, -21.425487317446297 ], [ -50.515568944163, -21.425493591598304 ], [ -50.515638746139601, -21.42549904144159 ], [ -50.5157084403683, -21.425504431251998 ], [ -50.5157798063873, -21.425509418127497 ], [ -50.515858051559299, -21.425515591974598 ], [ -50.515926589643101, -21.425521417144196 ], [ -50.5159944841092, -21.425526637680093 ], [ -50.516062871785806, -21.425530896710097 ], [ -50.516136309782397, -21.4255349336308 ], [ -50.516201132254608, -21.425532771184699 ], [ -50.516258984618304, -21.425516019040707 ], [ -50.516303173806499, -21.425477124627001 ], [ -50.516329141764999, -21.425423447145196 ], [ -50.516347750019001, -21.425359846803499 ], [ -50.516365209855898, -21.425291045340884 ], [ -50.516380251141399, -21.425226432514393 ], [ -50.516394123943101, -21.425156803764594 ], [ -50.516406599505302, -21.425088716804296 ], [ -50.516420795922507, -21.4250190073152 ], [ -50.516433701405802, -21.424953788555978 ], [ -50.516445363441697, -21.424891221436305 ], [ -50.516457938376298, -21.4248234347831 ], [ -50.5164734711094, -21.424753041658199 ], [ -50.5164932619453, -21.424682188150094 ], [ -50.5165130943845, -21.42461324078079 ], [ -50.516531426988898, -21.424546340680514 ], [ -50.516549725395201, -21.424479327468504 ], [ -50.516569107681001, -21.424409428814286 ], [ -50.516588178404902, -21.424335684674809 ], [ -50.516608291118096, -21.424264708242909 ], [ -50.5166271001859, -21.4242010238194 ], [ -50.516646885226898, -21.424135775381405 ], [ -50.5166653645677, -21.424065320481098 ], [ -50.516682936990797, -21.423995135648703 ], [ -50.516701030721308, -21.423933507180696 ], [ -50.516719760556597, -21.423864780788097 ], [ -50.516737027000403, -21.423800476077805 ], [ -50.516754638449697, -21.423731677685293 ], [ -50.516772571606403, -21.4236619619771 ], [ -50.516791800825203, -21.423593102430996 ], [ -50.516809953723502, -21.423529656861092 ], [ -50.516830140796898, -21.42346031381139 ], [ -50.516848921704401, -21.423388590675188 ], [ -50.5168669961894, -21.423324266098 ], [ -50.5168851322344, -21.423259540421704 ], [ -50.516904873343201, -21.423191118286994 ], [ -50.516923172374703, -21.423129301755296 ], [ -50.516939560211597, -21.423066251904192 ], [ -50.516957234358799, -21.42300101832269 ], [ -50.516973394840001, -21.422938215256096 ], [ -50.5169921130285, -21.422867068398407 ], [ -50.517008178147904, -21.422805359020092 ], [ -50.517025699226501, -21.422743235764592 ], [ -50.517041626731299, -21.422675874828101 ], [ -50.517060041443308, -21.4226102212215 ], [ -50.517078699230296, -21.422546077891905 ], [ -50.517096607771002, -21.422480971370796 ], [ -50.5171121268544, -21.422418499197597 ], [ -50.517106254296799, -21.422365025304298 ], [ -50.517059791337303, -21.422336859548793 ], [ -50.516997206093997, -21.422333887340503 ], [ -50.516928446030299, -21.422333994561104 ], [ -50.516857335712501, -21.422333282452708 ], [ -50.516788006593799, -21.422332360975592 ], [ -50.5167154910039, -21.422332494912098 ], [ -50.516646663766601, -21.422331888964305 ], [ -50.516576321098498, -21.422331082698989 ], [ -50.516504927681098, -21.42233210304169 ], [ -50.516436516516798, -21.422332240919499 ], [ -50.516368757212753, -21.422331823627836 ], [ -50.516350205376874, -21.422554660080159 ], [ -50.516455818054858, -21.422556465423146 ], [ -50.516571409114988, -21.422558441337088 ], [ -50.51668499994188, -21.422558441334509 ], [ -50.516687842339422, -21.422558465835806 ], [ -50.5168038422254, -21.422560465831715 ], [ -50.516798157765962, -21.422849534165657 ], [ -50.516683578732888, -21.422847558663474 ], [ -50.516569999941879, -21.422847558660891 ], [ -50.516567182051553, -21.42284753457832 ], [ -50.516450182051678, -21.422845534576176 ], [ -50.51633388636408, -21.422843546613827 ], [ -50.516238352226388, -21.422842730080777 ], [ -50.516253858839107, -21.422843943641492 ], [ -50.516228141132657, -21.423132056354579 ], [ -50.51611385103827, -21.423123111910609 ], [ -50.515999561574603, -21.423115161336959 ], [ -50.515884561576037, -21.423107161334997 ], [ -50.515769561464104, -21.423099161325148 ], [ -50.515765310454555, -21.423098810222328 ], [ -50.515652530389978, -21.423088022562716 ], [ -50.515633395980586, -21.423086714226546 ], [ -50.515612203286679, -21.423328262100068 ], [ -50.51562093711761, -21.423328949803128 ], [ -50.515596333733669, -21.423602899416156 ], [ -50.515705362827887, -21.423609767388651 ], [ -50.51568463714873, -21.423898232607865 ], [ -50.515557717065413, -21.423890237639725 ], [ -50.515428796983301, -21.423882242593557 ], [ -50.515427439271477, -21.423882152763639 ], [ -50.515299439146929, -21.423873152752609 ], [ -50.515298163180425, -21.42387305805358 ], [ -50.515171479241481, -21.4238631608691 ], [ -50.515043717755852, -21.423855237654205 ], [ -50.514915717631048, -21.423847237644125 ], [ -50.51491443927776, -21.423847152754927 ], [ -50.514787078267453, -21.423838197681846 ], [ -50.51465975738396, -21.423830240124122 ], [ -50.514530796992872, -21.423822242578183 ], [ -50.514530637161066, -21.42382223258808 ], [ -50.514403637037248, -21.423814232578003 ], [ -50.514402439283749, -21.423814152746164 ], [ -50.514275078272448, -21.423805197673012 ], [ -50.514147757392159, -21.423797240115501 ], [ -50.514070657378127, -21.423792458717884 ], [ -50.514087445538046, -21.42379407038101 ], [ -50.514209921300349, -21.423803868439762 ], [ -50.51433161314992, -21.423811783354214 ], [ -50.514456527898751, -21.423819777895876 ], [ -50.514459142834781, -21.42381996615757 ], [ -50.514583489936925, -21.423829913923761 ], [ -50.514707224735815, -21.423838822827044 ], [ -50.514830612529202, -21.423846783327416 ], [ -50.514954612408353, -21.423854783317385 ], [ -50.514955743320023, -21.423854860187063 ], [ -50.51508174319747, -21.423863860176059 ], [ -50.515083248056108, -21.423863974598017 ], [ -50.515205847379946, -21.42387386163859 ], [ -50.51533044473701, -21.423881772579144 ], [ -50.515333354963914, -21.423881983250208 ], [ -50.515454942445871, -21.423891868409683 ], [ -50.515578527911813, -21.42389977787677 ], [ -50.51558114285109, -21.423899966138698 ], [ -50.515706142729812, -21.423909966126775 ], [ -50.515683799674342, -21.424154827985298 ], [ -50.515744698322102, -21.424158788871768 ], [ -50.51572330165385, -21.424447211124669 ], [ -50.515600301533993, -21.424439211114681 ], [ -50.515599163332411, -21.42443913312578 ], [ -50.515474817418315, -21.42443018021801 ], [ -50.51535047190783, -21.424422222102873 ], [ -50.515347857201675, -21.424422033857645 ], [ -50.51522416370257, -21.424412138375988 ], [ -50.515122771511493, -21.42440564927356 ], [ -50.515182859539998, -21.424411022998754 ], [ -50.515308039258976, -21.424420957894544 ], [ -50.515308355062373, -21.424420983263929 ], [ -50.515431248948296, -21.4244309746346 ], [ -50.51555492140664, -21.424440868429471 ], [ -50.515676698364558, -21.424448788879406 ], [ -50.51565530161141, -21.424737211117041 ], [ -50.515532301491561, -21.424729211107035 ], [ -50.515529857146156, -21.424729033853541 ], [ -50.515404857024876, -21.424719033841605 ], [ -50.515404645027701, -21.424719016743953 ], [ -50.515281802796821, -21.424709029568572 ], [ -50.515155960590164, -21.424699042089543 ], [ -50.515154321057793, -21.424698903720238 ], [ -50.515032088698973, -21.424687972369167 ], [ -50.514907857033087, -21.424678033833381 ], [ -50.514907645036033, -21.424678016735747 ], [ -50.514784698436685, -21.424668021075071 ], [ -50.514660804484166, -21.424658029625071 ], [ -50.514536414349443, -21.424648078412257 ], [ -50.514413971870866, -21.424639119204119 ], [ -50.514412645044025, -21.424639016727518 ], [ -50.514289645046063, -21.424629016725472 ], [ -50.514166698441755, -21.424619021064398 ], [ -50.514042645050147, -21.424609016721373 ], [ -50.513920356404576, -21.424599074553146 ], [ -50.513797068298153, -21.424590126220366 ], [ -50.513795645054046, -21.424590016717261 ], [ -50.513672645056083, -21.424580016715218 ], [ -50.513549536419553, -21.424570007844611 ], [ -50.513427590672315, -21.424560012289394 ], [ -50.513304645062192, -21.424550016709105 ], [ -50.513181698454552, -21.424540021047768 ], [ -50.513057751849757, -21.424530025351572 ], [ -50.513057426014257, -21.424529998748799 ], [ -50.513038980003152, -21.424528474284749 ], [ -50.513051669474905, -21.424534837345302 ], [ -50.513073146959329, -21.424545184762142 ], [ -50.513131124850311, -21.424548752631097 ], [ -50.513133837083338, -21.424548942016209 ], [ -50.5132604818603, -21.424558836137642 ], [ -50.513389124853148, -21.424566752626678 ], [ -50.51339164092947, -21.424566926804843 ], [ -50.513520969461723, -21.424576875151416 ], [ -50.51365129753605, -21.424585828985983 ], [ -50.513651560983398, -21.4245858472975 ] ], [ [ -50.515323937488134, -21.424716949851991 ], [ -50.515450937364875, -21.424726949840011 ], [ -50.515425062606724, -21.42501505015602 ], [ -50.515298062483453, -21.425005050144055 ], [ -50.515323937488134, -21.424716949851991 ] ], [ [ -50.514813837108633, -21.42467694198805 ], [ -50.514941787620259, -21.4246869381195 ], [ -50.515070738153895, -21.424696934282583 ], [ -50.515045261818095, -21.424985065713511 ], [ -50.514916162987419, -21.424975058020021 ], [ -50.514788162989376, -21.424965058017882 ], [ -50.514660212346136, -21.424955061871614 ], [ -50.51453131042031, -21.42494506947196 ], [ -50.514401359027154, -21.424935073208594 ], [ -50.514398618958964, -21.424934839399324 ], [ -50.514270618835347, -21.424922839385438 ], [ -50.51430138113151, -21.424635160610126 ], [ -50.514428012088814, -21.424647032260609 ], [ -50.514556738273278, -21.424656934301019 ], [ -50.514685837106676, -21.424666941990182 ], [ -50.514813837108633, -21.42467694198805 ] ] ], [ [ [ -50.510832857323905, -21.423785033789081 ], [ -50.510709078729668, -21.423775131499756 ], [ -50.510587386880232, -21.423767216580117 ], [ -50.510462472010126, -21.423759222026142 ], [ -50.510461163450493, -21.423759133045667 ], [ -50.510336775302811, -21.423750177097023 ], [ -50.510213387632554, -21.42374221659972 ], [ -50.510089387511712, -21.423734216589693 ], [ -50.510088068565992, -21.423734126179735 ], [ -50.509964770059405, -21.423725177092617 ], [ -50.509840472017025, -21.423717222015387 ], [ -50.509838972151087, -21.423717119148961 ], [ -50.509716721819153, -21.423708174000783 ], [ -50.509652209611772, -21.423704045218201 ], [ -50.509653999577353, -21.423704219848965 ], [ -50.509775572391739, -21.423716080609651 ], [ -50.509899248022165, -21.423725974691294 ], [ -50.510023248024211, -21.423735974689205 ], [ -50.510146589971249, -21.423745921618444 ], [ -50.510269884090384, -21.42375487038268 ], [ -50.510394182491211, -21.423763819865535 ], [ -50.510518527886454, -21.423771777968359 ], [ -50.510520028001018, -21.423771880851774 ], [ -50.510642278214362, -21.423780825987414 ], [ -50.510766527889238, -21.423788777964081 ], [ -50.510769142822916, -21.423788966225587 ], [ -50.510892921294534, -21.423798868501539 ], [ -50.511013921460453, -21.423806738428691 ], [ -50.511139144029372, -21.42381369523552 ], [ -50.511140612519334, -21.423813783395513 ], [ -50.511264612520648, -21.423821783393365 ], [ -50.511388612399806, -21.423829783383319 ], [ -50.511389836706059, -21.423829866950747 ], [ -50.511416335268514, -21.423831774846832 ], [ -50.511329088871094, -21.423823972322094 ], [ -50.511204752105051, -21.423814025344392 ], [ -50.511080751984771, -21.423804025332462 ], [ -50.511079438565851, -21.423803914117542 ], [ -50.510957410961971, -21.423793089086693 ], [ -50.510835387503256, -21.42378521660256 ], [ -50.510832857323905, -21.423785033789081 ] ] ], [ [ [ -50.510778616476244, -21.42351873676953 ], [ -50.510758006418897, -21.423509764596403 ], [ -50.510778616476237, -21.42351873676953 ], [ -50.510778616476244, -21.42351873676953 ] ] ], [ [ [ -50.514432871440505, -21.423232865589 ], [ -50.51441712749709, -21.423244635420858 ], [ -50.514441067793435, -21.423246331976859 ], [ -50.514443416444465, -21.423224024482224 ], [ -50.514432871440505, -21.423232865589 ] ] ], [ [ [ -50.510126468595203, -21.423167925685981 ], [ -50.510183936249497, -21.42319679356039 ], [ -50.510126468595217, -21.423167925685981 ], [ -50.510126468595203, -21.423167925685981 ] ] ], [ [ [ -50.510033158553597, -21.423161557890694 ], [ -50.510027459966267, -21.423158644199187 ], [ -50.51002745996626, -21.423158644199187 ], [ -50.510033158553597, -21.423161557890694 ] ] ], [ [ [ -50.509809262640509, -21.422625149614369 ], [ -50.509936952567344, -21.422637027745278 ], [ -50.510065640463559, -21.422646926811396 ], [ -50.510068380705142, -21.422647160635336 ], [ -50.510195011700134, -21.422659032289335 ], [ -50.510323737919613, -21.422668934332414 ], [ -50.51045268919313, -21.422678930552866 ], [ -50.510582640471682, -21.422688926802682 ], [ -50.510582836752263, -21.422688942019136 ], [ -50.510710738626187, -21.422698934350777 ], [ -50.510840640603746, -21.422708926808216 ], [ -50.510969383359068, -21.422718830095253 ], [ -50.511098124722828, -21.422726752637899 ], [ -50.511228124596045, -21.42273475262774 ], [ -50.511230640608915, -21.422734926801525 ], [ -50.511360012345264, -21.422744878471477 ], [ -50.511488754383912, -21.422753791379517 ], [ -50.511618124600318, -21.422761752621035 ], [ -50.511620640614211, -21.422761926794887 ], [ -50.51174938336856, -21.422771830081839 ], [ -50.511878124603172, -21.42277975261657 ], [ -50.511879383814325, -21.422779834948205 ], [ -50.512009383687804, -21.422788834937105 ], [ -50.512010640619515, -21.422788926788236 ], [ -50.512139462036238, -21.422798836126127 ], [ -50.512266282110083, -21.422806762378009 ], [ -50.512247269646224, -21.423073469252298 ], [ -50.512322743067017, -21.423078860209429 ], [ -50.512323937193045, -21.423078949868255 ], [ -50.512450937195041, -21.423088949866113 ], [ -50.512578039142689, -21.423098957923102 ], [ -50.512703988109671, -21.423108953870621 ], [ -50.512830937201002, -21.423118949859756 ], [ -50.512958039148693, -21.423128957916759 ], [ -50.51308398811446, -21.423138953864179 ], [ -50.513210937081702, -21.423148949843547 ], [ -50.513185075816693, -21.423436906216995 ], [ -50.513275737932432, -21.423443934285949 ], [ -50.513275937259294, -21.423443949859305 ], [ -50.513402887013775, -21.423453945900711 ], [ -50.513529560344686, -21.42346384225289 ], [ -50.513656282205652, -21.42347176236645 ], [ -50.513658937264871, -21.423471949852871 ], [ -50.513785249219865, -21.42348189567409 ], [ -50.513912560684204, -21.423490847258879 ], [ -50.51391383689873, -21.423490941976262 ], [ -50.514040520719639, -21.423500839148009 ], [ -50.514072523702893, -21.423502823833275 ], [ -50.514085518008244, -21.423359277471999 ], [ -50.514017658689902, -21.423362912219499 ], [ -50.513940779867497, -21.423364289773595 ], [ -50.513858821617397, -21.423357773256893 ], [ -50.513787575477998, -21.4233450536844 ], [ -50.513716217035601, -21.423330116491595 ], [ -50.513643708964103, -21.423314088965594 ], [ -50.513573127682797, -21.423294759902983 ], [ -50.513505374942802, -21.423273688372401 ], [ -50.5134396995267, -21.423247832916498 ], [ -50.513375544155103, -21.423216305317105 ], [ -50.513311280727699, -21.4231826252365 ], [ -50.513249150815703, -21.423149273044789 ], [ -50.513188934514098, -21.423112172048697 ], [ -50.513133284051605, -21.4230717763398 ], [ -50.513081161212, -21.423030379731998 ], [ -50.513020523038705, -21.42297915558099 ], [ -50.512964380217902, -21.4229244458175 ], [ -50.512909823568599, -21.422869630668394 ], [ -50.5128654314478, -21.422821136398404 ], [ -50.512813390263297, -21.422763728625497 ], [ -50.512761460100897, -21.422708893224293 ], [ -50.512709868925398, -21.422652207837803 ], [ -50.512692299727739, -21.422633586621693 ], [ -50.512671473581797, -21.422839917258027 ], [ -50.512558536685262, -21.4228299228404 ], [ -50.512445979002507, -21.42282004935787 ], [ -50.512334360205912, -21.422812147139712 ], [ -50.512331473587999, -21.422811917252432 ], [ -50.51221991574689, -21.422802044875581 ], [ -50.512108360209133, -21.422794147135917 ], [ -50.512105599904118, -21.422793928377683 ], [ -50.511992257260623, -21.422783986038702 ], [ -50.511880637449941, -21.422775095963299 ], [ -50.511768460920813, -21.422767154259887 ], [ -50.511653561523453, -21.422759161256231 ], [ -50.511652029201223, -21.422759047474475 ], [ -50.511538694479931, -21.422750099994659 ], [ -50.511426360218451, -21.42274214712435 ], [ -50.511425029204617, -21.422742047470649 ], [ -50.511311795065048, -21.422733107931528 ], [ -50.511197561529471, -21.422725161248461 ], [ -50.511194473607418, -21.422724917233463 ], [ -50.511083016263143, -21.422715053750167 ], [ -50.510969561532647, -21.422707161244627 ], [ -50.510967915245836, -21.422707038425884 ], [ -50.510854915136214, -21.422698038415099 ], [ -50.510853724069008, -21.422697939199185 ], [ -50.510740041197081, -21.422688053730447 ], [ -50.510628360229532, -21.422680147110821 ], [ -50.510625724072952, -21.42267993919538 ], [ -50.510510599931528, -21.422669928351088 ], [ -50.510398079540522, -21.422660058139812 ], [ -50.51028456154225, -21.422652161233032 ], [ -50.51028172407905, -21.422651939189659 ], [ -50.510167319408509, -21.422641990955576 ], [ -50.510055738053197, -21.422633103943028 ], [ -50.509941561660341, -21.422625161235093 ], [ -50.509826561548429, -21.422617161225233 ], [ -50.509825141233911, -21.422617056247677 ], [ -50.509710851134457, -21.422608111803299 ], [ -50.509596561551433, -21.422600161221297 ], [ -50.509596360355204, -21.422600147101178 ], [ -50.509484172331881, -21.4225922045845 ], [ -50.509380540827173, -21.422585896577736 ], [ -50.509381850217693, -21.422587270692723 ], [ -50.509383569757361, -21.422589075230945 ], [ -50.509420640452994, -21.422591926822175 ], [ -50.509423380692269, -21.42259216064593 ], [ -50.509550109617898, -21.422604041480888 ], [ -50.509676836611348, -21.422613942024462 ], [ -50.509677894860701, -21.422614028133388 ], [ -50.509807894734784, -21.422625028120368 ], [ -50.509809262640509, -21.422625149614369 ] ] ], [ [ [ -50.514798118307802, -21.422332591800895 ], [ -50.514727469191001, -21.422329688199696 ], [ -50.514658538689901, -21.42232542305609 ], [ -50.514589175091302, -21.4223194881049 ], [ -50.514514597292397, -21.422311151870613 ], [ -50.514440831299702, -21.422301964983298 ], [ -50.514364948298599, -21.422291148275001 ], [ -50.514289568817702, -21.422283284746108 ], [ -50.514220402337301, -21.422275167719103 ], [ -50.514153014968798, -21.422270129393191 ], [ -50.514089255547098, -21.422280642071293 ], [ -50.514054484595697, -21.422310163574998 ], [ -50.5140390798623, -21.422349969451094 ], [ -50.514039270606702, -21.422408730983395 ], [ -50.514080407032701, -21.422462720834496 ], [ -50.51413543306851, -21.422503306476504 ], [ -50.514192977136197, -21.422537296079497 ], [ -50.514252763941798, -21.422571591607696 ], [ -50.514314879879201, -21.422608075887695 ], [ -50.514375677338897, -21.422644630187193 ], [ -50.514443088796803, -21.422688677892896 ], [ -50.514502111276201, -21.422732007326196 ], [ -50.514552863917409, -21.422789856125693 ], [ -50.5145666442167, -21.422861626382197 ], [ -50.514568264089803, -21.422927244772406 ], [ -50.514566290215399, -21.422998123160891 ], [ -50.514566284125145, -21.422998197623471 ], [ -50.514596894417664, -21.423001023188498 ], [ -50.514725640534202, -21.423010926733124 ], [ -50.514727110252139, -21.423011046409897 ], [ -50.514854375701475, -21.423021983282446 ], [ -50.514983640666443, -21.423031926738702 ], [ -50.515072085780886, -21.42303873020747 ], [ -50.515100034088157, -21.422752039873043 ], [ -50.515160447142769, -21.422757203380911 ], [ -50.515171979366684, -21.422518589155494 ], [ -50.515290099446936, -21.42252359428543 ], [ -50.515404663243388, -21.422528532378532 ], [ -50.515520226057248, -21.422531495525003 ], [ -50.515522920837412, -21.422531586679511 ], [ -50.515641301328785, -21.422536560647821 ], [ -50.515756657427481, -21.422540538442043 ], [ -50.515873633237803, -21.422544537612922 ], [ -50.515989911862157, -21.422548512948662 ], [ -50.516106516371742, -21.422551477467955 ], [ -50.516109501643392, -21.422551528938104 ], [ -50.516076869194727, -21.4225491117191 ], [ -50.515940913609036, -21.42253911498242 ], [ -50.515938620798138, -21.422538930283125 ], [ -50.515802766470202, -21.422527030631997 ], [ -50.515667824773168, -21.422517108421321 ], [ -50.515532824641966, -21.422507108409189 ], [ -50.515530620805187, -21.422506930276395 ], [ -50.515393620672612, -21.422494930262332 ], [ -50.515409670503942, -21.422334278869457 ], [ -50.515362629327903, -21.422335642474295 ], [ -50.51529052908181, -21.4223355067334 ], [ -50.515219029260301, -21.4223336783032 ], [ -50.515148484119706, -21.422332249664397 ], [ -50.515079701426203, -21.422332131565199 ], [ -50.515010577658103, -21.422332645688304 ], [ -50.514940473748197, -21.422332225786093 ], [ -50.514866659597203, -21.422332535582704 ], [ -50.514798118307802, -21.422332591800895 ] ] ], [ [ [ -50.509302588871627, -21.422033849305166 ], [ -50.50941586499232, -21.4220417985048 ], [ -50.509528191413558, -21.422048756776412 ], [ -50.509529639688182, -21.422048852898676 ], [ -50.509642588861979, -21.42205684929835 ], [ -50.509756538049935, -21.422064845730503 ], [ -50.509759526395939, -21.422065082789867 ], [ -50.509871805833868, -21.422075019021523 ], [ -50.509983362450811, -21.422083904059786 ], [ -50.510095639584549, -21.422091852881152 ], [ -50.510098654937423, -21.422092094209869 ], [ -50.510209148526428, -21.422101959707391 ], [ -50.510320639587746, -21.422109852877348 ], [ -50.510323400095729, -21.422110071651588 ], [ -50.510436859565097, -21.422120024234729 ], [ -50.510547318695416, -21.422128980378279 ], [ -50.510548400099893, -21.422129071647845 ], [ -50.510661124999153, -21.422138959795298 ], [ -50.510770848094424, -21.422146867763725 ], [ -50.510773400103872, -21.422147071644108 ], [ -50.510887399993564, -21.422157071632373 ], [ -50.510887785771949, -21.422157105929827 ], [ -50.510997163389128, -21.422166959767761 ], [ -50.511109538069363, -21.422174845707659 ], [ -50.511112785776035, -21.422175105926087 ], [ -50.511223720319123, -21.422185100027079 ], [ -50.511335654849908, -21.422195094179553 ], [ -50.511337105220967, -21.422195230148755 ], [ -50.511448316174416, -21.422206152651345 ], [ -50.511560654965059, -21.422216094185782 ], [ -50.511672785787425, -21.422226105916966 ], [ -50.511783720318746, -21.422236100016899 ], [ -50.511895654861178, -21.422246094170426 ], [ -50.511897105233373, -21.422246230139738 ], [ -50.512008512274441, -21.422257171900881 ], [ -50.512117852321943, -21.422267111903047 ], [ -50.5122287203382, -21.422277100010618 ], [ -50.512340654980768, -21.422287094173068 ], [ -50.512452654872462, -21.42229709416138 ], [ -50.512429047698724, -21.422528908284178 ], [ -50.512470639658261, -21.42253185284676 ], [ -50.512473400182877, -21.4225320716223 ], [ -50.512587526496027, -21.42254208274942 ], [ -50.512613433447861, -21.42254437539955 ], [ -50.5126072196352, -21.422536970583689 ], [ -50.512566505100899, -21.422478111494591 ], [ -50.512525703540703, -21.422413873841805 ], [ -50.512490661179797, -21.422357968118888 ], [ -50.512456015133999, -21.4223006641359 ], [ -50.5124219075349, -21.422243830735404 ], [ -50.512386753571398, -21.4221887678206 ], [ -50.512344930541204, -21.42212658489289 ], [ -50.512297966302597, -21.422070413755495 ], [ -50.512251064677201, -21.422016710321206 ], [ -50.512202664424599, -21.421967796079297 ], [ -50.512152383623899, -21.421920015921106 ], [ -50.512103059194303, -21.421873669463086 ], [ -50.512052748945003, -21.421826294611105 ], [ -50.512003423416701, -21.421777345879494 ], [ -50.511956068036802, -21.421727567011192 ], [ -50.511906562903597, -21.421675251249194 ], [ -50.511857199732511, -21.421618123202894 ], [ -50.511814653733303, -21.421556710518782 ], [ -50.511781774900697, -21.421489437274708 ], [ -50.511780144634209, -21.421484814098257 ], [ -50.511764524856737, -21.421628610183546 ], [ -50.511833640297596, -21.421633926754669 ], [ -50.511808359674554, -21.421922073241426 ], [ -50.511691960481102, -21.421913119455432 ], [ -50.511577561657383, -21.421905161274125 ], [ -50.511574846251655, -21.421904949798421 ], [ -50.511460300060783, -21.421895075125224 ], [ -50.511344756139664, -21.42188717468359 ], [ -50.51134172422644, -21.421886939229083 ], [ -50.511227541518721, -21.421877010296193 ], [ -50.511111359569689, -21.421868073220814 ], [ -50.511109724230614, -21.421867939225233 ], [ -50.510994785190491, -21.421857944524042 ], [ -50.510880202968615, -21.421848066744662 ], [ -50.510766561668774, -21.42184016126043 ], [ -50.510763724236689, -21.421839939219492 ], [ -50.51065023895616, -21.421830070932685 ], [ -50.510534756150868, -21.421822174669895 ], [ -50.510531724240614, -21.421821939215622 ], [ -50.510417432464443, -21.42181200079845 ], [ -50.510303141262987, -21.421803056267333 ], [ -50.510301966242864, -21.421802960075151 ], [ -50.51018626305342, -21.421793070912024 ], [ -50.510072462013603, -21.421785154285043 ], [ -50.509958461902691, -21.421777154275212 ], [ -50.509957141381548, -21.421777056270358 ], [ -50.50984285127376, -21.421768111825326 ], [ -50.509728610771361, -21.421760164657634 ], [ -50.509613322247134, -21.421752213723067 ], [ -50.5094989850232, -21.421745254063662 ], [ -50.509497561798867, -21.421745161246651 ], [ -50.509383273183268, -21.421737210732463 ], [ -50.509268985025564, -21.421730254059675 ], [ -50.509267462023473, -21.421730154271184 ], [ -50.509154223262279, -21.421722207689662 ], [ -50.509040697838522, -21.421715297444404 ], [ -50.508953176538306, -21.421710731113926 ], [ -50.509009998444434, -21.421714878697294 ], [ -50.509012590321696, -21.421715088470833 ], [ -50.509146295330062, -21.421726973358549 ], [ -50.509281998448479, -21.421736878692684 ], [ -50.509282175240855, -21.421736891692813 ], [ -50.509417175109661, -21.421746891680652 ], [ -50.509419483995721, -21.421747079046902 ], [ -50.509554242090346, -21.421758969465078 ], [ -50.509689998454377, -21.421768878685775 ], [ -50.509690175246838, -21.421768891685918 ], [ -50.509825086853219, -21.421778885135836 ], [ -50.509962086278364, -21.421788885114932 ], [ -50.510098042365897, -21.421798881883635 ], [ -50.510235086282094, -21.421808885110277 ], [ -50.510371175256267, -21.421818891674302 ], [ -50.510506086866123, -21.421828885124505 ], [ -50.510642998602407, -21.421838878679374 ], [ -50.510779998604249, -21.42184887867705 ], [ -50.510916955336917, -21.421858875516389 ], [ -50.511054998607982, -21.42186887867237 ], [ -50.511192086295182, -21.421878885093978 ], [ -50.511328042401004, -21.421888881864035 ], [ -50.511465086298927, -21.421898885089348 ], [ -50.511601086166728, -21.421908885077187 ], [ -50.511576913806493, -21.422197114919015 ], [ -50.511440957582764, -21.422187118135433 ], [ -50.511303913810245, -21.422177114914387 ], [ -50.511167957574337, -21.422167118129909 ], [ -50.511031044645023, -21.422157124482968 ], [ -50.510893001502332, -21.422147121331363 ], [ -50.510756001504177, -21.42213712132903 ], [ -50.510619001506036, -21.422127121326685 ], [ -50.510482001372857, -21.422117121314518 ], [ -50.510481824847979, -21.422117108334035 ], [ -50.510346869264374, -21.422107111621717 ], [ -50.5102109576072, -21.422097118115062 ], [ -50.510073913827057, -21.422087114893444 ], [ -50.509937957612955, -21.422077118110554 ], [ -50.509801001382122, -21.422067121302895 ], [ -50.509800824857408, -21.422067108322434 ], [ -50.509665913119051, -21.422057114857939 ], [ -50.509529001385829, -21.422047121298259 ], [ -50.509526516104408, -21.422046920962909 ], [ -50.509391669667167, -21.42203502274587 ], [ -50.509257913122433, -21.422025114850822 ], [ -50.509121001391726, -21.422015121291317 ], [ -50.509118409777237, -21.422014911538938 ], [ -50.50898470464368, -21.422003026636283 ], [ -50.508849001530798, -21.421993121296602 ], [ -50.508765730946152, -21.42198704315021 ], [ -50.508769803380552, -21.421990816400815 ], [ -50.508776148771176, -21.421996695623584 ], [ -50.508849538038618, -21.422001845746127 ], [ -50.508851084758533, -21.422001961609062 ], [ -50.508961914820425, -21.422010788780842 ], [ -50.50907274053899, -21.422016673329551 ], [ -50.509076970797715, -21.422016952568189 ], [ -50.509190305415125, -21.42202590003615 ], [ -50.509302588871627, -21.422033849305166 ] ] ], [ [ [ -50.514855814234799, -21.421320472509795 ], [ -50.514690825154482, -21.42134164372526 ], [ -50.514690825154489, -21.42134164372526 ], [ -50.514855814234799, -21.421320472509795 ] ] ], [ [ [ -50.513788495008598, -21.421365706950489 ], [ -50.513858267274507, -21.421368025482202 ], [ -50.513933769709404, -21.421369035904696 ], [ -50.5140061461166, -21.421368945802797 ], [ -50.51407878685621, -21.421373176420701 ], [ -50.514151450455003, -21.421374156904104 ], [ -50.514222623400499, -21.421373563948595 ], [ -50.5142991334789, -21.421371439912502 ], [ -50.514369326717897, -21.421368126775295 ], [ -50.514443558613202, -21.421365054374903 ], [ -50.514518286108199, -21.421359848236893 ], [ -50.514592884970199, -21.421354211300905 ], [ -50.514690825154482, -21.42134164372526 ], [ -50.514659724213843, -21.42133893929503 ], [ -50.514659473876222, -21.421338917333891 ], [ -50.514546599038631, -21.421328928408233 ], [ -50.514431724218184, -21.421318939291304 ], [ -50.514430036096186, -21.421318783734183 ], [ -50.514317879704002, -21.421307865853546 ], [ -50.514203724336156, -21.421297939297478 ], [ -50.514090092133465, -21.421288058234804 ], [ -50.513977461975237, -21.421280154361575 ], [ -50.513974724340102, -21.421279939293683 ], [ -50.513861041443725, -21.421270053822855 ], [ -50.513749360450888, -21.421262147201436 ], [ -50.513747915499899, -21.421262038512815 ], [ -50.513635738278943, -21.421253104042165 ], [ -50.513521462093806, -21.421245154361753 ], [ -50.513407360566745, -21.421237147203527 ], [ -50.513294360456811, -21.421229147193699 ], [ -50.513292915506582, -21.421229038505157 ], [ -50.513182085310049, -21.42122021132009 ], [ -50.513159434636911, -21.421219008628931 ], [ -50.513163632197603, -21.421220374630003 ], [ -50.513234176023197, -21.421242566128093 ], [ -50.5133007588813, -21.421267268650691 ], [ -50.5133665214845, -21.421286781658996 ], [ -50.513433405001798, -21.4213047170933 ], [ -50.5135026813984, -21.421322325945493 ], [ -50.513714984346606, -21.421358764268302 ], [ -50.513788495008598, -21.421365706950489 ] ] ], [ [ [ -50.511250038666198, -21.420808023824303 ], [ -50.511291334227877, -21.420841216748272 ], [ -50.511291334227884, -21.420841216748272 ], [ -50.511250038666198, -21.420808023824303 ] ] ], [ [ [ -50.515619467142102, -21.420920637653197 ], [ -50.515661400271, -21.420871288571302 ], [ -50.5157095915093, -21.420823286321493 ], [ -50.515761883826599, -21.420774123800395 ], [ -50.515816041457498, -21.420726476984399 ], [ -50.5158698736224, -21.420679685778993 ], [ -50.515922875925099, -21.420634820078199 ], [ -50.515976138798798, -21.420589849656608 ], [ -50.516028629086897, -21.420547039996997 ], [ -50.516082659189998, -21.420507329368892 ], [ -50.516140653407, -21.420465801760699 ], [ -50.516198773338999, -21.420425603734 ], [ -50.516456339979598, -21.420320432674586 ], [ -50.516484329840502, -21.420309373926006 ], [ -50.516496858927603, -21.420289946110785 ], [ -50.516494059273498, -21.420271865386397 ], [ -50.516486215361297, -21.420262056012096 ], [ -50.5164491240673, -21.420243391905995 ], [ -50.516380740490597, -21.420237714411293 ], [ -50.516312397973998, -21.420228599866899 ], [ -50.516240802517203, -21.420222179318497 ], [ -50.516169704757402, -21.420215860285488 ], [ -50.516100674161301, -21.420210558081497 ], [ -50.516030056043199, -21.420203612108612 ], [ -50.515959937388502, -21.420198087827696 ], [ -50.515890872132097, -21.4201920914754 ], [ -50.515821843352299, -21.420185486159593 ], [ -50.515751660784098, -21.420178041000401 ], [ -50.515680797755003, -21.420172732860799 ], [ -50.515608726674898, -21.420167892441203 ], [ -50.515539957314402, -21.420162094218092 ], [ -50.515469788834999, -21.420156047347888 ], [ -50.515394825082701, -21.420149073905993 ], [ -50.515321112720301, -21.420144293757588 ], [ -50.515245655880499, -21.420137843679594 ], [ -50.515170047069098, -21.420132340516407 ], [ -50.5150919659186, -21.420124791042202 ], [ -50.515017893416299, -21.420119697332698 ], [ -50.514945499462904, -21.420113625866605 ], [ -50.514866319856999, -21.420106619137393 ], [ -50.514793487092199, -21.420098891033593 ], [ -50.5147197304141, -21.420094259987199 ], [ -50.5146492576988, -21.420088945877307 ], [ -50.51457439855271, -21.420083717793897 ], [ -50.514503893826003, -21.420076863299496 ], [ -50.514429962774109, -21.420069573629593 ], [ -50.514357622944601, -21.420063807222686 ], [ -50.514287859871402, -21.420057714043587 ], [ -50.514217232984201, -21.420052071181406 ], [ -50.514141419035198, -21.420046413666295 ], [ -50.5140629292695, -21.420038345832385 ], [ -50.513984917262, -21.420029906977103 ], [ -50.513915548796497, -21.420023377760405 ], [ -50.513844420238904, -21.420016803636898 ], [ -50.513768221389903, -21.420011301756205 ], [ -50.513690882570003, -21.420004667413302 ], [ -50.5136228070212, -21.420000875666808 ], [ -50.513550700750898, -21.419994927421701 ], [ -50.513480099973897, -21.419990062432898 ], [ -50.513409147338997, -21.419985375653496 ], [ -50.513335122542102, -21.419980344316702 ], [ -50.513259028261899, -21.419974202927495 ], [ -50.513182455579297, -21.419966141058492 ], [ -50.513108892881, -21.419957849755093 ], [ -50.513038100348503, -21.419950953755396 ], [ -50.512963967068998, -21.419945053763293 ], [ -50.512888232353603, -21.419937528148601 ], [ -50.512811949866403, -21.419931052699994 ], [ -50.512733335392198, -21.419924806923895 ], [ -50.512653516804299, -21.419918967503293 ], [ -50.5125747867258, -21.419912097303897 ], [ -50.512502359773897, -21.419905233530987 ], [ -50.512422800223, -21.419898777242793 ], [ -50.512343476243103, -21.419892190505294 ], [ -50.512275030663602, -21.419885515976606 ], [ -50.512204998302103, -21.419879244115094 ], [ -50.512133066428298, -21.419873990430293 ], [ -50.512059511407408, -21.419868050985702 ], [ -50.511985899125499, -21.419862074453899 ], [ -50.511910928031497, -21.419855407370704 ], [ -50.511835350847598, -21.419848705950589 ], [ -50.511759393074001, -21.419843227249196 ], [ -50.511683433863702, -21.419837568872293 ], [ -50.511608099073598, -21.419830479036399 ], [ -50.5115354165724, -21.419822648276906 ], [ -50.511464335446099, -21.4198157975218 ], [ -50.511389624998102, -21.419808951144706 ], [ -50.511322271085, -21.419804042422708 ], [ -50.511251027121908, -21.419797909727293 ], [ -50.511183600930799, -21.419792439748498 ], [ -50.511115205769897, -21.419786045238993 ], [ -50.511043006728002, -21.419778297158302 ], [ -50.510828516618503, -21.419759619264305 ], [ -50.510755767236702, -21.419752585424092 ], [ -50.510687338103899, -21.419747272353501 ], [ -50.510616957171599, -21.419741354196294 ], [ -50.510543854272498, -21.419735456663709 ], [ -50.510507913251701, -21.419732798541393 ], [ -50.510539444933606, -21.419780781384297 ], [ -50.510579463719203, -21.419835050102495 ], [ -50.510621314181805, -21.419892080646896 ], [ -50.510661664199709, -21.419950006522303 ], [ -50.510700862956497, -21.420004011344307 ], [ -50.510743011798709, -21.420061825876303 ], [ -50.510785949208305, -21.420123094565099 ], [ -50.510827637066498, -21.420185008007596 ], [ -50.510863985436004, -21.420239680491303 ], [ -50.5109037390352, -21.420300210548099 ], [ -50.510940561367001, -21.420360823589498 ], [ -50.510973569419001, -21.4204162207159 ], [ -50.511008600593001, -21.42047175435621 ], [ -50.511046041790102, -21.420528866281998 ], [ -50.51104804412202, -21.420531674800561 ], [ -50.511107118889115, -21.420537045233004 ], [ -50.511216530920201, -21.420545916476794 ], [ -50.511327742666325, -21.420553860170674 ], [ -50.51132795501087, -21.420553875476021 ], [ -50.511437118735643, -21.420561814654313 ], [ -50.511548281801673, -21.42056876234367 ], [ -50.511549955013656, -21.420568875472217 ], [ -50.511659848852865, -21.420576867749475 ], [ -50.511771105528744, -21.42058481465309 ], [ -50.511880467897434, -21.420591774074364 ], [ -50.511883318527069, -21.420591980324435 ], [ -50.511992150455818, -21.420600804533642 ], [ -50.512099977954811, -21.420606686030954 ], [ -50.51210420048897, -21.42060697079248 ], [ -50.51221409130725, -21.420615801303374 ], [ -50.512321977956901, -21.420621686027104 ], [ -50.512324742789154, -21.420621860161493 ], [ -50.512436153303781, -21.420629818053591 ], [ -50.512544563494032, -21.420636780173773 ], [ -50.512547438699706, -21.420636990100462 ], [ -50.512656591076208, -21.420645920747749 ], [ -50.512767742684616, -21.420653860146071 ], [ -50.512767955029481, -21.420653875451436 ], [ -50.512877954922537, -21.420661875441688 ], [ -50.512879200500244, -21.420661970779374 ], [ -50.512990577917371, -21.420670920748599 ], [ -50.513099901445294, -21.420678871548471 ], [ -50.513210847861295, -21.420686867684555 ], [ -50.513213918642215, -21.420687117899107 ], [ -50.513323059960115, -21.42069703983541 ], [ -50.513433577925305, -21.42070592074128 ], [ -50.513542954932078, -21.420713875430515 ], [ -50.513545654667887, -21.420714094109627 ], [ -50.513656305825251, -21.420723973675702 ], [ -50.513764954935354, -21.420731875426775 ], [ -50.513767918652462, -21.42073211788999 ], [ -50.513877059969616, -21.420742039826237 ], [ -50.51398757793342, -21.420750920731994 ], [ -50.51409690146825, -21.420758871532374 ], [ -50.514207955050189, -21.420766875427244 ], [ -50.514317954943252, -21.420774875417486 ], [ -50.514319200523119, -21.420774970755335 ], [ -50.514430577939628, -21.420783920724514 ], [ -50.514539955054786, -21.420791875421649 ], [ -50.514649954947856, -21.420799875411902 ], [ -50.514651318569747, -21.420799980278026 ], [ -50.514761637008235, -21.42080892501453 ], [ -50.514870954951007, -21.420816875408189 ], [ -50.514872438736873, -21.420816990061663 ], [ -50.514981751605632, -21.420825933840113 ], [ -50.515090009521643, -21.420833879373102 ], [ -50.515199954955584, -21.420841875402665 ], [ -50.515176045017931, -21.421130124593574 ], [ -50.515065936006422, -21.421122116627167 ], [ -50.515028667009901, -21.421119381287308 ], [ -50.515012252451278, -21.421283447556036 ], [ -50.515062683388102, -21.421269857605402 ], [ -50.515127176045802, -21.421250362060693 ], [ -50.515190810540702, -21.421225984324604 ], [ -50.515366151016998, -21.4211237791767 ], [ -50.515419238590503, -21.421083815914994 ], [ -50.515468721420909, -21.421040486352293 ], [ -50.515619467142102, -21.420920637653197 ] ] ], [ [ [ -50.504854043896998, -21.4244534180527 ], [ -50.504921354491103, -21.424494824957605 ], [ -50.5049874330686, -21.424535354669288 ], [ -50.505054237341596, -21.4245734411877 ], [ -50.505117073141903, -21.424609529499008 ], [ -50.5051762907, -21.424645333826501 ], [ -50.505235340989401, -21.424681099227001 ], [ -50.5052939367148, -21.424713419537596 ], [ -50.505353248832797, -21.424741450609396 ], [ -50.505421078941097, -21.424761307130598 ], [ -50.50548797234481, -21.424772407867312 ], [ -50.505560104274899, -21.424777844202701 ], [ -50.5056333230538, -21.424782888761001 ], [ -50.505705054247798, -21.424787737569691 ], [ -50.50577887036961, -21.424793069663906 ], [ -50.505851051260201, -21.424798001680198 ], [ -50.505928834652302, -21.424802898801598 ], [ -50.506006762331502, -21.424808942101393 ], [ -50.506080476791503, -21.424814845109694 ], [ -50.5061480584829, -21.424819538971004 ], [ -50.506219730218596, -21.4248238201764 ], [ -50.5062933233338, -21.424828319192898 ], [ -50.506364998985099, -21.424834723359208 ], [ -50.506437505571398, -21.424841718314696 ], [ -50.5065085630049, -21.424847772884394 ], [ -50.506581483967501, -21.424853950124213 ], [ -50.506653744576603, -21.424858522654702 ], [ -50.506723408392411, -21.424862939628802 ], [ -50.506795188250798, -21.424868700593805 ], [ -50.506865846410498, -21.424873373256901 ], [ -50.506937072527798, -21.424879242111899 ], [ -50.507014398972409, -21.424883811157592 ], [ -50.507086790741198, -21.424888086716685 ], [ -50.507155961155199, -21.424892878635099 ], [ -50.507230890523303, -21.424899151916101 ], [ -50.50730523745171, -21.424905883328485 ], [ -50.5073787306169, -21.424911915082298 ], [ -50.507456269407797, -21.4249169205812 ], [ -50.507524742340799, -21.424921396460185 ], [ -50.507595656950208, -21.424926093360099 ], [ -50.507672553576803, -21.424930824319603 ], [ -50.507752603469001, -21.42493686626899 ], [ -50.507824002652001, -21.424940992394298 ], [ -50.507899330014801, -21.424946028473801 ], [ -50.507974982606299, -21.424951347107495 ], [ -50.5080524068727, -21.424956601837991 ], [ -50.508128481198902, -21.424963435903202 ], [ -50.508203823652799, -21.424969069845496 ], [ -50.508278342706099, -21.424973091899304 ], [ -50.508350055956598, -21.424978396785605 ], [ -50.508419750839103, -21.424985507580402 ], [ -50.508490707208097, -21.424990371349104 ], [ -50.508562723149801, -21.424995076608994 ], [ -50.508634762481798, -21.424999401517304 ], [ -50.508705736794298, -21.425005463651608 ], [ -50.508777512729502, -21.425010484073308 ], [ -50.508850353288601, -21.42501513721459 ], [ -50.508924051415597, -21.42501962582099 ], [ -50.508997436208197, -21.425024191197604 ], [ -50.509067112566299, -21.425028945993589 ], [ -50.509134495795301, -21.425033743495597 ], [ -50.509205244024301, -21.425038697789805 ], [ -50.5092776344936, -21.425043283216695 ], [ -50.509352992833001, -21.425048613002698 ], [ -50.509428698652997, -21.425053877836504 ], [ -50.509502814931103, -21.425060279966701 ], [ -50.5095763521755, -21.425065061958605 ], [ -50.509650368564401, -21.425070871178086 ], [ -50.509723979832899, -21.425077374866799 ], [ -50.509799266640407, -21.425082494567601 ], [ -50.509876378582099, -21.425087491964007 ], [ -50.5099536061349, -21.425092902903895 ], [ -50.510029793444303, -21.425098725766492 ], [ -50.510103717625398, -21.42510374094649 ], [ -50.510173738507305, -21.425108288020386 ], [ -50.510242513626203, -21.425112574468702 ], [ -50.510311044510402, -21.425116182710099 ], [ -50.5103784657624, -21.425121809878981 ], [ -50.510445652610201, -21.425125354312698 ], [ -50.510516143435296, -21.425129449443393 ], [ -50.510587849253703, -21.425134900958792 ], [ -50.510659396579001, -21.425140955114493 ], [ -50.510732562058308, -21.425147269922402 ], [ -50.510807306269697, -21.425152225794292 ], [ -50.510879629990299, -21.42515681388079 ], [ -50.510949439449902, -21.4251618911888 ], [ -50.511019139303009, -21.425166669020893 ], [ -50.511091198448497, -21.425171226825501 ], [ -50.511163836194498, -21.425177467237603 ], [ -50.511236711493503, -21.425183035705398 ], [ -50.511310907039302, -21.425189220942187 ], [ -50.5113849063572, -21.425195387190598 ], [ -50.511458619033199, -21.425199584314392 ], [ -50.511532528273307, -21.425205436922493 ], [ -50.511606854664301, -21.425211340350693 ], [ -50.511682066941397, -21.425216766407789 ], [ -50.511757655985697, -21.425222087880602 ], [ -50.511832847327298, -21.425227119033199 ], [ -50.511907437335999, -21.425231957883888 ], [ -50.512109264811997, -21.425246939497484 ], [ -50.512180072430702, -21.425251627973196 ], [ -50.512251853944498, -21.425256056672207 ], [ -50.512321092120004, -21.425261723292387 ], [ -50.512393700188099, -21.425266916312804 ], [ -50.512466218173408, -21.425272267040903 ], [ -50.512533799275701, -21.425276985287297 ], [ -50.512606388063503, -21.425280858868 ], [ -50.5126861366331, -21.425285526756301 ], [ -50.512756611224198, -21.425290369243093 ], [ -50.5128280257399, -21.425295779074897 ], [ -50.512899380178602, -21.42530222465739 ], [ -50.512971844729996, -21.425307301603102 ], [ -50.5130441185702, -21.425311546845201 ], [ -50.513114954273199, -21.425316076113496 ], [ -50.5131845120953, -21.425319674856304 ], [ -50.513257521022403, -21.425324261402494 ], [ -50.513333936127097, -21.425330651350002 ], [ -50.513413657652897, -21.425337123128994 ], [ -50.513495702921702, -21.425342750468982 ], [ -50.513577510473901, -21.425349905101903 ], [ -50.513657141503998, -21.425355857948393 ], [ -50.513731578717099, -21.425360787811897 ], [ -50.513801417004409, -21.425365740715591 ], [ -50.5138797135711, -21.425367635893604 ], [ -50.513948706100699, -21.425371416515596 ], [ -50.514023276071811, -21.425377381033801 ], [ -50.514101263817402, -21.425384533356198 ], [ -50.514180603107398, -21.425390552770299 ], [ -50.514261313701397, -21.425395766378685 ], [ -50.514336482799898, -21.425401623311696 ], [ -50.514409484236907, -21.425407330670705 ], [ -50.514478789631397, -21.4254129354659 ], [ -50.5145503160632, -21.425418617561196 ], [ -50.5146218164681, -21.425421064433895 ], [ -50.514657433013497, -21.425423783888291 ], [ -50.514625283842804, -21.425401288519101 ], [ -50.514565821004801, -21.425362786137089 ], [ -50.5145060981122, -21.425325809212996 ], [ -50.514444153434098, -21.425287319079501 ], [ -50.5143838066858, -21.425250941859595 ], [ -50.514315214157499, -21.425212014974097 ], [ -50.514256837711706, -21.425179828506405 ], [ -50.514195908803401, -21.425147572735593 ], [ -50.514133701364798, -21.425114927635107 ], [ -50.514071009536607, -21.425082178193101 ], [ -50.514008153333798, -21.425050829742798 ], [ -50.513945617244303, -21.425019382284102 ], [ -50.513884429103001, -21.424988306541593 ], [ -50.513823286585897, -21.424958816359897 ], [ -50.513760533881403, -21.424926380649907 ], [ -50.513696544275902, -21.424893458794894 ], [ -50.51366371216487, -21.424876632844551 ], [ -50.513628570706715, -21.424874161960108 ], [ -50.513497702311199, -21.42486517099924 ], [ -50.51349635916894, -21.424865073203293 ], [ -50.513367616323009, -21.424855169905651 ], [ -50.513238874997114, -21.424847247359722 ], [ -50.513236163012699, -21.424847057991869 ], [ -50.513109518116693, -21.424837163857614 ], [ -50.512980874999954, -21.424829247355294 ], [ -50.512978359176024, -21.424829073194509 ], [ -50.512848987331694, -21.424819121512105 ], [ -50.512719615887335, -21.424810165024926 ], [ -50.512718359179729, -21.424810073190127 ], [ -50.512588359053481, -21.42480007317808 ], [ -50.512588163022023, -21.424800057980928 ], [ -50.512461518125292, -21.424790163846616 ], [ -50.512332875007324, -21.424782247344218 ], [ -50.512330359185192, -21.424782073183554 ], [ -50.512200359187148, -21.424772073181362 ], [ -50.512070359189075, -21.424762073179174 ], [ -50.51194035919103, -21.424752073176986 ], [ -50.511810359192964, -21.424742073174798 ], [ -50.511680359194926, -21.42473207317261 ], [ -50.51155098734889, -21.42472212149007 ], [ -50.511421615904368, -21.42471316500286 ], [ -50.511420359198638, -21.424713073168192 ], [ -50.511290359200565, -21.424703073166011 ], [ -50.5111610730834, -21.42469312807803 ], [ -50.511029787477, -21.424684176784037 ], [ -50.511028359204282, -21.424684073161572 ], [ -50.510898987358459, -21.424674121479033 ], [ -50.510769615912814, -21.424665164991758 ], [ -50.510768359208008, -21.424665073157154 ], [ -50.510638454280745, -21.424655080468128 ], [ -50.510506549355647, -21.42464508766836 ], [ -50.510506261884849, -21.424645065637044 ], [ -50.510377261759594, -21.424635065625004 ], [ -50.510374853366997, -21.424634861132493 ], [ -50.510246200304863, -21.424622985463401 ], [ -50.510115549361721, -21.42461308766179 ], [ -50.510114104911196, -21.424612971838918 ], [ -50.509984731782779, -21.424602024879807 ], [ -50.50985535909394, -21.424592073131933 ], [ -50.509853080713683, -21.424591881949731 ], [ -50.509721080586097, -21.42457988193572 ], [ -50.509720853379669, -21.424579861121714 ], [ -50.509591478847426, -21.424567918855082 ], [ -50.509462104794743, -21.424556971817267 ], [ -50.509460853384944, -21.424556861117466 ], [ -50.509330853259357, -21.424544861103506 ], [ -50.509329850532076, -21.424544765448065 ], [ -50.509198351731051, -21.424531814806379 ], [ -50.509068853265049, -21.424519861099252 ], [ -50.509067479218643, -21.424519728449482 ], [ -50.508939107842693, -21.424506791797086 ], [ -50.508810736998427, -21.424494850320603 ], [ -50.508809604870002, -21.424494741058524 ], [ -50.508679604744771, -21.424481741043607 ], [ -50.508678359589268, -21.424481611741143 ], [ -50.508548855382251, -21.424467665132038 ], [ -50.508421351533876, -21.424454715519889 ], [ -50.508419117791732, -21.424454473230917 ], [ -50.50829023372318, -21.424439601990262 ], [ -50.508163351540809, -21.42442671551585 ], [ -50.508162224661312, -21.424426597144588 ], [ -50.508033224537485, -21.42441259712875 ], [ -50.508031827282856, -21.424412439441646 ], [ -50.507905088204083, -21.424397587203956 ], [ -50.507778222129751, -21.424384702313695 ], [ -50.507651222007517, -21.424371702298849 ], [ -50.507648973655144, -21.424371456520902 ], [ -50.50752039026046, -21.424356504961125 ], [ -50.507395578974112, -21.424342637038219 ], [ -50.507268222143459, -21.424329702305695 ], [ -50.50714186033651, -21.424316767630454 ], [ -50.507015499086506, -21.424304827982226 ], [ -50.507014090582381, -21.424304688780722 ], [ -50.506888733668212, -21.42429175512877 ], [ -50.506763377325036, -21.424279816426875 ], [ -50.506762090588715, -21.424279688776714 ], [ -50.506636671882639, -21.424266748749378 ], [ -50.506512253645539, -21.424254804596117 ], [ -50.506511222162302, -21.42425470229362 ], [ -50.506384737722321, -21.424241755065349 ], [ -50.506260253774876, -21.42422980460389 ], [ -50.506135903537576, -21.424217866979088 ], [ -50.506011553840828, -21.424206924203247 ], [ -50.506010000470312, -21.42420678008445 ], [ -50.505887000351706, -21.424194780070618 ], [ -50.505918999613918, -21.423907219924775 ], [ -50.506041223200391, -21.423919144175152 ], [ -50.506165446006847, -21.423930075779573 ], [ -50.506166746311827, -21.423930195405433 ], [ -50.50629174631468, -21.423942195403395 ], [ -50.506416746194084, -21.423954195389538 ], [ -50.506417777924042, -21.423954297716463 ], [ -50.506544262245349, -21.423967244928299 ], [ -50.506668746199985, -21.423979195385471 ], [ -50.506669909496374, -21.423979311233325 ], [ -50.506795266293871, -21.423992244869087 ], [ -50.506920622519715, -21.424004183554715 ], [ -50.506921909502701, -21.4240043112293 ], [ -50.507047205471103, -21.424017238589069 ], [ -50.507173500757482, -21.424029171999361 ], [ -50.507174777942893, -21.424029297704376 ], [ -50.507301713107189, -21.424042291065337 ], [ -50.507429648276343, -21.424055284478573 ], [ -50.507431192817826, -21.424055448715929 ], [ -50.507554745074316, -21.424069176742119 ], [ -50.50754832368888, -21.424068380702494 ], [ -50.50742891116159, -21.424054449238497 ], [ -50.507427570887877, -21.424054287291888 ], [ -50.507307570892358, -21.42403928729016 ], [ -50.507188911962338, -21.424024454922144 ], [ -50.50707025596337, -21.424011600519542 ], [ -50.507067570900794, -21.424011287286621 ], [ -50.50694757090529, -21.423996287284897 ], [ -50.506828911974381, -21.423981454916756 ], [ -50.50671025597461, -21.423968600514076 ], [ -50.506706235208412, -21.42396811475658 ], [ -50.50658681838302, -21.423952192511077 ], [ -50.50646967945498, -21.423937427097989 ], [ -50.506352959431609, -21.423924568109722 ], [ -50.506234959318412, -21.423911568095029 ], [ -50.506232230888564, -21.423911244409059 ], [ -50.506116346223919, -21.423896513306161 ], [ -50.505999468689232, -21.423884727333359 ], [ -50.505997807380723, -21.423884551280185 ], [ -50.505882942429189, -21.423871788506389 ], [ -50.505767083703418, -21.423861969967444 ], [ -50.505764046370203, -21.423861684191593 ], [ -50.505648046258621, -21.423849684177899 ], [ -50.505671512677168, -21.423650804376649 ], [ -50.505603477006836, -21.423645087092439 ], [ -50.505487755878676, -21.423637174534104 ], [ -50.505484845927597, -21.423636949639864 ], [ -50.505369602278478, -21.423627014840683 ], [ -50.505254009217289, -21.423618123064603 ], [ -50.505138659587416, -21.423610167915388 ], [ -50.505022659474513, -21.4236021679055 ], [ -50.505026866025595, -21.423548691517208 ], [ -50.505024882466898, -21.423549146774803 ], [ -50.504954441789302, -21.423563182780303 ], [ -50.504881752374899, -21.423575137767394 ], [ -50.504807286476201, -21.423583794026491 ], [ -50.504731610151907, -21.423589194862892 ], [ -50.504654291282698, -21.423592628024508 ], [ -50.504574927560597, -21.423593234440492 ], [ -50.504496489918203, -21.423591032806801 ], [ -50.504419211419702, -21.423587294326982 ], [ -50.504342233576601, -21.423582175027093 ], [ -50.504263470978401, -21.423576259882903 ], [ -50.504185334965698, -21.423569605105701 ], [ -50.504109787581207, -21.42356330177449 ], [ -50.504037518557098, -21.423556565042098 ], [ -50.503969234223398, -21.423548736841198 ], [ -50.503894397837101, -21.423539332370105 ], [ -50.503821070823101, -21.423528609943403 ], [ -50.503747891438898, -21.423516914041503 ], [ -50.503678069924298, -21.423505882796587 ], [ -50.503614803170102, -21.4235126060107 ], [ -50.503552258385902, -21.423540394255195 ], [ -50.503559499431802, -21.423568728600795 ], [ -50.503615721529798, -21.423641747821996 ], [ -50.503695949950099, -21.423709968962797 ], [ -50.503751954032502, -21.423747662424905 ], [ -50.503810008575101, -21.423788603772593 ], [ -50.503866998081008, -21.4238255479926 ], [ -50.503926673033398, -21.423864301759608 ], [ -50.5039819276356, -21.423900430864897 ], [ -50.504047027192605, -21.423938968756602 ], [ -50.504165350124197, -21.424013746581096 ], [ -50.504227529547002, -21.424054796879702 ], [ -50.504294536324799, -21.424096887190895 ], [ -50.504352356742899, -21.424133711053297 ], [ -50.504411316494902, -21.4241711452682 ], [ -50.504470198948603, -21.424209074668092 ], [ -50.504530428970099, -21.4242477914832 ], [ -50.504593150889704, -21.424287288086692 ], [ -50.504656662448205, -21.424328431024001 ], [ -50.504721544797903, -21.424369439037388 ], [ -50.504787367845701, -21.424411361322612 ], [ -50.504854043896998, -21.4244534180527 ] ] ], [ [ [ -50.509071348848195, -21.4233741462673 ], [ -50.50894495187466, -21.423365188999401 ], [ -50.508819555240436, -21.423357227305839 ], [ -50.508818256913806, -21.423357139721858 ], [ -50.50869420616786, -21.423348278952773 ], [ -50.508589956669162, -21.42334331468842 ], [ -50.50862502780663, -21.42334588086857 ], [ -50.508626354854314, -21.423345983362189 ], [ -50.508747942348016, -21.423355868522595 ], [ -50.508871612450747, -21.423363783428258 ], [ -50.508995612329905, -21.423371783418208 ], [ -50.508997027932743, -21.42337188087107 ], [ -50.509119363278046, -21.423380832235829 ], [ -50.509241613079126, -21.423388783439975 ], [ -50.509365909601648, -21.423396738415359 ], [ -50.509489290931583, -21.423403703487985 ], [ -50.509490698323958, -21.423403788979819 ], [ -50.509512619829451, -21.423405214768405 ], [ -50.509447909111188, -21.423400037909783 ], [ -50.509323298147415, -21.423390148148965 ], [ -50.509197637105601, -21.423382232490027 ], [ -50.509197472189406, -21.423382222018489 ], [ -50.509072472067579, -21.423374222008441 ], [ -50.509071348848195, -21.4233741462673 ] ] ], [ [ [ -50.509695425579991, -21.42290580667261 ], [ -50.509704717976142, -21.422913810988565 ], [ -50.509706134392182, -21.422915031065838 ], [ -50.509787053164246, -21.422920810976855 ], [ -50.509912071910293, -21.422928686171417 ], [ -50.510029369079263, -21.422934227767382 ], [ -50.509910359382353, -21.422925073172667 ], [ -50.509907737451137, -21.422924850395148 ], [ -50.509779420991855, -21.422912913978255 ], [ -50.509695425579991, -21.42290580667261 ] ] ], [ [ [ -50.506332157359502, -21.422911250412184 ], [ -50.506353383183097, -21.422897651029082 ], [ -50.50635338318309, -21.422897651029082 ], [ -50.506332157359502, -21.422911250412184 ] ] ], [ [ [ -50.509008163370815, -21.422849057960796 ], [ -50.50888016324658, -21.422839057948785 ], [ -50.508877853741787, -21.422838861152393 ], [ -50.50874905705529, -21.422826972225593 ], [ -50.508621163377057, -21.422817057954305 ], [ -50.50849316337905, -21.422807057952127 ], [ -50.50836521273186, -21.422797061805532 ], [ -50.508236163382989, -21.422787057947776 ], [ -50.508108163384961, -21.422777057945609 ], [ -50.507980163386932, -21.422767057943442 ], [ -50.507852212743806, -21.42275706179716 ], [ -50.507723163390871, -21.422747057939084 ], [ -50.50759516339285, -21.422737057936921 ], [ -50.507467212741787, -21.422727061790003 ], [ -50.50733816339681, -21.422717057932548 ], [ -50.507210063029177, -21.422707050058182 ], [ -50.507083062905927, -21.422697050046157 ], [ -50.507080619444025, -21.422696839322985 ], [ -50.506953939737805, -21.4226849630987 ], [ -50.506826262107261, -21.42267506560513 ], [ -50.506825961089731, -21.422675041992662 ], [ -50.50675133917597, -21.422669119617201 ], [ -50.506735561485385, -21.42268177653273 ], [ -50.506723378459796, -21.422691549796106 ], [ -50.50677835473229, -21.422695983381015 ], [ -50.50690002731109, -21.422705875458867 ], [ -50.507021698098136, -21.422713789003289 ], [ -50.507024142623123, -21.422713966269747 ], [ -50.507149142625146, -21.42272396626764 ], [ -50.507274142503888, -21.422733966255663 ], [ -50.507274354740105, -21.422733983372595 ], [ -50.507395900717249, -21.422743865157674 ], [ -50.507520444564669, -21.422751772700749 ], [ -50.507523142630816, -21.422751966261281 ], [ -50.507648247843491, -21.422761974709989 ], [ -50.507772092439389, -21.422771962175212 ], [ -50.507898937007781, -21.422781949934141 ], [ -50.507899142636845, -21.422781966254927 ], [ -50.508024142638881, -21.422791966252806 ], [ -50.508149039830023, -21.422801958025889 ], [ -50.508275937013714, -21.422811949927762 ], [ -50.508276142642913, -21.422811966248556 ], [ -50.508401039835327, -21.422821958021732 ], [ -50.508527434355592, -21.422831910344019 ], [ -50.508650931306406, -21.422840873829958 ], [ -50.50865193714472, -21.422840949931267 ], [ -50.508777733166262, -21.422850855127979 ], [ -50.508901527752514, -21.422858777978817 ], [ -50.508903937148339, -21.422858949926969 ], [ -50.509031039095603, -21.422868957983905 ], [ -50.509155742674849, -21.422878855091582 ], [ -50.509280444586388, -21.422886772670516 ], [ -50.509281743155682, -21.42288686027084 ], [ -50.509407053159428, -21.422895810983388 ], [ -50.509533362844429, -21.422903767496432 ], [ -50.509644458501128, -21.422910765646023 ], [ -50.509638772905227, -21.422905257307153 ], [ -50.509634094172718, -21.422900724441178 ], [ -50.509523163236175, -21.422892057959576 ], [ -50.509520619398145, -21.422891839363547 ], [ -50.509393988284437, -21.422879967694847 ], [ -50.509265359392913, -21.42287007316186 ], [ -50.509263998414333, -21.422869962792468 ], [ -50.509135580636062, -21.422859012437183 ], [ -50.509008163370815, -21.422849057960796 ] ] ], [ [ [ -50.50925256166888, -21.422577161223245 ], [ -50.509151074553102, -21.422570101248148 ], [ -50.509161836602928, -21.42257094203309 ], [ -50.509163001680093, -21.42257103721635 ], [ -50.509291321328, -21.422581979199769 ], [ -50.509327429550915, -21.422584756754659 ], [ -50.50932488557973, -21.422582149098766 ], [ -50.50925256166888, -21.422577161223245 ] ] ], [ [ [ -50.508818257683302, -21.422035710979703 ], [ -50.508776148771176, -21.421996695623584 ], [ -50.508776148771169, -21.421996695623584 ], [ -50.508818257683302, -21.422035710979703 ] ] ], [ [ [ -50.508032660875386, -21.421930022728304 ], [ -50.507897824884935, -21.421920108290095 ], [ -50.50776282475374, -21.421910108277928 ], [ -50.507761810056856, -21.421910029961406 ], [ -50.507625405547657, -21.421899077772302 ], [ -50.507562185728823, -21.421894463185719 ], [ -50.507559033686697, -21.421898130691702 ], [ -50.507551378774849, -21.421907037436526 ], [ -50.507600204813023, -21.421910892122863 ], [ -50.507714438245308, -21.421918838794088 ], [ -50.507714639664677, -21.42191885292986 ], [ -50.507827639554755, -21.421926852920009 ], [ -50.507828970779613, -21.42192695258947 ], [ -50.507942305398629, -21.421935900057562 ], [ -50.508054639669197, -21.421943852924027 ], [ -50.508167588852679, -21.421951849324365 ], [ -50.508281538031127, -21.42195984575585 ], [ -50.508282970786247, -21.421959952581723 ], [ -50.5083962546762, -21.421968896044913 ], [ -50.508509639675161, -21.421976852916199 ], [ -50.508622639565246, -21.421984852906373 ], [ -50.508624084755105, -21.421984961612921 ], [ -50.508714543398568, -21.421992166282205 ], [ -50.508704846190234, -21.421983894404807 ], [ -50.508703173357056, -21.421982467450732 ], [ -50.508576824741958, -21.421973108291787 ], [ -50.508575713773816, -21.421973022217077 ], [ -50.508440269093441, -21.421962067130391 ], [ -50.508305913142429, -21.42195211483509 ], [ -50.508169001405214, -21.421942121275123 ], [ -50.508166409793603, -21.421941911522968 ], [ -50.508032660875386, -21.421930022728304 ] ] ], [ [ [ -50.50708126470019, -21.421857067109705 ], [ -50.506945913737653, -21.421847114830335 ], [ -50.506943409814895, -21.421846911502424 ], [ -50.506809704678467, -21.421835026599503 ], [ -50.506674001426767, -21.42182512124965 ], [ -50.506671409819788, -21.421824911497868 ], [ -50.506537109595399, -21.421812973697978 ], [ -50.506400809943585, -21.421802029927523 ], [ -50.506399409824901, -21.421801911493336 ], [ -50.506265616476618, -21.421790018749316 ], [ -50.506131824778009, -21.4217801082502 ], [ -50.506129301930237, -21.421779901861996 ], [ -50.505995909187327, -21.421767956241034 ], [ -50.505862516883944, -21.421757006123894 ], [ -50.505861409834907, -21.421756911484355 ], [ -50.505727616485494, -21.421745018740232 ], [ -50.505633627037213, -21.421738056556823 ], [ -50.505679399902029, -21.421742071719542 ], [ -50.505679785677998, -21.421742106016776 ], [ -50.50579059281425, -21.421752088639682 ], [ -50.505904399906413, -21.421762071715804 ], [ -50.5059077071137, -21.421762395498693 ], [ -50.50601705537585, -21.421774216930949 ], [ -50.506129526333204, -21.421784082850852 ], [ -50.506242526335413, -21.421794082848958 ], [ -50.506355526226109, -21.421804082837223 ], [ -50.506356825575494, -21.421804203016283 ], [ -50.506470964135517, -21.421815216443211 ], [ -50.506583245518463, -21.421826146487518 ], [ -50.506695526344629, -21.421836082841519 ], [ -50.506808463132316, -21.421846077245462 ], [ -50.50692252634903, -21.421856082837753 ], [ -50.507034084099317, -21.421865955203486 ], [ -50.5071456395453, -21.421873852931665 ], [ -50.507148400043292, -21.421874071705098 ], [ -50.507261020843416, -21.421883950721075 ], [ -50.507372639548493, -21.421891852927782 ], [ -50.507375526357059, -21.421892082830158 ], [ -50.507487748862545, -21.421902014023562 ], [ -50.507493386253898, -21.421902459080666 ], [ -50.507502705739022, -21.421891615552504 ], [ -50.507503913941221, -21.421890209769405 ], [ -50.507489001414982, -21.421889121263554 ], [ -50.507487616110609, -21.421889014268828 ], [ -50.507353308508009, -21.421878070684222 ], [ -50.507217001418852, -21.4218681212589 ], [ -50.507215616114934, -21.421868014264202 ], [ -50.50708126470019, -21.421857067109705 ] ] ], [ [ [ -50.508807999957639, -21.421700134285857 ], [ -50.508810058158353, -21.421700284519449 ], [ -50.508808605170557, -21.421700170807345 ], [ -50.508807999957639, -21.421700134285857 ] ] ], [ [ [ -50.503390884078897, -21.421774366752203 ], [ -50.5033972517111, -21.421842647799604 ], [ -50.503401722316902, -21.421909342889204 ], [ -50.503407347272699, -21.421977928367095 ], [ -50.503412761223203, -21.422045002126399 ], [ -50.5034200571098, -21.422116954389384 ], [ -50.503424977638304, -21.422180798503891 ], [ -50.503435772301501, -21.422315182069404 ], [ -50.503453460577397, -21.422518587622392 ], [ -50.503523202409703, -21.423312661353798 ], [ -50.503529448020998, -21.423378153068306 ], [ -50.503536689801102, -21.423444747582796 ], [ -50.503542569439503, -21.423494696940395 ], [ -50.503601379499898, -21.423468568006001 ], [ -50.503679388933399, -21.423460278120793 ], [ -50.503755963876799, -21.423472376354905 ], [ -50.503828852174706, -21.423484025733497 ], [ -50.503901329528702, -21.423494623916195 ], [ -50.503975374792397, -21.423503928968696 ], [ -50.5040428405622, -21.423511663328096 ], [ -50.504114318486899, -21.423518326315701 ], [ -50.504189661199597, -21.423524612569491 ], [ -50.5042675848945, -21.423531249263416 ], [ -50.5043458712884, -21.423537128643794 ], [ -50.504422165372397, -21.423542202470902 ], [ -50.50449845761311, -21.423545893238401 ], [ -50.504575453707197, -21.423548054409487 ], [ -50.504652951265697, -21.423547462252291 ], [ -50.504728633569599, -21.423544101758097 ], [ -50.504802478478602, -21.423538831624892 ], [ -50.504874602622898, -21.423530447581701 ], [ -50.5049452445312, -21.423518829340697 ], [ -50.505014115901098, -21.423505106035098 ], [ -50.505030592001233, -21.423501324513605 ], [ -50.505043405338945, -21.423338433106906 ], [ -50.504991723842295, -21.423333939062765 ], [ -50.505020276126665, -21.423046060933007 ], [ -50.505121856376306, -21.42305489399638 ], [ -50.505151424100362, -21.422779164803796 ], [ -50.505268423987395, -21.422790164791039 ], [ -50.505269669558068, -21.422790286675543 ], [ -50.505387600277231, -21.422802279627877 ], [ -50.505416141486137, -21.422805157732494 ], [ -50.505436685983277, -21.422589010673214 ], [ -50.505556685985368, -21.422599010671199 ], [ -50.505676574617929, -21.422609001388437 ], [ -50.505797169557084, -21.42261888621773 ], [ -50.505916874043528, -21.4226268005613 ], [ -50.505919463353003, -21.422626992263865 ], [ -50.506041573764868, -21.422637001349223 ], [ -50.506162518505633, -21.422646996780145 ], [ -50.506284408988208, -21.422656987801087 ], [ -50.506406643270751, -21.422666925545649 ], [ -50.50652993127612, -21.422675873866112 ], [ -50.506531354728196, -21.422675983385162 ], [ -50.506654301219669, -21.422685979032654 ], [ -50.506655072904067, -21.422686041265468 ], [ -50.5066756510194, -21.422670350500805 ], [ -50.506684112010213, -21.422663563067069 ], [ -50.506571780250404, -21.422652949040902 ], [ -50.506446062916559, -21.422643050035447 ], [ -50.506444889985204, -21.42264295345905 ], [ -50.506317373565125, -21.422631995014562 ], [ -50.506192857417751, -21.422622033720312 ], [ -50.506190499570089, -21.422621828024209 ], [ -50.50606472936056, -21.422609944223041 ], [ -50.505940012012942, -21.422600046018136 ], [ -50.505813062926997, -21.422590050024755 ], [ -50.505812857547454, -21.422590033723761 ], [ -50.50568785742621, -21.4225800337118 ], [ -50.505686554286228, -21.422579924250002 ], [ -50.505562205611334, -21.42256898156457 ], [ -50.505438510315798, -21.422559085938673 ], [ -50.50531416353121, -21.422550132967672 ], [ -50.505312857555495, -21.422550033715304 ], [ -50.50518785743423, -21.422540033703303 ], [ -50.505214142536907, -21.422251966292691 ], [ -50.505338489653987, -21.422261914060041 ], [ -50.50546283632093, -21.422270867017541 ], [ -50.505464142540752, -21.422270966288419 ], [ -50.505589142419495, -21.422280966276443 ], [ -50.505590445803321, -21.422281075758679 ], [ -50.50571479436077, -21.422292018429705 ], [ -50.505839039739932, -21.422301958057552 ], [ -50.505966038990962, -21.422311958028139 ], [ -50.506042399773669, -21.422318018406315 ], [ -50.506070513623342, -21.422069289122202 ], [ -50.505986599947263, -21.422061928271876 ], [ -50.505983292955186, -21.422061604509917 ], [ -50.505873944593588, -21.422049783063937 ], [ -50.505761599951988, -21.42203992826818 ], [ -50.505761214397268, -21.4220398939906 ], [ -50.505650407157965, -21.42202991135445 ], [ -50.505536599956379, -21.422019928264451 ], [ -50.505536214401744, -21.422019893986874 ], [ -50.505425081238073, -21.422009881933629 ], [ -50.505315081131755, -21.421999881921941 ], [ -50.505344766596707, -21.421713586314986 ], [ -50.505326079774456, -21.421712052321766 ], [ -50.505193643004105, -21.421702094667229 ], [ -50.505060642874895, -21.421692094655079 ], [ -50.505058081314509, -21.421691881936077 ], [ -50.504926081186944, -21.421679881922042 ], [ -50.504955918780766, -21.421392118073591 ], [ -50.505086638821197, -21.421404001711743 ], [ -50.505218357099679, -21.421413905338788 ], [ -50.505261358235124, -21.421417138506087 ], [ -50.505282550306696, -21.42118385152585 ], [ -50.5052184973148, -21.421177920692219 ], [ -50.505112187429575, -21.421168978737096 ], [ -50.505139812540257, -21.420881021258779 ], [ -50.50524681243661, -21.420890021248091 ], [ -50.505248192286544, -21.420890143158605 ], [ -50.505327184737041, -21.420897457273149 ], [ -50.505350520635425, -21.420628917705805 ], [ -50.505368858695363, -21.420630314891049 ], [ -50.50539195496853, -21.420351875583034 ], [ -50.505501954861593, -21.420359875573251 ], [ -50.505504698100339, -21.420360112439468 ], [ -50.505529438587743, -21.420094990218836 ], [ -50.505638696999782, -21.42010392954171 ], [ -50.505747211635892, -21.42011182151326 ], [ -50.505856467821374, -21.420118774177382 ], [ -50.505857742698339, -21.420118860271472 ], [ -50.505969742589421, -21.420126860261654 ], [ -50.505969954932596, -21.420126875566901 ], [ -50.506079954825665, -21.420134875557121 ], [ -50.506081200393332, -21.420134970894036 ], [ -50.506192524320213, -21.420143916564914 ], [ -50.506302065090573, -21.420151811393271 ], [ -50.50641328173699, -21.420158762431388 ], [ -50.506414742705651, -21.420158860261864 ], [ -50.506526742596733, -21.420166860252063 ], [ -50.506528318440289, -21.420166980414535 ], [ -50.506637070635911, -21.420175798158869 ], [ -50.506746818102442, -21.420181677484688 ], [ -50.506751200402988, -21.420181970882524 ], [ -50.506861051001088, -21.42019079816145 ], [ -50.506969897285217, -21.42019668174169 ], [ -50.50697274271262, -21.420196860252194 ], [ -50.50708405855373, -21.420204811381932 ], [ -50.507194373958455, -21.420211768207018 ], [ -50.507197200409166, -21.420211970874853 ], [ -50.507306934525403, -21.420220788793664 ], [ -50.507418663894605, -21.420226669283977 ], [ -50.507423318452823, -21.420226980399121 ], [ -50.507533530860776, -21.420235916538573 ], [ -50.507644847890241, -21.420243867786546 ], [ -50.507755795253452, -21.420251863990913 ], [ -50.507867742613733, -21.420259860228889 ], [ -50.507868970483763, -21.420259952548445 ], [ -50.507924992583376, -21.420264375344765 ], [ -50.507902599875401, -21.420204088440897 ], [ -50.507877509761805, -21.420138542960395 ], [ -50.507852941616598, -21.420077073350701 ], [ -50.507821035599903, -21.4200054149089 ], [ -50.507793084618605, -21.4199475922481 ], [ -50.507764943023702, -21.419887707422596 ], [ -50.5077349250626, -21.419828930079802 ], [ -50.507704136764303, -21.419771514063296 ], [ -50.507667633345008, -21.419703840148191 ], [ -50.507632806454701, -21.419639360880705 ], [ -50.507592058124203, -21.4195385788572 ], [ -50.507543797628301, -21.419535378671295 ], [ -50.507473488584303, -21.419529148097297 ], [ -50.507403523734901, -21.419522527980391 ], [ -50.507334558051099, -21.419517112932688 ], [ -50.507252081136805, -21.419510373492695 ], [ -50.507168811139103, -21.419504691460101 ], [ -50.507098872451998, -21.41949917811089 ], [ -50.507027363431597, -21.419494753734305 ], [ -50.506957886571101, -21.419489891664497 ], [ -50.506878770146997, -21.419484461581888 ], [ -50.506810909580601, -21.419479494984095 ], [ -50.506738396488601, -21.419474881059102 ], [ -50.506664091184803, -21.419469389844693 ], [ -50.506596131732998, -21.419462892736501 ], [ -50.506521977722201, -21.419458150653689 ], [ -50.506450975525098, -21.419452715441999 ], [ -50.506381639008502, -21.4194479243343 ], [ -50.506310329492699, -21.419441817953199 ], [ -50.5062419632767, -21.419435180399301 ], [ -50.506163642519901, -21.419430424664291 ], [ -50.506091207231101, -21.419425808028901 ], [ -50.506016513520102, -21.419419813656898 ], [ -50.505938862748899, -21.419413893461492 ], [ -50.505857913334303, -21.419406501739093 ], [ -50.505789194732102, -21.419400085823902 ], [ -50.505720752536703, -21.4193933720817 ], [ -50.505652621854502, -21.419387813559499 ], [ -50.505583484892298, -21.419382610391608 ], [ -50.505513006242197, -21.419376588626402 ], [ -50.505442053181604, -21.419370885538388 ], [ -50.505368703500402, -21.4193654191801 ], [ -50.505292377155598, -21.419359228871507 ], [ -50.505212857147903, -21.419353113394596 ], [ -50.505132013238303, -21.419346673109395 ], [ -50.505051744570402, -21.419340135509596 ], [ -50.504973558246697, -21.419334482483308 ], [ -50.5048946156301, -21.419328940886199 ], [ -50.504817283969402, -21.419322805935803 ], [ -50.504740559307201, -21.419317659793006 ], [ -50.504661625883401, -21.419311961635788 ], [ -50.504582699182798, -21.419305807115595 ], [ -50.504503708984899, -21.419298833547003 ], [ -50.504423631485402, -21.419291751849798 ], [ -50.504342011838297, -21.419284898905907 ], [ -50.5042592827959, -21.4192777906906 ], [ -50.504176684132901, -21.4192702748058 ], [ -50.504109222620698, -21.419264603414501 ], [ -50.5040406349666, -21.419258648175401 ], [ -50.503971866297803, -21.4192523830739 ], [ -50.503902536250401, -21.419247132808906 ], [ -50.5038334560099, -21.419241355405301 ], [ -50.503764607257608, -21.419235528276204 ], [ -50.503695637977998, -21.419229470159596 ], [ -50.503595623299198, -21.419221099181392 ], [ -50.503517722071599, -21.419213641123989 ], [ -50.503441367581409, -21.419207308607604 ], [ -50.5033735095273, -21.419201654005693 ], [ -50.503302927826397, -21.419199243810006 ], [ -50.503268214240499, -21.419203590776402 ], [ -50.503242893880099, -21.419213691520795 ], [ -50.503220663789101, -21.419233841083098 ], [ -50.503205601773999, -21.419259591589892 ], [ -50.503195780499205, -21.419321088548006 ], [ -50.5031982013438, -21.419387993453206 ], [ -50.503204770115801, -21.419460289597794 ], [ -50.5032117692176, -21.419533405344495 ], [ -50.503219036283397, -21.419604314279599 ], [ -50.503226884031903, -21.419677895900293 ], [ -50.503284172113602, -21.420391518320592 ], [ -50.503322130044197, -21.420869015471396 ], [ -50.503326468895501, -21.420933474266292 ], [ -50.5033306360003, -21.420997263354995 ], [ -50.503336513812499, -21.421070434156789 ], [ -50.503341967507602, -21.421137121038001 ], [ -50.5033470965164, -21.421207794197805 ], [ -50.503352736678103, -21.421281120403702 ], [ -50.503357733754001, -21.4213531699607 ], [ -50.503363098116701, -21.4214248155244 ], [ -50.503368820217503, -21.421493527123893 ], [ -50.503374032011806, -21.4215643713746 ], [ -50.503380103129899, -21.421636736537902 ], [ -50.503385697990502, -21.421707102009904 ], [ -50.503390884078897, -21.421774366752203 ] ] ], [ [ [ -50.511494257155405, -21.421100139815341 ], [ -50.511491214576239, -21.421099894122847 ], [ -50.511381734570236, -21.421090031057776 ], [ -50.511271257158647, -21.421082139811588 ], [ -50.51126956135267, -21.421082009877161 ], [ -50.511159561246039, -21.421073009866433 ], [ -50.511158345401157, -21.421072905850171 ], [ -50.51104621458456, -21.421062894115515 ], [ -50.510936734577868, -21.421053031050366 ], [ -50.510826257165292, -21.421045139804125 ], [ -50.510823345407374, -21.421044905844642 ], [ -50.510712694144999, -21.421035026266068 ], [ -50.510604044933416, -21.421027124502825 ], [ -50.510602681528617, -21.421027019653355 ], [ -50.510492469022445, -21.421018083502478 ], [ -50.510381257281963, -21.421010139804459 ], [ -50.510269152112514, -21.421002132256525 ], [ -50.510158152004593, -21.420994132246765 ], [ -50.510156561370799, -21.4209940098585 ], [ -50.510048869031955, -21.420985198665932 ], [ -50.509939181701611, -21.420979322556196 ], [ -50.509934799581053, -21.420979029170265 ], [ -50.509823475553588, -21.420970083487724 ], [ -50.509713152010441, -21.420962132239133 ], [ -50.509711799584494, -21.420962029166514 ], [ -50.509601908663022, -21.420953198644753 ], [ -50.509494021912801, -21.420947313910283 ], [ -50.509489799587577, -21.420947029162711 ], [ -50.50937852810759, -21.420938087702719 ], [ -50.509267152125737, -21.420930132239381 ], [ -50.509156934807116, -21.420922188647129 ], [ -50.509045718059902, -21.420915237598155 ], [ -50.509044257299294, -21.420915139781552 ], [ -50.508932257190374, -21.420907139771753 ], [ -50.508930681553352, -21.420907019624966 ], [ -50.508820469045233, -21.420898083473915 ], [ -50.508709257193438, -21.420890139767934 ], [ -50.508706345442477, -21.420889905809016 ], [ -50.508595747631624, -21.42088003100293 ], [ -50.508486152026961, -21.420872132218175 ], [ -50.508484799602854, -21.42087202914567 ], [ -50.508373528121218, -21.42086308768555 ], [ -50.508262257199739, -21.420855139760327 ], [ -50.508259214631977, -21.42085489406875 ], [ -50.508149734620133, -21.420845031003122 ], [ -50.508058277203602, -21.420838498328447 ], [ -50.508056472869157, -21.420861037252021 ], [ -50.508121404431449, -21.420867162869627 ], [ -50.508228332773136, -21.420877156170622 ], [ -50.508231530366132, -21.420877486550324 ], [ -50.508336004858144, -21.420889313849838 ], [ -50.508440476085831, -21.420899169623638 ], [ -50.50854640443233, -21.420909162861967 ], [ -50.50865192790166, -21.420919024866951 ], [ -50.508755520588579, -21.420926917640777 ], [ -50.508758332890288, -21.420927156171885 ], [ -50.508865332786975, -21.420937156160278 ], [ -50.508865621982999, -21.420937183445321 ], [ -50.508969014147553, -21.420947030316754 ], [ -50.509073403240109, -21.420954908736437 ], [ -50.509076332896797, -21.420955156166677 ], [ -50.509182703388852, -21.420965097332427 ], [ -50.509287073390247, -21.420974043330446 ], [ -50.509288332901207, -21.420974156163201 ], [ -50.509395332797894, -21.420984156151597 ], [ -50.509395770644545, -21.420984197661951 ], [ -50.509499551754395, -21.420994176612989 ], [ -50.509606332802491, -21.421004156148179 ], [ -50.509606621998813, -21.421004183433247 ], [ -50.509711477418065, -21.421014169661795 ], [ -50.509816927923751, -21.421024024847711 ], [ -50.509920520608489, -21.421031917621395 ], [ -50.509923332914617, -21.42103215615289 ], [ -50.510029703407078, -21.421042097318661 ], [ -50.510133238774763, -21.421050971776932 ], [ -50.510238520717138, -21.421058917623945 ], [ -50.510342640768357, -21.421066850578626 ], [ -50.510448760055624, -21.42107379295971 ], [ -50.510450520720056, -21.421073917620316 ], [ -50.510553146431448, -21.421081736721035 ], [ -50.510656767311296, -21.421086624495757 ], [ -50.510659861173195, -21.421086799602254 ], [ -50.510764315181568, -21.421093697507072 ], [ -50.510867238584368, -21.421098552382713 ], [ -50.510970708526401, -21.421101508664396 ], [ -50.510973695007038, -21.421101621095403 ], [ -50.511079202347027, -21.421106551343502 ], [ -50.511182708527024, -21.421109508660564 ], [ -50.511187228956821, -21.421109699937919 ], [ -50.511291992829285, -21.421115574546398 ], [ -50.511392162329521, -21.42111846404919 ], [ -50.511495570123103, -21.421119448882909 ], [ -50.511500216779325, -21.42111955865763 ], [ -50.511606216675446, -21.421123558651772 ], [ -50.511594056645627, -21.421406090519124 ], [ -50.511682314265443, -21.421415249327293 ], [ -50.511758161297671, -21.421422472852651 ], [ -50.511757008501903, -21.421419203707206 ], [ -50.5117396309398, -21.421347871188495 ], [ -50.511727304417803, -21.421276974247093 ], [ -50.511720699235198, -21.421208844471188 ], [ -50.5117189807724, -21.421136616097797 ], [ -50.511726929053225, -21.421117764854969 ], [ -50.51171815198223, -21.421117132273125 ], [ -50.511716799553071, -21.421117029200236 ], [ -50.511605528075179, -21.42110808774045 ], [ -50.511494257155405, -21.421100139815341 ] ] ], [ [ [ -50.506709187560944, -21.421016978779949 ], [ -50.506602949387023, -21.421008042857085 ], [ -50.506496596777879, -21.421000091217383 ], [ -50.50639141799752, -21.420992153194572 ], [ -50.50637184619935, -21.420990872796157 ], [ -50.50643937020439, -21.420997067657886 ], [ -50.506546685576438, -21.421006010603396 ], [ -50.506548192313211, -21.421006143137173 ], [ -50.506654684973114, -21.421016003567175 ], [ -50.506761174998225, -21.421023891714775 ], [ -50.50676405427064, -21.421024130410082 ], [ -50.506871615828906, -21.421033998441445 ], [ -50.506978175001564, -21.421041891711099 ], [ -50.506979812574038, -21.421042021228072 ], [ -50.507085994158274, -21.421050952387695 ], [ -50.5071199122088, -21.421053464835186 ], [ -50.507027667221266, -21.421044843806168 ], [ -50.506920524020636, -21.421034830357886 ], [ -50.506816116444284, -21.421024980585127 ], [ -50.506710711850303, -21.421017099865377 ], [ -50.506709187560944, -21.421016978779949 ] ] ], [ [ [ -50.507481257320642, -21.420797139754846 ], [ -50.507398133291517, -21.420791202322871 ], [ -50.507486005625765, -21.420800321148377 ], [ -50.507487530344875, -21.420800486561856 ], [ -50.507592004838806, -21.420812313861589 ], [ -50.507696475963392, -21.420822169625652 ], [ -50.50769935963163, -21.420822467322129 ], [ -50.507805682977931, -21.420834391433957 ], [ -50.507911005637133, -21.420845321141702 ], [ -50.507912530357274, -21.42084548655529 ], [ -50.508008468114816, -21.420856347432156 ], [ -50.508009314677857, -21.420845772595737 ], [ -50.508010192227751, -21.420834810687321 ], [ -50.507926475581002, -21.420828083455433 ], [ -50.507816204671286, -21.420820136000263 ], [ -50.507704257317926, -21.420812139758681 ], [ -50.507592941372792, -21.420804188617968 ], [ -50.50748262586611, -21.420797231781997 ], [ -50.507481257320642, -21.420797139754846 ] ] ], [ [ [ -50.510629537353999, -21.419970037403303 ], [ -50.510589241106999, -21.419912188702298 ], [ -50.510547678750399, -21.419855550749293 ], [ -50.510507106973598, -21.419800532113506 ], [ -50.510460310195597, -21.419729319813108 ], [ -50.510401032779107, -21.4197252238658 ], [ -50.510329441229302, -21.419719620685907 ], [ -50.510256555566798, -21.419713718807497 ], [ -50.5101843242171, -21.419707533102205 ], [ -50.510116303284299, -21.419701827169504 ], [ -50.510038858102803, -21.419695595013302 ], [ -50.509970858090298, -21.419691661626491 ], [ -50.509898499041299, -21.419686606000489 ], [ -50.509824631338702, -21.419681223944103 ], [ -50.509750850629899, -21.419675344828793 ], [ -50.509678457487503, -21.419671058318297 ], [ -50.509607853018203, -21.419666552283996 ], [ -50.509537054003601, -21.419662500927792 ], [ -50.509463931735603, -21.419658461204403 ], [ -50.509391026635804, -21.419653762744698 ], [ -50.509320451914, -21.419648440185 ], [ -50.509250915078802, -21.419644608520308 ], [ -50.509182944088003, -21.419641146596 ], [ -50.509114989207198, -21.419637235760206 ], [ -50.509045019981102, -21.419632744012095 ], [ -50.508973055924997, -21.4196280765944 ], [ -50.508898751017099, -21.4196230855278 ], [ -50.508821843709597, -21.4196177659494 ], [ -50.508743596222899, -21.419613734777698 ], [ -50.508664004337597, -21.419608541476197 ], [ -50.508584602633697, -21.419603433395903 ], [ -50.508506700020497, -21.419598731468387 ], [ -50.508426710332103, -21.419592201515197 ], [ -50.508357618659801, -21.419588209395798 ], [ -50.5082845781115, -21.419584110933492 ], [ -50.508210229173798, -21.419579924671289 ], [ -50.508135667235202, -21.4195742893518 ], [ -50.508060876430697, -21.41956962424721 ], [ -50.507985709536001, -21.419565019455099 ], [ -50.507910359042498, -21.41956005113089 ], [ -50.507835734641802, -21.419554005109099 ], [ -50.5077613559071, -21.419549167150208 ], [ -50.507687493442397, -21.419544982523195 ], [ -50.507645078451098, -21.4195421258996 ], [ -50.5076770166309, -21.4196211178851 ], [ -50.507710696673101, -21.419683473831981 ], [ -50.507747225859902, -21.419751195480398 ], [ -50.507778248406098, -21.419809048305797 ], [ -50.507808795143397, -21.419868860995489 ], [ -50.507837141027309, -21.419929180505999 ], [ -50.507865286241703, -21.419987404943402 ], [ -50.507897813627501, -21.420060458881693 ], [ -50.507922811678498, -21.420123004069399 ], [ -50.507948092243602, -21.420189047032505 ], [ -50.507973502171197, -21.420257457006297 ], [ -50.507977087929596, -21.420268488134312 ], [ -50.507982970373156, -21.42026895253764 ], [ -50.507984785384721, -21.420269105934693 ], [ -50.508094265299938, -21.420278968988629 ], [ -50.508204742728971, -21.420286860231041 ], [ -50.50831674262006, -21.42029486022123 ], [ -50.508318318466749, -21.420294980383947 ], [ -50.50842931835912, -21.420303980373202 ], [ -50.508430399736554, -21.420304071640505 ], [ -50.508543124667575, -21.420313959790736 ], [ -50.508652847795034, -21.420321867761462 ], [ -50.508655654580039, -21.420322094190738 ], [ -50.508766199786955, -21.420331964296988 ], [ -50.508876742628161, -21.420339860211723 ], [ -50.508879785400801, -21.420340105919745 ], [ -50.508989993237641, -21.420350034551941 ], [ -50.509101200328587, -21.42035897083376 ], [ -50.509102526055834, -21.420359082757962 ], [ -50.509215654590491, -21.420369094181467 ], [ -50.509327654592731, -21.420379094179626 ], [ -50.509439785411793, -21.42038910591052 ], [ -50.509550719945423, -21.420399100010652 ], [ -50.509662785416239, -21.42040910590687 ], [ -50.509773719958886, -21.420419100007802 ], [ -50.509885654493303, -21.42042909416061 ], [ -50.509885918583151, -21.420429117954399 ], [ -50.509995786552807, -21.420439105949693 ], [ -50.510107785425213, -21.420449105899582 ], [ -50.51021878531791, -21.420459105887897 ], [ -50.51022155076565, -21.420459378584187 ], [ -50.510332104068127, -21.420471223579323 ], [ -50.510442654504786, -21.420481094151544 ], [ -50.510442918594848, -21.420481117945346 ], [ -50.510552851970942, -21.420491111886662 ], [ -50.510662265344429, -21.420500968945834 ], [ -50.510772742658247, -21.420508860180032 ], [ -50.510775918601183, -21.420509117939869 ], [ -50.510884332053955, -21.420518973706859 ], [ -50.510994742661474, -21.420526860176274 ], [ -50.510997918605305, -21.420527117936185 ], [ -50.510999715164125, -21.420527281259687 ], [ -50.51097553594591, -21.420490398833405 ], [ -50.510940096120997, -21.420434217353296 ], [ -50.510906934467499, -21.420378562417593 ], [ -50.510870517147097, -21.420318616040497 ], [ -50.510831164210309, -21.420258696023897 ], [ -50.510794929858797, -21.420204195019004 ], [ -50.510753488062797, -21.42014264699959 ], [ -50.510710936627099, -21.420081929049395 ], [ -50.510668964162697, -21.420024356432997 ], [ -50.510629537353999, -21.419970037403303 ] ] ] ] } },
{ "type": "Feature", "properties": { "CHAVE": null, "FAZENDA": "Faz. ABC", "NOME_FAZ": null, "ZONA": null, "TALHAO": null, "AREA_TOTAL": null, "TIPO_GEO": "VOO_PROCESSADO", "DATA_INICI": "13-04-2026", "DATA_FINAL": "13-04-2026", "HORA_INICI": "14:41:19", "HORA_FINAL": "14:41:19", "CLASSE": "APLICADO FORA DO TALHÃO", "PILOTO": "valmir alves", "AERONAVE": "PS-CBA", "AREA_HA": 1.7086733337e-05 }, "geometry": { "type": "MultiPolygon", "coordinates": [ [ [ [ -50.51408963898632, -21.423313753575734 ], [ -50.514091847231121, -21.423313554889862 ], [ -50.514162101823914, -21.423304656597772 ], [ -50.514164286302147, -21.423304332011057 ], [ -50.514230004936863, -21.423293115295134 ], [ -50.514239963821538, -21.423290351293684 ], [ -50.514290348024815, -21.423270626302489 ], [ -50.51429688118025, -21.423267502642208 ], [ -50.514345724249999, -21.423239575349523 ], [ -50.514223345414848, -21.423230902836092 ], [ -50.514098039167031, -21.423220957897772 ], [ -50.51408963898632, -21.423313753575734 ] ] ], [ [ [ -50.51448776383824, -21.423118033705997 ], [ -50.514497601849783, -21.423101779658399 ], [ -50.514511493576421, -21.423060794311493 ], [ -50.51451361304418, -21.423050578550658 ], [ -50.514517999910822, -21.422996942642882 ], [ -50.514518124377744, -21.422994670708114 ], [ -50.514518149894286, -21.422993754464386 ], [ -50.514468146455428, -21.422989138763043 ], [ -50.514450440175395, -21.4231573130645 ], [ -50.514452625513499, -21.423155253727714 ], [ -50.51448776383824, -21.423118033705997 ] ] ], [ [ [ -50.512694092985576, -21.422567256341505 ], [ -50.512698521108021, -21.422571949612273 ], [ -50.512700526386716, -21.42255208273771 ], [ -50.512679712466344, -21.422550240798223 ], [ -50.512692313878048, -21.422565257521157 ], [ -50.512694092985576, -21.422567256341505 ] ] ], [ [ [ -50.516101175338967, -21.422260891577899 ], [ -50.515966233502361, -21.422250969362629 ], [ -50.515830379303246, -21.422239069726725 ], [ -50.515828086227955, -21.422238885006191 ], [ -50.515692130782931, -21.422228888284749 ], [ -50.515558277928989, -21.42221897326133 ], [ -50.515422379296197, -21.422207069733439 ], [ -50.515414198933556, -21.422288951382246 ], [ -50.515433675823481, -21.422288386796243 ], [ -50.515436666209311, -21.422288357999438 ], [ -50.515507232797688, -21.422289043881694 ], [ -50.515575237943416, -21.422289688913573 ], [ -50.515575861780327, -21.422289691053773 ], [ -50.515645438555836, -21.422289508529172 ], [ -50.515646681704865, -21.422289515266002 ], [ -50.515718537961767, -21.422290482628927 ], [ -50.515719057740249, -21.422290487004094 ], [ -50.515793383442812, -21.422290737686275 ], [ -50.515793624285259, -21.422290737935644 ], [ -50.515864433613821, -21.422290645741903 ], [ -50.51586484011797, -21.422290646281603 ], [ -50.51593113597503, -21.422290908634682 ], [ -50.51593273505123, -21.422290890144691 ], [ -50.516006872732497, -21.422288881790841 ], [ -50.516007637863645, -21.422288864854686 ], [ -50.516082018516414, -21.422287586869352 ], [ -50.516082407803395, -21.422287581161459 ], [ -50.516150386945519, -21.422286755668107 ], [ -50.51615180432244, -21.422286751454152 ], [ -50.516224654118183, -21.422287202876117 ], [ -50.516225219545433, -21.4222872032772 ], [ -50.516295561640696, -21.422286867190849 ], [ -50.516364428516773, -21.422286625027212 ], [ -50.516365176277183, -21.422286626014976 ], [ -50.516372516292954, -21.422286671218 ], [ -50.516372998548874, -21.422280878573083 ], [ -50.516236086944531, -21.422270885027796 ], [ -50.516101175338967, -21.422260891577899 ] ] ], [ [ [ -50.515005871711956, -21.421332111525651 ], [ -50.514936626520424, -21.421347822591429 ], [ -50.514936082271483, -21.421347949216369 ], [ -50.514886903710995, -21.421359675659787 ], [ -50.514888310829122, -21.421359810253726 ], [ -50.514889600068862, -21.421359928456528 ], [ -50.515003600179163, -21.421369928468255 ], [ -50.515007422181768, -21.421331726910608 ], [ -50.515005871711956, -21.421332111525651 ] ] ], [ [ [ -50.512165528066205, -21.421150087749837 ], [ -50.512276799544523, -21.421159029209672 ], [ -50.512278360469509, -21.421159147176372 ], [ -50.512391360579414, -21.421167147186193 ], [ -50.512392718019946, -21.421167237655443 ], [ -50.512504039084675, -21.421174195224218 ], [ -50.512616308852195, -21.421182143528142 ], [ -50.512728257249456, -21.42119013984421 ], [ -50.512729808608007, -21.421190243298192 ], [ -50.512842084348989, -21.421197198434843 ], [ -50.512953694737135, -21.421205100057243 ], [ -50.512969260732156, -21.421206328951829 ], [ -50.512941512394477, -21.421197212358496 ], [ -50.512941014221184, -21.421197046769773 ], [ -50.51287172928253, -21.421173749848009 ], [ -50.51286922482528, -21.421172979382995 ], [ -50.512802493739137, -21.421154325624165 ], [ -50.512801101357923, -21.421153957601533 ], [ -50.512731665282196, -21.421136653056042 ], [ -50.512730627620385, -21.421136405966358 ], [ -50.512660471145111, -21.421120474123072 ], [ -50.512659330758659, -21.421120228823572 ], [ -50.512591240843285, -21.421106394272329 ], [ -50.512590127091457, -21.421106159350778 ], [ -50.512524170736704, -21.421091734488822 ], [ -50.512523241730712, -21.42109154034118 ], [ -50.512457921965421, -21.421078521581627 ], [ -50.512456195693616, -21.421078208199162 ], [ -50.512390663998303, -21.42106746812226 ], [ -50.512388291631879, -21.421067135997731 ], [ -50.512315727764488, -21.421058698271381 ], [ -50.512313573494644, -21.421058493621544 ], [ -50.512247873308368, -21.421053644204466 ], [ -50.512245660435049, -21.421053528684194 ], [ -50.51218210036204, -21.421051580476117 ], [ -50.51217786441093, -21.421051624877876 ], [ -50.512105698695862, -21.421055352681357 ], [ -50.512103662743698, -21.421055430947245 ], [ -50.512030041665618, -21.421057289358458 ], [ -50.512026570588461, -21.421057494405883 ], [ -50.511960371802559, -21.421063654711514 ], [ -50.511959619421425, -21.421063730310173 ], [ -50.511885933146786, -21.421071682032462 ], [ -50.511881908615763, -21.421072278513659 ], [ -50.511832004495545, -21.421081713007975 ], [ -50.511812213774917, -21.42109013248707 ], [ -50.511791634018856, -21.421104894219805 ], [ -50.511782465538673, -21.421113540655625 ], [ -50.51177774023008, -21.421121426922682 ], [ -50.511829152090165, -21.421125132282885 ], [ -50.511940586101566, -21.421133091891161 ], [ -50.512052915524244, -21.421142038484152 ], [ -50.51205425714781, -21.421142139824852 ], [ -50.512165528066205, -21.421150087749837 ] ] ] ] } },
{ "type": "Feature", "properties": { "CHAVE": null, "FAZENDA": "Faz. ABC", "NOME_FAZ": null, "ZONA": null, "TALHAO": null, "AREA_TOTAL": null, "TIPO_GEO": "VOO_PROCESSADO", "DATA_INICI": "13-04-2026", "DATA_FINAL": "13-04-2026", "HORA_INICI": "14:41:19", "HORA_FINAL": "14:41:19", "CLASSE": "SOBREPOSIÇÃO", "PILOTO": "valmir alves", "AERONAVE": "PS-CBA", "AREA_HA": 0.00026724529332599998 }, "geometry": { "type": "MultiPolygon", "coordinates": [ [ [ [ -50.51524652794371, -21.424123777887825 ], [ -50.51512283626942, -21.424115861623367 ], [ -50.514999142887163, -21.424105966154503 ], [ -50.514997836633093, -21.42410586688101 ], [ -50.51487348998382, -21.424096913924739 ], [ -50.514749142883304, -21.424086966158683 ], [ -50.514746527937668, -21.424086777896303 ], [ -50.514622836262973, -21.424078861631816 ], [ -50.514499142879636, -21.424068966162892 ], [ -50.514374142877635, -21.424058966164957 ], [ -50.514249248881775, -21.424048974647569 ], [ -50.514126354990509, -21.424038983276468 ], [ -50.514126142750335, -21.42403896615922 ], [ -50.514001142871599, -21.424028966171157 ], [ -50.513876142869591, -21.424018966173236 ], [ -50.513751248867457, -21.42400897465534 ], [ -50.51362835498233, -21.423998983284733 ], [ -50.51362803918083, -21.423998957915511 ], [ -50.513503520761283, -21.423989075504046 ], [ -50.513381999644764, -21.423977219787027 ], [ -50.513379142737897, -21.423976966171594 ], [ -50.513254142859182, -21.423966966183542 ], [ -50.513129248859258, -21.423956974665838 ], [ -50.513006354971779, -21.423946983295028 ], [ -50.513006142731875, -21.423946966177809 ], [ -50.512881248856957, -21.423936974670095 ], [ -50.512758354967694, -21.42392698329915 ], [ -50.51275544473998, -21.423926772628032 ], [ -50.512630900916811, -21.423918865086499 ], [ -50.51250935496396, -21.423908983303352 ], [ -50.512386354961905, -21.423898983305399 ], [ -50.51238483659553, -21.423898866924898 ], [ -50.512259836717099, -21.423889866935891 ], [ -50.512258612409745, -21.423889783368377 ], [ -50.512134612530588, -21.423881783378405 ], [ -50.51201193110407, -21.423873868450361 ], [ -50.511889248050629, -21.423863974657436 ], [ -50.511887836589089, -21.42386386693336 ], [ -50.511762836710652, -21.423854866944364 ], [ -50.511761698272032, -21.423854788939281 ], [ -50.511638698391884, -21.423846788949273 ], [ -50.511638527898789, -21.423846777949006 ], [ -50.511514182504634, -21.423838819846267 ], [ -50.511416335268514, -21.423831774846832 ], [ -50.511451321238205, -21.423834903673935 ], [ -50.511452857190577, -21.423835033789594 ], [ -50.51157780463901, -21.423845029587739 ], [ -50.51170043902372, -21.42385491946014 ], [ -50.511823128192262, -21.423866792607232 ], [ -50.51182575197209, -21.423867025344819 ], [ -50.511948501946527, -21.42387692453898 ], [ -50.51207225383633, -21.423888804722175 ], [ -50.512073321104801, -21.423888903673273 ], [ -50.51219578728336, -21.423899855935556 ], [ -50.512320253830872, -21.423911804726188 ], [ -50.512322645059179, -21.423912016696633 ], [ -50.512443865831223, -21.423921872046797 ], [ -50.512568090655598, -21.423934688895347 ], [ -50.512569000394642, -21.423934780203041 ], [ -50.512692000513248, -21.423946780216834 ], [ -50.512692253699157, -21.423946804720291 ], [ -50.512816468091764, -21.42395872930453 ], [ -50.512938683347713, -21.423971646366038 ], [ -50.512941553874235, -21.423971924339209 ], [ -50.513064458865784, -21.423982739981476 ], [ -50.513185369999498, -21.423996502225815 ], [ -50.513186821134127, -21.423996660874678 ], [ -50.513310242231221, -21.424009600185702 ], [ -50.513434663835703, -21.424023535407493 ], [ -50.513438321075114, -21.424023903695172 ], [ -50.51355949010847, -21.42403473995304 ], [ -50.513682663828867, -21.424048535411305 ], [ -50.513686321069635, -21.424048903699127 ], [ -50.513809321188596, -21.424059903711971 ], [ -50.513810751933683, -21.424060025377099 ], [ -50.513933501904695, -21.424069924570976 ], [ -50.514057253790789, -21.424081804753797 ], [ -50.514059857141724, -21.42408203383216 ], [ -50.514184857262997, -21.424092033844094 ], [ -50.514187301586809, -21.424092211096053 ], [ -50.514310301706665, -21.424100211106047 ], [ -50.514310471955689, -21.424100222090562 ], [ -50.514434163753165, -21.424108138368297 ], [ -50.514557857257678, -21.424118033850398 ], [ -50.51455916326281, -21.424118133105015 ], [ -50.514684163384381, -21.424127133115988 ], [ -50.514685387448246, -21.424127216666911 ], [ -50.514809387569095, -21.424135216676923 ], [ -50.514932821959974, -21.424143180188423 ], [ -50.5150575040471, -21.424152086054082 ], [ -50.515180752035171, -21.424162025409885 ], [ -50.515183555116607, -21.424162227407287 ], [ -50.515308099059752, -21.424170134961997 ], [ -50.515429645126154, -21.42418001675766 ], [ -50.515432471942631, -21.424180222109666 ], [ -50.515556163738459, -21.424188138387283 ], [ -50.515679857241381, -21.42419803386926 ], [ -50.515683799674342, -21.424154827985298 ], [ -50.51562226769483, -21.424150825906544 ], [ -50.515497836762904, -21.424141866881445 ], [ -50.515496527946624, -21.424141777883573 ], [ -50.515372836272995, -21.424133861619161 ], [ -50.515249142890809, -21.424123966150319 ], [ -50.51524652794371, -21.424123777887825 ] ] ], [ [ [ -50.514687248147176, -21.424369974617743 ], [ -50.5145621429321, -21.42435996616879 ], [ -50.514561027982907, -21.42435988078115 ], [ -50.514438691750911, -21.424350929351984 ], [ -50.514316355046041, -21.424340983280363 ], [ -50.514193355044007, -21.424330983282392 ], [ -50.514069301527236, -21.424320978933682 ], [ -50.51394635503992, -21.424310983286503 ], [ -50.513944931554818, -21.424310873764902 ], [ -50.51382164356697, -21.424301925445665 ], [ -50.513699355036024, -21.424291983290619 ], [ -50.513576409294799, -21.424281987704131 ], [ -50.513454463669291, -21.424271992163231 ], [ -50.513331355029905, -21.424261983296731 ], [ -50.513208355027871, -21.424251983298767 ], [ -50.513084411054933, -21.424241987784281 ], [ -50.512963574073382, -21.424232001258996 ], [ -50.512963247996886, -21.424231974636548 ], [ -50.51283924811716, -21.424221974648482 ], [ -50.512836785593279, -21.424221794626309 ], [ -50.512716071146237, -21.424213878927496 ], [ -50.512594355018024, -21.424203983309031 ], [ -50.512471409272884, -21.424193987722209 ], [ -50.512349463651155, -21.424183992181639 ], [ -50.512226409270681, -21.424173987726451 ], [ -50.512104463647049, -21.424163992185701 ], [ -50.511981409265665, -21.424153987730456 ], [ -50.511859463642928, -21.424143992189791 ], [ -50.511858027943148, -21.424143880826488 ], [ -50.51173574606883, -21.424134933374738 ], [ -50.511614463638999, -21.424124992193892 ], [ -50.511613027939624, -21.424124880830636 ], [ -50.511490076991642, -21.424115884422029 ], [ -50.511368740662647, -21.424106933383751 ], [ -50.511246354996125, -21.424096983331555 ], [ -50.511243698306785, -21.424096788954266 ], [ -50.511122081943903, -21.424088878949622 ], [ -50.511001463629448, -21.424078992204215 ], [ -50.510878354990382, -21.424068983337751 ], [ -50.510875612433871, -21.424068783398155 ], [ -50.510752419341436, -21.424060835459226 ], [ -50.51063273693071, -21.424051933463783 ], [ -50.510509248080517, -21.424041974687587 ], [ -50.510506698297704, -21.42404178896685 ], [ -50.510385081933222, -21.42403387896211 ], [ -50.510264463618014, -21.424023992216647 ], [ -50.510261698294713, -21.424023788971066 ], [ -50.510139315138915, -21.424015829093442 ], [ -50.510016753127815, -21.424006933465886 ], [ -50.509896574024317, -21.423997001310454 ], [ -50.509893612422047, -21.423996783414999 ], [ -50.50976974340626, -21.423988791867881 ], [ -50.509649451302373, -21.423980838673259 ], [ -50.509527746037186, -21.423971933412211 ], [ -50.509406463605096, -21.423961992231181 ], [ -50.509283354966222, -21.423951983364756 ], [ -50.50928078554837, -21.423951794686925 ], [ -50.509160125491746, -21.423943882554745 ], [ -50.509040732554709, -21.423934096250569 ], [ -50.508918999623461, -21.423922219868796 ], [ -50.508916463476545, -21.423921992229531 ], [ -50.50879579751944, -21.423912101579983 ], [ -50.508675864652218, -21.423900304906496 ], [ -50.508555599311158, -21.423887383838771 ], [ -50.508554129212342, -21.423887232570113 ], [ -50.508432793370886, -21.423875297899652 ], [ -50.508311528048708, -21.423862376187007 ], [ -50.508190671605163, -21.423849391612691 ], [ -50.508071262441945, -21.423836455622382 ], [ -50.507949780552799, -21.423822515079816 ], [ -50.50794845676991, -21.423822368598444 ], [ -50.507826600409174, -21.423809383906569 ], [ -50.507708004874274, -21.423796536059559 ], [ -50.507588263277341, -21.42378169206177 ], [ -50.507587088683309, -21.423781550740507 ], [ -50.507467759312121, -21.423767628983008 ], [ -50.507348429183601, -21.42375271271899 ], [ -50.507228429179122, -21.423737712720726 ], [ -50.507225743883694, -21.423737399460741 ], [ -50.507107087993106, -21.423724545075281 ], [ -50.50698842917069, -21.423709712724264 ], [ -50.50686842916619, -21.423694712726007 ], [ -50.506865743872453, -21.423694399466218 ], [ -50.506747757773034, -21.423681617641698 ], [ -50.506629764860058, -21.423665885254863 ], [ -50.506628597668957, -21.423665733881915 ], [ -50.506509597782305, -21.423650733898494 ], [ -50.506507040533556, -21.423650431883374 ], [ -50.506389040646745, -21.423637431898054 ], [ -50.506272406395325, -21.423624582364543 ], [ -50.506155769180246, -21.423609755601674 ], [ -50.506151531160775, -21.423609272648175 ], [ -50.506033362437279, -21.423597356476851 ], [ -50.505917192692877, -21.423584448729358 ], [ -50.505912916151921, -21.423584030016578 ], [ -50.505796436438551, -21.42357415885709 ], [ -50.505681953705157, -21.423562315817293 ], [ -50.505671512677168, -21.423650804376649 ], [ -50.5057211418031, -21.423654974892159 ], [ -50.505839083857232, -21.423664969983633 ], [ -50.505841850662996, -21.423665180994071 ], [ -50.505958581463588, -21.423673094949219 ], [ -50.50607731395305, -21.423682989325059 ], [ -50.506197313950977, -21.423692989327066 ], [ -50.506316635508817, -21.423702932792647 ], [ -50.506435957742561, -21.423713870666017 ], [ -50.506437313828229, -21.423713989321211 ], [ -50.506556635503912, -21.423723932796612 ], [ -50.506675957737762, -21.423734870669985 ], [ -50.506677536465055, -21.423735007726652 ], [ -50.506799481325849, -21.423745003209284 ], [ -50.506919081394805, -21.423754887515148 ], [ -50.507038739019094, -21.423766754388705 ], [ -50.50704142604723, -21.423766998645181 ], [ -50.50716114741703, -21.423776892975905 ], [ -50.507281870840686, -21.423788767412766 ], [ -50.507284536454065, -21.423789007736758 ], [ -50.507406536572347, -21.423799007748674 ], [ -50.507407972020133, -21.423799119092468 ], [ -50.507528918922354, -21.423807968868754 ], [ -50.507648870833115, -21.423819767418788 ], [ -50.507651645084081, -21.423820016611362 ], [ -50.507774590823288, -21.423830012202178 ], [ -50.507895267491577, -21.423839903734994 ], [ -50.508017000543695, -21.423851780132093 ], [ -50.508019536441147, -21.423852007749041 ], [ -50.508141536559435, -21.423862007760945 ], [ -50.508263982894803, -21.423871962786194 ], [ -50.50838632123444, -21.423882903615294 ], [ -50.508387645071295, -21.423883016623666 ], [ -50.508509385650768, -21.423892914234433 ], [ -50.508632128190598, -21.423904792546516 ], [ -50.508634645066849, -21.423905016627767 ], [ -50.508756385645853, -21.423914914238484 ], [ -50.50887912818532, -21.423926792550535 ], [ -50.508881645062388, -21.423927016631851 ], [ -50.509003448564172, -21.423936919358233 ], [ -50.509127253829433, -21.423948804665518 ], [ -50.509129645057939, -21.423949016635987 ], [ -50.509252041581867, -21.423958967575338 ], [ -50.509375438536019, -21.423969914081351 ], [ -50.50937685716984, -21.423970033747437 ], [ -50.509500427582658, -21.423979919383235 ], [ -50.509622000509765, -21.423991780158314 ], [ -50.509745000506875, -21.424003780160287 ], [ -50.509747857163077, -21.42400403375358 ], [ -50.509872804618297, -21.424014029552275 ], [ -50.509996752069071, -21.424024025316641 ], [ -50.510120752067024, -21.424034025318715 ], [ -50.510122068394701, -21.424034126164578 ], [ -50.510246068515265, -21.424043126175548 ], [ -50.510371163403107, -21.424052133037243 ], [ -50.510372471967969, -21.424052222018069 ], [ -50.510496721762834, -21.424060174007465 ], [ -50.510618972091898, -21.424069119155423 ], [ -50.510620471965176, -21.424069222022343 ], [ -50.510744163763469, -21.424077138300152 ], [ -50.510867857269524, -21.424087033782378 ], [ -50.510870301592121, -21.424087211034244 ], [ -50.510993301711977, -21.424095211044254 ], [ -50.510994855826532, -21.424095304752043 ], [ -50.511120121478669, -21.424102263957483 ], [ -50.511243387577608, -21.424110216610977 ], [ -50.51136677524434, -21.424118177108049 ], [ -50.511491163389223, -21.424127133056501 ], [ -50.51149247195562, -21.424127222037416 ], [ -50.511617386831908, -21.424135216591775 ], [ -50.511739732329062, -21.424143174024859 ], [ -50.511863457388898, -21.424152082231437 ], [ -50.51198675204062, -21.42416202535048 ], [ -50.511989387446846, -21.424162216615901 ], [ -50.512113387567688, -21.424170216625924 ], [ -50.512236775234456, -21.424178177123004 ], [ -50.512360403886774, -21.42418707838825 ], [ -50.512482645128131, -21.424197016702482 ], [ -50.512605645126087, -21.424207016704521 ], [ -50.51260855511363, -21.424207227358377 ], [ -50.512733099056227, -21.424215134913069 ], [ -50.512854645122374, -21.424225016708718 ], [ -50.512854857118036, -21.424225033806263 ], [ -50.512979751114052, -21.424235025328212 ], [ -50.513102645118288, -21.424245016712845 ], [ -50.513102857114021, -21.424245033810386 ], [ -50.513227857235293, -21.424255033822337 ], [ -50.513351427518295, -21.424264919447719 ], [ -50.513473000439497, -21.424276780222201 ], [ -50.513475960668302, -21.424277042068553 ], [ -50.513601802874788, -21.424287029547585 ], [ -50.513724645107722, -21.424297016723131 ], [ -50.513724857103597, -21.424297033820686 ], [ -50.513849857224876, -21.42430703383263 ], [ -50.513974857222877, -21.424317033834715 ], [ -50.514099751090264, -21.424327025346379 ], [ -50.514222645099551, -21.42433701673141 ], [ -50.514222857095561, -21.424337033828962 ], [ -50.514347857216841, -21.424347033840913 ], [ -50.514472857214827, -21.424357033842995 ], [ -50.514597857212834, -21.424367033845076 ], [ -50.514600471916772, -21.424367222090126 ], [ -50.514724163709012, -21.424375138367537 ], [ -50.514847857209176, -21.424385033849269 ], [ -50.514849163219075, -21.424385133104241 ], [ -50.514973509986987, -21.424394086073995 ], [ -50.515097857205319, -21.424404033853449 ], [ -50.515100471910749, -21.424404222098627 ], [ -50.515122771511493, -21.42440564927356 ], [ -50.515060679029396, -21.424400096288306 ], [ -50.515059142816831, -21.424399966150684 ], [ -50.514934248942055, -21.424389974642992 ], [ -50.514811355054036, -21.424379983272129 ], [ -50.514687248147176, -21.424369974617743 ] ] ], [ [ [ -50.513590678774136, -21.423747096287681 ], [ -50.513469509852349, -21.423736260045516 ], [ -50.513346336245299, -21.423722464603102 ], [ -50.513345178710047, -21.423722339105701 ], [ -50.513221904796261, -21.423709415230185 ], [ -50.513099630078919, -21.423695497784671 ], [ -50.513095445973477, -21.423695075643629 ], [ -50.512971882742292, -21.423684202082036 ], [ -50.51285031673364, -21.423671353643794 ], [ -50.51284874614641, -21.423671195261331 ], [ -50.51272387286906, -21.423659207429008 ], [ -50.512601454584093, -21.423647264184055 ], [ -50.512475909429533, -21.423634311114679 ], [ -50.51247235479233, -21.423633983287424 ], [ -50.512350551404218, -21.423624080575578 ], [ -50.51222674625587, -21.423612195283141 ], [ -50.51222567874445, -21.423612096309565 ], [ -50.51210321267957, -21.423601144062268 ], [ -50.511978746250414, -21.423589195287125 ], [ -50.511976247878614, -21.42358897463922 ], [ -50.511853560947173, -21.423579080534548 ], [ -50.511730871893228, -21.423567207402037 ], [ -50.511728247874203, -21.423566974643329 ], [ -50.511604247994477, -21.423556974655256 ], [ -50.511479911102199, -21.423547027672434 ], [ -50.511357678848945, -21.42353609633463 ], [ -50.511356142655117, -21.423535966198578 ], [ -50.511231195325678, -21.423525970414506 ], [ -50.511107904947565, -21.423516027644524 ], [ -50.51098456152252, -21.423505085891069 ], [ -50.510980612351993, -21.423504783383873 ], [ -50.510857878362117, -21.423496865064621 ], [ -50.510734142768534, -21.423486966218888 ], [ -50.510731698216652, -21.423486788950463 ], [ -50.510608698336512, -21.423478788960477 ], [ -50.510608527844305, -21.423478777960266 ], [ -50.510484182446177, -21.423470819857268 ], [ -50.510359836644781, -21.423461866961571 ], [ -50.510358612344874, -21.423461783394576 ], [ -50.510234612465716, -21.423453783404629 ], [ -50.510111272142652, -21.423445825966898 ], [ -50.509987931528102, -21.423436873827491 ], [ -50.509986527837391, -21.42343677797102 ], [ -50.509862278158025, -21.423428825994073 ], [ -50.509740027941817, -21.423419880858226 ], [ -50.509738527834585, -21.423419777975308 ], [ -50.509613613080042, -21.423411783433309 ], [ -50.509512619829451, -21.423405214768405 ], [ -50.509572857393508, -21.423410033774612 ], [ -50.50957306277548, -21.423410050075791 ], [ -50.509699960076858, -21.423420041991619 ], [ -50.509823677485265, -21.423429939386928 ], [ -50.509949438438568, -21.423441822313507 ], [ -50.510075377619053, -21.423453816523462 ], [ -50.510076553981946, -21.423453924299125 ], [ -50.51020102650326, -21.423464877883458 ], [ -50.510327376583099, -21.423476816475834 ], [ -50.510452253925706, -21.423488804702941 ], [ -50.510453779523417, -21.423488943997391 ], [ -50.510580078254797, -21.423499883260146 ], [ -50.510705377605383, -21.423511816533637 ], [ -50.510832499369648, -21.423523828086864 ], [ -50.510833553966705, -21.423523924311478 ], [ -50.51095796556136, -21.423534872534276 ], [ -50.511083377597146, -21.423546816539751 ], [ -50.511084779510966, -21.423546944007708 ], [ -50.511211139177888, -21.423557888548331 ], [ -50.511337499358888, -21.423569828095026 ], [ -50.511340163114014, -21.423570057977322 ], [ -50.511466830171315, -21.423579953843955 ], [ -50.511592499353711, -21.423591828099195 ], [ -50.511593779501275, -21.423591944016067 ], [ -50.511720723611987, -21.42360293917757 ], [ -50.511846667729586, -21.423613934301201 ], [ -50.511848062735538, -21.423614050113436 ], [ -50.511974476062171, -21.423624003921194 ], [ -50.512101889783345, -21.423634953539935 ], [ -50.512103062731391, -21.423635050117696 ], [ -50.512228840086834, -21.423644953849212 ], [ -50.512355619231691, -21.423656839395861 ], [ -50.512358062727067, -21.423657050121914 ], [ -50.51248371905794, -21.423666944323976 ], [ -50.512608377565897, -21.423678816564571 ], [ -50.512611261922615, -21.423679065689612 ], [ -50.51273952045149, -21.423689008213827 ], [ -50.512865779603239, -21.423699944047861 ], [ -50.512867163088622, -21.423700058002687 ], [ -50.512993769155422, -21.423709949104481 ], [ -50.513118377555692, -21.42372181657289 ], [ -50.513121261914293, -21.423722065698101 ], [ -50.513250162370333, -21.423732057983859 ], [ -50.513377062835552, -21.423742050148707 ], [ -50.513505163204648, -21.423752058023183 ], [ -50.513507717646291, -21.423752237619968 ], [ -50.513634389375625, -21.423760154605844 ], [ -50.513760062829974, -21.423770050155166 ], [ -50.513761439165513, -21.423770152726362 ], [ -50.51388880097155, -21.423779107855871 ], [ -50.514016163197311, -21.423789058031797 ], [ -50.514018796998151, -21.423789242569367 ], [ -50.514070657378127, -21.423792458717884 ], [ -50.513963746295971, -21.423782195255527 ], [ -50.513961247917031, -21.423781974606985 ], [ -50.513837963710699, -21.423772032334746 ], [ -50.513717509858125, -21.42376126004158 ], [ -50.513594336252119, -21.423747464599291 ], [ -50.513590678774136, -21.423747096287681 ] ] ], [ [ [ -50.515193202863529, -21.423574757399418 ], [ -50.515064242610862, -21.423566759866699 ], [ -50.514936921709499, -21.423558802312872 ], [ -50.514809560821064, -21.423549847252417 ], [ -50.514808282218162, -21.423549762346685 ], [ -50.514680282342972, -21.423541762356784 ], [ -50.51455128289949, -21.423533762374376 ], [ -50.514424961981149, -21.423525805153627 ], [ -50.514297560815073, -21.423516847261173 ], [ -50.514296282212825, -21.423516762355497 ], [ -50.514168282337636, -21.423508762365596 ], [ -50.514072523702893, -21.423502823833275 ], [ -50.514071960804365, -21.423509042098271 ], [ -50.51419796092663, -21.423519042110229 ], [ -50.514199348692173, -21.423519146350969 ], [ -50.514326348815736, -21.423528146361999 ], [ -50.514452654555825, -21.423537097164989 ], [ -50.514577960921009, -21.423547042116592 ], [ -50.514580637074928, -21.423547232587069 ], [ -50.514707038031617, -21.423555194854544 ], [ -50.514834394014763, -21.423564149574172 ], [ -50.514961302764462, -21.423573143109888 ], [ -50.515087256868114, -21.423582139833787 ], [ -50.51508879702569, -21.423582242593703 ], [ -50.515217026672332, -21.423590194822431 ], [ -50.515342256864976, -21.423599139838135 ], [ -50.515343637066529, -21.423599232600115 ], [ -50.515469349146024, -21.423607151473991 ], [ -50.515595062853997, -21.423617050192927 ], [ -50.515596333733669, -21.423602899416156 ], [ -50.515578362951707, -21.423601767398697 ], [ -50.515578202867815, -21.423601757392856 ], [ -50.515449882059592, -21.423593799515839 ], [ -50.515323199019328, -21.423584892116811 ], [ -50.515195836915623, -21.423574941954485 ], [ -50.515193202863529, -21.423574757399418 ] ] ], [ [ [ -50.515109973303353, -21.423293805176872 ], [ -50.514984743228368, -21.423284860173471 ], [ -50.514857651290065, -21.423275853634546 ], [ -50.514729560776132, -21.423266847247472 ], [ -50.514728362777866, -21.423266767399351 ], [ -50.514602701860127, -21.423258851753747 ], [ -50.514478039172673, -21.423248957891388 ], [ -50.51447665116001, -21.423248853632124 ], [ -50.514441067793435, -21.423246331976859 ], [ -50.5144378535119, -21.423276861232559 ], [ -50.514567853637487, -21.423288861246501 ], [ -50.51457035931174, -21.423289073250942 ], [ -50.514699624271699, -21.423299016711997 ], [ -50.514826889841125, -21.423309953598864 ], [ -50.514828359307678, -21.42331007325523 ], [ -50.514958359433926, -21.423320073267256 ], [ -50.515087105543309, -21.42332997681693 ], [ -50.515215853625257, -21.423341861257093 ], [ -50.515218359301514, -21.423342073261701 ], [ -50.515348359427747, -21.42335207327373 ], [ -50.515478359425799, -21.423362073275914 ], [ -50.515608359423872, -21.423372073278074 ], [ -50.515612203286679, -21.423328262100068 ], [ -50.515493937240862, -21.423318949815101 ], [ -50.515491362786264, -21.423318767386306 ], [ -50.515365053231669, -21.423310810881446 ], [ -50.515239743231497, -21.423301860169126 ], [ -50.515238202825422, -21.423301757392707 ], [ -50.515109973303353, -21.423293805176872 ] ] ], [ [ [ -50.51276722048879, -21.423401055960866 ], [ -50.512765737924113, -21.423400934294442 ], [ -50.512638181472688, -21.42339104620028 ], [ -50.512513622522079, -21.423379183444805 ], [ -50.512510937121256, -21.423378949862141 ], [ -50.512385159884005, -21.423369046145407 ], [ -50.512258380858761, -21.423357160613612 ], [ -50.512255937116947, -21.423356949866371 ], [ -50.512129523910382, -21.423346996073082 ], [ -50.512002110309901, -21.423336046468858 ], [ -50.512000937112802, -21.423335949870619 ], [ -50.511874635018117, -21.423326004826322 ], [ -50.511749332361234, -21.423315065707492 ], [ -50.511622860798219, -21.423304111441659 ], [ -50.511496500735497, -21.423292171910219 ], [ -50.511493836733507, -21.423291942006735 ], [ -50.511367169795918, -21.42328204615502 ], [ -50.511241500730314, -21.423270171914382 ], [ -50.511240220335189, -21.423270055975138 ], [ -50.511113921723577, -21.423259116727852 ], [ -50.510988622490821, -21.423247183469616 ], [ -50.510987445881, -21.423247075671362 ], [ -50.510862973476307, -21.4232361221022 ], [ -50.510736561536291, -21.423224177669056 ], [ -50.510610622482581, -21.423212183475723 ], [ -50.510609220322749, -21.423212055985449 ], [ -50.510482983612327, -21.423201122099726 ], [ -50.510358746161025, -21.423189195306382 ], [ -50.51035850058598, -21.423189171916828 ], [ -50.510231500708571, -21.423177171930735 ], [ -50.510230445865773, -21.423177075683721 ], [ -50.510106034387931, -21.423166127476147 ], [ -50.509980622468902, -21.423154183485924 ], [ -50.509853500700409, -21.423142171936846 ], [ -50.509851142581674, -21.423141966217152 ], [ -50.509726142702931, -21.423131966229132 ], [ -50.509725937072837, -21.423131949908264 ], [ -50.509599039892684, -21.423121958006643 ], [ -50.50947414269892, -21.423111966233375 ], [ -50.509348039137755, -21.423101957983583 ], [ -50.509345362747169, -21.423101767496377 ], [ -50.509218445331271, -21.423093772700859 ], [ -50.509094089664728, -21.423085813940624 ], [ -50.508967651249407, -21.423076853740032 ], [ -50.508966444613158, -21.423076772680556 ], [ -50.508841094094599, -21.42306881391999 ], [ -50.508715743182634, -21.423059860285434 ], [ -50.508711841296652, -21.423059628067779 ], [ -50.508587102688622, -21.423053688136804 ], [ -50.508461362863144, -21.423045767519678 ], [ -50.50846021682262, -21.423045699335749 ], [ -50.508335830932033, -21.423038733728358 ], [ -50.508211094089035, -21.423030813931071 ], [ -50.508085743175556, -21.423021860296409 ], [ -50.50808314392642, -21.423021695276574 ], [ -50.507957836110002, -21.423014733733751 ], [ -50.507833527895535, -21.423006778010027 ], [ -50.507833362731645, -21.423006767522768 ], [ -50.507707099902824, -21.422998813961318 ], [ -50.507582836563977, -21.422989867002912 ], [ -50.507581527769609, -21.422989778006531 ], [ -50.507456527891428, -21.422981778016585 ], [ -50.507453903854504, -21.422981631081253 ], [ -50.507330871815206, -21.42297572554634 ], [ -50.507208489776872, -21.422966914041311 ], [ -50.50708414266694, -21.422956966274548 ], [ -50.50708169813386, -21.422956789007475 ], [ -50.506959921149289, -21.422948868555849 ], [ -50.506836142663246, -21.422938966278771 ], [ -50.506833698130869, -21.422938789011766 ], [ -50.506713288694733, -21.422930957506843 ], [ -50.506591871742067, -21.422919207480447 ], [ -50.506589573698882, -21.422919001336002 ], [ -50.50646985243106, -21.422909107018999 ], [ -50.506349129110035, -21.42289723259573 ], [ -50.506347678589691, -21.422897096401108 ], [ -50.506225537238834, -21.422886173193412 ], [ -50.506106394913964, -21.422874258962825 ], [ -50.506106128983966, -21.422874232587827 ], [ -50.505984129101549, -21.422862232601648 ], [ -50.505983042107992, -21.422862129323725 ], [ -50.505865068297396, -21.422851315060647 ], [ -50.5057470885518, -21.42283755075848 ], [ -50.505744394786376, -21.422837258956744 ], [ -50.505624394901965, -21.422825258970519 ], [ -50.505623294570952, -21.422825152668761 ], [ -50.505505913090595, -21.422814210329754 ], [ -50.505416141486137, -21.422805157732494 ], [ -50.50540931398681, -21.422876989322688 ], [ -50.505529314103093, -21.422886989334565 ], [ -50.505649314100999, -21.422896989336582 ], [ -50.505649536621263, -21.422897007727933 ], [ -50.505771536739537, -21.422907007739852 ], [ -50.505774125814177, -21.422907199425108 ], [ -50.505893830413513, -21.422915113781428 ], [ -50.506014481469229, -21.422925003213976 ], [ -50.506135426322714, -21.422934998658597 ], [ -50.506257536731681, -21.422945007748101 ], [ -50.506380645365709, -21.42295501661852 ], [ -50.506382068576812, -21.422955126119117 ], [ -50.506505356699336, -21.422964074453084 ], [ -50.506627645361803, -21.422974016622724 ], [ -50.506751698756766, -21.422984020966055 ], [ -50.506874645357719, -21.422994016626895 ], [ -50.506877301757918, -21.422994210983113 ], [ -50.506999078861263, -21.423002131447795 ], [ -50.507122857469291, -21.423012033738228 ], [ -50.507247751341843, -21.423022025250336 ], [ -50.507370645349901, -21.423032016635311 ], [ -50.507373555288915, -21.42303222728566 ], [ -50.507498205470206, -21.423040141585663 ], [ -50.507621804793139, -21.42305002953325 ], [ -50.507745752247722, -21.42306002529795 ], [ -50.507746062840525, -21.423060050049898 ], [ -50.507872960146635, -21.42307004196612 ], [ -50.507997857455578, -21.423080033753042 ], [ -50.508122857453543, -21.423090033755152 ], [ -50.508123062834592, -21.423090050056263 ], [ -50.508249960140567, -21.423100041972479 ], [ -50.50837485744951, -21.423110033759414 ], [ -50.508375062830623, -21.423110050060533 ], [ -50.50850206295388, -21.423120050072523 ], [ -50.508503068546545, -21.423120126155272 ], [ -50.508626565614435, -21.423129089654555 ], [ -50.508753062950085, -21.423139050076784 ], [ -50.508755472101917, -21.423139222007588 ], [ -50.508879266804556, -21.423147144871258 ], [ -50.509005011913878, -21.423157046062798 ], [ -50.509130960998007, -21.423167042024112 ], [ -50.509133555267205, -21.423167227315869 ], [ -50.509258905907458, -21.423175186089185 ], [ -50.50938425694077, -21.423184139736442 ], [ -50.509385637133441, -21.423184232497846 ], [ -50.509512637257252, -21.423192232507933 ], [ -50.509638946813233, -21.42320018901793 ], [ -50.509764256936165, -21.423209139743022 ], [ -50.509765637129398, -21.423209232504433 ], [ -50.509892637253216, -21.423217232514524 ], [ -50.509895220158768, -21.423217374869399 ], [ -50.510020236930963, -21.423223281176622 ], [ -50.510144256931881, -21.423232139749619 ], [ -50.510148220156921, -21.423232374873869 ], [ -50.510274573834963, -21.423238344341513 ], [ -50.510399591524639, -21.423245235082838 ], [ -50.510524256927766, -21.423254139756231 ], [ -50.5105282201542, -21.423254374880578 ], [ -50.510653928062887, -21.423260313839648 ], [ -50.510779637244738, -21.423268232530059 ], [ -50.510780855930491, -21.423268304765127 ], [ -50.510905601705659, -21.423275235088695 ], [ -50.511031348859618, -21.423284146306102 ], [ -50.511035158565285, -21.423284371968379 ], [ -50.5111592522207, -21.423290281193026 ], [ -50.51128434885684, -21.423299146310516 ], [ -50.511285637114575, -21.423299232530979 ], [ -50.511412596234514, -21.423307229958159 ], [ -50.511538555366883, -21.423315227365642 ], [ -50.511664992788589, -21.42332319195059 ], [ -50.511791348850807, -21.423332146319225 ], [ -50.511792717707763, -21.42333223759702 ], [ -50.511920677482777, -21.423340235085288 ], [ -50.512046349192246, -21.42334815141616 ], [ -50.512172062905556, -21.423358050135526 ], [ -50.512173256784337, -21.423358139775818 ], [ -50.51229865965778, -21.423367097126398 ], [ -50.512425062901798, -21.423377050139781 ], [ -50.512552011871577, -21.423387046123953 ], [ -50.512677960950953, -21.423397042084886 ], [ -50.512805062895836, -21.423407050146139 ], [ -50.512932011867235, -21.423417046130449 ], [ -50.513057960944955, -21.423427042091237 ], [ -50.513185062889896, -21.42343705015249 ], [ -50.513185075816693, -21.423436906216995 ], [ -50.513148181482052, -21.423434046191879 ], [ -50.513023622532288, -21.423422183436472 ], [ -50.513020836758905, -21.423421941981378 ], [ -50.512893528897379, -21.423411996057233 ], [ -50.51276722048879, -21.423401055960866 ] ] ], [ [ [ -50.515113640540207, -21.423041926726668 ], [ -50.515072085780886, -21.42303873020747 ], [ -50.515071965881305, -21.423039960122775 ], [ -50.515188844929462, -21.423049949787167 ], [ -50.515303723990144, -21.423059939272708 ], [ -50.515419784947639, -21.423069944575481 ], [ -50.515534723985823, -21.423079939276473 ], [ -50.515537755949815, -21.423080174734931 ], [ -50.515633395980586, -21.423086714226546 ], [ -50.515633640548316, -21.423083926718025 ], [ -50.515503640674545, -21.423073926730059 ], [ -50.5153736406726, -21.423063926732226 ], [ -50.515244894428925, -21.423054023177816 ], [ -50.515116146467662, -21.423042138752447 ], [ -50.515113640540207, -21.423041926726668 ] ] ], [ [ [ -50.51168765124681, -21.423034853688087 ], [ -50.511686362740818, -21.423034767451036 ], [ -50.511559403733585, -21.42302677003557 ], [ -50.511433444732369, -21.423018772640908 ], [ -50.511307007183177, -21.423010808052911 ], [ -50.511180651240785, -21.423001853696821 ], [ -50.511176841292944, -21.42300162802033 ], [ -50.511052747755265, -21.422995718807194 ], [ -50.510927651238006, -21.422986853701214 ], [ -50.510925143925419, -21.422986695222448 ], [ -50.510799753543097, -21.422979729092589 ], [ -50.510673362855655, -21.422971767476525 ], [ -50.510670779703162, -21.422971625108108 ], [ -50.510545763051518, -21.422965718812623 ], [ -50.510421743168678, -21.422956860251052 ], [ -50.510419072170301, -21.422956691260872 ], [ -50.510292072294348, -21.422949691270009 ], [ -50.510290779700433, -21.422949625114821 ], [ -50.510165763048214, -21.422943718819301 ], [ -50.51004174316455, -21.42293486025768 ], [ -50.510037779698585, -21.422934625119279 ], [ -50.510029369079263, -21.422934227767382 ], [ -50.510038988272392, -21.422934967705523 ], [ -50.510165619385297, -21.422946839374131 ], [ -50.510168359378113, -21.422947073176982 ], [ -50.510298310783888, -21.422957069441331 ], [ -50.510427262177593, -21.422967065675696 ], [ -50.510557261352737, -21.422977065643611 ], [ -50.510685163343744, -21.422987057988934 ], [ -50.510685359370335, -21.422987073185698 ], [ -50.510815359496561, -21.422997073197756 ], [ -50.510945359494642, -21.423007073199951 ], [ -50.510947875255489, -21.423007247356367 ], [ -50.51107787538227, -21.423015247366514 ], [ -50.511206616612512, -21.423023169906553 ], [ -50.511335359489479, -21.423033073206621 ], [ -50.51133661616651, -21.423033165039204 ], [ -50.511466616293028, -21.42304216505029 ], [ -50.511467875249949, -21.423042247365348 ], [ -50.511596616607484, -21.423050169913225 ], [ -50.511725359484196, -21.423060073213257 ], [ -50.511727875247111, -21.423060247369822 ], [ -50.51185724558708, -21.423068208624095 ], [ -50.511985987619653, -21.423077121536345 ], [ -50.512115359478877, -21.423087073219907 ], [ -50.512117717741873, -21.423087237608392 ], [ -50.512245717866669, -21.42309523761848 ], [ -50.512247269646224, -21.423073469252298 ], [ -50.512197340313072, -21.423069902872342 ], [ -50.512070937189279, -21.42305994987251 ], [ -50.512068362744884, -21.423059767444435 ], [ -50.51194136286869, -21.423051767454535 ], [ -50.511813966912854, -21.423043805189959 ], [ -50.51168765124681, -21.423034853688087 ] ] ], [ [ [ -50.515510426113636, -21.422820469913258 ], [ -50.515628079262484, -21.42282541332451 ], [ -50.515629318252834, -21.422825460714865 ], [ -50.515745318366605, -21.422829460720891 ], [ -50.515862366863217, -21.42283346238813 ], [ -50.51597936686283, -21.422837462390234 ], [ -50.515980809602645, -21.422837505391445 ], [ -50.516098809718535, -21.422840505396533 ], [ -50.51610015765241, -21.42284053415089 ], [ -50.516216157766429, -21.422842534154977 ], [ -50.516217590762764, -21.422842552631948 ], [ -50.516238352226388, -21.422842730080777 ], [ -50.516138858950725, -21.42283494365228 ], [ -50.516137438401316, -21.42283483865743 ], [ -50.516022438513225, -21.422826838667266 ], [ -50.515907438511832, -21.422818838669205 ], [ -50.515794566602523, -21.422810986713028 ], [ -50.515681689622681, -21.422800189785846 ], [ -50.515677243911185, -21.422799825251555 ], [ -50.515561761242829, -21.422791929003296 ], [ -50.515448276094489, -21.422782060731063 ], [ -50.515332215020656, -21.422772055422392 ], [ -50.515217276090176, -21.422762060734819 ], [ -50.515217033974864, -21.422762039861286 ], [ -50.515160447142769, -21.422757203380911 ], [ -50.515158020616539, -21.422807410841468 ], [ -50.515275960640324, -21.422812408302242 ], [ -50.515391900649661, -21.422817405718497 ], [ -50.515394773816475, -21.422817504467147 ], [ -50.515510426113636, -21.422820469913258 ] ] ], [ [ [ -50.516337409116311, -21.422554447362373 ], [ -50.51622112577347, -21.42255345349005 ], [ -50.516109501643392, -21.422551528938104 ], [ -50.516211824765314, -21.422559108430423 ], [ -50.516212001291365, -21.422559121410991 ], [ -50.516349001424565, -21.422569121423134 ], [ -50.516350205376874, -21.422554660080159 ], [ -50.516338818054734, -21.422554465425286 ], [ -50.516337409116311, -21.422554447362373 ] ] ], [ [ [ -50.511151332881013, -21.42136415612898 ], [ -50.511044332984333, -21.421354156140573 ], [ -50.511042941784957, -21.421354032073506 ], [ -50.510937782370959, -21.421345103446182 ], [ -50.510833622071978, -21.421335183419334 ], [ -50.510833332874306, -21.421335156134123 ], [ -50.510726332977619, -21.421325156145734 ], [ -50.51061933297531, -21.421315156147475 ], [ -50.510616403303722, -21.421314908715967 ], [ -50.510511869395998, -21.421307019366797 ], [ -50.510406477476444, -21.421297169656185 ], [ -50.510301622060631, -21.421287183427992 ], [ -50.5103013328632, -21.4212871561428 ], [ -50.51019433296652, -21.4212771561544 ], [ -50.510191403296595, -21.421276908723041 ], [ -50.510086869387607, -21.42126901937376 ], [ -50.509981332962298, -21.421259156157902 ], [ -50.509978403293196, -21.421258908726607 ], [ -50.509873869384236, -21.421251019377348 ], [ -50.509768332958103, -21.421241156161408 ], [ -50.509766812511153, -21.421241021171809 ], [ -50.5096598126148, -21.421232021182451 ], [ -50.509658403288064, -21.421231908731961 ], [ -50.509552403391034, -21.421223908741656 ], [ -50.509550760076486, -21.421223792979873 ], [ -50.509444524426641, -21.421216842986244 ], [ -50.509338288207445, -21.421208900093028 ], [ -50.509336760073964, -21.421208792983538 ], [ -50.509229760178201, -21.421201792992299 ], [ -50.509228315610919, -21.421201704858088 ], [ -50.509123038113515, -21.421195745756599 ], [ -50.509016760175989, -21.42118879299602 ], [ -50.508909760174816, -21.421181792997874 ], [ -50.508908315607975, -21.421181704863692 ], [ -50.508802939802266, -21.421175740197555 ], [ -50.508694712384887, -21.42116878981475 ], [ -50.508589574885931, -21.42116184677446 ], [ -50.508483288196807, -21.421153900107807 ], [ -50.508481760064669, -21.421153792998421 ], [ -50.508375467837254, -21.421146839303429 ], [ -50.508268175126233, -21.421138891696934 ], [ -50.508266861073089, -21.421138799641447 ], [ -50.508161574880155, -21.421131846781797 ], [ -50.508055288191088, -21.421123900115155 ], [ -50.50794799417146, -21.421115952373047 ], [ -50.507841812587884, -21.421107021213466 ], [ -50.50783856355558, -21.421106780272286 ], [ -50.507730483871612, -21.421099839377408 ], [ -50.507625403365516, -21.421091908774788 ], [ -50.507625175010929, -21.421091891700058 ], [ -50.507517175115879, -21.421083891709792 ], [ -50.507408938706405, -21.421075947717636 ], [ -50.507302812579347, -21.421067021222612 ], [ -50.507301175006241, -21.4210668917056 ], [ -50.50719317511119, -21.42105889171533 ], [ -50.5071199122088, -21.421053464835186 ], [ -50.507133066583762, -21.421054694216327 ], [ -50.50723746972654, -21.421066513441481 ], [ -50.507240667110622, -21.421066843799714 ], [ -50.507346830244906, -21.421076765590183 ], [ -50.507451231538447, -21.421087599688594 ], [ -50.507556469717429, -21.421099513446428 ], [ -50.507559523900937, -21.421099830358269 ], [ -50.507664080672662, -21.421109694207033 ], [ -50.507769640431995, -21.421121532686232 ], [ -50.507770994224629, -21.421121678840933 ], [ -50.507876231525863, -21.421132599695135 ], [ -50.507981469705037, -21.421144513452994 ], [ -50.507984523890563, -21.421144830365044 ], [ -50.50809052399287, -21.421154830376643 ], [ -50.508196066556238, -21.421164694233148 ], [ -50.508300469696181, -21.421176513457961 ], [ -50.50830352388315, -21.421176830370165 ], [ -50.508409523985463, -21.421186830381764 ], [ -50.508515523983128, -21.421196830383479 ], [ -50.508622667184142, -21.421206843831794 ], [ -50.508625479281818, -21.421207082345681 ], [ -50.508729072065158, -21.421214975131495 ], [ -50.508834522568222, -21.42122483032022 ], [ -50.508939378084683, -21.421234816561753 ], [ -50.508942596629531, -21.421235091250029 ], [ -50.509047130642919, -21.421242980611893 ], [ -50.509152667173446, -21.421252843840499 ], [ -50.50915392647746, -21.421252956654772 ], [ -50.509258296575346, -21.421261902665243 ], [ -50.509364448215798, -21.421271823381105 ], [ -50.509468229421856, -21.42128180234506 ], [ -50.509468667061121, -21.421281843835768 ], [ -50.509575522553611, -21.421291830332386 ], [ -50.509680378068865, -21.421301816573809 ], [ -50.509680667056514, -21.42130184383921 ], [ -50.50978766715982, -21.421311843850802 ], [ -50.509790479261916, -21.421312082365063 ], [ -50.509894072043004, -21.421319975150709 ], [ -50.509999667155633, -21.421329843854288 ], [ -50.510000926461075, -21.421329956668682 ], [ -50.510105926562737, -21.421338956679296 ], [ -50.510107596609998, -21.421339091269431 ], [ -50.510213537976746, -21.421347086846222 ], [ -50.510318479357224, -21.42135508238184 ], [ -50.510320239815947, -21.421355207027961 ], [ -50.510426359205141, -21.421362149420101 ], [ -50.510530479354301, -21.421370082385451 ], [ -50.510535232566646, -21.421370375494277 ], [ -50.510639684797944, -21.421375302488698 ], [ -50.510744138905665, -21.421382200402871 ], [ -50.510747232565137, -21.421382375498016 ], [ -50.51085323266885, -21.421387375504839 ], [ -50.510856291358202, -21.421387491327948 ], [ -50.510959797637113, -21.421390448652559 ], [ -50.511065305079462, -21.421395378908308 ], [ -50.511068291357567, -21.421395491331783 ], [ -50.511171029744354, -21.421398426716831 ], [ -50.511275771126456, -21.421404300066534 ], [ -50.511280246125153, -21.421404490037016 ], [ -50.511384246227237, -21.421407490041872 ], [ -50.511387429767439, -21.421407551111599 ], [ -50.51149010565554, -21.421408528979821 ], [ -50.511593783309259, -21.421412441345275 ], [ -50.511594056645627, -21.421406090519124 ], [ -50.511577005879758, -21.421404321100304 ], [ -50.511575476094301, -21.421404169568788 ], [ -50.511469476196609, -21.42139416958037 ], [ -50.511363476194298, -21.421384169582062 ], [ -50.511256477497433, -21.421374169642675 ], [ -50.511151622078813, -21.421364183414187 ], [ -50.511151332881013, -21.42136415612898 ] ] ], [ [ [ -50.514688400930247, -21.421051071585588 ], [ -50.514575526201611, -21.421041082673547 ], [ -50.51457527563953, -21.42104106069274 ], [ -50.51446112026661, -21.421031134140915 ], [ -50.514348963978513, -21.421020216273906 ], [ -50.514347275634996, -21.421020060696424 ], [ -50.514232275746295, -21.421010060708188 ], [ -50.514117275744134, -21.421000060710043 ], [ -50.514114537888162, -21.420999845624905 ], [ -50.514001907835564, -21.420991941764044 ], [ -50.5138882757402, -21.420982060713854 ], [ -50.513885639413317, -21.420981852785054 ], [ -50.513773362269831, -21.420973903962985 ], [ -50.513661084581045, -21.420964961493947 ], [ -50.513659438104703, -21.420964838661149 ], [ -50.513544488045532, -21.420956842137358 ], [ -50.513430588702903, -21.420948849203082 ], [ -50.513318362263846, -21.420940903970688 ], [ -50.513206084574342, -21.420931961501623 ], [ -50.513201740413635, -21.420931673230093 ], [ -50.513090857559128, -21.420925785647601 ], [ -50.512978970609019, -21.420916952468616 ], [ -50.512977639401583, -21.420916852800474 ], [ -50.512864639511513, -21.420908852810282 ], [ -50.512863191258752, -21.420908756689471 ], [ -50.512750967325218, -21.420901804766668 ], [ -50.512639742833386, -21.420893860161843 ], [ -50.512526639507328, -21.420885852816063 ], [ -50.512525281847608, -21.42088576233224 ], [ -50.512413960889553, -21.420878804774581 ], [ -50.512302420285032, -21.420870908096649 ], [ -50.512191200535192, -21.42086197079707 ], [ -50.512189742717169, -21.420861860161615 ], [ -50.51207841387216, -21.420853908103481 ], [ -50.511966084556661, -21.420844961522633 ], [ -50.511964742714099, -21.420844860165438 ], [ -50.511852795355615, -21.420836863927562 ], [ -50.511742524446007, -21.420828916476804 ], [ -50.511631200526629, -21.420819970806512 ], [ -50.511629742709559, -21.420819860171118 ], [ -50.511519265402718, -21.420811968937414 ], [ -50.511409785499055, -21.420802105884508 ], [ -50.51140674270632, -21.420801860174883 ], [ -50.511295591099113, -21.420793920776653 ], [ -50.511187046865636, -21.420785039886699 ], [ -50.511075720034164, -21.420775099992873 ], [ -50.510964785490749, -21.420765105891839 ], [ -50.510961742699685, -21.420764860182356 ], [ -50.510851199867105, -21.420756964268225 ], [ -50.510740654669178, -21.420747094162778 ], [ -50.51073795493312, -21.420746875483626 ], [ -50.510628636988791, -21.420738925089879 ], [ -50.510518318549849, -21.420729980353343 ], [ -50.51051674269339, -21.420729860189887 ], [ -50.510404742802315, -21.420721860199684 ], [ -50.510292795338835, -21.420713863954333 ], [ -50.510182643622244, -21.420705925094115 ], [ -50.510073438706449, -21.420696990148162 ], [ -50.51006881816857, -21.42069667743262 ], [ -50.509959011563282, -21.420690794938611 ], [ -50.509849200498628, -21.420681970836483 ], [ -50.509847847855305, -21.42068186774733 ], [ -50.509737524416792, -21.420673916510722 ], [ -50.509626200495191, -21.420664970840235 ], [ -50.509621977959036, -21.420664686078567 ], [ -50.509514091309597, -21.42065880135489 ], [ -50.509404200492106, -21.42064997084405 ], [ -50.50940274267883, -21.420649860208957 ], [ -50.509290795319863, -21.420641863971067 ], [ -50.509179847955878, -21.420633867766632 ], [ -50.50917828180765, -21.420633762389496 ], [ -50.509067012543206, -21.420626808062732 ], [ -50.508956530929652, -21.42061891652093 ], [ -50.508846318525102, -21.420609980381752 ], [ -50.508844742671535, -21.420609860218509 ], [ -50.50873419983543, -21.420601964304129 ], [ -50.508623654634057, -21.420592094198398 ], [ -50.508620847838806, -21.420591867768287 ], [ -50.508510524399114, -21.420583916531619 ], [ -50.508399200476831, -21.42057497086109 ], [ -50.508397742665238, -21.420574860226118 ], [ -50.508287265352998, -21.420566968992041 ], [ -50.508177785443301, -21.420557105938602 ], [ -50.508174742661964, -21.420556860229908 ], [ -50.508063471846121, -21.42054891231675 ], [ -50.507952200469724, -21.420539970868639 ], [ -50.507950847829342, -21.420539867779706 ], [ -50.507839847937277, -21.420531867789482 ], [ -50.50772774276637, -21.420523860245442 ], [ -50.507615742764877, -21.420515860247377 ], [ -50.50761437400223, -21.420515768205664 ], [ -50.507504058600475, -21.420508811380756 ], [ -50.507392742762164, -21.420500860251241 ], [ -50.507391281786497, -21.420500762420293 ], [ -50.507280801291934, -21.420493857391893 ], [ -50.507171318499381, -21.420484980410201 ], [ -50.507169742648834, -21.4204848602472 ], [ -50.507057742757759, -21.420476860257022 ], [ -50.507054818138492, -21.420476677484906 ], [ -50.506945070681304, -21.420470798159577 ], [ -50.506836318494607, -21.420461980415954 ], [ -50.506831818136398, -21.420461677488806 ], [ -50.506722011523337, -21.4204557949944 ], [ -50.506612200450611, -21.420446970891621 ], [ -50.506610847812155, -21.420446867802838 ], [ -50.506500524371383, -21.420438916566102 ], [ -50.506389200447167, -21.420429970895412 ], [ -50.5063877426388, -21.42042986026069 ], [ -50.506275795281674, -21.420421864022948 ], [ -50.506165524366402, -21.420413916571807 ], [ -50.506054200442058, -21.420404970901121 ], [ -50.506052954869823, -21.420404875563879 ], [ -50.505944305752934, -21.420396973812331 ], [ -50.505833654587626, -21.420387094245573 ], [ -50.505831063878503, -21.420386883532121 ], [ -50.505722063984443, -21.420378883541893 ], [ -50.505614177561043, -21.420371037222829 ], [ -50.505506394344835, -21.420360258902484 ], [ -50.505504698100339, -21.420360112439468 ], [ -50.505502561382819, -21.420383009777105 ], [ -50.50561256148945, -21.420392009787836 ], [ -50.505614045045149, -21.420392124423572 ], [ -50.505724045152078, -21.42040012443335 ], [ -50.505725532047776, -21.420400225810255 ], [ -50.505834894524767, -21.420407185242823 ], [ -50.505946151211774, -21.420415132150875 ], [ -50.506055422156649, -21.42042307913086 ], [ -50.506166799686319, -21.420432029112732 ], [ -50.506168152101928, -21.42043213218458 ], [ -50.506279152209835, -21.420440132194372 ], [ -50.50628071813054, -21.420440237556267 ], [ -50.506391987506298, -21.420447191894528 ], [ -50.506502469125472, -21.420455083440785 ], [ -50.506612681638146, -21.420464019592185 ], [ -50.506617181767702, -21.420464322504113 ], [ -50.506726988493284, -21.420470205010002 ], [ -50.50683679967667, -21.420479029124223 ], [ -50.506841102585767, -21.420479318247139 ], [ -50.506950679097343, -21.42048524130427 ], [ -50.507061257370168, -21.420493139753876 ], [ -50.507062625909889, -21.420493231780647 ], [ -50.507172211796338, -21.420500142604769 ], [ -50.507282799670492, -21.420509029131903 ], [ -50.507287335973871, -21.420509330704817 ], [ -50.507399006290512, -21.420515208092723 ], [ -50.507507681625626, -21.420524019607601 ], [ -50.507509257254156, -21.420524139753738 ], [ -50.507621204722554, -21.420532136003523 ], [ -50.507732152191366, -21.420540132219489 ], [ -50.507843643226977, -21.420548095900916 ], [ -50.507956121607918, -21.420556975775245 ], [ -50.508066214690551, -21.420566894072685 ], [ -50.508069257246355, -21.420567139763296 ], [ -50.508181257355275, -21.420575139773103 ], [ -50.50829246910051, -21.42058308347147 ], [ -50.50840214075069, -21.420591975769337 ], [ -50.508515600342463, -21.420601928366992 ], [ -50.508518152070714, -21.420602132224982 ], [ -50.508627747680023, -21.420610031010071 ], [ -50.508738345496496, -21.420619905816668 ], [ -50.508741257236807, -21.420620139774726 ], [ -50.508851734658492, -21.420628031021643 ], [ -50.508961214674486, -21.420637894087626 ], [ -50.50896279953384, -21.420638029151483 ], [ -50.509074136520042, -21.420646975875837 ], [ -50.509186409689427, -21.420656911556378 ], [ -50.509298345486044, -21.420666905825946 ], [ -50.509410280021491, -21.420676899982951 ], [ -50.509521214663501, -21.420686894096836 ], [ -50.509633280018022, -21.420696899986698 ], [ -50.509744214659051, -21.420706894100483 ], [ -50.509856213416867, -21.420716894044229 ], [ -50.509966081490887, -21.420726882052925 ], [ -50.509966345362244, -21.420726905827031 ], [ -50.510078280004976, -21.420736899993617 ], [ -50.51018783061199, -21.420746769420095 ], [ -50.510298449304599, -21.420758621424444 ], [ -50.510301345355167, -21.420758905832447 ], [ -50.510413213404547, -21.420768894053229 ], [ -50.510523081479199, -21.420778882061963 ], [ -50.51063421464076, -21.420788894115002 ], [ -50.510637257206724, -21.420789139806441 ], [ -50.510747667919951, -21.420797026288486 ], [ -50.510856081472866, -21.420806882067463 ], [ -50.510859257203521, -21.420807139810183 ], [ -50.510969667916243, -21.420815026292175 ], [ -50.51107808146876, -21.420824882071123 ], [ -50.511079681455122, -21.420825019658366 ], [ -50.511190681562752, -21.420834019669101 ], [ -50.511192257198658, -21.420834139815806 ], [ -50.511304151133189, -21.420842132241738 ], [ -50.511414045069564, -21.420850124529967 ], [ -50.511415718065898, -21.420850237644018 ], [ -50.511526881238545, -21.420857185344587 ], [ -50.511636045066773, -21.420865124533769 ], [ -50.511636257192983, -21.420865139823373 ], [ -50.51174825730191, -21.420873139833176 ], [ -50.511749531971738, -21.420873225913308 ], [ -50.511858105741368, -21.420880135155606 ], [ -50.511967681551397, -21.42088901968226 ], [ -50.511972021917032, -21.420889313957922 ], [ -50.512079908668156, -21.420895198692435 ], [ -50.512189799590736, -21.420904029214281 ], [ -50.512194021914944, -21.420904313961778 ], [ -50.512302638768837, -21.420910238519841 ], [ -50.512413257293673, -21.420918139844577 ], [ -50.512414436375956, -21.420918219813927 ], [ -50.512521997829317, -21.420925127432596 ], [ -50.512630561377556, -21.420934009906194 ], [ -50.512632257180385, -21.420934139840394 ], [ -50.512744151107427, -21.420942132265797 ], [ -50.512853422055677, -21.420950079245998 ], [ -50.512964799579457, -21.420959029227376 ], [ -50.512966044940896, -21.420959124548546 ], [ -50.513076045047853, -21.420967124558281 ], [ -50.513185615385453, -21.420975021557076 ], [ -50.513294081431845, -21.420984882108193 ], [ -50.513295799463755, -21.420985029224028 ], [ -50.513407799572391, -21.42099402923477 ], [ -50.513409044934491, -21.420994124555982 ], [ -50.513517694146159, -21.421002026319226 ], [ -50.513628345408684, -21.421011905897771 ], [ -50.513631044931216, -21.421012124559706 ], [ -50.513739561929555, -21.421020016707455 ], [ -50.5138480814216, -21.421029882117306 ], [ -50.513849799454697, -21.421030029233229 ], [ -50.513961799563319, -21.421039029243985 ], [ -50.513963044926264, -21.421039124565258 ], [ -50.514073045033207, -21.421047124575008 ], [ -50.514184098510945, -21.421055128466286 ], [ -50.514293422032857, -21.421063079270024 ], [ -50.514404799556601, -21.421072029251391 ], [ -50.514406044920172, -21.421072124572735 ], [ -50.514516045027108, -21.421080124582474 ], [ -50.514625362964779, -21.421088074980108 ], [ -50.51473568150876, -21.421097019728663 ], [ -50.514737044915577, -21.421097124578285 ], [ -50.514846302833178, -21.421105070610857 ], [ -50.514955561340393, -21.421114009944983 ], [ -50.514956935900464, -21.421114116617435 ], [ -50.515028667009901, -21.421119381287308 ], [ -50.515032399789611, -21.421082071527497 ], [ -50.514919044783333, -21.421072128108161 ], [ -50.514804689248102, -21.421061189754461 ], [ -50.514803275643864, -21.421061060689027 ], [ -50.514688400930247, -21.421051071585588 ] ] ], [ [ [ -50.508034219524284, -21.424123484930622 ], [ -50.508035255934018, -21.42412360053428 ], [ -50.508155256049228, -21.424136600549005 ], [ -50.508276400777568, -21.424149616165288 ], [ -50.508398543179169, -21.424162631404148 ], [ -50.508399870635436, -21.424162767411463 ], [ -50.508521135315426, -21.424174695087409 ], [ -50.508641400767608, -21.424187616171011 ], [ -50.508642870629444, -21.424187767415322 ], [ -50.508764870747022, -21.424199767429133 ], [ -50.508767536375714, -21.424200007754504 ], [ -50.508780550922467, -21.424201074520916 ], [ -50.508713018077003, -21.424194321237618 ], [ -50.508583640498053, -21.424180388269743 ], [ -50.508582648307282, -21.424180284460501 ], [ -50.508455766241276, -21.424167398003441 ], [ -50.508326882292792, -21.424152526780603 ], [ -50.508324648300352, -21.424152284464547 ], [ -50.508197212094501, -21.424139341727454 ], [ -50.508069474434315, -21.424125478727994 ], [ -50.50794217279909, -21.424110560569751 ], [ -50.507939648289955, -21.424110284470558 ], [ -50.507811713118443, -21.424097291057102 ], [ -50.507685903093346, -21.424084412868268 ], [ -50.507558026428093, -21.42406954349055 ], [ -50.507557192697007, -21.424069448700148 ], [ -50.507554745074316, -21.424069176742119 ], [ -50.507668736795466, -21.424083307949179 ], [ -50.50767125594453, -21.424083600528657 ], [ -50.50779125605974, -21.424096600543379 ], [ -50.50779154307569, -21.424096631381889 ], [ -50.507912880961932, -21.42410956083129 ], [ -50.508034219524284, -21.424123484930622 ] ] ], [ [ [ -50.50903374625728, -21.423649195343813 ], [ -50.509031354789087, -21.423648983352162 ], [ -50.508909614324153, -21.423639085756058 ], [ -50.508786871900149, -21.42362720745875 ], [ -50.50878435478463, -21.423626983356272 ], [ -50.508662614319874, -21.423617085760188 ], [ -50.508539871894889, -21.423605207462764 ], [ -50.508537354780181, -21.42360498336037 ], [ -50.508415017076523, -21.423595037208067 ], [ -50.50829267885269, -21.423584096393295 ], [ -50.508291354775913, -21.423583983364473 ], [ -50.50816840915175, -21.423573987787531 ], [ -50.508047732478374, -21.42356409625955 ], [ -50.507925999540525, -21.423552219877131 ], [ -50.507923463406613, -21.423551992239052 ], [ -50.507801463524885, -21.423541992250975 ], [ -50.507679743210531, -21.423532096256935 ], [ -50.507559129249863, -21.423520232590398 ], [ -50.507555027833618, -21.423519880892762 ], [ -50.507432745953246, -21.423510933440582 ], [ -50.507312797433521, -21.423501101597108 ], [ -50.507192129242277, -21.42348923259642 ], [ -50.507189573805803, -21.423489001338854 ], [ -50.507069918575169, -21.423479112479487 ], [ -50.50695026106262, -21.423467245620451 ], [ -50.506947573801298, -21.423467001342871 ], [ -50.50682657391858, -21.423457001354762 ], [ -50.506705253242927, -21.423447057002146 ], [ -50.50658604234566, -21.423436129338459 ], [ -50.506584686025583, -21.423436010662815 ], [ -50.506465364462606, -21.423426067201635 ], [ -50.506346042340866, -21.423415129342416 ], [ -50.506344686021201, -21.423415010666805 ], [ -50.506224686137479, -21.423405010678689 ], [ -50.506104686135401, -21.423395010680707 ], [ -50.505984686133331, -21.423385010682725 ], [ -50.505982149197138, -21.423384818992339 ], [ -50.505865533725164, -21.42337691286129 ], [ -50.505748916226707, -21.423367030024078 ], [ -50.505629800220817, -21.423357020236502 ], [ -50.505627243982261, -21.42335682545232 ], [ -50.505511700204536, -21.423348925025678 ], [ -50.505397154153883, -21.42333905036773 ], [ -50.505395640581995, -21.423338926916291 ], [ -50.5052786406956, -21.423329926927174 ], [ -50.505277340388631, -21.423329832078917 ], [ -50.505161340501537, -21.423321832088821 ], [ -50.505045340500125, -21.423313832090837 ], [ -50.505043405338945, -21.423338433106906 ], [ -50.505106723953581, -21.423343939074552 ], [ -50.505106965841115, -21.42334395992847 ], [ -50.505223844884291, -21.423353949592471 ], [ -50.505338723949251, -21.423363939078435 ], [ -50.505338965836863, -21.423363959932356 ], [ -50.505455965950155, -21.423373959944179 ], [ -50.505457465732739, -21.423374081229678 ], [ -50.505574655484736, -21.423383019433512 ], [ -50.505689845974466, -21.423392949649962 ], [ -50.505690199796476, -21.423392979767353 ], [ -50.50580776379276, -21.423402859097443 ], [ -50.505924330444607, -21.423414713334871 ], [ -50.505927083788258, -21.423414969981739 ], [ -50.506045083902549, -21.423424969993579 ], [ -50.506045426112522, -21.423424998634879 ], [ -50.506166254988983, -21.423434984494698 ], [ -50.506282843456475, -21.423444864875812 ], [ -50.506401605102653, -21.423456741042163 ], [ -50.506404313876423, -21.423456989327001 ], [ -50.506524313992706, -21.423466989338884 ], [ -50.506643025426229, -21.423476881960951 ], [ -50.506762739081417, -21.423488754391325 ], [ -50.506765426099349, -21.423488998646874 ], [ -50.506886426216631, -21.423498998658758 ], [ -50.507006813869808, -21.423508948054003 ], [ -50.507128202092524, -21.423519892895754 ], [ -50.507129313863338, -21.423519989339113 ], [ -50.507249313979628, -21.423529989350975 ], [ -50.507249645137783, -21.423530016610918 ], [ -50.507372590870716, -21.423540012201226 ], [ -50.507494481349823, -21.423550003226328 ], [ -50.507615426204012, -21.423559998670981 ], [ -50.50761706847603, -21.423560126128425 ], [ -50.507740246976191, -21.42356906650598 ], [ -50.50786042620004, -21.423578998675133 ], [ -50.507860752031128, -21.423579025277547 ], [ -50.507984752151401, -21.423589025289502 ], [ -50.507987301669154, -21.423589210991011 ], [ -50.508108918163394, -21.423597121009596 ], [ -50.508229536606251, -21.423607007768897 ], [ -50.508352645241281, -21.423617016639408 ], [ -50.508355387531118, -21.423617216559663 ], [ -50.508478679609837, -21.423625170889803 ], [ -50.508600308405832, -21.423634070560002 ], [ -50.508722645235707, -21.423644016645707 ], [ -50.508725472029099, -21.423644221996021 ], [ -50.508850429846611, -21.423652219298621 ], [ -50.508973679603862, -21.423660170898351 ], [ -50.509095972160154, -21.423669119136118 ], [ -50.509097301655871, -21.423669211010143 ], [ -50.509220301775727, -21.423677211020156 ], [ -50.50922047202365, -21.423677222004613 ], [ -50.509345472145483, -21.423685222014679 ], [ -50.50934670892601, -21.423685296499592 ], [ -50.509470005141459, -21.423692256772309 ], [ -50.509592301771811, -21.423700211026652 ], [ -50.509592472019847, -21.42370022201111 ], [ -50.509652209611772, -21.423704045218201 ], [ -50.509530999574473, -21.423692219850935 ], [ -50.509528142680068, -21.423691966236614 ], [ -50.509403852411374, -21.42368202301763 ], [ -50.509280561552352, -21.423671085927278 ], [ -50.509279354793534, -21.423670983348046 ], [ -50.509157551405423, -21.423661080636212 ], [ -50.50903374625728, -21.423649195343813 ] ] ], [ [ [ -50.508131698186915, -21.423308788995399 ], [ -50.508009973884377, -21.42330087197028 ], [ -50.507887410870502, -21.423290987858064 ], [ -50.507766573887565, -21.423281001332683 ], [ -50.507764931376911, -21.423280873856804 ], [ -50.507641752995731, -21.42327193349297 ], [ -50.507521573883587, -21.423262001336827 ], [ -50.507399463470762, -21.423251992251366 ], [ -50.507276520428491, -21.423241996848144 ], [ -50.507157242177335, -21.423232056996206 ], [ -50.507035797993375, -21.423221107112774 ], [ -50.507034573755767, -21.423221001335104 ], [ -50.506913573873042, -21.423211001347006 ], [ -50.506793918517914, -21.423201112477361 ], [ -50.506674261000299, -21.423189245617809 ], [ -50.50667168597947, -21.42318901065499 ], [ -50.506551686095754, -21.423179010666885 ], [ -50.506433041646574, -21.423169123632096 ], [ -50.506314394977785, -21.423157258966931 ], [ -50.506311916071354, -21.423157029998276 ], [ -50.506193916185651, -21.42314703001011 ], [ -50.506193573740511, -21.42314700134914 ], [ -50.506072744980315, -21.423137015503457 ], [ -50.505956294078608, -21.423127146785529 ], [ -50.505839669633296, -21.423115286674122 ], [ -50.505836800058113, -21.423115020216649 ], [ -50.505717977102286, -21.42310503509654 ], [ -50.505602154107024, -21.423095050357631 ], [ -50.50560053412498, -21.423094918755549 ], [ -50.505483284445269, -21.423085975985785 ], [ -50.505367155084755, -21.42307605040132 ], [ -50.505252276130989, -21.423066060929141 ], [ -50.505252034015008, -21.423066040055545 ], [ -50.505135155083401, -21.423056050405453 ], [ -50.505121856376306, -21.42305489399638 ], [ -50.505120575866378, -21.423066835191726 ], [ -50.505236952928669, -21.423077776627302 ], [ -50.50535433051985, -21.423089713333432 ], [ -50.505473468984711, -21.423101727357608 ], [ -50.505474705282069, -21.423101847314005 ], [ -50.505592155025269, -21.423112796021226 ], [ -50.505710256925028, -21.42312460621368 ], [ -50.505828911522663, -21.42313844925183 ], [ -50.505832957743529, -21.423138870659059 ], [ -50.505952414167467, -21.423149820833657 ], [ -50.506073738001618, -21.423161754327619 ], [ -50.506193605166494, -21.423173741046259 ], [ -50.506195321259533, -21.423173903581695 ], [ -50.506317595772728, -21.423184838703268 ], [ -50.506438870972922, -21.423196767413451 ], [ -50.506441426154161, -21.42319699864801 ], [ -50.506561276424762, -21.423206903631645 ], [ -50.506684128343394, -21.423218792528829 ], [ -50.506689301725181, -21.423219210974633 ], [ -50.50681107882491, -21.423227131439081 ], [ -50.506934857429158, -21.423237033729208 ], [ -50.506937301722203, -21.423237210978922 ], [ -50.507059078821712, -21.423245131443348 ], [ -50.507182857425477, -21.423255033733447 ], [ -50.507184163414024, -21.423255132986807 ], [ -50.507309163535574, -21.423264132997826 ], [ -50.50731309600458, -21.423264368907446 ], [ -50.507436783438152, -21.423270305906989 ], [ -50.507559817606023, -21.423278180095739 ], [ -50.50768416353128, -21.423287133004361 ], [ -50.507685637121121, -21.423287232463622 ], [ -50.507812554658891, -21.423295227271467 ], [ -50.507937472202528, -21.423303221996498 ], [ -50.507938855929453, -21.42330330471097 ], [ -50.508063555681815, -21.423310232477732 ], [ -50.508188256920867, -21.42331913971087 ], [ -50.508189555246723, -21.423319227294805 ], [ -50.508315555369542, -21.423327227304892 ], [ -50.508316783034104, -21.423327300651831 ], [ -50.508441209999347, -21.423334268564357 ], [ -50.508567637237235, -21.423342232486917 ], [ -50.508570158561561, -21.423342371920917 ], [ -50.508589956669162, -21.42334331468842 ], [ -50.508502027926205, -21.423336880879553 ], [ -50.50850061232412, -21.423336783426745 ], [ -50.508377984537994, -21.423328871959399 ], [ -50.508256409113798, -21.423318987780295 ], [ -50.50813446348257, -21.423308992238955 ], [ -50.508131698186915, -21.423308788995399 ] ] ], [ [ [ -50.508518836718935, -21.422518942053792 ], [ -50.508390836716941, -21.42250894205597 ], [ -50.508261787235341, -21.422498938192572 ], [ -50.508133836713007, -21.422488942060308 ], [ -50.508005836711042, -21.422478942062487 ], [ -50.507877836709064, -21.422468942064651 ], [ -50.507748787223157, -21.422458938200919 ], [ -50.507620836705122, -21.422448942069003 ], [ -50.507492836703143, -21.422438942071174 ], [ -50.507363787223639, -21.422428938207958 ], [ -50.507235886823494, -21.42241894599152 ], [ -50.507110159688551, -21.422409046219851 ], [ -50.506983380646375, -21.422397160686504 ], [ -50.50698073773944, -21.422396934378892 ], [ -50.506851888383679, -21.422386946059138 ], [ -50.506727270619891, -21.422377055763111 ], [ -50.5066015005292, -21.422365171976853 ], [ -50.506598936931738, -21.422364949948577 ], [ -50.50647252371563, -21.422354996154557 ], [ -50.506345110107993, -21.422344046549764 ], [ -50.506344142432141, -21.422343966263721 ], [ -50.506220322317304, -21.42233406065721 ], [ -50.506094500519069, -21.422322171985229 ], [ -50.506092038868715, -21.42232195801612 ], [ -50.506042399773669, -21.422318018406315 ], [ -50.506041751299612, -21.422323755595958 ], [ -50.506152251957246, -21.422334706113798 ], [ -50.506265752972162, -21.422346653590989 ], [ -50.506268724032601, -21.422346939112177 ], [ -50.506382161514544, -21.422356803243666 ], [ -50.506493602266779, -21.422368637661364 ], [ -50.506496724027869, -21.422368939115923 ], [ -50.506611724139162, -21.422378939127711 ], [ -50.506614461812589, -21.422379154198602 ], [ -50.506727091951497, -21.422387058070491 ], [ -50.50684072413523, -21.422396939131566 ], [ -50.506955724133078, -21.422406939133463 ], [ -50.507070724130891, -21.422416939135381 ], [ -50.507073360276827, -21.422417147049988 ], [ -50.507185750580199, -21.422425103887871 ], [ -50.507300141270363, -21.422434056204626 ], [ -50.507415141268567, -21.422443056206568 ], [ -50.507530141266813, -21.42245205620851 ], [ -50.507531561577693, -21.422452161185788 ], [ -50.507645851161456, -21.422460111767844 ], [ -50.507759307005983, -21.422468990923015 ], [ -50.507871473662547, -21.422478917177564 ], [ -50.507874561572933, -21.422479161191657 ], [ -50.507989561684845, -21.422487161201534 ], [ -50.508103851155887, -21.422495111775739 ], [ -50.508218141256485, -21.42250405622023 ], [ -50.508219561568531, -21.422504161197583 ], [ -50.508334561680442, -21.422512161207443 ], [ -50.508449561678987, -21.422520161209437 ], [ -50.508563851149532, -21.422528111783617 ], [ -50.508678141249923, -21.42253705622808 ], [ -50.508679461784496, -21.422537154233915 ], [ -50.508793461895415, -21.42254515424376 ], [ -50.508794984914303, -21.422545254033363 ], [ -50.508909223141202, -21.422552207666897 ], [ -50.509021801287432, -21.422560107889669 ], [ -50.509136141243509, -21.422569056235915 ], [ -50.509137561556962, -21.422569161213385 ], [ -50.509151074553102, -21.422570101248148 ], [ -50.50903383672717, -21.42256094204512 ], [ -50.508906992264407, -21.422551032324222 ], [ -50.508778146351069, -21.422539138857182 ], [ -50.508775737767181, -21.422538934348488 ], [ -50.5086467872475, -21.422528938186534 ], [ -50.508518836718935, -21.422518942053792 ] ] ], [ [ [ -50.506553473626063, -21.422113917152348 ], [ -50.506666473735365, -21.422123917164075 ], [ -50.50677947373314, -21.422133917165951 ], [ -50.506893536832507, -21.422143922752067 ], [ -50.507006473728751, -21.422153917169702 ], [ -50.507009360318854, -21.422154147054773 ], [ -50.507120979128828, -21.422162049273911 ], [ -50.507233600035718, -21.422171928302419 ], [ -50.507236360315673, -21.42217214705866 ], [ -50.507347915866944, -21.422180044799294 ], [ -50.507459473720722, -21.422189917177285 ], [ -50.507461029196897, -21.422190047400729 ], [ -50.507575029307503, -21.422199047411532 ], [ -50.507576561617256, -21.422199161192371 ], [ -50.507691461014204, -21.422207154196016 ], [ -50.507803694575415, -21.422215099937084 ], [ -50.507917029302497, -21.422224047417377 ], [ -50.50791836030632, -21.422224147070324 ], [ -50.50803136041624, -21.422232147080162 ], [ -50.508144360414803, -21.422240147082103 ], [ -50.508257745298252, -21.422248103949808 ], [ -50.508371029295866, -21.422257047425123 ], [ -50.508372461829211, -21.422257154234515 ], [ -50.508486411117893, -21.422265150677902 ], [ -50.50859863753999, -21.422273095913578 ], [ -50.5087109153258, -21.422282038393881 ], [ -50.508712461824743, -21.422282154240332 ], [ -50.508825688263506, -21.422290099957657 ], [ -50.508937915322385, -21.422299038397735 ], [ -50.50894225933034, -21.422299326659278 ], [ -50.509053142259113, -21.422305214251136 ], [ -50.509165029284404, -21.422314047438665 ], [ -50.509166360290095, -21.422314147091743 ], [ -50.509279360400008, -21.422322147101568 ], [ -50.509393461928482, -21.422330154259932 ], [ -50.509394808453166, -21.422330243211249 ], [ -50.50950708418366, -21.422337198347254 ], [ -50.509619360395831, -21.422345147107428 ], [ -50.509731966518984, -21.422353049325533 ], [ -50.509843473681869, -21.422362917217576 ], [ -50.509844915197931, -21.422363038404324 ], [ -50.509957915307552, -21.422372038415094 ], [ -50.509959360279616, -21.4223721471053 ], [ -50.510070851447125, -21.422380040287834 ], [ -50.510181345139124, -21.422389905797544 ], [ -50.510184360276419, -21.42239014710912 ], [ -50.51029597908164, -21.422398049327896 ], [ -50.510408599983329, -21.422407928355916 ], [ -50.510409681167786, -21.422408019606976 ], [ -50.510520140400125, -21.422416975763134 ], [ -50.510633599979158, -21.422426928359652 ], [ -50.51063615177133, -21.422427132222726 ], [ -50.510745874969153, -21.422435040203357 ], [ -50.510858407062372, -21.422444911441278 ], [ -50.510969214303351, -21.422454894077539 ], [ -50.510972461794012, -21.422455154278797 ], [ -50.511084836581269, -21.422463040231371 ], [ -50.511194214299266, -21.422472894081277 ], [ -50.511305619588384, -21.422482841036924 ], [ -50.511416894852431, -21.422493769859276 ], [ -50.511418473541369, -21.422493917233766 ], [ -50.51153140932454, -21.422503911552941 ], [ -50.51164327965207, -21.422513899977051 ], [ -50.51175421428789, -21.422523894090382 ], [ -50.511865619577009, -21.422533841046029 ], [ -50.511976894840032, -21.422544769868296 ], [ -50.511978081007683, -21.422544882032636 ], [ -50.512088081113994, -21.422554882044281 ], [ -50.512199214278738, -21.422564894097615 ], [ -50.512311345098013, -21.422574905832501 ], [ -50.512423345095804, -21.42258490583432 ], [ -50.512429047698724, -21.422528908284178 ], [ -50.512359084226155, -21.422523955119544 ], [ -50.512247526489816, -21.422514082755026 ], [ -50.512244639655052, -21.422513852850582 ], [ -50.512133020962843, -21.422505950644741 ], [ -50.51202040017494, -21.422496071629826 ], [ -50.51201908474097, -21.422495961552858 ], [ -50.511906084850601, -21.422486961563624 ], [ -50.511904639650233, -21.422486852856313 ], [ -50.511791639760169, -21.422478852866121 ], [ -50.511791438339124, -21.422478838730235 ], [ -50.511677204912679, -21.422470892059408 ], [ -50.511563970880914, -21.422461952532348 ], [ -50.511562639645732, -21.422461852862124 ], [ -50.51145030549074, -21.422453900003852 ], [ -50.511336970877522, -21.422444952536186 ], [ -50.511335438333127, -21.422444838737981 ], [ -50.511221983711096, -21.422436946245107 ], [ -50.511110526470389, -21.422427082773989 ], [ -50.511107438329937, -21.422426838741842 ], [ -50.510993261934189, -21.422418896038401 ], [ -50.510881680573732, -21.422410009029317 ], [ -50.510767276011279, -21.422400060808364 ], [ -50.510764639634644, -21.422399852875639 ], [ -50.510652958771438, -21.422391946268316 ], [ -50.510539338020536, -21.422382066204637 ], [ -50.510425400147504, -21.422372071656426 ], [ -50.510422438320319, -21.422371838753431 ], [ -50.510308858254497, -21.422363937533994 ], [ -50.510195276001227, -21.422354060817906 ], [ -50.510194084712445, -21.422353961583543 ], [ -50.510081084822069, -21.422344961594309 ], [ -50.510079438315579, -21.422344838759255 ], [ -50.509964438427488, -21.422336838769116 ], [ -50.509850148840663, -21.422328888191469 ], [ -50.509735858849425, -21.422319943759192 ], [ -50.509734438311142, -21.422319838765148 ], [ -50.509619539021934, -21.422311845773233 ], [ -50.509506639728805, -21.422303852904932 ], [ -50.509505014957014, -21.422303745944323 ], [ -50.509390677849581, -21.422296786296599 ], [ -50.509275389327883, -21.422288835365951 ], [ -50.509161148831176, -21.422280888203247 ], [ -50.509046858839817, -21.422271943770962 ], [ -50.509045538081573, -21.422271845748561 ], [ -50.508931538192499, -21.422263845758408 ], [ -50.508930014950792, -21.422263745954272 ], [ -50.508815776833707, -21.422256792332085 ], [ -50.50870319868087, -21.422248892112837 ], [ -50.508588858833406, -21.422239943778795 ], [ -50.5085874382969, -21.4222398387849 ], [ -50.508472438408795, -21.422231838794769 ], [ -50.508357438407394, -21.422223838796739 ], [ -50.508243148819403, -21.422215888219032 ], [ -50.508128858826844, -21.422206943786652 ], [ -50.508127438291012, -21.422206838792803 ], [ -50.508012438402929, -21.422198838802679 ], [ -50.507898983661548, -21.422190946301516 ], [ -50.507787526415228, -21.422181082829894 ], [ -50.507785858708282, -21.422180943783616 ], [ -50.507670858819907, -21.422171943794421 ], [ -50.507669438284871, -21.42217183880064 ], [ -50.507555148809331, -21.422163888230749 ], [ -50.507440858816494, -21.422154943798365 ], [ -50.507325858814752, -21.422145943800313 ], [ -50.507210858812961, -21.422136943802268 ], [ -50.507209639587323, -21.422136852936461 ], [ -50.507097958718923, -21.422128946328773 ], [ -50.506984275949357, -21.422119060872173 ], [ -50.506869275947167, -21.422109060874082 ], [ -50.506754275945028, -21.422099060875997 ], [ -50.506751538050764, -21.422098845787836 ], [ -50.506638908018104, -21.422090941928431 ], [ -50.506526838454576, -21.422081196751101 ], [ -50.50641539780473, -21.422069362347344 ], [ -50.50641227582507, -21.422069060871817 ], [ -50.506298762938592, -21.422059190188619 ], [ -50.506186247100629, -21.422047346417781 ], [ -50.50618524855858, -21.422047244386736 ], [ -50.506074248665534, -21.422036244399376 ], [ -50.506070513623342, -21.422069289122202 ], [ -50.50610053685201, -21.422071922739306 ], [ -50.506213473744559, -21.422081917156607 ], [ -50.506325823795656, -21.422091859641295 ], [ -50.50643910516029, -21.422102790301164 ], [ -50.50655203593913, -21.422113783564903 ], [ -50.506553473626063, -21.422113917152348 ] ] ], [ [ [ -50.505565592812289, -21.421732088643644 ], [ -50.505454852198554, -21.421722112013772 ], [ -50.505344918835945, -21.421712118073703 ], [ -50.505344766596707, -21.421713586314986 ], [ -50.505458854404843, -21.421722951734179 ], [ -50.505591192440505, -21.421734892010246 ], [ -50.505593824786359, -21.421735108241069 ], [ -50.505633627037213, -21.421738056556823 ], [ -50.505565592812289, -21.421732088643644 ] ] ], [ [ [ -50.508810058158353, -21.421700284519449 ], [ -50.508922141395225, -21.421709056252567 ], [ -50.508926410934876, -21.421709334647126 ], [ -50.508953176538306, -21.421710731113926 ], [ -50.508872998577623, -21.421704878709487 ], [ -50.508810058158353, -21.421700284519449 ] ] ], [ [ [ -50.508194295315064, -21.42165397337466 ], [ -50.50806059030532, -21.421642088486809 ], [ -50.508058086116975, -21.421641885137429 ], [ -50.507922130667957, -21.421631888415725 ], [ -50.507787682704993, -21.421621929309993 ], [ -50.507651190047092, -21.421610970047766 ], [ -50.507649998425215, -21.421610878720475 ], [ -50.507513691466478, -21.421600929310181 ], [ -50.507379383990958, -21.421589985740258 ], [ -50.507377998421347, -21.421589878725115 ], [ -50.507241691462795, -21.421579929314841 ], [ -50.507107383986643, -21.421568985744877 ], [ -50.507106086103377, -21.421568885153665 ], [ -50.506971339078326, -21.421558977287138 ], [ -50.506837590284007, -21.421547088507371 ], [ -50.506834998413417, -21.421546878734354 ], [ -50.506699295290751, -21.421536973399938 ], [ -50.506565590279116, -21.421525088511931 ], [ -50.50656418989459, -21.421524970055298 ], [ -50.506427890373288, -21.421514026300869 ], [ -50.506293590274012, -21.421502088516458 ], [ -50.506291175063829, -21.421501891733808 ], [ -50.506157437520308, -21.421491985252057 ], [ -50.506024698167465, -21.421480098147754 ], [ -50.506023482956657, -21.421479993858945 ], [ -50.505890036792366, -21.421469039325718 ], [ -50.505755590263995, -21.421457088525436 ], [ -50.505753175055467, -21.421456891742938 ], [ -50.505619492345495, -21.421446989322948 ], [ -50.505487807655975, -21.421435107999457 ], [ -50.505486482947383, -21.421434993867962 ], [ -50.505352483077274, -21.421423993881092 ], [ -50.505351356970479, -21.421423905326659 ], [ -50.505261358235124, -21.421417138506087 ], [ -50.505257915368354, -21.421455038339989 ], [ -50.505370915477982, -21.421464038350777 ], [ -50.505372561735719, -21.421464161167357 ], [ -50.505487511906622, -21.421472157703107 ], [ -50.505600092113632, -21.421480058070998 ], [ -50.505713724314433, -21.42148993913354 ], [ -50.505716561731113, -21.421490161173256 ], [ -50.505830738250623, -21.421498103890038 ], [ -50.505942915469284, -21.421507038360541 ], [ -50.505944561728114, -21.42150716117721 ], [ -50.506059511899622, -21.421515157712982 ], [ -50.506172801465567, -21.421523107860217 ], [ -50.506287141430811, -21.421532056207184 ], [ -50.506288461946902, -21.421532154211661 ], [ -50.5064018014628, -21.421540107864203 ], [ -50.506516141427454, -21.421549056211106 ], [ -50.506517461943886, -21.421549154215601 ], [ -50.506631462054791, -21.421557154225464 ], [ -50.506746561831172, -21.421565161198927 ], [ -50.506747985051497, -21.421565254015672 ], [ -50.506862172486429, -21.421572204557549 ], [ -50.506974360521774, -21.421580147075097 ], [ -50.50697456171514, -21.42158016119501 ], [ -50.507088851308161, -21.421588111777712 ], [ -50.50720314141784, -21.421597056222915 ], [ -50.507207410949981, -21.421597334616976 ], [ -50.507320160891048, -21.42160321722541 ], [ -50.507430915447962, -21.421612038386066 ], [ -50.507433985044145, -21.421612254027622 ], [ -50.507548273202552, -21.421619210700459 ], [ -50.507662561820091, -21.421627161214815 ], [ -50.50766533584062, -21.421627330689265 ], [ -50.507777236628414, -21.421633220207152 ], [ -50.507890141408751, -21.421642056234781 ], [ -50.507894410943919, -21.421642334629031 ], [ -50.508007160883423, -21.421648217237387 ], [ -50.508117915438717, -21.421657038397914 ], [ -50.508120985037088, -21.421657254039634 ], [ -50.508235985149248, -21.42166425404854 ], [ -50.508237410940929, -21.421664334635043 ], [ -50.508350985519577, -21.421670260267788 ], [ -50.508464561810896, -21.421678161228762 ], [ -50.508465808545473, -21.421678243207776 ], [ -50.508578184998655, -21.42168520458323 ], [ -50.508692561808211, -21.421693161232703 ], [ -50.508694071007689, -21.421693259260454 ], [ -50.508807999957639, -21.421700134285857 ], [ -50.508736086836308, -21.421694885154231 ], [ -50.508601730880152, -21.421684932863823 ], [ -50.508466286328947, -21.42167397779205 ], [ -50.508465175095971, -21.421673891696845 ], [ -50.508330175227165, -21.421663891709009 ], [ -50.508329998434995, -21.42166387870888 ], [ -50.508194295315064, -21.42165397337466 ] ] ], [ [ [ -50.511368761027896, -21.421598929052927 ], [ -50.511255275853834, -21.421589060778452 ], [ -50.511253640288864, -21.421588926764432 ], [ -50.511137458450371, -21.42157998970232 ], [ -50.511023275849674, -21.421570060782322 ], [ -50.510907153819694, -21.421560050218805 ], [ -50.510904438193819, -21.421559838726033 ], [ -50.510790858112308, -21.421551937505502 ], [ -50.510677275843584, -21.421542060788049 ], [ -50.51067424371012, -21.421541825316567 ], [ -50.510558761014778, -21.421533929066509 ], [ -50.51044527583965, -21.421524060791935 ], [ -50.510443858597121, -21.421523943717897 ], [ -50.510329446413436, -21.421514989723189 ], [ -50.510213033839868, -21.421505039932477 ], [ -50.510210438184167, -21.421504838737796 ], [ -50.510095488131903, -21.421496842214516 ], [ -50.509982198555932, -21.421488892071082 ], [ -50.509867858701789, -21.421479943736518 ], [ -50.509866438179749, -21.421479838743689 ], [ -50.509751438291659, -21.42147183875354 ], [ -50.50963534021956, -21.421463831962612 ], [ -50.5096340148419, -21.421463745923973 ], [ -50.509519726794409, -21.421456789262518 ], [ -50.509405438287509, -21.42144883875952 ], [ -50.509404014839525, -21.421448745927965 ], [ -50.509289776714709, -21.421441792305316 ], [ -50.509176538061723, -21.421433845734942 ], [ -50.509175014837162, -21.421433745931946 ], [ -50.509060014949334, -21.421426745940856 ], [ -50.50905858893276, -21.421426665341684 ], [ -50.508945725871556, -21.421420776836918 ], [ -50.508832858688116, -21.421411943754315 ], [ -50.508829928856578, -21.421411740727176 ], [ -50.508714683824927, -21.421404786287948 ], [ -50.508600438278165, -21.421396838773468 ], [ -50.508599191321252, -21.421396756779863 ], [ -50.508486814975008, -21.421389795415536 ], [ -50.50837243827548, -21.421381838777428 ], [ -50.508369588926705, -21.421381665353746 ], [ -50.508255302133051, -21.421375702566834 ], [ -50.508142550884109, -21.421368839449656 ], [ -50.508031084642184, -21.421359961608886 ], [ -50.508026588923713, -21.421359665359763 ], [ -50.507913725860327, -21.421353776854883 ], [ -50.507800858674564, -21.421344943772102 ], [ -50.507796664027865, -21.421344669299543 ], [ -50.507684051961839, -21.421338742351221 ], [ -50.507570438266271, -21.421330838791366 ], [ -50.50756901482093, -21.421330745960017 ], [ -50.507455550876401, -21.421323839461607 ], [ -50.507344084632926, -21.421314961620727 ], [ -50.50733958891766, -21.42131466537182 ], [ -50.507226725852604, -21.421308776866859 ], [ -50.507113858665477, -21.421299943783971 ], [ -50.507112438147416, -21.421299838791438 ], [ -50.506997538862926, -21.42129184579985 ], [ -50.506884639562216, -21.421283852931012 ], [ -50.506883014813575, -21.421283745971948 ], [ -50.506768726763376, -21.421276789310333 ], [ -50.506654488086085, -21.421268842273772 ], [ -50.506541198511911, -21.421260892130483 ], [ -50.506426858655857, -21.421251943795781 ], [ -50.506425537916456, -21.421251845774776 ], [ -50.506312198507764, -21.421243892134324 ], [ -50.506197858652499, -21.421234943799686 ], [ -50.506196537913404, -21.42123484577872 ], [ -50.506082538024295, -21.421226845788567 ], [ -50.505968261724632, -21.421218896104829 ], [ -50.505856084611587, -21.421209961646255 ], [ -50.505854438131436, -21.421209838813155 ], [ -50.505740858042451, -21.421201937592119 ], [ -50.505627275765811, -21.421192060874017 ], [ -50.505624537905724, -21.421191845788556 ], [ -50.505510538016637, -21.421183845798407 ], [ -50.505396261716882, -21.421175896114654 ], [ -50.505284084602906, -21.42116696165602 ], [ -50.505282550306696, -21.42118385152585 ], [ -50.505325807784935, -21.421187856848611 ], [ -50.505327438891712, -21.421187999698059 ], [ -50.505435622932211, -21.421196932327501 ], [ -50.505542807780564, -21.421206856852194 ], [ -50.505650807778274, -21.421216856853984 ], [ -50.50575880777599, -21.421226856855743 ], [ -50.505867876744603, -21.42123686324376 ], [ -50.505975807771406, -21.421246856859302 ], [ -50.506084945816987, -21.421256869584617 ], [ -50.50608782487857, -21.421257108262555 ], [ -50.506194315004933, -21.421264996422487 ], [ -50.506300807764951, -21.421274856864692 ], [ -50.50640994581056, -21.421284869590014 ], [ -50.506411314289011, -21.421284989381814 ], [ -50.506518560676682, -21.42129392658298 ], [ -50.506625807758276, -21.421303856870033 ], [ -50.506628824869857, -21.421304108271663 ], [ -50.506735384142587, -21.421312001553542 ], [ -50.50684294580212, -21.421321869597186 ], [ -50.506845824866517, -21.421322108275344 ], [ -50.506953005815312, -21.4213300476071 ], [ -50.507059187499465, -21.421338978778472 ], [ -50.507060824863359, -21.421339108279014 ], [ -50.507168824968311, -21.421347108288742 ], [ -50.507276005810496, -21.421355047612597 ], [ -50.507382187494166, -21.421363978783926 ], [ -50.507383935871005, -21.42136411646997 ], [ -50.507492880416116, -21.421372112401869 ], [ -50.507600710781695, -21.421380099838348 ], [ -50.507706596710051, -21.421388091231059 ], [ -50.507708436314381, -21.421388219715382 ], [ -50.507815810543242, -21.421395115310542 ], [ -50.507921187485628, -21.421403978793077 ], [ -50.507922824851143, -21.421404108293739 ], [ -50.508030768358722, -21.421412104111091 ], [ -50.508137711885702, -21.421420099890735 ], [ -50.508139138799265, -21.421420200346208 ], [ -50.50824448166518, -21.421427156952671 ], [ -50.50835182495176, -21.42143510830897 ], [ -50.508353239806887, -21.421435206989244 ], [ -50.508459475559953, -21.421442156993958 ], [ -50.508565711879967, -21.421450099898074 ], [ -50.508567138794177, -21.421450200353604 ], [ -50.508673138897436, -21.42145720036234 ], [ -50.50867343630307, -21.421457219732041 ], [ -50.508782436409291, -21.42146421974083 ], [ -50.508783684267136, -21.421464295125169 ], [ -50.508888961864493, -21.421470254236592 ], [ -50.508995239905225, -21.421477207007307 ], [ -50.509102239904045, -21.421484207009168 ], [ -50.509103684264197, -21.421484295130789 ], [ -50.509208961862036, -21.421490254242237 ], [ -50.509314475549623, -21.421497157008755 ], [ -50.509420711869339, -21.421505099912849 ], [ -50.509422239795079, -21.421505207007812 ], [ -50.50952841790987, -21.421512153241803 ], [ -50.509632891744751, -21.421520038061377 ], [ -50.509738426877291, -21.42152891485016 ], [ -50.509844667112155, -21.421538843845759 ], [ -50.509847596576442, -21.421539091259842 ], [ -50.509952130583308, -21.421546980621205 ], [ -50.510057667107944, -21.421556843849263 ], [ -50.510060596573041, -21.421557091263413 ], [ -50.510165130579779, -21.421564980624758 ], [ -50.510270522490679, -21.421574830337569 ], [ -50.510375378007062, -21.421584816579092 ], [ -50.51037566699582, -21.421584843844581 ], [ -50.510482667099133, -21.421594843856187 ], [ -50.510485596565914, -21.421595091270486 ], [ -50.510590130571515, -21.421602980631747 ], [ -50.510695667094943, -21.421612843859677 ], [ -50.510802522482102, -21.421622830346447 ], [ -50.510907377995714, -21.42163281658771 ], [ -50.510909058082028, -21.421632967911709 ], [ -50.511014362283156, -21.421641908836573 ], [ -50.511120522473249, -21.421651830351426 ], [ -50.511225377988879, -21.421661816592867 ], [ -50.511225666978, -21.421661843858399 ], [ -50.511332595421663, -21.421671837172852 ], [ -50.511438523874681, -21.421681830425033 ], [ -50.511543758575407, -21.421691758229152 ], [ -50.511648994185904, -21.421702678907394 ], [ -50.511650377875597, -21.421702816589789 ], [ -50.511755377976925, -21.421712816601367 ], [ -50.511764524856737, -21.421628610183546 ], [ -50.511716640411201, -21.421624926765517 ], [ -50.511715438205201, -21.421624838712336 ], [ -50.511601797013924, -21.421616933240681 ], [ -50.511487153829854, -21.421607050209168 ], [ -50.511484243721313, -21.421606825302867 ], [ -50.511368761027896, -21.421598929052927 ] ] ], [ [ [ -50.505789123224332, -21.420939136754033 ], [ -50.505681192295491, -21.420929143151476 ], [ -50.505573192293205, -21.420919143153249 ], [ -50.505465192290927, -21.420909143155022 ], [ -50.505463560972998, -21.420909000287139 ], [ -50.505355377035187, -21.420900067670676 ], [ -50.505327184737041, -21.420897457273149 ], [ -50.505325479336925, -21.420917082290298 ], [ -50.505430479438893, -21.420925082299991 ], [ -50.505432138876778, -21.420925200306026 ], [ -50.505537425174431, -21.420932153176881 ], [ -50.505643711970457, -21.420940099854921 ], [ -50.505645035955176, -21.420940193480774 ], [ -50.505749373745282, -21.420947149335554 ], [ -50.505855711967591, -21.420955099858578 ], [ -50.50585713887169, -21.420955200313404 ], [ -50.505962425169585, -21.420962153184274 ], [ -50.506068711964716, -21.420970099862252 ], [ -50.506070339031126, -21.420970213413018 ], [ -50.506177525176852, -21.420977160665405 ], [ -50.506283711961842, -21.420985099865966 ], [ -50.506285239876135, -21.420985206960133 ], [ -50.50637184619935, -21.420990872796157 ], [ -50.506331123234403, -21.420987136745008 ], [ -50.506223192306535, -21.420977143142522 ], [ -50.506220174989515, -21.420976891723882 ], [ -50.506113615815295, -21.420968998454121 ], [ -50.506006123225959, -21.420959136750202 ], [ -50.505898192300073, -21.420949143147922 ], [ -50.505789123224332, -21.420939136754033 ] ] ], [ [ [ -50.507058332851258, -21.420757156199258 ], [ -50.50695140439948, -21.420747162887992 ], [ -50.506845476048312, -21.420737169649247 ], [ -50.506842288018554, -21.420736900121057 ], [ -50.506736050585857, -21.420728957137616 ], [ -50.506629812512557, -21.4207200212266 ], [ -50.506628288015349, -21.420719900124702 ], [ -50.506521345661405, -21.420711904436654 ], [ -50.506415403297666, -21.420703908788475 ], [ -50.506413759995411, -21.420703793027538 ], [ -50.50630752433932, -21.420696843033515 ], [ -50.506201288114916, -21.420688900139922 ], [ -50.50619966083962, -21.42068878657464 ], [ -50.506092474796404, -21.420681839333309 ], [ -50.505986288112048, -21.420673900143633 ], [ -50.505984861000663, -21.420673799674262 ], [ -50.505879574803132, -21.420666846814303 ], [ -50.505773288109161, -21.420658900147309 ], [ -50.505771963917965, -21.420658806506882 ], [ -50.505667626226405, -21.420651850662896 ], [ -50.5055612881063, -21.420643900150957 ], [ -50.505559860995568, -21.420643799681638 ], [ -50.505454691155641, -21.42063685450572 ], [ -50.505368858695363, -21.420630314891049 ], [ -50.505368045004921, -21.420640124413193 ], [ -50.505475822410197, -21.420647962772623 ], [ -50.50558360572596, -21.420658741105466 ], [ -50.505588045001481, -21.420659124416908 ], [ -50.50569799054702, -21.420667120458599 ], [ -50.505805639789614, -21.420675021322811 ], [ -50.505916345488892, -21.420684905761838 ], [ -50.505919044996702, -21.420685124422572 ], [ -50.506028422110106, -21.420693079123929 ], [ -50.506139799637594, -21.420702029105637 ], [ -50.506141152058156, -21.420702132177844 ], [ -50.506252152166084, -21.420710132187647 ], [ -50.506363528149535, -21.420718087651107 ], [ -50.5064747996325, -21.420727029111351 ], [ -50.50647615205358, -21.420727132183615 ], [ -50.506586475598461, -21.420735083432319 ], [ -50.506697799629052, -21.420744029115149 ], [ -50.50670218173375, -21.420744322500017 ], [ -50.506811929295601, -21.42075020183642 ], [ -50.506920681583843, -21.420759019590768 ], [ -50.506925181731667, -21.420759322503926 ], [ -50.507035718602097, -21.420765244124489 ], [ -50.507145469069293, -21.420773083445336 ], [ -50.507255681579061, -21.420782019596519 ], [ -50.507258718081033, -21.420782237567359 ], [ -50.50736998745284, -21.420789191905364 ], [ -50.507398133291517, -21.420791202322871 ], [ -50.50738000572769, -21.420789321160914 ], [ -50.507378332752978, -21.42078915618422 ], [ -50.507272933382993, -21.42077930577825 ], [ -50.507168530335754, -21.42076748656681 ], [ -50.507165332747952, -21.420767156187654 ], [ -50.507058332851258, -21.420757156199258 ] ] ] ] } },
{ "type": "Feature", "properties": { "CHAVE": null, "FAZENDA": "Faz. ABC", "NOME_FAZ": null, "ZONA": null, "TALHAO": null, "AREA_TOTAL": null, "TIPO_GEO": "VOO_PROCESSADO", "DATA_INICI": "13-04-2026", "DATA_FINAL": "13-04-2026", "HORA_INICI": "14:41:19", "HORA_FINAL": "14:41:19", "CLASSE": "APLICADO", "PILOTO": "valmir alves", "AERONAVE": "PS-CBA", "AREA_HA": 0.0040920352055330003 }, "geometry": { "type": "MultiPolygon", "coordinates": [ [ [ [ -50.515425062606724, -21.42501505015602 ], [ -50.515450937364875, -21.424726949840011 ], [ -50.515323937488134, -21.424716949851991 ], [ -50.515298062483453, -21.425005050144055 ], [ -50.515425062606724, -21.42501505015602 ] ] ], [ [ [ -50.514788162989376, -21.424965058017882 ], [ -50.514916162987419, -21.424975058020021 ], [ -50.515045261818095, -21.424985065713511 ], [ -50.515070738153895, -21.424696934282583 ], [ -50.514941787620259, -21.4246869381195 ], [ -50.514813837108633, -21.42467694198805 ], [ -50.514685837106676, -21.424666941990182 ], [ -50.514556738273278, -21.424656934301019 ], [ -50.514428012088814, -21.424647032260609 ], [ -50.51430138113151, -21.424635160610126 ], [ -50.514270618835347, -21.424922839385438 ], [ -50.514398618958964, -21.424934839399324 ], [ -50.514401359027154, -21.424935073208594 ], [ -50.51453131042031, -21.42494506947196 ], [ -50.514660212346136, -21.424955061871614 ], [ -50.514788162989376, -21.424965058017882 ] ] ], [ [ [ -50.505999468689232, -21.423884727333359 ], [ -50.506116346223919, -21.423896513306161 ], [ -50.506232230888564, -21.423911244409059 ], [ -50.506234959318412, -21.423911568095029 ], [ -50.506352959431609, -21.423924568109722 ], [ -50.50646967945498, -21.423937427097989 ], [ -50.50658681838302, -21.423952192511077 ], [ -50.506706235208412, -21.42396811475658 ], [ -50.50671025597461, -21.423968600514076 ], [ -50.506828911974381, -21.423981454916756 ], [ -50.50694757090529, -21.423996287284897 ], [ -50.507067570900794, -21.424011287286621 ], [ -50.50707025596337, -21.424011600519542 ], [ -50.507188911962338, -21.424024454922144 ], [ -50.507307570892358, -21.42403928729016 ], [ -50.507427570887877, -21.424054287291888 ], [ -50.50742891116159, -21.424054449238497 ], [ -50.50754832368888, -21.424068380702494 ], [ -50.50755474497003, -21.424069176731457 ], [ -50.507431192817826, -21.424055448715929 ], [ -50.507429648276343, -21.424055284478573 ], [ -50.507301713107189, -21.424042291065337 ], [ -50.507174777942893, -21.424029297704376 ], [ -50.507173500757482, -21.424029171999361 ], [ -50.507047205471103, -21.424017238589069 ], [ -50.506921909502701, -21.4240043112293 ], [ -50.506920622519715, -21.424004183554715 ], [ -50.506795266293871, -21.423992244869087 ], [ -50.506669909496374, -21.423979311233325 ], [ -50.506668746199985, -21.423979195385471 ], [ -50.506544262245349, -21.423967244928299 ], [ -50.506417777924042, -21.423954297716463 ], [ -50.506416746194084, -21.423954195389538 ], [ -50.50629174631468, -21.423942195403395 ], [ -50.506166746311827, -21.423930195405433 ], [ -50.506165446006847, -21.423930075779573 ], [ -50.506041223200391, -21.423919144175152 ], [ -50.505918999613918, -21.423907219924775 ], [ -50.505887000351706, -21.424194780070618 ], [ -50.506010000470312, -21.42420678008445 ], [ -50.506011553840828, -21.424206924203247 ], [ -50.506135903537576, -21.424217866979088 ], [ -50.506260253774876, -21.42422980460389 ], [ -50.506384737722321, -21.424241755065349 ], [ -50.506511222162302, -21.42425470229362 ], [ -50.506512253645539, -21.424254804596117 ], [ -50.506636671882639, -21.424266748749378 ], [ -50.506762090588715, -21.424279688776714 ], [ -50.506763377325036, -21.424279816426875 ], [ -50.506888733668212, -21.42429175512877 ], [ -50.507014090582381, -21.424304688780722 ], [ -50.507015499086506, -21.424304827982226 ], [ -50.50714186033651, -21.424316767630454 ], [ -50.507268222143459, -21.424329702305695 ], [ -50.507395578974112, -21.424342637038219 ], [ -50.50752039026046, -21.424356504961125 ], [ -50.507648973655144, -21.424371456520902 ], [ -50.507651222007517, -21.424371702298849 ], [ -50.507778222129751, -21.424384702313695 ], [ -50.507905088204083, -21.424397587203956 ], [ -50.508031827282856, -21.424412439441646 ], [ -50.508033224537485, -21.42441259712875 ], [ -50.508162224661312, -21.424426597144588 ], [ -50.508163351540809, -21.42442671551585 ], [ -50.50829023372318, -21.424439601990262 ], [ -50.508419117791732, -21.424454473230917 ], [ -50.508421351533876, -21.424454715519889 ], [ -50.508548855382251, -21.424467665132038 ], [ -50.508678359589268, -21.424481611741143 ], [ -50.508679604744771, -21.424481741043607 ], [ -50.508809604870002, -21.424494741058524 ], [ -50.508810736998427, -21.424494850320603 ], [ -50.508939107842693, -21.424506791797086 ], [ -50.509067479218643, -21.424519728449482 ], [ -50.509068853265049, -21.424519861099252 ], [ -50.509198351731051, -21.424531814806379 ], [ -50.509329850532076, -21.424544765448065 ], [ -50.509330853259357, -21.424544861103506 ], [ -50.509460853384944, -21.424556861117466 ], [ -50.509462104794743, -21.424556971817267 ], [ -50.509591478847426, -21.424567918855082 ], [ -50.509720853379669, -21.424579861121714 ], [ -50.509721080586097, -21.42457988193572 ], [ -50.509853080713683, -21.424591881949731 ], [ -50.50985535909394, -21.424592073131933 ], [ -50.509984731782779, -21.424602024879807 ], [ -50.510114104911196, -21.424612971838918 ], [ -50.510115549361721, -21.42461308766179 ], [ -50.510246200304863, -21.424622985463401 ], [ -50.510374853366997, -21.424634861132493 ], [ -50.510377261759594, -21.424635065625004 ], [ -50.510506261884849, -21.424645065637044 ], [ -50.510506549355647, -21.42464508766836 ], [ -50.510638454280745, -21.424655080468128 ], [ -50.510768359208008, -21.424665073157154 ], [ -50.510769615912814, -21.424665164991758 ], [ -50.510898987358459, -21.424674121479033 ], [ -50.511028359204282, -21.424684073161572 ], [ -50.511029787477, -21.424684176784037 ], [ -50.5111610730834, -21.42469312807803 ], [ -50.511290359200565, -21.424703073166011 ], [ -50.511420359198638, -21.424713073168192 ], [ -50.511421615904368, -21.42471316500286 ], [ -50.51155098734889, -21.42472212149007 ], [ -50.511680359194926, -21.42473207317261 ], [ -50.511810359192964, -21.424742073174798 ], [ -50.51194035919103, -21.424752073176986 ], [ -50.512070359189075, -21.424762073179174 ], [ -50.512200359187148, -21.424772073181362 ], [ -50.512330359185192, -21.424782073183554 ], [ -50.512332875007324, -21.424782247344218 ], [ -50.512461518125292, -21.424790163846616 ], [ -50.512588163022023, -21.424800057980928 ], [ -50.512588359053481, -21.42480007317808 ], [ -50.512718359179729, -21.424810073190127 ], [ -50.512719615887335, -21.424810165024926 ], [ -50.512848987331694, -21.424819121512105 ], [ -50.512978359176024, -21.424829073194509 ], [ -50.512980874999954, -21.424829247355294 ], [ -50.513109518116693, -21.424837163857614 ], [ -50.513236163012699, -21.424847057991869 ], [ -50.513238874997114, -21.424847247359722 ], [ -50.513367616323009, -21.424855169905651 ], [ -50.51349635916894, -21.424865073203293 ], [ -50.513497702311199, -21.42486517099924 ], [ -50.513628570706715, -21.424874161960108 ], [ -50.513755898927727, -21.42488311472809 ], [ -50.51388535916346, -21.424893073209873 ], [ -50.514015359161512, -21.42490307321205 ], [ -50.514040640810663, -21.424614926784045 ], [ -50.513910640936906, -21.424604926796082 ], [ -50.513780640934947, -21.424594926798278 ], [ -50.51377956085885, -21.424594847286457 ], [ -50.513651560983398, -21.4245858472975 ], [ -50.51365129753605, -21.424585828985983 ], [ -50.513520969461723, -21.424576875151416 ], [ -50.51339164092947, -21.424566926804843 ], [ -50.513389124853148, -21.424566752626678 ], [ -50.5132604818603, -21.424558836137642 ], [ -50.513133837083338, -21.424548942016209 ], [ -50.513131124850311, -21.424548752631097 ], [ -50.513002383646224, -21.424540830098252 ], [ -50.512873640922393, -21.424530926813638 ], [ -50.512872383960733, -21.424530834960304 ], [ -50.512743012640371, -21.424521878486843 ], [ -50.5126137389394, -21.424511934358115 ], [ -50.512485837074003, -21.424501942027156 ], [ -50.51248312484293, -21.42450175264219 ], [ -50.512354383637927, -21.424493830109299 ], [ -50.512225640913222, -21.424483926824607 ], [ -50.512095640911255, -21.424473926826774 ], [ -50.511965640909317, -21.424463926828974 ], [ -50.511835640907364, -21.424453926831156 ], [ -50.511705640905447, -21.424443926833344 ], [ -50.511575640903473, -21.424433926835547 ], [ -50.511574383943696, -21.424433834982356 ], [ -50.51144501262231, -21.424424878508834 ], [ -50.511315640899753, -21.424414926839948 ], [ -50.511185640897821, -21.424404926842151 ], [ -50.511184212369407, -21.42440482320119 ], [ -50.511052926889803, -21.424395871921138 ], [ -50.510923640894106, -21.42438592684659 ], [ -50.510922383935245, -21.424385834993476 ], [ -50.510793012612893, -21.424376878519876 ], [ -50.510663640890392, -21.424366926850997 ], [ -50.51066345048865, -21.424366912315669 ], [ -50.51053159436168, -21.424356923217587 ], [ -50.510403943261714, -21.424347027786201 ], [ -50.510275146725888, -21.424335138877066 ], [ -50.510272450482574, -21.424334912322237 ], [ -50.510141173124715, -21.424324967070515 ], [ -50.510011895184455, -21.424314028169949 ], [ -50.510010640751958, -21.424313926852122 ], [ -50.509881780822603, -21.424304014552629 ], [ -50.509751032988149, -21.424292128387833 ], [ -50.509621146713201, -21.424280138887848 ], [ -50.509619895049035, -21.424280028165576 ], [ -50.509490521119055, -21.424269081143329 ], [ -50.509361648237217, -21.42425718518729 ], [ -50.509230149560508, -21.424244234562252 ], [ -50.509229146576644, -21.42424413888239 ], [ -50.509099834040377, -21.424232202343195 ], [ -50.508971520870233, -21.424219271560698 ], [ -50.508970262844038, -21.424219149661031 ], [ -50.50884182924635, -21.424207202352186 ], [ -50.508780550458091, -21.424201074487097 ], [ -50.508888267415188, -21.424209903744007 ], [ -50.509010000460762, -21.424221780140456 ], [ -50.509012536371245, -21.424222007758576 ], [ -50.509134536489519, -21.424232007770474 ], [ -50.509137214308524, -21.424232205299496 ], [ -50.509257928875179, -21.424240121011422 ], [ -50.50937959074006, -21.42425001222173 ], [ -50.509501536483732, -21.424260007776653 ], [ -50.509502971940933, -21.42426011912119 ], [ -50.509625972060505, -21.424269119132163 ], [ -50.509627125605775, -21.424269199467648 ], [ -50.509748125723647, -21.424277199477618 ], [ -50.509748387433199, -21.424277216571411 ], [ -50.509870905630102, -21.42428512097397 ], [ -50.509990426063304, -21.424294998697338 ], [ -50.509992068352219, -21.4242951261561 ], [ -50.510116068472797, -21.424304126167097 ], [ -50.510117301561351, -21.424304211015365 ], [ -50.510238918042113, -21.424312121033083 ], [ -50.510359536470816, -21.42432200779119 ], [ -50.510362301558366, -21.424322211019557 ], [ -50.510484025962747, -21.424330128056656 ], [ -50.510606752010723, -21.424340025320333 ], [ -50.510607774353488, -21.424340104563964 ], [ -50.510728774471083, -21.424349104574912 ], [ -50.51073038742139, -21.424349216588265 ], [ -50.510853015310502, -21.42435712806769 ], [ -50.510974590708663, -21.424367012248119 ], [ -50.511096536459384, -21.424377007803635 ], [ -50.511099301549287, -21.424377211032169 ], [ -50.511220972425882, -21.424385124587783 ], [ -50.511342645093912, -21.424395016676328 ], [ -50.5113438739317, -21.424395111953562 ], [ -50.511465874050295, -21.424404111964499 ], [ -50.511588253905288, -21.424413066619863 ], [ -50.51170953644985, -21.42442300781396 ], [ -50.511710971910624, -21.424423119158757 ], [ -50.511833253901919, -21.424432066623996 ], [ -50.511954536445913, -21.424442007818055 ], [ -50.512077590696755, -21.424452012267075 ], [ -50.512199536441791, -21.424462007822129 ], [ -50.512322590706496, -21.424472012272275 ], [ -50.512444536437698, -21.424482007826203 ], [ -50.51256764507405, -21.424492016696803 ], [ -50.512690645072027, -21.424502016698852 ], [ -50.512693214263621, -21.424502205360138 ], [ -50.512813982348938, -21.42451012458146 ], [ -50.512936588920461, -21.424520012210003 ], [ -50.513057426014257, -21.424529998748799 ], [ -50.513057751849757, -21.424530025351572 ], [ -50.513181698454552, -21.424540021047768 ], [ -50.513304645062192, -21.424550016709105 ], [ -50.513427590672315, -21.424560012289394 ], [ -50.513549536419553, -21.424570007844611 ], [ -50.513672645056083, -21.424580016715218 ], [ -50.513795645054046, -21.424590016717261 ], [ -50.513797068298153, -21.424590126220366 ], [ -50.513920356404576, -21.424599074553146 ], [ -50.514042645050147, -21.424609016721373 ], [ -50.514166698441755, -21.424619021064398 ], [ -50.514289645046063, -21.424629016725472 ], [ -50.514412645044025, -21.424639016727518 ], [ -50.514413971870866, -21.424639119204119 ], [ -50.514536414349443, -21.424648078412257 ], [ -50.514660804484166, -21.424658029625071 ], [ -50.514784698436685, -21.424668021075071 ], [ -50.514907645036033, -21.424678016735747 ], [ -50.514907857033087, -21.424678033833381 ], [ -50.515032088698973, -21.424687972369167 ], [ -50.515154321057793, -21.424698903720238 ], [ -50.515155960590164, -21.424699042089543 ], [ -50.515281802796821, -21.424709029568572 ], [ -50.515404645027701, -21.424719016743953 ], [ -50.515404857024876, -21.424719033841605 ], [ -50.515529857146156, -21.424729033853541 ], [ -50.515532301491561, -21.424729211107035 ], [ -50.51565530161141, -21.424737211117041 ], [ -50.515676698364558, -21.424448788879406 ], [ -50.51555492140664, -21.424440868429471 ], [ -50.515431248948296, -21.4244309746346 ], [ -50.515308355062373, -21.424420983263929 ], [ -50.515308039258976, -21.424420957894544 ], [ -50.515182859539998, -21.424411022998754 ], [ -50.515122771333985, -21.424405649269001 ], [ -50.51522416370257, -21.424412138375988 ], [ -50.515347857201675, -21.424422033857645 ], [ -50.51535047190783, -21.424422222102873 ], [ -50.515474817418315, -21.42443018021801 ], [ -50.515599163332411, -21.42443913312578 ], [ -50.515600301533993, -21.424439211114681 ], [ -50.51572330165385, -21.424447211124669 ], [ -50.515744698322102, -21.424158788871768 ], [ -50.515683799680708, -21.424154827996997 ], [ -50.515706142729812, -21.423909966126775 ], [ -50.51558114285109, -21.423899966138698 ], [ -50.515578527911813, -21.42389977787677 ], [ -50.515454942445871, -21.423891868409683 ], [ -50.515333354963914, -21.423881983250208 ], [ -50.51533044473701, -21.423881772579144 ], [ -50.515205847379946, -21.42387386163859 ], [ -50.515083248056108, -21.423863974598017 ], [ -50.51508174319747, -21.423863860176059 ], [ -50.514955743320023, -21.423854860187063 ], [ -50.514954612408353, -21.423854783317385 ], [ -50.514830612529202, -21.423846783327416 ], [ -50.514707224735815, -21.423838822827044 ], [ -50.514583489936925, -21.423829913923761 ], [ -50.514459142834781, -21.42381996615757 ], [ -50.514456527898751, -21.423819777895876 ], [ -50.51433161314992, -21.423811783354214 ], [ -50.514209921300349, -21.423803868439762 ], [ -50.514087445538046, -21.42379407038101 ], [ -50.514070657571224, -21.42379245874189 ], [ -50.514147757392159, -21.423797240115501 ], [ -50.514275078272448, -21.423805197673012 ], [ -50.514402439283749, -21.423814152746164 ], [ -50.514403637037248, -21.423814232578003 ], [ -50.514530637161066, -21.42382223258808 ], [ -50.514530796992872, -21.423822242578183 ], [ -50.51465975738396, -21.423830240124122 ], [ -50.514787078267453, -21.423838197681846 ], [ -50.51491443927776, -21.423847152754927 ], [ -50.514915717631048, -21.423847237644125 ], [ -50.515043717755852, -21.423855237654205 ], [ -50.515171479241481, -21.4238631608691 ], [ -50.515298163180425, -21.42387305805358 ], [ -50.515299439146929, -21.423873152752609 ], [ -50.515427439271477, -21.423882152763639 ], [ -50.515428796983301, -21.423882242593557 ], [ -50.515557717065413, -21.423890237639725 ], [ -50.51568463714873, -21.423898232607865 ], [ -50.515705362827887, -21.423609767388651 ], [ -50.515596333735814, -21.423602899422175 ], [ -50.51562093711761, -21.423328949803128 ], [ -50.515612203293614, -21.42332826210373 ], [ -50.515633395980636, -21.423086714232081 ], [ -50.515652530389978, -21.423088022562716 ], [ -50.515765310454555, -21.423098810222328 ], [ -50.515769561464104, -21.423099161325148 ], [ -50.515884561576037, -21.423107161334997 ], [ -50.515999561574603, -21.423115161336959 ], [ -50.51611385103827, -21.423123111910609 ], [ -50.516228141132657, -21.423132056354579 ], [ -50.516253858839107, -21.422843943641492 ], [ -50.516238352244571, -21.422842730086852 ], [ -50.51633388636408, -21.422843546613827 ], [ -50.516450182051678, -21.422845534576176 ], [ -50.516567182051553, -21.42284753457832 ], [ -50.516569999941879, -21.422847558660891 ], [ -50.516683578732888, -21.422847558663474 ], [ -50.516798157765962, -21.422849534165657 ], [ -50.5168038422254, -21.422560465831715 ], [ -50.516687842339422, -21.422558465835806 ], [ -50.51668499994188, -21.422558441334509 ], [ -50.516571409114988, -21.422558441337088 ], [ -50.516455818054858, -21.422556465423146 ], [ -50.516350205379084, -21.422554660083783 ], [ -50.516372516292954, -21.422286671218 ], [ -50.516365176277183, -21.422286626014976 ], [ -50.516364428516773, -21.422286625027212 ], [ -50.516295561640696, -21.422286867190849 ], [ -50.516225219545433, -21.4222872032772 ], [ -50.516224654118183, -21.422287202876117 ], [ -50.51615180432244, -21.422286751454152 ], [ -50.516150386945519, -21.422286755668107 ], [ -50.516082407803395, -21.422287581161459 ], [ -50.516082018516414, -21.422287586869352 ], [ -50.516007637863645, -21.422288864854686 ], [ -50.516006872732497, -21.422288881790841 ], [ -50.51593273505123, -21.422290890144691 ], [ -50.51593113597503, -21.422290908634682 ], [ -50.51586484011797, -21.422290646281603 ], [ -50.515864433613821, -21.422290645741903 ], [ -50.515793624285259, -21.422290737935644 ], [ -50.515793383442812, -21.422290737686275 ], [ -50.515719057740249, -21.422290487004094 ], [ -50.515718537961767, -21.422290482628927 ], [ -50.515646681704865, -21.422289515266002 ], [ -50.515645438555836, -21.422289508529172 ], [ -50.515575861780327, -21.422289691053773 ], [ -50.515575237943416, -21.422289688913573 ], [ -50.515507232797688, -21.422289043881694 ], [ -50.515436666209311, -21.422288357999438 ], [ -50.515433675823481, -21.422288386796243 ], [ -50.515414198933556, -21.422288951382246 ], [ -50.515393620672612, -21.422494930262332 ], [ -50.515530620805187, -21.422506930276395 ], [ -50.515532824641966, -21.422507108409189 ], [ -50.515667824773168, -21.422517108421321 ], [ -50.515802766470202, -21.422527030631997 ], [ -50.515938620798138, -21.422538930283125 ], [ -50.515940913609036, -21.42253911498242 ], [ -50.516076869194727, -21.4225491117191 ], [ -50.516109501483676, -21.422551528936342 ], [ -50.516106516371742, -21.422551477467955 ], [ -50.515989911862157, -21.422548512948662 ], [ -50.515873633237803, -21.422544537612922 ], [ -50.515756657427481, -21.422540538442043 ], [ -50.515641301328785, -21.422536560647821 ], [ -50.515522920837412, -21.422531586679511 ], [ -50.515520226057248, -21.422531495525003 ], [ -50.515404663243388, -21.422528532378532 ], [ -50.515290099446936, -21.42252359428543 ], [ -50.515171979366684, -21.422518589155494 ], [ -50.515160447147117, -21.422757203391644 ], [ -50.515100034088157, -21.422752039873043 ], [ -50.515072085780076, -21.423038730218501 ], [ -50.514983640666443, -21.423031926738702 ], [ -50.514854375701475, -21.423021983282446 ], [ -50.514727110252139, -21.423011046409897 ], [ -50.514725640534202, -21.423010926733124 ], [ -50.514596894417664, -21.423001023188498 ], [ -50.514518149894286, -21.422993754464386 ], [ -50.514518124377744, -21.422994670708114 ], [ -50.514517999910822, -21.422996942642882 ], [ -50.51451361304418, -21.423050578550658 ], [ -50.514511493576421, -21.423060794311493 ], [ -50.514497601849783, -21.423101779658399 ], [ -50.51448776383824, -21.423118033705997 ], [ -50.514452625513499, -21.423155253727714 ], [ -50.514450440175395, -21.4231573130645 ], [ -50.514441067794564, -21.423246331986746 ], [ -50.514349651283553, -21.423239853643153 ], [ -50.514345724249999, -21.423239575349523 ], [ -50.51429688118025, -21.423267502642208 ], [ -50.514290348024815, -21.423270626302489 ], [ -50.514239963821538, -21.423290351293684 ], [ -50.514230004936863, -21.423293115295134 ], [ -50.514164286302147, -21.423304332011057 ], [ -50.514162101823914, -21.423304656597772 ], [ -50.514091847231121, -21.423313554889862 ], [ -50.51408963898632, -21.423313753575734 ], [ -50.514072523702872, -21.42350282384248 ], [ -50.514040520719639, -21.423500839148009 ], [ -50.51391383689873, -21.423490941976262 ], [ -50.513912560684204, -21.423490847258879 ], [ -50.513785249219865, -21.42348189567409 ], [ -50.513658937264871, -21.423471949852871 ], [ -50.513656282205652, -21.42347176236645 ], [ -50.513529560344686, -21.42346384225289 ], [ -50.513402887013775, -21.423453945900711 ], [ -50.513275937259294, -21.423443949859305 ], [ -50.513275737932432, -21.423443934285949 ], [ -50.513185075815819, -21.423436906227028 ], [ -50.513210937081702, -21.423148949843547 ], [ -50.51308398811446, -21.423138953864179 ], [ -50.512958039148693, -21.423128957916759 ], [ -50.512830937201002, -21.423118949859756 ], [ -50.512703988109671, -21.423108953870621 ], [ -50.512578039142689, -21.423098957923102 ], [ -50.512450937195041, -21.423088949866113 ], [ -50.512323937193045, -21.423078949868255 ], [ -50.512322743067017, -21.423078860209429 ], [ -50.512247269648682, -21.423073469263826 ], [ -50.512266282110083, -21.422806762378009 ], [ -50.512139462036238, -21.422798836126127 ], [ -50.512010640619515, -21.422788926788236 ], [ -50.512009383687804, -21.422788834937105 ], [ -50.511879383814325, -21.422779834948205 ], [ -50.511878124603172, -21.42277975261657 ], [ -50.51174938336856, -21.422771830081839 ], [ -50.511620640614211, -21.422761926794887 ], [ -50.511618124600318, -21.422761752621035 ], [ -50.511488754383912, -21.422753791379517 ], [ -50.511360012345264, -21.422744878471477 ], [ -50.511230640608915, -21.422734926801525 ], [ -50.511228124596045, -21.42273475262774 ], [ -50.511098124722828, -21.422726752637899 ], [ -50.510969383359068, -21.422718830095253 ], [ -50.510840640603746, -21.422708926808216 ], [ -50.510710738626187, -21.422698934350777 ], [ -50.510582836752263, -21.422688942019136 ], [ -50.510582640471682, -21.422688926802682 ], [ -50.51045268919313, -21.422678930552866 ], [ -50.510323737919613, -21.422668934332414 ], [ -50.510195011700134, -21.422659032289335 ], [ -50.510068380705142, -21.422647160635336 ], [ -50.510065640463559, -21.422646926811396 ], [ -50.509936952567344, -21.422637027745278 ], [ -50.509809262640509, -21.422625149614369 ], [ -50.509807894734784, -21.422625028120368 ], [ -50.509677894860701, -21.422614028133388 ], [ -50.509676836611348, -21.422613942024462 ], [ -50.509550109617898, -21.422604041480888 ], [ -50.509423380692269, -21.42259216064593 ], [ -50.509420640452994, -21.422591926822175 ], [ -50.509291321328, -21.422581979199769 ], [ -50.509163001680093, -21.42257103721635 ], [ -50.509161836602928, -21.42257094203309 ], [ -50.509151074589866, -21.422570101254827 ], [ -50.50925256166888, -21.422577161223245 ], [ -50.509368659740389, -21.422585168018266 ], [ -50.509369984908069, -21.422585254043305 ], [ -50.509484172331881, -21.4225922045845 ], [ -50.509596360355204, -21.422600147101178 ], [ -50.509596561551433, -21.422600161221297 ], [ -50.509710851134457, -21.422608111803299 ], [ -50.509825141233911, -21.422617056247677 ], [ -50.509826561548429, -21.422617161225233 ], [ -50.509941561660341, -21.422625161235093 ], [ -50.510055738053197, -21.422633103943028 ], [ -50.510167319408509, -21.422641990955576 ], [ -50.51028172407905, -21.422651939189659 ], [ -50.51028456154225, -21.422652161233032 ], [ -50.510398079540522, -21.422660058139812 ], [ -50.510510599931528, -21.422669928351088 ], [ -50.510625724072952, -21.42267993919538 ], [ -50.510628360229532, -21.422680147110821 ], [ -50.510740041197081, -21.422688053730447 ], [ -50.510853724069008, -21.422697939199185 ], [ -50.510854915136214, -21.422698038415099 ], [ -50.510967915245836, -21.422707038425884 ], [ -50.510969561532647, -21.422707161244627 ], [ -50.511083016263143, -21.422715053750167 ], [ -50.511194473607418, -21.422724917233463 ], [ -50.511197561529471, -21.422725161248461 ], [ -50.511311795065048, -21.422733107931528 ], [ -50.511425029204617, -21.422742047470649 ], [ -50.511426360218451, -21.42274214712435 ], [ -50.511538694479931, -21.422750099994659 ], [ -50.511652029201223, -21.422759047474475 ], [ -50.511653561523453, -21.422759161256231 ], [ -50.511768460920813, -21.422767154259887 ], [ -50.511880637449941, -21.422775095963299 ], [ -50.511992257260623, -21.422783986038702 ], [ -50.512105599904118, -21.422793928377683 ], [ -50.512108360209133, -21.422794147135917 ], [ -50.51221991574689, -21.422802044875581 ], [ -50.512331473587999, -21.422811917252432 ], [ -50.512334360205912, -21.422812147139712 ], [ -50.512445979002507, -21.42282004935787 ], [ -50.512558536685262, -21.4228299228404 ], [ -50.512671473581797, -21.422839917258027 ], [ -50.512698521108021, -21.422571949612273 ], [ -50.512694092985576, -21.422567256341505 ], [ -50.512692313878048, -21.422565257521157 ], [ -50.512679712466344, -21.422550240798223 ], [ -50.512587526496027, -21.42254208274942 ], [ -50.512473400182877, -21.4225320716223 ], [ -50.512470639658261, -21.42253185284676 ], [ -50.512429047707855, -21.4225289082936 ], [ -50.512452654872462, -21.42229709416138 ], [ -50.512340654980768, -21.422287094173068 ], [ -50.5122287203382, -21.422277100010618 ], [ -50.512117852321943, -21.422267111903047 ], [ -50.512008512274441, -21.422257171900881 ], [ -50.511897105233373, -21.422246230139738 ], [ -50.511895654861178, -21.422246094170426 ], [ -50.511783720318746, -21.422236100016899 ], [ -50.511672785787425, -21.422226105916966 ], [ -50.511560654965059, -21.422216094185782 ], [ -50.511448316174416, -21.422206152651345 ], [ -50.511337105220967, -21.422195230148755 ], [ -50.511335654849908, -21.422195094179553 ], [ -50.511223720319123, -21.422185100027079 ], [ -50.511112785776035, -21.422175105926087 ], [ -50.511109538069363, -21.422174845707659 ], [ -50.510997163389128, -21.422166959767761 ], [ -50.510887785771949, -21.422157105929827 ], [ -50.510887399993564, -21.422157071632373 ], [ -50.510773400103872, -21.422147071644108 ], [ -50.510770848094424, -21.422146867763725 ], [ -50.510661124999153, -21.422138959795298 ], [ -50.510548400099893, -21.422129071647845 ], [ -50.510547318695416, -21.422128980378279 ], [ -50.510436859565097, -21.422120024234729 ], [ -50.510323400095729, -21.422110071651588 ], [ -50.510320639587746, -21.422109852877348 ], [ -50.510209148526428, -21.422101959707391 ], [ -50.510098654937423, -21.422092094209869 ], [ -50.510095639584549, -21.422091852881152 ], [ -50.509983362450811, -21.422083904059786 ], [ -50.509871805833868, -21.422075019021523 ], [ -50.509759526395939, -21.422065082789867 ], [ -50.509756538049935, -21.422064845730503 ], [ -50.509642588861979, -21.42205684929835 ], [ -50.509529639688182, -21.422048852898676 ], [ -50.509528191413558, -21.422048756776412 ], [ -50.50941586499232, -21.4220417985048 ], [ -50.509302588871627, -21.422033849305166 ], [ -50.509190305415125, -21.42202590003615 ], [ -50.509076970797715, -21.422016952568189 ], [ -50.50907274053899, -21.422016673329551 ], [ -50.508961914820425, -21.422010788780842 ], [ -50.508851084758533, -21.422001961609062 ], [ -50.508849538038618, -21.422001845746127 ], [ -50.508736311708006, -21.421993900041013 ], [ -50.508624084755105, -21.421984961612921 ], [ -50.508622639565246, -21.421984852906373 ], [ -50.508509639675161, -21.421976852916199 ], [ -50.5083962546762, -21.421968896044913 ], [ -50.508282970786247, -21.421959952581723 ], [ -50.508281538031127, -21.42195984575585 ], [ -50.508167588852679, -21.421951849324365 ], [ -50.508054639669197, -21.421943852924027 ], [ -50.507942305398629, -21.421935900057562 ], [ -50.507828970779613, -21.42192695258947 ], [ -50.507827639554755, -21.421926852920009 ], [ -50.507714639664677, -21.42191885292986 ], [ -50.507714438245308, -21.421918838794088 ], [ -50.507600204813023, -21.421910892122863 ], [ -50.507487748862545, -21.421902014023562 ], [ -50.507375526357059, -21.421892082830158 ], [ -50.507372639548493, -21.421891852927782 ], [ -50.507261020843416, -21.421883950721075 ], [ -50.507148400043292, -21.421874071705098 ], [ -50.5071456395453, -21.421873852931665 ], [ -50.507034084099317, -21.421865955203486 ], [ -50.50692252634903, -21.421856082837753 ], [ -50.506808463132316, -21.421846077245462 ], [ -50.506695526344629, -21.421836082841519 ], [ -50.506583245518463, -21.421826146487518 ], [ -50.506470964135517, -21.421815216443211 ], [ -50.506356825575494, -21.421804203016283 ], [ -50.506355526226109, -21.421804082837223 ], [ -50.506242526335413, -21.421794082848958 ], [ -50.506129526333204, -21.421784082850852 ], [ -50.50601705537585, -21.421774216930949 ], [ -50.5059077071137, -21.421762395498693 ], [ -50.505904399906413, -21.421762071715804 ], [ -50.50579059281425, -21.421752088639682 ], [ -50.505679785677998, -21.421742106016776 ], [ -50.505679399902029, -21.421742071719542 ], [ -50.505633627171996, -21.421738056578089 ], [ -50.505727616485494, -21.421745018740232 ], [ -50.505861409834907, -21.421756911484355 ], [ -50.505862516883944, -21.421757006123894 ], [ -50.505995909187327, -21.421767956241034 ], [ -50.506129301930237, -21.421779901861996 ], [ -50.506131824778009, -21.4217801082502 ], [ -50.506265616476618, -21.421790018749316 ], [ -50.506399409824901, -21.421801911493336 ], [ -50.506400809943585, -21.421802029927523 ], [ -50.506537109595399, -21.421812973697978 ], [ -50.506671409819788, -21.421824911497868 ], [ -50.506674001426767, -21.42182512124965 ], [ -50.506809704678467, -21.421835026599503 ], [ -50.506943409814895, -21.421846911502424 ], [ -50.506945913737653, -21.421847114830335 ], [ -50.50708126470019, -21.421857067109705 ], [ -50.507215616114934, -21.421868014264202 ], [ -50.507217001418852, -21.4218681212589 ], [ -50.507353308508009, -21.421878070684222 ], [ -50.507487616110609, -21.421889014268828 ], [ -50.507489001414982, -21.421889121263554 ], [ -50.507625405547657, -21.421899077772302 ], [ -50.507761810056856, -21.421910029961406 ], [ -50.50776282475374, -21.421910108277928 ], [ -50.507897824884935, -21.421920108290095 ], [ -50.508032660875386, -21.421930022728304 ], [ -50.508166409793603, -21.421941911522968 ], [ -50.508169001405214, -21.421942121275123 ], [ -50.508305913142429, -21.42195211483509 ], [ -50.508440269093441, -21.421962067130391 ], [ -50.508575713773816, -21.421973022217077 ], [ -50.508576824741958, -21.421973108291787 ], [ -50.508711824873146, -21.421983108303934 ], [ -50.508712001397612, -21.421983121284377 ], [ -50.508849001530798, -21.421993121296602 ], [ -50.50898470464368, -21.422003026636283 ], [ -50.509118409777237, -21.422014911538938 ], [ -50.509121001391726, -21.422015121291317 ], [ -50.509257913122433, -21.422025114850822 ], [ -50.509391669667167, -21.42203502274587 ], [ -50.509526516104408, -21.422046920962909 ], [ -50.509529001385829, -21.422047121298259 ], [ -50.509665913119051, -21.422057114857939 ], [ -50.509800824857408, -21.422067108322434 ], [ -50.509801001382122, -21.422067121302895 ], [ -50.509937957612955, -21.422077118110554 ], [ -50.510073913827057, -21.422087114893444 ], [ -50.5102109576072, -21.422097118115062 ], [ -50.510346869264374, -21.422107111621717 ], [ -50.510481824847979, -21.422117108334035 ], [ -50.510482001372857, -21.422117121314518 ], [ -50.510619001506036, -21.422127121326685 ], [ -50.510756001504177, -21.42213712132903 ], [ -50.510893001502332, -21.422147121331363 ], [ -50.511031044645023, -21.422157124482968 ], [ -50.511167957574337, -21.422167118129909 ], [ -50.511303913810245, -21.422177114914387 ], [ -50.511440957582764, -21.422187118135433 ], [ -50.511576913806493, -21.422197114919015 ], [ -50.511601086166728, -21.421908885077187 ], [ -50.511465086298927, -21.421898885089348 ], [ -50.511328042401004, -21.421888881864035 ], [ -50.511192086295182, -21.421878885093978 ], [ -50.511054998607982, -21.42186887867237 ], [ -50.510916955336917, -21.421858875516389 ], [ -50.510779998604249, -21.42184887867705 ], [ -50.510642998602407, -21.421838878679374 ], [ -50.510506086866123, -21.421828885124505 ], [ -50.510371175256267, -21.421818891674302 ], [ -50.510235086282094, -21.421808885110277 ], [ -50.510098042365897, -21.421798881883635 ], [ -50.509962086278364, -21.421788885114932 ], [ -50.509825086853219, -21.421778885135836 ], [ -50.509690175246838, -21.421768891685918 ], [ -50.509689998454377, -21.421768878685775 ], [ -50.509554242090346, -21.421758969465078 ], [ -50.509419483995721, -21.421747079046902 ], [ -50.509417175109661, -21.421746891680652 ], [ -50.509282175240855, -21.421736891692813 ], [ -50.509281998448479, -21.421736878692684 ], [ -50.509146295330062, -21.421726973358549 ], [ -50.509012590321696, -21.421715088470833 ], [ -50.509009998444434, -21.421714878697294 ], [ -50.508953176215869, -21.421710731104135 ], [ -50.509040697838522, -21.421715297444404 ], [ -50.509154223262279, -21.421722207689662 ], [ -50.509267462023473, -21.421730154271184 ], [ -50.509268985025564, -21.421730254059675 ], [ -50.509383273183268, -21.421737210732463 ], [ -50.509497561798867, -21.421745161246651 ], [ -50.5094989850232, -21.421745254063662 ], [ -50.509613322247134, -21.421752213723067 ], [ -50.509728610771361, -21.421760164657634 ], [ -50.50984285127376, -21.421768111825326 ], [ -50.509957141381548, -21.421777056270358 ], [ -50.509958461902691, -21.421777154275212 ], [ -50.510072462013603, -21.421785154285043 ], [ -50.51018626305342, -21.421793070912024 ], [ -50.510301966242864, -21.421802960075151 ], [ -50.510303141262987, -21.421803056267333 ], [ -50.510417432464443, -21.42181200079845 ], [ -50.510531724240614, -21.421821939215622 ], [ -50.510534756150868, -21.421822174669895 ], [ -50.51065023895616, -21.421830070932685 ], [ -50.510763724236689, -21.421839939219492 ], [ -50.510766561668774, -21.42184016126043 ], [ -50.510880202968615, -21.421848066744662 ], [ -50.510994785190491, -21.421857944524042 ], [ -50.511109724230614, -21.421867939225233 ], [ -50.511111359569689, -21.421868073220814 ], [ -50.511227541518721, -21.421877010296193 ], [ -50.51134172422644, -21.421886939229083 ], [ -50.511344756139664, -21.42188717468359 ], [ -50.511460300060783, -21.421895075125224 ], [ -50.511574846251655, -21.421904949798421 ], [ -50.511577561657383, -21.421905161274125 ], [ -50.511691960481102, -21.421913119455432 ], [ -50.511808359674554, -21.421922073241426 ], [ -50.511833640297596, -21.421633926754669 ], [ -50.511764524869662, -21.421628610194531 ], [ -50.511786621989465, -21.421425183394138 ], [ -50.511682314265443, -21.421415249327293 ], [ -50.511594056646096, -21.421406090523764 ], [ -50.511606216675446, -21.421123558651772 ], [ -50.511500216779325, -21.42111955865763 ], [ -50.511495570123103, -21.421119448882909 ], [ -50.511392162329521, -21.42111846404919 ], [ -50.511291992829285, -21.421115574546398 ], [ -50.511187228956821, -21.421109699937919 ], [ -50.511182708527024, -21.421109508660564 ], [ -50.511079202347027, -21.421106551343502 ], [ -50.510973695007038, -21.421101621095403 ], [ -50.510970708526401, -21.421101508664396 ], [ -50.510867238584368, -21.421098552382713 ], [ -50.510764315181568, -21.421093697507072 ], [ -50.510659861173195, -21.421086799602254 ], [ -50.510656767311296, -21.421086624495757 ], [ -50.510553146431448, -21.421081736721035 ], [ -50.510450520720056, -21.421073917620316 ], [ -50.510448760055624, -21.42107379295971 ], [ -50.510342640768357, -21.421066850578626 ], [ -50.510238520717138, -21.421058917623945 ], [ -50.510133238774763, -21.421050971776932 ], [ -50.510029703407078, -21.421042097318661 ], [ -50.509923332914617, -21.42103215615289 ], [ -50.509920520608489, -21.421031917621395 ], [ -50.509816927923751, -21.421024024847711 ], [ -50.509711477418065, -21.421014169661795 ], [ -50.509606621998813, -21.421004183433247 ], [ -50.509606332802491, -21.421004156148179 ], [ -50.509499551754395, -21.420994176612989 ], [ -50.509395770644545, -21.420984197661951 ], [ -50.509395332797894, -21.420984156151597 ], [ -50.509288332901207, -21.420974156163201 ], [ -50.509287073390247, -21.420974043330446 ], [ -50.509182703388852, -21.420965097332427 ], [ -50.509076332896797, -21.420955156166677 ], [ -50.509073403240109, -21.420954908736437 ], [ -50.508969014147553, -21.420947030316754 ], [ -50.508865621982999, -21.420937183445321 ], [ -50.508865332786975, -21.420937156160278 ], [ -50.508758332890288, -21.420927156171885 ], [ -50.508755520588579, -21.420926917640777 ], [ -50.50865192790166, -21.420919024866951 ], [ -50.50854640443233, -21.420909162861967 ], [ -50.508440476085831, -21.420899169623638 ], [ -50.508336004858144, -21.420889313849838 ], [ -50.508231530366132, -21.420877486550324 ], [ -50.508228332773136, -21.420877156170622 ], [ -50.508121404431449, -21.420867162869627 ], [ -50.508017004850053, -21.420857313854896 ], [ -50.507912530357274, -21.42084548655529 ], [ -50.507911005637133, -21.420845321141702 ], [ -50.507805682977931, -21.420834391433957 ], [ -50.50769935963163, -21.420822467322129 ], [ -50.507696475963392, -21.420822169625652 ], [ -50.507592004838806, -21.420812313861589 ], [ -50.507487530344875, -21.420800486561856 ], [ -50.507486005625765, -21.420800321148377 ], [ -50.507398133359224, -21.420791202334758 ], [ -50.507481257320642, -21.420797139754846 ], [ -50.50748262586611, -21.420797231781997 ], [ -50.507592941372792, -21.420804188617968 ], [ -50.507704257317926, -21.420812139758681 ], [ -50.507816204671286, -21.420820136000263 ], [ -50.507926475581002, -21.420828083455433 ], [ -50.508037799609944, -21.420837029138124 ], [ -50.508039257202995, -21.420837139756546 ], [ -50.508149734620133, -21.420845031003122 ], [ -50.508259214631977, -21.42085489406875 ], [ -50.508262257199739, -21.420855139760327 ], [ -50.508373528121218, -21.42086308768555 ], [ -50.508484799602854, -21.42087202914567 ], [ -50.508486152026961, -21.420872132218175 ], [ -50.508595747631624, -21.42088003100293 ], [ -50.508706345442477, -21.420889905809016 ], [ -50.508709257193438, -21.420890139767934 ], [ -50.508820469045233, -21.420898083473915 ], [ -50.508930681553352, -21.420907019624966 ], [ -50.508932257190374, -21.420907139771753 ], [ -50.509044257299294, -21.420915139781552 ], [ -50.509045718059902, -21.420915237598155 ], [ -50.509156934807116, -21.420922188647129 ], [ -50.509267152125737, -21.420930132239381 ], [ -50.50937852810759, -21.420938087702719 ], [ -50.509489799587577, -21.420947029162711 ], [ -50.509494021912801, -21.420947313910283 ], [ -50.509601908663022, -21.420953198644753 ], [ -50.509711799584494, -21.420962029166514 ], [ -50.509713152010441, -21.420962132239133 ], [ -50.509823475553588, -21.420970083487724 ], [ -50.509934799581053, -21.420979029170265 ], [ -50.509939181701611, -21.420979322556196 ], [ -50.510048869031955, -21.420985198665932 ], [ -50.510156561370799, -21.4209940098585 ], [ -50.510158152004593, -21.420994132246765 ], [ -50.510269152112514, -21.421002132256525 ], [ -50.510381257281963, -21.421010139804459 ], [ -50.510492469022445, -21.421018083502478 ], [ -50.510602681528617, -21.421027019653355 ], [ -50.510604044933416, -21.421027124502825 ], [ -50.510712694144999, -21.421035026266068 ], [ -50.510823345407374, -21.421044905844642 ], [ -50.510826257165292, -21.421045139804125 ], [ -50.510936734577868, -21.421053031050366 ], [ -50.51104621458456, -21.421062894115515 ], [ -50.511158345401157, -21.421072905850171 ], [ -50.511159561246039, -21.421073009866433 ], [ -50.51126956135267, -21.421082009877161 ], [ -50.511271257158647, -21.421082139811588 ], [ -50.511381734570236, -21.421090031057776 ], [ -50.511491214576239, -21.421099894122847 ], [ -50.511494257155405, -21.421100139815341 ], [ -50.511605528075179, -21.42110808774045 ], [ -50.511716799553071, -21.421117029200236 ], [ -50.51171815198223, -21.421117132273125 ], [ -50.51177774023008, -21.421121426922682 ], [ -50.511782465538673, -21.421113540655625 ], [ -50.511791634018856, -21.421104894219805 ], [ -50.511812213774917, -21.42109013248707 ], [ -50.511832004495545, -21.421081713007975 ], [ -50.511881908615763, -21.421072278513659 ], [ -50.511885933146786, -21.421071682032462 ], [ -50.511959619421425, -21.421063730310173 ], [ -50.511960371802559, -21.421063654711514 ], [ -50.512026570588461, -21.421057494405883 ], [ -50.512030041665618, -21.421057289358458 ], [ -50.512103662743698, -21.421055430947245 ], [ -50.512105698695862, -21.421055352681357 ], [ -50.51217786441093, -21.421051624877876 ], [ -50.51218210036204, -21.421051580476117 ], [ -50.512245660435049, -21.421053528684194 ], [ -50.512247873308368, -21.421053644204466 ], [ -50.512313573494644, -21.421058493621544 ], [ -50.512315727764488, -21.421058698271381 ], [ -50.512388291631879, -21.421067135997731 ], [ -50.512390663998303, -21.42106746812226 ], [ -50.512456195693616, -21.421078208199162 ], [ -50.512457921965421, -21.421078521581627 ], [ -50.512523241730712, -21.42109154034118 ], [ -50.512524170736704, -21.421091734488822 ], [ -50.512590127091457, -21.421106159350778 ], [ -50.512591240843285, -21.421106394272329 ], [ -50.512659330758659, -21.421120228823572 ], [ -50.512660471145111, -21.421120474123072 ], [ -50.512730627620385, -21.421136405966358 ], [ -50.512731665282196, -21.421136653056042 ], [ -50.512801101357923, -21.421153957601533 ], [ -50.512802493739137, -21.421154325624165 ], [ -50.51286922482528, -21.421172979382995 ], [ -50.51287172928253, -21.421173749848009 ], [ -50.512941014221184, -21.421197046769773 ], [ -50.512941512394477, -21.421197212358496 ], [ -50.512969260732156, -21.421206328951829 ], [ -50.51306702947312, -21.421214047538207 ], [ -50.513071259455728, -21.421214326758744 ], [ -50.513182085310049, -21.42122021132009 ], [ -50.513292915506582, -21.421229038505157 ], [ -50.513294360456811, -21.421229147193699 ], [ -50.513407360566745, -21.421237147203527 ], [ -50.513521462093806, -21.421245154361753 ], [ -50.513635738278943, -21.421253104042165 ], [ -50.513747915499899, -21.421262038512815 ], [ -50.513749360450888, -21.421262147201436 ], [ -50.513861041443725, -21.421270053822855 ], [ -50.513974724340102, -21.421279939293683 ], [ -50.513977461975237, -21.421280154361575 ], [ -50.514090092133465, -21.421288058234804 ], [ -50.514203724336156, -21.421297939297478 ], [ -50.514317879704002, -21.421307865853546 ], [ -50.514430036096186, -21.421318783734183 ], [ -50.514431724218184, -21.421318939291304 ], [ -50.514546599038631, -21.421328928408233 ], [ -50.514659473876222, -21.421338917333891 ], [ -50.514659724213843, -21.42133893929503 ], [ -50.514774017205085, -21.421348877818307 ], [ -50.514886903710995, -21.421359675659787 ], [ -50.514936082271483, -21.421347949216369 ], [ -50.514936626520424, -21.421347822591429 ], [ -50.515005871711956, -21.421332111525651 ], [ -50.515007422181768, -21.421331726910608 ], [ -50.515028667015102, -21.42111938129575 ], [ -50.515065936006422, -21.421122116627167 ], [ -50.515176045017931, -21.421130124593574 ], [ -50.515199954955584, -21.420841875402665 ], [ -50.515090009521643, -21.420833879373102 ], [ -50.514981751605632, -21.420825933840113 ], [ -50.514872438736873, -21.420816990061663 ], [ -50.514870954951007, -21.420816875408189 ], [ -50.514761637008235, -21.42080892501453 ], [ -50.514651318569747, -21.420799980278026 ], [ -50.514649954947856, -21.420799875411902 ], [ -50.514539955054786, -21.420791875421649 ], [ -50.514430577939628, -21.420783920724514 ], [ -50.514319200523119, -21.420774970755335 ], [ -50.514317954943252, -21.420774875417486 ], [ -50.514207955050189, -21.420766875427244 ], [ -50.51409690146825, -21.420758871532374 ], [ -50.51398757793342, -21.420750920731994 ], [ -50.513877059969616, -21.420742039826237 ], [ -50.513767918652462, -21.42073211788999 ], [ -50.513764954935354, -21.420731875426775 ], [ -50.513656305825251, -21.420723973675702 ], [ -50.513545654667887, -21.420714094109627 ], [ -50.513542954932078, -21.420713875430515 ], [ -50.513433577925305, -21.42070592074128 ], [ -50.513323059960115, -21.42069703983541 ], [ -50.513213918642215, -21.420687117899107 ], [ -50.513210847861295, -21.420686867684555 ], [ -50.513099901445294, -21.420678871548471 ], [ -50.512990577917371, -21.420670920748599 ], [ -50.512879200500244, -21.420661970779374 ], [ -50.512877954922537, -21.420661875441688 ], [ -50.512767955029481, -21.420653875451436 ], [ -50.512767742684616, -21.420653860146071 ], [ -50.512656591076208, -21.420645920747749 ], [ -50.512547438699706, -21.420636990100462 ], [ -50.512544563494032, -21.420636780173773 ], [ -50.512436153303781, -21.420629818053591 ], [ -50.512324742789154, -21.420621860161493 ], [ -50.512321977956901, -21.420621686027104 ], [ -50.51221409130725, -21.420615801303374 ], [ -50.51210420048897, -21.42060697079248 ], [ -50.512099977954811, -21.420606686030954 ], [ -50.511992150455818, -21.420600804533642 ], [ -50.511883318527069, -21.420591980324435 ], [ -50.511880467897434, -21.420591774074364 ], [ -50.511771105528744, -21.42058481465309 ], [ -50.511659848852865, -21.420576867749475 ], [ -50.511549955013656, -21.420568875472217 ], [ -50.511548281801673, -21.42056876234367 ], [ -50.511437118735643, -21.420561814654313 ], [ -50.51132795501087, -21.420553875476021 ], [ -50.511327742666325, -21.420553860170674 ], [ -50.511216530920201, -21.420545916476794 ], [ -50.511107118889115, -21.420537045233004 ], [ -50.510997918605305, -21.420527117936185 ], [ -50.510994742661474, -21.420526860176274 ], [ -50.510884332053955, -21.420518973706859 ], [ -50.510775918601183, -21.420509117939869 ], [ -50.510772742658247, -21.420508860180032 ], [ -50.510662265344429, -21.420500968945834 ], [ -50.510552851970942, -21.420491111886662 ], [ -50.510442918594848, -21.420481117945346 ], [ -50.510442654504786, -21.420481094151544 ], [ -50.510332104068127, -21.420471223579323 ], [ -50.51022155076565, -21.420459378584187 ], [ -50.51021878531791, -21.420459105887897 ], [ -50.510107785425213, -21.420449105899582 ], [ -50.509995786552807, -21.420439105949693 ], [ -50.509885918583151, -21.420429117954399 ], [ -50.509885654493303, -21.42042909416061 ], [ -50.509773719958886, -21.420419100007802 ], [ -50.509662785416239, -21.42040910590687 ], [ -50.509550719945423, -21.420399100010652 ], [ -50.509439785411793, -21.42038910591052 ], [ -50.509327654592731, -21.420379094179626 ], [ -50.509215654590491, -21.420369094181467 ], [ -50.509102526055834, -21.420359082757962 ], [ -50.509101200328587, -21.42035897083376 ], [ -50.508989993237641, -21.420350034551941 ], [ -50.508879785400801, -21.420340105919745 ], [ -50.508876742628161, -21.420339860211723 ], [ -50.508766199786955, -21.420331964296988 ], [ -50.508655654580039, -21.420322094190738 ], [ -50.508652847795034, -21.420321867761462 ], [ -50.508543124667575, -21.420313959790736 ], [ -50.508430399736554, -21.420304071640505 ], [ -50.50842931835912, -21.420303980373202 ], [ -50.508318318466749, -21.420294980383947 ], [ -50.50831674262006, -21.42029486022123 ], [ -50.508204742728971, -21.420286860231041 ], [ -50.508094265299938, -21.420278968988629 ], [ -50.507984785384721, -21.420269105934693 ], [ -50.507982970373156, -21.42026895253764 ], [ -50.507868970483763, -21.420259952548445 ], [ -50.507867742613733, -21.420259860228889 ], [ -50.507755795253452, -21.420251863990913 ], [ -50.507644847890241, -21.420243867786546 ], [ -50.507533530860776, -21.420235916538573 ], [ -50.507423318452823, -21.420226980399121 ], [ -50.507418663894605, -21.420226669283977 ], [ -50.507306934525403, -21.420220788793664 ], [ -50.507197200409166, -21.420211970874853 ], [ -50.507194373958455, -21.420211768207018 ], [ -50.50708405855373, -21.420204811381932 ], [ -50.50697274271262, -21.420196860252194 ], [ -50.506969897285217, -21.42019668174169 ], [ -50.506861051001088, -21.42019079816145 ], [ -50.506751200402988, -21.420181970882524 ], [ -50.506746818102442, -21.420181677484688 ], [ -50.506637070635911, -21.420175798158869 ], [ -50.506528318440289, -21.420166980414535 ], [ -50.506526742596733, -21.420166860252063 ], [ -50.506414742705651, -21.420158860261864 ], [ -50.50641328173699, -21.420158762431388 ], [ -50.506302065090573, -21.420151811393271 ], [ -50.506192524320213, -21.420143916564914 ], [ -50.506081200393332, -21.420134970894036 ], [ -50.506079954825665, -21.420134875557121 ], [ -50.505969954932596, -21.420126875566901 ], [ -50.505969742589421, -21.420126860261654 ], [ -50.505857742698339, -21.420118860271472 ], [ -50.505856467821374, -21.420118774177382 ], [ -50.505747211635892, -21.42011182151326 ], [ -50.505638696999782, -21.42010392954171 ], [ -50.505529438587743, -21.420094990218836 ], [ -50.505504698104666, -21.420360112439859 ], [ -50.505501954861593, -21.420359875573251 ], [ -50.50539195496853, -21.420351875583034 ], [ -50.505368858696734, -21.420630314895895 ], [ -50.505350520635425, -21.420628917705805 ], [ -50.505327184739969, -21.420897457280184 ], [ -50.505248192286544, -21.420890143158605 ], [ -50.50524681243661, -21.420890021248091 ], [ -50.505139812540257, -21.420881021258779 ], [ -50.505112187429575, -21.421168978737096 ], [ -50.5052184973148, -21.421177920692219 ], [ -50.505282550309119, -21.421183851534487 ], [ -50.505261358240681, -21.421417138518184 ], [ -50.505218357099679, -21.421413905338788 ], [ -50.505086638821197, -21.421404001711743 ], [ -50.504955918780766, -21.421392118073591 ], [ -50.504926081186944, -21.421679881922042 ], [ -50.505058081314509, -21.421691881936077 ], [ -50.505060642874895, -21.421692094655079 ], [ -50.505193643004105, -21.421702094667229 ], [ -50.505326079774456, -21.421712052321766 ], [ -50.505344766596373, -21.421713586321417 ], [ -50.505315081131755, -21.421999881921941 ], [ -50.505425081238073, -21.422009881933629 ], [ -50.505536214401744, -21.422019893986874 ], [ -50.505536599956379, -21.422019928264451 ], [ -50.505650407157965, -21.42202991135445 ], [ -50.505761214397268, -21.4220398939906 ], [ -50.505761599951988, -21.42203992826818 ], [ -50.505873944593588, -21.422049783063937 ], [ -50.505983292955186, -21.422061604509917 ], [ -50.505986599947263, -21.422061928271876 ], [ -50.506070513629616, -21.422069289130391 ], [ -50.506042399773754, -21.422318018417783 ], [ -50.505966038990962, -21.422311958028139 ], [ -50.505839039739932, -21.422301958057552 ], [ -50.50571479436077, -21.422292018429705 ], [ -50.505590445803321, -21.422281075758679 ], [ -50.505589142419495, -21.422280966276443 ], [ -50.505464142540752, -21.422270966288419 ], [ -50.50546283632093, -21.422270867017541 ], [ -50.505338489653987, -21.422261914060041 ], [ -50.505214142536907, -21.422251966292691 ], [ -50.50518785743423, -21.422540033703303 ], [ -50.505312857555495, -21.422550033715304 ], [ -50.50531416353121, -21.422550132967672 ], [ -50.505438510315798, -21.422559085938673 ], [ -50.505562205611334, -21.42256898156457 ], [ -50.505686554286228, -21.422579924250002 ], [ -50.50568785742621, -21.4225800337118 ], [ -50.505812857547454, -21.422590033723761 ], [ -50.505813062926997, -21.422590050024755 ], [ -50.505940012012942, -21.422600046018136 ], [ -50.50606472936056, -21.422609944223041 ], [ -50.506190499570089, -21.422621828024209 ], [ -50.506192857417751, -21.422622033720312 ], [ -50.506317373565125, -21.422631995014562 ], [ -50.506444889985204, -21.42264295345905 ], [ -50.506446062916559, -21.422643050035447 ], [ -50.506571780250404, -21.422652949040902 ], [ -50.506697499559962, -21.422664828032598 ], [ -50.506699960967474, -21.422665041980672 ], [ -50.506825961089731, -21.422675041992662 ], [ -50.506826262107261, -21.42267506560513 ], [ -50.506953939737805, -21.4226849630987 ], [ -50.507080619444025, -21.422696839322985 ], [ -50.507083062905927, -21.422697050046157 ], [ -50.507210063029177, -21.422707050058182 ], [ -50.50733816339681, -21.422717057932548 ], [ -50.507467212741787, -21.422727061790003 ], [ -50.50759516339285, -21.422737057936921 ], [ -50.507723163390871, -21.422747057939084 ], [ -50.507852212743806, -21.42275706179716 ], [ -50.507980163386932, -21.422767057943442 ], [ -50.508108163384961, -21.422777057945609 ], [ -50.508236163382989, -21.422787057947776 ], [ -50.50836521273186, -21.422797061805532 ], [ -50.50849316337905, -21.422807057952127 ], [ -50.508621163377057, -21.422817057954305 ], [ -50.50874905705529, -21.422826972225593 ], [ -50.508877853741787, -21.422838861152393 ], [ -50.50888016324658, -21.422839057948785 ], [ -50.509008163370815, -21.422849057960796 ], [ -50.509135580636062, -21.422859012437183 ], [ -50.509263998414333, -21.422869962792468 ], [ -50.509265359392913, -21.42287007316186 ], [ -50.509393988284437, -21.422879967694847 ], [ -50.509520619398145, -21.422891839363547 ], [ -50.509523163236175, -21.422892057959576 ], [ -50.509650634076145, -21.422902016621457 ], [ -50.509779420991855, -21.422912913978255 ], [ -50.509907737451137, -21.422924850395148 ], [ -50.509910359382353, -21.422925073172667 ], [ -50.510029369062266, -21.422934227769524 ], [ -50.509912071910293, -21.422928686171417 ], [ -50.509787053164246, -21.422920810976855 ], [ -50.509661743160287, -21.422911860264282 ], [ -50.509660362720616, -21.422911767486337 ], [ -50.509533362844429, -21.422903767496432 ], [ -50.509407053159428, -21.422895810983388 ], [ -50.509281743155682, -21.42288686027084 ], [ -50.509280444586388, -21.422886772670516 ], [ -50.509155742674849, -21.422878855091582 ], [ -50.509031039095603, -21.422868957983905 ], [ -50.508903937148339, -21.422858949926969 ], [ -50.508901527752514, -21.422858777978817 ], [ -50.508777733166262, -21.422850855127979 ], [ -50.50865193714472, -21.422840949931267 ], [ -50.508650931306406, -21.422840873829958 ], [ -50.508527434355592, -21.422831910344019 ], [ -50.508401039835327, -21.422821958021732 ], [ -50.508276142642913, -21.422811966248556 ], [ -50.508275937013714, -21.422811949927762 ], [ -50.508149039830023, -21.422801958025889 ], [ -50.508024142638881, -21.422791966252806 ], [ -50.507899142636845, -21.422781966254927 ], [ -50.507898937007781, -21.422781949934141 ], [ -50.507772092439389, -21.422771962175212 ], [ -50.507648247843491, -21.422761974709989 ], [ -50.507523142630816, -21.422751966261281 ], [ -50.507520444564669, -21.422751772700749 ], [ -50.507395900717249, -21.422743865157674 ], [ -50.507274354740105, -21.422733983372595 ], [ -50.507274142503888, -21.422733966255663 ], [ -50.507149142625146, -21.42272396626764 ], [ -50.507024142623123, -21.422713966269747 ], [ -50.507021698098136, -21.422713789003289 ], [ -50.50690002731109, -21.422705875458867 ], [ -50.50677835473229, -21.422695983381015 ], [ -50.506654301219669, -21.422685979032654 ], [ -50.506531354728196, -21.422675983385162 ], [ -50.50652993127612, -21.422675873866112 ], [ -50.506406643270751, -21.422666925545649 ], [ -50.506284408988208, -21.422656987801087 ], [ -50.506162518505633, -21.422646996780145 ], [ -50.506041573764868, -21.422637001349223 ], [ -50.505919463353003, -21.422626992263865 ], [ -50.505916874043528, -21.4226268005613 ], [ -50.505797169557084, -21.42261888621773 ], [ -50.505676574617929, -21.422609001388437 ], [ -50.505556685985368, -21.422599010671199 ], [ -50.505436685983277, -21.422589010673214 ], [ -50.505416141496632, -21.422805157741365 ], [ -50.505387600277231, -21.422802279627877 ], [ -50.505269669558068, -21.422790286675543 ], [ -50.505268423987395, -21.422790164791039 ], [ -50.505151424100362, -21.422779164803796 ], [ -50.505121856378537, -21.423054894000664 ], [ -50.505020276126665, -21.423046060933007 ], [ -50.504991723842295, -21.423333939062765 ], [ -50.50504340534215, -21.423338433117095 ], [ -50.505022659474513, -21.4236021679055 ], [ -50.505138659587416, -21.423610167915388 ], [ -50.505254009217289, -21.423618123064603 ], [ -50.505369602278478, -21.423627014840683 ], [ -50.505484845927597, -21.423636949639864 ], [ -50.505487755878676, -21.423637174534104 ], [ -50.505603477006836, -21.423645087092439 ], [ -50.505671512691507, -21.423650804388082 ], [ -50.505648046258621, -21.423849684177899 ], [ -50.505764046370203, -21.423861684191593 ], [ -50.505767083703418, -21.423861969967444 ], [ -50.505882942429189, -21.423871788506389 ], [ -50.505997807380723, -21.423884551280185 ], [ -50.505999468689232, -21.423884727333359 ] ], [ [ -50.509489290931583, -21.423403703487985 ], [ -50.509365909601648, -21.423396738415359 ], [ -50.509241613079126, -21.423388783439975 ], [ -50.509119363278046, -21.423380832235829 ], [ -50.508997027932743, -21.42337188087107 ], [ -50.508995612329905, -21.423371783418208 ], [ -50.508871612450747, -21.423363783428258 ], [ -50.508747942348016, -21.423355868522595 ], [ -50.508626354854314, -21.423345983362189 ], [ -50.50862502780663, -21.42334588086857 ], [ -50.508589956547155, -21.423343314688793 ], [ -50.50869420616786, -21.423348278952773 ], [ -50.508818256913806, -21.423357139721858 ], [ -50.508819555240436, -21.423357227305839 ], [ -50.50894495187466, -21.423365188999401 ], [ -50.509071348848195, -21.4233741462673 ], [ -50.509072472067579, -21.423374222008441 ], [ -50.509197472189406, -21.423382222018489 ], [ -50.509197637105601, -21.423382232490027 ], [ -50.509323298147415, -21.423390148148965 ], [ -50.509447909111188, -21.423400037909783 ], [ -50.509512619486692, -21.423405214752769 ], [ -50.509490698323958, -21.423403788979819 ], [ -50.509489290931583, -21.423403703487985 ] ], [ [ -50.511139144029372, -21.42381369523552 ], [ -50.511013921460453, -21.423806738428691 ], [ -50.510892921294534, -21.423798868501539 ], [ -50.510769142822916, -21.423788966225587 ], [ -50.510766527889238, -21.423788777964081 ], [ -50.510642278214362, -21.423780825987414 ], [ -50.510520028001018, -21.423771880851774 ], [ -50.510518527886454, -21.423771777968359 ], [ -50.510394182491211, -21.423763819865535 ], [ -50.510269884090384, -21.42375487038268 ], [ -50.510146589971249, -21.423745921618444 ], [ -50.510023248024211, -21.423735974689205 ], [ -50.509899248022165, -21.423725974691294 ], [ -50.509775572391739, -21.423716080609651 ], [ -50.509653999577353, -21.423704219848965 ], [ -50.509652209937514, -21.423704045250648 ], [ -50.509716721819153, -21.423708174000783 ], [ -50.509838972151087, -21.423717119148961 ], [ -50.509840472017025, -21.423717222015387 ], [ -50.509964770059405, -21.423725177092617 ], [ -50.510088068565992, -21.423734126179735 ], [ -50.510089387511712, -21.423734216589693 ], [ -50.510213387632554, -21.42374221659972 ], [ -50.510336775302811, -21.423750177097023 ], [ -50.510461163450493, -21.423759133045667 ], [ -50.510462472010126, -21.423759222026142 ], [ -50.510587386880232, -21.423767216580117 ], [ -50.510709078729668, -21.423775131499756 ], [ -50.510832857323905, -21.423785033789081 ], [ -50.510835387503256, -21.42378521660256 ], [ -50.510957410961971, -21.423793089086693 ], [ -50.511079438565851, -21.423803914117542 ], [ -50.511080751984771, -21.423804025332462 ], [ -50.511204752105051, -21.423814025344392 ], [ -50.511329088871094, -21.423823972322094 ], [ -50.511416335185707, -21.423831774848679 ], [ -50.511389836706059, -21.423829866950747 ], [ -50.511388612399806, -21.423829783383319 ], [ -50.511264612520648, -21.423821783393365 ], [ -50.511140612519334, -21.423813783395513 ], [ -50.511139144029372, -21.42381369523552 ] ], [ [ -50.506978175001564, -21.421041891711099 ], [ -50.506871615828906, -21.421033998441445 ], [ -50.50676405427064, -21.421024130410082 ], [ -50.506761174998225, -21.421023891714775 ], [ -50.506654684973114, -21.421016003567175 ], [ -50.506548192313211, -21.421006143137173 ], [ -50.506546685576438, -21.421006010603396 ], [ -50.50643937020439, -21.420997067657886 ], [ -50.506371846075865, -21.420990872793176 ], [ -50.50639141799752, -21.420992153194572 ], [ -50.506496596777879, -21.421000091217383 ], [ -50.506602949387023, -21.421008042857085 ], [ -50.506709187560944, -21.421016978779949 ], [ -50.506710711850303, -21.421017099865377 ], [ -50.506816116444284, -21.421024980585127 ], [ -50.506920524020636, -21.421034830357886 ], [ -50.507027667221266, -21.421044843806168 ], [ -50.507119912405223, -21.421053464857227 ], [ -50.507085994158274, -21.421050952387695 ], [ -50.506979812574038, -21.421042021228072 ], [ -50.506978175001564, -21.421041891711099 ] ], [ [ -50.508807998859218, -21.42170013421978 ], [ -50.508808605170557, -21.421700170807345 ], [ -50.50881006073071, -21.421700284721251 ], [ -50.508807998859218, -21.42170013421978 ] ] ] ] } }
]
}
