{
"type": "FeatureCollection",
"name": "307823_SITIO_NOSSA_SENHORA_APARECIDA_25-03-2026_02-07-2026_14h41m",
"crs": { "type": "name", "properties": { "name": "urn:ogc:def:crs:OGC:1.3:CRS84" } },
"features": [
{ "type": "Feature", "properties": { "CHAVE": "3078231", "FAZENDA": "307823", "NOME_FAZ": "SITIO NOSSA SENHORA APARECIDA", "ZONA": 1.0, "TALHAO": 1.0, "AREA_TOTAL": 18.902919869544299, "TIPO_GEO": "TALHAO", "DATA_INICI": null, "DATA_FINAL": null, "HORA_INICI": null, "HORA_FINAL": null, "CLASSE": null, "PILOTO": null, "AERONAVE": null, "AREA_HA": null }, "geometry": { "type": "Polygon", "coordinates": [ [ [ -50.051322348779301, -21.823662895676506 ], [ -50.051326703290698, -21.823625816150006 ], [ -50.051327543464602, -21.823620219668303 ], [ -50.051329230974297, -21.823612333990802 ], [ -50.051332117675997, -21.823602959354108 ], [ -50.051338767533601, -21.823583138319101 ], [ -50.051351618774902, -21.823549878556598 ], [ -50.051392473516998, -21.8234472205482 ], [ -50.051404239149797, -21.8234182973017 ], [ -50.051426549302498, -21.823364451831196 ], [ -50.051454131024002, -21.823298663527602 ], [ -50.051585518248309, -21.822986800873505 ], [ -50.051629404258698, -21.822882185064394 ], [ -50.051748520130097, -21.822596747120297 ], [ -50.051766425132399, -21.822553614442903 ], [ -50.051788883091298, -21.822498857087798 ], [ -50.051800482607398, -21.822469723219104 ], [ -50.051920107926499, -21.822165293603202 ], [ -50.052047424960399, -21.821842680456388 ], [ -50.052076674348001, -21.821766738272199 ], [ -50.052140298389901, -21.821596455883196 ], [ -50.0521577513449, -21.821550378526101 ], [ -50.052172033840201, -21.821513406537093 ], [ -50.052183732605009, -21.821483695398605 ], [ -50.052243606806101, -21.821333381605999 ], [ -50.052262777154198, -21.8212837129599 ], [ -50.052292441609602, -21.821205003868904 ], [ -50.052363388849002, -21.821015457643504 ], [ -50.052831270791209, -21.819756312712297 ], [ -50.052910828750498, -21.8195426942297 ], [ -50.0529367442495, -21.819473667360601 ], [ -50.052965546615503, -21.819399468557297 ], [ -50.0529792698715, -21.819363333408901 ], [ -50.053029504410397, -21.819227725737299 ], [ -50.053043988338104, -21.819188232124507 ], [ -50.053054044256697, -21.819159190390298 ], [ -50.053056329362803, -21.819150907944593 ], [ -50.053059999633902, -21.819133971170501 ], [ -50.053060789132203, -21.819128944849993 ], [ -50.0530610396452, -21.819122342968296 ], [ -50.0530603911687, -21.819116312551103 ], [ -50.053058587869799, -21.819104007146997 ], [ -50.053057727000201, -21.819099262129896 ], [ -50.053057306385497, -21.819097741279197 ], [ -50.053055819849597, -21.819093779015201 ], [ -50.053054026326102, -21.819090687892896 ], [ -50.0530461954895, -21.819080102464504 ], [ -50.053044285509202, -21.819077893840699 ], [ -50.053041633529602, -21.819075474409505 ], [ -50.053037646685702, -21.819072789939302 ], [ -50.053021203613405, -21.819063217759897 ], [ -50.053006601439002, -21.81905813974149 ], [ -50.0529399090019, -21.819035694889202 ], [ -50.052922771816696, -21.819029531499989 ], [ -50.052904711896097, -21.819022451856998 ], [ -50.052895996166598, -21.819018858898197 ], [ -50.052820490939901, -21.818986102327308 ], [ -50.052796511858205, -21.818976014197897 ], [ -50.052781796867599, -21.818970254964306 ], [ -50.052744615924503, -21.818956204496597 ], [ -50.052692357532599, -21.818937411243798 ], [ -50.052503737729097, -21.818870414747707 ], [ -50.052443555594003, -21.818849249235498 ], [ -50.052299030414197, -21.818798934835392 ], [ -50.052260738369306, -21.818785380174695 ], [ -50.052226749396802, -21.818773032861397 ], [ -50.052203445171699, -21.818764308639803 ], [ -50.052020000597302, -21.818694586098299 ], [ -50.052002958509497, -21.818687928015095 ], [ -50.051962453045, -21.818671002138899 ], [ -50.0518128432727, -21.818607065038108 ], [ -50.051777268614501, -21.8185917678857 ], [ -50.051740646359796, -21.818575645295503 ], [ -50.051570395155998, -21.8184961548845 ], [ -50.051417597848499, -21.818425904631496 ], [ -50.051383988574706, -21.818409940390694 ], [ -50.051298810000198, -21.818368338198791 ], [ -50.051280999734999, -21.818360203463591 ], [ -50.051274648364405, -21.818357757859594 ], [ -50.051259481903998, -21.8183524157646 ], [ -50.051255012786903, -21.818351062986594 ], [ -50.051252185902896, -21.818350397683005 ], [ -50.051245660029998, -21.818348995558104 ], [ -50.051238083240797, -21.818347689822701 ], [ -50.051194011197005, -21.818341105568589 ], [ -50.051178873934397, -21.818339064136001 ], [ -50.051165734239902, -21.818337582624203 ], [ -50.051158343240601, -21.818336945719693 ], [ -50.051113557043202, -21.818333866506006 ], [ -50.051103147899497, -21.818333574518999 ], [ -50.051098856965602, -21.818333590468995 ], [ -50.051092076137401, -21.818333915831104 ], [ -50.051037626225501, -21.818337514825199 ], [ -50.051033466479097, -21.818337860413596 ], [ -50.0510285571984, -21.818338473103299 ], [ -50.051018111294198, -21.818340511229795 ], [ -50.051012653345602, -21.818341725740492 ], [ -50.050953603775604, -21.818356847688502 ], [ -50.050941357539998, -21.818359494938502 ], [ -50.050912090903601, -21.8183645791012 ], [ -50.050899711311096, -21.818366584958103 ], [ -50.05087119156471, -21.8183707983519 ], [ -50.050739051752799, -21.818389570089593 ], [ -50.0506931199265, -21.818396248382001 ], [ -50.05062196351431, -21.818407435986398 ], [ -50.0505625452397, -21.818417333558799 ], [ -50.050239833442603, -21.818472188885803 ], [ -50.050148187907006, -21.818487564026508 ], [ -50.050084458096897, -21.818498007305898 ], [ -50.050065964572099, -21.818501434362702 ], [ -50.050054635705898, -21.818503961159802 ], [ -50.0499999713604, -21.8185168571639 ], [ -50.049996294027999, -21.818517777138901 ], [ -50.049991711687703, -21.8185191741068 ], [ -50.049971537799003, -21.818526701627103 ], [ -50.049897578697198, -21.8185562310357 ], [ -50.049869202053998, -21.818567745873899 ], [ -50.049855717516301, -21.818581849338592 ], [ -50.049853363400203, -21.818584748858093 ], [ -50.049851891171599, -21.818587128822706 ], [ -50.049831061228801, -21.818623698306595 ], [ -50.049827648300202, -21.818630591229699 ], [ -50.049820880396297, -21.818646097245804 ], [ -50.049811904383503, -21.818668398851095 ], [ -50.049719150884997, -21.818902176966692 ], [ -50.049699898929703, -21.818948971767487 ], [ -50.049639323172997, -21.819092728945709 ], [ -50.049626970392502, -21.819123019810593 ], [ -50.049620280804199, -21.819140168469993 ], [ -50.049575956227308, -21.819258280395399 ], [ -50.0494785802696, -21.819524410723094 ], [ -50.049464858824201, -21.819562413553204 ], [ -50.049462428507901, -21.819569522466701 ], [ -50.049459834929799, -21.8195784892409 ], [ -50.049458322846597, -21.819583096005697 ], [ -50.0494405512379, -21.819632790840796 ], [ -50.049344460580301, -21.819897854692293 ], [ -50.049311383215098, -21.819988705297199 ], [ -50.049269662527898, -21.820101416131202 ], [ -50.0491490844773, -21.820422035483691 ], [ -50.049116687581197, -21.820510080641597 ], [ -50.049091243788503, -21.820580944342403 ], [ -50.049024065907901, -21.820769685475295 ], [ -50.048994832948303, -21.820853842054202 ], [ -50.048972903949803, -21.820918172671405 ], [ -50.048889562050299, -21.821164682602198 ], [ -50.048874558108508, -21.821208632312395 ], [ -50.048856263061808, -21.821261238779798 ], [ -50.0488415738293, -21.821302282750398 ], [ -50.048789158754701, -21.821445337944404 ], [ -50.048773114411802, -21.821490794288501 ], [ -50.048763151309103, -21.821520077609588 ], [ -50.048728106452401, -21.821625117922999 ], [ -50.048718839231306, -21.821652126994305 ], [ -50.0487086288787, -21.821680260555109 ], [ -50.0487012541385, -21.821699363068301 ], [ -50.048651352182503, -21.8218229069806 ], [ -50.048648374511899, -21.821831040481904 ], [ -50.048637564451703, -21.821863749751198 ], [ -50.048577320188699, -21.822049490236797 ], [ -50.048559722366399, -21.822103172929708 ], [ -50.048418600788402, -21.822526049596203 ], [ -50.048394943868402, -21.822596210228099 ], [ -50.048383466056897, -21.822629484777497 ], [ -50.048357683337699, -21.822702442831005 ], [ -50.0483455319998, -21.822736032320901 ], [ -50.048327816882399, -21.822784139272894 ], [ -50.048215123720802, -21.823086738528698 ], [ -50.048177939112797, -21.823187144643303 ], [ -50.048099640643301, -21.823400714719295 ], [ -50.048087531813898, -21.823434250495001 ], [ -50.048076952956698, -21.823464667826499 ], [ -50.0480738813933, -21.823474023125002 ], [ -50.048070226585899, -21.823486625851697 ], [ -50.048054824039099, -21.823547153360302 ], [ -50.048053694946901, -21.8235524515982 ], [ -50.0480530770391, -21.823557335669793 ], [ -50.048052748625402, -21.823561588703296 ], [ -50.048050911230902, -21.823597170043303 ], [ -50.048050646937298, -21.823634789934207 ], [ -50.048050863343803, -21.823638991566501 ], [ -50.048051100420402, -21.82364078673389 ], [ -50.048052353931098, -21.823647273719704 ], [ -50.048052999354297, -21.823649636372789 ], [ -50.048054448080997, -21.823653709338505 ], [ -50.048056535864099, -21.823658851968698 ], [ -50.048063307160596, -21.823675074105005 ], [ -50.048065659844802, -21.823680134975596 ], [ -50.048069310474098, -21.823685969250203 ], [ -50.048071878387397, -21.823688923869497 ], [ -50.048083415146202, -21.823699400707401 ], [ -50.048087643620299, -21.823702885325204 ], [ -50.04809279612811, -21.823706686233006 ], [ -50.048097719470697, -21.8237100638874 ], [ -50.048121777616608, -21.823725928651399 ], [ -50.048127968993803, -21.823729644577689 ], [ -50.0481361284087, -21.823733578797391 ], [ -50.048143611963297, -21.823736116630691 ], [ -50.048161253978201, -21.823741419065701 ], [ -50.048167340512606, -21.823743063305606 ], [ -50.048173864192997, -21.823744526928401 ], [ -50.048178641089301, -21.823745410396199 ], [ -50.048200836336498, -21.8237489435725 ], [ -50.048209156862903, -21.823750080598696 ], [ -50.048221256074299, -21.823750992368101 ], [ -50.048264324884698, -21.823751960831096 ], [ -50.048271011659601, -21.823751970294904 ], [ -50.048279293754398, -21.823751655210398 ], [ -50.048283104750901, -21.823751209402403 ], [ -50.048296297907207, -21.823749060898095 ], [ -50.048300821831297, -21.823748689086305 ], [ -50.048316162364898, -21.823748523824005 ], [ -50.0483378881734, -21.823748813049402 ], [ -50.048408305668197, -21.823750355097097 ], [ -50.048438493107199, -21.823751310315007 ], [ -50.048467266126799, -21.823753209444504 ], [ -50.048480252689998, -21.8237542739001 ], [ -50.048508835802103, -21.823757206543601 ], [ -50.048593264598303, -21.823766411703097 ], [ -50.048612782247403, -21.823768304565601 ], [ -50.048624929428399, -21.8237691469268 ], [ -50.048644877587201, -21.823770112918801 ], [ -50.048650767980099, -21.823770269617597 ], [ -50.048663137361402, -21.823770156216497 ], [ -50.048673178377904, -21.823769851014099 ], [ -50.048731554798898, -21.823767475289202 ], [ -50.048745262435197, -21.823766729480099 ], [ -50.048760593294098, -21.823765301580405 ], [ -50.048765680565701, -21.823764708307497 ], [ -50.048774281889699, -21.823763208387795 ], [ -50.048810839291001, -21.823755356294203 ], [ -50.048819952524603, -21.823753145255889 ], [ -50.048866796681899, -21.823723749216189 ], [ -50.048887603578599, -21.823711187501104 ], [ -50.0490175632454, -21.823635874312306 ], [ -50.049036538530309, -21.8236250544497 ], [ -50.04905687785871, -21.8236142903495 ], [ -50.049070254418503, -21.823607573032902 ], [ -50.04916651130651, -21.823560652646897 ], [ -50.049264673421902, -21.823518782564598 ], [ -50.049279049886998, -21.823512822563995 ], [ -50.049295688838598, -21.823506442892302 ], [ -50.049301322845508, -21.823504383466595 ], [ -50.049311317198097, -21.823501140876392 ], [ -50.0494097132175, -21.8234717441218 ], [ -50.049415293067298, -21.823469736082401 ], [ -50.049422993279904, -21.823466014955198 ], [ -50.049427075047902, -21.823463822823602 ], [ -50.049431769121597, -21.823460740246897 ], [ -50.049474176236103, -21.823430032539299 ], [ -50.049516396376497, -21.8234000778953 ], [ -50.049525222594006, -21.823393226428905 ], [ -50.049539406027797, -21.823380345850598 ], [ -50.049549986014902, -21.823369790622301 ], [ -50.049587604522003, -21.823330378589102 ], [ -50.049605618784199, -21.823311296309296 ], [ -50.049612646705299, -21.823303536368002 ], [ -50.049616539108698, -21.823298969094004 ], [ -50.049626884708999, -21.823285793119396 ], [ -50.049631040501701, -21.823280179430409 ], [ -50.049638348604503, -21.823268793416794 ], [ -50.049670701157297, -21.823214196258991 ], [ -50.049681302606999, -21.823197331265902 ], [ -50.049685761305902, -21.823190795786395 ], [ -50.049709376778203, -21.823157415600704 ], [ -50.049715943943298, -21.8231479107273 ], [ -50.049718367972602, -21.823145290216893 ], [ -50.0497212685707, -21.823142828197799 ], [ -50.049722990903, -21.823141655600601 ], [ -50.049736787384703, -21.823134252595391 ], [ -50.049789902374002, -21.823106746196004 ], [ -50.049969916506598, -21.8230142497302 ], [ -50.050017351792597, -21.822990098168201 ], [ -50.050050388136903, -21.822973700688497 ], [ -50.050067814515103, -21.8229654736488 ], [ -50.050120986265703, -21.822942276932697 ], [ -50.050131863098102, -21.822937747769789 ], [ -50.050141905672902, -21.822933905441904 ], [ -50.050145789854803, -21.822932560309301 ], [ -50.050152631728899, -21.82293051286009 ], [ -50.050172949512003, -21.822924994315994 ], [ -50.050177755211401, -21.822923759227898 ], [ -50.050183879036297, -21.822922434162898 ], [ -50.0501898963293, -21.822921576709202 ], [ -50.050237849137908, -21.822916619682204 ], [ -50.050243977872, -21.8229161302636 ], [ -50.050251798770503, -21.822915918060296 ], [ -50.050272410696003, -21.822916986276102 ], [ -50.050276965376902, -21.822917616669592 ], [ -50.050285564342602, -21.822919477551501 ], [ -50.050297186068399, -21.822922716802196 ], [ -50.050330708447902, -21.822932611973602 ], [ -50.050340343874197, -21.822936153258389 ], [ -50.050344989133997, -21.822938394260607 ], [ -50.050359192423798, -21.822946701308496 ], [ -50.0503675470734, -21.822952066490288 ], [ -50.050390106115699, -21.822967970135497 ], [ -50.050398560128002, -21.822974207789805 ], [ -50.050404407854899, -21.822978865392798 ], [ -50.050408659948708, -21.822982481464599 ], [ -50.050467223503702, -21.82303378629889 ], [ -50.0504682254534, -21.823034828227204 ], [ -50.050468996603399, -21.823036283607902 ], [ -50.050472776474599, -21.823047613035698 ], [ -50.050487246705501, -21.823098131464807 ], [ -50.050490020725199, -21.823108563216305 ], [ -50.050492253915898, -21.823119193911005 ], [ -50.050492647059301, -21.823123173890604 ], [ -50.050492738266499, -21.823126782451403 ], [ -50.050493324447302, -21.823193219592799 ], [ -50.050493301949501, -21.823205386230892 ], [ -50.050492609881999, -21.823217523275897 ], [ -50.0504917533748, -21.823224233019996 ], [ -50.050487053105499, -21.823249590686501 ], [ -50.050486223096897, -21.823253542193296 ], [ -50.050484899494201, -21.8232583283026 ], [ -50.050484416494903, -21.823259810302396 ], [ -50.050483520329898, -21.823261696317605 ], [ -50.050478322659501, -21.823269993164896 ], [ -50.050474647176202, -21.823277452234095 ], [ -50.050468779777397, -21.823290466826801 ], [ -50.050467119553602, -21.823294464938098 ], [ -50.050466486732702, -21.823296353793097 ], [ -50.050465292919107, -21.823301390389897 ], [ -50.050464850800701, -21.823306374496301 ], [ -50.050464149419099, -21.823322908656692 ], [ -50.050463736993102, -21.823364866693193 ], [ -50.050462869679507, -21.823380807554194 ], [ -50.0504628520465, -21.823383979922998 ], [ -50.0504630253564, -21.823386088686597 ], [ -50.050463530479298, -21.823388064878902 ], [ -50.050469004849496, -21.823405035053597 ], [ -50.05046958782561, -21.8234065809926 ], [ -50.050470488735399, -21.823408306337896 ], [ -50.050473684271999, -21.823412211481699 ], [ -50.050476765128501, -21.82341519868589 ], [ -50.050490653289799, -21.823427457018092 ], [ -50.050494409250497, -21.823430534418097 ], [ -50.050497765882199, -21.823432998886606 ], [ -50.0505001469134, -21.8234345249606 ], [ -50.050510705342099, -21.823440851839798 ], [ -50.050515481120698, -21.82344354281269 ], [ -50.050531943082603, -21.823452344166896 ], [ -50.050578156571397, -21.823476621327906 ], [ -50.050601878640698, -21.823488755029501 ], [ -50.050622792268697, -21.823498789101993 ], [ -50.050639594859099, -21.823506466094695 ], [ -50.050748365196398, -21.823554715194408 ], [ -50.050916185277202, -21.823614669216592 ], [ -50.050943931270602, -21.823624369005799 ], [ -50.050953348553598, -21.823627485868997 ], [ -50.050981727272799, -21.823636491163395 ], [ -50.051012733424102, -21.823645716894394 ], [ -50.051138066131003, -21.823681747998702 ], [ -50.05116373845221, -21.823688589276806 ], [ -50.0511758897863, -21.823691647803901 ], [ -50.051191031236002, -21.823694909166292 ], [ -50.051231008745603, -21.823702796216192 ], [ -50.051241542570502, -21.823704769283896 ], [ -50.0512516488945, -21.8237063529373 ], [ -50.051256720172603, -21.823706675193492 ], [ -50.051287658055699, -21.823706866183198 ], [ -50.051301214579198, -21.823707234248097 ], [ -50.051303172679305, -21.823707121163999 ], [ -50.051303986355002, -21.823706746499596 ], [ -50.051309047709807, -21.823703309541703 ], [ -50.051309904293902, -21.823702423987996 ], [ -50.051310319849399, -21.823701755134103 ], [ -50.0513116937192, -21.823698812017803 ], [ -50.051312943897798, -21.823695535141489 ], [ -50.051319253144399, -21.823677370897204 ], [ -50.051320548749501, -21.8236725819249 ], [ -50.051322348779301, -21.823662895676506 ] ] ] } },
{ "type": "Feature", "properties": { "CHAVE": "3078231", "FAZENDA": "307823", "NOME_FAZ": "SITIO NOSSA SENHORA APARECIDA", "ZONA": 1.0, "TALHAO": 1.0, "AREA_TOTAL": 21.105790409016794, "TIPO_GEO": "TALHAO", "DATA_INICI": null, "DATA_FINAL": null, "HORA_INICI": null, "HORA_FINAL": null, "CLASSE": null, "PILOTO": null, "AERONAVE": null, "AREA_HA": null }, "geometry": { "type": "Polygon", "coordinates": [ [ [ -50.0547665415423, -21.824473692921188 ], [ -50.054845466538701, -21.824336045927595 ], [ -50.0548596050578, -21.824311927606598 ], [ -50.054867175039803, -21.824299588202297 ], [ -50.054887841588901, -21.824266800411102 ], [ -50.0549006988578, -21.824247585889196 ], [ -50.054969681312301, -21.824147584930795 ], [ -50.054983659264003, -21.824126892093101 ], [ -50.054990543960898, -21.824116307188103 ], [ -50.055009758085497, -21.824085643960199 ], [ -50.055015366047598, -21.824076344704299 ], [ -50.055026820119906, -21.824056715476797 ], [ -50.055081684801799, -21.823960401989801 ], [ -50.0550996295297, -21.823929232920996 ], [ -50.055109352062601, -21.823912716348001 ], [ -50.0551335628397, -21.823872362345796 ], [ -50.055158849918897, -21.823831026150796 ], [ -50.055188490277303, -21.823783048605208 ], [ -50.055273563295898, -21.823645591409395 ], [ -50.055302325778108, -21.823599565272197 ], [ -50.055331146941597, -21.823554335498194 ], [ -50.055342847918098, -21.823536272700892 ], [ -50.055366132925606, -21.823500930013001 ], [ -50.055453916235898, -21.823368632227101 ], [ -50.055494020974699, -21.823307166101401 ], [ -50.055692293026901, -21.822998403920504 ], [ -50.055847754751802, -21.822757332341595 ], [ -50.0558983410981, -21.822679418018396 ], [ -50.056064182244, -21.8224254896258 ], [ -50.056139468669201, -21.822308707741897 ], [ -50.056157681814099, -21.822279878236898 ], [ -50.056184476592797, -21.822236293385707 ], [ -50.056315790905401, -21.822017858686397 ], [ -50.056344602407798, -21.821970852770392 ], [ -50.0563624945949, -21.821942305387601 ], [ -50.056446819522399, -21.821809931895601 ], [ -50.056583677097102, -21.821596415373399 ], [ -50.056639307340703, -21.821509943992993 ], [ -50.056823035810197, -21.821225313124607 ], [ -50.057032620267002, -21.820898840272292 ], [ -50.057058608548303, -21.820857920305798 ], [ -50.057063839224902, -21.820849297511305 ], [ -50.057073938700306, -21.820831821222288 ], [ -50.0570774957542, -21.820825433319499 ], [ -50.0570792764603, -21.820821902497595 ], [ -50.0570828938963, -21.820814267893805 ], [ -50.057085549809798, -21.820808077942903 ], [ -50.057097851376497, -21.820778271668008 ], [ -50.057102256053099, -21.820767180121905 ], [ -50.057103378383502, -21.820763968162499 ], [ -50.057105432955808, -21.820756883007402 ], [ -50.057105784068398, -21.820755289425293 ], [ -50.057105925221101, -21.820753056106099 ], [ -50.057105563475602, -21.820749654479705 ], [ -50.057104113301797, -21.820741974053796 ], [ -50.057103498045798, -21.820739575335093 ], [ -50.05710210231701, -21.820736430969198 ], [ -50.057101353440203, -21.820735085124092 ], [ -50.057099366817702, -21.820732331649392 ], [ -50.057094034029603, -21.820725520000295 ], [ -50.057091093698403, -21.820722151990996 ], [ -50.057086742339003, -21.820718497580597 ], [ -50.057081783747599, -21.820715058880804 ], [ -50.057059782480998, -21.820701004463089 ], [ -50.057055913540502, -21.820698734833002 ], [ -50.057052454810901, -21.8206973113282 ], [ -50.057043054066007, -21.820691157599096 ], [ -50.057037898733697, -21.820688655122101 ], [ -50.057015786225101, -21.820679873232802 ], [ -50.056994493432498, -21.8206717356871 ], [ -50.0568634810082, -21.820622398552903 ], [ -50.056839325658601, -21.820613664535795 ], [ -50.056826884249709, -21.820609357549909 ], [ -50.056776106552597, -21.820592215225101 ], [ -50.056749412186903, -21.820583466405203 ], [ -50.0566780498825, -21.820560595321901 ], [ -50.055767244014902, -21.820270551641805 ], [ -50.055611118965302, -21.820221672490202 ], [ -50.055239436335597, -21.820107504937493 ], [ -50.055144113541097, -21.8200779787919 ], [ -50.055044876244899, -21.820046700119104 ], [ -50.054778870119499, -21.819960821510996 ], [ -50.054720997906003, -21.819942417270102 ], [ -50.054650509764798, -21.81992091067919 ], [ -50.054618331002303, -21.819911321593199 ], [ -50.054570945493602, -21.819897642241589 ], [ -50.054308767566503, -21.819823051114891 ], [ -50.054247177902603, -21.819804919817393 ], [ -50.0542153595526, -21.819795372275696 ], [ -50.054167549804198, -21.819780519872801 ], [ -50.054000230463501, -21.81972786482849 ], [ -50.053600519958898, -21.819601701004601 ], [ -50.053512249531998, -21.819574195183304 ], [ -50.0532669544247, -21.819498460828193 ], [ -50.053180543729297, -21.8194715100223 ], [ -50.053143585193503, -21.819459672521294 ], [ -50.053070346839007, -21.819435787405197 ], [ -50.053055731413899, -21.819430766451003 ], [ -50.053033400274103, -21.819422064980888 ], [ -50.053026860559598, -21.819419804694704 ], [ -50.053023162258, -21.819418901485001 ], [ -50.053015127440503, -21.819417829422097 ], [ -50.053012925120903, -21.819417744385099 ], [ -50.0530095682225, -21.819418204385094 ], [ -50.052998988169797, -21.819421747688196 ], [ -50.052997222665105, -21.819422452256202 ], [ -50.052995239182899, -21.819423521874697 ], [ -50.052994042978597, -21.819424630859498 ], [ -50.0529864441475, -21.819433419318596 ], [ -50.052984832653699, -21.819436573478391 ], [ -50.052983637886697, -21.819439424052195 ], [ -50.052972070339997, -21.819468899418901 ], [ -50.052920777585499, -21.819603054888205 ], [ -50.052653124673398, -21.820307933115195 ], [ -50.052591652255202, -21.820469170135596 ], [ -50.052558006173903, -21.820556624260998 ], [ -50.0525453654164, -21.820589044664398 ], [ -50.052528595983503, -21.820630847366896 ], [ -50.052493237150102, -21.820716616283601 ], [ -50.052481146754801, -21.820746320112399 ], [ -50.052475689667901, -21.8207601652595 ], [ -50.052464385446498, -21.820789943970492 ], [ -50.052459482526899, -21.820803390188793 ], [ -50.052449633948598, -21.820831480199402 ], [ -50.052332274335498, -21.8211721621721 ], [ -50.052318125128501, -21.821212571898702 ], [ -50.052289470075905, -21.8212930827451 ], [ -50.052278759158, -21.821323006940709 ], [ -50.0522709249054, -21.821344243944701 ], [ -50.052255930607799, -21.821382602315801 ], [ -50.052248578609003, -21.821400947478907 ], [ -50.052176169259702, -21.821575712731097 ], [ -50.052162193362797, -21.821609929462188 ], [ -50.052151575735401, -21.821636629698997 ], [ -50.0521264316735, -21.821700915094496 ], [ -50.052094296890203, -21.821785217239295 ], [ -50.0519856257661, -21.822072185288697 ], [ -50.051809932163103, -21.822537234062196 ], [ -50.051783255021107, -21.822606823804989 ], [ -50.051777513520001, -21.822621154400096 ], [ -50.0517734097484, -21.822630915491892 ], [ -50.051645301912707, -21.822931287920401 ], [ -50.051616035343997, -21.823001285307697 ], [ -50.051507268996303, -21.823267042072111 ], [ -50.0514262442098, -21.823462652039201 ], [ -50.051406992048904, -21.823510300997395 ], [ -50.051377821768199, -21.823584514553001 ], [ -50.0513712379311, -21.823602116053802 ], [ -50.0513648166134, -21.823621806028303 ], [ -50.051362962913501, -21.823629067235995 ], [ -50.0513617033711, -21.823634707579203 ], [ -50.051354810606497, -21.823668047961398 ], [ -50.051353042458601, -21.823677899749001 ], [ -50.051352082845, -21.823684736704497 ], [ -50.051351836633103, -21.823688319340899 ], [ -50.0513517125449, -21.823707575949996 ], [ -50.051352003441899, -21.823711519196195 ], [ -50.051352428863702, -21.823713548298993 ], [ -50.0513543786195, -21.823718888366702 ], [ -50.051355234442802, -21.823720198545107 ], [ -50.051357391093902, -21.823722547534693 ], [ -50.0513604740988, -21.823725345856598 ], [ -50.0513718799739, -21.823734973141999 ], [ -50.051379272083402, -21.823740945194995 ], [ -50.051380496336009, -21.823741653458001 ], [ -50.051422045391703, -21.823761777528805 ], [ -50.0514341471156, -21.823767308385097 ], [ -50.051456395745902, -21.8237762743404 ], [ -50.051469883161097, -21.823781493340601 ], [ -50.051595747889202, -21.823828583287998 ], [ -50.05161617237561, -21.823836056997298 ], [ -50.051649848694801, -21.8238478922182 ], [ -50.051662330619301, -21.823852196552394 ], [ -50.051688871000998, -21.8238610423364 ], [ -50.051807152256401, -21.823899769908596 ], [ -50.051831753440297, -21.82390767795799 ], [ -50.051870072333003, -21.8239196904842 ], [ -50.0519081202469, -21.823931308062598 ], [ -50.0520407474678, -21.823971262403198 ], [ -50.052067031302698, -21.823979061401108 ], [ -50.052095479875703, -21.823987154157098 ], [ -50.052110834210097, -21.823990918364998 ], [ -50.052246920103997, -21.824020470034196 ], [ -50.052270055276097, -21.824024985737303 ], [ -50.052324378341901, -21.824034266559497 ], [ -50.052335966564897, -21.824036456022302 ], [ -50.052346711277501, -21.824039007630802 ], [ -50.052351792101298, -21.824040651943804 ], [ -50.052368321448498, -21.824047082691397 ], [ -50.052371075671303, -21.824048245091401 ], [ -50.052374315655101, -21.824049836496801 ], [ -50.052376409220898, -21.824051191062498 ], [ -50.052381265137598, -21.824054722265299 ], [ -50.052385686702699, -21.824058764387999 ], [ -50.052416185469802, -21.824090430771797 ], [ -50.052419064794599, -21.824093610902302 ], [ -50.052508075817201, -21.824194922413202 ], [ -50.052527689203799, -21.824218179438198 ], [ -50.052570152544398, -21.824271191164105 ], [ -50.052576563813297, -21.824278743243308 ], [ -50.052581377086497, -21.824284144259298 ], [ -50.0526015971543, -21.824305938298806 ], [ -50.052612341881897, -21.824317169899096 ], [ -50.052638818136401, -21.824344309387804 ], [ -50.052715379282098, -21.824422222368604 ], [ -50.052734259908398, -21.824441210191395 ], [ -50.052749276434902, -21.8244558693183 ], [ -50.052758137767597, -21.824464091319097 ], [ -50.052787328129305, -21.824489360123199 ], [ -50.052797394534998, -21.824497440301897 ], [ -50.052817053012497, -21.824511913711603 ], [ -50.0528367310174, -21.824525693210298 ], [ -50.052908373910199, -21.824575316615007 ], [ -50.052925038442702, -21.824586459332501 ], [ -50.052932758717397, -21.824591351328404 ], [ -50.052958823005298, -21.824606677659403 ], [ -50.052965827491001, -21.824610444121799 ], [ -50.052981566955197, -21.824618137709002 ], [ -50.053036185012701, -21.8246429775172 ], [ -50.053056282478302, -21.824651946446803 ], [ -50.053069935165901, -21.824657675626401 ], [ -50.053076362149703, -21.824660120983705 ], [ -50.053101215948203, -21.824668950729297 ], [ -50.053113450963998, -21.824672898314198 ], [ -50.053144525405401, -21.824682086409197 ], [ -50.053221506390898, -21.824704107399004 ], [ -50.053251806530298, -21.8247126130981 ], [ -50.053288699195697, -21.824722150573407 ], [ -50.053311312088603, -21.824727455344998 ], [ -50.053400748956498, -21.824746968103398 ], [ -50.053418061188196, -21.824750548139097 ], [ -50.053426447212502, -21.824752091588895 ], [ -50.053444883851199, -21.824755244208504 ], [ -50.053457965317698, -21.824757016343607 ], [ -50.0535117136574, -21.824762615120601 ], [ -50.053527101560903, -21.824764048694597 ], [ -50.053534478868201, -21.824764589412204 ], [ -50.053551783379802, -21.824765482911499 ], [ -50.0535658359914, -21.824765817686693 ], [ -50.053743819232601, -21.824766879487999 ], [ -50.053766610984702, -21.824766876726496 ], [ -50.053787409990697, -21.824766350438903 ], [ -50.053798701387599, -21.824765902135905 ], [ -50.053817199551901, -21.824764733793195 ], [ -50.053882888951598, -21.824760122104301 ], [ -50.053903973013199, -21.824758946753992 ], [ -50.053919329133898, -21.8247583312743 ], [ -50.053963642805897, -21.824756971652796 ], [ -50.053977433209504, -21.824756705848898 ], [ -50.053994948449798, -21.824756772673197 ], [ -50.054052604110808, -21.824758699721304 ], [ -50.054061732602896, -21.824759282025894 ], [ -50.054066388441903, -21.824759739990597 ], [ -50.054080999423498, -21.824761683943301 ], [ -50.054087560950599, -21.824762689819003 ], [ -50.054102365961697, -21.824765520172903 ], [ -50.054156429476997, -21.824776742893 ], [ -50.0541703552191, -21.8247795127374 ], [ -50.054185173020898, -21.824782069237695 ], [ -50.054209674742097, -21.824785276728601 ], [ -50.054217067891997, -21.824786064869901 ], [ -50.054235447574797, -21.824787674525393 ], [ -50.054348156148301, -21.824796338822892 ], [ -50.054378187006201, -21.824799017567603 ], [ -50.054429197042502, -21.8248043882163 ], [ -50.054442009836002, -21.824805318121001 ], [ -50.054450970279802, -21.824805660342296 ], [ -50.054479609420703, -21.824806143367102 ], [ -50.054484700174598, -21.824806091177205 ], [ -50.054492118769303, -21.824805557364598 ], [ -50.054494703793303, -21.824805283915005 ], [ -50.054499101346302, -21.824804519720995 ], [ -50.054519488197798, -21.824800039215301 ], [ -50.054524363104001, -21.824798615301898 ], [ -50.0545316840686, -21.824795594488396 ], [ -50.054537850589597, -21.824792217744495 ], [ -50.0545628661202, -21.824777714909803 ], [ -50.0545644124267, -21.824776295882604 ], [ -50.054573300164499, -21.824766592924501 ], [ -50.054597280164501, -21.824740053331595 ], [ -50.054605208487096, -21.824731002102094 ], [ -50.054614002241799, -21.824719465657903 ], [ -50.054617494185997, -21.824714087661395 ], [ -50.054641015529299, -21.824675485706003 ], [ -50.054724506504598, -21.824543170878499 ], [ -50.054742079682001, -21.824514746740604 ], [ -50.0547665415423, -21.824473692921188 ] ] ] } },
{ "type": "Feature", "properties": { "CHAVE": null, "FAZENDA": "Faz. ABC", "NOME_FAZ": null, "ZONA": null, "TALHAO": null, "AREA_TOTAL": null, "TIPO_GEO": "VOO_PROCESSADO", "DATA_INICI": "25-03-2026", "DATA_FINAL": "25-03-2026", "HORA_INICI": "11:53:24", "HORA_FINAL": "11:53:24", "CLASSE": "NÃO APLICADO DENTRO DO TALHÃO", "PILOTO": "valmir alves", "AERONAVE": "PS-CBA", "AREA_HA": 0.001893819194994 }, "geometry": { "type": "MultiPolygon", "coordinates": [ [ [ [ -50.052419064794599, -21.824093610902302 ], [ -50.052487495371068, -21.82417149794248 ], [ -50.052487495371075, -21.82417149794248 ], [ -50.052419064794599, -21.824093610902302 ] ] ], [ [ [ -50.052407940496934, -21.823621125554059 ], [ -50.052298441702007, -21.823585586463302 ], [ -50.052306669256197, -21.823588426060983 ], [ -50.052418858775063, -21.823627146329059 ], [ -50.052532044999637, -21.823664875061972 ], [ -50.052533669313682, -21.823665426063403 ], [ -50.052646268499906, -21.823704287720915 ], [ -50.052756432130749, -21.82374166465922 ], [ -50.052810820484531, -21.823758991918378 ], [ -50.052741306229677, -21.823734567985674 ], [ -50.052630133240925, -21.823696848570062 ], [ -50.052518133152098, -21.823658848531498 ], [ -50.052517713206178, -21.823658705408338 ], [ -50.052407940496934, -21.823621125554059 ] ] ], [ [ [ -50.052182537746745, -21.823545000637605 ], [ -50.0521718718309, -21.823541572306688 ], [ -50.052194657126769, -21.823549767016555 ], [ -50.052276380404919, -21.82357797238911 ], [ -50.052182537746745, -21.823545000637605 ] ] ], [ [ [ -50.050478322659501, -21.823269993164896 ], [ -50.050474647176202, -21.823277452234095 ], [ -50.050468779777397, -21.823290466826801 ], [ -50.050467119553602, -21.823294464938098 ], [ -50.050466486732702, -21.823296353793097 ], [ -50.050465292919107, -21.823301390389897 ], [ -50.050464850800701, -21.823306374496301 ], [ -50.050464149419099, -21.823322908656692 ], [ -50.050463736993102, -21.823364866693193 ], [ -50.050462869679507, -21.823380807554194 ], [ -50.0504628520465, -21.823383979922998 ], [ -50.0504630253564, -21.823386088686597 ], [ -50.050463530479298, -21.823388064878902 ], [ -50.050469004849496, -21.823405035053597 ], [ -50.05046958782561, -21.8234065809926 ], [ -50.050470488735399, -21.823408306337896 ], [ -50.050471943356399, -21.823410083974924 ], [ -50.050525326367456, -21.823261653937898 ], [ -50.050517940770703, -21.823259125534872 ], [ -50.050487138794438, -21.823249128399915 ], [ -50.050487053105499, -21.823249590686501 ], [ -50.050486223096897, -21.823253542193296 ], [ -50.050484899494201, -21.8232583283026 ], [ -50.050484416494903, -21.823259810302396 ], [ -50.050483520329898, -21.823261696317605 ], [ -50.050478322659501, -21.823269993164896 ] ] ], [ [ [ -50.052269642154208, -21.822432741501828 ], [ -50.052273217250267, -21.82243396925832 ], [ -50.052386437821021, -21.822474334844639 ], [ -50.052485808711317, -21.822507170435319 ], [ -50.052465990794083, -21.822500104915392 ], [ -50.052351375208644, -21.822459594225521 ], [ -50.052236558463711, -21.822420992035017 ], [ -50.052233035375586, -21.822419762197981 ], [ -50.052117997125649, -21.822378110408607 ], [ -50.052003963760434, -21.822338446620048 ], [ -50.052002451943963, -21.822337912360311 ], [ -50.051899233514696, -21.822300859582299 ], [ -50.051897925849076, -21.822304320882438 ], [ -50.051897617493019, -21.822305137079518 ], [ -50.051927455266572, -21.822315699120811 ], [ -50.052042036337141, -21.822355553397042 ], [ -50.052155842823041, -21.822395138253309 ], [ -50.052269642154208, -21.822432741501828 ] ] ], [ [ [ -50.054990543960898, -21.824116307188103 ], [ -50.055009758085497, -21.824085643960199 ], [ -50.055015366047598, -21.824076344704299 ], [ -50.055026820119906, -21.824056715476797 ], [ -50.055081684801799, -21.823960401989801 ], [ -50.0550996295297, -21.823929232920996 ], [ -50.055109352062601, -21.823912716348001 ], [ -50.0551335628397, -21.823872362345796 ], [ -50.055158849918897, -21.823831026150796 ], [ -50.055188490277303, -21.823783048605208 ], [ -50.055273563295898, -21.823645591409395 ], [ -50.055302325778108, -21.823599565272197 ], [ -50.055331146941597, -21.823554335498194 ], [ -50.055342847918098, -21.823536272700892 ], [ -50.055366132925606, -21.823500930013001 ], [ -50.055453916235898, -21.823368632227101 ], [ -50.055494020974699, -21.823307166101401 ], [ -50.055692293026901, -21.822998403920504 ], [ -50.055847754751802, -21.822757332341595 ], [ -50.0558983410981, -21.822679418018396 ], [ -50.056064182244, -21.8224254896258 ], [ -50.056139468669201, -21.822308707741897 ], [ -50.056157681814099, -21.822279878236898 ], [ -50.056184476592797, -21.822236293385707 ], [ -50.056315790905401, -21.822017858686397 ], [ -50.056344602407798, -21.821970852770392 ], [ -50.0563624945949, -21.821942305387601 ], [ -50.056446819522399, -21.821809931895601 ], [ -50.056583677097102, -21.821596415373399 ], [ -50.056639307340703, -21.821509943992993 ], [ -50.056823035810197, -21.821225313124607 ], [ -50.057032620267002, -21.820898840272292 ], [ -50.057058608548303, -21.820857920305798 ], [ -50.057063839224902, -21.820849297511305 ], [ -50.057073938700306, -21.820831821222288 ], [ -50.0570774957542, -21.820825433319499 ], [ -50.0570792764603, -21.820821902497595 ], [ -50.0570828938963, -21.820814267893805 ], [ -50.057085549809798, -21.820808077942903 ], [ -50.057097851376497, -21.820778271668008 ], [ -50.057102256053099, -21.820767180121905 ], [ -50.057103378383502, -21.820763968162499 ], [ -50.057105432955808, -21.820756883007402 ], [ -50.057105784068398, -21.820755289425293 ], [ -50.057105925221101, -21.820753056106099 ], [ -50.057105563475602, -21.820749654479705 ], [ -50.057104113301797, -21.820741974053796 ], [ -50.057103498045798, -21.820739575335093 ], [ -50.05710210231701, -21.820736430969198 ], [ -50.057101353440203, -21.820735085124092 ], [ -50.057099366817702, -21.820732331649392 ], [ -50.057094034029603, -21.820725520000295 ], [ -50.057091093698403, -21.820722151990996 ], [ -50.057086742339003, -21.820718497580597 ], [ -50.057081783747599, -21.820715058880804 ], [ -50.057059782480998, -21.820701004463089 ], [ -50.057055913540502, -21.820698734833002 ], [ -50.057052454810901, -21.8206973113282 ], [ -50.057043054066007, -21.820691157599096 ], [ -50.057037898733697, -21.820688655122101 ], [ -50.057015786225101, -21.820679873232802 ], [ -50.056994493432498, -21.8206717356871 ], [ -50.0568634810082, -21.820622398552903 ], [ -50.056839325658601, -21.820613664535795 ], [ -50.056826884249709, -21.820609357549909 ], [ -50.056776106552597, -21.820592215225101 ], [ -50.056749412186903, -21.820583466405203 ], [ -50.0566780498825, -21.820560595321901 ], [ -50.055767244014902, -21.820270551641805 ], [ -50.055611118965302, -21.820221672490202 ], [ -50.055239436335597, -21.820107504937493 ], [ -50.055144113541097, -21.8200779787919 ], [ -50.055044876244899, -21.820046700119104 ], [ -50.054778870119499, -21.819960821510996 ], [ -50.054720997906003, -21.819942417270102 ], [ -50.054650509764798, -21.81992091067919 ], [ -50.054618331002303, -21.819911321593199 ], [ -50.054570945493602, -21.819897642241589 ], [ -50.054308767566503, -21.819823051114891 ], [ -50.054247177902603, -21.819804919817393 ], [ -50.0542153595526, -21.819795372275696 ], [ -50.054167549804198, -21.819780519872801 ], [ -50.054000230463501, -21.81972786482849 ], [ -50.053600519958898, -21.819601701004601 ], [ -50.053512249531998, -21.819574195183304 ], [ -50.0532669544247, -21.819498460828193 ], [ -50.053180543729297, -21.8194715100223 ], [ -50.053143585193503, -21.819459672521294 ], [ -50.053070346839007, -21.819435787405197 ], [ -50.053055731413899, -21.819430766451003 ], [ -50.053033400274103, -21.819422064980888 ], [ -50.053026860559598, -21.819419804694704 ], [ -50.053023162258, -21.819418901485001 ], [ -50.053015127440503, -21.819417829422097 ], [ -50.053012925120903, -21.819417744385099 ], [ -50.0530095682225, -21.819418204385094 ], [ -50.052998988169797, -21.819421747688196 ], [ -50.052997222665105, -21.819422452256202 ], [ -50.052995239182899, -21.819423521874697 ], [ -50.052994042978597, -21.819424630859498 ], [ -50.0529864441475, -21.819433419318596 ], [ -50.052984832653699, -21.819436573478391 ], [ -50.052983637886697, -21.819439424052195 ], [ -50.052972070339997, -21.819468899418901 ], [ -50.052920777585499, -21.819603054888205 ], [ -50.052653124673398, -21.820307933115195 ], [ -50.052591652255202, -21.820469170135596 ], [ -50.052580874558309, -21.820497183919645 ], [ -50.052613594628774, -21.82050874876953 ], [ -50.052728833236557, -21.820549131520959 ], [ -50.05284626487493, -21.820587617511041 ], [ -50.052850136211674, -21.820588940590103 ], [ -50.052967382248262, -21.820630672221018 ], [ -50.05308202876811, -21.820670205494807 ], [ -50.053200430321738, -21.820710004327317 ], [ -50.05320082322195, -21.820710136953924 ], [ -50.053318823251388, -21.820750136955041 ], [ -50.053436626927443, -21.820790070395784 ], [ -50.053554452261608, -21.820829675541752 ], [ -50.05367146937742, -21.820867359011167 ], [ -50.053674985028081, -21.82086853566684 ], [ -50.053791826444368, -21.820909133099491 ], [ -50.053911656239173, -21.820948746245623 ], [ -50.05402965142261, -21.820987744645201 ], [ -50.054031985118108, -21.820988535670686 ], [ -50.054148440674766, -21.821028999033626 ], [ -50.054266884343605, -21.821067493217008 ], [ -50.054269586088786, -21.821068397589375 ], [ -50.054387429011122, -21.821108998923783 ], [ -50.054505265400238, -21.821147617563412 ], [ -50.05462426530439, -21.821186617523551 ], [ -50.054625823573254, -21.82118713696665 ], [ -50.054743433852217, -21.82122700484917 ], [ -50.054863043376884, -21.821266874681811 ], [ -50.054863823632147, -21.821267136968828 ], [ -50.054981243351691, -21.821306940255031 ], [ -50.055101661406688, -21.821346747867562 ], [ -50.055102823691072, -21.821347136970964 ], [ -50.0552196500919, -21.821386739132489 ], [ -50.055336469771383, -21.821424359020664 ], [ -50.055338430968888, -21.821425004386878 ], [ -50.0554574308741, -21.821465004346205 ], [ -50.055457823777992, -21.821465136974044 ], [ -50.055575823684372, -21.821505136933457 ], [ -50.055470176211294, -21.821776863043873 ], [ -50.055352372471589, -21.821736929564018 ], [ -50.055234547206616, -21.821697324424562 ], [ -50.055117530032305, -21.821659640919215 ], [ -50.055115176298209, -21.821658863046935 ], [ -50.054997756516613, -21.821619059722579 ], [ -50.054877338393752, -21.821579252069714 ], [ -50.054876176357133, -21.82157886304908 ], [ -50.054758566015259, -21.821538995127913 ], [ -50.054638956424071, -21.821499125255283 ], [ -50.054638176416027, -21.82149886305125 ], [ -50.054520953971441, -21.821459126620891 ], [ -50.054402734621782, -21.821420382455518 ], [ -50.054283734525931, -21.821381382415648 ], [ -50.054281413899353, -21.821380602428846 ], [ -50.054163760190534, -21.821340066268611 ], [ -50.054085672867146, -21.82131468788263 ], [ -50.054159629175523, -21.821340411810294 ], [ -50.05427622189351, -21.82138027255953 ], [ -50.054277035674126, -21.82138055319184 ], [ -50.054390842172872, -21.821420138052563 ], [ -50.0545046415168, -21.821457741305313 ], [ -50.054507800453941, -21.821458821332271 ], [ -50.054621837354205, -21.821499127469714 ], [ -50.054736854824533, -21.821536483562284 ], [ -50.054737641693535, -21.821536741346726 ], [ -50.054852641601236, -21.821574741307938 ], [ -50.054853043712107, -21.821574874761808 ], [ -50.054969842784828, -21.821613807777595 ], [ -50.055084443705617, -21.821651675899684 ], [ -50.055199837522501, -21.821689477314344 ], [ -50.055314428682884, -21.821726345766539 ], [ -50.05531564183083, -21.821726741350524 ], [ -50.055430641738518, -21.821764741311735 ], [ -50.055431441207105, -21.821765007788962 ], [ -50.055545829453152, -21.821803465898405 ], [ -50.055659205250222, -21.821838957444051 ], [ -50.055560794651292, -21.822113042535666 ], [ -50.055445794556888, -21.822077042498488 ], [ -50.055442558781564, -21.822075992228267 ], [ -50.05532695803231, -21.82203712645072 ], [ -50.055212963762806, -21.821999458770925 ], [ -50.055098571123267, -21.821962654174385 ], [ -50.055097754422917, -21.821962389024549 ], [ -50.054981754329468, -21.821924388985689 ], [ -50.054981358240695, -21.821924258668567 ], [ -50.054866358148395, -21.821886258629771 ], [ -50.054865956278334, -21.821886125255769 ], [ -50.054749157140911, -21.82184719220151 ], [ -50.054634751267642, -21.82180938851349 ], [ -50.054518144979667, -21.821771516377407 ], [ -50.054514199528811, -21.821770178684865 ], [ -50.054399772624791, -21.821729734684418 ], [ -50.054286358288444, -21.821692258634002 ], [ -50.054283964309747, -21.821691446824989 ], [ -50.054169370690751, -21.821651588166105 ], [ -50.054052777909064, -21.82161172737699 ], [ -50.054051964369748, -21.82161144682777 ], [ -50.053936964399767, -21.821571446829182 ], [ -50.053821964429744, -21.821531446830615 ], [ -50.053706964459742, -21.821491446832034 ], [ -50.053591964489712, -21.821451446833461 ], [ -50.053476964399593, -21.821411446793103 ], [ -50.05347578368049, -21.821411030982425 ], [ -50.053360783591486, -21.821370030941296 ], [ -50.05335993366468, -21.821369725245322 ], [ -50.053248538184093, -21.821329307407382 ], [ -50.053135156168622, -21.821290856105968 ], [ -50.053132783772867, -21.821290030987495 ], [ -50.053019363808239, -21.821249594295875 ], [ -50.052906956647192, -21.821212125233302 ], [ -50.052904964669622, -21.821211446842085 ], [ -50.05278996457951, -21.821171446801717 ], [ -50.052789127581825, -21.821171153098451 ], [ -50.052676545657661, -21.821131301080985 ], [ -50.052562755221189, -21.821091721789966 ], [ -50.052450548875974, -21.821053988674077 ], [ -50.052449332735996, -21.821053574333597 ], [ -50.052381223673002, -21.821030067660839 ], [ -50.052376314747242, -21.821044317729239 ], [ -50.05237250322336, -21.821055382161379 ], [ -50.052379651449122, -21.821057744710046 ], [ -50.05238198514558, -21.821058535735851 ], [ -50.052498440701612, -21.821098999098588 ], [ -50.052616884369833, -21.821137493281743 ], [ -50.05261804338393, -21.821137874783716 ], [ -50.052738043288009, -21.821177874742954 ], [ -50.052739985235654, -21.821178535739623 ], [ -50.052856254486201, -21.821218934369206 ], [ -50.052975508861294, -21.821257371720716 ], [ -50.052978586205619, -21.821258397658017 ], [ -50.053096239849779, -21.821298933779055 ], [ -50.053214884512322, -21.821337493285426 ], [ -50.053217586265298, -21.821338397660398 ], [ -50.053335816349822, -21.821379132386639 ], [ -50.053454464889214, -21.821418681890997 ], [ -50.053573884597846, -21.821457493287667 ], [ -50.053575421458426, -21.821458001254541 ], [ -50.053696844308611, -21.821498807285604 ], [ -50.053815265532336, -21.821537617593933 ], [ -50.053816804521261, -21.821538130502773 ], [ -50.053937036504387, -21.821578870256978 ], [ -50.054055265589724, -21.821617617595507 ], [ -50.054058332074469, -21.821618656590779 ], [ -50.05417700132373, -21.821660190819234 ], [ -50.054296661637601, -21.821699747938549 ], [ -50.054298937828122, -21.82170051915617 ], [ -50.054419565686999, -21.821742389973984 ], [ -50.054539192968477, -21.821783262619217 ], [ -50.054659192998798, -21.821824262620463 ], [ -50.054779192903943, -21.821865262578918 ], [ -50.054780332260705, -21.821865656599481 ], [ -50.054899191349328, -21.821907257271622 ], [ -50.055018043846744, -21.821946874761561 ], [ -50.055019193089855, -21.821947262624185 ], [ -50.055139192994993, -21.82198826258265 ], [ -50.055140332353474, -21.821988656603811 ], [ -50.055260332385096, -21.822030656605385 ], [ -50.055379579690538, -21.822072393153199 ], [ -50.05549643444634, -21.822112004925891 ], [ -50.0555078320888, -21.822115804139205 ], [ -50.055616619846184, -21.822151734032804 ], [ -50.055513380051408, -21.822424265945312 ], [ -50.055404379963896, -21.82238826590855 ], [ -50.05540395587127, -21.822388125193033 ], [ -50.055391955861673, -21.822384125188972 ], [ -50.055391175789232, -21.822383862963438 ], [ -50.055273175695596, -21.82234386292286 ], [ -50.05527166760195, -21.822343343413173 ], [ -50.05519924848614, -21.822317996716915 ], [ -50.055131070148683, -21.822504813895172 ], [ -50.055021070058977, -21.822469813859147 ], [ -50.05501853687116, -21.822468984885671 ], [ -50.054908746232798, -21.822432055299252 ], [ -50.054798376376148, -21.822395265339054 ], [ -50.054689831998182, -21.822359741716991 ], [ -50.054578871337789, -21.822325066502838 ], [ -50.054466871245793, -21.822290066466678 ], [ -50.054463956003154, -21.822289125190668 ], [ -50.05435440862793, -21.822252609391519 ], [ -50.054243871411842, -21.822218066503577 ], [ -50.054131871319839, -21.822183066467396 ], [ -50.054131473959728, -21.822182941733242 ], [ -50.054020473868889, -21.822147941697143 ], [ -50.054019176273336, -21.822147526555575 ], [ -50.053906459146262, -21.822110942919238 ], [ -50.053796749646814, -21.822077338200128 ], [ -50.053794176324033, -21.822076526556462 ], [ -50.053680176231822, -21.822039526518537 ], [ -50.053678956185351, -21.822039125195232 ], [ -50.053593996107125, -21.822010805163007 ], [ -50.053642165090828, -21.822027253104821 ], [ -50.053642549036496, -21.822027384745255 ], [ -50.053763986207812, -21.822069190975462 ], [ -50.053885421786774, -21.822110001283725 ], [ -50.053886165280595, -21.822110253151113 ], [ -50.054009165183338, -21.822152253108563 ], [ -50.054009549129567, -21.822152384749177 ], [ -50.054130797994297, -21.822194126152642 ], [ -50.054252665026453, -21.822234748487599 ], [ -50.054374285222842, -21.822274623952996 ], [ -50.054376165402743, -21.822275253155858 ], [ -50.05449879402984, -21.822317126336433 ], [ -50.054619854475391, -21.822357810575667 ], [ -50.054741285311088, -21.82239762395551 ], [ -50.054743938329594, -21.82239851923358 ], [ -50.05486361621886, -21.822440060310385 ], [ -50.054984285369876, -21.822479623957257 ], [ -50.054986549374014, -21.822480384759047 ], [ -50.055107991283194, -21.822522192620308 ], [ -50.055224714910175, -21.822561427444771 ], [ -50.055344983999795, -21.822598888300064 ], [ -50.055247015902061, -21.822873111679797 ], [ -50.055125015801728, -21.822835111640483 ], [ -50.055121568265506, -21.822833995484729 ], [ -50.055002568170728, -21.822793995444044 ], [ -50.055001450616594, -21.822793615260228 ], [ -50.054880579358326, -21.822752003834665 ], [ -50.054759714429977, -21.822712375980199 ], [ -50.054757061659238, -21.822711480785351 ], [ -50.05463738370738, -21.822669939669353 ], [ -50.05451671448877, -21.82263037598192 ], [ -50.054515577928171, -21.822629998687436 ], [ -50.054393577830979, -21.822588998645738 ], [ -50.054392834589628, -21.822588746863762 ], [ -50.054270772410334, -21.822547067086393 ], [ -50.054149714577008, -21.822507375984454 ], [ -50.054148955863504, -21.8225071251548 ], [ -50.054025955765162, -21.822466125113024 ], [ -50.054024450861014, -21.822465615270104 ], [ -50.053902642644211, -21.822423681284537 ], [ -50.053780206017031, -21.822381873646513 ], [ -50.053658578012339, -21.822340998652152 ], [ -50.053657450954098, -21.822340615274022 ], [ -50.053535642737288, -21.822298681288455 ], [ -50.053412834707025, -21.822256746829662 ], [ -50.053410938592229, -21.822256086221806 ], [ -50.053290693295097, -21.82221335441259 ], [ -50.05317020211708, -21.82217187383382 ], [ -50.053047956008371, -21.822131125121626 ], [ -50.053046451110433, -21.822130615280802 ], [ -50.052924451141678, -21.82208861528218 ], [ -50.052803202209304, -21.82204687383744 ], [ -50.052680956099159, -21.822006125124773 ], [ -50.05267945120351, -21.822005615284723 ], [ -50.052557451234762, -21.82196361528608 ], [ -50.052435451138685, -21.821921615243614 ], [ -50.052435062251341, -21.821921480811366 ], [ -50.052314818870229, -21.821879743430376 ], [ -50.052193578379111, -21.821838998665818 ], [ -50.052192835144602, -21.821838746886169 ], [ -50.052087629778349, -21.821802823094572 ], [ -50.052074234048987, -21.821838197223233 ], [ -50.052088768732773, -21.821843118414257 ], [ -50.052089849029166, -21.821843488431153 ], [ -50.052215580144235, -21.821887048808289 ], [ -50.052339303220634, -21.821927629967927 ], [ -50.052341849092819, -21.821928488433837 ], [ -50.052468681098986, -21.821972430221436 ], [ -50.052593512963313, -21.82201537237308 ], [ -50.052594224271509, -21.822015618913035 ], [ -50.052719868971856, -21.822059494830405 ], [ -50.052843052988663, -21.82210187012322 ], [ -50.052968582328447, -21.822142395333717 ], [ -50.052972604372016, -21.822143752147873 ], [ -50.053097059513057, -21.822187560347828 ], [ -50.05322151312329, -21.822230372379899 ], [ -50.053222224433341, -21.822230618920482 ], [ -50.053346589195108, -21.822274047875876 ], [ -50.053470940577647, -21.822314511411452 ], [ -50.053473138833795, -21.822315244116407 ], [ -50.053599138734143, -21.82235824407282 ], [ -50.053600604534857, -21.822358752155683 ], [ -50.05372505967501, -21.822402560355332 ], [ -50.053849141643553, -21.82244524454288 ], [ -50.053975769206865, -21.822488118432602 ], [ -50.053977604633275, -21.822488752160503 ], [ -50.054102604535892, -21.822532752116238 ], [ -50.054102920842297, -21.822532863824531 ], [ -50.054229407529881, -21.822577681932184 ], [ -50.054352892849167, -21.822620503444337 ], [ -50.054354301349633, -21.822620999164595 ], [ -50.054479763763311, -21.822665807159471 ], [ -50.054605224662055, -21.822709618891736 ], [ -50.054606686772708, -21.822710137345556 ], [ -50.054731686807287, -21.822755137347642 ], [ -50.054855603266326, -21.822799747263129 ], [ -50.054979513578267, -21.822842372400395 ], [ -50.054981686874989, -21.822843137351487 ], [ -50.055106686778707, -21.82288813730646 ], [ -50.055036532426762, -21.823058037504953 ], [ -50.055048044614317, -21.823061874899949 ], [ -50.054943955282589, -21.823334125077881 ], [ -50.054823955186642, -21.823294125037133 ], [ -50.054823175162362, -21.823293862827633 ], [ -50.054793565066859, -21.823283825504951 ], [ -50.054685264306627, -21.823545845125835 ], [ -50.05457610097578, -21.82350650698028 ], [ -50.054463955074027, -21.823469125004038 ], [ -50.054461125903835, -21.823468152842079 ], [ -50.054460757365995, -21.823468022386166 ], [ -50.054364230195972, -21.823710473350808 ], [ -50.054418950678411, -21.823729874244709 ], [ -50.054318949452217, -21.823975780704082 ], [ -50.054395585479547, -21.824002745225968 ], [ -50.054286414413319, -21.824273254750103 ], [ -50.054206236017599, -21.824245043826686 ], [ -50.054119472443936, -21.824484941467045 ], [ -50.054008671064622, -21.824450004087836 ], [ -50.053896869979695, -21.824415066241286 ], [ -50.053818795336888, -21.82439066791029 ], [ -50.053735371968514, -21.824601588316511 ], [ -50.053619573818935, -21.824561657911257 ], [ -50.053502775874406, -21.824521726981061 ], [ -50.053502372028127, -21.824521588319108 ], [ -50.053386968645945, -21.824481794040747 ], [ -50.053268567052037, -21.824441995176613 ], [ -50.053266607973228, -21.824441322696824 ], [ -50.053149810173451, -21.824400393544128 ], [ -50.053032192285642, -21.824359526302715 ], [ -50.052916372057574, -21.824319588284009 ], [ -50.052915608065256, -21.824319322701331 ], [ -50.052799585205847, -21.824278665109333 ], [ -50.052681567200324, -21.824238995182338 ], [ -50.052681174531806, -21.824238862633891 ], [ -50.052563174438191, -21.824198862593285 ], [ -50.052560034067902, -21.824197761958992 ], [ -50.052487495371075, -21.82417149794248 ], [ -50.052508075817201, -21.824194922413202 ], [ -50.052527689203799, -21.824218179438198 ], [ -50.052570152544398, -21.824271191164105 ], [ -50.052576563813297, -21.824278743243308 ], [ -50.052581377086497, -21.824284144259298 ], [ -50.0526015971543, -21.824305938298806 ], [ -50.052612341881897, -21.824317169899096 ], [ -50.052638818136401, -21.824344309387804 ], [ -50.052715379282098, -21.824422222368604 ], [ -50.052734259908398, -21.824441210191395 ], [ -50.052749276434902, -21.8244558693183 ], [ -50.052758137767597, -21.824464091319097 ], [ -50.052787328129305, -21.824489360123199 ], [ -50.052797394534998, -21.824497440301897 ], [ -50.052817053012497, -21.824511913711603 ], [ -50.0528367310174, -21.824525693210298 ], [ -50.052908373910199, -21.824575316615007 ], [ -50.052925038442702, -21.824586459332501 ], [ -50.052932758717397, -21.824591351328404 ], [ -50.052958823005298, -21.824606677659403 ], [ -50.052965827491001, -21.824610444121799 ], [ -50.052981566955197, -21.824618137709002 ], [ -50.053036185012701, -21.8246429775172 ], [ -50.053056282478302, -21.824651946446803 ], [ -50.053069935165901, -21.824657675626401 ], [ -50.053076362149703, -21.824660120983705 ], [ -50.053101215948203, -21.824668950729297 ], [ -50.053113450963998, -21.824672898314198 ], [ -50.053144525405401, -21.824682086409197 ], [ -50.053221506390898, -21.824704107399004 ], [ -50.053251806530298, -21.8247126130981 ], [ -50.053288699195697, -21.824722150573407 ], [ -50.053311312088603, -21.824727455344998 ], [ -50.053400748956498, -21.824746968103398 ], [ -50.053418061188196, -21.824750548139097 ], [ -50.053426447212502, -21.824752091588895 ], [ -50.053444883851199, -21.824755244208504 ], [ -50.053457965317698, -21.824757016343607 ], [ -50.0535117136574, -21.824762615120601 ], [ -50.053527101560903, -21.824764048694597 ], [ -50.053534478868201, -21.824764589412204 ], [ -50.053551783379802, -21.824765482911499 ], [ -50.0535658359914, -21.824765817686693 ], [ -50.053743819232601, -21.824766879487999 ], [ -50.053766610984702, -21.824766876726496 ], [ -50.053787409990697, -21.824766350438903 ], [ -50.053798701387599, -21.824765902135905 ], [ -50.053817199551901, -21.824764733793195 ], [ -50.053882888951598, -21.824760122104301 ], [ -50.053903973013199, -21.824758946753992 ], [ -50.053919329133898, -21.8247583312743 ], [ -50.053963642805897, -21.824756971652796 ], [ -50.053977433209504, -21.824756705848898 ], [ -50.053994948449798, -21.824756772673197 ], [ -50.054052604110808, -21.824758699721304 ], [ -50.054061732602896, -21.824759282025894 ], [ -50.054066388441903, -21.824759739990597 ], [ -50.054080999423498, -21.824761683943301 ], [ -50.054087560950599, -21.824762689819003 ], [ -50.054102365961697, -21.824765520172903 ], [ -50.054156429476997, -21.824776742893 ], [ -50.0541703552191, -21.8247795127374 ], [ -50.054185173020898, -21.824782069237695 ], [ -50.054209674742097, -21.824785276728601 ], [ -50.054217067891997, -21.824786064869901 ], [ -50.054235447574797, -21.824787674525393 ], [ -50.054348156148301, -21.824796338822892 ], [ -50.054378187006201, -21.824799017567603 ], [ -50.054429197042502, -21.8248043882163 ], [ -50.054442009836002, -21.824805318121001 ], [ -50.054450970279802, -21.824805660342296 ], [ -50.054479609420703, -21.824806143367102 ], [ -50.054484700174598, -21.824806091177205 ], [ -50.054492118769303, -21.824805557364598 ], [ -50.054494703793303, -21.824805283915005 ], [ -50.054499101346302, -21.824804519720995 ], [ -50.054519488197798, -21.824800039215301 ], [ -50.054524363104001, -21.824798615301898 ], [ -50.0545316840686, -21.824795594488396 ], [ -50.054537850589597, -21.824792217744495 ], [ -50.0545628661202, -21.824777714909803 ], [ -50.0545644124267, -21.824776295882604 ], [ -50.054573300164499, -21.824766592924501 ], [ -50.054597280164501, -21.824740053331595 ], [ -50.054605208487096, -21.824731002102094 ], [ -50.054614002241799, -21.824719465657903 ], [ -50.054617494185997, -21.824714087661395 ], [ -50.054641015529299, -21.824675485706003 ], [ -50.054724506504598, -21.824543170878499 ], [ -50.054742079682001, -21.824514746740604 ], [ -50.0547665415423, -21.824473692921188 ], [ -50.054845466538701, -21.824336045927595 ], [ -50.0548596050578, -21.824311927606598 ], [ -50.054867175039803, -21.824299588202297 ], [ -50.054887841588901, -21.824266800411102 ], [ -50.0549006988578, -21.824247585889196 ], [ -50.054969681312301, -21.824147584930795 ], [ -50.054983659264003, -21.824126892093101 ], [ -50.054990543960898, -21.824116307188103 ] ] ], [ [ [ -50.052306539328356, -21.821569729428173 ], [ -50.052217699676106, -21.82153800097365 ], [ -50.052195133330045, -21.821529941562488 ], [ -50.05219448411453, -21.82153150849155 ], [ -50.0522987934784, -21.821567126315248 ], [ -50.052306539328356, -21.821569729428173 ] ] ], [ [ [ -50.051770911615286, -21.821380428353702 ], [ -50.051658911527575, -21.821341428314366 ], [ -50.051657699826741, -21.821341000981889 ], [ -50.051546704684249, -21.821301359850899 ], [ -50.051437334810096, -21.821263917903476 ], [ -50.051323956658152, -21.821226125177589 ], [ -50.051321484649158, -21.821225278973493 ], [ -50.051211308052203, -21.821186568268828 ], [ -50.051100953950794, -21.821149126690397 ], [ -50.050988776187296, -21.821112395909939 ], [ -50.050987135065846, -21.821111848845653 ], [ -50.050875751378889, -21.82107405794374 ], [ -50.050780984417948, -21.821042750994216 ], [ -50.050846136405688, -21.821065940679418 ], [ -50.050847580047538, -21.821066462251302 ], [ -50.050965511798104, -21.821109703883991 ], [ -50.051085421085361, -21.821150001257575 ], [ -50.05108846094069, -21.821151056561618 ], [ -50.051207897124591, -21.821193854517926 ], [ -50.051327134650784, -21.821235587642477 ], [ -50.05144793748935, -21.821277519196741 ], [ -50.051568371677099, -21.82131932278995 ], [ -50.051688804242929, -21.821360130509547 ], [ -50.051689548539834, -21.821360384724173 ], [ -50.051811548443744, -21.821402384681701 ], [ -50.051811937583018, -21.821402519200952 ], [ -50.051931046921609, -21.821443862929872 ], [ -50.052051138586116, -21.8214822528791 ], [ -50.052054548631475, -21.821483384727895 ], [ -50.052168479691183, -21.821522606887289 ], [ -50.05216859007848, -21.821522321136275 ], [ -50.052169221258616, -21.821520687249151 ], [ -50.05210569958949, -21.821498000933534 ], [ -50.052105265838193, -21.821497845324927 ], [ -50.051995086879941, -21.821458141186994 ], [ -50.051884121861548, -21.821419501573395 ], [ -50.051771332396022, -21.821380574226925 ], [ -50.051770911615286, -21.821380428353702 ] ] ], [ [ [ -50.051307777607413, -21.82209372722129 ], [ -50.051305035628246, -21.822092762212659 ], [ -50.051190794151921, -21.822051398910688 ], [ -50.051073568763776, -21.822011995409397 ], [ -50.051072777790154, -21.822011727265654 ], [ -50.050955976819118, -21.821971795300939 ], [ -50.050838963744404, -21.821932129843336 ], [ -50.050723754404387, -21.821894388844086 ], [ -50.050722568974145, -21.821893995454058 ], [ -50.050603568879367, -21.821853995413353 ], [ -50.050603176221877, -21.821853862868625 ], [ -50.050485761290282, -21.82181406118832 ], [ -50.050369127410484, -21.821775512694288 ], [ -50.050251096659387, -21.821737822193988 ], [ -50.0501312838065, -21.821699881449039 ], [ -50.05012817633623, -21.821698862872299 ], [ -50.050010761402838, -21.821659061191394 ], [ -50.049894127521419, -21.821620512696818 ], [ -50.049775909689302, -21.821582762456256 ], [ -50.049775145289153, -21.821582516277644 ], [ -50.04965814519457, -21.821544516238685 ], [ -50.049656176450519, -21.821543862876077 ], [ -50.049538176356918, -21.821503862835467 ], [ -50.049537374213109, -21.821503588580534 ], [ -50.049421374121835, -21.82146358854007 ], [ -50.049528625772538, -21.821192411436655 ], [ -50.049644225015491, -21.821232273235793 ], [ -50.049760841436118, -21.821271804217325 ], [ -50.049876472753795, -21.821309359679613 ], [ -50.049995090113846, -21.821347237483764 ], [ -50.049996651739335, -21.821347744867829 ], [ -50.049998232649465, -21.82134826737191 ], [ -50.050075412143627, -21.821147998291966 ], [ -50.050200412174334, -21.821189998293015 ], [ -50.05032541207477, -21.82123199825028 ], [ -50.050326512511383, -21.82123237239259 ], [ -50.050451512412913, -21.821275372349085 ], [ -50.050452603714781, -21.821275752115941 ], [ -50.050576872231012, -21.821319494624049 ], [ -50.05070213799771, -21.821362244042476 ], [ -50.050704300386585, -21.821362999114374 ], [ -50.050829222240438, -21.821407614052443 ], [ -50.050954138062728, -21.821450244045263 ], [ -50.050954512673506, -21.821450372399745 ], [ -50.051079512575036, -21.82149337235623 ], [ -50.051080920051561, -21.821493863784973 ], [ -50.051207761998057, -21.821538807771589 ], [ -50.051332603816462, -21.821582752081596 ], [ -50.051332920119208, -21.821582863788588 ], [ -50.051459031210541, -21.821627548811186 ], [ -50.051584138225252, -21.821670244052303 ], [ -50.051584848899729, -21.821670488425426 ], [ -50.051711309521231, -21.821714301544553 ], [ -50.051837768669543, -21.821757118411778 ], [ -50.051838892332597, -21.821757503460258 ], [ -50.051962331330557, -21.821800308909872 ], [ -50.05205204525025, -21.821830684482066 ], [ -50.052057412713836, -21.821816748569489 ], [ -50.052065668674196, -21.821795313055336 ], [ -50.051949149202642, -21.821755199786406 ], [ -50.051828861214553, -21.821716747059885 ], [ -50.05182506240579, -21.821715480817975 ], [ -50.051704256784355, -21.821673548278866 ], [ -50.0515828231566, -21.821631743250187 ], [ -50.051462195556745, -21.821590869426117 ], [ -50.051461062499449, -21.821590480822181 ], [ -50.051340062530876, -21.821548480823637 ], [ -50.051219062435969, -21.821506480781217 ], [ -50.051218668254926, -21.821506343388211 ], [ -50.051098668161174, -21.821464343345898 ], [ -50.051097539043461, -21.821463943456898 ], [ -50.050979052960777, -21.821421485934877 ], [ -50.050858578713758, -21.821380998678276 ], [ -50.050854419933742, -21.821379537767175 ], [ -50.050735140267861, -21.821335801879783 ], [ -50.050617863394933, -21.8212940592541 ], [ -50.050617539173736, -21.821293943464227 ], [ -50.050498275594364, -21.821251207338786 ], [ -50.050381014858381, -21.821210464192195 ], [ -50.050378825868279, -21.821209685954187 ], [ -50.050258343977845, -21.821165874347717 ], [ -50.050141438423381, -21.821124263886599 ], [ -50.050024014953436, -21.821083464196917 ], [ -50.050023268874, -21.821083202922267 ], [ -50.049905220465931, -21.821041538769176 ], [ -50.049788176826553, -21.821001862949981 ], [ -50.04967017673296, -21.82096186290936 ], [ -50.049775823162683, -21.82069013706792 ], [ -50.049893823192122, -21.820730137069017 ], [ -50.050011823098522, -21.820770137028397 ], [ -50.050013731111214, -21.820770797095943 ], [ -50.050100499160585, -21.820801421106516 ], [ -50.050170121884889, -21.820612569120438 ], [ -50.050150559748211, -21.820605992193666 ], [ -50.05025544014805, -21.820334007783885 ], [ -50.050371440055692, -21.820373007744216 ], [ -50.050373389286236, -21.820373676914123 ], [ -50.050488833112944, -21.82041413157993 ], [ -50.050606264754542, -21.820452617571078 ], [ -50.050609799677211, -21.820453821327526 ], [ -50.050725392584503, -21.820494677432158 ], [ -50.05084260337383, -21.820535403205707 ], [ -50.050958826193742, -21.820575137494256 ], [ -50.051077430228077, -21.82061500438757 ], [ -50.051077823127663, -21.820615137013956 ], [ -50.05119582303405, -21.82065513697334 ], [ -50.051198136237353, -21.820655940655154 ], [ -50.051314787951526, -21.820697460747912 ], [ -50.051432430317213, -21.820737004390892 ], [ -50.051432823217404, -21.820737137017495 ], [ -50.051550823246849, -21.820777137018599 ], [ -50.051668823153236, -21.820817136978004 ], [ -50.051669585876795, -21.820817397644642 ], [ -50.051788204910054, -21.820858266378227 ], [ -50.051905823212813, -21.820898136980308 ], [ -50.051906985025497, -21.820898535730727 ], [ -50.052023821605871, -21.82093913148308 ], [ -50.052140651391355, -21.820977744708308 ], [ -50.052141804108921, -21.820978130488026 ], [ -50.052262228595104, -21.821018935470413 ], [ -50.052351093650046, -21.821048306117564 ], [ -50.052360586316141, -21.821022945031743 ], [ -50.052337343220664, -21.821014923076728 ], [ -50.052223358803644, -21.82097725865199 ], [ -50.052220549278132, -21.820976301671298 ], [ -50.052107546602073, -21.820936651600974 ], [ -50.051995548989311, -21.820898988678213 ], [ -50.051994332851635, -21.820898574338525 ], [ -50.051882143245052, -21.820859854023492 ], [ -50.05176895693031, -21.820822125243279 ], [ -50.05176854916342, -21.820821988719832 ], [ -50.051655549073452, -21.820783988681196 ], [ -50.051654747770975, -21.8207837168863 ], [ -50.051540715265986, -21.820744705753608 ], [ -50.051430335197523, -21.820706917974267 ], [ -50.051316957041472, -21.820669125247012 ], [ -50.051315715322346, -21.820668705755839 ], [ -50.051204715234697, -21.820630705717338 ], [ -50.051202362263602, -21.820629879896494 ], [ -50.051089535187394, -21.82058930172866 ], [ -50.050979925261387, -21.820551777601072 ], [ -50.050868135367729, -21.820513848878644 ], [ -50.050865700438273, -21.820513001069305 ], [ -50.050754092368869, -21.820473141035528 ], [ -50.05064388672811, -21.820434420125935 ], [ -50.050534289092653, -21.82039655911591 ], [ -50.050532700527746, -21.820396001074155 ], [ -50.050421914208961, -21.820356434523156 ], [ -50.050311135511116, -21.820318848884671 ], [ -50.050310289265681, -21.820318559158235 ], [ -50.050200289179202, -21.82028055911983 ], [ -50.050307710715046, -21.820009440856843 ], [ -50.050417287958929, -21.820047294805484 ], [ -50.050418359196442, -21.820047658260986 ], [ -50.050525871590665, -21.819782846847303 ], [ -50.050638453464316, -21.819822698829046 ], [ -50.050751644197788, -21.819862069510492 ], [ -50.050866244204919, -21.819899610883375 ], [ -50.050869034575847, -21.819900553110706 ], [ -50.050983829804146, -21.819940481876849 ], [ -50.051099624816629, -21.819980411182453 ], [ -50.051100034635851, -21.819980553113481 ], [ -50.051213450466655, -21.820020002089905 ], [ -50.051328853784185, -21.820057483500467 ], [ -50.051333215516827, -21.820058968963352 ], [ -50.051447802712921, -21.820099821780605 ], [ -50.051564007408508, -21.820140543074956 ], [ -50.051679624965644, -21.820180411188975 ], [ -50.051681546689856, -21.82018108741147 ], [ -50.051797792202272, -21.820222816560506 ], [ -50.051912034727216, -21.82026255308163 ], [ -50.051913963247713, -21.82026323757027 ], [ -50.052028012841483, -21.820304531379993 ], [ -50.052143042707371, -21.82034287465936 ], [ -50.052146546814996, -21.82034408741842 ], [ -50.052263546847193, -21.820386087420292 ], [ -50.052379189665743, -21.820427600217986 ], [ -50.052495822920214, -21.820467136905052 ], [ -50.052497799713215, -21.820467821265495 ], [ -50.052558863509752, -21.820489404154237 ], [ -50.052831270791209, -21.819756312712297 ], [ -50.052910828750498, -21.8195426942297 ], [ -50.0529367442495, -21.819473667360601 ], [ -50.052965546615503, -21.819399468557297 ], [ -50.0529792698715, -21.819363333408901 ], [ -50.053029504410397, -21.819227725737299 ], [ -50.053043988338104, -21.819188232124507 ], [ -50.053054044256697, -21.819159190390298 ], [ -50.053056329362803, -21.819150907944593 ], [ -50.053059999633902, -21.819133971170501 ], [ -50.053060789132203, -21.819128944849993 ], [ -50.0530610396452, -21.819122342968296 ], [ -50.0530603911687, -21.819116312551103 ], [ -50.053058587869799, -21.819104007146997 ], [ -50.053057727000201, -21.819099262129896 ], [ -50.053057306385497, -21.819097741279197 ], [ -50.053055819849597, -21.819093779015201 ], [ -50.053054026326102, -21.819090687892896 ], [ -50.0530461954895, -21.819080102464504 ], [ -50.053044285509202, -21.819077893840699 ], [ -50.053041633529602, -21.819075474409505 ], [ -50.053037646685702, -21.819072789939302 ], [ -50.053021203613405, -21.819063217759897 ], [ -50.053006601439002, -21.81905813974149 ], [ -50.0529399090019, -21.819035694889202 ], [ -50.052922771816696, -21.819029531499989 ], [ -50.052904711896097, -21.819022451856998 ], [ -50.052895996166598, -21.819018858898197 ], [ -50.052820490939901, -21.818986102327308 ], [ -50.052796511858205, -21.818976014197897 ], [ -50.052781796867599, -21.818970254964306 ], [ -50.052744615924503, -21.818956204496597 ], [ -50.052692357532599, -21.818937411243798 ], [ -50.052503737729097, -21.818870414747707 ], [ -50.052443555594003, -21.818849249235498 ], [ -50.052299030414197, -21.818798934835392 ], [ -50.052260738369306, -21.818785380174695 ], [ -50.052226749396802, -21.818773032861397 ], [ -50.052203445171699, -21.818764308639803 ], [ -50.052020000597302, -21.818694586098299 ], [ -50.052002958509497, -21.818687928015095 ], [ -50.051962453045, -21.818671002138899 ], [ -50.0518128432727, -21.818607065038108 ], [ -50.051777268614501, -21.8185917678857 ], [ -50.051740646359796, -21.818575645295503 ], [ -50.051570395155998, -21.8184961548845 ], [ -50.051417597848499, -21.818425904631496 ], [ -50.051383988574706, -21.818409940390694 ], [ -50.051298810000198, -21.818368338198791 ], [ -50.051280999734999, -21.818360203463591 ], [ -50.051274648364405, -21.818357757859594 ], [ -50.051259481903998, -21.8183524157646 ], [ -50.051255012786903, -21.818351062986594 ], [ -50.051252185902896, -21.818350397683005 ], [ -50.051245660029998, -21.818348995558104 ], [ -50.051238083240797, -21.818347689822701 ], [ -50.051194011197005, -21.818341105568589 ], [ -50.051178873934397, -21.818339064136001 ], [ -50.051165734239902, -21.818337582624203 ], [ -50.051158343240601, -21.818336945719693 ], [ -50.051113557043202, -21.818333866506006 ], [ -50.051103147899497, -21.818333574518999 ], [ -50.051098856965602, -21.818333590468995 ], [ -50.051092076137401, -21.818333915831104 ], [ -50.051037626225501, -21.818337514825199 ], [ -50.051033466479097, -21.818337860413596 ], [ -50.0510285571984, -21.818338473103299 ], [ -50.051018111294198, -21.818340511229795 ], [ -50.051012653345602, -21.818341725740492 ], [ -50.050953603775604, -21.818356847688502 ], [ -50.050941357539998, -21.818359494938502 ], [ -50.050912090903601, -21.8183645791012 ], [ -50.050899711311096, -21.818366584958103 ], [ -50.05087119156471, -21.8183707983519 ], [ -50.050739051752799, -21.818389570089593 ], [ -50.0506931199265, -21.818396248382001 ], [ -50.05062196351431, -21.818407435986398 ], [ -50.0505625452397, -21.818417333558799 ], [ -50.050239833442603, -21.818472188885803 ], [ -50.050148187907006, -21.818487564026508 ], [ -50.050084458096897, -21.818498007305898 ], [ -50.050065964572099, -21.818501434362702 ], [ -50.050054635705898, -21.818503961159802 ], [ -50.0499999713604, -21.8185168571639 ], [ -50.049996294027999, -21.818517777138901 ], [ -50.049991711687703, -21.8185191741068 ], [ -50.049971537799003, -21.818526701627103 ], [ -50.049897578697198, -21.8185562310357 ], [ -50.049869202053998, -21.818567745873899 ], [ -50.049855717516301, -21.818581849338592 ], [ -50.049853363400203, -21.818584748858093 ], [ -50.049851891171599, -21.818587128822706 ], [ -50.049831061228801, -21.818623698306595 ], [ -50.049827648300202, -21.818630591229699 ], [ -50.049820880396297, -21.818646097245804 ], [ -50.049811904383503, -21.818668398851095 ], [ -50.049719150884997, -21.818902176966692 ], [ -50.049699898929703, -21.818948971767487 ], [ -50.049639323172997, -21.819092728945709 ], [ -50.049626970392502, -21.819123019810593 ], [ -50.049620280804199, -21.819140168469993 ], [ -50.049575956227308, -21.819258280395399 ], [ -50.0494785802696, -21.819524410723094 ], [ -50.049464858824201, -21.819562413553204 ], [ -50.049462428507901, -21.819569522466701 ], [ -50.049459834929799, -21.8195784892409 ], [ -50.049458322846597, -21.819583096005697 ], [ -50.0494405512379, -21.819632790840796 ], [ -50.049344460580301, -21.819897854692293 ], [ -50.049311383215098, -21.819988705297199 ], [ -50.049269662527898, -21.820101416131202 ], [ -50.0491490844773, -21.820422035483691 ], [ -50.049116687581197, -21.820510080641597 ], [ -50.049091243788503, -21.820580944342403 ], [ -50.049024065907901, -21.820769685475295 ], [ -50.048994832948303, -21.820853842054202 ], [ -50.048972903949803, -21.820918172671405 ], [ -50.048889562050299, -21.821164682602198 ], [ -50.048874558108508, -21.821208632312395 ], [ -50.048856263061808, -21.821261238779798 ], [ -50.0488415738293, -21.821302282750398 ], [ -50.048789158754701, -21.821445337944404 ], [ -50.048773114411802, -21.821490794288501 ], [ -50.048763151309103, -21.821520077609588 ], [ -50.048728106452401, -21.821625117922999 ], [ -50.048718839231306, -21.821652126994305 ], [ -50.0487086288787, -21.821680260555109 ], [ -50.0487012541385, -21.821699363068301 ], [ -50.048651352182503, -21.8218229069806 ], [ -50.048648374511899, -21.821831040481904 ], [ -50.048637564451703, -21.821863749751198 ], [ -50.048577320188699, -21.822049490236797 ], [ -50.048559722366399, -21.822103172929708 ], [ -50.048418600788402, -21.822526049596203 ], [ -50.048394943868402, -21.822596210228099 ], [ -50.048383466056897, -21.822629484777497 ], [ -50.048357683337699, -21.822702442831005 ], [ -50.0483455319998, -21.822736032320901 ], [ -50.048327816882399, -21.822784139272894 ], [ -50.048215123720802, -21.823086738528698 ], [ -50.048177939112797, -21.823187144643303 ], [ -50.048099640643301, -21.823400714719295 ], [ -50.048087531813898, -21.823434250495001 ], [ -50.048076952956698, -21.823464667826499 ], [ -50.0480738813933, -21.823474023125002 ], [ -50.048070226585899, -21.823486625851697 ], [ -50.048054824039099, -21.823547153360302 ], [ -50.048053694946901, -21.8235524515982 ], [ -50.0480530770391, -21.823557335669793 ], [ -50.048052748625402, -21.823561588703296 ], [ -50.048050911230902, -21.823597170043303 ], [ -50.048050646937298, -21.823634789934207 ], [ -50.048050863343803, -21.823638991566501 ], [ -50.048051100420402, -21.82364078673389 ], [ -50.048052353931098, -21.823647273719704 ], [ -50.048052999354297, -21.823649636372789 ], [ -50.048054448080997, -21.823653709338505 ], [ -50.048056535864099, -21.823658851968698 ], [ -50.048063307160596, -21.823675074105005 ], [ -50.048065659844802, -21.823680134975596 ], [ -50.048069310474098, -21.823685969250203 ], [ -50.048071878387397, -21.823688923869497 ], [ -50.048083415146202, -21.823699400707401 ], [ -50.048087643620299, -21.823702885325204 ], [ -50.04809279612811, -21.823706686233006 ], [ -50.048097719470697, -21.8237100638874 ], [ -50.048121777616608, -21.823725928651399 ], [ -50.048127968993803, -21.823729644577689 ], [ -50.0481361284087, -21.823733578797391 ], [ -50.048143611963297, -21.823736116630691 ], [ -50.048161253978201, -21.823741419065701 ], [ -50.048167340512606, -21.823743063305606 ], [ -50.048173864192997, -21.823744526928401 ], [ -50.048178641089301, -21.823745410396199 ], [ -50.048200836336498, -21.8237489435725 ], [ -50.048209156862903, -21.823750080598696 ], [ -50.048221256074299, -21.823750992368101 ], [ -50.048264324884698, -21.823751960831096 ], [ -50.048271011659601, -21.823751970294904 ], [ -50.048279293754398, -21.823751655210398 ], [ -50.048283104750901, -21.823751209402403 ], [ -50.048296297907207, -21.823749060898095 ], [ -50.048300821831297, -21.823748689086305 ], [ -50.048316162364898, -21.823748523824005 ], [ -50.0483378881734, -21.823748813049402 ], [ -50.048408305668197, -21.823750355097097 ], [ -50.048438493107199, -21.823751310315007 ], [ -50.048467266126799, -21.823753209444504 ], [ -50.048480252689998, -21.8237542739001 ], [ -50.048508835802103, -21.823757206543601 ], [ -50.048593264598303, -21.823766411703097 ], [ -50.048612782247403, -21.823768304565601 ], [ -50.048624929428399, -21.8237691469268 ], [ -50.048644877587201, -21.823770112918801 ], [ -50.048650767980099, -21.823770269617597 ], [ -50.048663137361402, -21.823770156216497 ], [ -50.048673178377904, -21.823769851014099 ], [ -50.048731554798898, -21.823767475289202 ], [ -50.048745262435197, -21.823766729480099 ], [ -50.048760593294098, -21.823765301580405 ], [ -50.048765680565701, -21.823764708307497 ], [ -50.048774281889699, -21.823763208387795 ], [ -50.048810839291001, -21.823755356294203 ], [ -50.048819952524603, -21.823753145255889 ], [ -50.048866796681899, -21.823723749216189 ], [ -50.048887603578599, -21.823711187501104 ], [ -50.0490175632454, -21.823635874312306 ], [ -50.049036538530309, -21.8236250544497 ], [ -50.04905687785871, -21.8236142903495 ], [ -50.049070254418503, -21.823607573032902 ], [ -50.04916651130651, -21.823560652646897 ], [ -50.049264673421902, -21.823518782564598 ], [ -50.049279049886998, -21.823512822563995 ], [ -50.049295688838598, -21.823506442892302 ], [ -50.049301322845508, -21.823504383466595 ], [ -50.049311317198097, -21.823501140876392 ], [ -50.0494097132175, -21.8234717441218 ], [ -50.049415293067298, -21.823469736082401 ], [ -50.049422993279904, -21.823466014955198 ], [ -50.049427075047902, -21.823463822823602 ], [ -50.049431769121597, -21.823460740246897 ], [ -50.049474176236103, -21.823430032539299 ], [ -50.049516396376497, -21.8234000778953 ], [ -50.049525222594006, -21.823393226428905 ], [ -50.049539406027797, -21.823380345850598 ], [ -50.049549986014902, -21.823369790622301 ], [ -50.049587604522003, -21.823330378589102 ], [ -50.049605618784199, -21.823311296309296 ], [ -50.049612646705299, -21.823303536368002 ], [ -50.049616539108698, -21.823298969094004 ], [ -50.049626884708999, -21.823285793119396 ], [ -50.049631040501701, -21.823280179430409 ], [ -50.049638348604503, -21.823268793416794 ], [ -50.049646300499944, -21.823255374046379 ], [ -50.049616342979157, -21.823245900298406 ], [ -50.049614753622379, -21.823245388680935 ], [ -50.049500148270774, -21.823207845540932 ], [ -50.049384552005279, -21.823172277451125 ], [ -50.049380155027322, -21.823170855777917 ], [ -50.049266742952383, -21.823132394283768 ], [ -50.04915134308397, -21.823095900299794 ], [ -50.049150144277121, -21.823095516073959 ], [ -50.049033551558331, -21.823057648345287 ], [ -50.048917959623161, -21.82302077849581 ], [ -50.048916357570121, -21.823020258326334 ], [ -50.048801357477842, -21.822982258287521 ], [ -50.048904642419679, -21.822709741690556 ], [ -50.049018842827863, -21.822747477469697 ], [ -50.049134040182459, -21.82278422144525 ], [ -50.04913485571624, -21.822784483943604 ], [ -50.049186592636275, -21.822801287384188 ], [ -50.049285463304173, -21.822545015373223 ], [ -50.0492882929667, -21.82254596716859 ], [ -50.049379009953242, -21.822318830935348 ], [ -50.049274368734132, -21.82228426195336 ], [ -50.04927191100662, -21.82228342814869 ], [ -50.04916155343129, -21.822245000056441 ], [ -50.049052209304428, -21.822209537088018 ], [ -50.04915379059446, -21.821936462890626 ], [ -50.049264790504672, -21.821972462853708 ], [ -50.049268088974728, -21.821973571867058 ], [ -50.049311074780093, -21.821988540135383 ], [ -50.049421136981842, -21.821718940861246 ], [ -50.049538934460742, -21.821760868767932 ], [ -50.049657359041881, -21.82180266566948 ], [ -50.04975871734721, -21.821837883377636 ], [ -50.049838823331065, -21.821612838644466 ], [ -50.049954823235552, -21.821648838607185 ], [ -50.049956428683309, -21.821649345979019 ], [ -50.050071428589973, -21.821686345941011 ], [ -50.050071854987983, -21.821686483779231 ], [ -50.050188447643883, -21.821724351471417 ], [ -50.0503040395173, -21.821761221285019 ], [ -50.050304855041517, -21.821761483780293 ], [ -50.05042185506862, -21.821799483780868 ], [ -50.050538854974029, -21.821837483741916 ], [ -50.050540844262329, -21.821838144068103 ], [ -50.050655046481793, -21.821876873508192 ], [ -50.050770245571201, -21.821914611132367 ], [ -50.050772222344321, -21.82191527278961 ], [ -50.050888633949306, -21.821955071620312 ], [ -50.051005043828411, -21.82199387490456 ], [ -50.051005844377279, -21.821994144072271 ], [ -50.051120844286068, -21.822033144032673 ], [ -50.051121626387967, -21.82203341149285 ], [ -50.051237626296682, -21.822073411452415 ], [ -50.051239216975148, -21.822073969243757 ], [ -50.051353034289363, -21.822114547581759 ], [ -50.051466844374346, -21.822153144036278 ], [ -50.05146921703632, -21.82215396924698 ], [ -50.051582834122549, -21.822194476199488 ], [ -50.051697441361355, -21.822233007934443 ], [ -50.051701387006716, -21.822234391427266 ], [ -50.05181563168837, -21.82227611556247 ], [ -50.051869120425252, -21.822295049624245 ], [ -50.051869195629742, -21.822294858239381 ], [ -50.051870872684141, -21.822290590371754 ], [ -50.051771188790276, -21.8222541840722 ], [ -50.051655777517873, -21.822214727217442 ], [ -50.051654199248432, -21.822214178527851 ], [ -50.051538581201157, -21.822173313519244 ], [ -50.051424370386968, -21.822133588009699 ], [ -50.051307777607413, -21.82209372722129 ] ] ] ] } },
{ "type": "Feature", "properties": { "CHAVE": null, "FAZENDA": "Faz. ABC", "NOME_FAZ": null, "ZONA": null, "TALHAO": null, "AREA_TOTAL": null, "TIPO_GEO": "VOO_PROCESSADO", "DATA_INICI": "25-03-2026", "DATA_FINAL": "25-03-2026", "HORA_INICI": "11:53:24", "HORA_FINAL": "11:53:24", "CLASSE": "APLICADO FORA DO TALHÃO", "PILOTO": "valmir alves", "AERONAVE": "PS-CBA", "AREA_HA": 1.672195033e-05 }, "geometry": { "type": "MultiPolygon", "coordinates": [ [ [ [ -50.052210174650973, -21.824076862638631 ], [ -50.052328174621522, -21.824116862637521 ], [ -50.05232856728945, -21.824116995185761 ], [ -50.052397354864787, -21.824140117065401 ], [ -50.052382118473574, -21.824122775142463 ], [ -50.052381660673369, -21.824122261865167 ], [ -50.052380199147805, -21.824120647652204 ], [ -50.052379226136658, -21.824119605754952 ], [ -50.05235671892931, -21.824096236875313 ], [ -50.052339355301513, -21.824084745882917 ], [ -50.052336817819167, -21.82408375867449 ], [ -50.05233013584072, -21.8240816777869 ], [ -50.052326359271781, -21.824080780943341 ], [ -50.052324029786341, -21.824080284598995 ], [ -50.052315670089655, -21.824078705129331 ], [ -50.052314782579984, -21.824078545488121 ], [ -50.052261647259854, -21.824069467585538 ], [ -50.052259859683609, -21.824069140483235 ], [ -50.052237287229424, -21.824064734615494 ], [ -50.05223569791734, -21.824064406988672 ], [ -50.052100209041441, -21.824034984962768 ], [ -50.052098218939456, -21.824034525037181 ], [ -50.052083650918533, -21.824030953598559 ], [ -50.052080930941734, -21.824030233609097 ], [ -50.052053071556145, -21.82402230845851 ], [ -50.052052243474314, -21.824022067830711 ], [ -50.052025793613424, -21.824014218659123 ], [ -50.051956052136156, -21.823993208442186 ], [ -50.051974346628072, -21.823999254928069 ], [ -50.051975908053926, -21.823999762247485 ], [ -50.05209353684333, -21.824037324390574 ], [ -50.052210174650973, -21.824076862638631 ] ] ], [ [ [ -50.051502312336702, -21.82384557406953 ], [ -50.051577700174832, -21.823870490394075 ], [ -50.051577670099071, -21.82387047926548 ], [ -50.051452022860097, -21.823823470684129 ], [ -50.051451231605029, -21.823823169590018 ], [ -50.051438038493025, -21.823818064471034 ], [ -50.051437064993785, -21.823817679990889 ], [ -50.051415508291413, -21.823808992874334 ], [ -50.051412361462035, -21.823807640641171 ], [ -50.051401031762794, -21.823802462623178 ], [ -50.05139952040475, -21.823801751366986 ], [ -50.051359039721866, -21.823782144755256 ], [ -50.051355058018927, -21.823780032794353 ], [ -50.051346168919082, -21.823773930323359 ], [ -50.051340426564479, -21.823769291099204 ], [ -50.051339245407512, -21.823768315692647 ], [ -50.051334104038489, -21.823763976048934 ], [ -50.051318675096702, -21.823755199472629 ], [ -50.051300873455396, -21.823752320753066 ], [ -50.051298710231194, -21.823752353783821 ], [ -50.051287338020629, -21.823752045023738 ], [ -50.051286251817793, -21.823752026927874 ], [ -50.051257142204918, -21.823751847224322 ], [ -50.05125269543862, -21.823751692358712 ], [ -50.051249550878829, -21.823751492536498 ], [ -50.051242469659165, -21.823750714645396 ], [ -50.051233914353254, -21.823749374035234 ], [ -50.05123165212845, -21.823748985025627 ], [ -50.051221615789729, -21.823747105140836 ], [ -50.051220887142264, -21.823746965027613 ], [ -50.051181249684674, -21.823739145065108 ], [ -50.051179939825751, -21.823738874812864 ], [ -50.05116544747608, -21.823735753261872 ], [ -50.051162871654626, -21.823735151897836 ], [ -50.051151319266204, -21.823732244126965 ], [ -50.051150291546747, -21.823731977866728 ], [ -50.051125625440569, -21.823725404729014 ], [ -50.051146314126626, -21.823731891860806 ], [ -50.051264718419475, -21.823769701643009 ], [ -50.051382528763703, -21.82380764057552 ], [ -50.051383282398021, -21.823807881247131 ], [ -50.051502312336702, -21.82384557406953 ] ] ], [ [ [ -50.050791720852217, -21.823620019369489 ], [ -50.050793288002623, -21.823620502099651 ], [ -50.05081843825436, -21.823628110580948 ], [ -50.050731960780539, -21.823597216347746 ], [ -50.050726754202628, -21.823595135290553 ], [ -50.050618963177421, -21.823547320596369 ], [ -50.050618207488178, -21.82354698036853 ], [ -50.05060174328645, -21.823539457982722 ], [ -50.050600472734935, -21.823538863004217 ], [ -50.05058005479821, -21.823529066756677 ], [ -50.050578356803818, -21.823528225351456 ], [ -50.050555035830101, -21.823516296806691 ], [ -50.050554317494829, -21.823515924429927 ], [ -50.05050830292496, -21.823491751763672 ], [ -50.050507826456595, -21.823491499246277 ], [ -50.0504916843947, -21.823482868925026 ], [ -50.050490250068037, -21.823482081539542 ], [ -50.050485997531169, -21.823479685393554 ], [ -50.050484297256403, -21.823478697210025 ], [ -50.050474335243848, -21.823472727717796 ], [ -50.05047246155582, -21.82347156628753 ], [ -50.050471035632434, -21.823470652370517 ], [ -50.050467248859292, -21.823468052908801 ], [ -50.050465020606296, -21.823466416905582 ], [ -50.050462013222734, -21.82346408371701 ], [ -50.050459083948184, -21.823461683651601 ], [ -50.050457096914698, -21.823459993763151 ], [ -50.050454741093908, -21.823457914406532 ], [ -50.050436720807525, -21.823508019331729 ], [ -50.05055431425766, -21.823544891862237 ], [ -50.050672908471348, -21.82358276229138 ], [ -50.050673720755427, -21.823583019331259 ], [ -50.050791720852217, -21.823620019369489 ] ] ], [ [ [ -50.04995269756278, -21.823353012008539 ], [ -50.050043112055739, -21.823101748925264 ], [ -50.050069788055652, -21.823110400594501 ], [ -50.050181368249383, -21.823147261916379 ], [ -50.050292539144962, -21.823183988024194 ], [ -50.050402713541381, -21.823221705393212 ], [ -50.050405175476385, -21.823222526264232 ], [ -50.050440831158909, -21.823234098725266 ], [ -50.050443652445573, -21.823218878082095 ], [ -50.050444021088339, -21.823216520944403 ], [ -50.050444200750107, -21.823215113505793 ], [ -50.050444472331449, -21.823212169117991 ], [ -50.05044486364234, -21.823205306593852 ], [ -50.050444931989553, -21.823202983118769 ], [ -50.050444949358749, -21.823193591693936 ], [ -50.050444947789501, -21.82319314160581 ], [ -50.050444391063131, -21.823130040393966 ], [ -50.050443488146968, -21.823121718454612 ], [ -50.050443013714663, -21.823119460002978 ], [ -50.050442492684773, -21.823117269338297 ], [ -50.050440507363412, -21.823109803491921 ], [ -50.050440290441671, -21.823109017981036 ], [ -50.050429750550386, -21.823072221103324 ], [ -50.050424527331224, -21.823060695888294 ], [ -50.050416117680449, -21.8230509512846 ], [ -50.050376083237524, -21.823015878939039 ], [ -50.050375557453251, -21.82301542510811 ], [ -50.050372997157041, -21.823013247776846 ], [ -50.050371817847022, -21.823012277128061 ], [ -50.050368546695964, -21.823009671718108 ], [ -50.050367144735226, -21.823008596826607 ], [ -50.050360950633817, -21.823004026609681 ], [ -50.050360107092246, -21.823003418191462 ], [ -50.050340107007081, -21.822989318554509 ], [ -50.050338371083996, -21.822988150142294 ], [ -50.050333489087876, -21.822985015025733 ], [ -50.05033175563775, -21.8229839522125 ], [ -50.050324443905829, -21.822979675815013 ], [ -50.05031648258683, -21.822975925059037 ], [ -50.050316088858416, -21.822975780352966 ], [ -50.050312952579063, -21.822974742516966 ], [ -50.05028334753613, -21.822966003668288 ], [ -50.050282602877054, -21.822965790001707 ], [ -50.050274678784518, -21.822963581369041 ], [ -50.050263522894028, -21.822961763616149 ], [ -50.050253201586052, -21.822961228712799 ], [ -50.05024911567844, -21.822961178357495 ], [ -50.050248104368031, -21.822961205797224 ], [ -50.050245387341832, -21.822961351028102 ], [ -50.050243173599164, -21.822961527809571 ], [ -50.050241972724457, -21.822961637810138 ], [ -50.050197199675118, -21.822966266135388 ], [ -50.050195224659554, -21.822966508830319 ], [ -50.050194826221357, -21.822966565607054 ], [ -50.050191203549886, -21.822967214673824 ], [ -50.050190602535565, -21.822967344720492 ], [ -50.050188685799348, -21.822967798194473 ], [ -50.05018646239342, -21.822968369620572 ], [ -50.050185788289085, -21.822968547781787 ], [ -50.050167400766114, -21.822973542044902 ], [ -50.050166148404124, -21.822973899437585 ], [ -50.050162627639402, -21.822974953035892 ], [ -50.050160569713967, -21.822975616919638 ], [ -50.050160257372212, -21.822975725086838 ], [ -50.050158737454524, -21.822976278850177 ], [ -50.050151574499601, -21.822979019424412 ], [ -50.05015021369735, -21.822979562920167 ], [ -50.050141466192123, -21.822983205421519 ], [ -50.050140691868904, -21.822983535509785 ], [ -50.050089651868483, -21.823005802228998 ], [ -50.050088301511664, -21.823006415353213 ], [ -50.050073098661187, -21.823013592659773 ], [ -50.050072219955709, -21.823014018094195 ], [ -50.050040511644838, -21.823029756409614 ], [ -50.050040058943324, -21.823029983995745 ], [ -50.04999323887656, -21.823053822321512 ], [ -50.049993075227597, -21.823053906025695 ], [ -50.049984840579022, -21.823058137227637 ], [ -50.049984840577565, -21.823058137227186 ], [ -50.049983226877757, -21.823058966394207 ], [ -50.049955398421893, -21.823073265458795 ], [ -50.049955398446308, -21.823073265467006 ], [ -50.049813364933797, -21.823146246375249 ], [ -50.049813224662223, -21.823146318733627 ], [ -50.049763585493977, -21.823172025128795 ], [ -50.049754191075927, -21.823178374459086 ], [ -50.049746685091328, -21.823186629108932 ], [ -50.049726566373153, -21.823215066684611 ], [ -50.049726129714337, -21.823215695168084 ], [ -50.049723048939939, -21.823220210912815 ], [ -50.049722129473722, -21.823221614422494 ], [ -50.049713042006239, -21.823236070949498 ], [ -50.049712433665484, -21.82323706748311 ], [ -50.049692860704312, -21.823270098216828 ], [ -50.049732742705785, -21.823282710476491 ], [ -50.049849144116514, -21.823320516070812 ], [ -50.049850697479137, -21.82332101197548 ], [ -50.04995269756278, -21.823353012008539 ] ] ] ] } },
{ "type": "Feature", "properties": { "CHAVE": null, "FAZENDA": "Faz. ABC", "NOME_FAZ": null, "ZONA": null, "TALHAO": null, "AREA_TOTAL": null, "TIPO_GEO": "VOO_PROCESSADO", "DATA_INICI": "25-03-2026", "DATA_FINAL": "25-03-2026", "HORA_INICI": "11:53:24", "HORA_FINAL": "11:53:24", "CLASSE": "SOBREPOSIÇÃO", "PILOTO": "valmir alves", "AERONAVE": "PS-CBA", "AREA_HA": 0.00019034895613099999 }, "geometry": { "type": "MultiPolygon", "coordinates": [ [ [ [ -50.053883130013936, -21.82410593377465 ], [ -50.053882738391735, -21.824105811934491 ], [ -50.053771190398926, -21.824071261679109 ], [ -50.053660632601051, -21.824034738128265 ], [ -50.053660225794005, -21.82403460433164 ], [ -50.053547225885076, -21.823997604369495 ], [ -50.053543862082961, -21.823996543237151 ], [ -50.053433550475717, -21.823963055792643 ], [ -50.05332222583403, -21.823926604368527 ], [ -50.053209225807485, -21.823889604367849 ], [ -50.053208824971676, -21.823889473696681 ], [ -50.053094825063873, -21.823852473734625 ], [ -50.053093987343743, -21.823852204349183 ], [ -50.052982836629546, -21.823816793510534 ], [ -50.052871669398087, -21.823778426066788 ], [ -50.052867987291116, -21.823777204348122 ], [ -50.052810820484531, -21.823758991918378 ], [ -50.052851482802659, -21.823773278681909 ], [ -50.052853133067444, -21.82377384852812 ], [ -50.052963911715892, -21.823811434149828 ], [ -50.053074697986375, -21.823851000683575 ], [ -50.05307671294733, -21.823851705362578 ], [ -50.053186879333921, -21.823889419990181 ], [ -50.05329604927973, -21.823928125706725 ], [ -50.053298132953437, -21.823928848523362 ], [ -50.053409709332882, -21.823966704803528 ], [ -50.053519098021248, -21.824004493631495 ], [ -50.053630909695052, -21.824043428062353 ], [ -50.053631286471521, -21.824043558741177 ], [ -50.053740666812928, -21.824081344686029 ], [ -50.053850049133608, -21.824120125699235 ], [ -50.053850853680963, -21.824120408563299 ], [ -50.053959853766308, -21.824158408601633 ], [ -50.053960286385774, -21.824158558737199 ], [ -50.054069445965823, -21.824196268419097 ], [ -50.054177609200707, -21.824234969034627 ], [ -50.054178414329158, -21.82423525471188 ], [ -50.054206236017599, -21.824245043826686 ], [ -50.054218527457024, -21.824211058512461 ], [ -50.054107527547878, -21.824176058548566 ], [ -50.054107129946182, -21.824175933738633 ], [ -50.053995130038189, -21.824140933774807 ], [ -50.053883130013936, -21.82410593377465 ] ] ], [ [ [ -50.052295175208393, -21.823584526285309 ], [ -50.052298441702007, -21.823585586463302 ], [ -50.052276380404919, -21.82357797238911 ], [ -50.05229148294643, -21.823583278688567 ], [ -50.052295175208393, -21.823584526285309 ] ] ], [ [ [ -50.054343668951326, -21.823118425930186 ], [ -50.054342044646795, -21.823117874931985 ], [ -50.054228044737947, -21.823079874970713 ], [ -50.054227642621626, -21.823079741515016 ], [ -50.054113244760096, -21.823041940491027 ], [ -50.053998845120475, -21.823003144099843 ], [ -50.053997642566067, -21.823002741513353 ], [ -50.053882642658358, -21.822964741552131 ], [ -50.053881429493259, -21.822964345962554 ], [ -50.053767036928569, -21.822927541406443 ], [ -50.053652642604135, -21.822889741550703 ], [ -50.053650205912966, -21.822888957632742 ], [ -50.053535623546068, -21.822853088377862 ], [ -50.053421447366617, -21.822816670121938 ], [ -50.053307844954425, -21.82277814409445 ], [ -50.053303824009873, -21.822776838619433 ], [ -50.053189640662531, -21.822741402416451 ], [ -50.053075441825918, -21.822703007987705 ], [ -50.053072205783444, -21.822701957631185 ], [ -50.052958427594518, -21.822666340119262 ], [ -50.052845244459526, -21.82262894048257 ], [ -50.05273084481572, -21.822590144089968 ], [ -50.052729642267437, -21.822589741505531 ], [ -50.052615842938529, -21.822552138257741 ], [ -50.052502036454989, -21.822512553402312 ], [ -50.052499642211167, -21.822511741503739 ], [ -50.052485808711317, -21.822507170435319 ], [ -50.052580782874237, -21.822541030796739 ], [ -50.052582777276086, -21.822541727206545 ], [ -50.052699575224622, -21.822581658138102 ], [ -50.052815373379424, -21.822621588545182 ], [ -50.052817357671884, -21.822622258469142 ], [ -50.052931382979629, -21.822659936405554 ], [ -50.053049412984137, -21.822700602214091 ], [ -50.053050955619277, -21.822701125051502 ], [ -50.053167756871758, -21.822740058810954 ], [ -50.053283167331159, -21.822778860611987 ], [ -50.053399777192915, -21.822818727240104 ], [ -50.053400175389179, -21.822818862798467 ], [ -50.0535181754828, -21.822858862839073 ], [ -50.053520144258876, -21.822859516212308 ], [ -50.053636157480682, -21.822897195728828 ], [ -50.053753175425342, -21.822936862837054 ], [ -50.053755529193666, -21.822937640720653 ], [ -50.053871965027568, -21.8229751370149 ], [ -50.053989412749189, -21.823015602204666 ], [ -50.053992529137773, -21.823016640719352 ], [ -50.054109740810055, -21.823054386859585 ], [ -50.054228761623001, -21.823094060472329 ], [ -50.054347568067861, -21.823133995420491 ], [ -50.054466568038599, -21.82317399541947 ], [ -50.054585568009344, -21.823213995418456 ], [ -50.054585955244768, -21.823214125039041 ], [ -50.054705564829199, -21.823253994909447 ], [ -50.054793565066859, -21.823283825504951 ], [ -50.054796735584482, -21.823276154849424 ], [ -50.054685735669921, -21.823236154889447 ], [ -50.054682044731713, -21.823234874935057 ], [ -50.054569464475122, -21.823197348191702 ], [ -50.054457874076391, -21.823157847173988 ], [ -50.054456668862429, -21.82315742589077 ], [ -50.054343668951326, -21.823118425930186 ] ] ], [ [ [ -50.050594777685689, -21.821633385926237 ], [ -50.050719699602602, -21.821678000906296 ], [ -50.050721861732782, -21.82167875588819 ], [ -50.050847674437804, -21.821721691979715 ], [ -50.050971782303044, -21.821764385095168 ], [ -50.051098079939393, -21.821809136236052 ], [ -50.051098395979011, -21.821809247850169 ], [ -50.051223237860377, -21.821853192202482 ], [ -50.05135007987176, -21.821898136232456 ], [ -50.051351861570254, -21.821898755881186 ], [ -50.051477506010983, -21.821941634549255 ], [ -50.051604151094004, -21.821985511595607 ], [ -50.051605231125386, -21.82198588152189 ], [ -50.051731668597434, -21.822028691069416 ], [ -50.051855107658675, -21.822071496559708 ], [ -50.051856231062153, -21.82207188151942 ], [ -50.051982690277235, -21.822114698428756 ], [ -50.052109150964583, -21.822158511589876 ], [ -50.052111696576802, -21.822159369968475 ], [ -50.052235419719636, -21.822199951168731 ], [ -50.052361150900943, -21.822243511587203 ], [ -50.052361486832758, -21.822243627560226 ], [ -50.05248613095425, -21.82228650514778 ], [ -50.052611775720486, -21.822330381107648 ], [ -50.052612486768076, -21.822330627557371 ], [ -50.052737486866555, -21.822373627600868 ], [ -50.052740417467852, -21.822374604603009 ], [ -50.052865396508722, -21.822414952177031 ], [ -50.052988395618208, -21.822458247872472 ], [ -50.052989486672779, -21.82245862755342 ], [ -50.053114130791386, -21.822501505139989 ], [ -50.053239775558652, -21.822545381100181 ], [ -50.05324305921922, -21.822546488525091 ], [ -50.053367957233036, -21.822587129951604 ], [ -50.053492126884862, -21.82262950531824 ], [ -50.053616395455379, -21.822673247864643 ], [ -50.053617486512799, -21.822673627546589 ], [ -50.053742486611284, -21.822716627590076 ], [ -50.053743230588054, -21.822716881501094 ], [ -50.05386931082888, -21.822759570096459 ], [ -50.053993237137696, -21.822803192166688 ], [ -50.054120079148689, -21.822848136196512 ], [ -50.054121106947491, -21.822848496488795 ], [ -50.054244401502203, -21.822891251868523 ], [ -50.054369698639597, -21.822936000856078 ], [ -50.054370775132831, -21.822936381040222 ], [ -50.054496042772378, -21.822980125305531 ], [ -50.054620313214734, -21.823024862674757 ], [ -50.054745313180163, -21.823069862672696 ], [ -50.054747486217792, -21.823070627532942 ], [ -50.054871396592915, -21.82311325271202 ], [ -50.054995313112471, -21.823157862668825 ], [ -50.055036532426762, -21.823058037504953 ], [ -50.054928435097203, -21.823022005069831 ], [ -50.054810824826916, -21.822982137190259 ], [ -50.054810044556177, -21.822981874898037 ], [ -50.05469023836168, -21.822941939508706 ], [ -50.054571431981714, -21.82290200459979 ], [ -50.05445243195247, -21.822862004598782 ], [ -50.054333431923205, -21.822822004597754 ], [ -50.054333044439872, -21.822821874894231 ], [ -50.054213044535814, -21.822781874935 ], [ -50.054211470665905, -21.822781359220528 ], [ -50.054095034897223, -21.822743862964781 ], [ -50.053977587238954, -21.822703397813569 ], [ -50.053974470610022, -21.822702359219207 ], [ -50.053857650947712, -21.822664739336556 ], [ -50.053740824563931, -21.822625137180822 ], [ -50.053738855545326, -21.822624483727378 ], [ -50.053622842387171, -21.822586804248665 ], [ -50.053506023706063, -21.82254720470419 ], [ -50.053389222794564, -21.822507272777443 ], [ -50.053388441573347, -21.822507007911586 ], [ -50.053272441665747, -21.822468007951251 ], [ -50.053272044184077, -21.822467874886581 ], [ -50.053155817078462, -21.822429132526885 ], [ -50.053037587003992, -21.822388397804122 ], [ -50.053035642133352, -21.822387741470173 ], [ -50.052921636815256, -21.822350070156315 ], [ -50.052806626606248, -21.822310411471999 ], [ -50.052806222526478, -21.822310272729943 ], [ -50.052690222383433, -21.822270614570677 ], [ -50.052576217106662, -21.822229969220004 ], [ -50.052575800861092, -21.822229821459452 ], [ -50.052459800951283, -21.82218882150066 ], [ -50.052457441340167, -21.822188007902874 ], [ -50.052343210975266, -21.82214960287563 ], [ -50.052228964604218, -21.822108237819069 ], [ -50.052227036043185, -21.822107553316041 ], [ -50.052112793534654, -21.822067816800626 ], [ -50.05199696785872, -21.822026238362291 ], [ -50.05188238682485, -21.821984391385584 ], [ -50.05187922228469, -21.821983272719056 ], [ -50.051763013109273, -21.821943543095635 ], [ -50.051647800734287, -21.821902821489289 ], [ -50.051647035889594, -21.82190255330848 ], [ -50.051532035979719, -21.821862553348847 ], [ -50.051531222195152, -21.82186227271519 ], [ -50.051415598166209, -21.821822743142061 ], [ -50.051300964351547, -21.821781237804398 ], [ -50.051297431037717, -21.821780004527472 ], [ -50.051178827007647, -21.821740137635594 ], [ -50.051062222197295, -21.821700272751887 ], [ -50.051061823760676, -21.821700137111737 ], [ -50.050943823854283, -21.821660137152346 ], [ -50.050942245400357, -21.821659611095402 ], [ -50.050826839064136, -21.821621805579937 ], [ -50.050708627439732, -21.821582070588743 ], [ -50.050590823767372, -21.821542137149255 ], [ -50.050589651756738, -21.821541744830888 ], [ -50.050471651851424, -21.821502744870731 ], [ -50.050470090222902, -21.821502237485692 ], [ -50.050351090319779, -21.82146423752479 ], [ -50.05035071599611, -21.82146411849115 ], [ -50.050232275629249, -21.821426612383682 ], [ -50.050115823653016, -21.821387137145585 ], [ -50.050114651644655, -21.821386744827997 ], [ -50.049998232649465, -21.82134826737191 ], [ -50.049970587752675, -21.821420001685599 ], [ -50.050095587852248, -21.821462001728332 ], [ -50.050220036845047, -21.821503816599407 ], [ -50.050343941064945, -21.821546439660597 ], [ -50.050468396275427, -21.821590247904389 ], [ -50.050469861797794, -21.821590755890991 ], [ -50.050594777685689, -21.821633385926237 ] ] ], [ [ [ -50.05266526568581, -21.821695845316178 ], [ -50.052666911261319, -21.82169642830128 ], [ -50.052778911349051, -21.821735428340631 ], [ -50.052780548399191, -21.821735988598945 ], [ -50.052892118741973, -21.821773507838142 ], [ -50.053002699465786, -21.821813000962234 ], [ -50.053005134432688, -21.821813848784622 ], [ -50.0531171345215, -21.821851848823194 ], [ -50.053118775657943, -21.821852395892478 ], [ -50.053230953413738, -21.821889126670388 ], [ -50.05334213446622, -21.821926848821224 ], [ -50.053342548259522, -21.82192698859388 ], [ -50.053455548349497, -21.821964988632509 ], [ -50.053456368898011, -21.821965262135503 ], [ -50.053568162440655, -21.822002193938985 ], [ -50.053593996107125, -21.822010805163007 ], [ -50.053520115556992, -21.821985577663977 ], [ -50.053400061393724, -21.821942913797084 ], [ -50.053398548845919, -21.821942384698545 ], [ -50.053276548942009, -21.821900384741031 ], [ -50.053275043790194, -21.821899874814431 ], [ -50.053152797747977, -21.821859126142979 ], [ -50.05303154888017, -21.82181738473847 ], [ -50.052909548848909, -21.821775384737094 ], [ -50.052908043699397, -21.821774874811283 ], [ -50.052785797655879, -21.821734126139404 ], [ -50.052664548787071, -21.821692384734554 ], [ -50.052542743295326, -21.821650451705889 ], [ -50.052421937737478, -21.821608519207551 ], [ -50.052420421420003, -21.82160800127004 ], [ -50.052306539328356, -21.821569729428173 ], [ -50.052329699645519, -21.821578000971911 ], [ -50.052330127176752, -21.821578152985687 ], [ -50.052443127264524, -21.821618153025874 ], [ -50.052445134576104, -21.82161884879061 ], [ -50.052555694814373, -21.821656360308946 ], [ -50.05266526568581, -21.821695845316178 ] ] ], [ [ [ -50.050617015171298, -21.820765464259221 ], [ -50.050735015263804, -21.820806464300617 ], [ -50.050735778518046, -21.820806727368666 ], [ -50.050852778610484, -21.820846727409183 ], [ -50.050853569573427, -21.820846995549299 ], [ -50.050972373121809, -21.820886929524047 ], [ -50.051089016827049, -21.820926469772303 ], [ -50.05120586374607, -21.82096805936267 ], [ -50.051208569484295, -21.820968995545968 ], [ -50.051327373034674, -21.821008929521383 ], [ -50.051445176771871, -21.821048863000392 ], [ -50.051562795013261, -21.821088733599709 ], [ -50.051681414111343, -21.821129602373585 ], [ -50.051682176589225, -21.821129862956379 ], [ -50.051799594922187, -21.821169665790201 ], [ -50.051917014960843, -21.821210464287152 ], [ -50.051919348411488, -21.821211255229972 ], [ -50.05203677132927, -21.821250064508128 ], [ -50.052157195882771, -21.821290869530916 ], [ -50.052158348353721, -21.821291255228232 ], [ -50.052275178201377, -21.821329868491908 ], [ -50.052392014840763, -21.821370464282026 ], [ -50.052395115431935, -21.821371506656902 ], [ -50.052514535210179, -21.821410318093498 ], [ -50.052632983270485, -21.8214498007891 ], [ -50.052750014750686, -21.821490464278245 ], [ -50.052753490939935, -21.821491628218105 ], [ -50.052872946564705, -21.821530130453247 ], [ -50.052990413782517, -21.821570602360215 ], [ -50.052993115289439, -21.821571506653221 ], [ -50.053111760017742, -21.821610066198843 ], [ -50.053229413722839, -21.821650602357828 ], [ -50.053230956337821, -21.821651125188414 ], [ -50.053350956433761, -21.821691125229151 ], [ -50.053352115203921, -21.821691506650996 ], [ -50.053471345437423, -21.821730256485612 ], [ -50.053592578535039, -21.821770998764745 ], [ -50.053593734269967, -21.82177138234454 ], [ -50.053711963420412, -21.821810129721921 ], [ -50.053832195470441, -21.821850869516151 ], [ -50.053833734212574, -21.821851382342953 ], [ -50.053951195201016, -21.821889877970051 ], [ -50.054069667912572, -21.821931343427785 ], [ -50.054072338162825, -21.821932251998717 ], [ -50.054192196933244, -21.82197187474188 ], [ -50.054312062160719, -21.822013480862751 ], [ -50.054312806956972, -21.822013737359086 ], [ -50.054432807051825, -21.82205473740061 ], [ -50.054552807021444, -21.822095737399376 ], [ -50.054672236483945, -21.82213654247505 ], [ -50.054791667726334, -21.822178343419072 ], [ -50.05479395595421, -21.822179125175531 ], [ -50.054913380607708, -21.822218933402343 ], [ -50.055032236391661, -21.822259542470885 ], [ -50.055151667633574, -21.822301343414747 ], [ -50.05519924848614, -21.822317996716915 ], [ -50.055230929751623, -21.822231186084078 ], [ -50.055122200282248, -21.822196590351741 ], [ -50.055013463112665, -21.822160015129498 ], [ -50.055013043997924, -21.822159874789932 ], [ -50.054902044086674, -21.822122874827617 ], [ -50.054901202096978, -21.822122596718529 ], [ -50.05479120218564, -21.822086596755348 ], [ -50.054789128588098, -21.822085933477084 ], [ -50.05467712868009, -21.822050933513236 ], [ -50.054566591297139, -21.822016390588992 ], [ -50.054457043982488, -21.821979874824862 ], [ -50.054454128514031, -21.821978933476348 ], [ -50.054342128606017, -21.821943933512518 ], [ -50.054230327351029, -21.821908995627822 ], [ -50.05412017581348, -21.821874263168617 ], [ -50.054006823717728, -21.821837473460985 ], [ -50.054004250164382, -21.821836661744911 ], [ -50.053894540728599, -21.821803057060453 ], [ -50.053782434586708, -21.821766671741297 ], [ -50.05367204380029, -21.821729874820303 ], [ -50.053671630909648, -21.821729737804844 ], [ -50.053560041684371, -21.821692873515424 ], [ -50.05344765864055, -21.821655080995658 ], [ -50.053335865518193, -21.821617151194609 ], [ -50.053334224149225, -21.821616604048064 ], [ -50.053222046455829, -21.821579873307211 ], [ -50.053112086755675, -21.821542565560236 ], [ -50.053001300512619, -21.821502999053436 ], [ -50.05299845140707, -21.821502011339962 ], [ -50.052886271710157, -21.821464287202765 ], [ -50.052775913193919, -21.821425858799529 ], [ -50.052665734290713, -21.821386154699081 ], [ -50.052662865230658, -21.821385151148085 ], [ -50.052551871550442, -21.821347492586785 ], [ -50.052440086600356, -21.821307922701649 ], [ -50.052328300332853, -21.821267999043759 ], [ -50.052216517302938, -21.821228076542337 ], [ -50.052105734138337, -21.821188154690343 ], [ -50.052104088336904, -21.821187571625444 ], [ -50.051992088424626, -21.821148571664793 ], [ -50.051991667409411, -21.821148425710359 ], [ -50.051878878003578, -21.821109498402137 ], [ -50.051767695172458, -21.821070782960909 ], [ -50.051656300151627, -21.821030999033777 ], [ -50.051654285020241, -21.821030294295461 ], [ -50.051543285107897, -21.820992294333941 ], [ -50.051542043147606, -21.820991874761493 ], [ -50.051429283094897, -21.820954288086039 ], [ -50.051319515330377, -21.820915721041874 ], [ -50.051317864885014, -21.820915151133566 ], [ -50.051205864973824, -21.820877151172127 ], [ -50.05120422361987, -21.820876604030598 ], [ -50.051092045919106, -21.820839873287344 ], [ -50.050980864918543, -21.82080215117017 ], [ -50.050979630240853, -21.820801737782098 ], [ -50.050868459269893, -21.820765011666129 ], [ -50.050758284911275, -21.820727294326215 ], [ -50.05075663018674, -21.820726737780451 ], [ -50.050644630276622, -21.820689737818235 ], [ -50.050533459187413, -21.820653011663207 ], [ -50.050423284828135, -21.82061529432308 ], [ -50.050421630105895, -21.82061473777809 ], [ -50.050309630195777, -21.820577737815867 ], [ -50.050308384336027, -21.820577331807417 ], [ -50.050196384426961, -21.820541331844417 ], [ -50.050170121884889, -21.820612569120438 ], [ -50.050265582819904, -21.820644663752592 ], [ -50.050381610698281, -21.820685323103369 ], [ -50.050384735047757, -21.820686382367363 ], [ -50.050501959844837, -21.820724800587314 ], [ -50.050616200305505, -21.820765178689616 ], [ -50.050617015171298, -21.820765464259221 ] ] ], [ [ [ -50.05358562675989, -21.821140758841221 ], [ -50.053471641744352, -21.821100120714494 ], [ -50.053359066312581, -21.821059274770647 ], [ -50.053355843635778, -21.821058143831731 ], [ -50.053242033536186, -21.821019547372259 ], [ -50.053128216208044, -21.820978969029252 ], [ -50.053125043158566, -21.820977874705818 ], [ -50.053012041725076, -21.820940207570025 ], [ -50.052898454266703, -21.820900698897493 ], [ -50.052785872398388, -21.820860846917611 ], [ -50.052785035164163, -21.820860553131478 ], [ -50.05267003525428, -21.820820553171831 ], [ -50.052668450930298, -21.820820011264836 ], [ -50.052556060016506, -21.820782216098891 ], [ -50.052443667247204, -21.820743425682526 ], [ -50.052441641001614, -21.820742741287308 ], [ -50.052328050804753, -21.820705207144087 ], [ -50.052215450703905, -21.820665698345138 ], [ -50.052213450816957, -21.820665011260708 ], [ -50.052101059902363, -21.820627216094472 ], [ -50.051988667131567, -21.820588425677602 ], [ -50.051987042875453, -21.820587874695814 ], [ -50.051873246951537, -21.820549942729592 ], [ -50.0517608518741, -21.82051214616332 ], [ -50.051647268423679, -21.820473288675618 ], [ -50.051536284716583, -21.820435294261831 ], [ -50.0515350427643, -21.82043487469209 ], [ -50.051421664672077, -21.820397082003257 ], [ -50.051312464734259, -21.82035969824932 ], [ -50.051199637715477, -21.820319120119851 ], [ -50.051197284514082, -21.820318294218517 ], [ -50.051086284601716, -21.82028029425701 ], [ -50.051085864439045, -21.820280151060054 ], [ -50.050975085802001, -21.820242565459903 ], [ -50.050864299540095, -21.820202998946375 ], [ -50.050863514697355, -21.820202720920506 ], [ -50.050752514783888, -21.820163720959773 ], [ -50.050751710715112, -21.820163440822348 ], [ -50.050642506721232, -21.820125715815088 ], [ -50.050531299450618, -21.820085998941511 ], [ -50.050528864295664, -21.820085151054009 ], [ -50.050418359196442, -21.820047658260986 ], [ -50.050416128301784, -21.820053153128562 ], [ -50.050529128389549, -21.820093153168756 ], [ -50.050529965376477, -21.820093446868245 ], [ -50.050644965466574, -21.820133446908624 ], [ -50.050647755599833, -21.820134389056111 ], [ -50.050762355669519, -21.820171930467019 ], [ -50.050875965408011, -21.820211446906107 ], [ -50.050876374986494, -21.820211588753839 ], [ -50.050992170060532, -21.820251518098754 ], [ -50.051106965347998, -21.820291446903322 ], [ -50.051110146020036, -21.820292516439206 ], [ -50.051224953314623, -21.820329804287478 ], [ -50.051337784464074, -21.820370031053397 ], [ -50.051338610788186, -21.820370323135275 ], [ -50.051455610879529, -21.820411323176586 ], [ -50.051456374837464, -21.820411588747319 ], [ -50.051571411663282, -21.820451256627582 ], [ -50.051687453291763, -21.820492912605967 ], [ -50.051688965076409, -21.820493446854449 ], [ -50.0518029984622, -21.820533110650185 ], [ -50.05191803673209, -21.820574762446789 ], [ -50.051921957095992, -21.820576125278741 ], [ -50.052037197293352, -21.820614538687042 ], [ -50.052152453166613, -21.820655912599026 ], [ -50.052269453134443, -21.820697912597144 ], [ -50.052272176881836, -21.820698863031627 ], [ -50.052389186081761, -21.820738527176431 ], [ -50.052504200269503, -21.820779178751629 ], [ -50.0525046104799, -21.820779323119872 ], [ -50.052621610571244, -21.820820323161172 ], [ -50.052624734927377, -21.820821382427429 ], [ -50.052741789916695, -21.820859744996124 ], [ -50.052857863771756, -21.820901059427708 ], [ -50.052859374472568, -21.820901588730607 ], [ -50.052975374563857, -21.82094158877106 ], [ -50.052976569479775, -21.820941995609559 ], [ -50.053095373030295, -21.820981929585027 ], [ -50.053213176767329, -21.821021863063962 ], [ -50.053331176737885, -21.821061863062852 ], [ -50.053331569392022, -21.821061995606446 ], [ -50.053450569486799, -21.821101995647133 ], [ -50.053452530426263, -21.821102640928704 ], [ -50.053568765092685, -21.821140072440247 ], [ -50.053685014958262, -21.821180464351034 ], [ -50.053687338681151, -21.8211812520784 ], [ -50.053808338778239, -21.821221252119216 ], [ -50.053925178228688, -21.821259868557039 ], [ -50.054042014868244, -21.821300464347189 ], [ -50.054045115458152, -21.821301506721653 ], [ -50.054085672867146, -21.82131468788263 ], [ -50.054045035614124, -21.821300553189047 ], [ -50.053930035584116, -21.821260553187617 ], [ -50.05381503555413, -21.821220553186198 ], [ -50.05370003552413, -21.821180553184796 ], [ -50.05358562675989, -21.821140758841221 ] ] ], [ [ [ -50.05360942604613, -21.82425034206458 ], [ -50.053493627957543, -21.824210411698054 ], [ -50.053492432749437, -21.824210004760253 ], [ -50.053374414810172, -21.824170334873912 ], [ -50.053258392011308, -21.824129677320673 ], [ -50.053257987215936, -21.824129536070725 ], [ -50.053139987308469, -21.824088536112104 ], [ -50.053139627745495, -21.824088411652291 ], [ -50.053024010207281, -21.824048543544762 ], [ -50.052907391919284, -21.824007677316171 ], [ -50.052905432601143, -21.824007004754538 ], [ -50.052786629126508, -21.823967070822384 ], [ -50.052670402025875, -21.823927671814555 ], [ -50.052555965911907, -21.82388623805808 ], [ -50.052552432512023, -21.82388500475113 ], [ -50.052433629037225, -21.823845070818923 ], [ -50.052315825367728, -21.823805137380397 ], [ -50.05219782533829, -21.823765137379279 ], [ -50.052195091749198, -21.823764237692547 ], [ -50.052076874008733, -21.823726487498135 ], [ -50.051959653364122, -21.823687745089831 ], [ -50.051958091694992, -21.823687237691598 ], [ -50.051839281589238, -21.823649298338328 ], [ -50.051722063084092, -21.823611550014459 ], [ -50.051604653280933, -21.823572745087741 ], [ -50.051602717404577, -21.823572118693075 ], [ -50.051483094651253, -21.823534238162782 ], [ -50.051365471231463, -21.823496359442387 ], [ -50.051365091560506, -21.823496237689447 ], [ -50.051246091657397, -21.823458237728548 ], [ -50.05124527912696, -21.823457980610794 ], [ -50.051128469455939, -21.82342135385786 ], [ -50.051011653143391, -21.823382745084508 ], [ -50.051007711802384, -21.823381497843524 ], [ -50.050889496852761, -21.823345735345594 ], [ -50.050772685669372, -21.823309108117755 ], [ -50.050654091525573, -21.823271237726857 ], [ -50.050653278997032, -21.823270980609713 ], [ -50.050535279093822, -21.823233980647949 ], [ -50.050525326367456, -21.823261653937898 ], [ -50.050627713485689, -21.823296705391126 ], [ -50.05062813342964, -21.823296848513603 ], [ -50.050739520872177, -21.823334640690263 ], [ -50.050850085514043, -21.823373140886829 ], [ -50.050960264455675, -21.823412845018783 ], [ -50.050960698216194, -21.823413000630698 ], [ -50.05107127491258, -21.823452492317671 ], [ -50.05118086259958, -21.823493957938304 ], [ -50.051185745754431, -21.823495716477776 ], [ -50.051297514427908, -21.823533953138703 ], [ -50.051407085689071, -21.823575042370567 ], [ -50.051517862501534, -21.823616957931215 ], [ -50.051520698059711, -21.823618000621348 ], [ -50.051632314626886, -21.823657863690386 ], [ -50.05174493197778, -21.82369872486241 ], [ -50.051745359898781, -21.82369887944445 ], [ -50.051859359986622, -21.823739879485512 ], [ -50.051860482723797, -21.823740278612036 ], [ -50.051970920493595, -21.823779081080755 ], [ -50.052084359925161, -21.82381987948197 ], [ -50.052086330667187, -21.823820573917015 ], [ -50.052199330756082, -21.82385957395644 ], [ -50.052312330726998, -21.823898573955152 ], [ -50.052313954806095, -21.823899124877123 ], [ -50.052427141092451, -21.823936853647886 ], [ -50.052539330669518, -21.82397557395273 ], [ -50.052540132930666, -21.823975848491589 ], [ -50.0526521330195, -21.824013848530157 ], [ -50.052655012516986, -21.824014795594014 ], [ -50.052766163294642, -21.824050206469579 ], [ -50.052877330585126, -21.824088573949343 ], [ -50.052881012464347, -21.824089795592965 ], [ -50.052993593283105, -21.824125662056346 ], [ -50.053106974410447, -21.82416246120204 ], [ -50.053219774181777, -21.824199395648382 ], [ -50.05333277415523, -21.824236395647716 ], [ -50.053336137727726, -21.824237456708062 ], [ -50.053446449399765, -21.824270944187631 ], [ -50.053557570599324, -21.824307329012463 ], [ -50.053669367386398, -21.824344261887592 ], [ -50.053672261417383, -21.824345188009271 ], [ -50.053785065613475, -21.824380127369515 ], [ -50.053818795336888, -21.82439066791029 ], [ -50.05384262792586, -21.824330411660217 ], [ -50.053726628017166, -21.82429041170067 ], [ -50.053726223928138, -21.824290272955437 ], [ -50.05360942604613, -21.82425034206458 ] ] ], [ [ [ -50.053849950844096, -21.823810874315747 ], [ -50.053848713336222, -21.8238104411971 ], [ -50.053738901901056, -21.823772506346252 ], [ -50.053627090286327, -21.823733571953383 ], [ -50.05362671327876, -21.823733441194463 ], [ -50.053516713365262, -21.823695441232882 ], [ -50.053515866853303, -21.823695151415325 ], [ -50.053404911556704, -21.823657505877069 ], [ -50.053295950697958, -21.823618874308252 ], [ -50.053294286859916, -21.823618294575912 ], [ -50.053184297049015, -21.82358064041523 ], [ -50.053073301992015, -21.823540999332096 ], [ -50.053070866739304, -21.823540151410569 ], [ -50.052959693693872, -21.823502431993155 ], [ -50.052849517176881, -21.823463721333454 ], [ -50.052847866682633, -21.823463151408273 ], [ -50.052735866771457, -21.823425151446841 ], [ -50.052624076826362, -21.823387222723973 ], [ -50.052513286776396, -21.82334929460713 ], [ -50.052510824598244, -21.823348473655408 ], [ -50.052398679292288, -21.82331207562617 ], [ -50.052289517033103, -21.823273721326817 ], [ -50.052285386162929, -21.823272332059577 ], [ -50.052174422000803, -21.823236665015575 ], [ -50.052062452688226, -21.82319901162629 ], [ -50.052061631892549, -21.823198738041047 ], [ -50.051949631982431, -21.823161738078817 ], [ -50.051837631955706, -21.823124738078068 ], [ -50.051835986844615, -21.823124204306925 ], [ -50.051725048616433, -21.823088861163011 ], [ -50.051615089773009, -21.823050571930672 ], [ -50.051613044566047, -21.823049875016899 ], [ -50.051502455919803, -21.823013012143079 ], [ -50.051390866439732, -21.822975151434864 ], [ -50.051389631730807, -21.822974738036326 ], [ -50.05127846078036, -21.822938011927128 ], [ -50.051168286443058, -21.822900294594501 ], [ -50.051167866267662, -21.822900151393199 ], [ -50.051056478883673, -21.822862359253708 ], [ -50.050945089602386, -21.822823571923188 ], [ -50.050944712599026, -21.822823441165724 ], [ -50.050835508629277, -21.822785716166823 ], [ -50.050724301382743, -21.822745999301848 ], [ -50.050722712540868, -21.822745441163029 ], [ -50.050613726538757, -21.822707791462072 ], [ -50.050503735196777, -21.82266815495117 ], [ -50.050501712482713, -21.822667441160259 ], [ -50.05039311214081, -21.822629924687526 ], [ -50.050282501555458, -21.822589433321394 ], [ -50.050282175237335, -21.822589314263151 ], [ -50.050172175321592, -21.82254931430311 ], [ -50.050169712394073, -21.822548441155888 ], [ -50.050060508421687, -21.82251071615606 ], [ -50.049949301172518, -21.822470999290143 ], [ -50.049947712335914, -21.822470441153175 ], [ -50.049837928849371, -21.822432515957352 ], [ -50.049729145118832, -21.822394591362535 ], [ -50.049617089251321, -21.822355571906026 ], [ -50.049616712250113, -21.822355441149316 ], [ -50.049506900810854, -21.822317506297079 ], [ -50.04939508919351, -21.822278571903311 ], [ -50.049379009953242, -21.822318830935348 ], [ -50.049385750537866, -21.822321057736136 ], [ -50.049496924018619, -21.822358777318168 ], [ -50.049607714131504, -21.822396705473299 ], [ -50.049609368652582, -21.822397261950876 ], [ -50.049720957936451, -21.822434126276111 ], [ -50.04983272770739, -21.822471712579247 ], [ -50.049943910835957, -21.822510428141324 ], [ -50.049944713931083, -21.822510705430318 ], [ -50.05005470381478, -21.822548359633576 ], [ -50.050165698942862, -21.822588000759421 ], [ -50.050168547842588, -21.822588988401971 ], [ -50.050280727592039, -21.822626712574188 ], [ -50.050391910719554, -21.822665428135917 ], [ -50.0505036969709, -21.822704353714467 ], [ -50.050614483571223, -21.822743278744948 ], [ -50.05072790531991, -21.822783075874327 ], [ -50.050838264888277, -21.822822845097058 ], [ -50.050841133756791, -21.822823848581521 ], [ -50.050952127480514, -21.822861507175134 ], [ -50.051064126359016, -21.822901152804455 ], [ -50.051066133699393, -21.822901848579164 ], [ -50.051176307407054, -21.822939228953338 ], [ -50.051286498346578, -21.822979566716636 ], [ -50.051290547556249, -21.822980988390583 ], [ -50.051403340523152, -21.823018918777297 ], [ -50.051514127334947, -21.823056507168555 ], [ -50.051626126210778, -21.823096152796925 ], [ -50.051626910279126, -21.82309642807974 ], [ -50.051738910366858, -21.823135428119095 ], [ -50.051740547442961, -21.823135988386294 ], [ -50.05185334041095, -21.823173918773374 ], [ -50.051964127219179, -21.823211507163403 ], [ -50.052076126092899, -21.823251152791034 ], [ -50.05207854735815, -21.82325198838311 ], [ -50.052191547448139, -21.823289988421756 ], [ -50.052192368009038, -21.823290261928864 ], [ -50.052303957288657, -21.823327126252675 ], [ -50.052416547393229, -21.823364988419897 ], [ -50.05241817535439, -21.823365526315857 ], [ -50.052530320727165, -21.823401924384097 ], [ -50.052639483044146, -21.82344027871962 ], [ -50.052644406194915, -21.823441920409444 ], [ -50.052757588857183, -21.82347766231074 ], [ -50.052869571149692, -21.823514329086805 ], [ -50.052981367937136, -21.823551261962074 ], [ -50.05298301282032, -21.823551795659494 ], [ -50.053095188745289, -21.823587533130304 ], [ -50.05320636788435, -21.823624261960706 ], [ -50.053206774454502, -21.823624395679506 ], [ -50.053319774545564, -21.823661395717362 ], [ -50.053320613528292, -21.823661667906979 ], [ -50.05343136963716, -21.823697268093014 ], [ -50.053542133202363, -21.82373484859616 ], [ -50.053542535898565, -21.823734984636605 ], [ -50.053651506659513, -21.823771638446516 ], [ -50.053761482763747, -21.8238102787077 ], [ -50.05376228663458, -21.823810558776266 ], [ -50.053872286721088, -21.823848558814689 ], [ -50.053873535815235, -21.82384898463344 ], [ -50.0539829102607, -21.823885774227989 ], [ -50.054091850120436, -21.823923408006078 ], [ -50.054199231795295, -21.823961190455712 ], [ -50.054309049213892, -21.824000125731104 ], [ -50.054318949452217, -21.823975780704082 ], [ -50.054287988552858, -21.823964887056828 ], [ -50.054179390775147, -21.823926030979948 ], [ -50.054177713421957, -21.823925441201084 ], [ -50.054067929937112, -21.823887516005836 ], [ -50.053959548906604, -21.82384973180195 ], [ -50.053849950844096, -21.823810874315747 ] ] ], [ [ [ -50.051632725105648, -21.823348507666694 ], [ -50.051523137469047, -21.823307042083808 ], [ -50.051522690644411, -21.823306873770324 ], [ -50.051410690728737, -21.823264873811958 ], [ -50.05140625405047, -21.823263283459696 ], [ -50.051294711635471, -21.823225124222027 ], [ -50.051186137370998, -21.823184042076729 ], [ -50.051183301588949, -21.823182999304738 ], [ -50.051071518680587, -21.823143076846716 ], [ -50.050960735520839, -21.823103154996492 ], [ -50.050959089684113, -21.823102571919101 ], [ -50.050847089771835, -21.82306357195846 ], [ -50.050845866377102, -21.823063151425075 ], [ -50.050734076549745, -21.823025222742153 ], [ -50.050623286496872, -21.82298729462433 ], [ -50.050620824330259, -21.822986473676465 ], [ -50.050508059099528, -21.822949874443349 ], [ -50.050398286441173, -21.82291229462226 ], [ -50.050396631674914, -21.822911738062469 ], [ -50.050284631764804, -21.822874738100243 ], [ -50.050172631738036, -21.822837738099491 ], [ -50.05017179109872, -21.822837462926628 ], [ -50.05006162897768, -21.822801734679221 ], [ -50.049952463465424, -21.822765015378334 ], [ -50.049950385793764, -21.822764332079249 ], [ -50.049839009639847, -21.822728532609176 ], [ -50.049727838065877, -21.822691806293495 ], [ -50.049617044383858, -21.822654875074182 ], [ -50.049616202390069, -21.82265459696373 ], [ -50.049506417079826, -21.822618667233737 ], [ -50.049395047808702, -21.822581875607661 ], [ -50.0492882929667, -21.82254596716859 ], [ -50.049286910700125, -21.822549428073057 ], [ -50.049398910787836, -21.822588428112422 ], [ -50.049399287557634, -21.822588558788933 ], [ -50.049509099053502, -21.82262649367793 ], [ -50.049620882735802, -21.822665418361755 ], [ -50.04972985486004, -21.822703408652171 ], [ -50.049730287471832, -21.822703558785062 ], [ -50.049839491499448, -21.822741283821589 ], [ -50.049950698805844, -21.822781000725527 ], [ -50.049952287413682, -21.822781558782363 ], [ -50.050061052055625, -21.822819132031256 ], [ -50.050169661423254, -21.822858626355501 ], [ -50.050281498419928, -21.822899566694161 ], [ -50.050284287325034, -21.822900558777999 ], [ -50.050393273383143, -21.822938208516028 ], [ -50.050503264779742, -21.822977845064091 ], [ -50.050505287266873, -21.822978558775233 ], [ -50.05061449129245, -21.823016283811064 ], [ -50.050725698595613, -21.823056000713841 ], [ -50.05072728720873, -21.823056558772517 ], [ -50.050837098699695, -21.823094493659809 ], [ -50.050948910378992, -21.82313342809255 ], [ -50.050950133539089, -21.823133848545464 ], [ -50.051061923430673, -21.823171777267206 ], [ -50.051172713539515, -21.823209705420943 ], [ -50.051174368076843, -21.823210261903991 ], [ -50.051285749873394, -21.823247057684377 ], [ -50.051397133544668, -21.823284848580958 ], [ -50.051397955242095, -21.823285124923217 ], [ -50.051507930101444, -21.823321783218141 ], [ -50.051618910208362, -21.823360428085088 ], [ -50.051623012963489, -21.823361795635197 ], [ -50.051735188890802, -21.823397533106771 ], [ -50.051846368031732, -21.823434261937805 ], [ -50.051957957194382, -21.823471126222998 ], [ -50.052070547298001, -21.823508988389911 ], [ -50.05207261364567, -21.823509667882369 ], [ -50.0521718718309, -21.823541572306688 ], [ -50.052081640053906, -21.823509120534386 ], [ -50.052080517082615, -21.823508721324796 ], [ -50.051970079366065, -21.823469918892897 ], [ -50.051856854074657, -21.8234291975254 ], [ -50.051744067999465, -21.823388275153565 ], [ -50.051743301745418, -21.82338799931409 ], [ -50.051632725105648, -21.823348507666694 ] ] ], [ [ [ -50.049601246369214, -21.822934611336301 ], [ -50.049598447800776, -21.822933722491694 ], [ -50.049483657826165, -21.822898402507906 ], [ -50.049370844959476, -21.822860144238945 ], [ -50.049367656721117, -21.822859099641441 ], [ -50.049251257062394, -21.822822289501076 ], [ -50.049186592636275, -21.822801287384188 ], [ -50.049180536592026, -21.822816984604309 ], [ -50.049290536679614, -21.822853984641942 ], [ -50.049291368344477, -21.822854261883588 ], [ -50.049403368434376, -21.822891261921377 ], [ -50.049403797419522, -21.822891402977792 ], [ -50.049513376082075, -21.822927265093533 ], [ -50.049623955601739, -21.822964124941343 ], [ -50.049624368265, -21.822964261881413 ], [ -50.049736368354893, -21.823001261919192 ], [ -50.04973761401483, -21.823001667862691 ], [ -50.049848572665304, -21.823037333151316 ], [ -50.049955398421893, -21.823073265458795 ], [ -50.049984840577565, -21.823058137227186 ], [ -50.049950080510605, -21.823047232110572 ], [ -50.049833855876855, -21.823009483946763 ], [ -50.049832656825927, -21.823009099642849 ], [ -50.049716453085885, -21.822972351459757 ], [ -50.049601246369214, -21.822934611336301 ] ] ], [ [ [ -50.054088463993395, -21.823614015306511 ], [ -50.053979089606514, -21.823577225748384 ], [ -50.053870115609904, -21.823539580194264 ], [ -50.053759517215795, -21.823500721307681 ], [ -50.05375746391006, -21.823500015303317 ], [ -50.053647665447002, -21.823463083101252 ], [ -50.053535866782042, -21.823425151419681 ], [ -50.053533386280307, -21.823424332034975 ], [ -50.053421806280959, -21.82338846704307 ], [ -50.053309428826815, -21.823351670893416 ], [ -50.0531976321031, -21.823314738055167 ], [ -50.053195986987781, -21.823314204282646 ], [ -50.053083811128104, -21.823278466848627 ], [ -50.052972632050306, -21.823241738053831 ], [ -50.052972225247153, -21.823241604258449 ], [ -50.052859225338196, -21.823204604296304 ], [ -50.052857593612678, -21.823204079532886 ], [ -50.052746070123654, -21.823168861597523 ], [ -50.052637516935391, -21.823130721295751 ], [ -50.052633824452251, -21.823129473624856 ], [ -50.052520640130467, -21.8230927383708 ], [ -50.052408452592999, -21.823055011596285 ], [ -50.052407631798609, -21.823054738011468 ], [ -50.052296042580473, -21.823017873724403 ], [ -50.052184666899457, -21.822980419964182 ], [ -50.052072873887305, -21.822940847225023 ], [ -50.05207086630751, -21.822940151367614 ], [ -50.05195886639634, -21.822902151406183 ], [ -50.051958452363294, -21.822902011552618 ], [ -50.051846272679335, -21.82286428741978 ], [ -50.051735482047697, -21.822825708547636 ], [ -50.051622873769432, -21.822785847219137 ], [ -50.051620866193446, -21.822785151363043 ], [ -50.051508866282262, -21.822747151401625 ], [ -50.051508452250005, -21.822747011548319 ], [ -50.051397487580338, -21.822709696004768 ], [ -50.051287501628821, -21.822669433298916 ], [ -50.051283866107362, -21.822668151359508 ], [ -50.051172872442088, -21.822630492803295 ], [ -50.051060873621182, -21.8225908472116 ], [ -50.051058866049956, -21.822590151357165 ], [ -50.05094830588866, -21.822552639882804 ], [ -50.050838735088242, -21.822513154918209 ], [ -50.050837451887936, -21.822512698598469 ], [ -50.050723484145053, -21.82247270992583 ], [ -50.050612516408307, -21.822433721270418 ], [ -50.050612089203341, -21.82243357184187 ], [ -50.050500089291056, -21.822394571881219 ], [ -50.050388089261801, -21.822355571879839 ], [ -50.050386451963668, -21.822355011536914 ], [ -50.050274881692758, -21.82231749233965 ], [ -50.050164301035494, -21.822277999256237 ], [ -50.050162285876169, -21.822277294508154 ], [ -50.050051687920792, -21.822239432153676 ], [ -50.049940089145402, -21.822200571874426 ], [ -50.049938451850409, -21.82220001153258 ], [ -50.049825451940379, -21.822162011571219 ], [ -50.049824631155069, -21.822161737989429 ], [ -50.04971346019672, -21.822125011877642 ], [ -50.049603285851056, -21.822087294542165 ], [ -50.049602865679788, -21.822087151342274 ], [ -50.04949086576859, -21.822049151380845 ], [ -50.04948963107352, -21.822048737986936 ], [ -50.049378863796449, -21.822012145234272 ], [ -50.049311074780093, -21.821988540135383 ], [ -50.049310862910176, -21.821989059114433 ], [ -50.049428863001566, -21.822031059156586 ], [ -50.049429268076224, -21.822031202729615 ], [ -50.049548268168806, -21.822073202771872 ], [ -50.049549014256584, -21.822073464049453 ], [ -50.049666640820121, -21.822114334305475 ], [ -50.04978506533751, -21.822156131203428 ], [ -50.049902862874177, -21.822198059149727 ], [ -50.05002086284216, -21.822240059147955 ], [ -50.050022413225221, -21.822240602128783 ], [ -50.050140636447168, -21.822281334508851 ], [ -50.050257862778828, -21.822323059144594 ], [ -50.050258667558957, -21.822323343202267 ], [ -50.050378667652701, -21.822365343244588 ], [ -50.050379806762436, -21.822365737179897 ], [ -50.050498832290238, -21.822406404244745 ], [ -50.050615862683458, -21.822448059139571 ], [ -50.050616667464787, -21.822448343197653 ], [ -50.050736667558525, -21.822490343239988 ], [ -50.050737806669979, -21.822490737175883 ], [ -50.050856832196409, -21.822531404240259 ], [ -50.050973862588066, -21.822573059134523 ], [ -50.050976955732104, -21.822574124996187 ], [ -50.05109600649287, -21.822613808592255 ], [ -50.051216061746743, -21.822655480672797 ], [ -50.051216412916254, -21.822655602114981 ], [ -50.051335237220023, -21.822696541590247 ], [ -50.051456061684569, -21.822738480669948 ], [ -50.051577061653127, -21.822780480668495 ], [ -50.051577806455413, -21.822780737166887 ], [ -50.051697236038663, -21.82282154228384 ], [ -50.051816667277357, -21.822863343226597 ], [ -50.05181895552159, -21.822864124988637 ], [ -50.051938201622882, -21.822903873698131 ], [ -50.052059450548711, -21.822945615140611 ], [ -50.052059806333268, -21.822945737161902 ], [ -50.052179433548716, -21.822986609803127 ], [ -50.052300061467321, -21.82302848066016 ], [ -50.052421061435858, -21.823070480658693 ], [ -50.052422194512687, -21.82307086926933 ], [ -50.052542429305184, -21.823111609993536 ], [ -50.052661667058707, -21.823153343216351 ], [ -50.052664714156592, -21.82315437585482 ], [ -50.052785383367485, -21.823193939539717 ], [ -50.052905061312181, -21.823235480653253 ], [ -50.052906194391326, -21.823235869264671 ], [ -50.053026627009224, -21.823276677020523 ], [ -50.053147061250002, -21.82331848065045 ], [ -50.053147450143641, -21.823318615084851 ], [ -50.053269450239739, -21.823360615127338 ], [ -50.053269806026094, -21.823360737149244 ], [ -50.053389806120961, -21.823401737190782 ], [ -50.053391337166708, -21.823402251793887 ], [ -50.053511391447586, -21.823441939168568 ], [ -50.053632450148122, -21.823483615123536 ], [ -50.053632805934988, -21.823483737145601 ], [ -50.053752806029856, -21.823524737187153 ], [ -50.053754713890626, -21.823525375846678 ], [ -50.053875383095601, -21.82356493952965 ], [ -50.053995061034115, -21.823606480641011 ], [ -50.053996954982026, -21.823607124969893 ], [ -50.054116955077959, -21.823647125010645 ], [ -50.054117336989833, -21.823647251788341 ], [ -50.054237195737102, -21.823686874523865 ], [ -50.054357060942642, -21.823728480637094 ], [ -50.054364230195972, -21.823710473350808 ], [ -50.054308950763804, -21.823690874283876 ], [ -50.05430858525456, -21.823690745186777 ], [ -50.054200585338741, -21.823652745225012 ], [ -50.05419971322916, -21.823652441164413 ], [ -50.054089713315662, -21.823614441202832 ], [ -50.054088463993395, -21.823614015306511 ] ] ], [ [ [ -50.054101994133362, -21.823335191414476 ], [ -50.053981938954706, -21.823293519377913 ], [ -50.053979285909222, -21.823292624090747 ], [ -50.053858242175195, -21.823252937629633 ], [ -50.053739371935116, -21.823212323639638 ], [ -50.053617549842464, -21.823170384895739 ], [ -50.053615662633703, -21.823169748143371 ], [ -50.05349542970076, -21.823130001728277 ], [ -50.053376371842027, -21.823089323635337 ], [ -50.053254744294108, -21.823047451865918 ], [ -50.05313393873881, -21.823005519368468 ], [ -50.053132805408325, -21.823005130670996 ], [ -50.053012372854326, -21.822964322955407 ], [ -50.052891938676623, -21.822922519365687 ], [ -50.052889285643261, -21.822921624082607 ], [ -50.052768815078025, -21.822882125545906 ], [ -50.052650332928316, -21.82284065680221 ], [ -50.052648805286964, -21.822840130666346 ], [ -50.052528372732546, -21.822799322950591 ], [ -50.052407938552953, -21.822757519360223 ], [ -50.052286938521505, -21.822715519358763 ], [ -50.052286193466934, -21.822715262773585 ], [ -50.052166371531484, -21.822674323621509 ], [ -50.052044549441874, -21.822632384878659 ], [ -50.052043044279351, -21.822631874948428 ], [ -50.051924191790434, -21.822592257461338 ], [ -50.051805332709662, -21.822550656791954 ], [ -50.051804193344793, -21.822550262768591 ], [ -50.051684566193671, -21.822509390167902 ], [ -50.051563938335676, -21.822467519350429 ], [ -50.051442938304234, -21.822425519348968 ], [ -50.051442586884491, -21.822425397820314 ], [ -50.051323762641104, -21.822384458384359 ], [ -50.051202938242064, -21.822342519346122 ], [ -50.051201044068847, -21.822341874940875 ], [ -50.051082596813011, -21.822302392531618 ], [ -50.050966137395349, -21.822260940883293 ], [ -50.050964193130213, -21.822260262759603 ], [ -50.050844763607067, -21.822219457681872 ], [ -50.050725735242096, -21.822177797763494 ], [ -50.050608137299974, -21.822135940878251 ], [ -50.050606193037773, -21.82213526275558 ], [ -50.050486763513895, -21.822094457677633 ], [ -50.05036773514707, -21.822052797758587 ], [ -50.050250137204586, -21.822010940873213 ], [ -50.050248586575528, -21.822010397806491 ], [ -50.05013036341451, -21.82196966546638 ], [ -50.050013137141242, -21.821927940869855 ], [ -50.049895137109246, -21.821885940868093 ], [ -50.049894731786758, -21.821885797207294 ], [ -50.049775731879322, -21.821843797249528 ], [ -50.049774985544701, -21.821843535885634 ], [ -50.04975871734721, -21.821837883377636 ], [ -50.049741176571032, -21.821887161335479 ], [ -50.049856372454165, -21.821922911789869 ], [ -50.049970358000934, -21.821959585408248 ], [ -50.050087145005399, -21.821997516238326 ], [ -50.050087960288323, -21.821997778656051 ], [ -50.050203552228247, -21.822034648507042 ], [ -50.050320144951861, -21.822072516237288 ], [ -50.050436147867664, -21.822110192406551 ], [ -50.05055015572448, -21.822148855948758 ], [ -50.050551754233524, -21.822149388807109 ], [ -50.050666763535524, -21.822187064276726 ], [ -50.050782777643143, -21.822226727227928 ], [ -50.050783955974943, -21.822227125033521 ], [ -50.050900555397867, -21.822265991516542 ], [ -50.05101476417218, -21.82230472319641 ], [ -50.051129576617505, -21.822344313703869 ], [ -50.051243783005738, -21.82238503077301 ], [ -50.051246155430064, -21.822385855901405 ], [ -50.051359965574328, -21.822424452394195 ], [ -50.051473782944591, -21.822465030769781 ], [ -50.051476558442523, -21.822465992003448 ], [ -50.051590575622562, -21.822504325375011 ], [ -50.051703612971266, -21.822545608589387 ], [ -50.051705126487832, -21.822546152832686 ], [ -50.051818126575611, -21.822586152872891 ], [ -50.051818963586605, -21.822586446580825 ], [ -50.051933963676731, -21.822626446621182 ], [ -50.052048963646712, -21.82266644661977 ], [ -50.052051357651031, -21.82266725843747 ], [ -50.052164562102853, -21.822704665134829 ], [ -50.052277782730634, -21.82274503075843 ], [ -50.052281357594069, -21.822746258435558 ], [ -50.052395156985455, -21.822783861721422 ], [ -50.052508963528865, -21.822823446614489 ], [ -50.052511357537789, -21.822824258433759 ], [ -50.052625755465172, -21.822862059496536 ], [ -50.052740155171122, -21.8229008559269 ], [ -50.052741357482205, -21.822901258432097 ], [ -50.052856357574498, -21.822939258470889 ], [ -50.052858794023656, -21.822940042311313 ], [ -50.052972169869619, -21.822975533888709 ], [ -50.053086558162718, -21.823013992029523 ], [ -50.053090175796711, -21.823015161323244 ], [ -50.053204155803101, -21.823050534437002 ], [ -50.05331715503241, -21.823088855922411 ], [ -50.053319959522106, -21.82308977863855 ], [ -50.053435959616614, -21.823126778676635 ], [ -50.053436793894129, -21.823127042309761 ], [ -50.053550572146349, -21.823162659857669 ], [ -50.053664357385692, -21.823200258466194 ], [ -50.053665570312894, -21.823200653978361 ], [ -50.053779962942855, -21.823237458571821 ], [ -50.053893755164538, -21.823275059488076 ], [ -50.054008154866366, -21.823313855917032 ], [ -50.054009357183602, -21.823314258424297 ], [ -50.054124156121162, -21.823352191994619 ], [ -50.054237141448901, -21.823389853779073 ], [ -50.054348727486598, -21.823428365782924 ], [ -50.054460757365995, -21.823468022386166 ], [ -50.054464938951249, -21.823457519339417 ], [ -50.054343939046184, -21.823415519381829 ], [ -50.054341662810565, -21.823414748148938 ], [ -50.054220853954313, -21.823374811345758 ], [ -50.054101994133362, -21.823335191414476 ] ] ], [ [ [ -50.050541369737545, -21.820962262198382 ], [ -50.05065254065368, -21.820998988312986 ], [ -50.050762715071279, -21.821036705689252 ], [ -50.050764369566807, -21.821037262158224 ], [ -50.050780984417948, -21.821042750994216 ], [ -50.050728298679132, -21.821023998447441 ], [ -50.050608460810416, -21.820981056554292 ], [ -50.050606984942917, -21.820980535742901 ], [ -50.050490082681591, -21.820939917170236 ], [ -50.050370174114803, -21.820896314064679 ], [ -50.050369136276103, -21.820895940672237 ], [ -50.0502511363675, -21.820853940714386 ], [ -50.050249984847866, -21.820853535738181 ], [ -50.050132358340008, -21.820812665520265 ], [ -50.050100499160585, -21.820801421106516 ], [ -50.050095615472586, -21.820814668134513 ], [ -50.05020699170651, -21.820850467646242 ], [ -50.050317540736017, -21.820886988315852 ], [ -50.05042771515442, -21.820924705692395 ], [ -50.050429369647659, -21.82092526216061 ], [ -50.050541369737545, -21.820962262198382 ] ] ] ] } },
{ "type": "Feature", "properties": { "CHAVE": null, "FAZENDA": "Faz. ABC", "NOME_FAZ": null, "ZONA": null, "TALHAO": null, "AREA_TOTAL": null, "TIPO_GEO": "VOO_PROCESSADO", "DATA_INICI": "25-03-2026", "DATA_FINAL": "25-03-2026", "HORA_INICI": "11:53:24", "HORA_FINAL": "11:53:24", "CLASSE": "APLICADO", "PILOTO": "valmir alves", "AERONAVE": "PS-CBA", "AREA_HA": 0.0021374667016489999 }, "geometry": { "type": "MultiPolygon", "coordinates": [ [ [ [ -50.052386437821021, -21.822474334844639 ], [ -50.052273217250267, -21.82243396925832 ], [ -50.052269642154208, -21.822432741501828 ], [ -50.052155842823041, -21.822395138253309 ], [ -50.052042036337141, -21.822355553397042 ], [ -50.051927455266572, -21.822315699120811 ], [ -50.05181563168837, -21.82227611556247 ], [ -50.051701387006716, -21.822234391427266 ], [ -50.051697441361355, -21.822233007934443 ], [ -50.051582834122549, -21.822194476199488 ], [ -50.05146921703632, -21.82215396924698 ], [ -50.051466844374346, -21.822153144036278 ], [ -50.051353034289363, -21.822114547581759 ], [ -50.051239216975148, -21.822073969243757 ], [ -50.051237626296682, -21.822073411452415 ], [ -50.051121626387967, -21.82203341149285 ], [ -50.051120844286068, -21.822033144032673 ], [ -50.051005844377279, -21.821994144072271 ], [ -50.051005043828411, -21.82199387490456 ], [ -50.050888633949306, -21.821955071620312 ], [ -50.050772222344321, -21.82191527278961 ], [ -50.050770245571201, -21.821914611132367 ], [ -50.050655046481793, -21.821876873508192 ], [ -50.050540844262329, -21.821838144068103 ], [ -50.050538854974029, -21.821837483741916 ], [ -50.05042185506862, -21.821799483780868 ], [ -50.050304855041517, -21.821761483780293 ], [ -50.0503040395173, -21.821761221285019 ], [ -50.050188447643883, -21.821724351471417 ], [ -50.050071854987983, -21.821686483779231 ], [ -50.050071428589973, -21.821686345941011 ], [ -50.049956428683309, -21.821649345979019 ], [ -50.049954823235552, -21.821648838607185 ], [ -50.049838823331065, -21.821612838644466 ], [ -50.049758717372768, -21.821837883392824 ], [ -50.049657359041881, -21.82180266566948 ], [ -50.049538934460742, -21.821760868767932 ], [ -50.049421136981842, -21.821718940861246 ], [ -50.049311074776504, -21.821988540145295 ], [ -50.049268088974728, -21.821973571867058 ], [ -50.049264790504672, -21.821972462853708 ], [ -50.04915379059446, -21.821936462890626 ], [ -50.049052209304428, -21.822209537088018 ], [ -50.04916155343129, -21.822245000056441 ], [ -50.04927191100662, -21.82228342814869 ], [ -50.049274368734132, -21.82228426195336 ], [ -50.049379009978196, -21.822318830946241 ], [ -50.049288292968875, -21.82254596717047 ], [ -50.049285463304173, -21.822545015373223 ], [ -50.049186592642876, -21.822801287398793 ], [ -50.04913485571624, -21.822784483943604 ], [ -50.049134040182459, -21.82278422144525 ], [ -50.049018842827863, -21.822747477469697 ], [ -50.048904642419679, -21.822709741690556 ], [ -50.048801357477842, -21.822982258287521 ], [ -50.048916357570121, -21.823020258326334 ], [ -50.048917959623161, -21.82302077849581 ], [ -50.049033551558331, -21.823057648345287 ], [ -50.049150144277121, -21.823095516073959 ], [ -50.04915134308397, -21.823095900299794 ], [ -50.049266742952383, -21.823132394283768 ], [ -50.049380155027322, -21.823170855777917 ], [ -50.049384552005279, -21.823172277451125 ], [ -50.049500148270774, -21.823207845540932 ], [ -50.049614753622379, -21.823245388680935 ], [ -50.049616342979157, -21.823245900298406 ], [ -50.049692860704312, -21.823270098216828 ], [ -50.049712433665484, -21.82323706748311 ], [ -50.049713042006239, -21.823236070949498 ], [ -50.049722129473722, -21.823221614422494 ], [ -50.049723048939939, -21.823220210912815 ], [ -50.049726129714337, -21.823215695168084 ], [ -50.049726566373153, -21.823215066684611 ], [ -50.049746685091328, -21.823186629108932 ], [ -50.049754191075927, -21.823178374459086 ], [ -50.049763585493977, -21.823172025128795 ], [ -50.049813224662223, -21.823146318733627 ], [ -50.049813364933797, -21.823146246375249 ], [ -50.049983226877757, -21.823058966394207 ], [ -50.049993075227597, -21.823053906025695 ], [ -50.04999323887656, -21.823053822321512 ], [ -50.050040058943324, -21.823029983995745 ], [ -50.050040511644838, -21.823029756409614 ], [ -50.050072219955709, -21.823014018094195 ], [ -50.050073098661187, -21.823013592659773 ], [ -50.050088301511664, -21.823006415353213 ], [ -50.050089651868483, -21.823005802228998 ], [ -50.050140691868904, -21.822983535509785 ], [ -50.050141466192123, -21.822983205421519 ], [ -50.05015021369735, -21.822979562920167 ], [ -50.050151574499601, -21.822979019424412 ], [ -50.050158737454524, -21.822976278850177 ], [ -50.050160257372212, -21.822975725086838 ], [ -50.050160569713967, -21.822975616919638 ], [ -50.050162627639402, -21.822974953035892 ], [ -50.050166148404124, -21.822973899437585 ], [ -50.050167400766114, -21.822973542044902 ], [ -50.050185788289085, -21.822968547781787 ], [ -50.05018646239342, -21.822968369620572 ], [ -50.050188685799348, -21.822967798194473 ], [ -50.050190602535565, -21.822967344720492 ], [ -50.050191203549886, -21.822967214673824 ], [ -50.050194826221357, -21.822966565607054 ], [ -50.050195224659554, -21.822966508830319 ], [ -50.050197199675118, -21.822966266135388 ], [ -50.050241972724457, -21.822961637810138 ], [ -50.050243173599164, -21.822961527809571 ], [ -50.050245387341832, -21.822961351028102 ], [ -50.050248104368031, -21.822961205797224 ], [ -50.05024911567844, -21.822961178357495 ], [ -50.050253201586052, -21.822961228712799 ], [ -50.050263522894028, -21.822961763616149 ], [ -50.050274678784518, -21.822963581369041 ], [ -50.050282602877054, -21.822965790001707 ], [ -50.05028334753613, -21.822966003668288 ], [ -50.050312952579063, -21.822974742516966 ], [ -50.050316088858416, -21.822975780352966 ], [ -50.05031648258683, -21.822975925059037 ], [ -50.050324443905829, -21.822979675815013 ], [ -50.05033175563775, -21.8229839522125 ], [ -50.050333489087876, -21.822985015025733 ], [ -50.050338371083996, -21.822988150142294 ], [ -50.050340107007081, -21.822989318554509 ], [ -50.050360107092246, -21.823003418191462 ], [ -50.050360950633817, -21.823004026609681 ], [ -50.050367144735226, -21.823008596826607 ], [ -50.050368546695964, -21.823009671718108 ], [ -50.050371817847022, -21.823012277128061 ], [ -50.050372997157041, -21.823013247776846 ], [ -50.050375557453251, -21.82301542510811 ], [ -50.050376083237524, -21.823015878939039 ], [ -50.050416117680449, -21.8230509512846 ], [ -50.050424527331224, -21.823060695888294 ], [ -50.050429750550386, -21.823072221103324 ], [ -50.050440290441671, -21.823109017981036 ], [ -50.050440507363412, -21.823109803491921 ], [ -50.050442492684773, -21.823117269338297 ], [ -50.050443013714663, -21.823119460002978 ], [ -50.050443488146968, -21.823121718454612 ], [ -50.050444391063131, -21.823130040393966 ], [ -50.050444947789501, -21.82319314160581 ], [ -50.050444949358749, -21.823193591693936 ], [ -50.050444931989553, -21.823202983118769 ], [ -50.05044486364234, -21.823205306593852 ], [ -50.050444472331449, -21.823212169117991 ], [ -50.050444200750107, -21.823215113505793 ], [ -50.050444021088339, -21.823216520944403 ], [ -50.050443652445573, -21.823218878082095 ], [ -50.050440831158909, -21.823234098725266 ], [ -50.050517940770703, -21.823259125534872 ], [ -50.050525326380182, -21.823261653945121 ], [ -50.050454741093908, -21.823457914406532 ], [ -50.050457096914698, -21.823459993763151 ], [ -50.050459083948184, -21.823461683651601 ], [ -50.050462013222734, -21.82346408371701 ], [ -50.050465020606296, -21.823466416905582 ], [ -50.050467248859292, -21.823468052908801 ], [ -50.050471035632434, -21.823470652370517 ], [ -50.05047246155582, -21.82347156628753 ], [ -50.050474335243848, -21.823472727717796 ], [ -50.050484297256403, -21.823478697210025 ], [ -50.050485997531169, -21.823479685393554 ], [ -50.050490250068037, -21.823482081539542 ], [ -50.0504916843947, -21.823482868925026 ], [ -50.050507826456595, -21.823491499246277 ], [ -50.05050830292496, -21.823491751763672 ], [ -50.050554317494829, -21.823515924429927 ], [ -50.050555035830101, -21.823516296806691 ], [ -50.050578356803818, -21.823528225351456 ], [ -50.05058005479821, -21.823529066756677 ], [ -50.050600472734935, -21.823538863004217 ], [ -50.05060174328645, -21.823539457982722 ], [ -50.050618207488178, -21.82354698036853 ], [ -50.050618963177421, -21.823547320596369 ], [ -50.050726754202628, -21.823595135290553 ], [ -50.050731960780539, -21.823597216347746 ], [ -50.05081843825436, -21.823628110580948 ], [ -50.050910308449481, -21.823655903251492 ], [ -50.051026346848793, -21.823694254933383 ], [ -50.0510287206776, -21.823695019330625 ], [ -50.051125625440569, -21.823725404729014 ], [ -50.051150291546747, -21.823731977866728 ], [ -50.051151319266204, -21.823732244126965 ], [ -50.051162871654626, -21.823735151897836 ], [ -50.05116544747608, -21.823735753261872 ], [ -50.051179939825751, -21.823738874812864 ], [ -50.051181249684674, -21.823739145065108 ], [ -50.051220887142264, -21.823746965027613 ], [ -50.051221615789729, -21.823747105140836 ], [ -50.05123165212845, -21.823748985025627 ], [ -50.051233914353254, -21.823749374035234 ], [ -50.051242469659165, -21.823750714645396 ], [ -50.051249550878829, -21.823751492536498 ], [ -50.05125269543862, -21.823751692358712 ], [ -50.051257142204918, -21.823751847224322 ], [ -50.051286251817793, -21.823752026927874 ], [ -50.051287338020629, -21.823752045023738 ], [ -50.051298710231194, -21.823752353783821 ], [ -50.051300873455396, -21.823752320753066 ], [ -50.051318675096702, -21.823755199472629 ], [ -50.051334104038489, -21.823763976048934 ], [ -50.051339245407512, -21.823768315692647 ], [ -50.051340426564479, -21.823769291099204 ], [ -50.051346168919082, -21.823773930323359 ], [ -50.051355058018927, -21.823780032794353 ], [ -50.051359039721866, -21.823782144755256 ], [ -50.05139952040475, -21.823801751366986 ], [ -50.051401031762794, -21.823802462623178 ], [ -50.051412361462035, -21.823807640641171 ], [ -50.051415508291413, -21.823808992874334 ], [ -50.051437064993785, -21.823817679990889 ], [ -50.051438038493025, -21.823818064471034 ], [ -50.051451231605029, -21.823823169590018 ], [ -50.051452022860097, -21.823823470684129 ], [ -50.051577670099071, -21.82387047926548 ], [ -50.051577700174832, -21.823870490394075 ], [ -50.05161934671127, -21.823884254930164 ], [ -50.051620528586419, -21.823884640534981 ], [ -50.051738528682165, -21.823922640574015 ], [ -50.051738908108128, -21.823922762248436 ], [ -50.051857125918112, -21.823960512481921 ], [ -50.051956052136156, -21.823993208442186 ], [ -50.052025793613424, -21.824014218659123 ], [ -50.052052243474314, -21.824022067830711 ], [ -50.052053071556145, -21.82402230845851 ], [ -50.052080930941734, -21.824030233609097 ], [ -50.052083650918533, -21.824030953598559 ], [ -50.052098218939456, -21.824034525037181 ], [ -50.052100209041441, -21.824034984962768 ], [ -50.05223569791734, -21.824064406988672 ], [ -50.052237287229424, -21.824064734615494 ], [ -50.052259859683609, -21.824069140483235 ], [ -50.052261647259854, -21.824069467585538 ], [ -50.052314782579984, -21.824078545488121 ], [ -50.052315670089655, -21.824078705129331 ], [ -50.052324029786341, -21.824080284598995 ], [ -50.052326359271781, -21.824080780943341 ], [ -50.05233013584072, -21.8240816777869 ], [ -50.052336817819167, -21.82408375867449 ], [ -50.052339355301513, -21.824084745882917 ], [ -50.05235671892931, -21.824096236875313 ], [ -50.052379226136658, -21.824119605754952 ], [ -50.052380199147805, -21.824120647652204 ], [ -50.052381660673369, -21.824122261865167 ], [ -50.052382118473574, -21.824122775142463 ], [ -50.052397354864787, -21.824140117065401 ], [ -50.052445792634046, -21.824156398672422 ], [ -50.052560034067902, -21.824197761958992 ], [ -50.052563174438191, -21.824198862593285 ], [ -50.052681174531806, -21.824238862633891 ], [ -50.052681567200324, -21.824238995182338 ], [ -50.052799585205847, -21.824278665109333 ], [ -50.052915608065256, -21.824319322701331 ], [ -50.052916372057574, -21.824319588284009 ], [ -50.053032192285642, -21.824359526302715 ], [ -50.053149810173451, -21.824400393544128 ], [ -50.053266607973228, -21.824441322696824 ], [ -50.053268567052037, -21.824441995176613 ], [ -50.053386968645945, -21.824481794040747 ], [ -50.053502372028127, -21.824521588319108 ], [ -50.053502775874406, -21.824521726981061 ], [ -50.053619573818935, -21.824561657911257 ], [ -50.053735371968514, -21.824601588316511 ], [ -50.053818795368812, -21.824390667929936 ], [ -50.053896869979695, -21.824415066241286 ], [ -50.054008671064622, -21.824450004087836 ], [ -50.054119472443936, -21.824484941467045 ], [ -50.05420623603537, -21.824245043841533 ], [ -50.054286414413319, -21.824273254750103 ], [ -50.054395585479547, -21.824002745225968 ], [ -50.054318949465831, -21.823975780717998 ], [ -50.054418950678411, -21.823729874244709 ], [ -50.054364230204456, -21.823710473365502 ], [ -50.054460757373477, -21.823468022388987 ], [ -50.054461125903835, -21.823468152842079 ], [ -50.054463955074027, -21.823469125004038 ], [ -50.05457610097578, -21.82350650698028 ], [ -50.054685264306627, -21.823545845125835 ], [ -50.054793565069055, -21.82328382551556 ], [ -50.054823175162362, -21.823293862827633 ], [ -50.054823955186642, -21.823294125037133 ], [ -50.054943955282589, -21.823334125077881 ], [ -50.055048044614317, -21.823061874899949 ], [ -50.055036532473849, -21.823058037525332 ], [ -50.055106686778707, -21.82288813730646 ], [ -50.054981686874989, -21.822843137351487 ], [ -50.054979513578267, -21.822842372400395 ], [ -50.054855603266326, -21.822799747263129 ], [ -50.054731686807287, -21.822755137347642 ], [ -50.054606686772708, -21.822710137345556 ], [ -50.054605224662055, -21.822709618891736 ], [ -50.054479763763311, -21.822665807159471 ], [ -50.054354301349633, -21.822620999164595 ], [ -50.054352892849167, -21.822620503444337 ], [ -50.054229407529881, -21.822577681932184 ], [ -50.054102920842297, -21.822532863824531 ], [ -50.054102604535892, -21.822532752116238 ], [ -50.053977604633275, -21.822488752160503 ], [ -50.053975769206865, -21.822488118432602 ], [ -50.053849141643553, -21.82244524454288 ], [ -50.05372505967501, -21.822402560355332 ], [ -50.053600604534857, -21.822358752155683 ], [ -50.053599138734143, -21.82235824407282 ], [ -50.053473138833795, -21.822315244116407 ], [ -50.053470940577647, -21.822314511411452 ], [ -50.053346589195108, -21.822274047875876 ], [ -50.053222224433341, -21.822230618920482 ], [ -50.05322151312329, -21.822230372379899 ], [ -50.053097059513057, -21.822187560347828 ], [ -50.052972604372016, -21.822143752147873 ], [ -50.052968582328447, -21.822142395333717 ], [ -50.052843052988663, -21.82210187012322 ], [ -50.052719868971856, -21.822059494830405 ], [ -50.052594224271509, -21.822015618913035 ], [ -50.052593512963313, -21.82201537237308 ], [ -50.052468681098986, -21.821972430221436 ], [ -50.052341849092819, -21.821928488433837 ], [ -50.052339303220634, -21.821927629967927 ], [ -50.052215580144235, -21.821887048808289 ], [ -50.052089849029166, -21.821843488431153 ], [ -50.052088768732773, -21.821843118414257 ], [ -50.051962331330557, -21.821800308909872 ], [ -50.051838892332597, -21.821757503460258 ], [ -50.051837768669543, -21.821757118411778 ], [ -50.051711309521231, -21.821714301544553 ], [ -50.051584848899729, -21.821670488425426 ], [ -50.051584138225252, -21.821670244052303 ], [ -50.051459031210541, -21.821627548811186 ], [ -50.051332920119208, -21.821582863788588 ], [ -50.051332603816462, -21.821582752081596 ], [ -50.051207761998057, -21.821538807771589 ], [ -50.051080920051561, -21.821493863784973 ], [ -50.051079512575036, -21.82149337235623 ], [ -50.050954512673506, -21.821450372399745 ], [ -50.050954138062728, -21.821450244045263 ], [ -50.050829222240438, -21.821407614052443 ], [ -50.050704300386585, -21.821362999114374 ], [ -50.05070213799771, -21.821362244042476 ], [ -50.050576872231012, -21.821319494624049 ], [ -50.050452603714781, -21.821275752115941 ], [ -50.050451512412913, -21.821275372349085 ], [ -50.050326512511383, -21.82123237239259 ], [ -50.05032541207477, -21.82123199825028 ], [ -50.050200412174334, -21.821189998293015 ], [ -50.050075412143627, -21.821147998291966 ], [ -50.049998232687933, -21.821348267385314 ], [ -50.049996651739335, -21.821347744867829 ], [ -50.049995090113846, -21.821347237483764 ], [ -50.049876472753795, -21.821309359679613 ], [ -50.049760841436118, -21.821271804217325 ], [ -50.049644225015491, -21.821232273235793 ], [ -50.049528625772538, -21.821192411436655 ], [ -50.049421374121835, -21.82146358854007 ], [ -50.049537374213109, -21.821503588580534 ], [ -50.049538176356918, -21.821503862835467 ], [ -50.049656176450519, -21.821543862876077 ], [ -50.04965814519457, -21.821544516238685 ], [ -50.049775145289153, -21.821582516277644 ], [ -50.049775909689302, -21.821582762456256 ], [ -50.049894127521419, -21.821620512696818 ], [ -50.050010761402838, -21.821659061191394 ], [ -50.05012817633623, -21.821698862872299 ], [ -50.0501312838065, -21.821699881449039 ], [ -50.050251096659387, -21.821737822193988 ], [ -50.050369127410484, -21.821775512694288 ], [ -50.050485761290282, -21.82181406118832 ], [ -50.050603176221877, -21.821853862868625 ], [ -50.050603568879367, -21.821853995413353 ], [ -50.050722568974145, -21.821893995454058 ], [ -50.050723754404387, -21.821894388844086 ], [ -50.050838963744404, -21.821932129843336 ], [ -50.050955976819118, -21.821971795300939 ], [ -50.051072777790154, -21.822011727265654 ], [ -50.051073568763776, -21.822011995409397 ], [ -50.051190794151921, -21.822051398910688 ], [ -50.051305035628246, -21.822092762212659 ], [ -50.051307777607413, -21.82209372722129 ], [ -50.051424370386968, -21.822133588009699 ], [ -50.051538581201157, -21.822173313519244 ], [ -50.051654199248432, -21.822214178527851 ], [ -50.051655777517873, -21.822214727217442 ], [ -50.051771188790276, -21.8222541840722 ], [ -50.051884613153128, -21.82229560863108 ], [ -50.051885451853728, -21.822295912318236 ], [ -50.052002451943963, -21.822337912360311 ], [ -50.052003963760434, -21.822338446620048 ], [ -50.052117997125649, -21.822378110408607 ], [ -50.052233035375586, -21.822419762197981 ], [ -50.052236558463711, -21.822420992035017 ], [ -50.052351375208644, -21.822459594225521 ], [ -50.052465990794083, -21.822500104915392 ], [ -50.052485808629598, -21.822507170413463 ], [ -50.052386437821021, -21.822474334844639 ] ], [ [ -50.052532044999637, -21.823664875061972 ], [ -50.052418858775063, -21.823627146329059 ], [ -50.052306669256197, -21.823588426060983 ], [ -50.052298441608372, -21.823585586434245 ], [ -50.052407940496934, -21.823621125554059 ], [ -50.052517713206178, -21.823658705408338 ], [ -50.052518133152098, -21.823658848531498 ], [ -50.052630133240925, -21.823696848570062 ], [ -50.052741306229677, -21.823734567985674 ], [ -50.052810820503538, -21.823758991935915 ], [ -50.052756432130749, -21.82374166465922 ], [ -50.052646268499906, -21.823704287720915 ], [ -50.052533669313682, -21.823665426063403 ], [ -50.052532044999637, -21.823664875061972 ] ], [ [ -50.052276381046845, -21.8235779726201 ], [ -50.052194657126769, -21.823549767016555 ], [ -50.052171871724745, -21.8235415722765 ], [ -50.052182537746745, -21.823545000637605 ], [ -50.052276381046845, -21.8235779726201 ] ] ], [ [ [ -50.050141438423381, -21.821124263886599 ], [ -50.050258343977845, -21.821165874347717 ], [ -50.050378825868279, -21.821209685954187 ], [ -50.050381014858381, -21.821210464192195 ], [ -50.050498275594364, -21.821251207338786 ], [ -50.050617539173736, -21.821293943464227 ], [ -50.050617863394933, -21.8212940592541 ], [ -50.050735140267861, -21.821335801879783 ], [ -50.050854419933742, -21.821379537767175 ], [ -50.050858578713758, -21.821380998678276 ], [ -50.050979052960777, -21.821421485934877 ], [ -50.051097539043461, -21.821463943456898 ], [ -50.051098668161174, -21.821464343345898 ], [ -50.051218668254926, -21.821506343388211 ], [ -50.051219062435969, -21.821506480781217 ], [ -50.051340062530876, -21.821548480823637 ], [ -50.051461062499449, -21.821590480822181 ], [ -50.051462195556745, -21.821590869426117 ], [ -50.0515828231566, -21.821631743250187 ], [ -50.051704256784355, -21.821673548278866 ], [ -50.05182506240579, -21.821715480817975 ], [ -50.051828861214553, -21.821716747059885 ], [ -50.051949149202642, -21.821755199786406 ], [ -50.05206945135911, -21.821796615291397 ], [ -50.052069835047355, -21.821796746843614 ], [ -50.052192835144602, -21.821838746886169 ], [ -50.052193578379111, -21.821838998665818 ], [ -50.052314818870229, -21.821879743430376 ], [ -50.052435062251341, -21.821921480811366 ], [ -50.052435451138685, -21.821921615243614 ], [ -50.052557451234762, -21.82196361528608 ], [ -50.05267945120351, -21.822005615284723 ], [ -50.052680956099159, -21.822006125124773 ], [ -50.052803202209304, -21.82204687383744 ], [ -50.052924451141678, -21.82208861528218 ], [ -50.053046451110433, -21.822130615280802 ], [ -50.053047956008371, -21.822131125121626 ], [ -50.05317020211708, -21.82217187383382 ], [ -50.053290693295097, -21.82221335441259 ], [ -50.053410938592229, -21.822256086221806 ], [ -50.053412834707025, -21.822256746829662 ], [ -50.053535642737288, -21.822298681288455 ], [ -50.053657450954098, -21.822340615274022 ], [ -50.053658578012339, -21.822340998652152 ], [ -50.053780206017031, -21.822381873646513 ], [ -50.053902642644211, -21.822423681284537 ], [ -50.054024450861014, -21.822465615270104 ], [ -50.054025955765162, -21.822466125113024 ], [ -50.054148955863504, -21.8225071251548 ], [ -50.054149714577008, -21.822507375984454 ], [ -50.054270772410334, -21.822547067086393 ], [ -50.054392834589628, -21.822588746863762 ], [ -50.054393577830979, -21.822588998645738 ], [ -50.054515577928171, -21.822629998687436 ], [ -50.05451671448877, -21.82263037598192 ], [ -50.05463738370738, -21.822669939669353 ], [ -50.054757061659238, -21.822711480785351 ], [ -50.054759714429977, -21.822712375980199 ], [ -50.054880579358326, -21.822752003834665 ], [ -50.055001450616594, -21.822793615260228 ], [ -50.055002568170728, -21.822793995444044 ], [ -50.055121568265506, -21.822833995484729 ], [ -50.055125015801728, -21.822835111640483 ], [ -50.055247015902061, -21.822873111679797 ], [ -50.055344983999795, -21.822598888300064 ], [ -50.055224714910175, -21.822561427444771 ], [ -50.055107991283194, -21.822522192620308 ], [ -50.054986549374014, -21.822480384759047 ], [ -50.054984285369876, -21.822479623957257 ], [ -50.05486361621886, -21.822440060310385 ], [ -50.054743938329594, -21.82239851923358 ], [ -50.054741285311088, -21.82239762395551 ], [ -50.054619854475391, -21.822357810575667 ], [ -50.05449879402984, -21.822317126336433 ], [ -50.054376165402743, -21.822275253155858 ], [ -50.054374285222842, -21.822274623952996 ], [ -50.054252665026453, -21.822234748487599 ], [ -50.054130797994297, -21.822194126152642 ], [ -50.054009549129567, -21.822152384749177 ], [ -50.054009165183338, -21.822152253108563 ], [ -50.053886165280595, -21.822110253151113 ], [ -50.053885421786774, -21.822110001283725 ], [ -50.053763986207812, -21.822069190975462 ], [ -50.053642549036496, -21.822027384745255 ], [ -50.053642165090828, -21.822027253104821 ], [ -50.053593995460041, -21.822010804955568 ], [ -50.053678956185351, -21.822039125195232 ], [ -50.053680176231822, -21.822039526518537 ], [ -50.053794176324033, -21.822076526556462 ], [ -50.053796749646814, -21.822077338200128 ], [ -50.053906459146262, -21.822110942919238 ], [ -50.054019176273336, -21.822147526555575 ], [ -50.054020473868889, -21.822147941697143 ], [ -50.054131473959728, -21.822182941733242 ], [ -50.054131871319839, -21.822183066467396 ], [ -50.054243871411842, -21.822218066503577 ], [ -50.05435440862793, -21.822252609391519 ], [ -50.054463956003154, -21.822289125190668 ], [ -50.054466871245793, -21.822290066466678 ], [ -50.054578871337789, -21.822325066502838 ], [ -50.054689831998182, -21.822359741716991 ], [ -50.054798376376148, -21.822395265339054 ], [ -50.054908746232798, -21.822432055299252 ], [ -50.05501853687116, -21.822468984885671 ], [ -50.055021070058977, -21.822469813859147 ], [ -50.055131070148683, -21.822504813895172 ], [ -50.055199248523067, -21.822317996743067 ], [ -50.05527166760195, -21.822343343413173 ], [ -50.055273175695596, -21.82234386292286 ], [ -50.055391175789232, -21.822383862963438 ], [ -50.055391955861673, -21.822384125188972 ], [ -50.05540395587127, -21.822388125193033 ], [ -50.055404379963896, -21.82238826590855 ], [ -50.055513380051408, -21.822424265945312 ], [ -50.055616619846184, -21.822151734032804 ], [ -50.0555078320888, -21.822115804139205 ], [ -50.05549643444634, -21.822112004925891 ], [ -50.055379579690538, -21.822072393153199 ], [ -50.055260332385096, -21.822030656605385 ], [ -50.055140332353474, -21.821988656603811 ], [ -50.055139192994993, -21.82198826258265 ], [ -50.055019193089855, -21.821947262624185 ], [ -50.055018043846744, -21.821946874761561 ], [ -50.054899191349328, -21.821907257271622 ], [ -50.054780332260705, -21.821865656599481 ], [ -50.054779192903943, -21.821865262578918 ], [ -50.054659192998798, -21.821824262620463 ], [ -50.054539192968477, -21.821783262619217 ], [ -50.054419565686999, -21.821742389973984 ], [ -50.054298937828122, -21.82170051915617 ], [ -50.054296661637601, -21.821699747938549 ], [ -50.05417700132373, -21.821660190819234 ], [ -50.054058332074469, -21.821618656590779 ], [ -50.054055265589724, -21.821617617595507 ], [ -50.053937036504387, -21.821578870256978 ], [ -50.053816804521261, -21.821538130502773 ], [ -50.053815265532336, -21.821537617593933 ], [ -50.053696844308611, -21.821498807285604 ], [ -50.053575421458426, -21.821458001254541 ], [ -50.053573884597846, -21.821457493287667 ], [ -50.053454464889214, -21.821418681890997 ], [ -50.053335816349822, -21.821379132386639 ], [ -50.053217586265298, -21.821338397660398 ], [ -50.053214884512322, -21.821337493285426 ], [ -50.053096239849779, -21.821298933779055 ], [ -50.052978586205619, -21.821258397658017 ], [ -50.052975508861294, -21.821257371720716 ], [ -50.052856254486201, -21.821218934369206 ], [ -50.052739985235654, -21.821178535739623 ], [ -50.052738043288009, -21.821177874742954 ], [ -50.05261804338393, -21.821137874783716 ], [ -50.052616884369833, -21.821137493281743 ], [ -50.052498440701612, -21.821098999098588 ], [ -50.05238198514558, -21.821058535735851 ], [ -50.052379651449122, -21.821057744710046 ], [ -50.052262228595104, -21.821018935470413 ], [ -50.052141804108921, -21.820978130488026 ], [ -50.052140651391355, -21.820977744708308 ], [ -50.052023821605871, -21.82093913148308 ], [ -50.051906985025497, -21.820898535730727 ], [ -50.051905823212813, -21.820898136980308 ], [ -50.051788204910054, -21.820858266378227 ], [ -50.051669585876795, -21.820817397644642 ], [ -50.051668823153236, -21.820817136978004 ], [ -50.051550823246849, -21.820777137018599 ], [ -50.051432823217404, -21.820737137017495 ], [ -50.051432430317213, -21.820737004390892 ], [ -50.051314787951526, -21.820697460747912 ], [ -50.051198136237353, -21.820655940655154 ], [ -50.05119582303405, -21.82065513697334 ], [ -50.051077823127663, -21.820615137013956 ], [ -50.051077430228077, -21.82061500438757 ], [ -50.050958826193742, -21.820575137494256 ], [ -50.05084260337383, -21.820535403205707 ], [ -50.050725392584503, -21.820494677432158 ], [ -50.050609799677211, -21.820453821327526 ], [ -50.050606264754542, -21.820452617571078 ], [ -50.050488833112944, -21.82041413157993 ], [ -50.050373389286236, -21.820373676914123 ], [ -50.050371440055692, -21.820373007744216 ], [ -50.05025544014805, -21.820334007783885 ], [ -50.050150559748211, -21.820605992193666 ], [ -50.050170121919685, -21.820612569139197 ], [ -50.050100499165943, -21.820801421119054 ], [ -50.050013731111214, -21.820770797095943 ], [ -50.050011823098522, -21.820770137028397 ], [ -50.049893823192122, -21.820730137069017 ], [ -50.049775823162683, -21.82069013706792 ], [ -50.04967017673296, -21.82096186290936 ], [ -50.049788176826553, -21.821001862949981 ], [ -50.049905220465931, -21.821041538769176 ], [ -50.050023268874, -21.821083202922267 ], [ -50.050024014953436, -21.821083464196917 ], [ -50.050141438423381, -21.821124263886599 ] ], [ [ -50.052176356784415, -21.821525318672887 ], [ -50.052054548631475, -21.821483384727895 ], [ -50.052051138586116, -21.8214822528791 ], [ -50.051931046921609, -21.821443862929872 ], [ -50.051811937583018, -21.821402519200952 ], [ -50.051811548443744, -21.821402384681701 ], [ -50.051689548539834, -21.821360384724173 ], [ -50.051688804242929, -21.821360130509547 ], [ -50.051568371677099, -21.82131932278995 ], [ -50.05144793748935, -21.821277519196741 ], [ -50.051327134650784, -21.821235587642477 ], [ -50.051207897124591, -21.821193854517926 ], [ -50.05108846094069, -21.821151056561618 ], [ -50.051085421085361, -21.821150001257575 ], [ -50.050965511798104, -21.821109703883991 ], [ -50.050847580047538, -21.821066462251302 ], [ -50.050846136405688, -21.821065940679418 ], [ -50.050780984129602, -21.821042750904866 ], [ -50.050875751378889, -21.82107405794374 ], [ -50.050987135065846, -21.821111848845653 ], [ -50.050988776187296, -21.821112395909939 ], [ -50.051100953950794, -21.821149126690397 ], [ -50.051211308052203, -21.821186568268828 ], [ -50.051321484649158, -21.821225278973493 ], [ -50.051323956658152, -21.821226125177589 ], [ -50.051437334810096, -21.821263917903476 ], [ -50.051546704684249, -21.821301359850899 ], [ -50.051657699826741, -21.821341000981889 ], [ -50.051658911527575, -21.821341428314366 ], [ -50.051770911615286, -21.821380428353702 ], [ -50.051771332396022, -21.821380574226925 ], [ -50.051884121861548, -21.821419501573395 ], [ -50.051995086879941, -21.821458141186994 ], [ -50.052105265838193, -21.821497845324927 ], [ -50.05210569958949, -21.821498000933534 ], [ -50.052217699676106, -21.82153800097365 ], [ -50.052306539108358, -21.821569729357567 ], [ -50.0522987934784, -21.821567126315248 ], [ -50.052176356784415, -21.821525318672887 ] ] ], [ [ [ -50.050534289092653, -21.82039655911591 ], [ -50.05064388672811, -21.820434420125935 ], [ -50.050754092368869, -21.820473141035528 ], [ -50.050865700438273, -21.820513001069305 ], [ -50.050868135367729, -21.820513848878644 ], [ -50.050979925261387, -21.820551777601072 ], [ -50.051089535187394, -21.82058930172866 ], [ -50.051202362263602, -21.820629879896494 ], [ -50.051204715234697, -21.820630705717338 ], [ -50.051315715322346, -21.820668705755839 ], [ -50.051316957041472, -21.820669125247012 ], [ -50.051430335197523, -21.820706917974267 ], [ -50.051540715265986, -21.820744705753608 ], [ -50.051654747770975, -21.8207837168863 ], [ -50.051655549073452, -21.820783988681196 ], [ -50.05176854916342, -21.820821988719832 ], [ -50.05176895693031, -21.820822125243279 ], [ -50.051882143245052, -21.820859854023492 ], [ -50.051994332851635, -21.820898574338525 ], [ -50.051995548989311, -21.820898988678213 ], [ -50.052107546602073, -21.820936651600974 ], [ -50.052220549278132, -21.820976301671298 ], [ -50.052223358803644, -21.82097725865199 ], [ -50.052337343220664, -21.821014923076728 ], [ -50.052449332735996, -21.821053574333597 ], [ -50.052450548875974, -21.821053988674077 ], [ -50.052562755221189, -21.821091721789966 ], [ -50.052676545657661, -21.821131301080985 ], [ -50.052789127581825, -21.821171153098451 ], [ -50.05278996457951, -21.821171446801717 ], [ -50.052904964669622, -21.821211446842085 ], [ -50.052906956647192, -21.821212125233302 ], [ -50.053019363808239, -21.821249594295875 ], [ -50.053132783772867, -21.821290030987495 ], [ -50.053135156168622, -21.821290856105968 ], [ -50.053248538184093, -21.821329307407382 ], [ -50.05335993366468, -21.821369725245322 ], [ -50.053360783591486, -21.821370030941296 ], [ -50.05347578368049, -21.821411030982425 ], [ -50.053476964399593, -21.821411446793103 ], [ -50.053591964489712, -21.821451446833461 ], [ -50.053706964459742, -21.821491446832034 ], [ -50.053821964429744, -21.821531446830615 ], [ -50.053936964399767, -21.821571446829182 ], [ -50.054051964369748, -21.82161144682777 ], [ -50.054052777909064, -21.82161172737699 ], [ -50.054169370690751, -21.821651588166105 ], [ -50.054283964309747, -21.821691446824989 ], [ -50.054286358288444, -21.821692258634002 ], [ -50.054399772624791, -21.821729734684418 ], [ -50.054514199528811, -21.821770178684865 ], [ -50.054518144979667, -21.821771516377407 ], [ -50.054634751267642, -21.82180938851349 ], [ -50.054749157140911, -21.82184719220151 ], [ -50.054865956278334, -21.821886125255769 ], [ -50.054866358148395, -21.821886258629771 ], [ -50.054981358240695, -21.821924258668567 ], [ -50.054981754329468, -21.821924388985689 ], [ -50.055097754422917, -21.821962389024549 ], [ -50.055098571123267, -21.821962654174385 ], [ -50.055212963762806, -21.821999458770925 ], [ -50.05532695803231, -21.82203712645072 ], [ -50.055442558781564, -21.822075992228267 ], [ -50.055445794556888, -21.822077042498488 ], [ -50.055560794651292, -21.822113042535666 ], [ -50.055659205250222, -21.821838957444051 ], [ -50.055545829453152, -21.821803465898405 ], [ -50.055431441207105, -21.821765007788962 ], [ -50.055430641738518, -21.821764741311735 ], [ -50.05531564183083, -21.821726741350524 ], [ -50.055314428682884, -21.821726345766539 ], [ -50.055199837522501, -21.821689477314344 ], [ -50.055084443705617, -21.821651675899684 ], [ -50.054969842784828, -21.821613807777595 ], [ -50.054853043712107, -21.821574874761808 ], [ -50.054852641601236, -21.821574741307938 ], [ -50.054737641693535, -21.821536741346726 ], [ -50.054736854824533, -21.821536483562284 ], [ -50.054621837354205, -21.821499127469714 ], [ -50.054507800453941, -21.821458821332271 ], [ -50.0545046415168, -21.821457741305313 ], [ -50.054390842172872, -21.821420138052563 ], [ -50.054277035674126, -21.82138055319184 ], [ -50.05427622189351, -21.82138027255953 ], [ -50.054159629175523, -21.821340411810294 ], [ -50.054085672879907, -21.821314687898582 ], [ -50.054163760190534, -21.821340066268611 ], [ -50.054281413899353, -21.821380602428846 ], [ -50.054283734525931, -21.821381382415648 ], [ -50.054402734621782, -21.821420382455518 ], [ -50.054520953971441, -21.821459126620891 ], [ -50.054638176416027, -21.82149886305125 ], [ -50.054638956424071, -21.821499125255283 ], [ -50.054758566015259, -21.821538995127913 ], [ -50.054876176357133, -21.82157886304908 ], [ -50.054877338393752, -21.821579252069714 ], [ -50.054997756516613, -21.821619059722579 ], [ -50.055115176298209, -21.821658863046935 ], [ -50.055117530032305, -21.821659640919215 ], [ -50.055234547206616, -21.821697324424562 ], [ -50.055352372471589, -21.821736929564018 ], [ -50.055470176211294, -21.821776863043873 ], [ -50.055575823684372, -21.821505136933457 ], [ -50.055457823777992, -21.821465136974044 ], [ -50.0554574308741, -21.821465004346205 ], [ -50.055338430968888, -21.821425004386878 ], [ -50.055336469771383, -21.821424359020664 ], [ -50.0552196500919, -21.821386739132489 ], [ -50.055102823691072, -21.821347136970964 ], [ -50.055101661406688, -21.821346747867562 ], [ -50.054981243351691, -21.821306940255031 ], [ -50.054863823632147, -21.821267136968828 ], [ -50.054863043376884, -21.821266874681811 ], [ -50.054743433852217, -21.82122700484917 ], [ -50.054625823573254, -21.82118713696665 ], [ -50.05462426530439, -21.821186617523551 ], [ -50.054505265400238, -21.821147617563412 ], [ -50.054387429011122, -21.821108998923783 ], [ -50.054269586088786, -21.821068397589375 ], [ -50.054266884343605, -21.821067493217008 ], [ -50.054148440674766, -21.821028999033626 ], [ -50.054031985118108, -21.820988535670686 ], [ -50.05402965142261, -21.820987744645201 ], [ -50.053911656239173, -21.820948746245623 ], [ -50.053791826444368, -21.820909133099491 ], [ -50.053674985028081, -21.82086853566684 ], [ -50.05367146937742, -21.820867359011167 ], [ -50.053554452261608, -21.820829675541752 ], [ -50.053436626927443, -21.820790070395784 ], [ -50.053318823251388, -21.820750136955041 ], [ -50.05320082322195, -21.820710136953924 ], [ -50.053200430321738, -21.820710004327317 ], [ -50.05308202876811, -21.820670205494807 ], [ -50.052967382248262, -21.820630672221018 ], [ -50.052850136211674, -21.820588940590103 ], [ -50.05284626487493, -21.820587617511041 ], [ -50.052728833236557, -21.820549131520959 ], [ -50.052613594628774, -21.82050874876953 ], [ -50.052497799713215, -21.820467821265495 ], [ -50.052495822920214, -21.820467136905052 ], [ -50.052379189665743, -21.820427600217986 ], [ -50.052263546847193, -21.820386087420292 ], [ -50.052146546814996, -21.82034408741842 ], [ -50.052143042707371, -21.82034287465936 ], [ -50.052028012841483, -21.820304531379993 ], [ -50.051913963247713, -21.82026323757027 ], [ -50.051912034727216, -21.82026255308163 ], [ -50.051797792202272, -21.820222816560506 ], [ -50.051681546689856, -21.82018108741147 ], [ -50.051679624965644, -21.820180411188975 ], [ -50.051564007408508, -21.820140543074956 ], [ -50.051447802712921, -21.820099821780605 ], [ -50.051333215516827, -21.820058968963352 ], [ -50.051328853784185, -21.820057483500467 ], [ -50.051213450466655, -21.820020002089905 ], [ -50.051100034635851, -21.819980553113481 ], [ -50.051099624816629, -21.819980411182453 ], [ -50.050983829804146, -21.819940481876849 ], [ -50.050869034575847, -21.819900553110706 ], [ -50.050866244204919, -21.819899610883375 ], [ -50.050751644197788, -21.819862069510492 ], [ -50.050638453464316, -21.819822698829046 ], [ -50.050525871590665, -21.819782846847303 ], [ -50.050418359200393, -21.820047658262773 ], [ -50.050417287958929, -21.820047294805484 ], [ -50.050307710715046, -21.820009440856843 ], [ -50.050200289179202, -21.82028055911983 ], [ -50.050310289265681, -21.820318559158235 ], [ -50.050311135511116, -21.820318848884671 ], [ -50.050421914208961, -21.820356434523156 ], [ -50.050532700527746, -21.820396001074155 ], [ -50.050534289092653, -21.82039655911591 ] ] ] ] } }
]
}
